seed,scenario,round,security_status,result_category,reporting_group,claim_scope,implementation_status,crypto_backend,governance_enforced,governance_policy_version,evidence_manifest_hash,session_security_decision_hash,risk_assessment_hash,session_security_tier,unified_required_security_class,unified_required_security_tier,executed_profile_security_class,executed_profile_security_tier,client_phase1_tier_counts_json,runtime_profile_is_governance_selected,runtime_profile_deployment_compliant,runtime_profile_relation_to_unified_requirement,session_security_class,session_epoch,execution_mode,computed_strictest_security_class,computed_strictest_security_tier,benchmark_declared_tier,tier_selection_basis,xmk_decryption_policy,noise_metric_label,observed_relative_decryption_error,observed_max_abs_decryption_error,t4_model_update_recipient_id,t4_recipient_validation_policy,t4_recipient_count,t4_recipients_validated,t4_recipient_fidelity_failures,t4_all_recipients_passed,t4_worst_recipient_id,t4_recipient_diagnostics_json,aggregate_applied,aggregation_failure_reason,aggregate_fidelity_policy,aggregate_fidelity_tolerance_scope,aggregate_fidelity_checked,aggregate_fidelity_required,aggregate_fidelity_status,aggregate_relative_error,aggregate_max_abs_error,aggregate_rmse,aggregate_expected_norm,aggregate_recovered_norm,aggregate_fidelity_relative_tolerance,aggregate_fidelity_absolute_tolerance,aggregate_fidelity_rmse_tolerance,aggregate_fidelity_relative_pass,aggregate_fidelity_absolute_pass,aggregate_fidelity_rmse_pass,aggregate_fidelity_relative_is_diagnostic_only,aggregate_fidelity_acceptance_rule,accuracy,f1,precision,recall,balanced_accuracy,mcc,roc_auc,pr_auc,average_precision,recall_at_fpr_0.005,achieved_fpr_at_0.005,recall_at_fpr_0.01,achieved_fpr_at_0.01,true_negatives,false_positives,false_negatives,true_positives,false_positive_rate,false_negative_rate,fraud_recall,optimal_threshold,debug_optimal_threshold,constraint_type,constraint_value,validation_accuracy,validation_f1,validation_precision,validation_recall,validation_balanced_accuracy,validation_mcc,validation_roc_auc,validation_pr_auc,validation_average_precision,validation_recall_at_fpr_0.005,validation_achieved_fpr_at_0.005,validation_recall_at_fpr_0.01,validation_achieved_fpr_at_0.01,validation_true_negatives,validation_false_positives,validation_false_negatives,validation_true_positives,validation_false_positive_rate,validation_false_negative_rate,validation_fraud_recall,validation_optimal_threshold,validation_constraint_type,validation_constraint_value,metric_diag_version,metric_diag_is_final_round,metric_diag_reference_scenario,metric_diag_status,metric_diag_ap_current_full_precision,metric_diag_ap_reference_full_precision,metric_diag_delta_ap,metric_diag_f1_current_full_precision,metric_diag_f1_reference_full_precision,metric_diag_delta_f1,metric_diag_mcc_current_full_precision,metric_diag_mcc_reference_full_precision,metric_diag_delta_mcc,metric_diag_threshold_current,metric_diag_threshold_reference,metric_diag_delta_threshold,metric_diag_model_parameter_l2_delta,metric_diag_model_parameter_max_abs_delta,metric_diag_probability_max_abs_delta,metric_diag_probability_mean_abs_delta,metric_diag_probability_rmse,metric_diag_prediction_disagreement_count,metric_diag_prediction_disagreement_rate,metric_diag_binary_predictions_exact_match,baseline_accuracy,runtime_s,local_training_total_ms,protocol_control_total_ms,crypto_session_setup_ms,crypto_seed_setup_ms,df_setup_matrix_material_bytes,crypto_client_operation_total_ms,crypto_server_operation_total_ms,model_update_plain_bytes,protected_update_uplink_bytes,protected_update_mean_bytes_per_client,comm_up_bytes,comm_down_bytes,comm_total_bytes,comm_setup_key_material_bytes,comm_setup_key_material_status,t2_auxiliary_weight_ciphertext_uplink_bytes,t2_aggregate_ciphertext_downlink_bytes,t2_cloud_multiply_KS_aggregate_ms,t2_authorized_decryption_ms,communication_metric_label,communication_payload_scope,protected_update_payload_scope,communication_is_wire_capture,role_execution_model,t2_protocol_boundary_policy,crypto_overhead_ms,crypto_total_overhead_ms,crypto_path_total_ms,crypto_timing_metric_label,crypto_timing_excludes,noise_std,cumulative_noise,n_clients,effective_clients,enforcement_failures,mechanism,comm_factor,crypto_type,xmk_shares_available,xmk_shares_required,xmk_round_failed,t4_samk_server_known_helper_points,t4_samk_required_helper_points,t4_samk_server_plaintext_aggregate_available,samk_dropout_injection_mode,samk_preupload_dropout_count,samk_preupload_dropout_clients_json,samk_removed_dropout_clients_total,samk_postupload_delayed_recipient_id,samk_postupload_delayed_recovery_passed,fraud_rate_global_test,fraud_rate_active_clients,pscore_admitted_mean,pofc_violations_malicious,pofc_violations_benign,signature_violations_malicious,signature_violations_benign,freshness_violations,rate_limit_violations,total_violations,malicious_clients_blocked_this_round,benign_clients_blocked_this_round,malicious_clients_banned_total,benign_clients_banned_total,banned_clients_count,remaining_malicious_clients,remaining_benign_clients,initial_malicious_count,initial_benign_count,attack_detected_this_round,all_malicious_blocked,resource_measurement_policy,resource_measurement_scope,resource_measurement_status,energy_estimation_method,energy_measurement_method,energy_is_hardware_measured,energy_total_joules,energy_total_uj,cpu_package_energy_joules,cpu_package_energy_uj,gpu_energy_joules,gpu_energy_uj,gpu_energy_measurement_method,gpu_power_sample_count,gpu_power_sample_interval_s,gpu_devices_visible,cpu_rapl_domain_count,protocol_payload_energy_joules,protocol_payload_energy_status,co2_emissions_kg,carbon_accounting_status,measurement_wall_time_s,measurement_notes,session_reformed_after_round,post_round_new_session_id,post_round_new_session_decision_hash,post_round_session_epoch,category
7,A1_TADP_admission_only,1,tadp_admission_only_ablation,comparative_experiment,main_comparative,TADP admission-only ablation: uses the fixed TADP-admitted cohort with plain FedAvg and deliberately bypasses TADP-Sec runtime signing/freshness/PoFC and encrypted aggregation.,tadp_admission_only_plain_fedavg,custom_reference_python_prototype,False,,,,,,,,,,{},False,False,,,0,baseline_unenforced,,,,,not_applicable,not_applicable_plain_update_path,,,,not_applicable,0,0,0,False,,{},True,,strict_experiment_side_plaintext_oracle_comparison__max_coordinate_and_rmse_numeric_acceptance_envelope__relative_l2_diagnostic_only__no_plaintext_fallback_after_protected_aggregation_failure,custom_reference_prototype_numeric_acceptance_envelope__max_abs_and_rmse_are_acceptance_gates__relative_l2_is_diagnostic_only__not_a_formal_he_security_or_precision_proof,True,False,PASSED_PLAIN_CONTROL_CHECK,0.0,0.0,0.0,0.30706098120969444,0.30706098120969444,,,,True,True,True,True,finite_and_max_abs_and_rmse,0.9948913310628138,0.36323851203501095,0.23119777158774374,0.8469387755102041,0.9210425447612922,0.4409819050554915,0.9584050523698506,0.6958405038490968,0.6958405038490968,0.8469387755102041,0.004308525604952166,0.8877551020408163,0.00944358469330332,56588,276,15,83,0.004853685987619583,0.15306122448979592,0.8469387755102041,0.0033572442577454314,0.0033572442577454314,fpr,0.005,0.9954354934275494,0.4057142857142857,0.26199261992619927,0.8987341772151899,0.9471688032701582,0.48389245214868054,0.9743243055227049,0.7824616501067495,0.7824616501067495,0.8987341772151899,0.004396570674873599,0.8987341772151899,0.004396570674873599,45290,200,8,71,0.004396570674873599,0.10126582278481013,0.8987341772151899,0.0033572442577454314,fpr,0.005,1.0,False,,NOT_FINAL_ROUND,,,,,,,,,,,,,,,,,,,,False,0.9982795547909132,0.7626200279996738,517.9316209996614,2.3277940003936237,0.0,0.0,0,0.0,0.0,240,2880,240.0,2880,2880,5760,,not_modelled__session_or_evaluation_key_material_excluded_from_round_payload,0,0,0.0,0.0,actual_generated_protocol_object_bytes,plain_model_update_uplink_plus_plain_global_update_broadcast,model_update_ciphertext_only__auxiliary_protocol_objects_are_counted_in_comm_total,False,single_google_colab_node__logical_client_cloud_authorized_recipient_roles,not_applicable,0.0,0.0,0.0,measured_sum_of_client_protection_plus_server_protected_aggregation_plus_authorized_recovery_or_decryption_ms_per_round,local_training__validation_test_evaluation__transport_latency__serialization_framing_not_explicitly_in_crypto_functions,0.0,0.0,12,12,0,plaintext_update_no_noise,1.0,plain_exact,0,0,False,0,0,False,not_applicable,0,[],0,,True,0.0017204452090867595,0.0020311924643947404,3.9572916666666664,0,0,0,0,0,0,0,0,0,0,0,0,0,12,0,12,0,1,fixed_execution_host_runtime_payload_and_machine_specification__no_unmeasured_absolute_energy_or_carbon_claim,sequential_single_host_wall_clock_and_generated_protocol_object_bytes__machine_specification_recorded__transport_network_facility_energy_not_measured,runtime_payload_measured__energy_not_instrumented,not_reported_without_direct_hardware_energy_instrumentation,not_reported,False,,,,,,,not_reported,0,0.25,not_probed,0,,not_reported__no_valid_colab_network_or_device_energy_scope,,not_reported__no_direct_facility_or_grid_carbon_measurement,0.7625813439999547,Absolute energy and carbon are not reported because direct hardware energy instrumentation is disabled.,False,,,,GOVERNANCE
7,A1_TADP_admission_only,2,tadp_admission_only_ablation,comparative_experiment,main_comparative,TADP admission-only ablation: uses the fixed TADP-admitted cohort with plain FedAvg and deliberately bypasses TADP-Sec runtime signing/freshness/PoFC and encrypted aggregation.,tadp_admission_only_plain_fedavg,custom_reference_python_prototype,False,,,,,,,,,,{},False,False,,,0,baseline_unenforced,,,,,not_applicable,not_applicable_plain_update_path,,,,not_applicable,0,0,0,False,,{},True,,strict_experiment_side_plaintext_oracle_comparison__max_coordinate_and_rmse_numeric_acceptance_envelope__relative_l2_diagnostic_only__no_plaintext_fallback_after_protected_aggregation_failure,custom_reference_prototype_numeric_acceptance_envelope__max_abs_and_rmse_are_acceptance_gates__relative_l2_is_diagnostic_only__not_a_formal_he_security_or_precision_proof,True,False,PASSED_PLAIN_CONTROL_CHECK,0.0,0.0,0.0,0.28198810038023,0.28198810038023,,,,True,True,True,True,finite_and_max_abs_and_rmse,0.998139110284049,0.6102941176470589,0.47701149425287354,0.8469387755102041,0.9226692329998967,0.6348329519254668,0.9686559697035821,0.7167730998635443,0.7167730998635443,0.8877551020408163,0.00371060776589758,0.8877551020408163,0.00371060776589758,56773,91,15,83,0.0016003095104108048,0.15306122448979592,0.8469387755102041,0.005239821066564982,0.005239821066564982,fpr,0.005,0.9983541442647413,0.6543778801843319,0.5144927536231884,0.8987341772151899,0.9486306630195536,0.6793205800770025,0.9805947057497684,0.8184948844349774,0.8184948844349774,0.8987341772151899,0.0014728511760826555,0.8987341772151899,0.0014728511760826555,45423,67,8,71,0.0014728511760826555,0.10126582278481013,0.8987341772151899,0.005239821066564982,fpr,0.005,1.0,False,,NOT_FINAL_ROUND,,,,,,,,,,,,,,,,,,,,False,0.9982795547909132,0.79159051500028,544.8383180005294,2.299823001067125,0.0,0.0,0,0.0,0.0,240,2880,240.0,2880,2880,5760,,not_modelled__session_or_evaluation_key_material_excluded_from_round_payload,0,0,0.0,0.0,actual_generated_protocol_object_bytes,plain_model_update_uplink_plus_plain_global_update_broadcast,model_update_ciphertext_only__auxiliary_protocol_objects_are_counted_in_comm_total,False,single_google_colab_node__logical_client_cloud_authorized_recipient_roles,not_applicable,0.0,0.0,0.0,measured_sum_of_client_protection_plus_server_protected_aggregation_plus_authorized_recovery_or_decryption_ms_per_round,local_training__validation_test_evaluation__transport_latency__serialization_framing_not_explicitly_in_crypto_functions,0.0,0.0,12,12,0,plaintext_update_no_noise,1.0,plain_exact,0,0,False,0,0,False,not_applicable,0,[],0,,True,0.0017204452090867595,0.0020311924643947404,3.9572916666666664,0,0,0,0,0,0,0,0,0,0,0,0,0,12,0,12,0,1,fixed_execution_host_runtime_payload_and_machine_specification__no_unmeasured_absolute_energy_or_carbon_claim,sequential_single_host_wall_clock_and_generated_protocol_object_bytes__machine_specification_recorded__transport_network_facility_energy_not_measured,runtime_payload_measured__energy_not_instrumented,not_reported_without_direct_hardware_energy_instrumentation,not_reported,False,,,,,,,not_reported,0,0.25,not_probed,0,,not_reported__no_valid_colab_network_or_device_energy_scope,,not_reported__no_direct_facility_or_grid_carbon_measurement,0.7915558750000855,Absolute energy and carbon are not reported because direct hardware energy instrumentation is disabled.,False,,,,GOVERNANCE
7,A1_TADP_admission_only,3,tadp_admission_only_ablation,comparative_experiment,main_comparative,TADP admission-only ablation: uses the fixed TADP-admitted cohort with plain FedAvg and deliberately bypasses TADP-Sec runtime signing/freshness/PoFC and encrypted aggregation.,tadp_admission_only_plain_fedavg,custom_reference_python_prototype,False,,,,,,,,,,{},False,False,,,0,baseline_unenforced,,,,,not_applicable,not_applicable_plain_update_path,,,,not_applicable,0,0,0,False,,{},True,,strict_experiment_side_plaintext_oracle_comparison__max_coordinate_and_rmse_numeric_acceptance_envelope__relative_l2_diagnostic_only__no_plaintext_fallback_after_protected_aggregation_failure,custom_reference_prototype_numeric_acceptance_envelope__max_abs_and_rmse_are_acceptance_gates__relative_l2_is_diagnostic_only__not_a_formal_he_security_or_precision_proof,True,False,PASSED_PLAIN_CONTROL_CHECK,0.0,0.0,0.0,0.24662094734228884,0.24662094734228884,,,,True,True,True,True,finite_and_max_abs_and_rmse,0.9987886661282961,0.7063829787234043,0.6058394160583942,0.8469387755102041,0.9229945706476175,0.7157585158546602,0.9742990436185729,0.7223906170955051,0.7223906170955051,0.8877551020408163,0.0023389138998311763,0.8877551020408163,0.0023389138998311763,56810,54,15,83,0.0009496342149690489,0.15306122448979592,0.8469387755102041,0.007808458861499852,0.007808458861499852,fpr,0.005,0.9988588733568874,0.7319587628865979,0.6173913043478261,0.8987341772151899,0.9488834658333589,0.7443893390329959,0.9843807652815614,0.82203497136192,0.82203497136192,0.8987341772151899,0.0009672455484721916,0.8987341772151899,0.0009672455484721916,45446,44,8,71,0.0009672455484721916,0.10126582278481013,0.8987341772151899,0.007808458861499852,fpr,0.005,1.0,False,,NOT_FINAL_ROUND,,,,,,,,,,,,,,,,,,,,False,0.9982795547909132,0.6859893219998412,527.1534679982324,2.2059200000512647,0.0,0.0,0,0.0,0.0,240,2880,240.0,2880,2880,5760,,not_modelled__session_or_evaluation_key_material_excluded_from_round_payload,0,0,0.0,0.0,actual_generated_protocol_object_bytes,plain_model_update_uplink_plus_plain_global_update_broadcast,model_update_ciphertext_only__auxiliary_protocol_objects_are_counted_in_comm_total,False,single_google_colab_node__logical_client_cloud_authorized_recipient_roles,not_applicable,0.0,0.0,0.0,measured_sum_of_client_protection_plus_server_protected_aggregation_plus_authorized_recovery_or_decryption_ms_per_round,local_training__validation_test_evaluation__transport_latency__serialization_framing_not_explicitly_in_crypto_functions,0.0,0.0,12,12,0,plaintext_update_no_noise,1.0,plain_exact,0,0,False,0,0,False,not_applicable,0,[],0,,True,0.0017204452090867595,0.0020311924643947404,3.9572916666666664,0,0,0,0,0,0,0,0,0,0,0,0,0,12,0,12,0,1,fixed_execution_host_runtime_payload_and_machine_specification__no_unmeasured_absolute_energy_or_carbon_claim,sequential_single_host_wall_clock_and_generated_protocol_object_bytes__machine_specification_recorded__transport_network_facility_energy_not_measured,runtime_payload_measured__energy_not_instrumented,not_reported_without_direct_hardware_energy_instrumentation,not_reported,False,,,,,,,not_reported,0,0.25,not_probed,0,,not_reported__no_valid_colab_network_or_device_energy_scope,,not_reported__no_direct_facility_or_grid_carbon_measurement,0.6859592999999222,Absolute energy and carbon are not reported because direct hardware energy instrumentation is disabled.,False,,,,GOVERNANCE
7,A1_TADP_admission_only,4,tadp_admission_only_ablation,comparative_experiment,main_comparative,TADP admission-only ablation: uses the fixed TADP-admitted cohort with plain FedAvg and deliberately bypasses TADP-Sec runtime signing/freshness/PoFC and encrypted aggregation.,tadp_admission_only_plain_fedavg,custom_reference_python_prototype,False,,,,,,,,,,{},False,False,,,0,baseline_unenforced,,,,,not_applicable,not_applicable_plain_update_path,,,,not_applicable,0,0,0,False,,{},True,,strict_experiment_side_plaintext_oracle_comparison__max_coordinate_and_rmse_numeric_acceptance_envelope__relative_l2_diagnostic_only__no_plaintext_fallback_after_protected_aggregation_failure,custom_reference_prototype_numeric_acceptance_envelope__max_abs_and_rmse_are_acceptance_gates__relative_l2_is_diagnostic_only__not_a_formal_he_security_or_precision_proof,True,False,PASSED_PLAIN_CONTROL_CHECK,0.0,0.0,0.0,0.2069133164943733,0.2069133164943733,,,,True,True,True,True,finite_and_max_abs_and_rmse,0.9988588883817282,0.7186147186147186,0.6240601503759399,0.8469387755102041,0.923029742285209,0.7264769039574972,0.9780173676110849,0.7247543218110398,0.7247543218110398,0.8877551020408163,0.0020223691615081597,0.8877551020408163,0.0020223691615081597,56814,50,15,83,0.0008792909397861565,0.15306122448979592,0.8469387755102041,0.011203842980174033,0.011203842980174033,fpr,0.005,0.9990563760451184,0.7675675675675676,0.6698113207547169,0.8987341772151899,0.9489823886735436,0.7754411396718406,0.9864568927375887,0.8233351668930307,0.8233351668930307,0.8987341772151899,0.0007693998681028798,0.8987341772151899,0.0007693998681028798,45455,35,8,71,0.0007693998681028798,0.10126582278481013,0.8987341772151899,0.011203842980174033,fpr,0.005,1.0,False,,NOT_FINAL_ROUND,,,,,,,,,,,,,,,,,,,,False,0.9982795547909132,0.4771611920000396,317.18902400143634,1.8731319996732054,0.0,0.0,0,0.0,0.0,240,2880,240.0,2880,2880,5760,,not_modelled__session_or_evaluation_key_material_excluded_from_round_payload,0,0,0.0,0.0,actual_generated_protocol_object_bytes,plain_model_update_uplink_plus_plain_global_update_broadcast,model_update_ciphertext_only__auxiliary_protocol_objects_are_counted_in_comm_total,False,single_google_colab_node__logical_client_cloud_authorized_recipient_roles,not_applicable,0.0,0.0,0.0,measured_sum_of_client_protection_plus_server_protected_aggregation_plus_authorized_recovery_or_decryption_ms_per_round,local_training__validation_test_evaluation__transport_latency__serialization_framing_not_explicitly_in_crypto_functions,0.0,0.0,12,12,0,plaintext_update_no_noise,1.0,plain_exact,0,0,False,0,0,False,not_applicable,0,[],0,,True,0.0017204452090867595,0.0020311924643947404,3.9572916666666664,0,0,0,0,0,0,0,0,0,0,0,0,0,12,0,12,0,1,fixed_execution_host_runtime_payload_and_machine_specification__no_unmeasured_absolute_energy_or_carbon_claim,sequential_single_host_wall_clock_and_generated_protocol_object_bytes__machine_specification_recorded__transport_network_facility_energy_not_measured,runtime_payload_measured__energy_not_instrumented,not_reported_without_direct_hardware_energy_instrumentation,not_reported,False,,,,,,,not_reported,0,0.25,not_probed,0,,not_reported__no_valid_colab_network_or_device_energy_scope,,not_reported__no_direct_facility_or_grid_carbon_measurement,0.4771356900000683,Absolute energy and carbon are not reported because direct hardware energy instrumentation is disabled.,False,,,,GOVERNANCE
7,A1_TADP_admission_only,5,tadp_admission_only_ablation,comparative_experiment,main_comparative,TADP admission-only ablation: uses the fixed TADP-admitted cohort with plain FedAvg and deliberately bypasses TADP-Sec runtime signing/freshness/PoFC and encrypted aggregation.,tadp_admission_only_plain_fedavg,custom_reference_python_prototype,False,,,,,,,,,,{},False,False,,,0,baseline_unenforced,,,,,not_applicable,not_applicable_plain_update_path,,,,not_applicable,0,0,0,False,,{},True,,strict_experiment_side_plaintext_oracle_comparison__max_coordinate_and_rmse_numeric_acceptance_envelope__relative_l2_diagnostic_only__no_plaintext_fallback_after_protected_aggregation_failure,custom_reference_prototype_numeric_acceptance_envelope__max_abs_and_rmse_are_acceptance_gates__relative_l2_is_diagnostic_only__not_a_formal_he_security_or_precision_proof,True,False,PASSED_PLAIN_CONTROL_CHECK,0.0,0.0,0.0,0.16535044464885496,0.16535044464885496,,,,True,True,True,True,finite_and_max_abs_and_rmse,0.9988588883817282,0.7186147186147186,0.6240601503759399,0.8469387755102041,0.923029742285209,0.7264769039574972,0.9791785699929944,0.7255192212540008,0.7255192212540008,0.8877551020408163,0.0018465109735509285,0.8877551020408163,0.0018465109735509285,56814,50,15,83,0.0008792909397861565,0.15306122448979592,0.8469387755102041,0.015345112845754532,0.015345112845754532,fpr,0.005,0.999100265531392,0.7759562841530054,0.6826923076923077,0.8987341772151899,0.9490043715269179,0.7828829081845824,0.9862270467010416,0.822350220598562,0.822350220598562,0.8987341772151899,0.0007254341613541438,0.8987341772151899,0.0007254341613541438,45457,33,8,71,0.0007254341613541438,0.10126582278481013,0.8987341772151899,0.015345112845754532,fpr,0.005,1.0,False,,NOT_FINAL_ROUND,,,,,,,,,,,,,,,,,,,,False,0.9982795547909132,0.4995491959998617,337.99037699964174,1.9735539999601315,0.0,0.0,0,0.0,0.0,240,2880,240.0,2880,2880,5760,,not_modelled__session_or_evaluation_key_material_excluded_from_round_payload,0,0,0.0,0.0,actual_generated_protocol_object_bytes,plain_model_update_uplink_plus_plain_global_update_broadcast,model_update_ciphertext_only__auxiliary_protocol_objects_are_counted_in_comm_total,False,single_google_colab_node__logical_client_cloud_authorized_recipient_roles,not_applicable,0.0,0.0,0.0,measured_sum_of_client_protection_plus_server_protected_aggregation_plus_authorized_recovery_or_decryption_ms_per_round,local_training__validation_test_evaluation__transport_latency__serialization_framing_not_explicitly_in_crypto_functions,0.0,0.0,12,12,0,plaintext_update_no_noise,1.0,plain_exact,0,0,False,0,0,False,not_applicable,0,[],0,,True,0.0017204452090867595,0.0020311924643947404,3.9572916666666664,0,0,0,0,0,0,0,0,0,0,0,0,0,12,0,12,0,1,fixed_execution_host_runtime_payload_and_machine_specification__no_unmeasured_absolute_energy_or_carbon_claim,sequential_single_host_wall_clock_and_generated_protocol_object_bytes__machine_specification_recorded__transport_network_facility_energy_not_measured,runtime_payload_measured__energy_not_instrumented,not_reported_without_direct_hardware_energy_instrumentation,not_reported,False,,,,,,,not_reported,0,0.25,not_probed,0,,not_reported__no_valid_colab_network_or_device_energy_scope,,not_reported__no_direct_facility_or_grid_carbon_measurement,0.49952199500012284,Absolute energy and carbon are not reported because direct hardware energy instrumentation is disabled.,False,,,,GOVERNANCE
7,A1_TADP_admission_only,6,tadp_admission_only_ablation,comparative_experiment,main_comparative,TADP admission-only ablation: uses the fixed TADP-admitted cohort with plain FedAvg and deliberately bypasses TADP-Sec runtime signing/freshness/PoFC and encrypted aggregation.,tadp_admission_only_plain_fedavg,custom_reference_python_prototype,False,,,,,,,,,,{},False,False,,,0,baseline_unenforced,,,,,not_applicable,not_applicable_plain_update_path,,,,not_applicable,0,0,0,False,,{},True,,strict_experiment_side_plaintext_oracle_comparison__max_coordinate_and_rmse_numeric_acceptance_envelope__relative_l2_diagnostic_only__no_plaintext_fallback_after_protected_aggregation_failure,custom_reference_prototype_numeric_acceptance_envelope__max_abs_and_rmse_are_acceptance_gates__relative_l2_is_diagnostic_only__not_a_formal_he_security_or_precision_proof,True,False,PASSED_PLAIN_CONTROL_CHECK,0.0,0.0,0.0,0.12664255101793415,0.12664255101793415,,,,True,True,True,True,finite_and_max_abs_and_rmse,0.9988588883817282,0.721030042918455,0.6222222222222222,0.8571428571428571,0.9281229901921376,0.7297700531077194,0.9793808069091451,0.7260607502093103,0.7260607502093103,0.8877551020408163,0.0018289251547552053,0.8877551020408163,0.0018289251547552053,56813,51,14,84,0.0008968767585818796,0.14285714285714285,0.8571428571428571,0.01977995987136257,0.01977995987136257,fpr,0.005,0.9991660997608023,0.7888888888888889,0.7029702970297029,0.8987341772151899,0.9490373458069794,0.7944569329707268,0.9857514935818416,0.8228163177301937,0.8228163177301937,0.8987341772151899,0.0006594856012310398,0.8987341772151899,0.0006594856012310398,45460,30,8,71,0.0006594856012310398,0.10126582278481013,0.8987341772151899,0.01977995987136257,fpr,0.005,1.0,False,,NOT_FINAL_ROUND,,,,,,,,,,,,,,,,,,,,False,0.9982795547909132,0.4746314940002776,316.8770960000984,1.7310579996774322,0.0,0.0,0,0.0,0.0,240,2880,240.0,2880,2880,5760,,not_modelled__session_or_evaluation_key_material_excluded_from_round_payload,0,0,0.0,0.0,actual_generated_protocol_object_bytes,plain_model_update_uplink_plus_plain_global_update_broadcast,model_update_ciphertext_only__auxiliary_protocol_objects_are_counted_in_comm_total,False,single_google_colab_node__logical_client_cloud_authorized_recipient_roles,not_applicable,0.0,0.0,0.0,measured_sum_of_client_protection_plus_server_protected_aggregation_plus_authorized_recovery_or_decryption_ms_per_round,local_training__validation_test_evaluation__transport_latency__serialization_framing_not_explicitly_in_crypto_functions,0.0,0.0,12,12,0,plaintext_update_no_noise,1.0,plain_exact,0,0,False,0,0,False,not_applicable,0,[],0,,True,0.0017204452090867595,0.0020311924643947404,3.9572916666666664,0,0,0,0,0,0,0,0,0,0,0,0,0,12,0,12,0,1,fixed_execution_host_runtime_payload_and_machine_specification__no_unmeasured_absolute_energy_or_carbon_claim,sequential_single_host_wall_clock_and_generated_protocol_object_bytes__machine_specification_recorded__transport_network_facility_energy_not_measured,runtime_payload_measured__energy_not_instrumented,not_reported_without_direct_hardware_energy_instrumentation,not_reported,False,,,,,,,not_reported,0,0.25,not_probed,0,,not_reported__no_valid_colab_network_or_device_energy_scope,,not_reported__no_direct_facility_or_grid_carbon_measurement,0.47460490999992544,Absolute energy and carbon are not reported because direct hardware energy instrumentation is disabled.,False,,,,GOVERNANCE
7,A1_TADP_admission_only,7,tadp_admission_only_ablation,comparative_experiment,main_comparative,TADP admission-only ablation: uses the fixed TADP-admitted cohort with plain FedAvg and deliberately bypasses TADP-Sec runtime signing/freshness/PoFC and encrypted aggregation.,tadp_admission_only_plain_fedavg,custom_reference_python_prototype,False,,,,,,,,,,{},False,False,,,0,baseline_unenforced,,,,,not_applicable,not_applicable_plain_update_path,,,,not_applicable,0,0,0,False,,{},True,,strict_experiment_side_plaintext_oracle_comparison__max_coordinate_and_rmse_numeric_acceptance_envelope__relative_l2_diagnostic_only__no_plaintext_fallback_after_protected_aggregation_failure,custom_reference_prototype_numeric_acceptance_envelope__max_abs_and_rmse_are_acceptance_gates__relative_l2_is_diagnostic_only__not_a_formal_he_security_or_precision_proof,True,False,PASSED_PLAIN_CONTROL_CHECK,0.0,0.0,0.0,0.09963719185454085,0.09963719185454085,,,,True,True,True,True,finite_and_max_abs_and_rmse,0.9988588883817282,0.721030042918455,0.6222222222222222,0.8571428571428571,0.9281229901921376,0.7297700531077194,0.9793793713321006,0.7265867074804477,0.7265867074804477,0.8877551020408163,0.0017937535171637592,0.8877551020408163,0.0017937535171637592,56813,51,14,84,0.0008968767585818796,0.14285714285714285,0.8571428571428571,0.02449535525667706,0.02449535525667706,fpr,0.005,0.9991660997608023,0.7888888888888889,0.7029702970297029,0.8987341772151899,0.9490373458069794,0.7944569329707268,0.9852959754682488,0.8231592809713695,0.8231592809713695,0.8987341772151899,0.0006594856012310398,0.8987341772151899,0.0006594856012310398,45460,30,8,71,0.0006594856012310398,0.10126582278481013,0.8987341772151899,0.02449535525667706,fpr,0.005,1.0,False,,NOT_FINAL_ROUND,,,,,,,,,,,,,,,,,,,,False,0.9982795547909132,0.47653636199993343,316.6133709996757,1.8362499990871584,0.0,0.0,0,0.0,0.0,240,2880,240.0,2880,2880,5760,,not_modelled__session_or_evaluation_key_material_excluded_from_round_payload,0,0,0.0,0.0,actual_generated_protocol_object_bytes,plain_model_update_uplink_plus_plain_global_update_broadcast,model_update_ciphertext_only__auxiliary_protocol_objects_are_counted_in_comm_total,False,single_google_colab_node__logical_client_cloud_authorized_recipient_roles,not_applicable,0.0,0.0,0.0,measured_sum_of_client_protection_plus_server_protected_aggregation_plus_authorized_recovery_or_decryption_ms_per_round,local_training__validation_test_evaluation__transport_latency__serialization_framing_not_explicitly_in_crypto_functions,0.0,0.0,12,12,0,plaintext_update_no_noise,1.0,plain_exact,0,0,False,0,0,False,not_applicable,0,[],0,,True,0.0017204452090867595,0.0020311924643947404,3.9572916666666664,0,0,0,0,0,0,0,0,0,0,0,0,0,12,0,12,0,1,fixed_execution_host_runtime_payload_and_machine_specification__no_unmeasured_absolute_energy_or_carbon_claim,sequential_single_host_wall_clock_and_generated_protocol_object_bytes__machine_specification_recorded__transport_network_facility_energy_not_measured,runtime_payload_measured__energy_not_instrumented,not_reported_without_direct_hardware_energy_instrumentation,not_reported,False,,,,,,,not_reported,0,0.25,not_probed,0,,not_reported__no_valid_colab_network_or_device_energy_scope,,not_reported__no_direct_facility_or_grid_carbon_measurement,0.4764923259999705,Absolute energy and carbon are not reported because direct hardware energy instrumentation is disabled.,False,,,,GOVERNANCE
7,A1_TADP_admission_only,8,tadp_admission_only_ablation,comparative_experiment,main_comparative,TADP admission-only ablation: uses the fixed TADP-admitted cohort with plain FedAvg and deliberately bypasses TADP-Sec runtime signing/freshness/PoFC and encrypted aggregation.,tadp_admission_only_plain_fedavg,custom_reference_python_prototype,False,,,,,,,,,,{},False,False,,,0,baseline_unenforced,,,,,not_applicable,not_applicable_plain_update_path,,,,not_applicable,0,0,0,False,,{},True,,strict_experiment_side_plaintext_oracle_comparison__max_coordinate_and_rmse_numeric_acceptance_envelope__relative_l2_diagnostic_only__no_plaintext_fallback_after_protected_aggregation_failure,custom_reference_prototype_numeric_acceptance_envelope__max_abs_and_rmse_are_acceptance_gates__relative_l2_is_diagnostic_only__not_a_formal_he_security_or_precision_proof,True,False,PASSED_PLAIN_CONTROL_CHECK,0.0,0.0,0.0,0.06982787314653102,0.06982787314653102,,,,True,True,True,True,finite_and_max_abs_and_rmse,0.9988764439450862,0.7241379310344828,0.6268656716417911,0.8571428571428571,0.9281317831015354,0.7324966133977643,0.9793258960871911,0.7266179859453277,0.7266179859453277,0.8877551020408163,0.001776167698368036,0.8877551020408163,0.001776167698368036,56814,50,14,84,0.0008792909397861565,0.14285714285714285,0.8571428571428571,0.02861765565525903,0.02861765565525903,fpr,0.005,0.9991660997608023,0.7888888888888889,0.7029702970297029,0.8987341772151899,0.9490373458069794,0.7944569329707268,0.9848986145237095,0.8231691152870108,0.8231691152870108,0.8987341772151899,0.0006594856012310398,0.8987341772151899,0.0006594856012310398,45460,30,8,71,0.0006594856012310398,0.10126582278481013,0.8987341772151899,0.02861765565525903,fpr,0.005,1.0,False,,NOT_FINAL_ROUND,,,,,,,,,,,,,,,,,,,,False,0.9982795547909132,0.4721279590003178,317.0085090014254,1.7264409998460906,0.0,0.0,0,0.0,0.0,240,2880,240.0,2880,2880,5760,,not_modelled__session_or_evaluation_key_material_excluded_from_round_payload,0,0,0.0,0.0,actual_generated_protocol_object_bytes,plain_model_update_uplink_plus_plain_global_update_broadcast,model_update_ciphertext_only__auxiliary_protocol_objects_are_counted_in_comm_total,False,single_google_colab_node__logical_client_cloud_authorized_recipient_roles,not_applicable,0.0,0.0,0.0,measured_sum_of_client_protection_plus_server_protected_aggregation_plus_authorized_recovery_or_decryption_ms_per_round,local_training__validation_test_evaluation__transport_latency__serialization_framing_not_explicitly_in_crypto_functions,0.0,0.0,12,12,0,plaintext_update_no_noise,1.0,plain_exact,0,0,False,0,0,False,not_applicable,0,[],0,,True,0.0017204452090867595,0.0020311924643947404,3.9572916666666664,0,0,0,0,0,0,0,0,0,0,0,0,0,12,0,12,0,1,fixed_execution_host_runtime_payload_and_machine_specification__no_unmeasured_absolute_energy_or_carbon_claim,sequential_single_host_wall_clock_and_generated_protocol_object_bytes__machine_specification_recorded__transport_network_facility_energy_not_measured,runtime_payload_measured__energy_not_instrumented,not_reported_without_direct_hardware_energy_instrumentation,not_reported,False,,,,,,,not_reported,0,0.25,not_probed,0,,not_reported__no_valid_colab_network_or_device_energy_scope,,not_reported__no_direct_facility_or_grid_carbon_measurement,0.4721040049998919,Absolute energy and carbon are not reported because direct hardware energy instrumentation is disabled.,False,,,,GOVERNANCE
7,A1_TADP_admission_only,9,tadp_admission_only_ablation,comparative_experiment,main_comparative,TADP admission-only ablation: uses the fixed TADP-admitted cohort with plain FedAvg and deliberately bypasses TADP-Sec runtime signing/freshness/PoFC and encrypted aggregation.,tadp_admission_only_plain_fedavg,custom_reference_python_prototype,False,,,,,,,,,,{},False,False,,,0,baseline_unenforced,,,,,not_applicable,not_applicable_plain_update_path,,,,not_applicable,0,0,0,False,,{},True,,strict_experiment_side_plaintext_oracle_comparison__max_coordinate_and_rmse_numeric_acceptance_envelope__relative_l2_diagnostic_only__no_plaintext_fallback_after_protected_aggregation_failure,custom_reference_prototype_numeric_acceptance_envelope__max_abs_and_rmse_are_acceptance_gates__relative_l2_is_diagnostic_only__not_a_formal_he_security_or_precision_proof,True,False,PASSED_PLAIN_CONTROL_CHECK,0.0,0.0,0.0,0.0544198734795623,0.0544198734795623,,,,True,True,True,True,finite_and_max_abs_and_rmse,0.9988588883817282,0.721030042918455,0.6222222222222222,0.8571428571428571,0.9281229901921376,0.7297700531077194,0.9792559117062695,0.7264914403904722,0.7264914403904722,0.8877551020408163,0.001776167698368036,0.8877551020408163,0.001776167698368036,56813,51,14,84,0.0008968767585818796,0.14285714285714285,0.8571428571428571,0.03258150040841267,0.03258150040841267,fpr,0.005,0.9991660997608023,0.7888888888888889,0.7029702970297029,0.8987341772151899,0.9490373458069794,0.7944569329707268,0.9845624716518584,0.8231794355702782,0.8231794355702782,0.8987341772151899,0.0006594856012310398,0.8987341772151899,0.0006594856012310398,45460,30,8,71,0.0006594856012310398,0.10126582278481013,0.8987341772151899,0.03258150040841267,fpr,0.005,1.0,False,,NOT_FINAL_ROUND,,,,,,,,,,,,,,,,,,,,False,0.9982795547909132,0.48660160800000085,318.5610820000875,1.810896999813849,0.0,0.0,0,0.0,0.0,240,2880,240.0,2880,2880,5760,,not_modelled__session_or_evaluation_key_material_excluded_from_round_payload,0,0,0.0,0.0,actual_generated_protocol_object_bytes,plain_model_update_uplink_plus_plain_global_update_broadcast,model_update_ciphertext_only__auxiliary_protocol_objects_are_counted_in_comm_total,False,single_google_colab_node__logical_client_cloud_authorized_recipient_roles,not_applicable,0.0,0.0,0.0,measured_sum_of_client_protection_plus_server_protected_aggregation_plus_authorized_recovery_or_decryption_ms_per_round,local_training__validation_test_evaluation__transport_latency__serialization_framing_not_explicitly_in_crypto_functions,0.0,0.0,12,12,0,plaintext_update_no_noise,1.0,plain_exact,0,0,False,0,0,False,not_applicable,0,[],0,,True,0.0017204452090867595,0.0020311924643947404,3.9572916666666664,0,0,0,0,0,0,0,0,0,0,0,0,0,12,0,12,0,1,fixed_execution_host_runtime_payload_and_machine_specification__no_unmeasured_absolute_energy_or_carbon_claim,sequential_single_host_wall_clock_and_generated_protocol_object_bytes__machine_specification_recorded__transport_network_facility_energy_not_measured,runtime_payload_measured__energy_not_instrumented,not_reported_without_direct_hardware_energy_instrumentation,not_reported,False,,,,,,,not_reported,0,0.25,not_probed,0,,not_reported__no_valid_colab_network_or_device_energy_scope,,not_reported__no_direct_facility_or_grid_carbon_measurement,0.4865682670001661,Absolute energy and carbon are not reported because direct hardware energy instrumentation is disabled.,False,,,,GOVERNANCE
7,A1_TADP_admission_only,10,tadp_admission_only_ablation,comparative_experiment,main_comparative,TADP admission-only ablation: uses the fixed TADP-admitted cohort with plain FedAvg and deliberately bypasses TADP-Sec runtime signing/freshness/PoFC and encrypted aggregation.,tadp_admission_only_plain_fedavg,custom_reference_python_prototype,False,,,,,,,,,,{},False,False,,,0,baseline_unenforced,,,,,not_applicable,not_applicable_plain_update_path,,,,not_applicable,0,0,0,False,,{},True,,strict_experiment_side_plaintext_oracle_comparison__max_coordinate_and_rmse_numeric_acceptance_envelope__relative_l2_diagnostic_only__no_plaintext_fallback_after_protected_aggregation_failure,custom_reference_prototype_numeric_acceptance_envelope__max_abs_and_rmse_are_acceptance_gates__relative_l2_is_diagnostic_only__not_a_formal_he_security_or_precision_proof,True,False,PASSED_PLAIN_CONTROL_CHECK,0.0,0.0,0.0,0.04024142787202156,0.04024142787202156,,,,True,True,True,True,finite_and_max_abs_and_rmse,0.9988413328183702,0.717948717948718,0.6176470588235294,0.8571428571428571,0.9281141972827398,0.7270735890776542,0.979197053047443,0.726171719940698,0.726171719940698,0.8877551020408163,0.0017937535171637592,0.8877551020408163,0.0017937535171637592,56812,52,14,84,0.0009144625773776027,0.14285714285714285,0.8571428571428571,0.0359000959734804,0.0359000959734804,fpr,0.005,0.9991441550176655,0.7845303867403315,0.696078431372549,0.8987341772151899,0.9490263543802923,0.7905422865495717,0.9842519290649496,0.8231058353771846,0.8231058353771846,0.8987341772151899,0.0006814684546054077,0.8987341772151899,0.0006814684546054077,45459,31,8,71,0.0006814684546054077,0.10126582278481013,0.8987341772151899,0.0359000959734804,fpr,0.005,1.0,False,,NOT_FINAL_ROUND,,,,,,,,,,,,,,,,,,,,False,0.9982795547909132,0.47631636699998126,320.38604800027315,1.9048779995500809,0.0,0.0,0,0.0,0.0,240,2880,240.0,2880,2880,5760,,not_modelled__session_or_evaluation_key_material_excluded_from_round_payload,0,0,0.0,0.0,actual_generated_protocol_object_bytes,plain_model_update_uplink_plus_plain_global_update_broadcast,model_update_ciphertext_only__auxiliary_protocol_objects_are_counted_in_comm_total,False,single_google_colab_node__logical_client_cloud_authorized_recipient_roles,not_applicable,0.0,0.0,0.0,measured_sum_of_client_protection_plus_server_protected_aggregation_plus_authorized_recovery_or_decryption_ms_per_round,local_training__validation_test_evaluation__transport_latency__serialization_framing_not_explicitly_in_crypto_functions,0.0,0.0,12,12,0,plaintext_update_no_noise,1.0,plain_exact,0,0,False,0,0,False,not_applicable,0,[],0,,True,0.0017204452090867595,0.0020311924643947404,3.9572916666666664,0,0,0,0,0,0,0,0,0,0,0,0,0,12,0,12,0,1,fixed_execution_host_runtime_payload_and_machine_specification__no_unmeasured_absolute_energy_or_carbon_claim,sequential_single_host_wall_clock_and_generated_protocol_object_bytes__machine_specification_recorded__transport_network_facility_energy_not_measured,runtime_payload_measured__energy_not_instrumented,not_reported_without_direct_hardware_energy_instrumentation,not_reported,False,,,,,,,not_reported,0,0.25,not_probed,0,,not_reported__no_valid_colab_network_or_device_energy_scope,,not_reported__no_direct_facility_or_grid_carbon_measurement,0.476291652999862,Absolute energy and carbon are not reported because direct hardware energy instrumentation is disabled.,False,,,,GOVERNANCE
7,A1_TADP_admission_only,11,tadp_admission_only_ablation,comparative_experiment,main_comparative,TADP admission-only ablation: uses the fixed TADP-admitted cohort with plain FedAvg and deliberately bypasses TADP-Sec runtime signing/freshness/PoFC and encrypted aggregation.,tadp_admission_only_plain_fedavg,custom_reference_python_prototype,False,,,,,,,,,,{},False,False,,,0,baseline_unenforced,,,,,not_applicable,not_applicable_plain_update_path,,,,not_applicable,0,0,0,False,,{},True,,strict_experiment_side_plaintext_oracle_comparison__max_coordinate_and_rmse_numeric_acceptance_envelope__relative_l2_diagnostic_only__no_plaintext_fallback_after_protected_aggregation_failure,custom_reference_prototype_numeric_acceptance_envelope__max_abs_and_rmse_are_acceptance_gates__relative_l2_is_diagnostic_only__not_a_formal_he_security_or_precision_proof,True,False,PASSED_PLAIN_CONTROL_CHECK,0.0,0.0,0.0,0.028180602574348325,0.028180602574348325,,,,True,True,True,True,finite_and_max_abs_and_rmse,0.9988237772550121,0.7148936170212766,0.6131386861313869,0.8571428571428571,0.9281054043733419,0.724406671212077,0.9791823383827363,0.7260858361481215,0.7260858361481215,0.8877551020408163,0.0017937535171637592,0.8877551020408163,0.0017937535171637592,56811,53,14,84,0.0009320483961733258,0.14285714285714285,0.8571428571428571,0.03855247960514936,0.03855247960514936,fpr,0.005,0.9991441550176655,0.7845303867403315,0.696078431372549,0.8987341772151899,0.9490263543802923,0.7905422865495717,0.9840334918510398,0.8235008034803413,0.8235008034803413,0.8987341772151899,0.0006814684546054077,0.8987341772151899,0.0006814684546054077,45459,31,8,71,0.0006814684546054077,0.10126582278481013,0.8987341772151899,0.03855247960514936,fpr,0.005,1.0,False,,NOT_FINAL_ROUND,,,,,,,,,,,,,,,,,,,,False,0.9982795547909132,0.47824466799966103,322.4171500000921,1.8157489998884557,0.0,0.0,0,0.0,0.0,240,2880,240.0,2880,2880,5760,,not_modelled__session_or_evaluation_key_material_excluded_from_round_payload,0,0,0.0,0.0,actual_generated_protocol_object_bytes,plain_model_update_uplink_plus_plain_global_update_broadcast,model_update_ciphertext_only__auxiliary_protocol_objects_are_counted_in_comm_total,False,single_google_colab_node__logical_client_cloud_authorized_recipient_roles,not_applicable,0.0,0.0,0.0,measured_sum_of_client_protection_plus_server_protected_aggregation_plus_authorized_recovery_or_decryption_ms_per_round,local_training__validation_test_evaluation__transport_latency__serialization_framing_not_explicitly_in_crypto_functions,0.0,0.0,12,12,0,plaintext_update_no_noise,1.0,plain_exact,0,0,False,0,0,False,not_applicable,0,[],0,,True,0.0017204452090867595,0.0020311924643947404,3.9572916666666664,0,0,0,0,0,0,0,0,0,0,0,0,0,12,0,12,0,1,fixed_execution_host_runtime_payload_and_machine_specification__no_unmeasured_absolute_energy_or_carbon_claim,sequential_single_host_wall_clock_and_generated_protocol_object_bytes__machine_specification_recorded__transport_network_facility_energy_not_measured,runtime_payload_measured__energy_not_instrumented,not_reported_without_direct_hardware_energy_instrumentation,not_reported,False,,,,,,,not_reported,0,0.25,not_probed,0,,not_reported__no_valid_colab_network_or_device_energy_scope,,not_reported__no_direct_facility_or_grid_carbon_measurement,0.47821587799990084,Absolute energy and carbon are not reported because direct hardware energy instrumentation is disabled.,False,,,,GOVERNANCE
7,A1_TADP_admission_only,12,tadp_admission_only_ablation,comparative_experiment,main_comparative,TADP admission-only ablation: uses the fixed TADP-admitted cohort with plain FedAvg and deliberately bypasses TADP-Sec runtime signing/freshness/PoFC and encrypted aggregation.,tadp_admission_only_plain_fedavg,custom_reference_python_prototype,False,,,,,,,,,,{},False,False,,,0,baseline_unenforced,,,,,not_applicable,not_applicable_plain_update_path,,,,not_applicable,0,0,0,False,,{},True,,strict_experiment_side_plaintext_oracle_comparison__max_coordinate_and_rmse_numeric_acceptance_envelope__relative_l2_diagnostic_only__no_plaintext_fallback_after_protected_aggregation_failure,custom_reference_prototype_numeric_acceptance_envelope__max_abs_and_rmse_are_acceptance_gates__relative_l2_is_diagnostic_only__not_a_formal_he_security_or_precision_proof,True,False,PASSED_PLAIN_CONTROL_CHECK,0.0,0.0,0.0,0.020844787386553026,0.020844787386553026,,,,True,True,True,True,finite_and_max_abs_and_rmse,0.9988237772550121,0.7148936170212766,0.6131386861313869,0.8571428571428571,0.9281054043733419,0.724406671212077,0.9791401683070527,0.726176939019946,0.726176939019946,0.8877551020408163,0.0017937535171637592,0.8877551020408163,0.0017937535171637592,56811,53,14,84,0.0009320483961733258,0.14285714285714285,0.8571428571428571,0.04060003937444977,0.04060003937444977,fpr,0.005,0.9991441550176655,0.7845303867403315,0.696078431372549,0.8987341772151899,0.9490263543802923,0.7905422865495717,0.9838570724961113,0.8231238700667955,0.8231238700667955,0.8987341772151899,0.0006814684546054077,0.8987341772151899,0.0006814684546054077,45459,31,8,71,0.0006814684546054077,0.10126582278481013,0.8987341772151899,0.04060003937444977,fpr,0.005,1.0,False,,NOT_FINAL_ROUND,,,,,,,,,,,,,,,,,,,,False,0.9982795547909132,0.48986256399984995,333.894945999873,1.8023470006482967,0.0,0.0,0,0.0,0.0,240,2880,240.0,2880,2880,5760,,not_modelled__session_or_evaluation_key_material_excluded_from_round_payload,0,0,0.0,0.0,actual_generated_protocol_object_bytes,plain_model_update_uplink_plus_plain_global_update_broadcast,model_update_ciphertext_only__auxiliary_protocol_objects_are_counted_in_comm_total,False,single_google_colab_node__logical_client_cloud_authorized_recipient_roles,not_applicable,0.0,0.0,0.0,measured_sum_of_client_protection_plus_server_protected_aggregation_plus_authorized_recovery_or_decryption_ms_per_round,local_training__validation_test_evaluation__transport_latency__serialization_framing_not_explicitly_in_crypto_functions,0.0,0.0,12,12,0,plaintext_update_no_noise,1.0,plain_exact,0,0,False,0,0,False,not_applicable,0,[],0,,True,0.0017204452090867595,0.0020311924643947404,3.9572916666666664,0,0,0,0,0,0,0,0,0,0,0,0,0,12,0,12,0,1,fixed_execution_host_runtime_payload_and_machine_specification__no_unmeasured_absolute_energy_or_carbon_claim,sequential_single_host_wall_clock_and_generated_protocol_object_bytes__machine_specification_recorded__transport_network_facility_energy_not_measured,runtime_payload_measured__energy_not_instrumented,not_reported_without_direct_hardware_energy_instrumentation,not_reported,False,,,,,,,not_reported,0,0.25,not_probed,0,,not_reported__no_valid_colab_network_or_device_energy_scope,,not_reported__no_direct_facility_or_grid_carbon_measurement,0.4898371509998469,Absolute energy and carbon are not reported because direct hardware energy instrumentation is disabled.,False,,,,GOVERNANCE
7,A1_TADP_admission_only,13,tadp_admission_only_ablation,comparative_experiment,main_comparative,TADP admission-only ablation: uses the fixed TADP-admitted cohort with plain FedAvg and deliberately bypasses TADP-Sec runtime signing/freshness/PoFC and encrypted aggregation.,tadp_admission_only_plain_fedavg,custom_reference_python_prototype,False,,,,,,,,,,{},False,False,,,0,baseline_unenforced,,,,,not_applicable,not_applicable_plain_update_path,,,,not_applicable,0,0,0,False,,{},True,,strict_experiment_side_plaintext_oracle_comparison__max_coordinate_and_rmse_numeric_acceptance_envelope__relative_l2_diagnostic_only__no_plaintext_fallback_after_protected_aggregation_failure,custom_reference_prototype_numeric_acceptance_envelope__max_abs_and_rmse_are_acceptance_gates__relative_l2_is_diagnostic_only__not_a_formal_he_security_or_precision_proof,True,False,PASSED_PLAIN_CONTROL_CHECK,0.0,0.0,0.0,0.014534338032828541,0.014534338032828541,,,,True,True,True,True,finite_and_max_abs_and_rmse,0.9988237772550121,0.7148936170212766,0.6131386861313869,0.8571428571428571,0.9281054043733419,0.724406671212077,0.9791392710713999,0.726080249225663,0.726080249225663,0.8877551020408163,0.0018113393359594824,0.8877551020408163,0.0018113393359594824,56811,53,14,84,0.0009320483961733258,0.14285714285714285,0.8571428571428571,0.042286488578455746,0.042286488578455746,fpr,0.005,0.9991441550176655,0.7845303867403315,0.696078431372549,0.8987341772151899,0.9490263543802923,0.7905422865495717,0.9836884445322522,0.8231252687633066,0.8231252687633066,0.8987341772151899,0.0006814684546054077,0.8987341772151899,0.0006814684546054077,45459,31,8,71,0.0006814684546054077,0.10126582278481013,0.8987341772151899,0.042286488578455746,fpr,0.005,1.0,False,,NOT_FINAL_ROUND,,,,,,,,,,,,,,,,,,,,False,0.9982795547909132,0.47414868299983937,314.28825599959964,1.7171119993690809,0.0,0.0,0,0.0,0.0,240,2880,240.0,2880,2880,5760,,not_modelled__session_or_evaluation_key_material_excluded_from_round_payload,0,0,0.0,0.0,actual_generated_protocol_object_bytes,plain_model_update_uplink_plus_plain_global_update_broadcast,model_update_ciphertext_only__auxiliary_protocol_objects_are_counted_in_comm_total,False,single_google_colab_node__logical_client_cloud_authorized_recipient_roles,not_applicable,0.0,0.0,0.0,measured_sum_of_client_protection_plus_server_protected_aggregation_plus_authorized_recovery_or_decryption_ms_per_round,local_training__validation_test_evaluation__transport_latency__serialization_framing_not_explicitly_in_crypto_functions,0.0,0.0,12,12,0,plaintext_update_no_noise,1.0,plain_exact,0,0,False,0,0,False,not_applicable,0,[],0,,True,0.0017204452090867595,0.0020311924643947404,3.9572916666666664,0,0,0,0,0,0,0,0,0,0,0,0,0,12,0,12,0,1,fixed_execution_host_runtime_payload_and_machine_specification__no_unmeasured_absolute_energy_or_carbon_claim,sequential_single_host_wall_clock_and_generated_protocol_object_bytes__machine_specification_recorded__transport_network_facility_energy_not_measured,runtime_payload_measured__energy_not_instrumented,not_reported_without_direct_hardware_energy_instrumentation,not_reported,False,,,,,,,not_reported,0,0.25,not_probed,0,,not_reported__no_valid_colab_network_or_device_energy_scope,,not_reported__no_direct_facility_or_grid_carbon_measurement,0.47412149700039663,Absolute energy and carbon are not reported because direct hardware energy instrumentation is disabled.,False,,,,GOVERNANCE
7,A1_TADP_admission_only,14,tadp_admission_only_ablation,comparative_experiment,main_comparative,TADP admission-only ablation: uses the fixed TADP-admitted cohort with plain FedAvg and deliberately bypasses TADP-Sec runtime signing/freshness/PoFC and encrypted aggregation.,tadp_admission_only_plain_fedavg,custom_reference_python_prototype,False,,,,,,,,,,{},False,False,,,0,baseline_unenforced,,,,,not_applicable,not_applicable_plain_update_path,,,,not_applicable,0,0,0,False,,{},True,,strict_experiment_side_plaintext_oracle_comparison__max_coordinate_and_rmse_numeric_acceptance_envelope__relative_l2_diagnostic_only__no_plaintext_fallback_after_protected_aggregation_failure,custom_reference_prototype_numeric_acceptance_envelope__max_abs_and_rmse_are_acceptance_gates__relative_l2_is_diagnostic_only__not_a_formal_he_security_or_precision_proof,True,False,PASSED_PLAIN_CONTROL_CHECK,0.0,0.0,0.0,0.010727539301220465,0.010727539301220465,,,,True,True,True,True,finite_and_max_abs_and_rmse,0.9988237772550121,0.7148936170212766,0.6131386861313869,0.8571428571428571,0.9281054043733419,0.724406671212077,0.9791914901863954,0.7260898904539947,0.7260898904539947,0.8877551020408163,0.0018113393359594824,0.8877551020408163,0.0018113393359594824,56811,53,14,84,0.0009320483961733258,0.14285714285714285,0.8571428571428571,0.04340453681316631,0.04340453681316631,fpr,0.005,0.9991441550176655,0.7845303867403315,0.696078431372549,0.8987341772151899,0.9490263543802923,0.7905422865495717,0.9835251035837617,0.8239673341389921,0.8239673341389921,0.8987341772151899,0.0006814684546054077,0.8987341772151899,0.0006814684546054077,45459,31,8,71,0.0006814684546054077,0.10126582278481013,0.8987341772151899,0.04340453681316631,fpr,0.005,1.0,False,,NOT_FINAL_ROUND,,,,,,,,,,,,,,,,,,,,False,0.9982795547909132,0.49906449199988856,340.0157680002849,1.8869559999075136,0.0,0.0,0,0.0,0.0,240,2880,240.0,2880,2880,5760,,not_modelled__session_or_evaluation_key_material_excluded_from_round_payload,0,0,0.0,0.0,actual_generated_protocol_object_bytes,plain_model_update_uplink_plus_plain_global_update_broadcast,model_update_ciphertext_only__auxiliary_protocol_objects_are_counted_in_comm_total,False,single_google_colab_node__logical_client_cloud_authorized_recipient_roles,not_applicable,0.0,0.0,0.0,measured_sum_of_client_protection_plus_server_protected_aggregation_plus_authorized_recovery_or_decryption_ms_per_round,local_training__validation_test_evaluation__transport_latency__serialization_framing_not_explicitly_in_crypto_functions,0.0,0.0,12,12,0,plaintext_update_no_noise,1.0,plain_exact,0,0,False,0,0,False,not_applicable,0,[],0,,True,0.0017204452090867595,0.0020311924643947404,3.9572916666666664,0,0,0,0,0,0,0,0,0,0,0,0,0,12,0,12,0,1,fixed_execution_host_runtime_payload_and_machine_specification__no_unmeasured_absolute_energy_or_carbon_claim,sequential_single_host_wall_clock_and_generated_protocol_object_bytes__machine_specification_recorded__transport_network_facility_energy_not_measured,runtime_payload_measured__energy_not_instrumented,not_reported_without_direct_hardware_energy_instrumentation,not_reported,False,,,,,,,not_reported,0,0.25,not_probed,0,,not_reported__no_valid_colab_network_or_device_energy_scope,,not_reported__no_direct_facility_or_grid_carbon_measurement,0.4990351129999908,Absolute energy and carbon are not reported because direct hardware energy instrumentation is disabled.,False,,,,GOVERNANCE
7,A1_TADP_admission_only,15,tadp_admission_only_ablation,comparative_experiment,main_comparative,TADP admission-only ablation: uses the fixed TADP-admitted cohort with plain FedAvg and deliberately bypasses TADP-Sec runtime signing/freshness/PoFC and encrypted aggregation.,tadp_admission_only_plain_fedavg,custom_reference_python_prototype,False,,,,,,,,,,{},False,False,,,0,baseline_unenforced,,,,,not_applicable,not_applicable_plain_update_path,,,,not_applicable,0,0,0,False,,{},True,,strict_experiment_side_plaintext_oracle_comparison__max_coordinate_and_rmse_numeric_acceptance_envelope__relative_l2_diagnostic_only__no_plaintext_fallback_after_protected_aggregation_failure,custom_reference_prototype_numeric_acceptance_envelope__max_abs_and_rmse_are_acceptance_gates__relative_l2_is_diagnostic_only__not_a_formal_he_security_or_precision_proof,True,False,PASSED_PLAIN_CONTROL_CHECK,0.0,0.0,0.0,0.009226556548186307,0.009226556548186307,,,,True,True,True,True,finite_and_max_abs_and_rmse,0.9988413328183702,0.717948717948718,0.6176470588235294,0.8571428571428571,0.9281141972827398,0.7270735890776542,0.9791954380232679,0.7262287574090666,0.7262287574090666,0.8877551020408163,0.001758581879572313,0.8877551020408163,0.001758581879572313,56812,52,14,84,0.0009144625773776027,0.14285714285714285,0.8571428571428571,0.044310340498250965,0.044310340498250965,fpr,0.005,0.9991441550176655,0.7845303867403315,0.696078431372549,0.8987341772151899,0.9490263543802923,0.7905422865495717,0.9834132414691225,0.823843789853809,0.823843789853809,0.8987341772151899,0.0006814684546054077,0.8987341772151899,0.0006814684546054077,45459,31,8,71,0.0006814684546054077,0.10126582278481013,0.8987341772151899,0.044310340498250965,fpr,0.005,1.0,False,,NOT_FINAL_ROUND,,,,,,,,,,,,,,,,,,,,False,0.9982795547909132,0.47647552299986273,318.0596809988856,1.8609340004331898,0.0,0.0,0,0.0,0.0,240,2880,240.0,2880,2880,5760,,not_modelled__session_or_evaluation_key_material_excluded_from_round_payload,0,0,0.0,0.0,actual_generated_protocol_object_bytes,plain_model_update_uplink_plus_plain_global_update_broadcast,model_update_ciphertext_only__auxiliary_protocol_objects_are_counted_in_comm_total,False,single_google_colab_node__logical_client_cloud_authorized_recipient_roles,not_applicable,0.0,0.0,0.0,measured_sum_of_client_protection_plus_server_protected_aggregation_plus_authorized_recovery_or_decryption_ms_per_round,local_training__validation_test_evaluation__transport_latency__serialization_framing_not_explicitly_in_crypto_functions,0.0,0.0,12,12,0,plaintext_update_no_noise,1.0,plain_exact,0,0,False,0,0,False,not_applicable,0,[],0,,True,0.0017204452090867595,0.0020311924643947404,3.9572916666666664,0,0,0,0,0,0,0,0,0,0,0,0,0,12,0,12,0,1,fixed_execution_host_runtime_payload_and_machine_specification__no_unmeasured_absolute_energy_or_carbon_claim,sequential_single_host_wall_clock_and_generated_protocol_object_bytes__machine_specification_recorded__transport_network_facility_energy_not_measured,runtime_payload_measured__energy_not_instrumented,not_reported_without_direct_hardware_energy_instrumentation,not_reported,False,,,,,,,not_reported,0,0.25,not_probed,0,,not_reported__no_valid_colab_network_or_device_energy_scope,,not_reported__no_direct_facility_or_grid_carbon_measurement,0.47644864399990183,Absolute energy and carbon are not reported because direct hardware energy instrumentation is disabled.,False,,,,GOVERNANCE
7,A1_TADP_admission_only,16,tadp_admission_only_ablation,comparative_experiment,main_comparative,TADP admission-only ablation: uses the fixed TADP-admitted cohort with plain FedAvg and deliberately bypasses TADP-Sec runtime signing/freshness/PoFC and encrypted aggregation.,tadp_admission_only_plain_fedavg,custom_reference_python_prototype,False,,,,,,,,,,{},False,False,,,0,baseline_unenforced,,,,,not_applicable,not_applicable_plain_update_path,,,,not_applicable,0,0,0,False,,{},True,,strict_experiment_side_plaintext_oracle_comparison__max_coordinate_and_rmse_numeric_acceptance_envelope__relative_l2_diagnostic_only__no_plaintext_fallback_after_protected_aggregation_failure,custom_reference_prototype_numeric_acceptance_envelope__max_abs_and_rmse_are_acceptance_gates__relative_l2_is_diagnostic_only__not_a_formal_he_security_or_precision_proof,True,False,PASSED_PLAIN_CONTROL_CHECK,0.0,0.0,0.0,0.00838157650650905,0.00838157650650905,,,,True,True,True,True,finite_and_max_abs_and_rmse,0.9988413328183702,0.717948717948718,0.6176470588235294,0.8571428571428571,0.9281141972827398,0.7270735890776542,0.9791618814098515,0.7263064755173826,0.7263064755173826,0.8877551020408163,0.001758581879572313,0.8877551020408163,0.001758581879572313,56812,52,14,84,0.0009144625773776027,0.14285714285714285,0.8571428571428571,0.04497014550344407,0.04497014550344407,fpr,0.005,0.9991441550176655,0.7845303867403315,0.696078431372549,0.8987341772151899,0.9490263543802923,0.7905422865495717,0.9833383884620629,0.8238465285902673,0.8238465285902673,0.8987341772151899,0.0006814684546054077,0.8987341772151899,0.0006814684546054077,45459,31,8,71,0.0006814684546054077,0.10126582278481013,0.8987341772151899,0.04497014550344407,fpr,0.005,1.0,False,,NOT_FINAL_ROUND,,,,,,,,,,,,,,,,,,,,False,0.9982795547909132,0.4913832209999782,329.2664919999879,1.7462969994994637,0.0,0.0,0,0.0,0.0,240,2880,240.0,2880,2880,5760,,not_modelled__session_or_evaluation_key_material_excluded_from_round_payload,0,0,0.0,0.0,actual_generated_protocol_object_bytes,plain_model_update_uplink_plus_plain_global_update_broadcast,model_update_ciphertext_only__auxiliary_protocol_objects_are_counted_in_comm_total,False,single_google_colab_node__logical_client_cloud_authorized_recipient_roles,not_applicable,0.0,0.0,0.0,measured_sum_of_client_protection_plus_server_protected_aggregation_plus_authorized_recovery_or_decryption_ms_per_round,local_training__validation_test_evaluation__transport_latency__serialization_framing_not_explicitly_in_crypto_functions,0.0,0.0,12,12,0,plaintext_update_no_noise,1.0,plain_exact,0,0,False,0,0,False,not_applicable,0,[],0,,True,0.0017204452090867595,0.0020311924643947404,3.9572916666666664,0,0,0,0,0,0,0,0,0,0,0,0,0,12,0,12,0,1,fixed_execution_host_runtime_payload_and_machine_specification__no_unmeasured_absolute_energy_or_carbon_claim,sequential_single_host_wall_clock_and_generated_protocol_object_bytes__machine_specification_recorded__transport_network_facility_energy_not_measured,runtime_payload_measured__energy_not_instrumented,not_reported_without_direct_hardware_energy_instrumentation,not_reported,False,,,,,,,not_reported,0,0.25,not_probed,0,,not_reported__no_valid_colab_network_or_device_energy_scope,,not_reported__no_direct_facility_or_grid_carbon_measurement,0.4913564079997741,Absolute energy and carbon are not reported because direct hardware energy instrumentation is disabled.,False,,,,GOVERNANCE
7,A1_TADP_admission_only,17,tadp_admission_only_ablation,comparative_experiment,main_comparative,TADP admission-only ablation: uses the fixed TADP-admitted cohort with plain FedAvg and deliberately bypasses TADP-Sec runtime signing/freshness/PoFC and encrypted aggregation.,tadp_admission_only_plain_fedavg,custom_reference_python_prototype,False,,,,,,,,,,{},False,False,,,0,baseline_unenforced,,,,,not_applicable,not_applicable_plain_update_path,,,,not_applicable,0,0,0,False,,{},True,,strict_experiment_side_plaintext_oracle_comparison__max_coordinate_and_rmse_numeric_acceptance_envelope__relative_l2_diagnostic_only__no_plaintext_fallback_after_protected_aggregation_failure,custom_reference_prototype_numeric_acceptance_envelope__max_abs_and_rmse_are_acceptance_gates__relative_l2_is_diagnostic_only__not_a_formal_he_security_or_precision_proof,True,False,PASSED_PLAIN_CONTROL_CHECK,0.0,0.0,0.0,0.006751173496348348,0.006751173496348348,,,,True,True,True,True,finite_and_max_abs_and_rmse,0.9988588883817282,0.721030042918455,0.6222222222222222,0.8571428571428571,0.9281229901921376,0.7297700531077194,0.9791661881409852,0.7263598295300525,0.7263598295300525,0.8877551020408163,0.001776167698368036,0.8877551020408163,0.001776167698368036,56813,51,14,84,0.0008968767585818796,0.14285714285714285,0.8571428571428571,0.045345184955568135,0.045345184955568135,fpr,0.005,0.9991441550176655,0.7845303867403315,0.696078431372549,0.8987341772151899,0.9490263543802923,0.7905422865495717,0.9832777269173083,0.8238461796100317,0.8238461796100317,0.8987341772151899,0.0006814684546054077,0.8987341772151899,0.0006814684546054077,45459,31,8,71,0.0006814684546054077,0.10126582278481013,0.8987341772151899,0.045345184955568135,fpr,0.005,1.0,False,,NOT_FINAL_ROUND,,,,,,,,,,,,,,,,,,,,False,0.9982795547909132,0.48171998800035,317.8845619995627,2.079323999623739,0.0,0.0,0,0.0,0.0,240,2880,240.0,2880,2880,5760,,not_modelled__session_or_evaluation_key_material_excluded_from_round_payload,0,0,0.0,0.0,actual_generated_protocol_object_bytes,plain_model_update_uplink_plus_plain_global_update_broadcast,model_update_ciphertext_only__auxiliary_protocol_objects_are_counted_in_comm_total,False,single_google_colab_node__logical_client_cloud_authorized_recipient_roles,not_applicable,0.0,0.0,0.0,measured_sum_of_client_protection_plus_server_protected_aggregation_plus_authorized_recovery_or_decryption_ms_per_round,local_training__validation_test_evaluation__transport_latency__serialization_framing_not_explicitly_in_crypto_functions,0.0,0.0,12,12,0,plaintext_update_no_noise,1.0,plain_exact,0,0,False,0,0,False,not_applicable,0,[],0,,True,0.0017204452090867595,0.0020311924643947404,3.9572916666666664,0,0,0,0,0,0,0,0,0,0,0,0,0,12,0,12,0,1,fixed_execution_host_runtime_payload_and_machine_specification__no_unmeasured_absolute_energy_or_carbon_claim,sequential_single_host_wall_clock_and_generated_protocol_object_bytes__machine_specification_recorded__transport_network_facility_energy_not_measured,runtime_payload_measured__energy_not_instrumented,not_reported_without_direct_hardware_energy_instrumentation,not_reported,False,,,,,,,not_reported,0,0.25,not_probed,0,,not_reported__no_valid_colab_network_or_device_energy_scope,,not_reported__no_direct_facility_or_grid_carbon_measurement,0.4816934099999344,Absolute energy and carbon are not reported because direct hardware energy instrumentation is disabled.,False,,,,GOVERNANCE
7,A1_TADP_admission_only,18,tadp_admission_only_ablation,comparative_experiment,main_comparative,TADP admission-only ablation: uses the fixed TADP-admitted cohort with plain FedAvg and deliberately bypasses TADP-Sec runtime signing/freshness/PoFC and encrypted aggregation.,tadp_admission_only_plain_fedavg,custom_reference_python_prototype,False,,,,,,,,,,{},False,False,,,0,baseline_unenforced,,,,,not_applicable,not_applicable_plain_update_path,,,,not_applicable,0,0,0,False,,{},True,,strict_experiment_side_plaintext_oracle_comparison__max_coordinate_and_rmse_numeric_acceptance_envelope__relative_l2_diagnostic_only__no_plaintext_fallback_after_protected_aggregation_failure,custom_reference_prototype_numeric_acceptance_envelope__max_abs_and_rmse_are_acceptance_gates__relative_l2_is_diagnostic_only__not_a_formal_he_security_or_precision_proof,True,False,PASSED_PLAIN_CONTROL_CHECK,0.0,0.0,0.0,0.006950389879661102,0.006950389879661102,,,,True,True,True,True,finite_and_max_abs_and_rmse,0.9988588883817282,0.721030042918455,0.6222222222222222,0.8571428571428571,0.9281229901921376,0.7297700531077194,0.9791532679475842,0.7263416050499951,0.7263416050499951,0.8877551020408163,0.0017937535171637592,0.8877551020408163,0.0017937535171637592,56813,51,14,84,0.0008968767585818796,0.14285714285714285,0.8571428571428571,0.045648081797710585,0.045648081797710585,fpr,0.005,0.9991441550176655,0.7845303867403315,0.696078431372549,0.8987341772151899,0.9490263543802923,0.7905422865495717,0.9832849617804441,0.8237290741276169,0.8237290741276169,0.8987341772151899,0.0006814684546054077,0.8987341772151899,0.0006814684546054077,45459,31,8,71,0.0006814684546054077,0.10126582278481013,0.8987341772151899,0.045648081797710585,fpr,0.005,1.0,False,,NOT_FINAL_ROUND,,,,,,,,,,,,,,,,,,,,False,0.9982795547909132,0.4906855259996519,326.70588900100483,1.849962000051164,0.0,0.0,0,0.0,0.0,240,2880,240.0,2880,2880,5760,,not_modelled__session_or_evaluation_key_material_excluded_from_round_payload,0,0,0.0,0.0,actual_generated_protocol_object_bytes,plain_model_update_uplink_plus_plain_global_update_broadcast,model_update_ciphertext_only__auxiliary_protocol_objects_are_counted_in_comm_total,False,single_google_colab_node__logical_client_cloud_authorized_recipient_roles,not_applicable,0.0,0.0,0.0,measured_sum_of_client_protection_plus_server_protected_aggregation_plus_authorized_recovery_or_decryption_ms_per_round,local_training__validation_test_evaluation__transport_latency__serialization_framing_not_explicitly_in_crypto_functions,0.0,0.0,12,12,0,plaintext_update_no_noise,1.0,plain_exact,0,0,False,0,0,False,not_applicable,0,[],0,,True,0.0017204452090867595,0.0020311924643947404,3.9572916666666664,0,0,0,0,0,0,0,0,0,0,0,0,0,12,0,12,0,1,fixed_execution_host_runtime_payload_and_machine_specification__no_unmeasured_absolute_energy_or_carbon_claim,sequential_single_host_wall_clock_and_generated_protocol_object_bytes__machine_specification_recorded__transport_network_facility_energy_not_measured,runtime_payload_measured__energy_not_instrumented,not_reported_without_direct_hardware_energy_instrumentation,not_reported,False,,,,,,,not_reported,0,0.25,not_probed,0,,not_reported__no_valid_colab_network_or_device_energy_scope,,not_reported__no_direct_facility_or_grid_carbon_measurement,0.490658016999987,Absolute energy and carbon are not reported because direct hardware energy instrumentation is disabled.,False,,,,GOVERNANCE
7,A1_TADP_admission_only,19,tadp_admission_only_ablation,comparative_experiment,main_comparative,TADP admission-only ablation: uses the fixed TADP-admitted cohort with plain FedAvg and deliberately bypasses TADP-Sec runtime signing/freshness/PoFC and encrypted aggregation.,tadp_admission_only_plain_fedavg,custom_reference_python_prototype,False,,,,,,,,,,{},False,False,,,0,baseline_unenforced,,,,,not_applicable,not_applicable_plain_update_path,,,,not_applicable,0,0,0,False,,{},True,,strict_experiment_side_plaintext_oracle_comparison__max_coordinate_and_rmse_numeric_acceptance_envelope__relative_l2_diagnostic_only__no_plaintext_fallback_after_protected_aggregation_failure,custom_reference_prototype_numeric_acceptance_envelope__max_abs_and_rmse_are_acceptance_gates__relative_l2_is_diagnostic_only__not_a_formal_he_security_or_precision_proof,True,False,PASSED_PLAIN_CONTROL_CHECK,0.0,0.0,0.0,0.007482183811946144,0.007482183811946144,,,,True,True,True,True,finite_and_max_abs_and_rmse,0.9988588883817282,0.721030042918455,0.6222222222222222,0.8571428571428571,0.9281229901921376,0.7297700531077194,0.9791654703524629,0.7267729518123275,0.7267729518123275,0.8877551020408163,0.001776167698368036,0.8877551020408163,0.001776167698368036,56813,51,14,84,0.0008968767585818796,0.14285714285714285,0.8571428571428571,0.045701116156274466,0.045701116156274466,fpr,0.005,0.9991441550176655,0.7845303867403315,0.696078431372549,0.8987341772151899,0.9490263543802923,0.7905422865495717,0.9832557440639339,0.8245201755310599,0.8245201755310599,0.8987341772151899,0.0006814684546054077,0.8987341772151899,0.0006814684546054077,45459,31,8,71,0.0006814684546054077,0.10126582278481013,0.8987341772151899,0.045701116156274466,fpr,0.005,1.0,False,,NOT_FINAL_ROUND,,,,,,,,,,,,,,,,,,,,False,0.9982795547909132,0.48000718700041034,318.5574560002351,1.8931919994429336,0.0,0.0,0,0.0,0.0,240,2880,240.0,2880,2880,5760,,not_modelled__session_or_evaluation_key_material_excluded_from_round_payload,0,0,0.0,0.0,actual_generated_protocol_object_bytes,plain_model_update_uplink_plus_plain_global_update_broadcast,model_update_ciphertext_only__auxiliary_protocol_objects_are_counted_in_comm_total,False,single_google_colab_node__logical_client_cloud_authorized_recipient_roles,not_applicable,0.0,0.0,0.0,measured_sum_of_client_protection_plus_server_protected_aggregation_plus_authorized_recovery_or_decryption_ms_per_round,local_training__validation_test_evaluation__transport_latency__serialization_framing_not_explicitly_in_crypto_functions,0.0,0.0,12,12,0,plaintext_update_no_noise,1.0,plain_exact,0,0,False,0,0,False,not_applicable,0,[],0,,True,0.0017204452090867595,0.0020311924643947404,3.9572916666666664,0,0,0,0,0,0,0,0,0,0,0,0,0,12,0,12,0,1,fixed_execution_host_runtime_payload_and_machine_specification__no_unmeasured_absolute_energy_or_carbon_claim,sequential_single_host_wall_clock_and_generated_protocol_object_bytes__machine_specification_recorded__transport_network_facility_energy_not_measured,runtime_payload_measured__energy_not_instrumented,not_reported_without_direct_hardware_energy_instrumentation,not_reported,False,,,,,,,not_reported,0,0.25,not_probed,0,,not_reported__no_valid_colab_network_or_device_energy_scope,,not_reported__no_direct_facility_or_grid_carbon_measurement,0.479981492999741,Absolute energy and carbon are not reported because direct hardware energy instrumentation is disabled.,False,,,,GOVERNANCE
7,A1_TADP_admission_only,20,tadp_admission_only_ablation,comparative_experiment,main_comparative,TADP admission-only ablation: uses the fixed TADP-admitted cohort with plain FedAvg and deliberately bypasses TADP-Sec runtime signing/freshness/PoFC and encrypted aggregation.,tadp_admission_only_plain_fedavg,custom_reference_python_prototype,False,,,,,,,,,,{},False,False,,,0,baseline_unenforced,,,,,not_applicable,not_applicable_plain_update_path,,,,not_applicable,0,0,0,False,,{},True,,strict_experiment_side_plaintext_oracle_comparison__max_coordinate_and_rmse_numeric_acceptance_envelope__relative_l2_diagnostic_only__no_plaintext_fallback_after_protected_aggregation_failure,custom_reference_prototype_numeric_acceptance_envelope__max_abs_and_rmse_are_acceptance_gates__relative_l2_is_diagnostic_only__not_a_formal_he_security_or_precision_proof,True,False,PASSED_PLAIN_CONTROL_CHECK,0.0,0.0,0.0,0.006755201359201097,0.006755201359201097,,,,True,True,True,True,finite_and_max_abs_and_rmse,0.9988588883817282,0.721030042918455,0.6222222222222222,0.8571428571428571,0.9281229901921376,0.7297700531077194,0.9791850300896948,0.7268344329773356,0.7268344329773356,0.8877551020408163,0.001776167698368036,0.8877551020408163,0.001776167698368036,56813,51,14,84,0.0008968767585818796,0.14285714285714285,0.8571428571428571,0.04571984698583504,0.04571984698583504,fpr,0.005,0.9991441550176655,0.7845303867403315,0.696078431372549,0.8987341772151899,0.9490263543802923,0.7905422865495717,0.9832412743376622,0.8245222504392624,0.8245222504392624,0.8987341772151899,0.0006814684546054077,0.8987341772151899,0.0006814684546054077,45459,31,8,71,0.0006814684546054077,0.10126582278481013,0.8987341772151899,0.04571984698583504,fpr,0.005,1.0,True,,NO_REFERENCE_DEFINED,,,,,,,,,,,,,,,,,,,,False,0.9982795547909132,0.47196937899980185,308.6232019995805,1.8121090001841367,0.0,0.0,0,0.0,0.0,240,2880,240.0,2880,2880,5760,,not_modelled__session_or_evaluation_key_material_excluded_from_round_payload,0,0,0.0,0.0,actual_generated_protocol_object_bytes,plain_model_update_uplink_plus_plain_global_update_broadcast,model_update_ciphertext_only__auxiliary_protocol_objects_are_counted_in_comm_total,False,single_google_colab_node__logical_client_cloud_authorized_recipient_roles,not_applicable,0.0,0.0,0.0,measured_sum_of_client_protection_plus_server_protected_aggregation_plus_authorized_recovery_or_decryption_ms_per_round,local_training__validation_test_evaluation__transport_latency__serialization_framing_not_explicitly_in_crypto_functions,0.0,0.0,12,12,0,plaintext_update_no_noise,1.0,plain_exact,0,0,False,0,0,False,not_applicable,0,[],0,,True,0.0017204452090867595,0.0020311924643947404,3.9572916666666664,0,0,0,0,0,0,0,0,0,0,0,0,0,12,0,12,0,1,fixed_execution_host_runtime_payload_and_machine_specification__no_unmeasured_absolute_energy_or_carbon_claim,sequential_single_host_wall_clock_and_generated_protocol_object_bytes__machine_specification_recorded__transport_network_facility_energy_not_measured,runtime_payload_measured__energy_not_instrumented,not_reported_without_direct_hardware_energy_instrumentation,not_reported,False,,,,,,,not_reported,0,0.25,not_probed,0,,not_reported__no_valid_colab_network_or_device_energy_scope,,not_reported__no_direct_facility_or_grid_carbon_measurement,0.47194318899983045,Absolute energy and carbon are not reported because direct hardware energy instrumentation is disabled.,False,,,,GOVERNANCE
11,A1_TADP_admission_only,1,tadp_admission_only_ablation,comparative_experiment,main_comparative,TADP admission-only ablation: uses the fixed TADP-admitted cohort with plain FedAvg and deliberately bypasses TADP-Sec runtime signing/freshness/PoFC and encrypted aggregation.,tadp_admission_only_plain_fedavg,custom_reference_python_prototype,False,,,,,,,,,,{},False,False,,,0,baseline_unenforced,,,,,not_applicable,not_applicable_plain_update_path,,,,not_applicable,0,0,0,False,,{},True,,strict_experiment_side_plaintext_oracle_comparison__max_coordinate_and_rmse_numeric_acceptance_envelope__relative_l2_diagnostic_only__no_plaintext_fallback_after_protected_aggregation_failure,custom_reference_prototype_numeric_acceptance_envelope__max_abs_and_rmse_are_acceptance_gates__relative_l2_is_diagnostic_only__not_a_formal_he_security_or_precision_proof,True,False,PASSED_PLAIN_CONTROL_CHECK,0.0,0.0,0.0,0.30747356885201754,0.30747356885201754,,,,True,True,True,True,finite_and_max_abs_and_rmse,0.9991748885221726,0.7751196172248804,0.7297297297297297,0.826530612244898,0.9130015188405132,0.7762164491942695,0.9398749827730755,0.7029945164392256,0.7029945164392256,0.8775510204081632,0.0028313168261114236,0.8775510204081632,0.0028313168261114236,56834,30,17,81,0.0005275745638716939,0.17346938775510204,0.826530612244898,0.0036249618831598815,0.0036249618831598815,fpr,0.005,0.9994074919353069,0.8383233532934131,0.7954545454545454,0.8860759493670886,0.9428401290031749,0.8392515262794016,0.9617562351998352,0.8035942871428478,0.8035942871428478,0.8860759493670886,0.00039569136073862386,0.8860759493670886,0.00039569136073862386,45472,18,9,70,0.00039569136073862386,0.11392405063291139,0.8860759493670886,0.0036249618831598815,fpr,0.005,1.0,False,,NOT_FINAL_ROUND,,,,,,,,,,,,,,,,,,,,False,0.9982795547909132,0.49219743999992716,327.8606550002223,1.8540039995968982,0.0,0.0,0,0.0,0.0,240,2880,240.0,2880,2880,5760,,not_modelled__session_or_evaluation_key_material_excluded_from_round_payload,0,0,0.0,0.0,actual_generated_protocol_object_bytes,plain_model_update_uplink_plus_plain_global_update_broadcast,model_update_ciphertext_only__auxiliary_protocol_objects_are_counted_in_comm_total,False,single_google_colab_node__logical_client_cloud_authorized_recipient_roles,not_applicable,0.0,0.0,0.0,measured_sum_of_client_protection_plus_server_protected_aggregation_plus_authorized_recovery_or_decryption_ms_per_round,local_training__validation_test_evaluation__transport_latency__serialization_framing_not_explicitly_in_crypto_functions,0.0,0.0,12,12,0,plaintext_update_no_noise,1.0,plain_exact,0,0,False,0,0,False,not_applicable,0,[],0,,True,0.0017204452090867595,0.0020311924643947404,3.9572916666666664,0,0,0,0,0,0,0,0,0,0,0,0,0,12,0,12,0,1,fixed_execution_host_runtime_payload_and_machine_specification__no_unmeasured_absolute_energy_or_carbon_claim,sequential_single_host_wall_clock_and_generated_protocol_object_bytes__machine_specification_recorded__transport_network_facility_energy_not_measured,runtime_payload_measured__energy_not_instrumented,not_reported_without_direct_hardware_energy_instrumentation,not_reported,False,,,,,,,not_reported,0,0.25,not_probed,0,,not_reported__no_valid_colab_network_or_device_energy_scope,,not_reported__no_direct_facility_or_grid_carbon_measurement,0.4921653290002723,Absolute energy and carbon are not reported because direct hardware energy instrumentation is disabled.,False,,,,GOVERNANCE
11,A1_TADP_admission_only,2,tadp_admission_only_ablation,comparative_experiment,main_comparative,TADP admission-only ablation: uses the fixed TADP-admitted cohort with plain FedAvg and deliberately bypasses TADP-Sec runtime signing/freshness/PoFC and encrypted aggregation.,tadp_admission_only_plain_fedavg,custom_reference_python_prototype,False,,,,,,,,,,{},False,False,,,0,baseline_unenforced,,,,,not_applicable,not_applicable_plain_update_path,,,,not_applicable,0,0,0,False,,{},True,,strict_experiment_side_plaintext_oracle_comparison__max_coordinate_and_rmse_numeric_acceptance_envelope__relative_l2_diagnostic_only__no_plaintext_fallback_after_protected_aggregation_failure,custom_reference_prototype_numeric_acceptance_envelope__max_abs_and_rmse_are_acceptance_gates__relative_l2_is_diagnostic_only__not_a_formal_he_security_or_precision_proof,True,False,PASSED_PLAIN_CONTROL_CHECK,0.0,0.0,0.0,0.2827323778066706,0.2827323778066706,,,,True,True,True,True,finite_and_max_abs_and_rmse,0.9980337769039008,0.6056338028169014,0.46236559139784944,0.8775510204081632,0.9378962192642954,0.6362005847193377,0.9572129850814833,0.7173129115135127,0.7173129115135127,0.8775510204081632,0.0008617051209904333,0.8877551020408163,0.005521947101857063,56764,100,12,86,0.001758581879572313,0.12244897959183673,0.8775510204081632,0.0048285749588250475,0.0048285749588250475,fpr,0.005,0.9984419232372885,0.6666666666666666,0.5298507462686567,0.8987341772151899,0.9486746287263024,0.6894223468346307,0.969483347292909,0.8166075975091847,0.8166075975091847,0.8987341772151899,0.0013849197625851834,0.8987341772151899,0.0013849197625851834,45427,63,8,71,0.0013849197625851834,0.10126582278481013,0.8987341772151899,0.0048285749588250475,fpr,0.005,1.0,False,,NOT_FINAL_ROUND,,,,,,,,,,,,,,,,,,,,False,0.9982795547909132,0.502080721999846,317.17420600080004,1.7628889982006513,0.0,0.0,0,0.0,0.0,240,2880,240.0,2880,2880,5760,,not_modelled__session_or_evaluation_key_material_excluded_from_round_payload,0,0,0.0,0.0,actual_generated_protocol_object_bytes,plain_model_update_uplink_plus_plain_global_update_broadcast,model_update_ciphertext_only__auxiliary_protocol_objects_are_counted_in_comm_total,False,single_google_colab_node__logical_client_cloud_authorized_recipient_roles,not_applicable,0.0,0.0,0.0,measured_sum_of_client_protection_plus_server_protected_aggregation_plus_authorized_recovery_or_decryption_ms_per_round,local_training__validation_test_evaluation__transport_latency__serialization_framing_not_explicitly_in_crypto_functions,0.0,0.0,12,12,0,plaintext_update_no_noise,1.0,plain_exact,0,0,False,0,0,False,not_applicable,0,[],0,,True,0.0017204452090867595,0.0020311924643947404,3.9572916666666664,0,0,0,0,0,0,0,0,0,0,0,0,0,12,0,12,0,1,fixed_execution_host_runtime_payload_and_machine_specification__no_unmeasured_absolute_energy_or_carbon_claim,sequential_single_host_wall_clock_and_generated_protocol_object_bytes__machine_specification_recorded__transport_network_facility_energy_not_measured,runtime_payload_measured__energy_not_instrumented,not_reported_without_direct_hardware_energy_instrumentation,not_reported,False,,,,,,,not_reported,0,0.25,not_probed,0,,not_reported__no_valid_colab_network_or_device_energy_scope,,not_reported__no_direct_facility_or_grid_carbon_measurement,0.5020526900002551,Absolute energy and carbon are not reported because direct hardware energy instrumentation is disabled.,False,,,,GOVERNANCE
11,A1_TADP_admission_only,3,tadp_admission_only_ablation,comparative_experiment,main_comparative,TADP admission-only ablation: uses the fixed TADP-admitted cohort with plain FedAvg and deliberately bypasses TADP-Sec runtime signing/freshness/PoFC and encrypted aggregation.,tadp_admission_only_plain_fedavg,custom_reference_python_prototype,False,,,,,,,,,,{},False,False,,,0,baseline_unenforced,,,,,not_applicable,not_applicable_plain_update_path,,,,not_applicable,0,0,0,False,,{},True,,strict_experiment_side_plaintext_oracle_comparison__max_coordinate_and_rmse_numeric_acceptance_envelope__relative_l2_diagnostic_only__no_plaintext_fallback_after_protected_aggregation_failure,custom_reference_prototype_numeric_acceptance_envelope__max_abs_and_rmse_are_acceptance_gates__relative_l2_is_diagnostic_only__not_a_formal_he_security_or_precision_proof,True,False,PASSED_PLAIN_CONTROL_CHECK,0.0,0.0,0.0,0.24842772438327973,0.24842772438327973,,,,True,True,True,True,finite_and_max_abs_and_rmse,0.9987886661282961,0.7136929460580913,0.6013986013986014,0.8775510204081632,0.9382743143684036,0.7259269901137303,0.9688862003721015,0.7205834232681169,0.7205834232681169,0.8877551020408163,0.0042381823297692744,0.8877551020408163,0.0042381823297692744,56807,57,12,86,0.0010023916713562183,0.12244897959183673,0.8775510204081632,0.007272868307054751,0.007272868307054751,fpr,0.005,0.9989466523294345,0.7473684210526316,0.6396396396396397,0.8987341772151899,0.9489274315401075,0.7577239277086468,0.9749709909814648,0.8187619653147731,0.8187619653147731,0.8987341772151899,0.0008793141349747197,0.8987341772151899,0.0008793141349747197,45450,40,8,71,0.0008793141349747197,0.10126582278481013,0.8987341772151899,0.007272868307054751,fpr,0.005,1.0,False,,NOT_FINAL_ROUND,,,,,,,,,,,,,,,,,,,,False,0.9982795547909132,0.4819366080000691,320.1185020002413,1.8144249997931183,0.0,0.0,0,0.0,0.0,240,2880,240.0,2880,2880,5760,,not_modelled__session_or_evaluation_key_material_excluded_from_round_payload,0,0,0.0,0.0,actual_generated_protocol_object_bytes,plain_model_update_uplink_plus_plain_global_update_broadcast,model_update_ciphertext_only__auxiliary_protocol_objects_are_counted_in_comm_total,False,single_google_colab_node__logical_client_cloud_authorized_recipient_roles,not_applicable,0.0,0.0,0.0,measured_sum_of_client_protection_plus_server_protected_aggregation_plus_authorized_recovery_or_decryption_ms_per_round,local_training__validation_test_evaluation__transport_latency__serialization_framing_not_explicitly_in_crypto_functions,0.0,0.0,12,12,0,plaintext_update_no_noise,1.0,plain_exact,0,0,False,0,0,False,not_applicable,0,[],0,,True,0.0017204452090867595,0.0020311924643947404,3.9572916666666664,0,0,0,0,0,0,0,0,0,0,0,0,0,12,0,12,0,1,fixed_execution_host_runtime_payload_and_machine_specification__no_unmeasured_absolute_energy_or_carbon_claim,sequential_single_host_wall_clock_and_generated_protocol_object_bytes__machine_specification_recorded__transport_network_facility_energy_not_measured,runtime_payload_measured__energy_not_instrumented,not_reported_without_direct_hardware_energy_instrumentation,not_reported,False,,,,,,,not_reported,0,0.25,not_probed,0,,not_reported__no_valid_colab_network_or_device_energy_scope,,not_reported__no_direct_facility_or_grid_carbon_measurement,0.4819056709998222,Absolute energy and carbon are not reported because direct hardware energy instrumentation is disabled.,False,,,,GOVERNANCE
11,A1_TADP_admission_only,4,tadp_admission_only_ablation,comparative_experiment,main_comparative,TADP admission-only ablation: uses the fixed TADP-admitted cohort with plain FedAvg and deliberately bypasses TADP-Sec runtime signing/freshness/PoFC and encrypted aggregation.,tadp_admission_only_plain_fedavg,custom_reference_python_prototype,False,,,,,,,,,,{},False,False,,,0,baseline_unenforced,,,,,not_applicable,not_applicable_plain_update_path,,,,not_applicable,0,0,0,False,,{},True,,strict_experiment_side_plaintext_oracle_comparison__max_coordinate_and_rmse_numeric_acceptance_envelope__relative_l2_diagnostic_only__no_plaintext_fallback_after_protected_aggregation_failure,custom_reference_prototype_numeric_acceptance_envelope__max_abs_and_rmse_are_acceptance_gates__relative_l2_is_diagnostic_only__not_a_formal_he_security_or_precision_proof,True,False,PASSED_PLAIN_CONTROL_CHECK,0.0,0.0,0.0,0.2044303611272178,0.2044303611272178,,,,True,True,True,True,finite_and_max_abs_and_rmse,0.9988062216916541,0.7166666666666667,0.6056338028169014,0.8775510204081632,0.9382831072778014,0.7284867912883576,0.9749540256451483,0.7210810859103175,0.7210810859103175,0.8877551020408163,0.003974395047833427,0.8877551020408163,0.003974395047833427,56808,56,12,86,0.0009848058525604951,0.12244897959183673,0.8775510204081632,0.010429115951855082,0.010429115951855082,fpr,0.005,0.9990344313019817,0.7634408602150538,0.6635514018691588,0.8987341772151899,0.9489713972468563,0.7717986706821625,0.9804895219703315,0.8195356676216922,0.8195356676216922,0.8987341772151899,0.0007913827214772477,0.8987341772151899,0.0007913827214772477,45454,36,8,71,0.0007913827214772477,0.10126582278481013,0.8987341772151899,0.010429115951855082,fpr,0.005,1.0,False,,NOT_FINAL_ROUND,,,,,,,,,,,,,,,,,,,,False,0.9982795547909132,0.6968544979999933,462.3288549996687,2.2879660004946345,0.0,0.0,0,0.0,0.0,240,2880,240.0,2880,2880,5760,,not_modelled__session_or_evaluation_key_material_excluded_from_round_payload,0,0,0.0,0.0,actual_generated_protocol_object_bytes,plain_model_update_uplink_plus_plain_global_update_broadcast,model_update_ciphertext_only__auxiliary_protocol_objects_are_counted_in_comm_total,False,single_google_colab_node__logical_client_cloud_authorized_recipient_roles,not_applicable,0.0,0.0,0.0,measured_sum_of_client_protection_plus_server_protected_aggregation_plus_authorized_recovery_or_decryption_ms_per_round,local_training__validation_test_evaluation__transport_latency__serialization_framing_not_explicitly_in_crypto_functions,0.0,0.0,12,12,0,plaintext_update_no_noise,1.0,plain_exact,0,0,False,0,0,False,not_applicable,0,[],0,,True,0.0017204452090867595,0.0020311924643947404,3.9572916666666664,0,0,0,0,0,0,0,0,0,0,0,0,0,12,0,12,0,1,fixed_execution_host_runtime_payload_and_machine_specification__no_unmeasured_absolute_energy_or_carbon_claim,sequential_single_host_wall_clock_and_generated_protocol_object_bytes__machine_specification_recorded__transport_network_facility_energy_not_measured,runtime_payload_measured__energy_not_instrumented,not_reported_without_direct_hardware_energy_instrumentation,not_reported,False,,,,,,,not_reported,0,0.25,not_probed,0,,not_reported__no_valid_colab_network_or_device_energy_scope,,not_reported__no_direct_facility_or_grid_carbon_measurement,0.6968224150000424,Absolute energy and carbon are not reported because direct hardware energy instrumentation is disabled.,False,,,,GOVERNANCE
11,A1_TADP_admission_only,5,tadp_admission_only_ablation,comparative_experiment,main_comparative,TADP admission-only ablation: uses the fixed TADP-admitted cohort with plain FedAvg and deliberately bypasses TADP-Sec runtime signing/freshness/PoFC and encrypted aggregation.,tadp_admission_only_plain_fedavg,custom_reference_python_prototype,False,,,,,,,,,,{},False,False,,,0,baseline_unenforced,,,,,not_applicable,not_applicable_plain_update_path,,,,not_applicable,0,0,0,False,,{},True,,strict_experiment_side_plaintext_oracle_comparison__max_coordinate_and_rmse_numeric_acceptance_envelope__relative_l2_diagnostic_only__no_plaintext_fallback_after_protected_aggregation_failure,custom_reference_prototype_numeric_acceptance_envelope__max_abs_and_rmse_are_acceptance_gates__relative_l2_is_diagnostic_only__not_a_formal_he_security_or_precision_proof,True,False,PASSED_PLAIN_CONTROL_CHECK,0.0,0.0,0.0,0.16499177147654354,0.16499177147654354,,,,True,True,True,True,finite_and_max_abs_and_rmse,0.9987886661282961,0.7136929460580913,0.6013986013986014,0.8775510204081632,0.9382743143684036,0.7259269901137303,0.977247359973815,0.7221973140994912,0.7221973140994912,0.8877551020408163,0.003693021947101857,0.8877551020408163,0.003693021947101857,56807,57,12,86,0.0010023916713562183,0.12244897959183673,0.8775510204081632,0.014255238910383543,0.014255238910383543,fpr,0.005,0.9990563760451184,0.7675675675675676,0.6698113207547169,0.8987341772151899,0.9489823886735436,0.7754411396718406,0.9829145924406811,0.8206024063680065,0.8206024063680065,0.8987341772151899,0.0007693998681028798,0.8987341772151899,0.0007693998681028798,45455,35,8,71,0.0007693998681028798,0.10126582278481013,0.8987341772151899,0.014255238910383543,fpr,0.005,1.0,False,,NOT_FINAL_ROUND,,,,,,,,,,,,,,,,,,,,False,0.9982795547909132,0.7568327650001265,507.5818030004484,2.177782000217121,0.0,0.0,0,0.0,0.0,240,2880,240.0,2880,2880,5760,,not_modelled__session_or_evaluation_key_material_excluded_from_round_payload,0,0,0.0,0.0,actual_generated_protocol_object_bytes,plain_model_update_uplink_plus_plain_global_update_broadcast,model_update_ciphertext_only__auxiliary_protocol_objects_are_counted_in_comm_total,False,single_google_colab_node__logical_client_cloud_authorized_recipient_roles,not_applicable,0.0,0.0,0.0,measured_sum_of_client_protection_plus_server_protected_aggregation_plus_authorized_recovery_or_decryption_ms_per_round,local_training__validation_test_evaluation__transport_latency__serialization_framing_not_explicitly_in_crypto_functions,0.0,0.0,12,12,0,plaintext_update_no_noise,1.0,plain_exact,0,0,False,0,0,False,not_applicable,0,[],0,,True,0.0017204452090867595,0.0020311924643947404,3.9572916666666664,0,0,0,0,0,0,0,0,0,0,0,0,0,12,0,12,0,1,fixed_execution_host_runtime_payload_and_machine_specification__no_unmeasured_absolute_energy_or_carbon_claim,sequential_single_host_wall_clock_and_generated_protocol_object_bytes__machine_specification_recorded__transport_network_facility_energy_not_measured,runtime_payload_measured__energy_not_instrumented,not_reported_without_direct_hardware_energy_instrumentation,not_reported,False,,,,,,,not_reported,0,0.25,not_probed,0,,not_reported__no_valid_colab_network_or_device_energy_scope,,not_reported__no_direct_facility_or_grid_carbon_measurement,0.7567995919998793,Absolute energy and carbon are not reported because direct hardware energy instrumentation is disabled.,False,,,,GOVERNANCE
11,A1_TADP_admission_only,6,tadp_admission_only_ablation,comparative_experiment,main_comparative,TADP admission-only ablation: uses the fixed TADP-admitted cohort with plain FedAvg and deliberately bypasses TADP-Sec runtime signing/freshness/PoFC and encrypted aggregation.,tadp_admission_only_plain_fedavg,custom_reference_python_prototype,False,,,,,,,,,,{},False,False,,,0,baseline_unenforced,,,,,not_applicable,not_applicable_plain_update_path,,,,not_applicable,0,0,0,False,,{},True,,strict_experiment_side_plaintext_oracle_comparison__max_coordinate_and_rmse_numeric_acceptance_envelope__relative_l2_diagnostic_only__no_plaintext_fallback_after_protected_aggregation_failure,custom_reference_prototype_numeric_acceptance_envelope__max_abs_and_rmse_are_acceptance_gates__relative_l2_is_diagnostic_only__not_a_formal_he_security_or_precision_proof,True,False,PASSED_PLAIN_CONTROL_CHECK,0.0,0.0,0.0,0.1304579795003655,0.1304579795003655,,,,True,True,True,True,finite_and_max_abs_and_rmse,0.9988062216916541,0.7166666666666667,0.6056338028169014,0.8775510204081632,0.9382831072778014,0.7284867912883576,0.978060255475291,0.7234515227483762,0.7234515227483762,0.8877551020408163,0.003112689926842994,0.8877551020408163,0.003112689926842994,56808,56,12,86,0.0009848058525604951,0.12244897959183673,0.8775510204081632,0.018617176628063174,0.018617176628063174,fpr,0.005,0.9990783207882552,0.7717391304347826,0.6761904761904762,0.8987341772151899,0.9489933801002307,0.7791354710123013,0.9836736965420136,0.8209177302784699,0.8209177302784699,0.8987341772151899,0.0007474170147285117,0.8987341772151899,0.0007474170147285117,45456,34,8,71,0.0007474170147285117,0.10126582278481013,0.8987341772151899,0.018617176628063174,fpr,0.005,1.0,False,,NOT_FINAL_ROUND,,,,,,,,,,,,,,,,,,,,False,0.9982795547909132,0.7668060579999292,521.8663360001301,2.3339960007433547,0.0,0.0,0,0.0,0.0,240,2880,240.0,2880,2880,5760,,not_modelled__session_or_evaluation_key_material_excluded_from_round_payload,0,0,0.0,0.0,actual_generated_protocol_object_bytes,plain_model_update_uplink_plus_plain_global_update_broadcast,model_update_ciphertext_only__auxiliary_protocol_objects_are_counted_in_comm_total,False,single_google_colab_node__logical_client_cloud_authorized_recipient_roles,not_applicable,0.0,0.0,0.0,measured_sum_of_client_protection_plus_server_protected_aggregation_plus_authorized_recovery_or_decryption_ms_per_round,local_training__validation_test_evaluation__transport_latency__serialization_framing_not_explicitly_in_crypto_functions,0.0,0.0,12,12,0,plaintext_update_no_noise,1.0,plain_exact,0,0,False,0,0,False,not_applicable,0,[],0,,True,0.0017204452090867595,0.0020311924643947404,3.9572916666666664,0,0,0,0,0,0,0,0,0,0,0,0,0,12,0,12,0,1,fixed_execution_host_runtime_payload_and_machine_specification__no_unmeasured_absolute_energy_or_carbon_claim,sequential_single_host_wall_clock_and_generated_protocol_object_bytes__machine_specification_recorded__transport_network_facility_energy_not_measured,runtime_payload_measured__energy_not_instrumented,not_reported_without_direct_hardware_energy_instrumentation,not_reported,False,,,,,,,not_reported,0,0.25,not_probed,0,,not_reported__no_valid_colab_network_or_device_energy_scope,,not_reported__no_direct_facility_or_grid_carbon_measurement,0.7667716140003904,Absolute energy and carbon are not reported because direct hardware energy instrumentation is disabled.,False,,,,GOVERNANCE
11,A1_TADP_admission_only,7,tadp_admission_only_ablation,comparative_experiment,main_comparative,TADP admission-only ablation: uses the fixed TADP-admitted cohort with plain FedAvg and deliberately bypasses TADP-Sec runtime signing/freshness/PoFC and encrypted aggregation.,tadp_admission_only_plain_fedavg,custom_reference_python_prototype,False,,,,,,,,,,{},False,False,,,0,baseline_unenforced,,,,,not_applicable,not_applicable_plain_update_path,,,,not_applicable,0,0,0,False,,{},True,,strict_experiment_side_plaintext_oracle_comparison__max_coordinate_and_rmse_numeric_acceptance_envelope__relative_l2_diagnostic_only__no_plaintext_fallback_after_protected_aggregation_failure,custom_reference_prototype_numeric_acceptance_envelope__max_abs_and_rmse_are_acceptance_gates__relative_l2_is_diagnostic_only__not_a_formal_he_security_or_precision_proof,True,False,PASSED_PLAIN_CONTROL_CHECK,0.0,0.0,0.0,0.09624867253709087,0.09624867253709087,,,,True,True,True,True,finite_and_max_abs_and_rmse,0.9988062216916541,0.7166666666666667,0.6056338028169014,0.8775510204081632,0.9382831072778014,0.7284867912883576,0.9783199154732237,0.7239281653547472,0.7239281653547472,0.8877551020408163,0.0026202870005627463,0.8877551020408163,0.0026202870005627463,56808,56,12,86,0.0009848058525604951,0.12244897959183673,0.8775510204081632,0.022767930748416956,0.022767930748416956,fpr,0.005,0.9990783207882552,0.7717391304347826,0.6761904761904762,0.8987341772151899,0.9489933801002307,0.7791354710123013,0.9837371407264358,0.8214882642557934,0.8214882642557934,0.8987341772151899,0.0007474170147285117,0.8987341772151899,0.0007474170147285117,45456,34,8,71,0.0007474170147285117,0.10126582278481013,0.8987341772151899,0.022767930748416956,fpr,0.005,1.0,False,,NOT_FINAL_ROUND,,,,,,,,,,,,,,,,,,,,False,0.9982795547909132,0.7536371510000208,519.1796930002965,2.296235999892815,0.0,0.0,0,0.0,0.0,240,2880,240.0,2880,2880,5760,,not_modelled__session_or_evaluation_key_material_excluded_from_round_payload,0,0,0.0,0.0,actual_generated_protocol_object_bytes,plain_model_update_uplink_plus_plain_global_update_broadcast,model_update_ciphertext_only__auxiliary_protocol_objects_are_counted_in_comm_total,False,single_google_colab_node__logical_client_cloud_authorized_recipient_roles,not_applicable,0.0,0.0,0.0,measured_sum_of_client_protection_plus_server_protected_aggregation_plus_authorized_recovery_or_decryption_ms_per_round,local_training__validation_test_evaluation__transport_latency__serialization_framing_not_explicitly_in_crypto_functions,0.0,0.0,12,12,0,plaintext_update_no_noise,1.0,plain_exact,0,0,False,0,0,False,not_applicable,0,[],0,,True,0.0017204452090867595,0.0020311924643947404,3.9572916666666664,0,0,0,0,0,0,0,0,0,0,0,0,0,12,0,12,0,1,fixed_execution_host_runtime_payload_and_machine_specification__no_unmeasured_absolute_energy_or_carbon_claim,sequential_single_host_wall_clock_and_generated_protocol_object_bytes__machine_specification_recorded__transport_network_facility_energy_not_measured,runtime_payload_measured__energy_not_instrumented,not_reported_without_direct_hardware_energy_instrumentation,not_reported,False,,,,,,,not_reported,0,0.25,not_probed,0,,not_reported__no_valid_colab_network_or_device_energy_scope,,not_reported__no_direct_facility_or_grid_carbon_measurement,0.7536015629998474,Absolute energy and carbon are not reported because direct hardware energy instrumentation is disabled.,False,,,,GOVERNANCE
11,A1_TADP_admission_only,8,tadp_admission_only_ablation,comparative_experiment,main_comparative,TADP admission-only ablation: uses the fixed TADP-admitted cohort with plain FedAvg and deliberately bypasses TADP-Sec runtime signing/freshness/PoFC and encrypted aggregation.,tadp_admission_only_plain_fedavg,custom_reference_python_prototype,False,,,,,,,,,,{},False,False,,,0,baseline_unenforced,,,,,not_applicable,not_applicable_plain_update_path,,,,not_applicable,0,0,0,False,,{},True,,strict_experiment_side_plaintext_oracle_comparison__max_coordinate_and_rmse_numeric_acceptance_envelope__relative_l2_diagnostic_only__no_plaintext_fallback_after_protected_aggregation_failure,custom_reference_prototype_numeric_acceptance_envelope__max_abs_and_rmse_are_acceptance_gates__relative_l2_is_diagnostic_only__not_a_formal_he_security_or_precision_proof,True,False,PASSED_PLAIN_CONTROL_CHECK,0.0,0.0,0.0,0.07178957041692142,0.07178957041692142,,,,True,True,True,True,finite_and_max_abs_and_rmse,0.9988062216916541,0.7166666666666667,0.6056338028169014,0.8775510204081632,0.9382831072778014,0.7284867912883576,0.9784744194526431,0.7244029451482585,0.7244029451482585,0.8877551020408163,0.002198227349465391,0.8877551020408163,0.002198227349465391,56808,56,12,86,0.0009848058525604951,0.12244897959183673,0.8775510204081632,0.026915260840524598,0.026915260840524598,fpr,0.005,0.9990783207882552,0.7717391304347826,0.6761904761904762,0.8987341772151899,0.9489933801002307,0.7791354710123013,0.9836439222975699,0.8219703272762718,0.8219703272762718,0.8987341772151899,0.0007474170147285117,0.8987341772151899,0.0007474170147285117,45456,34,8,71,0.0007474170147285117,0.10126582278481013,0.8987341772151899,0.026915260840524598,fpr,0.005,1.0,False,,NOT_FINAL_ROUND,,,,,,,,,,,,,,,,,,,,False,0.9982795547909132,0.7987361489999785,549.5570859998224,2.4140370001077827,0.0,0.0,0,0.0,0.0,240,2880,240.0,2880,2880,5760,,not_modelled__session_or_evaluation_key_material_excluded_from_round_payload,0,0,0.0,0.0,actual_generated_protocol_object_bytes,plain_model_update_uplink_plus_plain_global_update_broadcast,model_update_ciphertext_only__auxiliary_protocol_objects_are_counted_in_comm_total,False,single_google_colab_node__logical_client_cloud_authorized_recipient_roles,not_applicable,0.0,0.0,0.0,measured_sum_of_client_protection_plus_server_protected_aggregation_plus_authorized_recovery_or_decryption_ms_per_round,local_training__validation_test_evaluation__transport_latency__serialization_framing_not_explicitly_in_crypto_functions,0.0,0.0,12,12,0,plaintext_update_no_noise,1.0,plain_exact,0,0,False,0,0,False,not_applicable,0,[],0,,True,0.0017204452090867595,0.0020311924643947404,3.9572916666666664,0,0,0,0,0,0,0,0,0,0,0,0,0,12,0,12,0,1,fixed_execution_host_runtime_payload_and_machine_specification__no_unmeasured_absolute_energy_or_carbon_claim,sequential_single_host_wall_clock_and_generated_protocol_object_bytes__machine_specification_recorded__transport_network_facility_energy_not_measured,runtime_payload_measured__energy_not_instrumented,not_reported_without_direct_hardware_energy_instrumentation,not_reported,False,,,,,,,not_reported,0,0.25,not_probed,0,,not_reported__no_valid_colab_network_or_device_energy_scope,,not_reported__no_direct_facility_or_grid_carbon_measurement,0.7986876590002794,Absolute energy and carbon are not reported because direct hardware energy instrumentation is disabled.,False,,,,GOVERNANCE
11,A1_TADP_admission_only,9,tadp_admission_only_ablation,comparative_experiment,main_comparative,TADP admission-only ablation: uses the fixed TADP-admitted cohort with plain FedAvg and deliberately bypasses TADP-Sec runtime signing/freshness/PoFC and encrypted aggregation.,tadp_admission_only_plain_fedavg,custom_reference_python_prototype,False,,,,,,,,,,{},False,False,,,0,baseline_unenforced,,,,,not_applicable,not_applicable_plain_update_path,,,,not_applicable,0,0,0,False,,{},True,,strict_experiment_side_plaintext_oracle_comparison__max_coordinate_and_rmse_numeric_acceptance_envelope__relative_l2_diagnostic_only__no_plaintext_fallback_after_protected_aggregation_failure,custom_reference_prototype_numeric_acceptance_envelope__max_abs_and_rmse_are_acceptance_gates__relative_l2_is_diagnostic_only__not_a_formal_he_security_or_precision_proof,True,False,PASSED_PLAIN_CONTROL_CHECK,0.0,0.0,0.0,0.057290860715085,0.057290860715085,,,,True,True,True,True,finite_and_max_abs_and_rmse,0.9988062216916541,0.7166666666666667,0.6056338028169014,0.8775510204081632,0.9382831072778014,0.7284867912883576,0.978577242658459,0.7250683782444977,0.7250683782444977,0.8877551020408163,0.002075126617895329,0.8877551020408163,0.002075126617895329,56808,56,12,86,0.0009848058525604951,0.12244897959183673,0.8775510204081632,0.030916539200099846,0.030916539200099846,fpr,0.005,0.999100265531392,0.7759562841530054,0.6826923076923077,0.8987341772151899,0.9490043715269179,0.7828829081845824,0.9834839205166805,0.8218493799789854,0.8218493799789854,0.8987341772151899,0.0007254341613541438,0.8987341772151899,0.0007254341613541438,45457,33,8,71,0.0007254341613541438,0.10126582278481013,0.8987341772151899,0.030916539200099846,fpr,0.005,1.0,False,,NOT_FINAL_ROUND,,,,,,,,,,,,,,,,,,,,False,0.9982795547909132,0.6024052660000052,443.1291470004908,3.9742240005580243,0.0,0.0,0,0.0,0.0,240,2880,240.0,2880,2880,5760,,not_modelled__session_or_evaluation_key_material_excluded_from_round_payload,0,0,0.0,0.0,actual_generated_protocol_object_bytes,plain_model_update_uplink_plus_plain_global_update_broadcast,model_update_ciphertext_only__auxiliary_protocol_objects_are_counted_in_comm_total,False,single_google_colab_node__logical_client_cloud_authorized_recipient_roles,not_applicable,0.0,0.0,0.0,measured_sum_of_client_protection_plus_server_protected_aggregation_plus_authorized_recovery_or_decryption_ms_per_round,local_training__validation_test_evaluation__transport_latency__serialization_framing_not_explicitly_in_crypto_functions,0.0,0.0,12,12,0,plaintext_update_no_noise,1.0,plain_exact,0,0,False,0,0,False,not_applicable,0,[],0,,True,0.0017204452090867595,0.0020311924643947404,3.9572916666666664,0,0,0,0,0,0,0,0,0,0,0,0,0,12,0,12,0,1,fixed_execution_host_runtime_payload_and_machine_specification__no_unmeasured_absolute_energy_or_carbon_claim,sequential_single_host_wall_clock_and_generated_protocol_object_bytes__machine_specification_recorded__transport_network_facility_energy_not_measured,runtime_payload_measured__energy_not_instrumented,not_reported_without_direct_hardware_energy_instrumentation,not_reported,False,,,,,,,not_reported,0,0.25,not_probed,0,,not_reported__no_valid_colab_network_or_device_energy_scope,,not_reported__no_direct_facility_or_grid_carbon_measurement,0.6023724980000225,Absolute energy and carbon are not reported because direct hardware energy instrumentation is disabled.,False,,,,GOVERNANCE
11,A1_TADP_admission_only,10,tadp_admission_only_ablation,comparative_experiment,main_comparative,TADP admission-only ablation: uses the fixed TADP-admitted cohort with plain FedAvg and deliberately bypasses TADP-Sec runtime signing/freshness/PoFC and encrypted aggregation.,tadp_admission_only_plain_fedavg,custom_reference_python_prototype,False,,,,,,,,,,{},False,False,,,0,baseline_unenforced,,,,,not_applicable,not_applicable_plain_update_path,,,,not_applicable,0,0,0,False,,{},True,,strict_experiment_side_plaintext_oracle_comparison__max_coordinate_and_rmse_numeric_acceptance_envelope__relative_l2_diagnostic_only__no_plaintext_fallback_after_protected_aggregation_failure,custom_reference_prototype_numeric_acceptance_envelope__max_abs_and_rmse_are_acceptance_gates__relative_l2_is_diagnostic_only__not_a_formal_he_security_or_precision_proof,True,False,PASSED_PLAIN_CONTROL_CHECK,0.0,0.0,0.0,0.03867333680983487,0.03867333680983487,,,,True,True,True,True,finite_and_max_abs_and_rmse,0.9988237772550121,0.7196652719665272,0.6099290780141844,0.8775510204081632,0.9382919001871992,0.7310737472020886,0.9786660689880905,0.7249849211775022,0.7249849211775022,0.8877551020408163,0.002057540799099606,0.8877551020408163,0.002057540799099606,56809,55,12,86,0.0009672200337647721,0.12244897959183673,0.8775510204081632,0.03403075224975724,0.03403075224975724,fpr,0.005,0.9991222102745287,0.7802197802197802,0.6893203883495146,0.8987341772151899,0.9490153629536051,0.7866847368188982,0.9833459015891655,0.8219448556216148,0.8219448556216148,0.8987341772151899,0.0007034513079797758,0.8987341772151899,0.0007034513079797758,45458,32,8,71,0.0007034513079797758,0.10126582278481013,0.8987341772151899,0.03403075224975724,fpr,0.005,1.0,False,,NOT_FINAL_ROUND,,,,,,,,,,,,,,,,,,,,False,0.9982795547909132,0.477372271999684,318.3636330008994,2.7744899998651817,0.0,0.0,0,0.0,0.0,240,2880,240.0,2880,2880,5760,,not_modelled__session_or_evaluation_key_material_excluded_from_round_payload,0,0,0.0,0.0,actual_generated_protocol_object_bytes,plain_model_update_uplink_plus_plain_global_update_broadcast,model_update_ciphertext_only__auxiliary_protocol_objects_are_counted_in_comm_total,False,single_google_colab_node__logical_client_cloud_authorized_recipient_roles,not_applicable,0.0,0.0,0.0,measured_sum_of_client_protection_plus_server_protected_aggregation_plus_authorized_recovery_or_decryption_ms_per_round,local_training__validation_test_evaluation__transport_latency__serialization_framing_not_explicitly_in_crypto_functions,0.0,0.0,12,12,0,plaintext_update_no_noise,1.0,plain_exact,0,0,False,0,0,False,not_applicable,0,[],0,,True,0.0017204452090867595,0.0020311924643947404,3.9572916666666664,0,0,0,0,0,0,0,0,0,0,0,0,0,12,0,12,0,1,fixed_execution_host_runtime_payload_and_machine_specification__no_unmeasured_absolute_energy_or_carbon_claim,sequential_single_host_wall_clock_and_generated_protocol_object_bytes__machine_specification_recorded__transport_network_facility_energy_not_measured,runtime_payload_measured__energy_not_instrumented,not_reported_without_direct_hardware_energy_instrumentation,not_reported,False,,,,,,,not_reported,0,0.25,not_probed,0,,not_reported__no_valid_colab_network_or_device_energy_scope,,not_reported__no_direct_facility_or_grid_carbon_measurement,0.4773457910000616,Absolute energy and carbon are not reported because direct hardware energy instrumentation is disabled.,False,,,,GOVERNANCE
11,A1_TADP_admission_only,11,tadp_admission_only_ablation,comparative_experiment,main_comparative,TADP admission-only ablation: uses the fixed TADP-admitted cohort with plain FedAvg and deliberately bypasses TADP-Sec runtime signing/freshness/PoFC and encrypted aggregation.,tadp_admission_only_plain_fedavg,custom_reference_python_prototype,False,,,,,,,,,,{},False,False,,,0,baseline_unenforced,,,,,not_applicable,not_applicable_plain_update_path,,,,not_applicable,0,0,0,False,,{},True,,strict_experiment_side_plaintext_oracle_comparison__max_coordinate_and_rmse_numeric_acceptance_envelope__relative_l2_diagnostic_only__no_plaintext_fallback_after_protected_aggregation_failure,custom_reference_prototype_numeric_acceptance_envelope__max_abs_and_rmse_are_acceptance_gates__relative_l2_is_diagnostic_only__not_a_formal_he_security_or_precision_proof,True,False,PASSED_PLAIN_CONTROL_CHECK,0.0,0.0,0.0,0.030302144196339788,0.030302144196339788,,,,True,True,True,True,finite_and_max_abs_and_rmse,0.9988062216916541,0.7166666666666667,0.6056338028169014,0.8775510204081632,0.9382831072778014,0.7284867912883576,0.9787523830578939,0.7251375825755666,0.7251375825755666,0.8877551020408163,0.0019871975239167134,0.8877551020408163,0.0019871975239167134,56808,56,12,86,0.0009848058525604951,0.12244897959183673,0.8775510204081632,0.036853176900572826,0.036853176900572826,fpr,0.005,0.9991222102745287,0.7802197802197802,0.6893203883495146,0.8987341772151899,0.9490153629536051,0.7866847368188982,0.9832660398307043,0.8228607166308994,0.8228607166308994,0.8987341772151899,0.0007034513079797758,0.8987341772151899,0.0007034513079797758,45458,32,8,71,0.0007034513079797758,0.10126582278481013,0.8987341772151899,0.036853176900572826,fpr,0.005,1.0,False,,NOT_FINAL_ROUND,,,,,,,,,,,,,,,,,,,,False,0.9982795547909132,0.5123650030000135,348.81067100059227,1.739555000767723,0.0,0.0,0,0.0,0.0,240,2880,240.0,2880,2880,5760,,not_modelled__session_or_evaluation_key_material_excluded_from_round_payload,0,0,0.0,0.0,actual_generated_protocol_object_bytes,plain_model_update_uplink_plus_plain_global_update_broadcast,model_update_ciphertext_only__auxiliary_protocol_objects_are_counted_in_comm_total,False,single_google_colab_node__logical_client_cloud_authorized_recipient_roles,not_applicable,0.0,0.0,0.0,measured_sum_of_client_protection_plus_server_protected_aggregation_plus_authorized_recovery_or_decryption_ms_per_round,local_training__validation_test_evaluation__transport_latency__serialization_framing_not_explicitly_in_crypto_functions,0.0,0.0,12,12,0,plaintext_update_no_noise,1.0,plain_exact,0,0,False,0,0,False,not_applicable,0,[],0,,True,0.0017204452090867595,0.0020311924643947404,3.9572916666666664,0,0,0,0,0,0,0,0,0,0,0,0,0,12,0,12,0,1,fixed_execution_host_runtime_payload_and_machine_specification__no_unmeasured_absolute_energy_or_carbon_claim,sequential_single_host_wall_clock_and_generated_protocol_object_bytes__machine_specification_recorded__transport_network_facility_energy_not_measured,runtime_payload_measured__energy_not_instrumented,not_reported_without_direct_hardware_energy_instrumentation,not_reported,False,,,,,,,not_reported,0,0.25,not_probed,0,,not_reported__no_valid_colab_network_or_device_energy_scope,,not_reported__no_direct_facility_or_grid_carbon_measurement,0.5123368189997564,Absolute energy and carbon are not reported because direct hardware energy instrumentation is disabled.,False,,,,GOVERNANCE
11,A1_TADP_admission_only,12,tadp_admission_only_ablation,comparative_experiment,main_comparative,TADP admission-only ablation: uses the fixed TADP-admitted cohort with plain FedAvg and deliberately bypasses TADP-Sec runtime signing/freshness/PoFC and encrypted aggregation.,tadp_admission_only_plain_fedavg,custom_reference_python_prototype,False,,,,,,,,,,{},False,False,,,0,baseline_unenforced,,,,,not_applicable,not_applicable_plain_update_path,,,,not_applicable,0,0,0,False,,{},True,,strict_experiment_side_plaintext_oracle_comparison__max_coordinate_and_rmse_numeric_acceptance_envelope__relative_l2_diagnostic_only__no_plaintext_fallback_after_protected_aggregation_failure,custom_reference_prototype_numeric_acceptance_envelope__max_abs_and_rmse_are_acceptance_gates__relative_l2_is_diagnostic_only__not_a_formal_he_security_or_precision_proof,True,False,PASSED_PLAIN_CONTROL_CHECK,0.0,0.0,0.0,0.021659003992824513,0.021659003992824513,,,,True,True,True,True,finite_and_max_abs_and_rmse,0.9988237772550121,0.7172995780590717,0.6115107913669064,0.8673469387755102,0.9331986522802705,0.7277452070988244,0.9788178812605515,0.7246498539144446,0.7246498539144446,0.8877551020408163,0.0019696117051209903,0.8877551020408163,0.0019696117051209903,56810,54,13,85,0.0009496342149690489,0.1326530612244898,0.8673469387755102,0.03891434006201327,0.03891434006201327,fpr,0.005,0.9991222102745287,0.7802197802197802,0.6893203883495146,0.8987341772151899,0.9490153629536051,0.7866847368188982,0.9832023173823152,0.8228610487577586,0.8228610487577586,0.8987341772151899,0.0007034513079797758,0.8987341772151899,0.0007034513079797758,45458,32,8,71,0.0007034513079797758,0.10126582278481013,0.8987341772151899,0.03891434006201327,fpr,0.005,1.0,False,,NOT_FINAL_ROUND,,,,,,,,,,,,,,,,,,,,False,0.9982795547909132,0.5126759980003044,337.06949800034636,1.8557329999566718,0.0,0.0,0,0.0,0.0,240,2880,240.0,2880,2880,5760,,not_modelled__session_or_evaluation_key_material_excluded_from_round_payload,0,0,0.0,0.0,actual_generated_protocol_object_bytes,plain_model_update_uplink_plus_plain_global_update_broadcast,model_update_ciphertext_only__auxiliary_protocol_objects_are_counted_in_comm_total,False,single_google_colab_node__logical_client_cloud_authorized_recipient_roles,not_applicable,0.0,0.0,0.0,measured_sum_of_client_protection_plus_server_protected_aggregation_plus_authorized_recovery_or_decryption_ms_per_round,local_training__validation_test_evaluation__transport_latency__serialization_framing_not_explicitly_in_crypto_functions,0.0,0.0,12,12,0,plaintext_update_no_noise,1.0,plain_exact,0,0,False,0,0,False,not_applicable,0,[],0,,True,0.0017204452090867595,0.0020311924643947404,3.9572916666666664,0,0,0,0,0,0,0,0,0,0,0,0,0,12,0,12,0,1,fixed_execution_host_runtime_payload_and_machine_specification__no_unmeasured_absolute_energy_or_carbon_claim,sequential_single_host_wall_clock_and_generated_protocol_object_bytes__machine_specification_recorded__transport_network_facility_energy_not_measured,runtime_payload_measured__energy_not_instrumented,not_reported_without_direct_hardware_energy_instrumentation,not_reported,False,,,,,,,not_reported,0,0.25,not_probed,0,,not_reported__no_valid_colab_network_or_device_energy_scope,,not_reported__no_direct_facility_or_grid_carbon_measurement,0.5126481349998357,Absolute energy and carbon are not reported because direct hardware energy instrumentation is disabled.,False,,,,GOVERNANCE
11,A1_TADP_admission_only,13,tadp_admission_only_ablation,comparative_experiment,main_comparative,TADP admission-only ablation: uses the fixed TADP-admitted cohort with plain FedAvg and deliberately bypasses TADP-Sec runtime signing/freshness/PoFC and encrypted aggregation.,tadp_admission_only_plain_fedavg,custom_reference_python_prototype,False,,,,,,,,,,{},False,False,,,0,baseline_unenforced,,,,,not_applicable,not_applicable_plain_update_path,,,,not_applicable,0,0,0,False,,{},True,,strict_experiment_side_plaintext_oracle_comparison__max_coordinate_and_rmse_numeric_acceptance_envelope__relative_l2_diagnostic_only__no_plaintext_fallback_after_protected_aggregation_failure,custom_reference_prototype_numeric_acceptance_envelope__max_abs_and_rmse_are_acceptance_gates__relative_l2_is_diagnostic_only__not_a_formal_he_security_or_precision_proof,True,False,PASSED_PLAIN_CONTROL_CHECK,0.0,0.0,0.0,0.015476795596791108,0.015476795596791108,,,,True,True,True,True,finite_and_max_abs_and_rmse,0.9988062216916541,0.711864406779661,0.6086956521739131,0.8571428571428571,0.928096611463944,0.7217687633914018,0.9788512584268372,0.7251774386081612,0.7251774386081612,0.8877551020408163,0.0019344400675295442,0.8877551020408163,0.0019344400675295442,56810,54,14,84,0.0009496342149690489,0.14285714285714285,0.8571428571428571,0.0406090491465535,0.0406090491465535,fpr,0.005,0.9991441550176655,0.7845303867403315,0.696078431372549,0.8987341772151899,0.9490263543802923,0.7905422865495717,0.9831029771461803,0.8229475204815715,0.8229475204815715,0.8987341772151899,0.0006814684546054077,0.8987341772151899,0.0006814684546054077,45459,31,8,71,0.0006814684546054077,0.10126582278481013,0.8987341772151899,0.0406090491465535,fpr,0.005,1.0,False,,NOT_FINAL_ROUND,,,,,,,,,,,,,,,,,,,,False,0.9982795547909132,0.5052900650002812,344.4001150010081,1.8353979999119474,0.0,0.0,0,0.0,0.0,240,2880,240.0,2880,2880,5760,,not_modelled__session_or_evaluation_key_material_excluded_from_round_payload,0,0,0.0,0.0,actual_generated_protocol_object_bytes,plain_model_update_uplink_plus_plain_global_update_broadcast,model_update_ciphertext_only__auxiliary_protocol_objects_are_counted_in_comm_total,False,single_google_colab_node__logical_client_cloud_authorized_recipient_roles,not_applicable,0.0,0.0,0.0,measured_sum_of_client_protection_plus_server_protected_aggregation_plus_authorized_recovery_or_decryption_ms_per_round,local_training__validation_test_evaluation__transport_latency__serialization_framing_not_explicitly_in_crypto_functions,0.0,0.0,12,12,0,plaintext_update_no_noise,1.0,plain_exact,0,0,False,0,0,False,not_applicable,0,[],0,,True,0.0017204452090867595,0.0020311924643947404,3.9572916666666664,0,0,0,0,0,0,0,0,0,0,0,0,0,12,0,12,0,1,fixed_execution_host_runtime_payload_and_machine_specification__no_unmeasured_absolute_energy_or_carbon_claim,sequential_single_host_wall_clock_and_generated_protocol_object_bytes__machine_specification_recorded__transport_network_facility_energy_not_measured,runtime_payload_measured__energy_not_instrumented,not_reported_without_direct_hardware_energy_instrumentation,not_reported,False,,,,,,,not_reported,0,0.25,not_probed,0,,not_reported__no_valid_colab_network_or_device_energy_scope,,not_reported__no_direct_facility_or_grid_carbon_measurement,0.5052629520000664,Absolute energy and carbon are not reported because direct hardware energy instrumentation is disabled.,False,,,,GOVERNANCE
11,A1_TADP_admission_only,14,tadp_admission_only_ablation,comparative_experiment,main_comparative,TADP admission-only ablation: uses the fixed TADP-admitted cohort with plain FedAvg and deliberately bypasses TADP-Sec runtime signing/freshness/PoFC and encrypted aggregation.,tadp_admission_only_plain_fedavg,custom_reference_python_prototype,False,,,,,,,,,,{},False,False,,,0,baseline_unenforced,,,,,not_applicable,not_applicable_plain_update_path,,,,not_applicable,0,0,0,False,,{},True,,strict_experiment_side_plaintext_oracle_comparison__max_coordinate_and_rmse_numeric_acceptance_envelope__relative_l2_diagnostic_only__no_plaintext_fallback_after_protected_aggregation_failure,custom_reference_prototype_numeric_acceptance_envelope__max_abs_and_rmse_are_acceptance_gates__relative_l2_is_diagnostic_only__not_a_formal_he_security_or_precision_proof,True,False,PASSED_PLAIN_CONTROL_CHECK,0.0,0.0,0.0,0.011222258669288354,0.011222258669288354,,,,True,True,True,True,finite_and_max_abs_and_rmse,0.9988237772550121,0.7148936170212766,0.6131386861313869,0.8571428571428571,0.9281054043733419,0.724406671212077,0.9788984530221767,0.7251260204048741,0.7251260204048741,0.8877551020408163,0.0019520258863252673,0.8877551020408163,0.0019520258863252673,56811,53,14,84,0.0009320483961733258,0.14285714285714285,0.8571428571428571,0.04191493102117315,0.04191493102117315,fpr,0.005,0.9991222102745287,0.7802197802197802,0.6893203883495146,0.8987341772151899,0.9490153629536051,0.7866847368188982,0.9830175501083839,0.822859592853584,0.822859592853584,0.8987341772151899,0.0007034513079797758,0.8987341772151899,0.0007034513079797758,45458,32,8,71,0.0007034513079797758,0.10126582278481013,0.8987341772151899,0.04191493102117315,fpr,0.005,1.0,False,,NOT_FINAL_ROUND,,,,,,,,,,,,,,,,,,,,False,0.9982795547909132,0.4876234679995832,325.2438340009576,1.7713520005600003,0.0,0.0,0,0.0,0.0,240,2880,240.0,2880,2880,5760,,not_modelled__session_or_evaluation_key_material_excluded_from_round_payload,0,0,0.0,0.0,actual_generated_protocol_object_bytes,plain_model_update_uplink_plus_plain_global_update_broadcast,model_update_ciphertext_only__auxiliary_protocol_objects_are_counted_in_comm_total,False,single_google_colab_node__logical_client_cloud_authorized_recipient_roles,not_applicable,0.0,0.0,0.0,measured_sum_of_client_protection_plus_server_protected_aggregation_plus_authorized_recovery_or_decryption_ms_per_round,local_training__validation_test_evaluation__transport_latency__serialization_framing_not_explicitly_in_crypto_functions,0.0,0.0,12,12,0,plaintext_update_no_noise,1.0,plain_exact,0,0,False,0,0,False,not_applicable,0,[],0,,True,0.0017204452090867595,0.0020311924643947404,3.9572916666666664,0,0,0,0,0,0,0,0,0,0,0,0,0,12,0,12,0,1,fixed_execution_host_runtime_payload_and_machine_specification__no_unmeasured_absolute_energy_or_carbon_claim,sequential_single_host_wall_clock_and_generated_protocol_object_bytes__machine_specification_recorded__transport_network_facility_energy_not_measured,runtime_payload_measured__energy_not_instrumented,not_reported_without_direct_hardware_energy_instrumentation,not_reported,False,,,,,,,not_reported,0,0.25,not_probed,0,,not_reported__no_valid_colab_network_or_device_energy_scope,,not_reported__no_direct_facility_or_grid_carbon_measurement,0.48759186100005536,Absolute energy and carbon are not reported because direct hardware energy instrumentation is disabled.,False,,,,GOVERNANCE
11,A1_TADP_admission_only,15,tadp_admission_only_ablation,comparative_experiment,main_comparative,TADP admission-only ablation: uses the fixed TADP-admitted cohort with plain FedAvg and deliberately bypasses TADP-Sec runtime signing/freshness/PoFC and encrypted aggregation.,tadp_admission_only_plain_fedavg,custom_reference_python_prototype,False,,,,,,,,,,{},False,False,,,0,baseline_unenforced,,,,,not_applicable,not_applicable_plain_update_path,,,,not_applicable,0,0,0,False,,{},True,,strict_experiment_side_plaintext_oracle_comparison__max_coordinate_and_rmse_numeric_acceptance_envelope__relative_l2_diagnostic_only__no_plaintext_fallback_after_protected_aggregation_failure,custom_reference_prototype_numeric_acceptance_envelope__max_abs_and_rmse_are_acceptance_gates__relative_l2_is_diagnostic_only__not_a_formal_he_security_or_precision_proof,True,False,PASSED_PLAIN_CONTROL_CHECK,0.0,0.0,0.0,0.010428984767096592,0.010428984767096592,,,,True,True,True,True,finite_and_max_abs_and_rmse,0.9988237772550121,0.7148936170212766,0.6131386861313869,0.8571428571428571,0.9281054043733419,0.724406671212077,0.9789528255027391,0.725323495235762,0.725323495235762,0.8877551020408163,0.001916854248733821,0.8877551020408163,0.001916854248733821,56811,53,14,84,0.0009320483961733258,0.14285714285714285,0.8571428571428571,0.04282249364437033,0.04282249364437033,fpr,0.005,0.9991441550176655,0.7845303867403315,0.696078431372549,0.8987341772151899,0.9490263543802923,0.7905422865495717,0.982981932320638,0.8229452069265338,0.8229452069265338,0.8987341772151899,0.0006814684546054077,0.8987341772151899,0.0006814684546054077,45459,31,8,71,0.0006814684546054077,0.10126582278481013,0.8987341772151899,0.04282249364437033,fpr,0.005,1.0,False,,NOT_FINAL_ROUND,,,,,,,,,,,,,,,,,,,,False,0.9982795547909132,0.5173731059999227,354.84204199974556,1.8106879992956237,0.0,0.0,0,0.0,0.0,240,2880,240.0,2880,2880,5760,,not_modelled__session_or_evaluation_key_material_excluded_from_round_payload,0,0,0.0,0.0,actual_generated_protocol_object_bytes,plain_model_update_uplink_plus_plain_global_update_broadcast,model_update_ciphertext_only__auxiliary_protocol_objects_are_counted_in_comm_total,False,single_google_colab_node__logical_client_cloud_authorized_recipient_roles,not_applicable,0.0,0.0,0.0,measured_sum_of_client_protection_plus_server_protected_aggregation_plus_authorized_recovery_or_decryption_ms_per_round,local_training__validation_test_evaluation__transport_latency__serialization_framing_not_explicitly_in_crypto_functions,0.0,0.0,12,12,0,plaintext_update_no_noise,1.0,plain_exact,0,0,False,0,0,False,not_applicable,0,[],0,,True,0.0017204452090867595,0.0020311924643947404,3.9572916666666664,0,0,0,0,0,0,0,0,0,0,0,0,0,12,0,12,0,1,fixed_execution_host_runtime_payload_and_machine_specification__no_unmeasured_absolute_energy_or_carbon_claim,sequential_single_host_wall_clock_and_generated_protocol_object_bytes__machine_specification_recorded__transport_network_facility_energy_not_measured,runtime_payload_measured__energy_not_instrumented,not_reported_without_direct_hardware_energy_instrumentation,not_reported,False,,,,,,,not_reported,0,0.25,not_probed,0,,not_reported__no_valid_colab_network_or_device_energy_scope,,not_reported__no_direct_facility_or_grid_carbon_measurement,0.5173408860000563,Absolute energy and carbon are not reported because direct hardware energy instrumentation is disabled.,False,,,,GOVERNANCE
11,A1_TADP_admission_only,16,tadp_admission_only_ablation,comparative_experiment,main_comparative,TADP admission-only ablation: uses the fixed TADP-admitted cohort with plain FedAvg and deliberately bypasses TADP-Sec runtime signing/freshness/PoFC and encrypted aggregation.,tadp_admission_only_plain_fedavg,custom_reference_python_prototype,False,,,,,,,,,,{},False,False,,,0,baseline_unenforced,,,,,not_applicable,not_applicable_plain_update_path,,,,not_applicable,0,0,0,False,,{},True,,strict_experiment_side_plaintext_oracle_comparison__max_coordinate_and_rmse_numeric_acceptance_envelope__relative_l2_diagnostic_only__no_plaintext_fallback_after_protected_aggregation_failure,custom_reference_prototype_numeric_acceptance_envelope__max_abs_and_rmse_are_acceptance_gates__relative_l2_is_diagnostic_only__not_a_formal_he_security_or_precision_proof,True,False,PASSED_PLAIN_CONTROL_CHECK,0.0,0.0,0.0,0.009006206642335729,0.009006206642335729,,,,True,True,True,True,finite_and_max_abs_and_rmse,0.9988413328183702,0.717948717948718,0.6176470588235294,0.8571428571428571,0.9281141972827398,0.7270735890776542,0.9790167086812214,0.7253885264568635,0.7253885264568635,0.8877551020408163,0.0018816826111423747,0.8877551020408163,0.0018816826111423747,56812,52,14,84,0.0009144625773776027,0.14285714285714285,0.8571428571428571,0.04351607659205504,0.04351607659205504,fpr,0.005,0.9991441550176655,0.7845303867403315,0.696078431372549,0.8987341772151899,0.9490263543802923,0.7905422865495717,0.982951323284294,0.8237898244687896,0.8237898244687896,0.8987341772151899,0.0006814684546054077,0.8987341772151899,0.0006814684546054077,45459,31,8,71,0.0006814684546054077,0.10126582278481013,0.8987341772151899,0.04351607659205504,fpr,0.005,1.0,False,,NOT_FINAL_ROUND,,,,,,,,,,,,,,,,,,,,False,0.9982795547909132,0.48027734700008295,322.7360039991254,1.8606399999043788,0.0,0.0,0,0.0,0.0,240,2880,240.0,2880,2880,5760,,not_modelled__session_or_evaluation_key_material_excluded_from_round_payload,0,0,0.0,0.0,actual_generated_protocol_object_bytes,plain_model_update_uplink_plus_plain_global_update_broadcast,model_update_ciphertext_only__auxiliary_protocol_objects_are_counted_in_comm_total,False,single_google_colab_node__logical_client_cloud_authorized_recipient_roles,not_applicable,0.0,0.0,0.0,measured_sum_of_client_protection_plus_server_protected_aggregation_plus_authorized_recovery_or_decryption_ms_per_round,local_training__validation_test_evaluation__transport_latency__serialization_framing_not_explicitly_in_crypto_functions,0.0,0.0,12,12,0,plaintext_update_no_noise,1.0,plain_exact,0,0,False,0,0,False,not_applicable,0,[],0,,True,0.0017204452090867595,0.0020311924643947404,3.9572916666666664,0,0,0,0,0,0,0,0,0,0,0,0,0,12,0,12,0,1,fixed_execution_host_runtime_payload_and_machine_specification__no_unmeasured_absolute_energy_or_carbon_claim,sequential_single_host_wall_clock_and_generated_protocol_object_bytes__machine_specification_recorded__transport_network_facility_energy_not_measured,runtime_payload_measured__energy_not_instrumented,not_reported_without_direct_hardware_energy_instrumentation,not_reported,False,,,,,,,not_reported,0,0.25,not_probed,0,,not_reported__no_valid_colab_network_or_device_energy_scope,,not_reported__no_direct_facility_or_grid_carbon_measurement,0.4802495240001008,Absolute energy and carbon are not reported because direct hardware energy instrumentation is disabled.,False,,,,GOVERNANCE
11,A1_TADP_admission_only,17,tadp_admission_only_ablation,comparative_experiment,main_comparative,TADP admission-only ablation: uses the fixed TADP-admitted cohort with plain FedAvg and deliberately bypasses TADP-Sec runtime signing/freshness/PoFC and encrypted aggregation.,tadp_admission_only_plain_fedavg,custom_reference_python_prototype,False,,,,,,,,,,{},False,False,,,0,baseline_unenforced,,,,,not_applicable,not_applicable_plain_update_path,,,,not_applicable,0,0,0,False,,{},True,,strict_experiment_side_plaintext_oracle_comparison__max_coordinate_and_rmse_numeric_acceptance_envelope__relative_l2_diagnostic_only__no_plaintext_fallback_after_protected_aggregation_failure,custom_reference_prototype_numeric_acceptance_envelope__max_abs_and_rmse_are_acceptance_gates__relative_l2_is_diagnostic_only__not_a_formal_he_security_or_precision_proof,True,False,PASSED_PLAIN_CONTROL_CHECK,0.0,0.0,0.0,0.008083750771191391,0.008083750771191391,,,,True,True,True,True,finite_and_max_abs_and_rmse,0.9988413328183702,0.717948717948718,0.6176470588235294,0.8571428571428571,0.9281141972827398,0.7270735890776542,0.9790344739471478,0.7255081420271569,0.7255081420271569,0.8877551020408163,0.0018992684299380979,0.8877551020408163,0.0018992684299380979,56812,52,14,84,0.0009144625773776027,0.14285714285714285,0.8571428571428571,0.0442612260715995,0.0442612260715995,fpr,0.005,0.9991441550176655,0.7845303867403315,0.696078431372549,0.8987341772151899,0.9490263543802923,0.7905422865495717,0.9829215490398502,0.8237922054689335,0.8237922054689335,0.8987341772151899,0.0006814684546054077,0.8987341772151899,0.0006814684546054077,45459,31,8,71,0.0006814684546054077,0.10126582278481013,0.8987341772151899,0.0442612260715995,fpr,0.005,1.0,False,,NOT_FINAL_ROUND,,,,,,,,,,,,,,,,,,,,False,0.9982795547909132,0.4979215309999745,340.3655379997872,1.9575110000005225,0.0,0.0,0,0.0,0.0,240,2880,240.0,2880,2880,5760,,not_modelled__session_or_evaluation_key_material_excluded_from_round_payload,0,0,0.0,0.0,actual_generated_protocol_object_bytes,plain_model_update_uplink_plus_plain_global_update_broadcast,model_update_ciphertext_only__auxiliary_protocol_objects_are_counted_in_comm_total,False,single_google_colab_node__logical_client_cloud_authorized_recipient_roles,not_applicable,0.0,0.0,0.0,measured_sum_of_client_protection_plus_server_protected_aggregation_plus_authorized_recovery_or_decryption_ms_per_round,local_training__validation_test_evaluation__transport_latency__serialization_framing_not_explicitly_in_crypto_functions,0.0,0.0,12,12,0,plaintext_update_no_noise,1.0,plain_exact,0,0,False,0,0,False,not_applicable,0,[],0,,True,0.0017204452090867595,0.0020311924643947404,3.9572916666666664,0,0,0,0,0,0,0,0,0,0,0,0,0,12,0,12,0,1,fixed_execution_host_runtime_payload_and_machine_specification__no_unmeasured_absolute_energy_or_carbon_claim,sequential_single_host_wall_clock_and_generated_protocol_object_bytes__machine_specification_recorded__transport_network_facility_energy_not_measured,runtime_payload_measured__energy_not_instrumented,not_reported_without_direct_hardware_energy_instrumentation,not_reported,False,,,,,,,not_reported,0,0.25,not_probed,0,,not_reported__no_valid_colab_network_or_device_energy_scope,,not_reported__no_direct_facility_or_grid_carbon_measurement,0.4978947680001511,Absolute energy and carbon are not reported because direct hardware energy instrumentation is disabled.,False,,,,GOVERNANCE
11,A1_TADP_admission_only,18,tadp_admission_only_ablation,comparative_experiment,main_comparative,TADP admission-only ablation: uses the fixed TADP-admitted cohort with plain FedAvg and deliberately bypasses TADP-Sec runtime signing/freshness/PoFC and encrypted aggregation.,tadp_admission_only_plain_fedavg,custom_reference_python_prototype,False,,,,,,,,,,{},False,False,,,0,baseline_unenforced,,,,,not_applicable,not_applicable_plain_update_path,,,,not_applicable,0,0,0,False,,{},True,,strict_experiment_side_plaintext_oracle_comparison__max_coordinate_and_rmse_numeric_acceptance_envelope__relative_l2_diagnostic_only__no_plaintext_fallback_after_protected_aggregation_failure,custom_reference_prototype_numeric_acceptance_envelope__max_abs_and_rmse_are_acceptance_gates__relative_l2_is_diagnostic_only__not_a_formal_he_security_or_precision_proof,True,False,PASSED_PLAIN_CONTROL_CHECK,0.0,0.0,0.0,0.006218412847613337,0.006218412847613337,,,,True,True,True,True,finite_and_max_abs_and_rmse,0.9988413328183702,0.717948717948718,0.6176470588235294,0.8571428571428571,0.9281141972827398,0.7270735890776542,0.9790477530348098,0.725739474586542,0.725739474586542,0.8877551020408163,0.0018640967923466516,0.8877551020408163,0.0018640967923466516,56812,52,14,84,0.0009144625773776027,0.14285714285714285,0.8571428571428571,0.04465581301418733,0.04465581301418733,fpr,0.005,0.9991441550176655,0.7845303867403315,0.696078431372549,0.8987341772151899,0.9490263543802923,0.7905422865495717,0.9828990096585423,0.8237957275927325,0.8237957275927325,0.8987341772151899,0.0006814684546054077,0.8987341772151899,0.0006814684546054077,45459,31,8,71,0.0006814684546054077,0.10126582278481013,0.8987341772151899,0.04465581301418733,fpr,0.005,1.0,False,,NOT_FINAL_ROUND,,,,,,,,,,,,,,,,,,,,False,0.9982795547909132,0.4818413410002904,323.16589399988516,1.8028479998974944,0.0,0.0,0,0.0,0.0,240,2880,240.0,2880,2880,5760,,not_modelled__session_or_evaluation_key_material_excluded_from_round_payload,0,0,0.0,0.0,actual_generated_protocol_object_bytes,plain_model_update_uplink_plus_plain_global_update_broadcast,model_update_ciphertext_only__auxiliary_protocol_objects_are_counted_in_comm_total,False,single_google_colab_node__logical_client_cloud_authorized_recipient_roles,not_applicable,0.0,0.0,0.0,measured_sum_of_client_protection_plus_server_protected_aggregation_plus_authorized_recovery_or_decryption_ms_per_round,local_training__validation_test_evaluation__transport_latency__serialization_framing_not_explicitly_in_crypto_functions,0.0,0.0,12,12,0,plaintext_update_no_noise,1.0,plain_exact,0,0,False,0,0,False,not_applicable,0,[],0,,True,0.0017204452090867595,0.0020311924643947404,3.9572916666666664,0,0,0,0,0,0,0,0,0,0,0,0,0,12,0,12,0,1,fixed_execution_host_runtime_payload_and_machine_specification__no_unmeasured_absolute_energy_or_carbon_claim,sequential_single_host_wall_clock_and_generated_protocol_object_bytes__machine_specification_recorded__transport_network_facility_energy_not_measured,runtime_payload_measured__energy_not_instrumented,not_reported_without_direct_hardware_energy_instrumentation,not_reported,False,,,,,,,not_reported,0,0.25,not_probed,0,,not_reported__no_valid_colab_network_or_device_energy_scope,,not_reported__no_direct_facility_or_grid_carbon_measurement,0.4818150920000335,Absolute energy and carbon are not reported because direct hardware energy instrumentation is disabled.,False,,,,GOVERNANCE
11,A1_TADP_admission_only,19,tadp_admission_only_ablation,comparative_experiment,main_comparative,TADP admission-only ablation: uses the fixed TADP-admitted cohort with plain FedAvg and deliberately bypasses TADP-Sec runtime signing/freshness/PoFC and encrypted aggregation.,tadp_admission_only_plain_fedavg,custom_reference_python_prototype,False,,,,,,,,,,{},False,False,,,0,baseline_unenforced,,,,,not_applicable,not_applicable_plain_update_path,,,,not_applicable,0,0,0,False,,{},True,,strict_experiment_side_plaintext_oracle_comparison__max_coordinate_and_rmse_numeric_acceptance_envelope__relative_l2_diagnostic_only__no_plaintext_fallback_after_protected_aggregation_failure,custom_reference_prototype_numeric_acceptance_envelope__max_abs_and_rmse_are_acceptance_gates__relative_l2_is_diagnostic_only__not_a_formal_he_security_or_precision_proof,True,False,PASSED_PLAIN_CONTROL_CHECK,0.0,0.0,0.0,0.00731782525498588,0.00731782525498588,,,,True,True,True,True,finite_and_max_abs_and_rmse,0.9988237772550121,0.7148936170212766,0.6131386861313869,0.8571428571428571,0.9281054043733419,0.724406671212077,0.9790513419774214,0.7262788456309741,0.7262788456309741,0.8877551020408163,0.0018816826111423747,0.8877551020408163,0.0018816826111423747,56811,53,14,84,0.0009320483961733258,0.14285714285714285,0.8571428571428571,0.0450867090005347,0.0450867090005347,fpr,0.005,0.9991441550176655,0.7845303867403315,0.696078431372549,0.8987341772151899,0.9490263543802923,0.7905422865495717,0.9829390796697564,0.8237990336938446,0.8237990336938446,0.8987341772151899,0.0006814684546054077,0.8987341772151899,0.0006814684546054077,45459,31,8,71,0.0006814684546054077,0.10126582278481013,0.8987341772151899,0.0450867090005347,fpr,0.005,1.0,False,,NOT_FINAL_ROUND,,,,,,,,,,,,,,,,,,,,False,0.9982795547909132,0.4971387519999553,340.18626799979756,1.9001369996658468,0.0,0.0,0,0.0,0.0,240,2880,240.0,2880,2880,5760,,not_modelled__session_or_evaluation_key_material_excluded_from_round_payload,0,0,0.0,0.0,actual_generated_protocol_object_bytes,plain_model_update_uplink_plus_plain_global_update_broadcast,model_update_ciphertext_only__auxiliary_protocol_objects_are_counted_in_comm_total,False,single_google_colab_node__logical_client_cloud_authorized_recipient_roles,not_applicable,0.0,0.0,0.0,measured_sum_of_client_protection_plus_server_protected_aggregation_plus_authorized_recovery_or_decryption_ms_per_round,local_training__validation_test_evaluation__transport_latency__serialization_framing_not_explicitly_in_crypto_functions,0.0,0.0,12,12,0,plaintext_update_no_noise,1.0,plain_exact,0,0,False,0,0,False,not_applicable,0,[],0,,True,0.0017204452090867595,0.0020311924643947404,3.9572916666666664,0,0,0,0,0,0,0,0,0,0,0,0,0,12,0,12,0,1,fixed_execution_host_runtime_payload_and_machine_specification__no_unmeasured_absolute_energy_or_carbon_claim,sequential_single_host_wall_clock_and_generated_protocol_object_bytes__machine_specification_recorded__transport_network_facility_energy_not_measured,runtime_payload_measured__energy_not_instrumented,not_reported_without_direct_hardware_energy_instrumentation,not_reported,False,,,,,,,not_reported,0,0.25,not_probed,0,,not_reported__no_valid_colab_network_or_device_energy_scope,,not_reported__no_direct_facility_or_grid_carbon_measurement,0.4971134299998994,Absolute energy and carbon are not reported because direct hardware energy instrumentation is disabled.,False,,,,GOVERNANCE
11,A1_TADP_admission_only,20,tadp_admission_only_ablation,comparative_experiment,main_comparative,TADP admission-only ablation: uses the fixed TADP-admitted cohort with plain FedAvg and deliberately bypasses TADP-Sec runtime signing/freshness/PoFC and encrypted aggregation.,tadp_admission_only_plain_fedavg,custom_reference_python_prototype,False,,,,,,,,,,{},False,False,,,0,baseline_unenforced,,,,,not_applicable,not_applicable_plain_update_path,,,,not_applicable,0,0,0,False,,{},True,,strict_experiment_side_plaintext_oracle_comparison__max_coordinate_and_rmse_numeric_acceptance_envelope__relative_l2_diagnostic_only__no_plaintext_fallback_after_protected_aggregation_failure,custom_reference_prototype_numeric_acceptance_envelope__max_abs_and_rmse_are_acceptance_gates__relative_l2_is_diagnostic_only__not_a_formal_he_security_or_precision_proof,True,False,PASSED_PLAIN_CONTROL_CHECK,0.0,0.0,0.0,0.006871964991178887,0.006871964991178887,,,,True,True,True,True,finite_and_max_abs_and_rmse,0.9988413328183702,0.717948717948718,0.6176470588235294,0.8571428571428571,0.9281141972827398,0.7270735890776542,0.9790892053219713,0.7263391760793125,0.7263391760793125,0.8877551020408163,0.0018465109735509285,0.8877551020408163,0.0018465109735509285,56812,52,14,84,0.0009144625773776027,0.14285714285714285,0.8571428571428571,0.04525600783276441,0.04525600783276441,fpr,0.005,0.9991441550176655,0.7845303867403315,0.696078431372549,0.8987341772151899,0.9490263543802923,0.7905422865495717,0.9829763670413026,0.8244768101911787,0.8244768101911787,0.8987341772151899,0.0006814684546054077,0.8987341772151899,0.0006814684546054077,45459,31,8,71,0.0006814684546054077,0.10126582278481013,0.8987341772151899,0.04525600783276441,fpr,0.005,1.0,True,,NO_REFERENCE_DEFINED,,,,,,,,,,,,,,,,,,,,False,0.9982795547909132,0.4733838619999915,315.84939099911935,1.8000890004259418,0.0,0.0,0,0.0,0.0,240,2880,240.0,2880,2880,5760,,not_modelled__session_or_evaluation_key_material_excluded_from_round_payload,0,0,0.0,0.0,actual_generated_protocol_object_bytes,plain_model_update_uplink_plus_plain_global_update_broadcast,model_update_ciphertext_only__auxiliary_protocol_objects_are_counted_in_comm_total,False,single_google_colab_node__logical_client_cloud_authorized_recipient_roles,not_applicable,0.0,0.0,0.0,measured_sum_of_client_protection_plus_server_protected_aggregation_plus_authorized_recovery_or_decryption_ms_per_round,local_training__validation_test_evaluation__transport_latency__serialization_framing_not_explicitly_in_crypto_functions,0.0,0.0,12,12,0,plaintext_update_no_noise,1.0,plain_exact,0,0,False,0,0,False,not_applicable,0,[],0,,True,0.0017204452090867595,0.0020311924643947404,3.9572916666666664,0,0,0,0,0,0,0,0,0,0,0,0,0,12,0,12,0,1,fixed_execution_host_runtime_payload_and_machine_specification__no_unmeasured_absolute_energy_or_carbon_claim,sequential_single_host_wall_clock_and_generated_protocol_object_bytes__machine_specification_recorded__transport_network_facility_energy_not_measured,runtime_payload_measured__energy_not_instrumented,not_reported_without_direct_hardware_energy_instrumentation,not_reported,False,,,,,,,not_reported,0,0.25,not_probed,0,,not_reported__no_valid_colab_network_or_device_energy_scope,,not_reported__no_direct_facility_or_grid_carbon_measurement,0.47335737499997776,Absolute energy and carbon are not reported because direct hardware energy instrumentation is disabled.,False,,,,GOVERNANCE
19,A1_TADP_admission_only,1,tadp_admission_only_ablation,comparative_experiment,main_comparative,TADP admission-only ablation: uses the fixed TADP-admitted cohort with plain FedAvg and deliberately bypasses TADP-Sec runtime signing/freshness/PoFC and encrypted aggregation.,tadp_admission_only_plain_fedavg,custom_reference_python_prototype,False,,,,,,,,,,{},False,False,,,0,baseline_unenforced,,,,,not_applicable,not_applicable_plain_update_path,,,,not_applicable,0,0,0,False,,{},True,,strict_experiment_side_plaintext_oracle_comparison__max_coordinate_and_rmse_numeric_acceptance_envelope__relative_l2_diagnostic_only__no_plaintext_fallback_after_protected_aggregation_failure,custom_reference_prototype_numeric_acceptance_envelope__max_abs_and_rmse_are_acceptance_gates__relative_l2_is_diagnostic_only__not_a_formal_he_security_or_precision_proof,True,False,PASSED_PLAIN_CONTROL_CHECK,0.0,0.0,0.0,0.3062369458356335,0.3062369458356335,,,,True,True,True,True,finite_and_max_abs_and_rmse,0.998139110284049,0.6159420289855072,0.47752808988764045,0.8673469387755102,0.932855728813754,0.642808948864034,0.9624025960975274,0.7060984897849248,0.7060984897849248,0.8775510204081632,0.0018816826111423747,0.8877551020408163,0.009812886888013506,56771,93,13,85,0.001635481148002251,0.1326530612244898,0.8673469387755102,0.0034824339566690127,0.0034824339566690127,fpr,0.005,0.9984858127235621,0.6729857819905213,0.5378787878787878,0.8987341772151899,0.9486966115796767,0.6946443528363763,0.9684554401996822,0.8043186838531067,0.8043186838531067,0.8987341772151899,0.0013409540558364475,0.8987341772151899,0.0013409540558364475,45429,61,8,71,0.0013409540558364475,0.10126582278481013,0.8987341772151899,0.0034824339566690127,fpr,0.005,1.0,False,,NOT_FINAL_ROUND,,,,,,,,,,,,,,,,,,,,False,0.9982795547909132,0.5006371800000124,343.1248970005072,1.900996000131272,0.0,0.0,0,0.0,0.0,240,2880,240.0,2880,2880,5760,,not_modelled__session_or_evaluation_key_material_excluded_from_round_payload,0,0,0.0,0.0,actual_generated_protocol_object_bytes,plain_model_update_uplink_plus_plain_global_update_broadcast,model_update_ciphertext_only__auxiliary_protocol_objects_are_counted_in_comm_total,False,single_google_colab_node__logical_client_cloud_authorized_recipient_roles,not_applicable,0.0,0.0,0.0,measured_sum_of_client_protection_plus_server_protected_aggregation_plus_authorized_recovery_or_decryption_ms_per_round,local_training__validation_test_evaluation__transport_latency__serialization_framing_not_explicitly_in_crypto_functions,0.0,0.0,12,12,0,plaintext_update_no_noise,1.0,plain_exact,0,0,False,0,0,False,not_applicable,0,[],0,,True,0.0017204452090867595,0.0020311924643947404,3.9572916666666664,0,0,0,0,0,0,0,0,0,0,0,0,0,12,0,12,0,1,fixed_execution_host_runtime_payload_and_machine_specification__no_unmeasured_absolute_energy_or_carbon_claim,sequential_single_host_wall_clock_and_generated_protocol_object_bytes__machine_specification_recorded__transport_network_facility_energy_not_measured,runtime_payload_measured__energy_not_instrumented,not_reported_without_direct_hardware_energy_instrumentation,not_reported,False,,,,,,,not_reported,0,0.25,not_probed,0,,not_reported__no_valid_colab_network_or_device_energy_scope,,not_reported__no_direct_facility_or_grid_carbon_measurement,0.5006071239999983,Absolute energy and carbon are not reported because direct hardware energy instrumentation is disabled.,False,,,,GOVERNANCE
19,A1_TADP_admission_only,2,tadp_admission_only_ablation,comparative_experiment,main_comparative,TADP admission-only ablation: uses the fixed TADP-admitted cohort with plain FedAvg and deliberately bypasses TADP-Sec runtime signing/freshness/PoFC and encrypted aggregation.,tadp_admission_only_plain_fedavg,custom_reference_python_prototype,False,,,,,,,,,,{},False,False,,,0,baseline_unenforced,,,,,not_applicable,not_applicable_plain_update_path,,,,not_applicable,0,0,0,False,,{},True,,strict_experiment_side_plaintext_oracle_comparison__max_coordinate_and_rmse_numeric_acceptance_envelope__relative_l2_diagnostic_only__no_plaintext_fallback_after_protected_aggregation_failure,custom_reference_prototype_numeric_acceptance_envelope__max_abs_and_rmse_are_acceptance_gates__relative_l2_is_diagnostic_only__not_a_formal_he_security_or_precision_proof,True,False,PASSED_PLAIN_CONTROL_CHECK,0.0,0.0,0.0,0.28221155379086954,0.28221155379086954,,,,True,True,True,True,finite_and_max_abs_and_rmse,0.9988764439450862,0.7264957264957265,0.625,0.8673469387755102,0.9332250310084642,0.7357534045187838,0.9729269908582454,0.7203607273634918,0.7203607273634918,0.8877551020408163,0.0049943725379853685,0.8877551020408163,0.0049943725379853685,56813,51,13,85,0.0008968767585818796,0.1326530612244898,0.8673469387755102,0.005421857338925015,0.005421857338925015,fpr,0.005,0.9990563760451184,0.7675675675675676,0.6698113207547169,0.8987341772151899,0.9489823886735436,0.7754411396718406,0.9756299200547623,0.8201555711270961,0.8201555711270961,0.8987341772151899,0.0007693998681028798,0.8987341772151899,0.0007693998681028798,45455,35,8,71,0.0007693998681028798,0.10126582278481013,0.8987341772151899,0.005421857338925015,fpr,0.005,1.0,False,,NOT_FINAL_ROUND,,,,,,,,,,,,,,,,,,,,False,0.9982795547909132,0.4807874369998899,323.1375790005586,1.794342001176119,0.0,0.0,0,0.0,0.0,240,2880,240.0,2880,2880,5760,,not_modelled__session_or_evaluation_key_material_excluded_from_round_payload,0,0,0.0,0.0,actual_generated_protocol_object_bytes,plain_model_update_uplink_plus_plain_global_update_broadcast,model_update_ciphertext_only__auxiliary_protocol_objects_are_counted_in_comm_total,False,single_google_colab_node__logical_client_cloud_authorized_recipient_roles,not_applicable,0.0,0.0,0.0,measured_sum_of_client_protection_plus_server_protected_aggregation_plus_authorized_recovery_or_decryption_ms_per_round,local_training__validation_test_evaluation__transport_latency__serialization_framing_not_explicitly_in_crypto_functions,0.0,0.0,12,12,0,plaintext_update_no_noise,1.0,plain_exact,0,0,False,0,0,False,not_applicable,0,[],0,,True,0.0017204452090867595,0.0020311924643947404,3.9572916666666664,0,0,0,0,0,0,0,0,0,0,0,0,0,12,0,12,0,1,fixed_execution_host_runtime_payload_and_machine_specification__no_unmeasured_absolute_energy_or_carbon_claim,sequential_single_host_wall_clock_and_generated_protocol_object_bytes__machine_specification_recorded__transport_network_facility_energy_not_measured,runtime_payload_measured__energy_not_instrumented,not_reported_without_direct_hardware_energy_instrumentation,not_reported,False,,,,,,,not_reported,0,0.25,not_probed,0,,not_reported__no_valid_colab_network_or_device_energy_scope,,not_reported__no_direct_facility_or_grid_carbon_measurement,0.4807434149997789,Absolute energy and carbon are not reported because direct hardware energy instrumentation is disabled.,False,,,,GOVERNANCE
19,A1_TADP_admission_only,3,tadp_admission_only_ablation,comparative_experiment,main_comparative,TADP admission-only ablation: uses the fixed TADP-admitted cohort with plain FedAvg and deliberately bypasses TADP-Sec runtime signing/freshness/PoFC and encrypted aggregation.,tadp_admission_only_plain_fedavg,custom_reference_python_prototype,False,,,,,,,,,,{},False,False,,,0,baseline_unenforced,,,,,not_applicable,not_applicable_plain_update_path,,,,not_applicable,0,0,0,False,,{},True,,strict_experiment_side_plaintext_oracle_comparison__max_coordinate_and_rmse_numeric_acceptance_envelope__relative_l2_diagnostic_only__no_plaintext_fallback_after_protected_aggregation_failure,custom_reference_prototype_numeric_acceptance_envelope__max_abs_and_rmse_are_acceptance_gates__relative_l2_is_diagnostic_only__not_a_formal_he_security_or_precision_proof,True,False,PASSED_PLAIN_CONTROL_CHECK,0.0,0.0,0.0,0.24562740148057177,0.24562740148057177,,,,True,True,True,True,finite_and_max_abs_and_rmse,0.9989817773252344,0.7456140350877193,0.6538461538461539,0.8673469387755102,0.9332777884648513,0.7525927260879238,0.9783236838629655,0.7223171817081995,0.7223171817081995,0.8877551020408163,0.004115081598199212,0.8877551020408163,0.004115081598199212,56819,45,13,85,0.0007913618458075408,0.1326530612244898,0.8673469387755102,0.008081458487848709,0.008081458487848709,fpr,0.005,0.9991660997608023,0.7888888888888889,0.7029702970297029,0.8987341772151899,0.9490373458069794,0.7944569329707268,0.9805944274858016,0.8208696467575968,0.8208696467575968,0.8987341772151899,0.0006594856012310398,0.8987341772151899,0.0006594856012310398,45460,30,8,71,0.0006594856012310398,0.10126582278481013,0.8987341772151899,0.008081458487848709,fpr,0.005,1.0,False,,NOT_FINAL_ROUND,,,,,,,,,,,,,,,,,,,,False,0.9982795547909132,0.4820112329998665,319.7817589993974,1.7647350009610818,0.0,0.0,0,0.0,0.0,240,2880,240.0,2880,2880,5760,,not_modelled__session_or_evaluation_key_material_excluded_from_round_payload,0,0,0.0,0.0,actual_generated_protocol_object_bytes,plain_model_update_uplink_plus_plain_global_update_broadcast,model_update_ciphertext_only__auxiliary_protocol_objects_are_counted_in_comm_total,False,single_google_colab_node__logical_client_cloud_authorized_recipient_roles,not_applicable,0.0,0.0,0.0,measured_sum_of_client_protection_plus_server_protected_aggregation_plus_authorized_recovery_or_decryption_ms_per_round,local_training__validation_test_evaluation__transport_latency__serialization_framing_not_explicitly_in_crypto_functions,0.0,0.0,12,12,0,plaintext_update_no_noise,1.0,plain_exact,0,0,False,0,0,False,not_applicable,0,[],0,,True,0.0017204452090867595,0.0020311924643947404,3.9572916666666664,0,0,0,0,0,0,0,0,0,0,0,0,0,12,0,12,0,1,fixed_execution_host_runtime_payload_and_machine_specification__no_unmeasured_absolute_energy_or_carbon_claim,sequential_single_host_wall_clock_and_generated_protocol_object_bytes__machine_specification_recorded__transport_network_facility_energy_not_measured,runtime_payload_measured__energy_not_instrumented,not_reported_without_direct_hardware_energy_instrumentation,not_reported,False,,,,,,,not_reported,0,0.25,not_probed,0,,not_reported__no_valid_colab_network_or_device_energy_scope,,not_reported__no_direct_facility_or_grid_carbon_measurement,0.4819854289999057,Absolute energy and carbon are not reported because direct hardware energy instrumentation is disabled.,False,,,,GOVERNANCE
19,A1_TADP_admission_only,4,tadp_admission_only_ablation,comparative_experiment,main_comparative,TADP admission-only ablation: uses the fixed TADP-admitted cohort with plain FedAvg and deliberately bypasses TADP-Sec runtime signing/freshness/PoFC and encrypted aggregation.,tadp_admission_only_plain_fedavg,custom_reference_python_prototype,False,,,,,,,,,,{},False,False,,,0,baseline_unenforced,,,,,not_applicable,not_applicable_plain_update_path,,,,not_applicable,0,0,0,False,,{},True,,strict_experiment_side_plaintext_oracle_comparison__max_coordinate_and_rmse_numeric_acceptance_envelope__relative_l2_diagnostic_only__no_plaintext_fallback_after_protected_aggregation_failure,custom_reference_prototype_numeric_acceptance_envelope__max_abs_and_rmse_are_acceptance_gates__relative_l2_is_diagnostic_only__not_a_formal_he_security_or_precision_proof,True,False,PASSED_PLAIN_CONTROL_CHECK,0.0,0.0,0.0,0.20424430316887524,0.20424430316887524,,,,True,True,True,True,finite_and_max_abs_and_rmse,0.9989466661985184,0.7391304347826086,0.6439393939393939,0.8673469387755102,0.9332602026460556,0.7468523321116873,0.9803367217736841,0.7236956321730411,0.7236956321730411,0.8877551020408163,0.003517163759144626,0.8877551020408163,0.003517163759144626,56817,47,13,85,0.000826533483398987,0.1326530612244898,0.8673469387755102,0.011503754583633178,0.011503754583633178,fpr,0.005,0.9992099892470758,0.797752808988764,0.7171717171717171,0.8987341772151899,0.9490593286603538,0.8024632605522288,0.9827267642631152,0.820973197897922,0.820973197897922,0.8987341772151899,0.0006155198944823038,0.8987341772151899,0.0006155198944823038,45462,28,8,71,0.0006155198944823038,0.10126582278481013,0.8987341772151899,0.011503754583633178,fpr,0.005,1.0,False,,NOT_FINAL_ROUND,,,,,,,,,,,,,,,,,,,,False,0.9982795547909132,0.48175126200021623,319.02852399889525,1.7848679995040584,0.0,0.0,0,0.0,0.0,240,2880,240.0,2880,2880,5760,,not_modelled__session_or_evaluation_key_material_excluded_from_round_payload,0,0,0.0,0.0,actual_generated_protocol_object_bytes,plain_model_update_uplink_plus_plain_global_update_broadcast,model_update_ciphertext_only__auxiliary_protocol_objects_are_counted_in_comm_total,False,single_google_colab_node__logical_client_cloud_authorized_recipient_roles,not_applicable,0.0,0.0,0.0,measured_sum_of_client_protection_plus_server_protected_aggregation_plus_authorized_recovery_or_decryption_ms_per_round,local_training__validation_test_evaluation__transport_latency__serialization_framing_not_explicitly_in_crypto_functions,0.0,0.0,12,12,0,plaintext_update_no_noise,1.0,plain_exact,0,0,False,0,0,False,not_applicable,0,[],0,,True,0.0017204452090867595,0.0020311924643947404,3.9572916666666664,0,0,0,0,0,0,0,0,0,0,0,0,0,12,0,12,0,1,fixed_execution_host_runtime_payload_and_machine_specification__no_unmeasured_absolute_energy_or_carbon_claim,sequential_single_host_wall_clock_and_generated_protocol_object_bytes__machine_specification_recorded__transport_network_facility_energy_not_measured,runtime_payload_measured__energy_not_instrumented,not_reported_without_direct_hardware_energy_instrumentation,not_reported,False,,,,,,,not_reported,0,0.25,not_probed,0,,not_reported__no_valid_colab_network_or_device_energy_scope,,not_reported__no_direct_facility_or_grid_carbon_measurement,0.48172435300011784,Absolute energy and carbon are not reported because direct hardware energy instrumentation is disabled.,False,,,,GOVERNANCE
19,A1_TADP_admission_only,5,tadp_admission_only_ablation,comparative_experiment,main_comparative,TADP admission-only ablation: uses the fixed TADP-admitted cohort with plain FedAvg and deliberately bypasses TADP-Sec runtime signing/freshness/PoFC and encrypted aggregation.,tadp_admission_only_plain_fedavg,custom_reference_python_prototype,False,,,,,,,,,,{},False,False,,,0,baseline_unenforced,,,,,not_applicable,not_applicable_plain_update_path,,,,not_applicable,0,0,0,False,,{},True,,strict_experiment_side_plaintext_oracle_comparison__max_coordinate_and_rmse_numeric_acceptance_envelope__relative_l2_diagnostic_only__no_plaintext_fallback_after_protected_aggregation_failure,custom_reference_prototype_numeric_acceptance_envelope__max_abs_and_rmse_are_acceptance_gates__relative_l2_is_diagnostic_only__not_a_formal_he_security_or_precision_proof,True,False,PASSED_PLAIN_CONTROL_CHECK,0.0,0.0,0.0,0.164116975418608,0.164116975418608,,,,True,True,True,True,finite_and_max_abs_and_rmse,0.9988764439450862,0.7264957264957265,0.625,0.8673469387755102,0.9332250310084642,0.7357534045187838,0.9809154387697679,0.724728010238371,0.724728010238371,0.8877551020408163,0.0030423466516601013,0.8877551020408163,0.0030423466516601013,56813,51,13,85,0.0008968767585818796,0.1326530612244898,0.8673469387755102,0.015614811527107223,0.015614811527107223,fpr,0.005,0.9991441550176655,0.7845303867403315,0.696078431372549,0.8987341772151899,0.9490263543802923,0.7905422865495717,0.9831449950051618,0.8214987486921462,0.8214987486921462,0.8987341772151899,0.0006814684546054077,0.8987341772151899,0.0006814684546054077,45459,31,8,71,0.0006814684546054077,0.10126582278481013,0.8987341772151899,0.015614811527107223,fpr,0.005,1.0,False,,NOT_FINAL_ROUND,,,,,,,,,,,,,,,,,,,,False,0.9982795547909132,0.4990150049998192,325.8587279983658,1.9118629988952307,0.0,0.0,0,0.0,0.0,240,2880,240.0,2880,2880,5760,,not_modelled__session_or_evaluation_key_material_excluded_from_round_payload,0,0,0.0,0.0,actual_generated_protocol_object_bytes,plain_model_update_uplink_plus_plain_global_update_broadcast,model_update_ciphertext_only__auxiliary_protocol_objects_are_counted_in_comm_total,False,single_google_colab_node__logical_client_cloud_authorized_recipient_roles,not_applicable,0.0,0.0,0.0,measured_sum_of_client_protection_plus_server_protected_aggregation_plus_authorized_recovery_or_decryption_ms_per_round,local_training__validation_test_evaluation__transport_latency__serialization_framing_not_explicitly_in_crypto_functions,0.0,0.0,12,12,0,plaintext_update_no_noise,1.0,plain_exact,0,0,False,0,0,False,not_applicable,0,[],0,,True,0.0017204452090867595,0.0020311924643947404,3.9572916666666664,0,0,0,0,0,0,0,0,0,0,0,0,0,12,0,12,0,1,fixed_execution_host_runtime_payload_and_machine_specification__no_unmeasured_absolute_energy_or_carbon_claim,sequential_single_host_wall_clock_and_generated_protocol_object_bytes__machine_specification_recorded__transport_network_facility_energy_not_measured,runtime_payload_measured__energy_not_instrumented,not_reported_without_direct_hardware_energy_instrumentation,not_reported,False,,,,,,,not_reported,0,0.25,not_probed,0,,not_reported__no_valid_colab_network_or_device_energy_scope,,not_reported__no_direct_facility_or_grid_carbon_measurement,0.49898755100002745,Absolute energy and carbon are not reported because direct hardware energy instrumentation is disabled.,False,,,,GOVERNANCE
19,A1_TADP_admission_only,6,tadp_admission_only_ablation,comparative_experiment,main_comparative,TADP admission-only ablation: uses the fixed TADP-admitted cohort with plain FedAvg and deliberately bypasses TADP-Sec runtime signing/freshness/PoFC and encrypted aggregation.,tadp_admission_only_plain_fedavg,custom_reference_python_prototype,False,,,,,,,,,,{},False,False,,,0,baseline_unenforced,,,,,not_applicable,not_applicable_plain_update_path,,,,not_applicable,0,0,0,False,,{},True,,strict_experiment_side_plaintext_oracle_comparison__max_coordinate_and_rmse_numeric_acceptance_envelope__relative_l2_diagnostic_only__no_plaintext_fallback_after_protected_aggregation_failure,custom_reference_prototype_numeric_acceptance_envelope__max_abs_and_rmse_are_acceptance_gates__relative_l2_is_diagnostic_only__not_a_formal_he_security_or_precision_proof,True,False,PASSED_PLAIN_CONTROL_CHECK,0.0,0.0,0.0,0.12899004617258159,0.12899004617258159,,,,True,True,True,True,finite_and_max_abs_and_rmse,0.9988764439450862,0.7264957264957265,0.625,0.8673469387755102,0.9332250310084642,0.7357534045187838,0.9808499405671103,0.7248357209168029,0.7248357209168029,0.8877551020408163,0.0028313168261114236,0.8877551020408163,0.0028313168261114236,56813,51,13,85,0.0008968767585818796,0.1326530612244898,0.8673469387755102,0.020155349001636142,0.020155349001636142,fpr,0.005,0.9991441550176655,0.7845303867403315,0.696078431372549,0.8987341772151899,0.9490263543802923,0.7905422865495717,0.9832025956462819,0.822623409835641,0.822623409835641,0.8987341772151899,0.0006814684546054077,0.8987341772151899,0.0006814684546054077,45459,31,8,71,0.0006814684546054077,0.10126582278481013,0.8987341772151899,0.020155349001636142,fpr,0.005,1.0,False,,NOT_FINAL_ROUND,,,,,,,,,,,,,,,,,,,,False,0.9982795547909132,0.4795010039997578,318.9868470012698,1.9104760008303856,0.0,0.0,0,0.0,0.0,240,2880,240.0,2880,2880,5760,,not_modelled__session_or_evaluation_key_material_excluded_from_round_payload,0,0,0.0,0.0,actual_generated_protocol_object_bytes,plain_model_update_uplink_plus_plain_global_update_broadcast,model_update_ciphertext_only__auxiliary_protocol_objects_are_counted_in_comm_total,False,single_google_colab_node__logical_client_cloud_authorized_recipient_roles,not_applicable,0.0,0.0,0.0,measured_sum_of_client_protection_plus_server_protected_aggregation_plus_authorized_recovery_or_decryption_ms_per_round,local_training__validation_test_evaluation__transport_latency__serialization_framing_not_explicitly_in_crypto_functions,0.0,0.0,12,12,0,plaintext_update_no_noise,1.0,plain_exact,0,0,False,0,0,False,not_applicable,0,[],0,,True,0.0017204452090867595,0.0020311924643947404,3.9572916666666664,0,0,0,0,0,0,0,0,0,0,0,0,0,12,0,12,0,1,fixed_execution_host_runtime_payload_and_machine_specification__no_unmeasured_absolute_energy_or_carbon_claim,sequential_single_host_wall_clock_and_generated_protocol_object_bytes__machine_specification_recorded__transport_network_facility_energy_not_measured,runtime_payload_measured__energy_not_instrumented,not_reported_without_direct_hardware_energy_instrumentation,not_reported,False,,,,,,,not_reported,0,0.25,not_probed,0,,not_reported__no_valid_colab_network_or_device_energy_scope,,not_reported__no_direct_facility_or_grid_carbon_measurement,0.47947507400022005,Absolute energy and carbon are not reported because direct hardware energy instrumentation is disabled.,False,,,,GOVERNANCE
19,A1_TADP_admission_only,7,tadp_admission_only_ablation,comparative_experiment,main_comparative,TADP admission-only ablation: uses the fixed TADP-admitted cohort with plain FedAvg and deliberately bypasses TADP-Sec runtime signing/freshness/PoFC and encrypted aggregation.,tadp_admission_only_plain_fedavg,custom_reference_python_prototype,False,,,,,,,,,,{},False,False,,,0,baseline_unenforced,,,,,not_applicable,not_applicable_plain_update_path,,,,not_applicable,0,0,0,False,,{},True,,strict_experiment_side_plaintext_oracle_comparison__max_coordinate_and_rmse_numeric_acceptance_envelope__relative_l2_diagnostic_only__no_plaintext_fallback_after_protected_aggregation_failure,custom_reference_prototype_numeric_acceptance_envelope__max_abs_and_rmse_are_acceptance_gates__relative_l2_is_diagnostic_only__not_a_formal_he_security_or_precision_proof,True,False,PASSED_PLAIN_CONTROL_CHECK,0.0,0.0,0.0,0.09259327066890498,0.09259327066890498,,,,True,True,True,True,finite_and_max_abs_and_rmse,0.9988939995084443,0.7296137339055794,0.6296296296296297,0.8673469387755102,0.933233823917862,0.7384818800473862,0.9805646196295064,0.7252643504141022,0.7252643504141022,0.8877551020408163,0.002690630275745639,0.8877551020408163,0.002690630275745639,56814,50,13,85,0.0008792909397861565,0.1326530612244898,0.8673469387755102,0.024528105884279682,0.024528105884279682,fpr,0.005,0.9991660997608023,0.7888888888888889,0.7029702970297029,0.8987341772151899,0.9490373458069794,0.7944569329707268,0.9831945259912458,0.8230083298642622,0.8230083298642622,0.8987341772151899,0.0006594856012310398,0.8987341772151899,0.0006594856012310398,45460,30,8,71,0.0006594856012310398,0.10126582278481013,0.8987341772151899,0.024528105884279682,fpr,0.005,1.0,False,,NOT_FINAL_ROUND,,,,,,,,,,,,,,,,,,,,False,0.9982795547909132,0.4932648080002764,322.8534789996047,2.028733999850374,0.0,0.0,0,0.0,0.0,240,2880,240.0,2880,2880,5760,,not_modelled__session_or_evaluation_key_material_excluded_from_round_payload,0,0,0.0,0.0,actual_generated_protocol_object_bytes,plain_model_update_uplink_plus_plain_global_update_broadcast,model_update_ciphertext_only__auxiliary_protocol_objects_are_counted_in_comm_total,False,single_google_colab_node__logical_client_cloud_authorized_recipient_roles,not_applicable,0.0,0.0,0.0,measured_sum_of_client_protection_plus_server_protected_aggregation_plus_authorized_recovery_or_decryption_ms_per_round,local_training__validation_test_evaluation__transport_latency__serialization_framing_not_explicitly_in_crypto_functions,0.0,0.0,12,12,0,plaintext_update_no_noise,1.0,plain_exact,0,0,False,0,0,False,not_applicable,0,[],0,,True,0.0017204452090867595,0.0020311924643947404,3.9572916666666664,0,0,0,0,0,0,0,0,0,0,0,0,0,12,0,12,0,1,fixed_execution_host_runtime_payload_and_machine_specification__no_unmeasured_absolute_energy_or_carbon_claim,sequential_single_host_wall_clock_and_generated_protocol_object_bytes__machine_specification_recorded__transport_network_facility_energy_not_measured,runtime_payload_measured__energy_not_instrumented,not_reported_without_direct_hardware_energy_instrumentation,not_reported,False,,,,,,,not_reported,0,0.25,not_probed,0,,not_reported__no_valid_colab_network_or_device_energy_scope,,not_reported__no_direct_facility_or_grid_carbon_measurement,0.4932362800000192,Absolute energy and carbon are not reported because direct hardware energy instrumentation is disabled.,False,,,,GOVERNANCE
19,A1_TADP_admission_only,8,tadp_admission_only_ablation,comparative_experiment,main_comparative,TADP admission-only ablation: uses the fixed TADP-admitted cohort with plain FedAvg and deliberately bypasses TADP-Sec runtime signing/freshness/PoFC and encrypted aggregation.,tadp_admission_only_plain_fedavg,custom_reference_python_prototype,False,,,,,,,,,,{},False,False,,,0,baseline_unenforced,,,,,not_applicable,not_applicable_plain_update_path,,,,not_applicable,0,0,0,False,,{},True,,strict_experiment_side_plaintext_oracle_comparison__max_coordinate_and_rmse_numeric_acceptance_envelope__relative_l2_diagnostic_only__no_plaintext_fallback_after_protected_aggregation_failure,custom_reference_prototype_numeric_acceptance_envelope__max_abs_and_rmse_are_acceptance_gates__relative_l2_is_diagnostic_only__not_a_formal_he_security_or_precision_proof,True,False,PASSED_PLAIN_CONTROL_CHECK,0.0,0.0,0.0,0.070748706429207,0.070748706429207,,,,True,True,True,True,finite_and_max_abs_and_rmse,0.9988939995084443,0.7296137339055794,0.6296296296296297,0.8673469387755102,0.933233823917862,0.7384818800473862,0.9802728385952018,0.725567473728231,0.725567473728231,0.8877551020408163,0.002444428812605515,0.8877551020408163,0.002444428812605515,56814,50,13,85,0.0008792909397861565,0.1326530612244898,0.8673469387755102,0.028655980480560412,0.028655980480560412,fpr,0.005,0.999188044503939,0.7932960893854749,0.71,0.8987341772151899,0.9490483372336667,0.798430099699276,0.983084611724374,0.8232708632512953,0.8232708632512953,0.8987341772151899,0.0006375027478566718,0.8987341772151899,0.0006375027478566718,45461,29,8,71,0.0006375027478566718,0.10126582278481013,0.8987341772151899,0.028655980480560412,fpr,0.005,1.0,False,,NOT_FINAL_ROUND,,,,,,,,,,,,,,,,,,,,False,0.9982795547909132,0.49526536499979557,336.3296690004063,1.7510150005364267,0.0,0.0,0,0.0,0.0,240,2880,240.0,2880,2880,5760,,not_modelled__session_or_evaluation_key_material_excluded_from_round_payload,0,0,0.0,0.0,actual_generated_protocol_object_bytes,plain_model_update_uplink_plus_plain_global_update_broadcast,model_update_ciphertext_only__auxiliary_protocol_objects_are_counted_in_comm_total,False,single_google_colab_node__logical_client_cloud_authorized_recipient_roles,not_applicable,0.0,0.0,0.0,measured_sum_of_client_protection_plus_server_protected_aggregation_plus_authorized_recovery_or_decryption_ms_per_round,local_training__validation_test_evaluation__transport_latency__serialization_framing_not_explicitly_in_crypto_functions,0.0,0.0,12,12,0,plaintext_update_no_noise,1.0,plain_exact,0,0,False,0,0,False,not_applicable,0,[],0,,True,0.0017204452090867595,0.0020311924643947404,3.9572916666666664,0,0,0,0,0,0,0,0,0,0,0,0,0,12,0,12,0,1,fixed_execution_host_runtime_payload_and_machine_specification__no_unmeasured_absolute_energy_or_carbon_claim,sequential_single_host_wall_clock_and_generated_protocol_object_bytes__machine_specification_recorded__transport_network_facility_energy_not_measured,runtime_payload_measured__energy_not_instrumented,not_reported_without_direct_hardware_energy_instrumentation,not_reported,False,,,,,,,not_reported,0,0.25,not_probed,0,,not_reported__no_valid_colab_network_or_device_energy_scope,,not_reported__no_direct_facility_or_grid_carbon_measurement,0.49523850400009906,Absolute energy and carbon are not reported because direct hardware energy instrumentation is disabled.,False,,,,GOVERNANCE
19,A1_TADP_admission_only,9,tadp_admission_only_ablation,comparative_experiment,main_comparative,TADP admission-only ablation: uses the fixed TADP-admitted cohort with plain FedAvg and deliberately bypasses TADP-Sec runtime signing/freshness/PoFC and encrypted aggregation.,tadp_admission_only_plain_fedavg,custom_reference_python_prototype,False,,,,,,,,,,{},False,False,,,0,baseline_unenforced,,,,,not_applicable,not_applicable_plain_update_path,,,,not_applicable,0,0,0,False,,{},True,,strict_experiment_side_plaintext_oracle_comparison__max_coordinate_and_rmse_numeric_acceptance_envelope__relative_l2_diagnostic_only__no_plaintext_fallback_after_protected_aggregation_failure,custom_reference_prototype_numeric_acceptance_envelope__max_abs_and_rmse_are_acceptance_gates__relative_l2_is_diagnostic_only__not_a_formal_he_security_or_precision_proof,True,False,PASSED_PLAIN_CONTROL_CHECK,0.0,0.0,0.0,0.0552826420271803,0.0552826420271803,,,,True,True,True,True,finite_and_max_abs_and_rmse,0.9988939995084443,0.7296137339055794,0.6296296296296297,0.8673469387755102,0.933233823917862,0.7384818800473862,0.9800763439872291,0.7256903527594851,0.7256903527594851,0.8877551020408163,0.0021278840742824986,0.8877551020408163,0.0021278840742824986,56814,50,13,85,0.0008792909397861565,0.1326530612244898,0.8673469387755102,0.032563683302508806,0.032563683302508806,fpr,0.005,0.999188044503939,0.7932960893854749,0.71,0.8987341772151899,0.9490483372336667,0.798430099699276,0.9830487156726614,0.8230657282048967,0.8230657282048967,0.8987341772151899,0.0006375027478566718,0.8987341772151899,0.0006375027478566718,45461,29,8,71,0.0006375027478566718,0.10126582278481013,0.8987341772151899,0.032563683302508806,fpr,0.005,1.0,False,,NOT_FINAL_ROUND,,,,,,,,,,,,,,,,,,,,False,0.9982795547909132,0.5462425340001573,329.6856190008839,1.9104509992757812,0.0,0.0,0,0.0,0.0,240,2880,240.0,2880,2880,5760,,not_modelled__session_or_evaluation_key_material_excluded_from_round_payload,0,0,0.0,0.0,actual_generated_protocol_object_bytes,plain_model_update_uplink_plus_plain_global_update_broadcast,model_update_ciphertext_only__auxiliary_protocol_objects_are_counted_in_comm_total,False,single_google_colab_node__logical_client_cloud_authorized_recipient_roles,not_applicable,0.0,0.0,0.0,measured_sum_of_client_protection_plus_server_protected_aggregation_plus_authorized_recovery_or_decryption_ms_per_round,local_training__validation_test_evaluation__transport_latency__serialization_framing_not_explicitly_in_crypto_functions,0.0,0.0,12,12,0,plaintext_update_no_noise,1.0,plain_exact,0,0,False,0,0,False,not_applicable,0,[],0,,True,0.0017204452090867595,0.0020311924643947404,3.9572916666666664,0,0,0,0,0,0,0,0,0,0,0,0,0,12,0,12,0,1,fixed_execution_host_runtime_payload_and_machine_specification__no_unmeasured_absolute_energy_or_carbon_claim,sequential_single_host_wall_clock_and_generated_protocol_object_bytes__machine_specification_recorded__transport_network_facility_energy_not_measured,runtime_payload_measured__energy_not_instrumented,not_reported_without_direct_hardware_energy_instrumentation,not_reported,False,,,,,,,not_reported,0,0.25,not_probed,0,,not_reported__no_valid_colab_network_or_device_energy_scope,,not_reported__no_direct_facility_or_grid_carbon_measurement,0.5462110339999526,Absolute energy and carbon are not reported because direct hardware energy instrumentation is disabled.,False,,,,GOVERNANCE
19,A1_TADP_admission_only,10,tadp_admission_only_ablation,comparative_experiment,main_comparative,TADP admission-only ablation: uses the fixed TADP-admitted cohort with plain FedAvg and deliberately bypasses TADP-Sec runtime signing/freshness/PoFC and encrypted aggregation.,tadp_admission_only_plain_fedavg,custom_reference_python_prototype,False,,,,,,,,,,{},False,False,,,0,baseline_unenforced,,,,,not_applicable,not_applicable_plain_update_path,,,,not_applicable,0,0,0,False,,{},True,,strict_experiment_side_plaintext_oracle_comparison__max_coordinate_and_rmse_numeric_acceptance_envelope__relative_l2_diagnostic_only__no_plaintext_fallback_after_protected_aggregation_failure,custom_reference_prototype_numeric_acceptance_envelope__max_abs_and_rmse_are_acceptance_gates__relative_l2_is_diagnostic_only__not_a_formal_he_security_or_precision_proof,True,False,PASSED_PLAIN_CONTROL_CHECK,0.0,0.0,0.0,0.041556827114317234,0.041556827114317234,,,,True,True,True,True,finite_and_max_abs_and_rmse,0.9988939995084443,0.7296137339055794,0.6296296296296297,0.8673469387755102,0.933233823917862,0.7384818800473862,0.979898332433705,0.7258220491163967,0.7258220491163967,0.8877551020408163,0.002075126617895329,0.8877551020408163,0.002075126617895329,56814,50,13,85,0.0008792909397861565,0.1326530612244898,0.8673469387755102,0.035870774782846754,0.035870774782846754,fpr,0.005,0.999188044503939,0.7932960893854749,0.71,0.8987341772151899,0.9490483372336667,0.798430099699276,0.9829810975287377,0.8239733904367565,0.8239733904367565,0.8987341772151899,0.0006375027478566718,0.8987341772151899,0.0006375027478566718,45461,29,8,71,0.0006375027478566718,0.10126582278481013,0.8987341772151899,0.035870774782846754,fpr,0.005,1.0,False,,NOT_FINAL_ROUND,,,,,,,,,,,,,,,,,,,,False,0.9982795547909132,0.7764091529998041,533.3665029997974,2.306875001067965,0.0,0.0,0,0.0,0.0,240,2880,240.0,2880,2880,5760,,not_modelled__session_or_evaluation_key_material_excluded_from_round_payload,0,0,0.0,0.0,actual_generated_protocol_object_bytes,plain_model_update_uplink_plus_plain_global_update_broadcast,model_update_ciphertext_only__auxiliary_protocol_objects_are_counted_in_comm_total,False,single_google_colab_node__logical_client_cloud_authorized_recipient_roles,not_applicable,0.0,0.0,0.0,measured_sum_of_client_protection_plus_server_protected_aggregation_plus_authorized_recovery_or_decryption_ms_per_round,local_training__validation_test_evaluation__transport_latency__serialization_framing_not_explicitly_in_crypto_functions,0.0,0.0,12,12,0,plaintext_update_no_noise,1.0,plain_exact,0,0,False,0,0,False,not_applicable,0,[],0,,True,0.0017204452090867595,0.0020311924643947404,3.9572916666666664,0,0,0,0,0,0,0,0,0,0,0,0,0,12,0,12,0,1,fixed_execution_host_runtime_payload_and_machine_specification__no_unmeasured_absolute_energy_or_carbon_claim,sequential_single_host_wall_clock_and_generated_protocol_object_bytes__machine_specification_recorded__transport_network_facility_energy_not_measured,runtime_payload_measured__energy_not_instrumented,not_reported_without_direct_hardware_energy_instrumentation,not_reported,False,,,,,,,not_reported,0,0.25,not_probed,0,,not_reported__no_valid_colab_network_or_device_energy_scope,,not_reported__no_direct_facility_or_grid_carbon_measurement,0.7763751309998952,Absolute energy and carbon are not reported because direct hardware energy instrumentation is disabled.,False,,,,GOVERNANCE
19,A1_TADP_admission_only,11,tadp_admission_only_ablation,comparative_experiment,main_comparative,TADP admission-only ablation: uses the fixed TADP-admitted cohort with plain FedAvg and deliberately bypasses TADP-Sec runtime signing/freshness/PoFC and encrypted aggregation.,tadp_admission_only_plain_fedavg,custom_reference_python_prototype,False,,,,,,,,,,{},False,False,,,0,baseline_unenforced,,,,,not_applicable,not_applicable_plain_update_path,,,,not_applicable,0,0,0,False,,{},True,,strict_experiment_side_plaintext_oracle_comparison__max_coordinate_and_rmse_numeric_acceptance_envelope__relative_l2_diagnostic_only__no_plaintext_fallback_after_protected_aggregation_failure,custom_reference_prototype_numeric_acceptance_envelope__max_abs_and_rmse_are_acceptance_gates__relative_l2_is_diagnostic_only__not_a_formal_he_security_or_precision_proof,True,False,PASSED_PLAIN_CONTROL_CHECK,0.0,0.0,0.0,0.02895139935979023,0.02895139935979023,,,,True,True,True,True,finite_and_max_abs_and_rmse,0.9988764439450862,0.7241379310344828,0.6268656716417911,0.8571428571428571,0.9281317831015354,0.7324966133977643,0.9798100444454653,0.725873850835699,0.725873850835699,0.8877551020408163,0.0020047833427124366,0.8877551020408163,0.0020047833427124366,56814,50,14,84,0.0008792909397861565,0.14285714285714285,0.8571428571428571,0.03834672603292151,0.03834672603292151,fpr,0.005,0.9991660997608023,0.7888888888888889,0.7029702970297029,0.8987341772151899,0.9490373458069794,0.7944569329707268,0.9829421405733907,0.8235787160632645,0.8235787160632645,0.8987341772151899,0.0006594856012310398,0.8987341772151899,0.0006594856012310398,45460,30,8,71,0.0006594856012310398,0.10126582278481013,0.8987341772151899,0.03834672603292151,fpr,0.005,1.0,False,,NOT_FINAL_ROUND,,,,,,,,,,,,,,,,,,,,False,0.9982795547909132,0.7657281619999594,527.3896249996142,2.2643319985036214,0.0,0.0,0,0.0,0.0,240,2880,240.0,2880,2880,5760,,not_modelled__session_or_evaluation_key_material_excluded_from_round_payload,0,0,0.0,0.0,actual_generated_protocol_object_bytes,plain_model_update_uplink_plus_plain_global_update_broadcast,model_update_ciphertext_only__auxiliary_protocol_objects_are_counted_in_comm_total,False,single_google_colab_node__logical_client_cloud_authorized_recipient_roles,not_applicable,0.0,0.0,0.0,measured_sum_of_client_protection_plus_server_protected_aggregation_plus_authorized_recovery_or_decryption_ms_per_round,local_training__validation_test_evaluation__transport_latency__serialization_framing_not_explicitly_in_crypto_functions,0.0,0.0,12,12,0,plaintext_update_no_noise,1.0,plain_exact,0,0,False,0,0,False,not_applicable,0,[],0,,True,0.0017204452090867595,0.0020311924643947404,3.9572916666666664,0,0,0,0,0,0,0,0,0,0,0,0,0,12,0,12,0,1,fixed_execution_host_runtime_payload_and_machine_specification__no_unmeasured_absolute_energy_or_carbon_claim,sequential_single_host_wall_clock_and_generated_protocol_object_bytes__machine_specification_recorded__transport_network_facility_energy_not_measured,runtime_payload_measured__energy_not_instrumented,not_reported_without_direct_hardware_energy_instrumentation,not_reported,False,,,,,,,not_reported,0,0.25,not_probed,0,,not_reported__no_valid_colab_network_or_device_energy_scope,,not_reported__no_direct_facility_or_grid_carbon_measurement,0.7656989649999559,Absolute energy and carbon are not reported because direct hardware energy instrumentation is disabled.,False,,,,GOVERNANCE
19,A1_TADP_admission_only,12,tadp_admission_only_ablation,comparative_experiment,main_comparative,TADP admission-only ablation: uses the fixed TADP-admitted cohort with plain FedAvg and deliberately bypasses TADP-Sec runtime signing/freshness/PoFC and encrypted aggregation.,tadp_admission_only_plain_fedavg,custom_reference_python_prototype,False,,,,,,,,,,{},False,False,,,0,baseline_unenforced,,,,,not_applicable,not_applicable_plain_update_path,,,,not_applicable,0,0,0,False,,{},True,,strict_experiment_side_plaintext_oracle_comparison__max_coordinate_and_rmse_numeric_acceptance_envelope__relative_l2_diagnostic_only__no_plaintext_fallback_after_protected_aggregation_failure,custom_reference_prototype_numeric_acceptance_envelope__max_abs_and_rmse_are_acceptance_gates__relative_l2_is_diagnostic_only__not_a_formal_he_security_or_precision_proof,True,False,PASSED_PLAIN_CONTROL_CHECK,0.0,0.0,0.0,0.02196077518578175,0.02196077518578175,,,,True,True,True,True,finite_and_max_abs_and_rmse,0.9988588883817282,0.721030042918455,0.6222222222222222,0.8571428571428571,0.9281229901921376,0.7297700531077194,0.979778102856224,0.7263555606540143,0.7263555606540143,0.8877551020408163,0.002039954980303883,0.8877551020408163,0.002039954980303883,56813,51,14,84,0.0008968767585818796,0.14285714285714285,0.8571428571428571,0.040193439228824734,0.040193439228824734,fpr,0.005,0.9991660997608023,0.7888888888888889,0.7029702970297029,0.8987341772151899,0.9490373458069794,0.7944569329707268,0.9829426971013243,0.8232020659327233,0.8232020659327233,0.8987341772151899,0.0006594856012310398,0.8987341772151899,0.0006594856012310398,45460,30,8,71,0.0006594856012310398,0.10126582278481013,0.8987341772151899,0.040193439228824734,fpr,0.005,1.0,False,,NOT_FINAL_ROUND,,,,,,,,,,,,,,,,,,,,False,0.9982795547909132,0.782547501999943,540.1310530000956,2.354163998916192,0.0,0.0,0,0.0,0.0,240,2880,240.0,2880,2880,5760,,not_modelled__session_or_evaluation_key_material_excluded_from_round_payload,0,0,0.0,0.0,actual_generated_protocol_object_bytes,plain_model_update_uplink_plus_plain_global_update_broadcast,model_update_ciphertext_only__auxiliary_protocol_objects_are_counted_in_comm_total,False,single_google_colab_node__logical_client_cloud_authorized_recipient_roles,not_applicable,0.0,0.0,0.0,measured_sum_of_client_protection_plus_server_protected_aggregation_plus_authorized_recovery_or_decryption_ms_per_round,local_training__validation_test_evaluation__transport_latency__serialization_framing_not_explicitly_in_crypto_functions,0.0,0.0,12,12,0,plaintext_update_no_noise,1.0,plain_exact,0,0,False,0,0,False,not_applicable,0,[],0,,True,0.0017204452090867595,0.0020311924643947404,3.9572916666666664,0,0,0,0,0,0,0,0,0,0,0,0,0,12,0,12,0,1,fixed_execution_host_runtime_payload_and_machine_specification__no_unmeasured_absolute_energy_or_carbon_claim,sequential_single_host_wall_clock_and_generated_protocol_object_bytes__machine_specification_recorded__transport_network_facility_energy_not_measured,runtime_payload_measured__energy_not_instrumented,not_reported_without_direct_hardware_energy_instrumentation,not_reported,False,,,,,,,not_reported,0,0.25,not_probed,0,,not_reported__no_valid_colab_network_or_device_energy_scope,,not_reported__no_direct_facility_or_grid_carbon_measurement,0.7825120839997908,Absolute energy and carbon are not reported because direct hardware energy instrumentation is disabled.,False,,,,GOVERNANCE
19,A1_TADP_admission_only,13,tadp_admission_only_ablation,comparative_experiment,main_comparative,TADP admission-only ablation: uses the fixed TADP-admitted cohort with plain FedAvg and deliberately bypasses TADP-Sec runtime signing/freshness/PoFC and encrypted aggregation.,tadp_admission_only_plain_fedavg,custom_reference_python_prototype,False,,,,,,,,,,{},False,False,,,0,baseline_unenforced,,,,,not_applicable,not_applicable_plain_update_path,,,,not_applicable,0,0,0,False,,{},True,,strict_experiment_side_plaintext_oracle_comparison__max_coordinate_and_rmse_numeric_acceptance_envelope__relative_l2_diagnostic_only__no_plaintext_fallback_after_protected_aggregation_failure,custom_reference_prototype_numeric_acceptance_envelope__max_abs_and_rmse_are_acceptance_gates__relative_l2_is_diagnostic_only__not_a_formal_he_security_or_precision_proof,True,False,PASSED_PLAIN_CONTROL_CHECK,0.0,0.0,0.0,0.014640435727657353,0.014640435727657353,,,,True,True,True,True,finite_and_max_abs_and_rmse,0.9988413328183702,0.717948717948718,0.6176470588235294,0.8571428571428571,0.9281141972827398,0.7270735890776542,0.9796925065749429,0.7261616465911092,0.7261616465911092,0.8877551020408163,0.0020047833427124366,0.8877551020408163,0.0020047833427124366,56812,52,14,84,0.0009144625773776027,0.14285714285714285,0.8571428571428571,0.041611355185120054,0.041611355185120054,fpr,0.005,0.9991660997608023,0.7888888888888889,0.7029702970297029,0.8987341772151899,0.9490373458069794,0.7944569329707268,0.9829068010496117,0.823201369171198,0.823201369171198,0.8987341772151899,0.0006594856012310398,0.8987341772151899,0.0006594856012310398,45460,30,8,71,0.0006594856012310398,0.10126582278481013,0.8987341772151899,0.041611355185120054,fpr,0.005,1.0,False,,NOT_FINAL_ROUND,,,,,,,,,,,,,,,,,,,,False,0.9982795547909132,0.7857949439999175,548.875878000672,2.3842119994696986,0.0,0.0,0,0.0,0.0,240,2880,240.0,2880,2880,5760,,not_modelled__session_or_evaluation_key_material_excluded_from_round_payload,0,0,0.0,0.0,actual_generated_protocol_object_bytes,plain_model_update_uplink_plus_plain_global_update_broadcast,model_update_ciphertext_only__auxiliary_protocol_objects_are_counted_in_comm_total,False,single_google_colab_node__logical_client_cloud_authorized_recipient_roles,not_applicable,0.0,0.0,0.0,measured_sum_of_client_protection_plus_server_protected_aggregation_plus_authorized_recovery_or_decryption_ms_per_round,local_training__validation_test_evaluation__transport_latency__serialization_framing_not_explicitly_in_crypto_functions,0.0,0.0,12,12,0,plaintext_update_no_noise,1.0,plain_exact,0,0,False,0,0,False,not_applicable,0,[],0,,True,0.0017204452090867595,0.0020311924643947404,3.9572916666666664,0,0,0,0,0,0,0,0,0,0,0,0,0,12,0,12,0,1,fixed_execution_host_runtime_payload_and_machine_specification__no_unmeasured_absolute_energy_or_carbon_claim,sequential_single_host_wall_clock_and_generated_protocol_object_bytes__machine_specification_recorded__transport_network_facility_energy_not_measured,runtime_payload_measured__energy_not_instrumented,not_reported_without_direct_hardware_energy_instrumentation,not_reported,False,,,,,,,not_reported,0,0.25,not_probed,0,,not_reported__no_valid_colab_network_or_device_energy_scope,,not_reported__no_direct_facility_or_grid_carbon_measurement,0.7857606389998182,Absolute energy and carbon are not reported because direct hardware energy instrumentation is disabled.,False,,,,GOVERNANCE
19,A1_TADP_admission_only,14,tadp_admission_only_ablation,comparative_experiment,main_comparative,TADP admission-only ablation: uses the fixed TADP-admitted cohort with plain FedAvg and deliberately bypasses TADP-Sec runtime signing/freshness/PoFC and encrypted aggregation.,tadp_admission_only_plain_fedavg,custom_reference_python_prototype,False,,,,,,,,,,{},False,False,,,0,baseline_unenforced,,,,,not_applicable,not_applicable_plain_update_path,,,,not_applicable,0,0,0,False,,{},True,,strict_experiment_side_plaintext_oracle_comparison__max_coordinate_and_rmse_numeric_acceptance_envelope__relative_l2_diagnostic_only__no_plaintext_fallback_after_protected_aggregation_failure,custom_reference_prototype_numeric_acceptance_envelope__max_abs_and_rmse_are_acceptance_gates__relative_l2_is_diagnostic_only__not_a_formal_he_security_or_precision_proof,True,False,PASSED_PLAIN_CONTROL_CHECK,0.0,0.0,0.0,0.012746047083520604,0.012746047083520604,,,,True,True,True,True,finite_and_max_abs_and_rmse,0.9988588883817282,0.721030042918455,0.6222222222222222,0.8571428571428571,0.9281229901921376,0.7297700531077194,0.97962216329976,0.7262167995936158,0.7262167995936158,0.8877551020408163,0.0019871975239167134,0.8877551020408163,0.0019871975239167134,56813,51,14,84,0.0008968767585818796,0.14285714285714285,0.8571428571428571,0.04289439000311607,0.04289439000311607,fpr,0.005,0.9991660997608023,0.7888888888888889,0.7029702970297029,0.8987341772151899,0.9490373458069794,0.7944569329707268,0.9829644016907318,0.82320324657557,0.82320324657557,0.8987341772151899,0.0006594856012310398,0.8987341772151899,0.0006594856012310398,45460,30,8,71,0.0006594856012310398,0.10126582278481013,0.8987341772151899,0.04289439000311607,fpr,0.005,1.0,False,,NOT_FINAL_ROUND,,,,,,,,,,,,,,,,,,,,False,0.9982795547909132,0.7283790709998357,537.0251589993131,2.25060799948551,0.0,0.0,0,0.0,0.0,240,2880,240.0,2880,2880,5760,,not_modelled__session_or_evaluation_key_material_excluded_from_round_payload,0,0,0.0,0.0,actual_generated_protocol_object_bytes,plain_model_update_uplink_plus_plain_global_update_broadcast,model_update_ciphertext_only__auxiliary_protocol_objects_are_counted_in_comm_total,False,single_google_colab_node__logical_client_cloud_authorized_recipient_roles,not_applicable,0.0,0.0,0.0,measured_sum_of_client_protection_plus_server_protected_aggregation_plus_authorized_recovery_or_decryption_ms_per_round,local_training__validation_test_evaluation__transport_latency__serialization_framing_not_explicitly_in_crypto_functions,0.0,0.0,12,12,0,plaintext_update_no_noise,1.0,plain_exact,0,0,False,0,0,False,not_applicable,0,[],0,,True,0.0017204452090867595,0.0020311924643947404,3.9572916666666664,0,0,0,0,0,0,0,0,0,0,0,0,0,12,0,12,0,1,fixed_execution_host_runtime_payload_and_machine_specification__no_unmeasured_absolute_energy_or_carbon_claim,sequential_single_host_wall_clock_and_generated_protocol_object_bytes__machine_specification_recorded__transport_network_facility_energy_not_measured,runtime_payload_measured__energy_not_instrumented,not_reported_without_direct_hardware_energy_instrumentation,not_reported,False,,,,,,,not_reported,0,0.25,not_probed,0,,not_reported__no_valid_colab_network_or_device_energy_scope,,not_reported__no_direct_facility_or_grid_carbon_measurement,0.7283496629997899,Absolute energy and carbon are not reported because direct hardware energy instrumentation is disabled.,False,,,,GOVERNANCE
19,A1_TADP_admission_only,15,tadp_admission_only_ablation,comparative_experiment,main_comparative,TADP admission-only ablation: uses the fixed TADP-admitted cohort with plain FedAvg and deliberately bypasses TADP-Sec runtime signing/freshness/PoFC and encrypted aggregation.,tadp_admission_only_plain_fedavg,custom_reference_python_prototype,False,,,,,,,,,,{},False,False,,,0,baseline_unenforced,,,,,not_applicable,not_applicable_plain_update_path,,,,not_applicable,0,0,0,False,,{},True,,strict_experiment_side_plaintext_oracle_comparison__max_coordinate_and_rmse_numeric_acceptance_envelope__relative_l2_diagnostic_only__no_plaintext_fallback_after_protected_aggregation_failure,custom_reference_prototype_numeric_acceptance_envelope__max_abs_and_rmse_are_acceptance_gates__relative_l2_is_diagnostic_only__not_a_formal_he_security_or_precision_proof,True,False,PASSED_PLAIN_CONTROL_CHECK,0.0,0.0,0.0,0.009756693057526028,0.009756693057526028,,,,True,True,True,True,finite_and_max_abs_and_rmse,0.9988588883817282,0.721030042918455,0.6222222222222222,0.8571428571428571,0.9281229901921376,0.7297700531077194,0.9795437449037014,0.7260170668506808,0.7260170668506808,0.8877551020408163,0.0019696117051209903,0.8877551020408163,0.0019696117051209903,56813,51,14,84,0.0008968767585818796,0.14285714285714285,0.8571428571428571,0.043935490770589766,0.043935490770589766,fpr,0.005,0.9991660997608023,0.7888888888888889,0.7029702970297029,0.8987341772151899,0.9490373458069794,0.7944569329707268,0.9830453765050603,0.8232088123047724,0.8232088123047724,0.8987341772151899,0.0006594856012310398,0.8987341772151899,0.0006594856012310398,45460,30,8,71,0.0006594856012310398,0.10126582278481013,0.8987341772151899,0.043935490770589766,fpr,0.005,1.0,False,,NOT_FINAL_ROUND,,,,,,,,,,,,,,,,,,,,False,0.9982795547909132,0.47938008000028276,319.56091499978356,1.7732259998410882,0.0,0.0,0,0.0,0.0,240,2880,240.0,2880,2880,5760,,not_modelled__session_or_evaluation_key_material_excluded_from_round_payload,0,0,0.0,0.0,actual_generated_protocol_object_bytes,plain_model_update_uplink_plus_plain_global_update_broadcast,model_update_ciphertext_only__auxiliary_protocol_objects_are_counted_in_comm_total,False,single_google_colab_node__logical_client_cloud_authorized_recipient_roles,not_applicable,0.0,0.0,0.0,measured_sum_of_client_protection_plus_server_protected_aggregation_plus_authorized_recovery_or_decryption_ms_per_round,local_training__validation_test_evaluation__transport_latency__serialization_framing_not_explicitly_in_crypto_functions,0.0,0.0,12,12,0,plaintext_update_no_noise,1.0,plain_exact,0,0,False,0,0,False,not_applicable,0,[],0,,True,0.0017204452090867595,0.0020311924643947404,3.9572916666666664,0,0,0,0,0,0,0,0,0,0,0,0,0,12,0,12,0,1,fixed_execution_host_runtime_payload_and_machine_specification__no_unmeasured_absolute_energy_or_carbon_claim,sequential_single_host_wall_clock_and_generated_protocol_object_bytes__machine_specification_recorded__transport_network_facility_energy_not_measured,runtime_payload_measured__energy_not_instrumented,not_reported_without_direct_hardware_energy_instrumentation,not_reported,False,,,,,,,not_reported,0,0.25,not_probed,0,,not_reported__no_valid_colab_network_or_device_energy_scope,,not_reported__no_direct_facility_or_grid_carbon_measurement,0.47935410099989895,Absolute energy and carbon are not reported because direct hardware energy instrumentation is disabled.,False,,,,GOVERNANCE
19,A1_TADP_admission_only,16,tadp_admission_only_ablation,comparative_experiment,main_comparative,TADP admission-only ablation: uses the fixed TADP-admitted cohort with plain FedAvg and deliberately bypasses TADP-Sec runtime signing/freshness/PoFC and encrypted aggregation.,tadp_admission_only_plain_fedavg,custom_reference_python_prototype,False,,,,,,,,,,{},False,False,,,0,baseline_unenforced,,,,,not_applicable,not_applicable_plain_update_path,,,,not_applicable,0,0,0,False,,{},True,,strict_experiment_side_plaintext_oracle_comparison__max_coordinate_and_rmse_numeric_acceptance_envelope__relative_l2_diagnostic_only__no_plaintext_fallback_after_protected_aggregation_failure,custom_reference_prototype_numeric_acceptance_envelope__max_abs_and_rmse_are_acceptance_gates__relative_l2_is_diagnostic_only__not_a_formal_he_security_or_precision_proof,True,False,PASSED_PLAIN_CONTROL_CHECK,0.0,0.0,0.0,0.007822914341308777,0.007822914341308777,,,,True,True,True,True,finite_and_max_abs_and_rmse,0.9988764439450862,0.7241379310344828,0.6268656716417911,0.8571428571428571,0.9281317831015354,0.7324966133977643,0.9794823739850471,0.7260114709783658,0.7260114709783658,0.8877551020408163,0.0019871975239167134,0.8877551020408163,0.0019871975239167134,56814,50,14,84,0.0008792909397861565,0.14285714285714285,0.8571428571428571,0.04439961879527935,0.04439961879527935,fpr,0.005,0.9991441550176655,0.7845303867403315,0.696078431372549,0.8987341772151899,0.9490263543802923,0.7905422865495717,0.9830228371237524,0.8239698227313477,0.8239698227313477,0.8987341772151899,0.0006814684546054077,0.8987341772151899,0.0006814684546054077,45459,31,8,71,0.0006814684546054077,0.10126582278481013,0.8987341772151899,0.04439961879527935,fpr,0.005,1.0,False,,NOT_FINAL_ROUND,,,,,,,,,,,,,,,,,,,,False,0.9982795547909132,0.49176940899997135,334.69857399995817,1.7355749987473246,0.0,0.0,0,0.0,0.0,240,2880,240.0,2880,2880,5760,,not_modelled__session_or_evaluation_key_material_excluded_from_round_payload,0,0,0.0,0.0,actual_generated_protocol_object_bytes,plain_model_update_uplink_plus_plain_global_update_broadcast,model_update_ciphertext_only__auxiliary_protocol_objects_are_counted_in_comm_total,False,single_google_colab_node__logical_client_cloud_authorized_recipient_roles,not_applicable,0.0,0.0,0.0,measured_sum_of_client_protection_plus_server_protected_aggregation_plus_authorized_recovery_or_decryption_ms_per_round,local_training__validation_test_evaluation__transport_latency__serialization_framing_not_explicitly_in_crypto_functions,0.0,0.0,12,12,0,plaintext_update_no_noise,1.0,plain_exact,0,0,False,0,0,False,not_applicable,0,[],0,,True,0.0017204452090867595,0.0020311924643947404,3.9572916666666664,0,0,0,0,0,0,0,0,0,0,0,0,0,12,0,12,0,1,fixed_execution_host_runtime_payload_and_machine_specification__no_unmeasured_absolute_energy_or_carbon_claim,sequential_single_host_wall_clock_and_generated_protocol_object_bytes__machine_specification_recorded__transport_network_facility_energy_not_measured,runtime_payload_measured__energy_not_instrumented,not_reported_without_direct_hardware_energy_instrumentation,not_reported,False,,,,,,,not_reported,0,0.25,not_probed,0,,not_reported__no_valid_colab_network_or_device_energy_scope,,not_reported__no_direct_facility_or_grid_carbon_measurement,0.4917439920000106,Absolute energy and carbon are not reported because direct hardware energy instrumentation is disabled.,False,,,,GOVERNANCE
19,A1_TADP_admission_only,17,tadp_admission_only_ablation,comparative_experiment,main_comparative,TADP admission-only ablation: uses the fixed TADP-admitted cohort with plain FedAvg and deliberately bypasses TADP-Sec runtime signing/freshness/PoFC and encrypted aggregation.,tadp_admission_only_plain_fedavg,custom_reference_python_prototype,False,,,,,,,,,,{},False,False,,,0,baseline_unenforced,,,,,not_applicable,not_applicable_plain_update_path,,,,not_applicable,0,0,0,False,,{},True,,strict_experiment_side_plaintext_oracle_comparison__max_coordinate_and_rmse_numeric_acceptance_envelope__relative_l2_diagnostic_only__no_plaintext_fallback_after_protected_aggregation_failure,custom_reference_prototype_numeric_acceptance_envelope__max_abs_and_rmse_are_acceptance_gates__relative_l2_is_diagnostic_only__not_a_formal_he_security_or_precision_proof,True,False,PASSED_PLAIN_CONTROL_CHECK,0.0,0.0,0.0,0.007259455310349435,0.007259455310349435,,,,True,True,True,True,finite_and_max_abs_and_rmse,0.9988764439450862,0.7241379310344828,0.6268656716417911,0.8571428571428571,0.9281317831015354,0.7324966133977643,0.9794111334742113,0.7259569188935103,0.7259569188935103,0.8877551020408163,0.001916854248733821,0.8877551020408163,0.001916854248733821,56814,50,14,84,0.0008792909397861565,0.14285714285714285,0.8571428571428571,0.04488451967219702,0.04488451967219702,fpr,0.005,0.9991441550176655,0.7845303867403315,0.696078431372549,0.8987341772151899,0.9490263543802923,0.7905422865495717,0.9829844366963388,0.8239767495854259,0.8239767495854259,0.8987341772151899,0.0006814684546054077,0.8987341772151899,0.0006814684546054077,45459,31,8,71,0.0006814684546054077,0.10126582278481013,0.8987341772151899,0.04488451967219702,fpr,0.005,1.0,False,,NOT_FINAL_ROUND,,,,,,,,,,,,,,,,,,,,False,0.9982795547909132,0.46868188600001304,309.62162799960424,1.7868089998955838,0.0,0.0,0,0.0,0.0,240,2880,240.0,2880,2880,5760,,not_modelled__session_or_evaluation_key_material_excluded_from_round_payload,0,0,0.0,0.0,actual_generated_protocol_object_bytes,plain_model_update_uplink_plus_plain_global_update_broadcast,model_update_ciphertext_only__auxiliary_protocol_objects_are_counted_in_comm_total,False,single_google_colab_node__logical_client_cloud_authorized_recipient_roles,not_applicable,0.0,0.0,0.0,measured_sum_of_client_protection_plus_server_protected_aggregation_plus_authorized_recovery_or_decryption_ms_per_round,local_training__validation_test_evaluation__transport_latency__serialization_framing_not_explicitly_in_crypto_functions,0.0,0.0,12,12,0,plaintext_update_no_noise,1.0,plain_exact,0,0,False,0,0,False,not_applicable,0,[],0,,True,0.0017204452090867595,0.0020311924643947404,3.9572916666666664,0,0,0,0,0,0,0,0,0,0,0,0,0,12,0,12,0,1,fixed_execution_host_runtime_payload_and_machine_specification__no_unmeasured_absolute_energy_or_carbon_claim,sequential_single_host_wall_clock_and_generated_protocol_object_bytes__machine_specification_recorded__transport_network_facility_energy_not_measured,runtime_payload_measured__energy_not_instrumented,not_reported_without_direct_hardware_energy_instrumentation,not_reported,False,,,,,,,not_reported,0,0.25,not_probed,0,,not_reported__no_valid_colab_network_or_device_energy_scope,,not_reported__no_direct_facility_or_grid_carbon_measurement,0.4686555380003483,Absolute energy and carbon are not reported because direct hardware energy instrumentation is disabled.,False,,,,GOVERNANCE
19,A1_TADP_admission_only,18,tadp_admission_only_ablation,comparative_experiment,main_comparative,TADP admission-only ablation: uses the fixed TADP-admitted cohort with plain FedAvg and deliberately bypasses TADP-Sec runtime signing/freshness/PoFC and encrypted aggregation.,tadp_admission_only_plain_fedavg,custom_reference_python_prototype,False,,,,,,,,,,{},False,False,,,0,baseline_unenforced,,,,,not_applicable,not_applicable_plain_update_path,,,,not_applicable,0,0,0,False,,{},True,,strict_experiment_side_plaintext_oracle_comparison__max_coordinate_and_rmse_numeric_acceptance_envelope__relative_l2_diagnostic_only__no_plaintext_fallback_after_protected_aggregation_failure,custom_reference_prototype_numeric_acceptance_envelope__max_abs_and_rmse_are_acceptance_gates__relative_l2_is_diagnostic_only__not_a_formal_he_security_or_precision_proof,True,False,PASSED_PLAIN_CONTROL_CHECK,0.0,0.0,0.0,0.0069307954042232755,0.0069307954042232755,,,,True,True,True,True,finite_and_max_abs_and_rmse,0.9988764439450862,0.7241379310344828,0.6268656716417911,0.8571428571428571,0.9281317831015354,0.7324966133977643,0.9793876259001069,0.7259932645676769,0.7259932645676769,0.8877551020408163,0.0018992684299380979,0.8877551020408163,0.0018992684299380979,56814,50,14,84,0.0008792909397861565,0.14285714285714285,0.8571428571428571,0.04513426176250053,0.04513426176250053,fpr,0.005,0.9991441550176655,0.7845303867403315,0.696078431372549,0.8987341772151899,0.9490263543802923,0.7905422865495717,0.9829493754365266,0.8238536391083798,0.8238536391083798,0.8987341772151899,0.0006814684546054077,0.8987341772151899,0.0006814684546054077,45459,31,8,71,0.0006814684546054077,0.10126582278481013,0.8987341772151899,0.04513426176250053,fpr,0.005,1.0,False,,NOT_FINAL_ROUND,,,,,,,,,,,,,,,,,,,,False,0.9982795547909132,0.5045864250000704,337.05377599972053,1.7781429996830411,0.0,0.0,0,0.0,0.0,240,2880,240.0,2880,2880,5760,,not_modelled__session_or_evaluation_key_material_excluded_from_round_payload,0,0,0.0,0.0,actual_generated_protocol_object_bytes,plain_model_update_uplink_plus_plain_global_update_broadcast,model_update_ciphertext_only__auxiliary_protocol_objects_are_counted_in_comm_total,False,single_google_colab_node__logical_client_cloud_authorized_recipient_roles,not_applicable,0.0,0.0,0.0,measured_sum_of_client_protection_plus_server_protected_aggregation_plus_authorized_recovery_or_decryption_ms_per_round,local_training__validation_test_evaluation__transport_latency__serialization_framing_not_explicitly_in_crypto_functions,0.0,0.0,12,12,0,plaintext_update_no_noise,1.0,plain_exact,0,0,False,0,0,False,not_applicable,0,[],0,,True,0.0017204452090867595,0.0020311924643947404,3.9572916666666664,0,0,0,0,0,0,0,0,0,0,0,0,0,12,0,12,0,1,fixed_execution_host_runtime_payload_and_machine_specification__no_unmeasured_absolute_energy_or_carbon_claim,sequential_single_host_wall_clock_and_generated_protocol_object_bytes__machine_specification_recorded__transport_network_facility_energy_not_measured,runtime_payload_measured__energy_not_instrumented,not_reported_without_direct_hardware_energy_instrumentation,not_reported,False,,,,,,,not_reported,0,0.25,not_probed,0,,not_reported__no_valid_colab_network_or_device_energy_scope,,not_reported__no_direct_facility_or_grid_carbon_measurement,0.5045591680000143,Absolute energy and carbon are not reported because direct hardware energy instrumentation is disabled.,False,,,,GOVERNANCE
19,A1_TADP_admission_only,19,tadp_admission_only_ablation,comparative_experiment,main_comparative,TADP admission-only ablation: uses the fixed TADP-admitted cohort with plain FedAvg and deliberately bypasses TADP-Sec runtime signing/freshness/PoFC and encrypted aggregation.,tadp_admission_only_plain_fedavg,custom_reference_python_prototype,False,,,,,,,,,,{},False,False,,,0,baseline_unenforced,,,,,not_applicable,not_applicable_plain_update_path,,,,not_applicable,0,0,0,False,,{},True,,strict_experiment_side_plaintext_oracle_comparison__max_coordinate_and_rmse_numeric_acceptance_envelope__relative_l2_diagnostic_only__no_plaintext_fallback_after_protected_aggregation_failure,custom_reference_prototype_numeric_acceptance_envelope__max_abs_and_rmse_are_acceptance_gates__relative_l2_is_diagnostic_only__not_a_formal_he_security_or_precision_proof,True,False,PASSED_PLAIN_CONTROL_CHECK,0.0,0.0,0.0,0.006744543590119847,0.006744543590119847,,,,True,True,True,True,finite_and_max_abs_and_rmse,0.9988588883817282,0.721030042918455,0.6222222222222222,0.8571428571428571,0.9281229901921376,0.7297700531077194,0.9793854725345399,0.726465114674078,0.726465114674078,0.8877551020408163,0.0018640967923466516,0.8877551020408163,0.0018640967923466516,56813,51,14,84,0.0008968767585818796,0.14285714285714285,0.8571428571428571,0.044960159266858285,0.044960159266858285,fpr,0.005,0.9991441550176655,0.7845303867403315,0.696078431372549,0.8987341772151899,0.9490263543802923,0.7905422865495717,0.9829132011208472,0.8238523607544753,0.8238523607544753,0.8987341772151899,0.0006814684546054077,0.8987341772151899,0.0006814684546054077,45459,31,8,71,0.0006814684546054077,0.10126582278481013,0.8987341772151899,0.044960159266858285,fpr,0.005,1.0,False,,NOT_FINAL_ROUND,,,,,,,,,,,,,,,,,,,,False,0.9982795547909132,0.47463047700011884,314.0181869994194,1.7680630012364418,0.0,0.0,0,0.0,0.0,240,2880,240.0,2880,2880,5760,,not_modelled__session_or_evaluation_key_material_excluded_from_round_payload,0,0,0.0,0.0,actual_generated_protocol_object_bytes,plain_model_update_uplink_plus_plain_global_update_broadcast,model_update_ciphertext_only__auxiliary_protocol_objects_are_counted_in_comm_total,False,single_google_colab_node__logical_client_cloud_authorized_recipient_roles,not_applicable,0.0,0.0,0.0,measured_sum_of_client_protection_plus_server_protected_aggregation_plus_authorized_recovery_or_decryption_ms_per_round,local_training__validation_test_evaluation__transport_latency__serialization_framing_not_explicitly_in_crypto_functions,0.0,0.0,12,12,0,plaintext_update_no_noise,1.0,plain_exact,0,0,False,0,0,False,not_applicable,0,[],0,,True,0.0017204452090867595,0.0020311924643947404,3.9572916666666664,0,0,0,0,0,0,0,0,0,0,0,0,0,12,0,12,0,1,fixed_execution_host_runtime_payload_and_machine_specification__no_unmeasured_absolute_energy_or_carbon_claim,sequential_single_host_wall_clock_and_generated_protocol_object_bytes__machine_specification_recorded__transport_network_facility_energy_not_measured,runtime_payload_measured__energy_not_instrumented,not_reported_without_direct_hardware_energy_instrumentation,not_reported,False,,,,,,,not_reported,0,0.25,not_probed,0,,not_reported__no_valid_colab_network_or_device_energy_scope,,not_reported__no_direct_facility_or_grid_carbon_measurement,0.4746022070003164,Absolute energy and carbon are not reported because direct hardware energy instrumentation is disabled.,False,,,,GOVERNANCE
19,A1_TADP_admission_only,20,tadp_admission_only_ablation,comparative_experiment,main_comparative,TADP admission-only ablation: uses the fixed TADP-admitted cohort with plain FedAvg and deliberately bypasses TADP-Sec runtime signing/freshness/PoFC and encrypted aggregation.,tadp_admission_only_plain_fedavg,custom_reference_python_prototype,False,,,,,,,,,,{},False,False,,,0,baseline_unenforced,,,,,not_applicable,not_applicable_plain_update_path,,,,not_applicable,0,0,0,False,,{},True,,strict_experiment_side_plaintext_oracle_comparison__max_coordinate_and_rmse_numeric_acceptance_envelope__relative_l2_diagnostic_only__no_plaintext_fallback_after_protected_aggregation_failure,custom_reference_prototype_numeric_acceptance_envelope__max_abs_and_rmse_are_acceptance_gates__relative_l2_is_diagnostic_only__not_a_formal_he_security_or_precision_proof,True,False,PASSED_PLAIN_CONTROL_CHECK,0.0,0.0,0.0,0.007082907331179494,0.007082907331179494,,,,True,True,True,True,finite_and_max_abs_and_rmse,0.9988588883817282,0.721030042918455,0.6222222222222222,0.8571428571428571,0.9281229901921376,0.7297700531077194,0.9793614266190438,0.7265717163273127,0.7265717163273127,0.8877551020408163,0.0018640967923466516,0.8877551020408163,0.0018640967923466516,56813,51,14,84,0.0008968767585818796,0.14285714285714285,0.8571428571428571,0.04499715113681212,0.04499715113681212,fpr,0.005,0.9991441550176655,0.7845303867403315,0.696078431372549,0.8987341772151899,0.9490263543802923,0.7905422865495717,0.9829112532730799,0.8246439363266815,0.8246439363266815,0.8987341772151899,0.0006814684546054077,0.8987341772151899,0.0006814684546054077,45459,31,8,71,0.0006814684546054077,0.10126582278481013,0.8987341772151899,0.04499715113681212,fpr,0.005,1.0,True,,NO_REFERENCE_DEFINED,,,,,,,,,,,,,,,,,,,,False,0.9982795547909132,0.5006126220000624,340.4903760006164,1.9038499995076563,0.0,0.0,0,0.0,0.0,240,2880,240.0,2880,2880,5760,,not_modelled__session_or_evaluation_key_material_excluded_from_round_payload,0,0,0.0,0.0,actual_generated_protocol_object_bytes,plain_model_update_uplink_plus_plain_global_update_broadcast,model_update_ciphertext_only__auxiliary_protocol_objects_are_counted_in_comm_total,False,single_google_colab_node__logical_client_cloud_authorized_recipient_roles,not_applicable,0.0,0.0,0.0,measured_sum_of_client_protection_plus_server_protected_aggregation_plus_authorized_recovery_or_decryption_ms_per_round,local_training__validation_test_evaluation__transport_latency__serialization_framing_not_explicitly_in_crypto_functions,0.0,0.0,12,12,0,plaintext_update_no_noise,1.0,plain_exact,0,0,False,0,0,False,not_applicable,0,[],0,,True,0.0017204452090867595,0.0020311924643947404,3.9572916666666664,0,0,0,0,0,0,0,0,0,0,0,0,0,12,0,12,0,1,fixed_execution_host_runtime_payload_and_machine_specification__no_unmeasured_absolute_energy_or_carbon_claim,sequential_single_host_wall_clock_and_generated_protocol_object_bytes__machine_specification_recorded__transport_network_facility_energy_not_measured,runtime_payload_measured__energy_not_instrumented,not_reported_without_direct_hardware_energy_instrumentation,not_reported,False,,,,,,,not_reported,0,0.25,not_probed,0,,not_reported__no_valid_colab_network_or_device_energy_scope,,not_reported__no_direct_facility_or_grid_carbon_measurement,0.5005871199996363,Absolute energy and carbon are not reported because direct hardware energy instrumentation is disabled.,False,,,,GOVERNANCE
23,A1_TADP_admission_only,1,tadp_admission_only_ablation,comparative_experiment,main_comparative,TADP admission-only ablation: uses the fixed TADP-admitted cohort with plain FedAvg and deliberately bypasses TADP-Sec runtime signing/freshness/PoFC and encrypted aggregation.,tadp_admission_only_plain_fedavg,custom_reference_python_prototype,False,,,,,,,,,,{},False,False,,,0,baseline_unenforced,,,,,not_applicable,not_applicable_plain_update_path,,,,not_applicable,0,0,0,False,,{},True,,strict_experiment_side_plaintext_oracle_comparison__max_coordinate_and_rmse_numeric_acceptance_envelope__relative_l2_diagnostic_only__no_plaintext_fallback_after_protected_aggregation_failure,custom_reference_prototype_numeric_acceptance_envelope__max_abs_and_rmse_are_acceptance_gates__relative_l2_is_diagnostic_only__not_a_formal_he_security_or_precision_proof,True,False,PASSED_PLAIN_CONTROL_CHECK,0.0,0.0,0.0,0.308356783883112,0.308356783883112,,,,True,True,True,True,finite_and_max_abs_and_rmse,0.9948737754994558,0.3706896551724138,0.23497267759562843,0.8775510204081632,0.9363134955726804,0.45261294537362246,0.9608356637534023,0.6972965113305833,0.6972965113305833,0.8775510204081632,0.0022509848058525606,0.8877551020408163,0.005117473269555431,56584,280,12,86,0.004924029262802476,0.12244897959183673,0.8775510204081632,0.003304624277043878,0.003304624277043878,fpr,0.005,0.9952160459961816,0.39779005524861877,0.254416961130742,0.9113924050632911,0.9533770115006497,0.48015981005584546,0.9860973756925295,0.8201816337762521,0.8201816337762521,0.9113924050632911,0.004638382061991646,0.9113924050632911,0.004638382061991646,45279,211,7,72,0.004638382061991646,0.08860759493670886,0.9113924050632911,0.003304624277043878,fpr,0.005,1.0,False,,NOT_FINAL_ROUND,,,,,,,,,,,,,,,,,,,,False,0.9982795547909132,0.47904359299991484,317.6678529998753,1.748584000779374,0.0,0.0,0,0.0,0.0,240,2880,240.0,2880,2880,5760,,not_modelled__session_or_evaluation_key_material_excluded_from_round_payload,0,0,0.0,0.0,actual_generated_protocol_object_bytes,plain_model_update_uplink_plus_plain_global_update_broadcast,model_update_ciphertext_only__auxiliary_protocol_objects_are_counted_in_comm_total,False,single_google_colab_node__logical_client_cloud_authorized_recipient_roles,not_applicable,0.0,0.0,0.0,measured_sum_of_client_protection_plus_server_protected_aggregation_plus_authorized_recovery_or_decryption_ms_per_round,local_training__validation_test_evaluation__transport_latency__serialization_framing_not_explicitly_in_crypto_functions,0.0,0.0,12,12,0,plaintext_update_no_noise,1.0,plain_exact,0,0,False,0,0,False,not_applicable,0,[],0,,True,0.0017204452090867595,0.0020311924643947404,3.9572916666666664,0,0,0,0,0,0,0,0,0,0,0,0,0,12,0,12,0,1,fixed_execution_host_runtime_payload_and_machine_specification__no_unmeasured_absolute_energy_or_carbon_claim,sequential_single_host_wall_clock_and_generated_protocol_object_bytes__machine_specification_recorded__transport_network_facility_energy_not_measured,runtime_payload_measured__energy_not_instrumented,not_reported_without_direct_hardware_energy_instrumentation,not_reported,False,,,,,,,not_reported,0,0.25,not_probed,0,,not_reported__no_valid_colab_network_or_device_energy_scope,,not_reported__no_direct_facility_or_grid_carbon_measurement,0.4790174129998377,Absolute energy and carbon are not reported because direct hardware energy instrumentation is disabled.,False,,,,GOVERNANCE
23,A1_TADP_admission_only,2,tadp_admission_only_ablation,comparative_experiment,main_comparative,TADP admission-only ablation: uses the fixed TADP-admitted cohort with plain FedAvg and deliberately bypasses TADP-Sec runtime signing/freshness/PoFC and encrypted aggregation.,tadp_admission_only_plain_fedavg,custom_reference_python_prototype,False,,,,,,,,,,{},False,False,,,0,baseline_unenforced,,,,,not_applicable,not_applicable_plain_update_path,,,,not_applicable,0,0,0,False,,{},True,,strict_experiment_side_plaintext_oracle_comparison__max_coordinate_and_rmse_numeric_acceptance_envelope__relative_l2_diagnostic_only__no_plaintext_fallback_after_protected_aggregation_failure,custom_reference_prototype_numeric_acceptance_envelope__max_abs_and_rmse_are_acceptance_gates__relative_l2_is_diagnostic_only__not_a_formal_he_security_or_precision_proof,True,False,PASSED_PLAIN_CONTROL_CHECK,0.0,0.0,0.0,0.28137092776514494,0.28137092776514494,,,,True,True,True,True,finite_and_max_abs_and_rmse,0.9985253326779256,0.664,0.5460526315789473,0.8469387755102041,0.9228626770066497,0.6794021279793094,0.96896461876816,0.7195338256760201,0.7195338256760201,0.8877551020408163,0.0014772087788407428,0.8877551020408163,0.0014772087788407428,56795,69,15,83,0.0012134214969048958,0.15306122448979592,0.8469387755102041,0.005472314119386187,0.005472314119386187,fpr,0.005,0.9990124865588448,0.7593582887700535,0.6574074074074074,0.8987341772151899,0.9489604058201692,0.7682068609511581,0.9876136360474272,0.8239888858456268,0.8239888858456268,0.8987341772151899,0.0008133655748516158,0.8987341772151899,0.0008133655748516158,45453,37,8,71,0.0008133655748516158,0.10126582278481013,0.8987341772151899,0.005472314119386187,fpr,0.005,1.0,False,,NOT_FINAL_ROUND,,,,,,,,,,,,,,,,,,,,False,0.9982795547909132,0.5118236559997058,351.1891960001776,1.9640240006992826,0.0,0.0,0,0.0,0.0,240,2880,240.0,2880,2880,5760,,not_modelled__session_or_evaluation_key_material_excluded_from_round_payload,0,0,0.0,0.0,actual_generated_protocol_object_bytes,plain_model_update_uplink_plus_plain_global_update_broadcast,model_update_ciphertext_only__auxiliary_protocol_objects_are_counted_in_comm_total,False,single_google_colab_node__logical_client_cloud_authorized_recipient_roles,not_applicable,0.0,0.0,0.0,measured_sum_of_client_protection_plus_server_protected_aggregation_plus_authorized_recovery_or_decryption_ms_per_round,local_training__validation_test_evaluation__transport_latency__serialization_framing_not_explicitly_in_crypto_functions,0.0,0.0,12,12,0,plaintext_update_no_noise,1.0,plain_exact,0,0,False,0,0,False,not_applicable,0,[],0,,True,0.0017204452090867595,0.0020311924643947404,3.9572916666666664,0,0,0,0,0,0,0,0,0,0,0,0,0,12,0,12,0,1,fixed_execution_host_runtime_payload_and_machine_specification__no_unmeasured_absolute_energy_or_carbon_claim,sequential_single_host_wall_clock_and_generated_protocol_object_bytes__machine_specification_recorded__transport_network_facility_energy_not_measured,runtime_payload_measured__energy_not_instrumented,not_reported_without_direct_hardware_energy_instrumentation,not_reported,False,,,,,,,not_reported,0,0.25,not_probed,0,,not_reported__no_valid_colab_network_or_device_energy_scope,,not_reported__no_direct_facility_or_grid_carbon_measurement,0.5117974109998613,Absolute energy and carbon are not reported because direct hardware energy instrumentation is disabled.,False,,,,GOVERNANCE
23,A1_TADP_admission_only,3,tadp_admission_only_ablation,comparative_experiment,main_comparative,TADP admission-only ablation: uses the fixed TADP-admitted cohort with plain FedAvg and deliberately bypasses TADP-Sec runtime signing/freshness/PoFC and encrypted aggregation.,tadp_admission_only_plain_fedavg,custom_reference_python_prototype,False,,,,,,,,,,{},False,False,,,0,baseline_unenforced,,,,,not_applicable,not_applicable_plain_update_path,,,,not_applicable,0,0,0,False,,{},True,,strict_experiment_side_plaintext_oracle_comparison__max_coordinate_and_rmse_numeric_acceptance_envelope__relative_l2_diagnostic_only__no_plaintext_fallback_after_protected_aggregation_failure,custom_reference_prototype_numeric_acceptance_envelope__max_abs_and_rmse_are_acceptance_gates__relative_l2_is_diagnostic_only__not_a_formal_he_security_or_precision_proof,True,False,PASSED_PLAIN_CONTROL_CHECK,0.0,0.0,0.0,0.2479287584562522,0.2479287584562522,,,,True,True,True,True,finite_and_max_abs_and_rmse,0.9985428882412837,0.6666666666666666,0.5496688741721855,0.8469387755102041,0.9228714699160474,0.6816562661743784,0.9731557859497204,0.722421988673019,0.722421988673019,0.8877551020408163,0.0012837647720877884,0.8877551020408163,0.0012837647720877884,56796,68,15,83,0.0011958356781091727,0.15306122448979592,0.8469387755102041,0.008140751548700214,0.008140751548700214,fpr,0.005,0.9990344313019817,0.7634408602150538,0.6635514018691588,0.8987341772151899,0.9489713972468563,0.7717986706821625,0.9875468526954039,0.8237446422719499,0.8237446422719499,0.8987341772151899,0.0007913827214772477,0.8987341772151899,0.0007913827214772477,45454,36,8,71,0.0007913827214772477,0.10126582278481013,0.8987341772151899,0.008140751548700214,fpr,0.005,1.0,False,,NOT_FINAL_ROUND,,,,,,,,,,,,,,,,,,,,False,0.9982795547909132,0.4736135279999871,311.75965100010217,1.9036389990105818,0.0,0.0,0,0.0,0.0,240,2880,240.0,2880,2880,5760,,not_modelled__session_or_evaluation_key_material_excluded_from_round_payload,0,0,0.0,0.0,actual_generated_protocol_object_bytes,plain_model_update_uplink_plus_plain_global_update_broadcast,model_update_ciphertext_only__auxiliary_protocol_objects_are_counted_in_comm_total,False,single_google_colab_node__logical_client_cloud_authorized_recipient_roles,not_applicable,0.0,0.0,0.0,measured_sum_of_client_protection_plus_server_protected_aggregation_plus_authorized_recovery_or_decryption_ms_per_round,local_training__validation_test_evaluation__transport_latency__serialization_framing_not_explicitly_in_crypto_functions,0.0,0.0,12,12,0,plaintext_update_no_noise,1.0,plain_exact,0,0,False,0,0,False,not_applicable,0,[],0,,True,0.0017204452090867595,0.0020311924643947404,3.9572916666666664,0,0,0,0,0,0,0,0,0,0,0,0,0,12,0,12,0,1,fixed_execution_host_runtime_payload_and_machine_specification__no_unmeasured_absolute_energy_or_carbon_claim,sequential_single_host_wall_clock_and_generated_protocol_object_bytes__machine_specification_recorded__transport_network_facility_energy_not_measured,runtime_payload_measured__energy_not_instrumented,not_reported_without_direct_hardware_energy_instrumentation,not_reported,False,,,,,,,not_reported,0,0.25,not_probed,0,,not_reported__no_valid_colab_network_or_device_energy_scope,,not_reported__no_direct_facility_or_grid_carbon_measurement,0.4735872029996244,Absolute energy and carbon are not reported because direct hardware energy instrumentation is disabled.,False,,,,GOVERNANCE
23,A1_TADP_admission_only,4,tadp_admission_only_ablation,comparative_experiment,main_comparative,TADP admission-only ablation: uses the fixed TADP-admitted cohort with plain FedAvg and deliberately bypasses TADP-Sec runtime signing/freshness/PoFC and encrypted aggregation.,tadp_admission_only_plain_fedavg,custom_reference_python_prototype,False,,,,,,,,,,{},False,False,,,0,baseline_unenforced,,,,,not_applicable,not_applicable_plain_update_path,,,,not_applicable,0,0,0,False,,{},True,,strict_experiment_side_plaintext_oracle_comparison__max_coordinate_and_rmse_numeric_acceptance_envelope__relative_l2_diagnostic_only__no_plaintext_fallback_after_protected_aggregation_failure,custom_reference_prototype_numeric_acceptance_envelope__max_abs_and_rmse_are_acceptance_gates__relative_l2_is_diagnostic_only__not_a_formal_he_security_or_precision_proof,True,False,PASSED_PLAIN_CONTROL_CHECK,0.0,0.0,0.0,0.2088908348022183,0.2088908348022183,,,,True,True,True,True,finite_and_max_abs_and_rmse,0.9986482216214319,0.6831275720164609,0.5724137931034483,0.8469387755102041,0.9229242273724346,0.6956665966785589,0.9753184827673331,0.7240155510598062,0.7240155510598062,0.8877551020408163,0.0013892796848621273,0.8877551020408163,0.0013892796848621273,56802,62,15,83,0.001090320765334834,0.15306122448979592,0.8469387755102041,0.011608638663652141,0.011608638663652141,fpr,0.005,0.9990783207882552,0.7717391304347826,0.6761904761904762,0.8987341772151899,0.9489933801002307,0.7791354710123013,0.987389911818149,0.823844078809005,0.823844078809005,0.8987341772151899,0.0007474170147285117,0.8987341772151899,0.0007474170147285117,45456,34,8,71,0.0007474170147285117,0.10126582278481013,0.8987341772151899,0.011608638663652141,fpr,0.005,1.0,False,,NOT_FINAL_ROUND,,,,,,,,,,,,,,,,,,,,False,0.9982795547909132,0.48074441200014917,315.541877999749,1.919312000154605,0.0,0.0,0,0.0,0.0,240,2880,240.0,2880,2880,5760,,not_modelled__session_or_evaluation_key_material_excluded_from_round_payload,0,0,0.0,0.0,actual_generated_protocol_object_bytes,plain_model_update_uplink_plus_plain_global_update_broadcast,model_update_ciphertext_only__auxiliary_protocol_objects_are_counted_in_comm_total,False,single_google_colab_node__logical_client_cloud_authorized_recipient_roles,not_applicable,0.0,0.0,0.0,measured_sum_of_client_protection_plus_server_protected_aggregation_plus_authorized_recovery_or_decryption_ms_per_round,local_training__validation_test_evaluation__transport_latency__serialization_framing_not_explicitly_in_crypto_functions,0.0,0.0,12,12,0,plaintext_update_no_noise,1.0,plain_exact,0,0,False,0,0,False,not_applicable,0,[],0,,True,0.0017204452090867595,0.0020311924643947404,3.9572916666666664,0,0,0,0,0,0,0,0,0,0,0,0,0,12,0,12,0,1,fixed_execution_host_runtime_payload_and_machine_specification__no_unmeasured_absolute_energy_or_carbon_claim,sequential_single_host_wall_clock_and_generated_protocol_object_bytes__machine_specification_recorded__transport_network_facility_energy_not_measured,runtime_payload_measured__energy_not_instrumented,not_reported_without_direct_hardware_energy_instrumentation,not_reported,False,,,,,,,not_reported,0,0.25,not_probed,0,,not_reported__no_valid_colab_network_or_device_energy_scope,,not_reported__no_direct_facility_or_grid_carbon_measurement,0.4807153339997967,Absolute energy and carbon are not reported because direct hardware energy instrumentation is disabled.,False,,,,GOVERNANCE
23,A1_TADP_admission_only,5,tadp_admission_only_ablation,comparative_experiment,main_comparative,TADP admission-only ablation: uses the fixed TADP-admitted cohort with plain FedAvg and deliberately bypasses TADP-Sec runtime signing/freshness/PoFC and encrypted aggregation.,tadp_admission_only_plain_fedavg,custom_reference_python_prototype,False,,,,,,,,,,{},False,False,,,0,baseline_unenforced,,,,,not_applicable,not_applicable_plain_update_path,,,,not_applicable,0,0,0,False,,{},True,,strict_experiment_side_plaintext_oracle_comparison__max_coordinate_and_rmse_numeric_acceptance_envelope__relative_l2_diagnostic_only__no_plaintext_fallback_after_protected_aggregation_failure,custom_reference_prototype_numeric_acceptance_envelope__max_abs_and_rmse_are_acceptance_gates__relative_l2_is_diagnostic_only__not_a_formal_he_security_or_precision_proof,True,False,PASSED_PLAIN_CONTROL_CHECK,0.0,0.0,0.0,0.16521963465696926,0.16521963465696926,,,,True,True,True,True,finite_and_max_abs_and_rmse,0.9986657771847899,0.6859504132231405,0.5763888888888888,0.8469387755102041,0.9229330202818324,0.6980862969003445,0.9764446929587817,0.7246423188225012,0.7246423188225012,0.8877551020408163,0.0014244513224535734,0.8877551020408163,0.0014244513224535734,56803,61,15,83,0.0010727349465391109,0.15306122448979592,0.8469387755102041,0.015748044210411746,0.015748044210411746,fpr,0.005,0.9990563760451184,0.7675675675675676,0.6698113207547169,0.8987341772151899,0.9489823886735436,0.7754411396718406,0.9867159564906461,0.8240452953770276,0.8240452953770276,0.8987341772151899,0.0007693998681028798,0.8987341772151899,0.0007693998681028798,45455,35,8,71,0.0007693998681028798,0.10126582278481013,0.8987341772151899,0.015748044210411746,fpr,0.005,1.0,False,,NOT_FINAL_ROUND,,,,,,,,,,,,,,,,,,,,False,0.9982795547909132,0.4916207289998056,319.00464500085945,1.8290410002919089,0.0,0.0,0,0.0,0.0,240,2880,240.0,2880,2880,5760,,not_modelled__session_or_evaluation_key_material_excluded_from_round_payload,0,0,0.0,0.0,actual_generated_protocol_object_bytes,plain_model_update_uplink_plus_plain_global_update_broadcast,model_update_ciphertext_only__auxiliary_protocol_objects_are_counted_in_comm_total,False,single_google_colab_node__logical_client_cloud_authorized_recipient_roles,not_applicable,0.0,0.0,0.0,measured_sum_of_client_protection_plus_server_protected_aggregation_plus_authorized_recovery_or_decryption_ms_per_round,local_training__validation_test_evaluation__transport_latency__serialization_framing_not_explicitly_in_crypto_functions,0.0,0.0,12,12,0,plaintext_update_no_noise,1.0,plain_exact,0,0,False,0,0,False,not_applicable,0,[],0,,True,0.0017204452090867595,0.0020311924643947404,3.9572916666666664,0,0,0,0,0,0,0,0,0,0,0,0,0,12,0,12,0,1,fixed_execution_host_runtime_payload_and_machine_specification__no_unmeasured_absolute_energy_or_carbon_claim,sequential_single_host_wall_clock_and_generated_protocol_object_bytes__machine_specification_recorded__transport_network_facility_energy_not_measured,runtime_payload_measured__energy_not_instrumented,not_reported_without_direct_hardware_energy_instrumentation,not_reported,False,,,,,,,not_reported,0,0.25,not_probed,0,,not_reported__no_valid_colab_network_or_device_energy_scope,,not_reported__no_direct_facility_or_grid_carbon_measurement,0.4915909599999395,Absolute energy and carbon are not reported because direct hardware energy instrumentation is disabled.,False,,,,GOVERNANCE
23,A1_TADP_admission_only,6,tadp_admission_only_ablation,comparative_experiment,main_comparative,TADP admission-only ablation: uses the fixed TADP-admitted cohort with plain FedAvg and deliberately bypasses TADP-Sec runtime signing/freshness/PoFC and encrypted aggregation.,tadp_admission_only_plain_fedavg,custom_reference_python_prototype,False,,,,,,,,,,{},False,False,,,0,baseline_unenforced,,,,,not_applicable,not_applicable_plain_update_path,,,,not_applicable,0,0,0,False,,{},True,,strict_experiment_side_plaintext_oracle_comparison__max_coordinate_and_rmse_numeric_acceptance_envelope__relative_l2_diagnostic_only__no_plaintext_fallback_after_protected_aggregation_failure,custom_reference_prototype_numeric_acceptance_envelope__max_abs_and_rmse_are_acceptance_gates__relative_l2_is_diagnostic_only__not_a_formal_he_security_or_precision_proof,True,False,PASSED_PLAIN_CONTROL_CHECK,0.0,0.0,0.0,0.12470537610971007,0.12470537610971007,,,,True,True,True,True,finite_and_max_abs_and_rmse,0.9986833327481479,0.6887966804979253,0.5804195804195804,0.8469387755102041,0.9229418131912304,0.700531305115625,0.9771890396563803,0.7246739242744884,0.7246739242744884,0.8877551020408163,0.0014420371412492965,0.8877551020408163,0.0014420371412492965,56804,60,15,83,0.0010551491277433877,0.15306122448979592,0.8469387755102041,0.020191880285188493,0.020191880285188493,fpr,0.005,0.9990783207882552,0.7717391304347826,0.6761904761904762,0.8987341772151899,0.9489933801002307,0.7791354710123013,0.9860436707469439,0.8238856059505738,0.8238856059505738,0.8987341772151899,0.0007474170147285117,0.8987341772151899,0.0007474170147285117,45456,34,8,71,0.0007474170147285117,0.10126582278481013,0.8987341772151899,0.020191880285188493,fpr,0.005,1.0,False,,NOT_FINAL_ROUND,,,,,,,,,,,,,,,,,,,,False,0.9982795547909132,0.5068251679999776,317.9119580004226,1.8722850008998648,0.0,0.0,0,0.0,0.0,240,2880,240.0,2880,2880,5760,,not_modelled__session_or_evaluation_key_material_excluded_from_round_payload,0,0,0.0,0.0,actual_generated_protocol_object_bytes,plain_model_update_uplink_plus_plain_global_update_broadcast,model_update_ciphertext_only__auxiliary_protocol_objects_are_counted_in_comm_total,False,single_google_colab_node__logical_client_cloud_authorized_recipient_roles,not_applicable,0.0,0.0,0.0,measured_sum_of_client_protection_plus_server_protected_aggregation_plus_authorized_recovery_or_decryption_ms_per_round,local_training__validation_test_evaluation__transport_latency__serialization_framing_not_explicitly_in_crypto_functions,0.0,0.0,12,12,0,plaintext_update_no_noise,1.0,plain_exact,0,0,False,0,0,False,not_applicable,0,[],0,,True,0.0017204452090867595,0.0020311924643947404,3.9572916666666664,0,0,0,0,0,0,0,0,0,0,0,0,0,12,0,12,0,1,fixed_execution_host_runtime_payload_and_machine_specification__no_unmeasured_absolute_energy_or_carbon_claim,sequential_single_host_wall_clock_and_generated_protocol_object_bytes__machine_specification_recorded__transport_network_facility_energy_not_measured,runtime_payload_measured__energy_not_instrumented,not_reported_without_direct_hardware_energy_instrumentation,not_reported,False,,,,,,,not_reported,0,0.25,not_probed,0,,not_reported__no_valid_colab_network_or_device_energy_scope,,not_reported__no_direct_facility_or_grid_carbon_measurement,0.5067975880001541,Absolute energy and carbon are not reported because direct hardware energy instrumentation is disabled.,False,,,,GOVERNANCE
23,A1_TADP_admission_only,7,tadp_admission_only_ablation,comparative_experiment,main_comparative,TADP admission-only ablation: uses the fixed TADP-admitted cohort with plain FedAvg and deliberately bypasses TADP-Sec runtime signing/freshness/PoFC and encrypted aggregation.,tadp_admission_only_plain_fedavg,custom_reference_python_prototype,False,,,,,,,,,,{},False,False,,,0,baseline_unenforced,,,,,not_applicable,not_applicable_plain_update_path,,,,not_applicable,0,0,0,False,,{},True,,strict_experiment_side_plaintext_oracle_comparison__max_coordinate_and_rmse_numeric_acceptance_envelope__relative_l2_diagnostic_only__no_plaintext_fallback_after_protected_aggregation_failure,custom_reference_prototype_numeric_acceptance_envelope__max_abs_and_rmse_are_acceptance_gates__relative_l2_is_diagnostic_only__not_a_formal_he_security_or_precision_proof,True,False,PASSED_PLAIN_CONTROL_CHECK,0.0,0.0,0.0,0.09783007119407901,0.09783007119407901,,,,True,True,True,True,finite_and_max_abs_and_rmse,0.998735999438222,0.7,0.5915492957746479,0.8571428571428571,0.9280614398263526,0.7114969744332836,0.977770268912292,0.7250143581239282,0.7250143581239282,0.8877551020408163,0.0014420371412492965,0.8877551020408163,0.0014420371412492965,56806,58,14,84,0.0010199774901519414,0.14285714285714285,0.8571428571428571,0.024767419748244503,0.024767419748244503,fpr,0.005,0.9991222102745287,0.7802197802197802,0.6893203883495146,0.8987341772151899,0.9490153629536051,0.7866847368188982,0.9855055082352221,0.8243858127743763,0.8243858127743763,0.8987341772151899,0.0007034513079797758,0.8987341772151899,0.0007034513079797758,45458,32,8,71,0.0007034513079797758,0.10126582278481013,0.8987341772151899,0.024767419748244503,fpr,0.005,1.0,False,,NOT_FINAL_ROUND,,,,,,,,,,,,,,,,,,,,False,0.9982795547909132,0.493791463999969,324.5788930003073,1.869363999048801,0.0,0.0,0,0.0,0.0,240,2880,240.0,2880,2880,5760,,not_modelled__session_or_evaluation_key_material_excluded_from_round_payload,0,0,0.0,0.0,actual_generated_protocol_object_bytes,plain_model_update_uplink_plus_plain_global_update_broadcast,model_update_ciphertext_only__auxiliary_protocol_objects_are_counted_in_comm_total,False,single_google_colab_node__logical_client_cloud_authorized_recipient_roles,not_applicable,0.0,0.0,0.0,measured_sum_of_client_protection_plus_server_protected_aggregation_plus_authorized_recovery_or_decryption_ms_per_round,local_training__validation_test_evaluation__transport_latency__serialization_framing_not_explicitly_in_crypto_functions,0.0,0.0,12,12,0,plaintext_update_no_noise,1.0,plain_exact,0,0,False,0,0,False,not_applicable,0,[],0,,True,0.0017204452090867595,0.0020311924643947404,3.9572916666666664,0,0,0,0,0,0,0,0,0,0,0,0,0,12,0,12,0,1,fixed_execution_host_runtime_payload_and_machine_specification__no_unmeasured_absolute_energy_or_carbon_claim,sequential_single_host_wall_clock_and_generated_protocol_object_bytes__machine_specification_recorded__transport_network_facility_energy_not_measured,runtime_payload_measured__energy_not_instrumented,not_reported_without_direct_hardware_energy_instrumentation,not_reported,False,,,,,,,not_reported,0,0.25,not_probed,0,,not_reported__no_valid_colab_network_or_device_energy_scope,,not_reported__no_direct_facility_or_grid_carbon_measurement,0.4937628840002617,Absolute energy and carbon are not reported because direct hardware energy instrumentation is disabled.,False,,,,GOVERNANCE
23,A1_TADP_admission_only,8,tadp_admission_only_ablation,comparative_experiment,main_comparative,TADP admission-only ablation: uses the fixed TADP-admitted cohort with plain FedAvg and deliberately bypasses TADP-Sec runtime signing/freshness/PoFC and encrypted aggregation.,tadp_admission_only_plain_fedavg,custom_reference_python_prototype,False,,,,,,,,,,{},False,False,,,0,baseline_unenforced,,,,,not_applicable,not_applicable_plain_update_path,,,,not_applicable,0,0,0,False,,{},True,,strict_experiment_side_plaintext_oracle_comparison__max_coordinate_and_rmse_numeric_acceptance_envelope__relative_l2_diagnostic_only__no_plaintext_fallback_after_protected_aggregation_failure,custom_reference_prototype_numeric_acceptance_envelope__max_abs_and_rmse_are_acceptance_gates__relative_l2_is_diagnostic_only__not_a_formal_he_security_or_precision_proof,True,False,PASSED_PLAIN_CONTROL_CHECK,0.0,0.0,0.0,0.07035960213510772,0.07035960213510772,,,,True,True,True,True,finite_and_max_abs_and_rmse,0.9987711105649381,0.7058823529411765,0.6,0.8571428571428571,0.9280790256451483,0.7165779005842429,0.9781200113697701,0.7253499570423255,0.7253499570423255,0.8877551020408163,0.0015651378728193585,0.8877551020408163,0.0015651378728193585,56808,56,14,84,0.0009848058525604951,0.14285714285714285,0.8571428571428571,0.028950227342308767,0.028950227342308767,fpr,0.005,0.9991441550176655,0.7845303867403315,0.696078431372549,0.8987341772151899,0.9490263543802923,0.7905422865495717,0.9850672424875685,0.8246049425577375,0.8246049425577375,0.8987341772151899,0.0006814684546054077,0.8987341772151899,0.0006814684546054077,45459,31,8,71,0.0006814684546054077,0.10126582278481013,0.8987341772151899,0.028950227342308767,fpr,0.005,1.0,False,,NOT_FINAL_ROUND,,,,,,,,,,,,,,,,,,,,False,0.9982795547909132,0.48126527200020064,319.42325099907976,1.8613069992170495,0.0,0.0,0,0.0,0.0,240,2880,240.0,2880,2880,5760,,not_modelled__session_or_evaluation_key_material_excluded_from_round_payload,0,0,0.0,0.0,actual_generated_protocol_object_bytes,plain_model_update_uplink_plus_plain_global_update_broadcast,model_update_ciphertext_only__auxiliary_protocol_objects_are_counted_in_comm_total,False,single_google_colab_node__logical_client_cloud_authorized_recipient_roles,not_applicable,0.0,0.0,0.0,measured_sum_of_client_protection_plus_server_protected_aggregation_plus_authorized_recovery_or_decryption_ms_per_round,local_training__validation_test_evaluation__transport_latency__serialization_framing_not_explicitly_in_crypto_functions,0.0,0.0,12,12,0,plaintext_update_no_noise,1.0,plain_exact,0,0,False,0,0,False,not_applicable,0,[],0,,True,0.0017204452090867595,0.0020311924643947404,3.9572916666666664,0,0,0,0,0,0,0,0,0,0,0,0,0,12,0,12,0,1,fixed_execution_host_runtime_payload_and_machine_specification__no_unmeasured_absolute_energy_or_carbon_claim,sequential_single_host_wall_clock_and_generated_protocol_object_bytes__machine_specification_recorded__transport_network_facility_energy_not_measured,runtime_payload_measured__energy_not_instrumented,not_reported_without_direct_hardware_energy_instrumentation,not_reported,False,,,,,,,not_reported,0,0.25,not_probed,0,,not_reported__no_valid_colab_network_or_device_energy_scope,,not_reported__no_direct_facility_or_grid_carbon_measurement,0.48123601900033464,Absolute energy and carbon are not reported because direct hardware energy instrumentation is disabled.,False,,,,GOVERNANCE
23,A1_TADP_admission_only,9,tadp_admission_only_ablation,comparative_experiment,main_comparative,TADP admission-only ablation: uses the fixed TADP-admitted cohort with plain FedAvg and deliberately bypasses TADP-Sec runtime signing/freshness/PoFC and encrypted aggregation.,tadp_admission_only_plain_fedavg,custom_reference_python_prototype,False,,,,,,,,,,{},False,False,,,0,baseline_unenforced,,,,,not_applicable,not_applicable_plain_update_path,,,,not_applicable,0,0,0,False,,{},True,,strict_experiment_side_plaintext_oracle_comparison__max_coordinate_and_rmse_numeric_acceptance_envelope__relative_l2_diagnostic_only__no_plaintext_fallback_after_protected_aggregation_failure,custom_reference_prototype_numeric_acceptance_envelope__max_abs_and_rmse_are_acceptance_gates__relative_l2_is_diagnostic_only__not_a_formal_he_security_or_precision_proof,True,False,PASSED_PLAIN_CONTROL_CHECK,0.0,0.0,0.0,0.05426676072810025,0.05426676072810025,,,,True,True,True,True,finite_and_max_abs_and_rmse,0.9987711105649381,0.7058823529411765,0.6,0.8571428571428571,0.9280790256451483,0.7165779005842429,0.9783635211259517,0.7252872163594261,0.7252872163594261,0.8877551020408163,0.001635481148002251,0.8877551020408163,0.001635481148002251,56808,56,14,84,0.0009848058525604951,0.14285714285714285,0.8571428571428571,0.032672967970460896,0.032672967970460896,fpr,0.005,0.9991441550176655,0.7845303867403315,0.696078431372549,0.8987341772151899,0.9490263543802923,0.7905422865495717,0.9846453943139541,0.8245760279851606,0.8245760279851606,0.8987341772151899,0.0006814684546054077,0.8987341772151899,0.0006814684546054077,45459,31,8,71,0.0006814684546054077,0.10126582278481013,0.8987341772151899,0.032672967970460896,fpr,0.005,1.0,False,,NOT_FINAL_ROUND,,,,,,,,,,,,,,,,,,,,False,0.9982795547909132,0.48779829900013283,329.9932700001591,1.7633429997658823,0.0,0.0,0,0.0,0.0,240,2880,240.0,2880,2880,5760,,not_modelled__session_or_evaluation_key_material_excluded_from_round_payload,0,0,0.0,0.0,actual_generated_protocol_object_bytes,plain_model_update_uplink_plus_plain_global_update_broadcast,model_update_ciphertext_only__auxiliary_protocol_objects_are_counted_in_comm_total,False,single_google_colab_node__logical_client_cloud_authorized_recipient_roles,not_applicable,0.0,0.0,0.0,measured_sum_of_client_protection_plus_server_protected_aggregation_plus_authorized_recovery_or_decryption_ms_per_round,local_training__validation_test_evaluation__transport_latency__serialization_framing_not_explicitly_in_crypto_functions,0.0,0.0,12,12,0,plaintext_update_no_noise,1.0,plain_exact,0,0,False,0,0,False,not_applicable,0,[],0,,True,0.0017204452090867595,0.0020311924643947404,3.9572916666666664,0,0,0,0,0,0,0,0,0,0,0,0,0,12,0,12,0,1,fixed_execution_host_runtime_payload_and_machine_specification__no_unmeasured_absolute_energy_or_carbon_claim,sequential_single_host_wall_clock_and_generated_protocol_object_bytes__machine_specification_recorded__transport_network_facility_energy_not_measured,runtime_payload_measured__energy_not_instrumented,not_reported_without_direct_hardware_energy_instrumentation,not_reported,False,,,,,,,not_reported,0,0.25,not_probed,0,,not_reported__no_valid_colab_network_or_device_energy_scope,,not_reported__no_direct_facility_or_grid_carbon_measurement,0.48776474700025574,Absolute energy and carbon are not reported because direct hardware energy instrumentation is disabled.,False,,,,GOVERNANCE
23,A1_TADP_admission_only,10,tadp_admission_only_ablation,comparative_experiment,main_comparative,TADP admission-only ablation: uses the fixed TADP-admitted cohort with plain FedAvg and deliberately bypasses TADP-Sec runtime signing/freshness/PoFC and encrypted aggregation.,tadp_admission_only_plain_fedavg,custom_reference_python_prototype,False,,,,,,,,,,{},False,False,,,0,baseline_unenforced,,,,,not_applicable,not_applicable_plain_update_path,,,,not_applicable,0,0,0,False,,{},True,,strict_experiment_side_plaintext_oracle_comparison__max_coordinate_and_rmse_numeric_acceptance_envelope__relative_l2_diagnostic_only__no_plaintext_fallback_after_protected_aggregation_failure,custom_reference_prototype_numeric_acceptance_envelope__max_abs_and_rmse_are_acceptance_gates__relative_l2_is_diagnostic_only__not_a_formal_he_security_or_precision_proof,True,False,PASSED_PLAIN_CONTROL_CHECK,0.0,0.0,0.0,0.036149335539458996,0.036149335539458996,,,,True,True,True,True,finite_and_max_abs_and_rmse,0.9988062216916541,0.711864406779661,0.6086956521739131,0.8571428571428571,0.928096611463944,0.7217687633914018,0.9785517611659184,0.7256043218141064,0.7256043218141064,0.8877551020408163,0.0016178953292065278,0.8877551020408163,0.0016178953292065278,56810,54,14,84,0.0009496342149690489,0.14285714285714285,0.8571428571428571,0.03573367542402384,0.03573367542402384,fpr,0.005,0.9991660997608023,0.7888888888888889,0.7029702970297029,0.8987341772151899,0.9490373458069794,0.7944569329707268,0.9842886599085624,0.8246478861567609,0.8246478861567609,0.8987341772151899,0.0006594856012310398,0.8987341772151899,0.0006594856012310398,45460,30,8,71,0.0006594856012310398,0.10126582278481013,0.8987341772151899,0.03573367542402384,fpr,0.005,1.0,False,,NOT_FINAL_ROUND,,,,,,,,,,,,,,,,,,,,False,0.9982795547909132,0.47734775199978685,317.7471609992608,1.7299880005339219,0.0,0.0,0,0.0,0.0,240,2880,240.0,2880,2880,5760,,not_modelled__session_or_evaluation_key_material_excluded_from_round_payload,0,0,0.0,0.0,actual_generated_protocol_object_bytes,plain_model_update_uplink_plus_plain_global_update_broadcast,model_update_ciphertext_only__auxiliary_protocol_objects_are_counted_in_comm_total,False,single_google_colab_node__logical_client_cloud_authorized_recipient_roles,not_applicable,0.0,0.0,0.0,measured_sum_of_client_protection_plus_server_protected_aggregation_plus_authorized_recovery_or_decryption_ms_per_round,local_training__validation_test_evaluation__transport_latency__serialization_framing_not_explicitly_in_crypto_functions,0.0,0.0,12,12,0,plaintext_update_no_noise,1.0,plain_exact,0,0,False,0,0,False,not_applicable,0,[],0,,True,0.0017204452090867595,0.0020311924643947404,3.9572916666666664,0,0,0,0,0,0,0,0,0,0,0,0,0,12,0,12,0,1,fixed_execution_host_runtime_payload_and_machine_specification__no_unmeasured_absolute_energy_or_carbon_claim,sequential_single_host_wall_clock_and_generated_protocol_object_bytes__machine_specification_recorded__transport_network_facility_energy_not_measured,runtime_payload_measured__energy_not_instrumented,not_reported_without_direct_hardware_energy_instrumentation,not_reported,False,,,,,,,not_reported,0,0.25,not_probed,0,,not_reported__no_valid_colab_network_or_device_energy_scope,,not_reported__no_direct_facility_or_grid_carbon_measurement,0.47732232699991073,Absolute energy and carbon are not reported because direct hardware energy instrumentation is disabled.,False,,,,GOVERNANCE
23,A1_TADP_admission_only,11,tadp_admission_only_ablation,comparative_experiment,main_comparative,TADP admission-only ablation: uses the fixed TADP-admitted cohort with plain FedAvg and deliberately bypasses TADP-Sec runtime signing/freshness/PoFC and encrypted aggregation.,tadp_admission_only_plain_fedavg,custom_reference_python_prototype,False,,,,,,,,,,{},False,False,,,0,baseline_unenforced,,,,,not_applicable,not_applicable_plain_update_path,,,,not_applicable,0,0,0,False,,{},True,,strict_experiment_side_plaintext_oracle_comparison__max_coordinate_and_rmse_numeric_acceptance_envelope__relative_l2_diagnostic_only__no_plaintext_fallback_after_protected_aggregation_failure,custom_reference_prototype_numeric_acceptance_envelope__max_abs_and_rmse_are_acceptance_gates__relative_l2_is_diagnostic_only__not_a_formal_he_security_or_precision_proof,True,False,PASSED_PLAIN_CONTROL_CHECK,0.0,0.0,0.0,0.029857786471718134,0.029857786471718134,,,,True,True,True,True,finite_and_max_abs_and_rmse,0.9988062216916541,0.711864406779661,0.6086956521739131,0.8571428571428571,0.928096611463944,0.7217687633914018,0.9786542254774729,0.7254719444851007,0.7254719444851007,0.8877551020408163,0.001635481148002251,0.8877551020408163,0.001635481148002251,56810,54,14,84,0.0009496342149690489,0.14285714285714285,0.8571428571428571,0.03840222438275636,0.03840222438275636,fpr,0.005,0.9991660997608023,0.7888888888888889,0.7029702970297029,0.8987341772151899,0.9490373458069794,0.7944569329707268,0.9840245874041034,0.8246440458214275,0.8246440458214275,0.8987341772151899,0.0006594856012310398,0.8987341772151899,0.0006594856012310398,45460,30,8,71,0.0006594856012310398,0.10126582278481013,0.8987341772151899,0.03840222438275636,fpr,0.005,1.0,False,,NOT_FINAL_ROUND,,,,,,,,,,,,,,,,,,,,False,0.9982795547909132,0.5019638200001282,340.6375489998936,1.8051719998766202,0.0,0.0,0,0.0,0.0,240,2880,240.0,2880,2880,5760,,not_modelled__session_or_evaluation_key_material_excluded_from_round_payload,0,0,0.0,0.0,actual_generated_protocol_object_bytes,plain_model_update_uplink_plus_plain_global_update_broadcast,model_update_ciphertext_only__auxiliary_protocol_objects_are_counted_in_comm_total,False,single_google_colab_node__logical_client_cloud_authorized_recipient_roles,not_applicable,0.0,0.0,0.0,measured_sum_of_client_protection_plus_server_protected_aggregation_plus_authorized_recovery_or_decryption_ms_per_round,local_training__validation_test_evaluation__transport_latency__serialization_framing_not_explicitly_in_crypto_functions,0.0,0.0,12,12,0,plaintext_update_no_noise,1.0,plain_exact,0,0,False,0,0,False,not_applicable,0,[],0,,True,0.0017204452090867595,0.0020311924643947404,3.9572916666666664,0,0,0,0,0,0,0,0,0,0,0,0,0,12,0,12,0,1,fixed_execution_host_runtime_payload_and_machine_specification__no_unmeasured_absolute_energy_or_carbon_claim,sequential_single_host_wall_clock_and_generated_protocol_object_bytes__machine_specification_recorded__transport_network_facility_energy_not_measured,runtime_payload_measured__energy_not_instrumented,not_reported_without_direct_hardware_energy_instrumentation,not_reported,False,,,,,,,not_reported,0,0.25,not_probed,0,,not_reported__no_valid_colab_network_or_device_energy_scope,,not_reported__no_direct_facility_or_grid_carbon_measurement,0.5019353330003469,Absolute energy and carbon are not reported because direct hardware energy instrumentation is disabled.,False,,,,GOVERNANCE
23,A1_TADP_admission_only,12,tadp_admission_only_ablation,comparative_experiment,main_comparative,TADP admission-only ablation: uses the fixed TADP-admitted cohort with plain FedAvg and deliberately bypasses TADP-Sec runtime signing/freshness/PoFC and encrypted aggregation.,tadp_admission_only_plain_fedavg,custom_reference_python_prototype,False,,,,,,,,,,{},False,False,,,0,baseline_unenforced,,,,,not_applicable,not_applicable_plain_update_path,,,,not_applicable,0,0,0,False,,{},True,,strict_experiment_side_plaintext_oracle_comparison__max_coordinate_and_rmse_numeric_acceptance_envelope__relative_l2_diagnostic_only__no_plaintext_fallback_after_protected_aggregation_failure,custom_reference_prototype_numeric_acceptance_envelope__max_abs_and_rmse_are_acceptance_gates__relative_l2_is_diagnostic_only__not_a_formal_he_security_or_precision_proof,True,False,PASSED_PLAIN_CONTROL_CHECK,0.0,0.0,0.0,0.02026709958359262,0.02026709958359262,,,,True,True,True,True,finite_and_max_abs_and_rmse,0.9988062216916541,0.711864406779661,0.6086956521739131,0.8571428571428571,0.928096611463944,0.7217687633914018,0.9787496913509355,0.725654231607163,0.725654231607163,0.8877551020408163,0.001635481148002251,0.8877551020408163,0.001635481148002251,56810,54,14,84,0.0009496342149690489,0.14285714285714285,0.8571428571428571,0.04039224024930018,0.04039224024930018,fpr,0.005,0.9991441550176655,0.7845303867403315,0.696078431372549,0.8987341772151899,0.9490263543802923,0.7905422865495717,0.9838412114500057,0.8243895447914764,0.8243895447914764,0.8987341772151899,0.0006814684546054077,0.8987341772151899,0.0006814684546054077,45459,31,8,71,0.0006814684546054077,0.10126582278481013,0.8987341772151899,0.04039224024930018,fpr,0.005,1.0,False,,NOT_FINAL_ROUND,,,,,,,,,,,,,,,,,,,,False,0.9982795547909132,0.4828867689998333,322.4539470002128,1.7892249993565201,0.0,0.0,0,0.0,0.0,240,2880,240.0,2880,2880,5760,,not_modelled__session_or_evaluation_key_material_excluded_from_round_payload,0,0,0.0,0.0,actual_generated_protocol_object_bytes,plain_model_update_uplink_plus_plain_global_update_broadcast,model_update_ciphertext_only__auxiliary_protocol_objects_are_counted_in_comm_total,False,single_google_colab_node__logical_client_cloud_authorized_recipient_roles,not_applicable,0.0,0.0,0.0,measured_sum_of_client_protection_plus_server_protected_aggregation_plus_authorized_recovery_or_decryption_ms_per_round,local_training__validation_test_evaluation__transport_latency__serialization_framing_not_explicitly_in_crypto_functions,0.0,0.0,12,12,0,plaintext_update_no_noise,1.0,plain_exact,0,0,False,0,0,False,not_applicable,0,[],0,,True,0.0017204452090867595,0.0020311924643947404,3.9572916666666664,0,0,0,0,0,0,0,0,0,0,0,0,0,12,0,12,0,1,fixed_execution_host_runtime_payload_and_machine_specification__no_unmeasured_absolute_energy_or_carbon_claim,sequential_single_host_wall_clock_and_generated_protocol_object_bytes__machine_specification_recorded__transport_network_facility_energy_not_measured,runtime_payload_measured__energy_not_instrumented,not_reported_without_direct_hardware_energy_instrumentation,not_reported,False,,,,,,,not_reported,0,0.25,not_probed,0,,not_reported__no_valid_colab_network_or_device_energy_scope,,not_reported__no_direct_facility_or_grid_carbon_measurement,0.4828587439997136,Absolute energy and carbon are not reported because direct hardware energy instrumentation is disabled.,False,,,,GOVERNANCE
23,A1_TADP_admission_only,13,tadp_admission_only_ablation,comparative_experiment,main_comparative,TADP admission-only ablation: uses the fixed TADP-admitted cohort with plain FedAvg and deliberately bypasses TADP-Sec runtime signing/freshness/PoFC and encrypted aggregation.,tadp_admission_only_plain_fedavg,custom_reference_python_prototype,False,,,,,,,,,,{},False,False,,,0,baseline_unenforced,,,,,not_applicable,not_applicable_plain_update_path,,,,not_applicable,0,0,0,False,,{},True,,strict_experiment_side_plaintext_oracle_comparison__max_coordinate_and_rmse_numeric_acceptance_envelope__relative_l2_diagnostic_only__no_plaintext_fallback_after_protected_aggregation_failure,custom_reference_prototype_numeric_acceptance_envelope__max_abs_and_rmse_are_acceptance_gates__relative_l2_is_diagnostic_only__not_a_formal_he_security_or_precision_proof,True,False,PASSED_PLAIN_CONTROL_CHECK,0.0,0.0,0.0,0.0140532761656427,0.0140532761656427,,,,True,True,True,True,finite_and_max_abs_and_rmse,0.9988062216916541,0.711864406779661,0.6086956521739131,0.8571428571428571,0.928096611463944,0.7217687633914018,0.978812318399504,0.725467431330271,0.725467431330271,0.8877551020408163,0.001653066966797974,0.8877551020408163,0.001653066966797974,56810,54,14,84,0.0009496342149690489,0.14285714285714285,0.8571428571428571,0.04163187403208455,0.04163187403208455,fpr,0.005,0.9991441550176655,0.7845303867403315,0.696078431372549,0.8987341772151899,0.9490263543802923,0.7905422865495717,0.983708757801826,0.8242343404427693,0.8242343404427693,0.8987341772151899,0.0006814684546054077,0.8987341772151899,0.0006814684546054077,45459,31,8,71,0.0006814684546054077,0.10126582278481013,0.8987341772151899,0.04163187403208455,fpr,0.005,1.0,False,,NOT_FINAL_ROUND,,,,,,,,,,,,,,,,,,,,False,0.9982795547909132,0.4918984079999973,332.37976899954447,1.8607889996928861,0.0,0.0,0,0.0,0.0,240,2880,240.0,2880,2880,5760,,not_modelled__session_or_evaluation_key_material_excluded_from_round_payload,0,0,0.0,0.0,actual_generated_protocol_object_bytes,plain_model_update_uplink_plus_plain_global_update_broadcast,model_update_ciphertext_only__auxiliary_protocol_objects_are_counted_in_comm_total,False,single_google_colab_node__logical_client_cloud_authorized_recipient_roles,not_applicable,0.0,0.0,0.0,measured_sum_of_client_protection_plus_server_protected_aggregation_plus_authorized_recovery_or_decryption_ms_per_round,local_training__validation_test_evaluation__transport_latency__serialization_framing_not_explicitly_in_crypto_functions,0.0,0.0,12,12,0,plaintext_update_no_noise,1.0,plain_exact,0,0,False,0,0,False,not_applicable,0,[],0,,True,0.0017204452090867595,0.0020311924643947404,3.9572916666666664,0,0,0,0,0,0,0,0,0,0,0,0,0,12,0,12,0,1,fixed_execution_host_runtime_payload_and_machine_specification__no_unmeasured_absolute_energy_or_carbon_claim,sequential_single_host_wall_clock_and_generated_protocol_object_bytes__machine_specification_recorded__transport_network_facility_energy_not_measured,runtime_payload_measured__energy_not_instrumented,not_reported_without_direct_hardware_energy_instrumentation,not_reported,False,,,,,,,not_reported,0,0.25,not_probed,0,,not_reported__no_valid_colab_network_or_device_energy_scope,,not_reported__no_direct_facility_or_grid_carbon_measurement,0.4918715100002373,Absolute energy and carbon are not reported because direct hardware energy instrumentation is disabled.,False,,,,GOVERNANCE
23,A1_TADP_admission_only,14,tadp_admission_only_ablation,comparative_experiment,main_comparative,TADP admission-only ablation: uses the fixed TADP-admitted cohort with plain FedAvg and deliberately bypasses TADP-Sec runtime signing/freshness/PoFC and encrypted aggregation.,tadp_admission_only_plain_fedavg,custom_reference_python_prototype,False,,,,,,,,,,{},False,False,,,0,baseline_unenforced,,,,,not_applicable,not_applicable_plain_update_path,,,,not_applicable,0,0,0,False,,{},True,,strict_experiment_side_plaintext_oracle_comparison__max_coordinate_and_rmse_numeric_acceptance_envelope__relative_l2_diagnostic_only__no_plaintext_fallback_after_protected_aggregation_failure,custom_reference_prototype_numeric_acceptance_envelope__max_abs_and_rmse_are_acceptance_gates__relative_l2_is_diagnostic_only__not_a_formal_he_security_or_precision_proof,True,False,PASSED_PLAIN_CONTROL_CHECK,0.0,0.0,0.0,0.013062259146344303,0.013062259146344303,,,,True,True,True,True,finite_and_max_abs_and_rmse,0.9988062216916541,0.711864406779661,0.6086956521739131,0.8571428571428571,0.928096611463944,0.7217687633914018,0.9788598718891046,0.7256021414504847,0.7256021414504847,0.8877551020408163,0.0016706527855936972,0.8877551020408163,0.0016706527855936972,56810,54,14,84,0.0009496342149690489,0.14285714285714285,0.8571428571428571,0.042849002316618645,0.042849002316618645,fpr,0.005,0.9991441550176655,0.7845303867403315,0.696078431372549,0.8987341772151899,0.9490263543802923,0.7905422865495717,0.9835573822039063,0.8238483435941387,0.8238483435941387,0.8987341772151899,0.0006814684546054077,0.8987341772151899,0.0006814684546054077,45459,31,8,71,0.0006814684546054077,0.10126582278481013,0.8987341772151899,0.042849002316618645,fpr,0.005,1.0,False,,NOT_FINAL_ROUND,,,,,,,,,,,,,,,,,,,,False,0.9982795547909132,0.480076912000186,318.2371040002181,1.828309999382327,0.0,0.0,0,0.0,0.0,240,2880,240.0,2880,2880,5760,,not_modelled__session_or_evaluation_key_material_excluded_from_round_payload,0,0,0.0,0.0,actual_generated_protocol_object_bytes,plain_model_update_uplink_plus_plain_global_update_broadcast,model_update_ciphertext_only__auxiliary_protocol_objects_are_counted_in_comm_total,False,single_google_colab_node__logical_client_cloud_authorized_recipient_roles,not_applicable,0.0,0.0,0.0,measured_sum_of_client_protection_plus_server_protected_aggregation_plus_authorized_recovery_or_decryption_ms_per_round,local_training__validation_test_evaluation__transport_latency__serialization_framing_not_explicitly_in_crypto_functions,0.0,0.0,12,12,0,plaintext_update_no_noise,1.0,plain_exact,0,0,False,0,0,False,not_applicable,0,[],0,,True,0.0017204452090867595,0.0020311924643947404,3.9572916666666664,0,0,0,0,0,0,0,0,0,0,0,0,0,12,0,12,0,1,fixed_execution_host_runtime_payload_and_machine_specification__no_unmeasured_absolute_energy_or_carbon_claim,sequential_single_host_wall_clock_and_generated_protocol_object_bytes__machine_specification_recorded__transport_network_facility_energy_not_measured,runtime_payload_measured__energy_not_instrumented,not_reported_without_direct_hardware_energy_instrumentation,not_reported,False,,,,,,,not_reported,0,0.25,not_probed,0,,not_reported__no_valid_colab_network_or_device_energy_scope,,not_reported__no_direct_facility_or_grid_carbon_measurement,0.4800513420000243,Absolute energy and carbon are not reported because direct hardware energy instrumentation is disabled.,False,,,,GOVERNANCE
23,A1_TADP_admission_only,15,tadp_admission_only_ablation,comparative_experiment,main_comparative,TADP admission-only ablation: uses the fixed TADP-admitted cohort with plain FedAvg and deliberately bypasses TADP-Sec runtime signing/freshness/PoFC and encrypted aggregation.,tadp_admission_only_plain_fedavg,custom_reference_python_prototype,False,,,,,,,,,,{},False,False,,,0,baseline_unenforced,,,,,not_applicable,not_applicable_plain_update_path,,,,not_applicable,0,0,0,False,,{},True,,strict_experiment_side_plaintext_oracle_comparison__max_coordinate_and_rmse_numeric_acceptance_envelope__relative_l2_diagnostic_only__no_plaintext_fallback_after_protected_aggregation_failure,custom_reference_prototype_numeric_acceptance_envelope__max_abs_and_rmse_are_acceptance_gates__relative_l2_is_diagnostic_only__not_a_formal_he_security_or_precision_proof,True,False,PASSED_PLAIN_CONTROL_CHECK,0.0,0.0,0.0,0.009672674350873886,0.009672674350873886,,,,True,True,True,True,finite_and_max_abs_and_rmse,0.9988237772550121,0.7148936170212766,0.6131386861313869,0.8571428571428571,0.9281054043733419,0.724406671212077,0.9788885834299956,0.7258695160711028,0.7258695160711028,0.8877551020408163,0.0016706527855936972,0.8877551020408163,0.0016706527855936972,56811,53,14,84,0.0009320483961733258,0.14285714285714285,0.8571428571428571,0.04380849006754258,0.04380849006754258,fpr,0.005,0.9991441550176655,0.7845303867403315,0.696078431372549,0.8987341772151899,0.9490263543802923,0.7905422865495717,0.9834619376633061,0.8238487869563313,0.8238487869563313,0.8987341772151899,0.0006814684546054077,0.8987341772151899,0.0006814684546054077,45459,31,8,71,0.0006814684546054077,0.10126582278481013,0.8987341772151899,0.04380849006754258,fpr,0.005,1.0,False,,NOT_FINAL_ROUND,,,,,,,,,,,,,,,,,,,,False,0.9982795547909132,0.7109565639998436,509.7085329998663,2.250488998924993,0.0,0.0,0,0.0,0.0,240,2880,240.0,2880,2880,5760,,not_modelled__session_or_evaluation_key_material_excluded_from_round_payload,0,0,0.0,0.0,actual_generated_protocol_object_bytes,plain_model_update_uplink_plus_plain_global_update_broadcast,model_update_ciphertext_only__auxiliary_protocol_objects_are_counted_in_comm_total,False,single_google_colab_node__logical_client_cloud_authorized_recipient_roles,not_applicable,0.0,0.0,0.0,measured_sum_of_client_protection_plus_server_protected_aggregation_plus_authorized_recovery_or_decryption_ms_per_round,local_training__validation_test_evaluation__transport_latency__serialization_framing_not_explicitly_in_crypto_functions,0.0,0.0,12,12,0,plaintext_update_no_noise,1.0,plain_exact,0,0,False,0,0,False,not_applicable,0,[],0,,True,0.0017204452090867595,0.0020311924643947404,3.9572916666666664,0,0,0,0,0,0,0,0,0,0,0,0,0,12,0,12,0,1,fixed_execution_host_runtime_payload_and_machine_specification__no_unmeasured_absolute_energy_or_carbon_claim,sequential_single_host_wall_clock_and_generated_protocol_object_bytes__machine_specification_recorded__transport_network_facility_energy_not_measured,runtime_payload_measured__energy_not_instrumented,not_reported_without_direct_hardware_energy_instrumentation,not_reported,False,,,,,,,not_reported,0,0.25,not_probed,0,,not_reported__no_valid_colab_network_or_device_energy_scope,,not_reported__no_direct_facility_or_grid_carbon_measurement,0.7109265789999881,Absolute energy and carbon are not reported because direct hardware energy instrumentation is disabled.,False,,,,GOVERNANCE
23,A1_TADP_admission_only,16,tadp_admission_only_ablation,comparative_experiment,main_comparative,TADP admission-only ablation: uses the fixed TADP-admitted cohort with plain FedAvg and deliberately bypasses TADP-Sec runtime signing/freshness/PoFC and encrypted aggregation.,tadp_admission_only_plain_fedavg,custom_reference_python_prototype,False,,,,,,,,,,{},False,False,,,0,baseline_unenforced,,,,,not_applicable,not_applicable_plain_update_path,,,,not_applicable,0,0,0,False,,{},True,,strict_experiment_side_plaintext_oracle_comparison__max_coordinate_and_rmse_numeric_acceptance_envelope__relative_l2_diagnostic_only__no_plaintext_fallback_after_protected_aggregation_failure,custom_reference_prototype_numeric_acceptance_envelope__max_abs_and_rmse_are_acceptance_gates__relative_l2_is_diagnostic_only__not_a_formal_he_security_or_precision_proof,True,False,PASSED_PLAIN_CONTROL_CHECK,0.0,0.0,0.0,0.008792554208988685,0.008792554208988685,,,,True,True,True,True,finite_and_max_abs_and_rmse,0.9988237772550121,0.7148936170212766,0.6131386861313869,0.8571428571428571,0.9281054043733419,0.724406671212077,0.9789451092761247,0.726633334624182,0.726633334624182,0.8877551020408163,0.001653066966797974,0.8877551020408163,0.001653066966797974,56811,53,14,84,0.0009320483961733258,0.14285714285714285,0.8571428571428571,0.0444786568771332,0.0444786568771332,fpr,0.005,0.9991441550176655,0.7845303867403315,0.696078431372549,0.8987341772151899,0.9490263543802923,0.7905422865495717,0.9833105620653865,0.8246353917941234,0.8246353917941234,0.8987341772151899,0.0006814684546054077,0.8987341772151899,0.0006814684546054077,45459,31,8,71,0.0006814684546054077,0.10126582278481013,0.8987341772151899,0.0444786568771332,fpr,0.005,1.0,False,,NOT_FINAL_ROUND,,,,,,,,,,,,,,,,,,,,False,0.9982795547909132,0.7345350839996172,505.0578920004227,2.271259000281134,0.0,0.0,0,0.0,0.0,240,2880,240.0,2880,2880,5760,,not_modelled__session_or_evaluation_key_material_excluded_from_round_payload,0,0,0.0,0.0,actual_generated_protocol_object_bytes,plain_model_update_uplink_plus_plain_global_update_broadcast,model_update_ciphertext_only__auxiliary_protocol_objects_are_counted_in_comm_total,False,single_google_colab_node__logical_client_cloud_authorized_recipient_roles,not_applicable,0.0,0.0,0.0,measured_sum_of_client_protection_plus_server_protected_aggregation_plus_authorized_recovery_or_decryption_ms_per_round,local_training__validation_test_evaluation__transport_latency__serialization_framing_not_explicitly_in_crypto_functions,0.0,0.0,12,12,0,plaintext_update_no_noise,1.0,plain_exact,0,0,False,0,0,False,not_applicable,0,[],0,,True,0.0017204452090867595,0.0020311924643947404,3.9572916666666664,0,0,0,0,0,0,0,0,0,0,0,0,0,12,0,12,0,1,fixed_execution_host_runtime_payload_and_machine_specification__no_unmeasured_absolute_energy_or_carbon_claim,sequential_single_host_wall_clock_and_generated_protocol_object_bytes__machine_specification_recorded__transport_network_facility_energy_not_measured,runtime_payload_measured__energy_not_instrumented,not_reported_without_direct_hardware_energy_instrumentation,not_reported,False,,,,,,,not_reported,0,0.25,not_probed,0,,not_reported__no_valid_colab_network_or_device_energy_scope,,not_reported__no_direct_facility_or_grid_carbon_measurement,0.734501112000089,Absolute energy and carbon are not reported because direct hardware energy instrumentation is disabled.,False,,,,GOVERNANCE
23,A1_TADP_admission_only,17,tadp_admission_only_ablation,comparative_experiment,main_comparative,TADP admission-only ablation: uses the fixed TADP-admitted cohort with plain FedAvg and deliberately bypasses TADP-Sec runtime signing/freshness/PoFC and encrypted aggregation.,tadp_admission_only_plain_fedavg,custom_reference_python_prototype,False,,,,,,,,,,{},False,False,,,0,baseline_unenforced,,,,,not_applicable,not_applicable_plain_update_path,,,,not_applicable,0,0,0,False,,{},True,,strict_experiment_side_plaintext_oracle_comparison__max_coordinate_and_rmse_numeric_acceptance_envelope__relative_l2_diagnostic_only__no_plaintext_fallback_after_protected_aggregation_failure,custom_reference_prototype_numeric_acceptance_envelope__max_abs_and_rmse_are_acceptance_gates__relative_l2_is_diagnostic_only__not_a_formal_he_security_or_precision_proof,True,False,PASSED_PLAIN_CONTROL_CHECK,0.0,0.0,0.0,0.008672672926456048,0.008672672926456048,,,,True,True,True,True,finite_and_max_abs_and_rmse,0.9988237772550121,0.7148936170212766,0.6131386861313869,0.8571428571428571,0.9281054043733419,0.724406671212077,0.9789991228624257,0.7266304127233749,0.7266304127233749,0.8877551020408163,0.0016882386043894203,0.8877551020408163,0.0016882386043894203,56811,53,14,84,0.0009320483961733258,0.14285714285714285,0.8571428571428571,0.044798625136694456,0.044798625136694456,fpr,0.005,0.9991441550176655,0.7845303867403315,0.696078431372549,0.8987341772151899,0.9490263543802923,0.7905422865495717,0.9832615876072359,0.8244999044926099,0.8244999044926099,0.8987341772151899,0.0006814684546054077,0.8987341772151899,0.0006814684546054077,45459,31,8,71,0.0006814684546054077,0.10126582278481013,0.8987341772151899,0.044798625136694456,fpr,0.005,1.0,False,,NOT_FINAL_ROUND,,,,,,,,,,,,,,,,,,,,False,0.9982795547909132,0.7355595039998661,497.34914499867955,2.3248510010489554,0.0,0.0,0,0.0,0.0,240,2880,240.0,2880,2880,5760,,not_modelled__session_or_evaluation_key_material_excluded_from_round_payload,0,0,0.0,0.0,actual_generated_protocol_object_bytes,plain_model_update_uplink_plus_plain_global_update_broadcast,model_update_ciphertext_only__auxiliary_protocol_objects_are_counted_in_comm_total,False,single_google_colab_node__logical_client_cloud_authorized_recipient_roles,not_applicable,0.0,0.0,0.0,measured_sum_of_client_protection_plus_server_protected_aggregation_plus_authorized_recovery_or_decryption_ms_per_round,local_training__validation_test_evaluation__transport_latency__serialization_framing_not_explicitly_in_crypto_functions,0.0,0.0,12,12,0,plaintext_update_no_noise,1.0,plain_exact,0,0,False,0,0,False,not_applicable,0,[],0,,True,0.0017204452090867595,0.0020311924643947404,3.9572916666666664,0,0,0,0,0,0,0,0,0,0,0,0,0,12,0,12,0,1,fixed_execution_host_runtime_payload_and_machine_specification__no_unmeasured_absolute_energy_or_carbon_claim,sequential_single_host_wall_clock_and_generated_protocol_object_bytes__machine_specification_recorded__transport_network_facility_energy_not_measured,runtime_payload_measured__energy_not_instrumented,not_reported_without_direct_hardware_energy_instrumentation,not_reported,False,,,,,,,not_reported,0,0.25,not_probed,0,,not_reported__no_valid_colab_network_or_device_energy_scope,,not_reported__no_direct_facility_or_grid_carbon_measurement,0.7355235859999993,Absolute energy and carbon are not reported because direct hardware energy instrumentation is disabled.,False,,,,GOVERNANCE
23,A1_TADP_admission_only,18,tadp_admission_only_ablation,comparative_experiment,main_comparative,TADP admission-only ablation: uses the fixed TADP-admitted cohort with plain FedAvg and deliberately bypasses TADP-Sec runtime signing/freshness/PoFC and encrypted aggregation.,tadp_admission_only_plain_fedavg,custom_reference_python_prototype,False,,,,,,,,,,{},False,False,,,0,baseline_unenforced,,,,,not_applicable,not_applicable_plain_update_path,,,,not_applicable,0,0,0,False,,{},True,,strict_experiment_side_plaintext_oracle_comparison__max_coordinate_and_rmse_numeric_acceptance_envelope__relative_l2_diagnostic_only__no_plaintext_fallback_after_protected_aggregation_failure,custom_reference_prototype_numeric_acceptance_envelope__max_abs_and_rmse_are_acceptance_gates__relative_l2_is_diagnostic_only__not_a_formal_he_security_or_precision_proof,True,False,PASSED_PLAIN_CONTROL_CHECK,0.0,0.0,0.0,0.006667761402002642,0.006667761402002642,,,,True,True,True,True,finite_and_max_abs_and_rmse,0.9988237772550121,0.7148936170212766,0.6131386861313869,0.8571428571428571,0.9281054043733419,0.724406671212077,0.9790269371676639,0.7265123790587227,0.7265123790587227,0.8877551020408163,0.0017058244231851435,0.8877551020408163,0.0017058244231851435,56811,53,14,84,0.0009320483961733258,0.14285714285714285,0.8571428571428571,0.04512635147305988,0.04512635147305988,fpr,0.005,0.9991441550176655,0.7845303867403315,0.696078431372549,0.8987341772151899,0.9490263543802923,0.7905422865495717,0.9831711518180376,0.8244975050227777,0.8244975050227777,0.8987341772151899,0.0006814684546054077,0.8987341772151899,0.0006814684546054077,45459,31,8,71,0.0006814684546054077,0.10126582278481013,0.8987341772151899,0.04512635147305988,fpr,0.005,1.0,False,,NOT_FINAL_ROUND,,,,,,,,,,,,,,,,,,,,False,0.9982795547909132,0.7819436270001461,526.499390999561,2.294313000220427,0.0,0.0,0,0.0,0.0,240,2880,240.0,2880,2880,5760,,not_modelled__session_or_evaluation_key_material_excluded_from_round_payload,0,0,0.0,0.0,actual_generated_protocol_object_bytes,plain_model_update_uplink_plus_plain_global_update_broadcast,model_update_ciphertext_only__auxiliary_protocol_objects_are_counted_in_comm_total,False,single_google_colab_node__logical_client_cloud_authorized_recipient_roles,not_applicable,0.0,0.0,0.0,measured_sum_of_client_protection_plus_server_protected_aggregation_plus_authorized_recovery_or_decryption_ms_per_round,local_training__validation_test_evaluation__transport_latency__serialization_framing_not_explicitly_in_crypto_functions,0.0,0.0,12,12,0,plaintext_update_no_noise,1.0,plain_exact,0,0,False,0,0,False,not_applicable,0,[],0,,True,0.0017204452090867595,0.0020311924643947404,3.9572916666666664,0,0,0,0,0,0,0,0,0,0,0,0,0,12,0,12,0,1,fixed_execution_host_runtime_payload_and_machine_specification__no_unmeasured_absolute_energy_or_carbon_claim,sequential_single_host_wall_clock_and_generated_protocol_object_bytes__machine_specification_recorded__transport_network_facility_energy_not_measured,runtime_payload_measured__energy_not_instrumented,not_reported_without_direct_hardware_energy_instrumentation,not_reported,False,,,,,,,not_reported,0,0.25,not_probed,0,,not_reported__no_valid_colab_network_or_device_energy_scope,,not_reported__no_direct_facility_or_grid_carbon_measurement,0.7819098730001315,Absolute energy and carbon are not reported because direct hardware energy instrumentation is disabled.,False,,,,GOVERNANCE
23,A1_TADP_admission_only,19,tadp_admission_only_ablation,comparative_experiment,main_comparative,TADP admission-only ablation: uses the fixed TADP-admitted cohort with plain FedAvg and deliberately bypasses TADP-Sec runtime signing/freshness/PoFC and encrypted aggregation.,tadp_admission_only_plain_fedavg,custom_reference_python_prototype,False,,,,,,,,,,{},False,False,,,0,baseline_unenforced,,,,,not_applicable,not_applicable_plain_update_path,,,,not_applicable,0,0,0,False,,{},True,,strict_experiment_side_plaintext_oracle_comparison__max_coordinate_and_rmse_numeric_acceptance_envelope__relative_l2_diagnostic_only__no_plaintext_fallback_after_protected_aggregation_failure,custom_reference_prototype_numeric_acceptance_envelope__max_abs_and_rmse_are_acceptance_gates__relative_l2_is_diagnostic_only__not_a_formal_he_security_or_precision_proof,True,False,PASSED_PLAIN_CONTROL_CHECK,0.0,0.0,0.0,0.0074200202505443555,0.0074200202505443555,,,,True,True,True,True,finite_and_max_abs_and_rmse,0.9988237772550121,0.7148936170212766,0.6131386861313869,0.8571428571428571,0.9281054043733419,0.724406671212077,0.9790883080863184,0.7269970710253192,0.7269970710253192,0.8877551020408163,0.0017234102419808666,0.8877551020408163,0.0017234102419808666,56811,53,14,84,0.0009320483961733258,0.14285714285714285,0.8571428571428571,0.04515468242018687,0.04515468242018687,fpr,0.005,0.9991441550176655,0.7845303867403315,0.696078431372549,0.8987341772151899,0.9490263543802923,0.7905422865495717,0.9831858998082761,0.8244977714214592,0.8244977714214592,0.8987341772151899,0.0006814684546054077,0.8987341772151899,0.0006814684546054077,45459,31,8,71,0.0006814684546054077,0.10126582278481013,0.8987341772151899,0.04515468242018687,fpr,0.005,1.0,False,,NOT_FINAL_ROUND,,,,,,,,,,,,,,,,,,,,False,0.9982795547909132,0.8128656220001176,564.2814099983298,2.439745999254228,0.0,0.0,0,0.0,0.0,240,2880,240.0,2880,2880,5760,,not_modelled__session_or_evaluation_key_material_excluded_from_round_payload,0,0,0.0,0.0,actual_generated_protocol_object_bytes,plain_model_update_uplink_plus_plain_global_update_broadcast,model_update_ciphertext_only__auxiliary_protocol_objects_are_counted_in_comm_total,False,single_google_colab_node__logical_client_cloud_authorized_recipient_roles,not_applicable,0.0,0.0,0.0,measured_sum_of_client_protection_plus_server_protected_aggregation_plus_authorized_recovery_or_decryption_ms_per_round,local_training__validation_test_evaluation__transport_latency__serialization_framing_not_explicitly_in_crypto_functions,0.0,0.0,12,12,0,plaintext_update_no_noise,1.0,plain_exact,0,0,False,0,0,False,not_applicable,0,[],0,,True,0.0017204452090867595,0.0020311924643947404,3.9572916666666664,0,0,0,0,0,0,0,0,0,0,0,0,0,12,0,12,0,1,fixed_execution_host_runtime_payload_and_machine_specification__no_unmeasured_absolute_energy_or_carbon_claim,sequential_single_host_wall_clock_and_generated_protocol_object_bytes__machine_specification_recorded__transport_network_facility_energy_not_measured,runtime_payload_measured__energy_not_instrumented,not_reported_without_direct_hardware_energy_instrumentation,not_reported,False,,,,,,,not_reported,0,0.25,not_probed,0,,not_reported__no_valid_colab_network_or_device_energy_scope,,not_reported__no_direct_facility_or_grid_carbon_measurement,0.812833167000008,Absolute energy and carbon are not reported because direct hardware energy instrumentation is disabled.,False,,,,GOVERNANCE
23,A1_TADP_admission_only,20,tadp_admission_only_ablation,comparative_experiment,main_comparative,TADP admission-only ablation: uses the fixed TADP-admitted cohort with plain FedAvg and deliberately bypasses TADP-Sec runtime signing/freshness/PoFC and encrypted aggregation.,tadp_admission_only_plain_fedavg,custom_reference_python_prototype,False,,,,,,,,,,{},False,False,,,0,baseline_unenforced,,,,,not_applicable,not_applicable_plain_update_path,,,,not_applicable,0,0,0,False,,{},True,,strict_experiment_side_plaintext_oracle_comparison__max_coordinate_and_rmse_numeric_acceptance_envelope__relative_l2_diagnostic_only__no_plaintext_fallback_after_protected_aggregation_failure,custom_reference_prototype_numeric_acceptance_envelope__max_abs_and_rmse_are_acceptance_gates__relative_l2_is_diagnostic_only__not_a_formal_he_security_or_precision_proof,True,False,PASSED_PLAIN_CONTROL_CHECK,0.0,0.0,0.0,0.005925101509125855,0.005925101509125855,,,,True,True,True,True,finite_and_max_abs_and_rmse,0.9988237772550121,0.7148936170212766,0.6131386861313869,0.8571428571428571,0.9281054043733419,0.724406671212077,0.979120967464082,0.7271660226774346,0.7271660226774346,0.8877551020408163,0.0017234102419808666,0.8877551020408163,0.0017234102419808666,56811,53,14,84,0.0009320483961733258,0.14285714285714285,0.8571428571428571,0.045483831450784315,0.045483831450784315,fpr,0.005,0.9991441550176655,0.7845303867403315,0.696078431372549,0.8987341772151899,0.9490263543802923,0.7905422865495717,0.9831658648026691,0.8243710441581961,0.8243710441581961,0.8987341772151899,0.0006814684546054077,0.8987341772151899,0.0006814684546054077,45459,31,8,71,0.0006814684546054077,0.10126582278481013,0.8987341772151899,0.045483831450784315,fpr,0.005,1.0,True,,NO_REFERENCE_DEFINED,,,,,,,,,,,,,,,,,,,,False,0.9982795547909132,0.5971519400000034,438.4232380002686,2.096221001011145,0.0,0.0,0,0.0,0.0,240,2880,240.0,2880,2880,5760,,not_modelled__session_or_evaluation_key_material_excluded_from_round_payload,0,0,0.0,0.0,actual_generated_protocol_object_bytes,plain_model_update_uplink_plus_plain_global_update_broadcast,model_update_ciphertext_only__auxiliary_protocol_objects_are_counted_in_comm_total,False,single_google_colab_node__logical_client_cloud_authorized_recipient_roles,not_applicable,0.0,0.0,0.0,measured_sum_of_client_protection_plus_server_protected_aggregation_plus_authorized_recovery_or_decryption_ms_per_round,local_training__validation_test_evaluation__transport_latency__serialization_framing_not_explicitly_in_crypto_functions,0.0,0.0,12,12,0,plaintext_update_no_noise,1.0,plain_exact,0,0,False,0,0,False,not_applicable,0,[],0,,True,0.0017204452090867595,0.0020311924643947404,3.9572916666666664,0,0,0,0,0,0,0,0,0,0,0,0,0,12,0,12,0,1,fixed_execution_host_runtime_payload_and_machine_specification__no_unmeasured_absolute_energy_or_carbon_claim,sequential_single_host_wall_clock_and_generated_protocol_object_bytes__machine_specification_recorded__transport_network_facility_energy_not_measured,runtime_payload_measured__energy_not_instrumented,not_reported_without_direct_hardware_energy_instrumentation,not_reported,False,,,,,,,not_reported,0,0.25,not_probed,0,,not_reported__no_valid_colab_network_or_device_energy_scope,,not_reported__no_direct_facility_or_grid_carbon_measurement,0.5971224340000845,Absolute energy and carbon are not reported because direct hardware energy instrumentation is disabled.,False,,,,GOVERNANCE
42,A1_TADP_admission_only,1,tadp_admission_only_ablation,comparative_experiment,main_comparative,TADP admission-only ablation: uses the fixed TADP-admitted cohort with plain FedAvg and deliberately bypasses TADP-Sec runtime signing/freshness/PoFC and encrypted aggregation.,tadp_admission_only_plain_fedavg,custom_reference_python_prototype,False,,,,,,,,,,{},False,False,,,0,baseline_unenforced,,,,,not_applicable,not_applicable_plain_update_path,,,,not_applicable,0,0,0,False,,{},True,,strict_experiment_side_plaintext_oracle_comparison__max_coordinate_and_rmse_numeric_acceptance_envelope__relative_l2_diagnostic_only__no_plaintext_fallback_after_protected_aggregation_failure,custom_reference_prototype_numeric_acceptance_envelope__max_abs_and_rmse_are_acceptance_gates__relative_l2_is_diagnostic_only__not_a_formal_he_security_or_precision_proof,True,False,PASSED_PLAIN_CONTROL_CHECK,0.0,0.0,0.0,0.305211282198572,0.305211282198572,,,,True,True,True,True,finite_and_max_abs_and_rmse,0.9983848881710614,0.6434108527131783,0.51875,0.8469387755102041,0.9227923337314667,0.6621357476370923,0.9568424267568593,0.705859821134776,0.705859821134776,0.8877551020408163,0.0026554586381541925,0.8877551020408163,0.0026554586381541925,56787,77,15,83,0.001354108047270681,0.15306122448979592,0.8469387755102041,0.003592593583890879,0.003592593583890879,fpr,0.005,0.9986833154117931,0.7029702970297029,0.5772357723577236,0.8987341772151899,0.9487955344198613,0.7196969279842026,0.9756360418620311,0.8178947349097238,0.8178947349097238,0.8987341772151899,0.0011431083754671356,0.8987341772151899,0.0011431083754671356,45438,52,8,71,0.0011431083754671356,0.10126582278481013,0.8987341772151899,0.003592593583890879,fpr,0.005,1.0,False,,NOT_FINAL_ROUND,,,,,,,,,,,,,,,,,,,,False,0.9982795547909132,0.5074018129998876,348.0521070005125,1.9361960007699963,0.0,0.0,0,0.0,0.0,240,2880,240.0,2880,2880,5760,,not_modelled__session_or_evaluation_key_material_excluded_from_round_payload,0,0,0.0,0.0,actual_generated_protocol_object_bytes,plain_model_update_uplink_plus_plain_global_update_broadcast,model_update_ciphertext_only__auxiliary_protocol_objects_are_counted_in_comm_total,False,single_google_colab_node__logical_client_cloud_authorized_recipient_roles,not_applicable,0.0,0.0,0.0,measured_sum_of_client_protection_plus_server_protected_aggregation_plus_authorized_recovery_or_decryption_ms_per_round,local_training__validation_test_evaluation__transport_latency__serialization_framing_not_explicitly_in_crypto_functions,0.0,0.0,12,12,0,plaintext_update_no_noise,1.0,plain_exact,0,0,False,0,0,False,not_applicable,0,[],0,,True,0.0017204452090867595,0.0020311924643947404,3.9572916666666664,0,0,0,0,0,0,0,0,0,0,0,0,0,12,0,12,0,1,fixed_execution_host_runtime_payload_and_machine_specification__no_unmeasured_absolute_energy_or_carbon_claim,sequential_single_host_wall_clock_and_generated_protocol_object_bytes__machine_specification_recorded__transport_network_facility_energy_not_measured,runtime_payload_measured__energy_not_instrumented,not_reported_without_direct_hardware_energy_instrumentation,not_reported,False,,,,,,,not_reported,0,0.25,not_probed,0,,not_reported__no_valid_colab_network_or_device_energy_scope,,not_reported__no_direct_facility_or_grid_carbon_measurement,0.5073715970002013,Absolute energy and carbon are not reported because direct hardware energy instrumentation is disabled.,False,,,,GOVERNANCE
42,A1_TADP_admission_only,2,tadp_admission_only_ablation,comparative_experiment,main_comparative,TADP admission-only ablation: uses the fixed TADP-admitted cohort with plain FedAvg and deliberately bypasses TADP-Sec runtime signing/freshness/PoFC and encrypted aggregation.,tadp_admission_only_plain_fedavg,custom_reference_python_prototype,False,,,,,,,,,,{},False,False,,,0,baseline_unenforced,,,,,not_applicable,not_applicable_plain_update_path,,,,not_applicable,0,0,0,False,,{},True,,strict_experiment_side_plaintext_oracle_comparison__max_coordinate_and_rmse_numeric_acceptance_envelope__relative_l2_diagnostic_only__no_plaintext_fallback_after_protected_aggregation_failure,custom_reference_prototype_numeric_acceptance_envelope__max_abs_and_rmse_are_acceptance_gates__relative_l2_is_diagnostic_only__not_a_formal_he_security_or_precision_proof,True,False,PASSED_PLAIN_CONTROL_CHECK,0.0,0.0,0.0,0.2786886298596973,0.2786886298596973,,,,True,True,True,True,finite_and_max_abs_and_rmse,0.9985253326779256,0.664,0.5460526315789473,0.8469387755102041,0.9228626770066497,0.6794021279793094,0.9651056082252822,0.7134650002999267,0.7134650002999267,0.8877551020408163,0.001653066966797974,0.8877551020408163,0.001653066966797974,56795,69,15,83,0.0012134214969048958,0.15306122448979592,0.8469387755102041,0.005565119705217248,0.005565119705217248,fpr,0.005,0.9989466523294345,0.7473684210526316,0.6396396396396397,0.8987341772151899,0.9489274315401075,0.7577239277086468,0.978490195369131,0.8193980182245614,0.8193980182245614,0.8987341772151899,0.0008793141349747197,0.8987341772151899,0.0008793141349747197,45450,40,8,71,0.0008793141349747197,0.10126582278481013,0.8987341772151899,0.005565119705217248,fpr,0.005,1.0,False,,NOT_FINAL_ROUND,,,,,,,,,,,,,,,,,,,,False,0.9982795547909132,0.48199653199981185,325.5219099992246,1.7646600003899948,0.0,0.0,0,0.0,0.0,240,2880,240.0,2880,2880,5760,,not_modelled__session_or_evaluation_key_material_excluded_from_round_payload,0,0,0.0,0.0,actual_generated_protocol_object_bytes,plain_model_update_uplink_plus_plain_global_update_broadcast,model_update_ciphertext_only__auxiliary_protocol_objects_are_counted_in_comm_total,False,single_google_colab_node__logical_client_cloud_authorized_recipient_roles,not_applicable,0.0,0.0,0.0,measured_sum_of_client_protection_plus_server_protected_aggregation_plus_authorized_recovery_or_decryption_ms_per_round,local_training__validation_test_evaluation__transport_latency__serialization_framing_not_explicitly_in_crypto_functions,0.0,0.0,12,12,0,plaintext_update_no_noise,1.0,plain_exact,0,0,False,0,0,False,not_applicable,0,[],0,,True,0.0017204452090867595,0.0020311924643947404,3.9572916666666664,0,0,0,0,0,0,0,0,0,0,0,0,0,12,0,12,0,1,fixed_execution_host_runtime_payload_and_machine_specification__no_unmeasured_absolute_energy_or_carbon_claim,sequential_single_host_wall_clock_and_generated_protocol_object_bytes__machine_specification_recorded__transport_network_facility_energy_not_measured,runtime_payload_measured__energy_not_instrumented,not_reported_without_direct_hardware_energy_instrumentation,not_reported,False,,,,,,,not_reported,0,0.25,not_probed,0,,not_reported__no_valid_colab_network_or_device_energy_scope,,not_reported__no_direct_facility_or_grid_carbon_measurement,0.48197118899997804,Absolute energy and carbon are not reported because direct hardware energy instrumentation is disabled.,False,,,,GOVERNANCE
42,A1_TADP_admission_only,3,tadp_admission_only_ablation,comparative_experiment,main_comparative,TADP admission-only ablation: uses the fixed TADP-admitted cohort with plain FedAvg and deliberately bypasses TADP-Sec runtime signing/freshness/PoFC and encrypted aggregation.,tadp_admission_only_plain_fedavg,custom_reference_python_prototype,False,,,,,,,,,,{},False,False,,,0,baseline_unenforced,,,,,not_applicable,not_applicable_plain_update_path,,,,not_applicable,0,0,0,False,,{},True,,strict_experiment_side_plaintext_oracle_comparison__max_coordinate_and_rmse_numeric_acceptance_envelope__relative_l2_diagnostic_only__no_plaintext_fallback_after_protected_aggregation_failure,custom_reference_prototype_numeric_acceptance_envelope__max_abs_and_rmse_are_acceptance_gates__relative_l2_is_diagnostic_only__not_a_formal_he_security_or_precision_proof,True,False,PASSED_PLAIN_CONTROL_CHECK,0.0,0.0,0.0,0.24088537882794334,0.24088537882794334,,,,True,True,True,True,finite_and_max_abs_and_rmse,0.9985604438046417,0.672,0.5526315789473685,0.8571428571428571,0.9279735107323739,0.6876135675265054,0.9707456315390535,0.716787561049822,0.716787561049822,0.8877551020408163,0.0015475520540236354,0.8877551020408163,0.0015475520540236354,56796,68,14,84,0.0011958356781091727,0.14285714285714285,0.8571428571428571,0.008253400166761515,0.008253400166761515,fpr,0.005,0.998990541815708,0.7553191489361702,0.6513761467889908,0.8987341772151899,0.948949414393482,0.764664546104422,0.9797418266916362,0.8206398964595648,0.8206398964595648,0.8987341772151899,0.0008353484282259837,0.8987341772151899,0.0008353484282259837,45452,38,8,71,0.0008353484282259837,0.10126582278481013,0.8987341772151899,0.008253400166761515,fpr,0.005,1.0,False,,NOT_FINAL_ROUND,,,,,,,,,,,,,,,,,,,,False,0.9982795547909132,0.5017032469995684,337.33252299953165,1.8624270005602739,0.0,0.0,0,0.0,0.0,240,2880,240.0,2880,2880,5760,,not_modelled__session_or_evaluation_key_material_excluded_from_round_payload,0,0,0.0,0.0,actual_generated_protocol_object_bytes,plain_model_update_uplink_plus_plain_global_update_broadcast,model_update_ciphertext_only__auxiliary_protocol_objects_are_counted_in_comm_total,False,single_google_colab_node__logical_client_cloud_authorized_recipient_roles,not_applicable,0.0,0.0,0.0,measured_sum_of_client_protection_plus_server_protected_aggregation_plus_authorized_recovery_or_decryption_ms_per_round,local_training__validation_test_evaluation__transport_latency__serialization_framing_not_explicitly_in_crypto_functions,0.0,0.0,12,12,0,plaintext_update_no_noise,1.0,plain_exact,0,0,False,0,0,False,not_applicable,0,[],0,,True,0.0017204452090867595,0.0020311924643947404,3.9572916666666664,0,0,0,0,0,0,0,0,0,0,0,0,0,12,0,12,0,1,fixed_execution_host_runtime_payload_and_machine_specification__no_unmeasured_absolute_energy_or_carbon_claim,sequential_single_host_wall_clock_and_generated_protocol_object_bytes__machine_specification_recorded__transport_network_facility_energy_not_measured,runtime_payload_measured__energy_not_instrumented,not_reported_without_direct_hardware_energy_instrumentation,not_reported,False,,,,,,,not_reported,0,0.25,not_probed,0,,not_reported__no_valid_colab_network_or_device_energy_scope,,not_reported__no_direct_facility_or_grid_carbon_measurement,0.5016753729996708,Absolute energy and carbon are not reported because direct hardware energy instrumentation is disabled.,False,,,,GOVERNANCE
42,A1_TADP_admission_only,4,tadp_admission_only_ablation,comparative_experiment,main_comparative,TADP admission-only ablation: uses the fixed TADP-admitted cohort with plain FedAvg and deliberately bypasses TADP-Sec runtime signing/freshness/PoFC and encrypted aggregation.,tadp_admission_only_plain_fedavg,custom_reference_python_prototype,False,,,,,,,,,,{},False,False,,,0,baseline_unenforced,,,,,not_applicable,not_applicable_plain_update_path,,,,not_applicable,0,0,0,False,,{},True,,strict_experiment_side_plaintext_oracle_comparison__max_coordinate_and_rmse_numeric_acceptance_envelope__relative_l2_diagnostic_only__no_plaintext_fallback_after_protected_aggregation_failure,custom_reference_prototype_numeric_acceptance_envelope__max_abs_and_rmse_are_acceptance_gates__relative_l2_is_diagnostic_only__not_a_formal_he_security_or_precision_proof,True,False,PASSED_PLAIN_CONTROL_CHECK,0.0,0.0,0.0,0.19876246767207711,0.19876246767207711,,,,True,True,True,True,finite_and_max_abs_and_rmse,0.9986131104947158,0.680161943319838,0.5637583892617449,0.8571428571428571,0.9279998894605676,0.6945258231267972,0.9741989121197155,0.7186417027519569,0.7186417027519569,0.8877551020408163,0.0015651378728193585,0.8877551020408163,0.0015651378728193585,56799,65,14,84,0.0011430782217220035,0.14285714285714285,0.8571428571428571,0.011707225493296452,0.011707225493296452,fpr,0.005,0.998990541815708,0.7553191489361702,0.6513761467889908,0.8987341772151899,0.948949414393482,0.764664546104422,0.9804589129339875,0.8210836565964529,0.8210836565964529,0.8987341772151899,0.0008353484282259837,0.8987341772151899,0.0008353484282259837,45452,38,8,71,0.0008353484282259837,0.10126582278481013,0.8987341772151899,0.011707225493296452,fpr,0.005,1.0,False,,NOT_FINAL_ROUND,,,,,,,,,,,,,,,,,,,,False,0.9982795547909132,0.483430746999602,325.3122709998024,1.7910010001287446,0.0,0.0,0,0.0,0.0,240,2880,240.0,2880,2880,5760,,not_modelled__session_or_evaluation_key_material_excluded_from_round_payload,0,0,0.0,0.0,actual_generated_protocol_object_bytes,plain_model_update_uplink_plus_plain_global_update_broadcast,model_update_ciphertext_only__auxiliary_protocol_objects_are_counted_in_comm_total,False,single_google_colab_node__logical_client_cloud_authorized_recipient_roles,not_applicable,0.0,0.0,0.0,measured_sum_of_client_protection_plus_server_protected_aggregation_plus_authorized_recovery_or_decryption_ms_per_round,local_training__validation_test_evaluation__transport_latency__serialization_framing_not_explicitly_in_crypto_functions,0.0,0.0,12,12,0,plaintext_update_no_noise,1.0,plain_exact,0,0,False,0,0,False,not_applicable,0,[],0,,True,0.0017204452090867595,0.0020311924643947404,3.9572916666666664,0,0,0,0,0,0,0,0,0,0,0,0,0,12,0,12,0,1,fixed_execution_host_runtime_payload_and_machine_specification__no_unmeasured_absolute_energy_or_carbon_claim,sequential_single_host_wall_clock_and_generated_protocol_object_bytes__machine_specification_recorded__transport_network_facility_energy_not_measured,runtime_payload_measured__energy_not_instrumented,not_reported_without_direct_hardware_energy_instrumentation,not_reported,False,,,,,,,not_reported,0,0.25,not_probed,0,,not_reported__no_valid_colab_network_or_device_energy_scope,,not_reported__no_direct_facility_or_grid_carbon_measurement,0.48340402800022275,Absolute energy and carbon are not reported because direct hardware energy instrumentation is disabled.,False,,,,GOVERNANCE
42,A1_TADP_admission_only,5,tadp_admission_only_ablation,comparative_experiment,main_comparative,TADP admission-only ablation: uses the fixed TADP-admitted cohort with plain FedAvg and deliberately bypasses TADP-Sec runtime signing/freshness/PoFC and encrypted aggregation.,tadp_admission_only_plain_fedavg,custom_reference_python_prototype,False,,,,,,,,,,{},False,False,,,0,baseline_unenforced,,,,,not_applicable,not_applicable_plain_update_path,,,,not_applicable,0,0,0,False,,{},True,,strict_experiment_side_plaintext_oracle_comparison__max_coordinate_and_rmse_numeric_acceptance_envelope__relative_l2_diagnostic_only__no_plaintext_fallback_after_protected_aggregation_failure,custom_reference_prototype_numeric_acceptance_envelope__max_abs_and_rmse_are_acceptance_gates__relative_l2_is_diagnostic_only__not_a_formal_he_security_or_precision_proof,True,False,PASSED_PLAIN_CONTROL_CHECK,0.0,0.0,0.0,0.16178701262023332,0.16178701262023332,,,,True,True,True,True,finite_and_max_abs_and_rmse,0.9986131104947158,0.680161943319838,0.5637583892617449,0.8571428571428571,0.9279998894605676,0.6945258231267972,0.9757199059984152,0.7198286876242923,0.7198286876242923,0.8877551020408163,0.001653066966797974,0.8877551020408163,0.001653066966797974,56799,65,14,84,0.0011430782217220035,0.14285714285714285,0.8571428571428571,0.01587625583668201,0.01587625583668201,fpr,0.005,0.9990124865588448,0.7593582887700535,0.6574074074074074,0.8987341772151899,0.9489604058201692,0.7682068609511581,0.9806456280556862,0.821511920502571,0.821511920502571,0.8987341772151899,0.0008133655748516158,0.8987341772151899,0.0008133655748516158,45453,37,8,71,0.0008133655748516158,0.10126582278481013,0.8987341772151899,0.01587625583668201,fpr,0.005,1.0,False,,NOT_FINAL_ROUND,,,,,,,,,,,,,,,,,,,,False,0.9982795547909132,0.49564130499993553,334.59182999968107,1.7320349988949602,0.0,0.0,0,0.0,0.0,240,2880,240.0,2880,2880,5760,,not_modelled__session_or_evaluation_key_material_excluded_from_round_payload,0,0,0.0,0.0,actual_generated_protocol_object_bytes,plain_model_update_uplink_plus_plain_global_update_broadcast,model_update_ciphertext_only__auxiliary_protocol_objects_are_counted_in_comm_total,False,single_google_colab_node__logical_client_cloud_authorized_recipient_roles,not_applicable,0.0,0.0,0.0,measured_sum_of_client_protection_plus_server_protected_aggregation_plus_authorized_recovery_or_decryption_ms_per_round,local_training__validation_test_evaluation__transport_latency__serialization_framing_not_explicitly_in_crypto_functions,0.0,0.0,12,12,0,plaintext_update_no_noise,1.0,plain_exact,0,0,False,0,0,False,not_applicable,0,[],0,,True,0.0017204452090867595,0.0020311924643947404,3.9572916666666664,0,0,0,0,0,0,0,0,0,0,0,0,0,12,0,12,0,1,fixed_execution_host_runtime_payload_and_machine_specification__no_unmeasured_absolute_energy_or_carbon_claim,sequential_single_host_wall_clock_and_generated_protocol_object_bytes__machine_specification_recorded__transport_network_facility_energy_not_measured,runtime_payload_measured__energy_not_instrumented,not_reported_without_direct_hardware_energy_instrumentation,not_reported,False,,,,,,,not_reported,0,0.25,not_probed,0,,not_reported__no_valid_colab_network_or_device_energy_scope,,not_reported__no_direct_facility_or_grid_carbon_measurement,0.49561545400001705,Absolute energy and carbon are not reported because direct hardware energy instrumentation is disabled.,False,,,,GOVERNANCE
42,A1_TADP_admission_only,6,tadp_admission_only_ablation,comparative_experiment,main_comparative,TADP admission-only ablation: uses the fixed TADP-admitted cohort with plain FedAvg and deliberately bypasses TADP-Sec runtime signing/freshness/PoFC and encrypted aggregation.,tadp_admission_only_plain_fedavg,custom_reference_python_prototype,False,,,,,,,,,,{},False,False,,,0,baseline_unenforced,,,,,not_applicable,not_applicable_plain_update_path,,,,not_applicable,0,0,0,False,,{},True,,strict_experiment_side_plaintext_oracle_comparison__max_coordinate_and_rmse_numeric_acceptance_envelope__relative_l2_diagnostic_only__no_plaintext_fallback_after_protected_aggregation_failure,custom_reference_prototype_numeric_acceptance_envelope__max_abs_and_rmse_are_acceptance_gates__relative_l2_is_diagnostic_only__not_a_formal_he_security_or_precision_proof,True,False,PASSED_PLAIN_CONTROL_CHECK,0.0,0.0,0.0,0.12323695262728128,0.12323695262728128,,,,True,True,True,True,finite_and_max_abs_and_rmse,0.9986482216214319,0.6857142857142857,0.5714285714285714,0.8571428571428571,0.9280174752793633,0.6992509492780894,0.9766218072766529,0.7212273152155363,0.7212273152155363,0.8877551020408163,0.0016882386043894203,0.8877551020408163,0.0016882386043894203,56801,63,14,84,0.0011079065841305572,0.14285714285714285,0.8571428571428571,0.02029315466838227,0.02029315466838227,fpr,0.005,0.9990563760451184,0.7675675675675676,0.6698113207547169,0.8987341772151899,0.9489823886735436,0.7754411396718406,0.9808303953296176,0.8220662054653864,0.8220662054653864,0.8987341772151899,0.0007693998681028798,0.8987341772151899,0.0007693998681028798,45455,35,8,71,0.0007693998681028798,0.10126582278481013,0.8987341772151899,0.02029315466838227,fpr,0.005,1.0,False,,NOT_FINAL_ROUND,,,,,,,,,,,,,,,,,,,,False,0.9982795547909132,0.480519815000207,324.1461019997587,1.859895000961842,0.0,0.0,0,0.0,0.0,240,2880,240.0,2880,2880,5760,,not_modelled__session_or_evaluation_key_material_excluded_from_round_payload,0,0,0.0,0.0,actual_generated_protocol_object_bytes,plain_model_update_uplink_plus_plain_global_update_broadcast,model_update_ciphertext_only__auxiliary_protocol_objects_are_counted_in_comm_total,False,single_google_colab_node__logical_client_cloud_authorized_recipient_roles,not_applicable,0.0,0.0,0.0,measured_sum_of_client_protection_plus_server_protected_aggregation_plus_authorized_recovery_or_decryption_ms_per_round,local_training__validation_test_evaluation__transport_latency__serialization_framing_not_explicitly_in_crypto_functions,0.0,0.0,12,12,0,plaintext_update_no_noise,1.0,plain_exact,0,0,False,0,0,False,not_applicable,0,[],0,,True,0.0017204452090867595,0.0020311924643947404,3.9572916666666664,0,0,0,0,0,0,0,0,0,0,0,0,0,12,0,12,0,1,fixed_execution_host_runtime_payload_and_machine_specification__no_unmeasured_absolute_energy_or_carbon_claim,sequential_single_host_wall_clock_and_generated_protocol_object_bytes__machine_specification_recorded__transport_network_facility_energy_not_measured,runtime_payload_measured__energy_not_instrumented,not_reported_without_direct_hardware_energy_instrumentation,not_reported,False,,,,,,,not_reported,0,0.25,not_probed,0,,not_reported__no_valid_colab_network_or_device_energy_scope,,not_reported__no_direct_facility_or_grid_carbon_measurement,0.48049397700015106,Absolute energy and carbon are not reported because direct hardware energy instrumentation is disabled.,False,,,,GOVERNANCE
42,A1_TADP_admission_only,7,tadp_admission_only_ablation,comparative_experiment,main_comparative,TADP admission-only ablation: uses the fixed TADP-admitted cohort with plain FedAvg and deliberately bypasses TADP-Sec runtime signing/freshness/PoFC and encrypted aggregation.,tadp_admission_only_plain_fedavg,custom_reference_python_prototype,False,,,,,,,,,,{},False,False,,,0,baseline_unenforced,,,,,not_applicable,not_applicable_plain_update_path,,,,not_applicable,0,0,0,False,,{},True,,strict_experiment_side_plaintext_oracle_comparison__max_coordinate_and_rmse_numeric_acceptance_envelope__relative_l2_diagnostic_only__no_plaintext_fallback_after_protected_aggregation_failure,custom_reference_prototype_numeric_acceptance_envelope__max_abs_and_rmse_are_acceptance_gates__relative_l2_is_diagnostic_only__not_a_formal_he_security_or_precision_proof,True,False,PASSED_PLAIN_CONTROL_CHECK,0.0,0.0,0.0,0.09560897663801607,0.09560897663801607,,,,True,True,True,True,finite_and_max_abs_and_rmse,0.9987008883115059,0.6942148760330579,0.5833333333333334,0.8571428571428571,0.9280438540075568,0.7065221551061825,0.9771841945838549,0.7230862646146716,0.7230862646146716,0.8877551020408163,0.0017409960607765898,0.8877551020408163,0.0017409960607765898,56804,60,14,84,0.0010551491277433877,0.14285714285714285,0.8571428571428571,0.024834902537666216,0.024834902537666216,fpr,0.005,0.9990783207882552,0.7717391304347826,0.6761904761904762,0.8987341772151899,0.9489933801002307,0.7791354710123013,0.9810694240770681,0.8226210309455392,0.8226210309455392,0.8987341772151899,0.0007474170147285117,0.8987341772151899,0.0007474170147285117,45456,34,8,71,0.0007474170147285117,0.10126582278481013,0.8987341772151899,0.024834902537666216,fpr,0.005,1.0,False,,NOT_FINAL_ROUND,,,,,,,,,,,,,,,,,,,,False,0.9982795547909132,0.48025672599987956,314.80024400025286,1.7643880000832723,0.0,0.0,0,0.0,0.0,240,2880,240.0,2880,2880,5760,,not_modelled__session_or_evaluation_key_material_excluded_from_round_payload,0,0,0.0,0.0,actual_generated_protocol_object_bytes,plain_model_update_uplink_plus_plain_global_update_broadcast,model_update_ciphertext_only__auxiliary_protocol_objects_are_counted_in_comm_total,False,single_google_colab_node__logical_client_cloud_authorized_recipient_roles,not_applicable,0.0,0.0,0.0,measured_sum_of_client_protection_plus_server_protected_aggregation_plus_authorized_recovery_or_decryption_ms_per_round,local_training__validation_test_evaluation__transport_latency__serialization_framing_not_explicitly_in_crypto_functions,0.0,0.0,12,12,0,plaintext_update_no_noise,1.0,plain_exact,0,0,False,0,0,False,not_applicable,0,[],0,,True,0.0017204452090867595,0.0020311924643947404,3.9572916666666664,0,0,0,0,0,0,0,0,0,0,0,0,0,12,0,12,0,1,fixed_execution_host_runtime_payload_and_machine_specification__no_unmeasured_absolute_energy_or_carbon_claim,sequential_single_host_wall_clock_and_generated_protocol_object_bytes__machine_specification_recorded__transport_network_facility_energy_not_measured,runtime_payload_measured__energy_not_instrumented,not_reported_without_direct_hardware_energy_instrumentation,not_reported,False,,,,,,,not_reported,0,0.25,not_probed,0,,not_reported__no_valid_colab_network_or_device_energy_scope,,not_reported__no_direct_facility_or_grid_carbon_measurement,0.4802309110000351,Absolute energy and carbon are not reported because direct hardware energy instrumentation is disabled.,False,,,,GOVERNANCE
42,A1_TADP_admission_only,8,tadp_admission_only_ablation,comparative_experiment,main_comparative,TADP admission-only ablation: uses the fixed TADP-admitted cohort with plain FedAvg and deliberately bypasses TADP-Sec runtime signing/freshness/PoFC and encrypted aggregation.,tadp_admission_only_plain_fedavg,custom_reference_python_prototype,False,,,,,,,,,,{},False,False,,,0,baseline_unenforced,,,,,not_applicable,not_applicable_plain_update_path,,,,not_applicable,0,0,0,False,,{},True,,strict_experiment_side_plaintext_oracle_comparison__max_coordinate_and_rmse_numeric_acceptance_envelope__relative_l2_diagnostic_only__no_plaintext_fallback_after_protected_aggregation_failure,custom_reference_prototype_numeric_acceptance_envelope__max_abs_and_rmse_are_acceptance_gates__relative_l2_is_diagnostic_only__not_a_formal_he_security_or_precision_proof,True,False,PASSED_PLAIN_CONTROL_CHECK,0.0,0.0,0.0,0.06946069486616797,0.06946069486616797,,,,True,True,True,True,finite_and_max_abs_and_rmse,0.998735999438222,0.7,0.5915492957746479,0.8571428571428571,0.9280614398263526,0.7114969744332836,0.9775176073524514,0.7234372201910203,0.7234372201910203,0.8877551020408163,0.0017937535171637592,0.8877551020408163,0.0017937535171637592,56806,58,14,84,0.0010199774901519414,0.14285714285714285,0.8571428571428571,0.029010301959833333,0.029010301959833333,fpr,0.005,0.9990783207882552,0.7717391304347826,0.6761904761904762,0.8987341772151899,0.9489933801002307,0.7791354710123013,0.9812447303761294,0.8226274242550228,0.8226274242550228,0.8987341772151899,0.0007474170147285117,0.8987341772151899,0.0007474170147285117,45456,34,8,71,0.0007474170147285117,0.10126582278481013,0.8987341772151899,0.029010301959833333,fpr,0.005,1.0,False,,NOT_FINAL_ROUND,,,,,,,,,,,,,,,,,,,,False,0.9982795547909132,0.48481531599964,325.96906800108627,1.9145479996041104,0.0,0.0,0,0.0,0.0,240,2880,240.0,2880,2880,5760,,not_modelled__session_or_evaluation_key_material_excluded_from_round_payload,0,0,0.0,0.0,actual_generated_protocol_object_bytes,plain_model_update_uplink_plus_plain_global_update_broadcast,model_update_ciphertext_only__auxiliary_protocol_objects_are_counted_in_comm_total,False,single_google_colab_node__logical_client_cloud_authorized_recipient_roles,not_applicable,0.0,0.0,0.0,measured_sum_of_client_protection_plus_server_protected_aggregation_plus_authorized_recovery_or_decryption_ms_per_round,local_training__validation_test_evaluation__transport_latency__serialization_framing_not_explicitly_in_crypto_functions,0.0,0.0,12,12,0,plaintext_update_no_noise,1.0,plain_exact,0,0,False,0,0,False,not_applicable,0,[],0,,True,0.0017204452090867595,0.0020311924643947404,3.9572916666666664,0,0,0,0,0,0,0,0,0,0,0,0,0,12,0,12,0,1,fixed_execution_host_runtime_payload_and_machine_specification__no_unmeasured_absolute_energy_or_carbon_claim,sequential_single_host_wall_clock_and_generated_protocol_object_bytes__machine_specification_recorded__transport_network_facility_energy_not_measured,runtime_payload_measured__energy_not_instrumented,not_reported_without_direct_hardware_energy_instrumentation,not_reported,False,,,,,,,not_reported,0,0.25,not_probed,0,,not_reported__no_valid_colab_network_or_device_energy_scope,,not_reported__no_direct_facility_or_grid_carbon_measurement,0.4847883809998166,Absolute energy and carbon are not reported because direct hardware energy instrumentation is disabled.,False,,,,GOVERNANCE
42,A1_TADP_admission_only,9,tadp_admission_only_ablation,comparative_experiment,main_comparative,TADP admission-only ablation: uses the fixed TADP-admitted cohort with plain FedAvg and deliberately bypasses TADP-Sec runtime signing/freshness/PoFC and encrypted aggregation.,tadp_admission_only_plain_fedavg,custom_reference_python_prototype,False,,,,,,,,,,{},False,False,,,0,baseline_unenforced,,,,,not_applicable,not_applicable_plain_update_path,,,,not_applicable,0,0,0,False,,{},True,,strict_experiment_side_plaintext_oracle_comparison__max_coordinate_and_rmse_numeric_acceptance_envelope__relative_l2_diagnostic_only__no_plaintext_fallback_after_protected_aggregation_failure,custom_reference_prototype_numeric_acceptance_envelope__max_abs_and_rmse_are_acceptance_gates__relative_l2_is_diagnostic_only__not_a_formal_he_security_or_precision_proof,True,False,PASSED_PLAIN_CONTROL_CHECK,0.0,0.0,0.0,0.053607183637738164,0.053607183637738164,,,,True,True,True,True,finite_and_max_abs_and_rmse,0.99875355500158,0.702928870292887,0.5957446808510638,0.8571428571428571,0.9280702327357504,0.7140239392471787,0.9777813946343872,0.7239865334798872,0.7239865334798872,0.8877551020408163,0.0018113393359594824,0.8877551020408163,0.0018113393359594824,56807,57,14,84,0.0010023916713562183,0.14285714285714285,0.8571428571428571,0.03282765407471384,0.03282765407471384,fpr,0.005,0.9991441550176655,0.7845303867403315,0.696078431372549,0.8987341772151899,0.9490263543802923,0.7905422865495717,0.9814256019545261,0.8228852739259092,0.8228852739259092,0.8987341772151899,0.0006814684546054077,0.8987341772151899,0.0006814684546054077,45459,31,8,71,0.0006814684546054077,0.10126582278481013,0.8987341772151899,0.03282765407471384,fpr,0.005,1.0,False,,NOT_FINAL_ROUND,,,,,,,,,,,,,,,,,,,,False,0.9982795547909132,0.48668566900005317,316.91038799863236,1.8289209997419675,0.0,0.0,0,0.0,0.0,240,2880,240.0,2880,2880,5760,,not_modelled__session_or_evaluation_key_material_excluded_from_round_payload,0,0,0.0,0.0,actual_generated_protocol_object_bytes,plain_model_update_uplink_plus_plain_global_update_broadcast,model_update_ciphertext_only__auxiliary_protocol_objects_are_counted_in_comm_total,False,single_google_colab_node__logical_client_cloud_authorized_recipient_roles,not_applicable,0.0,0.0,0.0,measured_sum_of_client_protection_plus_server_protected_aggregation_plus_authorized_recovery_or_decryption_ms_per_round,local_training__validation_test_evaluation__transport_latency__serialization_framing_not_explicitly_in_crypto_functions,0.0,0.0,12,12,0,plaintext_update_no_noise,1.0,plain_exact,0,0,False,0,0,False,not_applicable,0,[],0,,True,0.0017204452090867595,0.0020311924643947404,3.9572916666666664,0,0,0,0,0,0,0,0,0,0,0,0,0,12,0,12,0,1,fixed_execution_host_runtime_payload_and_machine_specification__no_unmeasured_absolute_energy_or_carbon_claim,sequential_single_host_wall_clock_and_generated_protocol_object_bytes__machine_specification_recorded__transport_network_facility_energy_not_measured,runtime_payload_measured__energy_not_instrumented,not_reported_without_direct_hardware_energy_instrumentation,not_reported,False,,,,,,,not_reported,0,0.25,not_probed,0,,not_reported__no_valid_colab_network_or_device_energy_scope,,not_reported__no_direct_facility_or_grid_carbon_measurement,0.4866547060000812,Absolute energy and carbon are not reported because direct hardware energy instrumentation is disabled.,False,,,,GOVERNANCE
42,A1_TADP_admission_only,10,tadp_admission_only_ablation,comparative_experiment,main_comparative,TADP admission-only ablation: uses the fixed TADP-admitted cohort with plain FedAvg and deliberately bypasses TADP-Sec runtime signing/freshness/PoFC and encrypted aggregation.,tadp_admission_only_plain_fedavg,custom_reference_python_prototype,False,,,,,,,,,,{},False,False,,,0,baseline_unenforced,,,,,not_applicable,not_applicable_plain_update_path,,,,not_applicable,0,0,0,False,,{},True,,strict_experiment_side_plaintext_oracle_comparison__max_coordinate_and_rmse_numeric_acceptance_envelope__relative_l2_diagnostic_only__no_plaintext_fallback_after_protected_aggregation_failure,custom_reference_prototype_numeric_acceptance_envelope__max_abs_and_rmse_are_acceptance_gates__relative_l2_is_diagnostic_only__not_a_formal_he_security_or_precision_proof,True,False,PASSED_PLAIN_CONTROL_CHECK,0.0,0.0,0.0,0.03893479587595562,0.03893479587595562,,,,True,True,True,True,finite_and_max_abs_and_rmse,0.9987711105649381,0.7058823529411765,0.6,0.8571428571428571,0.9280790256451483,0.7165779005842429,0.9779448709703352,0.7240556436135616,0.7240556436135616,0.8877551020408163,0.0018289251547552053,0.8877551020408163,0.0018289251547552053,56808,56,14,84,0.0009848058525604951,0.14285714285714285,0.8571428571428571,0.035995866403583654,0.035995866403583654,fpr,0.005,0.9991441550176655,0.7845303867403315,0.696078431372549,0.8987341772151899,0.9490263543802923,0.7905422865495717,0.9815797601921135,0.8228882937394574,0.8228882937394574,0.8987341772151899,0.0006814684546054077,0.8987341772151899,0.0006814684546054077,45459,31,8,71,0.0006814684546054077,0.10126582278481013,0.8987341772151899,0.035995866403583654,fpr,0.005,1.0,False,,NOT_FINAL_ROUND,,,,,,,,,,,,,,,,,,,,False,0.9982795547909132,0.5029509659998439,344.54369500008397,1.8869779996748548,0.0,0.0,0,0.0,0.0,240,2880,240.0,2880,2880,5760,,not_modelled__session_or_evaluation_key_material_excluded_from_round_payload,0,0,0.0,0.0,actual_generated_protocol_object_bytes,plain_model_update_uplink_plus_plain_global_update_broadcast,model_update_ciphertext_only__auxiliary_protocol_objects_are_counted_in_comm_total,False,single_google_colab_node__logical_client_cloud_authorized_recipient_roles,not_applicable,0.0,0.0,0.0,measured_sum_of_client_protection_plus_server_protected_aggregation_plus_authorized_recovery_or_decryption_ms_per_round,local_training__validation_test_evaluation__transport_latency__serialization_framing_not_explicitly_in_crypto_functions,0.0,0.0,12,12,0,plaintext_update_no_noise,1.0,plain_exact,0,0,False,0,0,False,not_applicable,0,[],0,,True,0.0017204452090867595,0.0020311924643947404,3.9572916666666664,0,0,0,0,0,0,0,0,0,0,0,0,0,12,0,12,0,1,fixed_execution_host_runtime_payload_and_machine_specification__no_unmeasured_absolute_energy_or_carbon_claim,sequential_single_host_wall_clock_and_generated_protocol_object_bytes__machine_specification_recorded__transport_network_facility_energy_not_measured,runtime_payload_measured__energy_not_instrumented,not_reported_without_direct_hardware_energy_instrumentation,not_reported,False,,,,,,,not_reported,0,0.25,not_probed,0,,not_reported__no_valid_colab_network_or_device_energy_scope,,not_reported__no_direct_facility_or_grid_carbon_measurement,0.5029202059999989,Absolute energy and carbon are not reported because direct hardware energy instrumentation is disabled.,False,,,,GOVERNANCE
42,A1_TADP_admission_only,11,tadp_admission_only_ablation,comparative_experiment,main_comparative,TADP admission-only ablation: uses the fixed TADP-admitted cohort with plain FedAvg and deliberately bypasses TADP-Sec runtime signing/freshness/PoFC and encrypted aggregation.,tadp_admission_only_plain_fedavg,custom_reference_python_prototype,False,,,,,,,,,,{},False,False,,,0,baseline_unenforced,,,,,not_applicable,not_applicable_plain_update_path,,,,not_applicable,0,0,0,False,,{},True,,strict_experiment_side_plaintext_oracle_comparison__max_coordinate_and_rmse_numeric_acceptance_envelope__relative_l2_diagnostic_only__no_plaintext_fallback_after_protected_aggregation_failure,custom_reference_prototype_numeric_acceptance_envelope__max_abs_and_rmse_are_acceptance_gates__relative_l2_is_diagnostic_only__not_a_formal_he_security_or_precision_proof,True,False,PASSED_PLAIN_CONTROL_CHECK,0.0,0.0,0.0,0.02925782066561509,0.02925782066561509,,,,True,True,True,True,finite_and_max_abs_and_rmse,0.9987711105649381,0.7058823529411765,0.6,0.8571428571428571,0.9280790256451483,0.7165779005842429,0.9780936326415766,0.7240407731234646,0.7240407731234646,0.8877551020408163,0.0018113393359594824,0.8877551020408163,0.0018113393359594824,56808,56,14,84,0.0009848058525604951,0.14285714285714285,0.8571428571428571,0.03855583526560604,0.03855583526560604,fpr,0.005,0.9991660997608023,0.7888888888888889,0.7029702970297029,0.8987341772151899,0.9490373458069794,0.7944569329707268,0.9817261270386315,0.8229773355802216,0.8229773355802216,0.8987341772151899,0.0006594856012310398,0.8987341772151899,0.0006594856012310398,45460,30,8,71,0.0006594856012310398,0.10126582278481013,0.8987341772151899,0.03855583526560604,fpr,0.005,1.0,False,,NOT_FINAL_ROUND,,,,,,,,,,,,,,,,,,,,False,0.9982795547909132,0.4921797870001683,324.3207040004563,1.8168230003539065,0.0,0.0,0,0.0,0.0,240,2880,240.0,2880,2880,5760,,not_modelled__session_or_evaluation_key_material_excluded_from_round_payload,0,0,0.0,0.0,actual_generated_protocol_object_bytes,plain_model_update_uplink_plus_plain_global_update_broadcast,model_update_ciphertext_only__auxiliary_protocol_objects_are_counted_in_comm_total,False,single_google_colab_node__logical_client_cloud_authorized_recipient_roles,not_applicable,0.0,0.0,0.0,measured_sum_of_client_protection_plus_server_protected_aggregation_plus_authorized_recovery_or_decryption_ms_per_round,local_training__validation_test_evaluation__transport_latency__serialization_framing_not_explicitly_in_crypto_functions,0.0,0.0,12,12,0,plaintext_update_no_noise,1.0,plain_exact,0,0,False,0,0,False,not_applicable,0,[],0,,True,0.0017204452090867595,0.0020311924643947404,3.9572916666666664,0,0,0,0,0,0,0,0,0,0,0,0,0,12,0,12,0,1,fixed_execution_host_runtime_payload_and_machine_specification__no_unmeasured_absolute_energy_or_carbon_claim,sequential_single_host_wall_clock_and_generated_protocol_object_bytes__machine_specification_recorded__transport_network_facility_energy_not_measured,runtime_payload_measured__energy_not_instrumented,not_reported_without_direct_hardware_energy_instrumentation,not_reported,False,,,,,,,not_reported,0,0.25,not_probed,0,,not_reported__no_valid_colab_network_or_device_energy_scope,,not_reported__no_direct_facility_or_grid_carbon_measurement,0.4921505590000379,Absolute energy and carbon are not reported because direct hardware energy instrumentation is disabled.,False,,,,GOVERNANCE
42,A1_TADP_admission_only,12,tadp_admission_only_ablation,comparative_experiment,main_comparative,TADP admission-only ablation: uses the fixed TADP-admitted cohort with plain FedAvg and deliberately bypasses TADP-Sec runtime signing/freshness/PoFC and encrypted aggregation.,tadp_admission_only_plain_fedavg,custom_reference_python_prototype,False,,,,,,,,,,{},False,False,,,0,baseline_unenforced,,,,,not_applicable,not_applicable_plain_update_path,,,,not_applicable,0,0,0,False,,{},True,,strict_experiment_side_plaintext_oracle_comparison__max_coordinate_and_rmse_numeric_acceptance_envelope__relative_l2_diagnostic_only__no_plaintext_fallback_after_protected_aggregation_failure,custom_reference_prototype_numeric_acceptance_envelope__max_abs_and_rmse_are_acceptance_gates__relative_l2_is_diagnostic_only__not_a_formal_he_security_or_precision_proof,True,False,PASSED_PLAIN_CONTROL_CHECK,0.0,0.0,0.0,0.022416328687100095,0.022416328687100095,,,,True,True,True,True,finite_and_max_abs_and_rmse,0.9987886661282961,0.7088607594936709,0.60431654676259,0.8571428571428571,0.9280878185545461,0.719159343018692,0.9782181689501912,0.724009400185369,0.724009400185369,0.8877551020408163,0.0018113393359594824,0.8877551020408163,0.0018113393359594824,56809,55,14,84,0.0009672200337647721,0.14285714285714285,0.8571428571428571,0.040629378989104875,0.040629378989104875,fpr,0.005,0.9991660997608023,0.7888888888888889,0.7029702970297029,0.8987341772151899,0.9490373458069794,0.7944569329707268,0.9818777809005179,0.8229849864904124,0.8229849864904124,0.8987341772151899,0.0006594856012310398,0.8987341772151899,0.0006594856012310398,45460,30,8,71,0.0006594856012310398,0.10126582278481013,0.8987341772151899,0.040629378989104875,fpr,0.005,1.0,False,,NOT_FINAL_ROUND,,,,,,,,,,,,,,,,,,,,False,0.9982795547909132,0.506593119000172,346.25145200061525,1.9204369991712156,0.0,0.0,0,0.0,0.0,240,2880,240.0,2880,2880,5760,,not_modelled__session_or_evaluation_key_material_excluded_from_round_payload,0,0,0.0,0.0,actual_generated_protocol_object_bytes,plain_model_update_uplink_plus_plain_global_update_broadcast,model_update_ciphertext_only__auxiliary_protocol_objects_are_counted_in_comm_total,False,single_google_colab_node__logical_client_cloud_authorized_recipient_roles,not_applicable,0.0,0.0,0.0,measured_sum_of_client_protection_plus_server_protected_aggregation_plus_authorized_recovery_or_decryption_ms_per_round,local_training__validation_test_evaluation__transport_latency__serialization_framing_not_explicitly_in_crypto_functions,0.0,0.0,12,12,0,plaintext_update_no_noise,1.0,plain_exact,0,0,False,0,0,False,not_applicable,0,[],0,,True,0.0017204452090867595,0.0020311924643947404,3.9572916666666664,0,0,0,0,0,0,0,0,0,0,0,0,0,12,0,12,0,1,fixed_execution_host_runtime_payload_and_machine_specification__no_unmeasured_absolute_energy_or_carbon_claim,sequential_single_host_wall_clock_and_generated_protocol_object_bytes__machine_specification_recorded__transport_network_facility_energy_not_measured,runtime_payload_measured__energy_not_instrumented,not_reported_without_direct_hardware_energy_instrumentation,not_reported,False,,,,,,,not_reported,0,0.25,not_probed,0,,not_reported__no_valid_colab_network_or_device_energy_scope,,not_reported__no_direct_facility_or_grid_carbon_measurement,0.5065621269995972,Absolute energy and carbon are not reported because direct hardware energy instrumentation is disabled.,False,,,,GOVERNANCE
42,A1_TADP_admission_only,13,tadp_admission_only_ablation,comparative_experiment,main_comparative,TADP admission-only ablation: uses the fixed TADP-admitted cohort with plain FedAvg and deliberately bypasses TADP-Sec runtime signing/freshness/PoFC and encrypted aggregation.,tadp_admission_only_plain_fedavg,custom_reference_python_prototype,False,,,,,,,,,,{},False,False,,,0,baseline_unenforced,,,,,not_applicable,not_applicable_plain_update_path,,,,not_applicable,0,0,0,False,,{},True,,strict_experiment_side_plaintext_oracle_comparison__max_coordinate_and_rmse_numeric_acceptance_envelope__relative_l2_diagnostic_only__no_plaintext_fallback_after_protected_aggregation_failure,custom_reference_prototype_numeric_acceptance_envelope__max_abs_and_rmse_are_acceptance_gates__relative_l2_is_diagnostic_only__not_a_formal_he_security_or_precision_proof,True,False,PASSED_PLAIN_CONTROL_CHECK,0.0,0.0,0.0,0.016126844598778483,0.016126844598778483,,,,True,True,True,True,finite_and_max_abs_and_rmse,0.9987886661282961,0.7088607594936709,0.60431654676259,0.8571428571428571,0.9280878185545461,0.719159343018692,0.978343423047328,0.7246838230777138,0.7246838230777138,0.8877551020408163,0.0017937535171637592,0.8877551020408163,0.0017937535171637592,56809,55,14,84,0.0009672200337647721,0.14285714285714285,0.8571428571428571,0.04223350444042513,0.04223350444042513,fpr,0.005,0.9991441550176655,0.7845303867403315,0.696078431372549,0.8987341772151899,0.9490263543802923,0.7905422865495717,0.9819223031352001,0.8238013445013705,0.8238013445013705,0.8987341772151899,0.0006814684546054077,0.8987341772151899,0.0006814684546054077,45459,31,8,71,0.0006814684546054077,0.10126582278481013,0.8987341772151899,0.04223350444042513,fpr,0.005,1.0,False,,NOT_FINAL_ROUND,,,,,,,,,,,,,,,,,,,,False,0.9982795547909132,0.48404879100007747,324.4109660013237,1.8661300005078374,0.0,0.0,0,0.0,0.0,240,2880,240.0,2880,2880,5760,,not_modelled__session_or_evaluation_key_material_excluded_from_round_payload,0,0,0.0,0.0,actual_generated_protocol_object_bytes,plain_model_update_uplink_plus_plain_global_update_broadcast,model_update_ciphertext_only__auxiliary_protocol_objects_are_counted_in_comm_total,False,single_google_colab_node__logical_client_cloud_authorized_recipient_roles,not_applicable,0.0,0.0,0.0,measured_sum_of_client_protection_plus_server_protected_aggregation_plus_authorized_recovery_or_decryption_ms_per_round,local_training__validation_test_evaluation__transport_latency__serialization_framing_not_explicitly_in_crypto_functions,0.0,0.0,12,12,0,plaintext_update_no_noise,1.0,plain_exact,0,0,False,0,0,False,not_applicable,0,[],0,,True,0.0017204452090867595,0.0020311924643947404,3.9572916666666664,0,0,0,0,0,0,0,0,0,0,0,0,0,12,0,12,0,1,fixed_execution_host_runtime_payload_and_machine_specification__no_unmeasured_absolute_energy_or_carbon_claim,sequential_single_host_wall_clock_and_generated_protocol_object_bytes__machine_specification_recorded__transport_network_facility_energy_not_measured,runtime_payload_measured__energy_not_instrumented,not_reported_without_direct_hardware_energy_instrumentation,not_reported,False,,,,,,,not_reported,0,0.25,not_probed,0,,not_reported__no_valid_colab_network_or_device_energy_scope,,not_reported__no_direct_facility_or_grid_carbon_measurement,0.4840170899997247,Absolute energy and carbon are not reported because direct hardware energy instrumentation is disabled.,False,,,,GOVERNANCE
42,A1_TADP_admission_only,14,tadp_admission_only_ablation,comparative_experiment,main_comparative,TADP admission-only ablation: uses the fixed TADP-admitted cohort with plain FedAvg and deliberately bypasses TADP-Sec runtime signing/freshness/PoFC and encrypted aggregation.,tadp_admission_only_plain_fedavg,custom_reference_python_prototype,False,,,,,,,,,,{},False,False,,,0,baseline_unenforced,,,,,not_applicable,not_applicable_plain_update_path,,,,not_applicable,0,0,0,False,,{},True,,strict_experiment_side_plaintext_oracle_comparison__max_coordinate_and_rmse_numeric_acceptance_envelope__relative_l2_diagnostic_only__no_plaintext_fallback_after_protected_aggregation_failure,custom_reference_prototype_numeric_acceptance_envelope__max_abs_and_rmse_are_acceptance_gates__relative_l2_is_diagnostic_only__not_a_formal_he_security_or_precision_proof,True,False,PASSED_PLAIN_CONTROL_CHECK,0.0,0.0,0.0,0.011180494246407635,0.011180494246407635,,,,True,True,True,True,finite_and_max_abs_and_rmse,0.9987886661282961,0.7088607594936709,0.60431654676259,0.8571428571428571,0.9280878185545461,0.719159343018692,0.9784536035854973,0.7246554758828189,0.7246554758828189,0.8877551020408163,0.001776167698368036,0.8877551020408163,0.001776167698368036,56809,55,14,84,0.0009672200337647721,0.14285714285714285,0.8571428571428571,0.043415667764709946,0.043415667764709946,fpr,0.005,0.9991441550176655,0.7845303867403315,0.696078431372549,0.8987341772151899,0.9490263543802923,0.7905422865495717,0.9819918691268912,0.8234892030772385,0.8234892030772385,0.8987341772151899,0.0006814684546054077,0.8987341772151899,0.0006814684546054077,45459,31,8,71,0.0006814684546054077,0.10126582278481013,0.8987341772151899,0.043415667764709946,fpr,0.005,1.0,False,,NOT_FINAL_ROUND,,,,,,,,,,,,,,,,,,,,False,0.9982795547909132,0.49069702099995993,332.6121289992443,1.7800949999582372,0.0,0.0,0,0.0,0.0,240,2880,240.0,2880,2880,5760,,not_modelled__session_or_evaluation_key_material_excluded_from_round_payload,0,0,0.0,0.0,actual_generated_protocol_object_bytes,plain_model_update_uplink_plus_plain_global_update_broadcast,model_update_ciphertext_only__auxiliary_protocol_objects_are_counted_in_comm_total,False,single_google_colab_node__logical_client_cloud_authorized_recipient_roles,not_applicable,0.0,0.0,0.0,measured_sum_of_client_protection_plus_server_protected_aggregation_plus_authorized_recovery_or_decryption_ms_per_round,local_training__validation_test_evaluation__transport_latency__serialization_framing_not_explicitly_in_crypto_functions,0.0,0.0,12,12,0,plaintext_update_no_noise,1.0,plain_exact,0,0,False,0,0,False,not_applicable,0,[],0,,True,0.0017204452090867595,0.0020311924643947404,3.9572916666666664,0,0,0,0,0,0,0,0,0,0,0,0,0,12,0,12,0,1,fixed_execution_host_runtime_payload_and_machine_specification__no_unmeasured_absolute_energy_or_carbon_claim,sequential_single_host_wall_clock_and_generated_protocol_object_bytes__machine_specification_recorded__transport_network_facility_energy_not_measured,runtime_payload_measured__energy_not_instrumented,not_reported_without_direct_hardware_energy_instrumentation,not_reported,False,,,,,,,not_reported,0,0.25,not_probed,0,,not_reported__no_valid_colab_network_or_device_energy_scope,,not_reported__no_direct_facility_or_grid_carbon_measurement,0.4906705149996924,Absolute energy and carbon are not reported because direct hardware energy instrumentation is disabled.,False,,,,GOVERNANCE
42,A1_TADP_admission_only,15,tadp_admission_only_ablation,comparative_experiment,main_comparative,TADP admission-only ablation: uses the fixed TADP-admitted cohort with plain FedAvg and deliberately bypasses TADP-Sec runtime signing/freshness/PoFC and encrypted aggregation.,tadp_admission_only_plain_fedavg,custom_reference_python_prototype,False,,,,,,,,,,{},False,False,,,0,baseline_unenforced,,,,,not_applicable,not_applicable_plain_update_path,,,,not_applicable,0,0,0,False,,{},True,,strict_experiment_side_plaintext_oracle_comparison__max_coordinate_and_rmse_numeric_acceptance_envelope__relative_l2_diagnostic_only__no_plaintext_fallback_after_protected_aggregation_failure,custom_reference_prototype_numeric_acceptance_envelope__max_abs_and_rmse_are_acceptance_gates__relative_l2_is_diagnostic_only__not_a_formal_he_security_or_precision_proof,True,False,PASSED_PLAIN_CONTROL_CHECK,0.0,0.0,0.0,0.010022499067489156,0.010022499067489156,,,,True,True,True,True,finite_and_max_abs_and_rmse,0.9988062216916541,0.711864406779661,0.6086956521739131,0.8571428571428571,0.928096611463944,0.7217687633914018,0.9785770632113284,0.7246682815365856,0.7246682815365856,0.8877551020408163,0.001776167698368036,0.8877551020408163,0.001776167698368036,56810,54,14,84,0.0009496342149690489,0.14285714285714285,0.8571428571428571,0.04429311087117564,0.04429311087117564,fpr,0.005,0.9991441550176655,0.7845303867403315,0.696078431372549,0.8987341772151899,0.9490263543802923,0.7905422865495717,0.9820689482456848,0.8234882366739182,0.8234882366739182,0.8987341772151899,0.0006814684546054077,0.8987341772151899,0.0006814684546054077,45459,31,8,71,0.0006814684546054077,0.10126582278481013,0.8987341772151899,0.04429311087117564,fpr,0.005,1.0,False,,NOT_FINAL_ROUND,,,,,,,,,,,,,,,,,,,,False,0.9982795547909132,0.4822416870001689,312.04750700044315,1.921850000599079,0.0,0.0,0,0.0,0.0,240,2880,240.0,2880,2880,5760,,not_modelled__session_or_evaluation_key_material_excluded_from_round_payload,0,0,0.0,0.0,actual_generated_protocol_object_bytes,plain_model_update_uplink_plus_plain_global_update_broadcast,model_update_ciphertext_only__auxiliary_protocol_objects_are_counted_in_comm_total,False,single_google_colab_node__logical_client_cloud_authorized_recipient_roles,not_applicable,0.0,0.0,0.0,measured_sum_of_client_protection_plus_server_protected_aggregation_plus_authorized_recovery_or_decryption_ms_per_round,local_training__validation_test_evaluation__transport_latency__serialization_framing_not_explicitly_in_crypto_functions,0.0,0.0,12,12,0,plaintext_update_no_noise,1.0,plain_exact,0,0,False,0,0,False,not_applicable,0,[],0,,True,0.0017204452090867595,0.0020311924643947404,3.9572916666666664,0,0,0,0,0,0,0,0,0,0,0,0,0,12,0,12,0,1,fixed_execution_host_runtime_payload_and_machine_specification__no_unmeasured_absolute_energy_or_carbon_claim,sequential_single_host_wall_clock_and_generated_protocol_object_bytes__machine_specification_recorded__transport_network_facility_energy_not_measured,runtime_payload_measured__energy_not_instrumented,not_reported_without_direct_hardware_energy_instrumentation,not_reported,False,,,,,,,not_reported,0,0.25,not_probed,0,,not_reported__no_valid_colab_network_or_device_energy_scope,,not_reported__no_direct_facility_or_grid_carbon_measurement,0.4822153430000071,Absolute energy and carbon are not reported because direct hardware energy instrumentation is disabled.,False,,,,GOVERNANCE
42,A1_TADP_admission_only,16,tadp_admission_only_ablation,comparative_experiment,main_comparative,TADP admission-only ablation: uses the fixed TADP-admitted cohort with plain FedAvg and deliberately bypasses TADP-Sec runtime signing/freshness/PoFC and encrypted aggregation.,tadp_admission_only_plain_fedavg,custom_reference_python_prototype,False,,,,,,,,,,{},False,False,,,0,baseline_unenforced,,,,,not_applicable,not_applicable_plain_update_path,,,,not_applicable,0,0,0,False,,{},True,,strict_experiment_side_plaintext_oracle_comparison__max_coordinate_and_rmse_numeric_acceptance_envelope__relative_l2_diagnostic_only__no_plaintext_fallback_after_protected_aggregation_failure,custom_reference_prototype_numeric_acceptance_envelope__max_abs_and_rmse_are_acceptance_gates__relative_l2_is_diagnostic_only__not_a_formal_he_security_or_precision_proof,True,False,PASSED_PLAIN_CONTROL_CHECK,0.0,0.0,0.0,0.008650527439256784,0.008650527439256784,,,,True,True,True,True,finite_and_max_abs_and_rmse,0.9988237772550121,0.7148936170212766,0.6131386861313869,0.8571428571428571,0.9281054043733419,0.724406671212077,0.9786838342540167,0.7251781873554408,0.7251781873554408,0.8877551020408163,0.001776167698368036,0.8877551020408163,0.001776167698368036,56811,53,14,84,0.0009320483961733258,0.14285714285714285,0.8571428571428571,0.04493223044308938,0.04493223044308938,fpr,0.005,0.9991441550176655,0.7845303867403315,0.696078431372549,0.8987341772151899,0.9490263543802923,0.7905422865495717,0.9821232097192039,0.8234910399357148,0.8234910399357148,0.8987341772151899,0.0006814684546054077,0.8987341772151899,0.0006814684546054077,45459,31,8,71,0.0006814684546054077,0.10126582278481013,0.8987341772151899,0.04493223044308938,fpr,0.005,1.0,False,,NOT_FINAL_ROUND,,,,,,,,,,,,,,,,,,,,False,0.9982795547909132,0.4918171100002837,334.2797930008601,1.8646869984877412,0.0,0.0,0,0.0,0.0,240,2880,240.0,2880,2880,5760,,not_modelled__session_or_evaluation_key_material_excluded_from_round_payload,0,0,0.0,0.0,actual_generated_protocol_object_bytes,plain_model_update_uplink_plus_plain_global_update_broadcast,model_update_ciphertext_only__auxiliary_protocol_objects_are_counted_in_comm_total,False,single_google_colab_node__logical_client_cloud_authorized_recipient_roles,not_applicable,0.0,0.0,0.0,measured_sum_of_client_protection_plus_server_protected_aggregation_plus_authorized_recovery_or_decryption_ms_per_round,local_training__validation_test_evaluation__transport_latency__serialization_framing_not_explicitly_in_crypto_functions,0.0,0.0,12,12,0,plaintext_update_no_noise,1.0,plain_exact,0,0,False,0,0,False,not_applicable,0,[],0,,True,0.0017204452090867595,0.0020311924643947404,3.9572916666666664,0,0,0,0,0,0,0,0,0,0,0,0,0,12,0,12,0,1,fixed_execution_host_runtime_payload_and_machine_specification__no_unmeasured_absolute_energy_or_carbon_claim,sequential_single_host_wall_clock_and_generated_protocol_object_bytes__machine_specification_recorded__transport_network_facility_energy_not_measured,runtime_payload_measured__energy_not_instrumented,not_reported_without_direct_hardware_energy_instrumentation,not_reported,False,,,,,,,not_reported,0,0.25,not_probed,0,,not_reported__no_valid_colab_network_or_device_energy_scope,,not_reported__no_direct_facility_or_grid_carbon_measurement,0.49178889199993137,Absolute energy and carbon are not reported because direct hardware energy instrumentation is disabled.,False,,,,GOVERNANCE
42,A1_TADP_admission_only,17,tadp_admission_only_ablation,comparative_experiment,main_comparative,TADP admission-only ablation: uses the fixed TADP-admitted cohort with plain FedAvg and deliberately bypasses TADP-Sec runtime signing/freshness/PoFC and encrypted aggregation.,tadp_admission_only_plain_fedavg,custom_reference_python_prototype,False,,,,,,,,,,{},False,False,,,0,baseline_unenforced,,,,,not_applicable,not_applicable_plain_update_path,,,,not_applicable,0,0,0,False,,{},True,,strict_experiment_side_plaintext_oracle_comparison__max_coordinate_and_rmse_numeric_acceptance_envelope__relative_l2_diagnostic_only__no_plaintext_fallback_after_protected_aggregation_failure,custom_reference_prototype_numeric_acceptance_envelope__max_abs_and_rmse_are_acceptance_gates__relative_l2_is_diagnostic_only__not_a_formal_he_security_or_precision_proof,True,False,PASSED_PLAIN_CONTROL_CHECK,0.0,0.0,0.0,0.007547095045426269,0.007547095045426269,,,,True,True,True,True,finite_and_max_abs_and_rmse,0.9988413328183702,0.717948717948718,0.6176470588235294,0.8571428571428571,0.9281141972827398,0.7270735890776542,0.9787635087799893,0.7257546255662417,0.7257546255662417,0.8877551020408163,0.001758581879572313,0.8877551020408163,0.001758581879572313,56812,52,14,84,0.0009144625773776027,0.14285714285714285,0.8571428571428571,0.045278571749100674,0.045278571749100674,fpr,0.005,0.9991441550176655,0.7845303867403315,0.696078431372549,0.8987341772151899,0.9490263543802923,0.7905422865495717,0.982196114878496,0.8234919444571981,0.8234919444571981,0.8987341772151899,0.0006814684546054077,0.8987341772151899,0.0006814684546054077,45459,31,8,71,0.0006814684546054077,0.10126582278481013,0.8987341772151899,0.045278571749100674,fpr,0.005,1.0,False,,NOT_FINAL_ROUND,,,,,,,,,,,,,,,,,,,,False,0.9982795547909132,0.48142802499978643,317.7204309999979,1.811499999348598,0.0,0.0,0,0.0,0.0,240,2880,240.0,2880,2880,5760,,not_modelled__session_or_evaluation_key_material_excluded_from_round_payload,0,0,0.0,0.0,actual_generated_protocol_object_bytes,plain_model_update_uplink_plus_plain_global_update_broadcast,model_update_ciphertext_only__auxiliary_protocol_objects_are_counted_in_comm_total,False,single_google_colab_node__logical_client_cloud_authorized_recipient_roles,not_applicable,0.0,0.0,0.0,measured_sum_of_client_protection_plus_server_protected_aggregation_plus_authorized_recovery_or_decryption_ms_per_round,local_training__validation_test_evaluation__transport_latency__serialization_framing_not_explicitly_in_crypto_functions,0.0,0.0,12,12,0,plaintext_update_no_noise,1.0,plain_exact,0,0,False,0,0,False,not_applicable,0,[],0,,True,0.0017204452090867595,0.0020311924643947404,3.9572916666666664,0,0,0,0,0,0,0,0,0,0,0,0,0,12,0,12,0,1,fixed_execution_host_runtime_payload_and_machine_specification__no_unmeasured_absolute_energy_or_carbon_claim,sequential_single_host_wall_clock_and_generated_protocol_object_bytes__machine_specification_recorded__transport_network_facility_energy_not_measured,runtime_payload_measured__energy_not_instrumented,not_reported_without_direct_hardware_energy_instrumentation,not_reported,False,,,,,,,not_reported,0,0.25,not_probed,0,,not_reported__no_valid_colab_network_or_device_energy_scope,,not_reported__no_direct_facility_or_grid_carbon_measurement,0.4814025689997834,Absolute energy and carbon are not reported because direct hardware energy instrumentation is disabled.,False,,,,GOVERNANCE
42,A1_TADP_admission_only,18,tadp_admission_only_ablation,comparative_experiment,main_comparative,TADP admission-only ablation: uses the fixed TADP-admitted cohort with plain FedAvg and deliberately bypasses TADP-Sec runtime signing/freshness/PoFC and encrypted aggregation.,tadp_admission_only_plain_fedavg,custom_reference_python_prototype,False,,,,,,,,,,{},False,False,,,0,baseline_unenforced,,,,,not_applicable,not_applicable_plain_update_path,,,,not_applicable,0,0,0,False,,{},True,,strict_experiment_side_plaintext_oracle_comparison__max_coordinate_and_rmse_numeric_acceptance_envelope__relative_l2_diagnostic_only__no_plaintext_fallback_after_protected_aggregation_failure,custom_reference_prototype_numeric_acceptance_envelope__max_abs_and_rmse_are_acceptance_gates__relative_l2_is_diagnostic_only__not_a_formal_he_security_or_precision_proof,True,False,PASSED_PLAIN_CONTROL_CHECK,0.0,0.0,0.0,0.006525872582810507,0.006525872582810507,,,,True,True,True,True,finite_and_max_abs_and_rmse,0.9988413328183702,0.717948717948718,0.6176470588235294,0.8571428571428571,0.9281141972827398,0.7270735890776542,0.9788528734510125,0.7263798023115411,0.7263798023115411,0.8877551020408163,0.0017409960607765898,0.8877551020408163,0.0017409960607765898,56812,52,14,84,0.0009144625773776027,0.14285714285714285,0.8571428571428571,0.04523137188858861,0.04523137188858861,fpr,0.005,0.9991441550176655,0.7845303867403315,0.696078431372549,0.8987341772151899,0.9490263543802923,0.7905422865495717,0.9823558383954187,0.8231215492929413,0.8231215492929413,0.8987341772151899,0.0006814684546054077,0.8987341772151899,0.0006814684546054077,45459,31,8,71,0.0006814684546054077,0.10126582278481013,0.8987341772151899,0.04523137188858861,fpr,0.005,1.0,False,,NOT_FINAL_ROUND,,,,,,,,,,,,,,,,,,,,False,0.9982795547909132,0.4946738749999895,334.9884840008599,2.0205999999234336,0.0,0.0,0,0.0,0.0,240,2880,240.0,2880,2880,5760,,not_modelled__session_or_evaluation_key_material_excluded_from_round_payload,0,0,0.0,0.0,actual_generated_protocol_object_bytes,plain_model_update_uplink_plus_plain_global_update_broadcast,model_update_ciphertext_only__auxiliary_protocol_objects_are_counted_in_comm_total,False,single_google_colab_node__logical_client_cloud_authorized_recipient_roles,not_applicable,0.0,0.0,0.0,measured_sum_of_client_protection_plus_server_protected_aggregation_plus_authorized_recovery_or_decryption_ms_per_round,local_training__validation_test_evaluation__transport_latency__serialization_framing_not_explicitly_in_crypto_functions,0.0,0.0,12,12,0,plaintext_update_no_noise,1.0,plain_exact,0,0,False,0,0,False,not_applicable,0,[],0,,True,0.0017204452090867595,0.0020311924643947404,3.9572916666666664,0,0,0,0,0,0,0,0,0,0,0,0,0,12,0,12,0,1,fixed_execution_host_runtime_payload_and_machine_specification__no_unmeasured_absolute_energy_or_carbon_claim,sequential_single_host_wall_clock_and_generated_protocol_object_bytes__machine_specification_recorded__transport_network_facility_energy_not_measured,runtime_payload_measured__energy_not_instrumented,not_reported_without_direct_hardware_energy_instrumentation,not_reported,False,,,,,,,not_reported,0,0.25,not_probed,0,,not_reported__no_valid_colab_network_or_device_energy_scope,,not_reported__no_direct_facility_or_grid_carbon_measurement,0.49464686299961613,Absolute energy and carbon are not reported because direct hardware energy instrumentation is disabled.,False,,,,GOVERNANCE
42,A1_TADP_admission_only,19,tadp_admission_only_ablation,comparative_experiment,main_comparative,TADP admission-only ablation: uses the fixed TADP-admitted cohort with plain FedAvg and deliberately bypasses TADP-Sec runtime signing/freshness/PoFC and encrypted aggregation.,tadp_admission_only_plain_fedavg,custom_reference_python_prototype,False,,,,,,,,,,{},False,False,,,0,baseline_unenforced,,,,,not_applicable,not_applicable_plain_update_path,,,,not_applicable,0,0,0,False,,{},True,,strict_experiment_side_plaintext_oracle_comparison__max_coordinate_and_rmse_numeric_acceptance_envelope__relative_l2_diagnostic_only__no_plaintext_fallback_after_protected_aggregation_failure,custom_reference_prototype_numeric_acceptance_envelope__max_abs_and_rmse_are_acceptance_gates__relative_l2_is_diagnostic_only__not_a_formal_he_security_or_precision_proof,True,False,PASSED_PLAIN_CONTROL_CHECK,0.0,0.0,0.0,0.005574779467180098,0.005574779467180098,,,,True,True,True,True,finite_and_max_abs_and_rmse,0.9988413328183702,0.717948717948718,0.6176470588235294,0.8571428571428571,0.9281141972827398,0.7270735890776542,0.978902939200441,0.7265166012301583,0.7265166012301583,0.8877551020408163,0.001776167698368036,0.8877551020408163,0.001776167698368036,56812,52,14,84,0.0009144625773776027,0.14285714285714285,0.8571428571428571,0.04552579438771545,0.04552579438771545,fpr,0.005,0.9991441550176655,0.7845303867403315,0.696078431372549,0.8987341772151899,0.9490263543802923,0.7905422865495717,0.9823800473605271,0.8231231706375742,0.8231231706375742,0.8987341772151899,0.0006814684546054077,0.8987341772151899,0.0006814684546054077,45459,31,8,71,0.0006814684546054077,0.10126582278481013,0.8987341772151899,0.04552579438771545,fpr,0.005,1.0,False,,NOT_FINAL_ROUND,,,,,,,,,,,,,,,,,,,,False,0.9982795547909132,0.4719881229998464,314.6375899996201,1.7685569996501727,0.0,0.0,0,0.0,0.0,240,2880,240.0,2880,2880,5760,,not_modelled__session_or_evaluation_key_material_excluded_from_round_payload,0,0,0.0,0.0,actual_generated_protocol_object_bytes,plain_model_update_uplink_plus_plain_global_update_broadcast,model_update_ciphertext_only__auxiliary_protocol_objects_are_counted_in_comm_total,False,single_google_colab_node__logical_client_cloud_authorized_recipient_roles,not_applicable,0.0,0.0,0.0,measured_sum_of_client_protection_plus_server_protected_aggregation_plus_authorized_recovery_or_decryption_ms_per_round,local_training__validation_test_evaluation__transport_latency__serialization_framing_not_explicitly_in_crypto_functions,0.0,0.0,12,12,0,plaintext_update_no_noise,1.0,plain_exact,0,0,False,0,0,False,not_applicable,0,[],0,,True,0.0017204452090867595,0.0020311924643947404,3.9572916666666664,0,0,0,0,0,0,0,0,0,0,0,0,0,12,0,12,0,1,fixed_execution_host_runtime_payload_and_machine_specification__no_unmeasured_absolute_energy_or_carbon_claim,sequential_single_host_wall_clock_and_generated_protocol_object_bytes__machine_specification_recorded__transport_network_facility_energy_not_measured,runtime_payload_measured__energy_not_instrumented,not_reported_without_direct_hardware_energy_instrumentation,not_reported,False,,,,,,,not_reported,0,0.25,not_probed,0,,not_reported__no_valid_colab_network_or_device_energy_scope,,not_reported__no_direct_facility_or_grid_carbon_measurement,0.47196147100021335,Absolute energy and carbon are not reported because direct hardware energy instrumentation is disabled.,False,,,,GOVERNANCE
42,A1_TADP_admission_only,20,tadp_admission_only_ablation,comparative_experiment,main_comparative,TADP admission-only ablation: uses the fixed TADP-admitted cohort with plain FedAvg and deliberately bypasses TADP-Sec runtime signing/freshness/PoFC and encrypted aggregation.,tadp_admission_only_plain_fedavg,custom_reference_python_prototype,False,,,,,,,,,,{},False,False,,,0,baseline_unenforced,,,,,not_applicable,not_applicable_plain_update_path,,,,not_applicable,0,0,0,False,,{},True,,strict_experiment_side_plaintext_oracle_comparison__max_coordinate_and_rmse_numeric_acceptance_envelope__relative_l2_diagnostic_only__no_plaintext_fallback_after_protected_aggregation_failure,custom_reference_prototype_numeric_acceptance_envelope__max_abs_and_rmse_are_acceptance_gates__relative_l2_is_diagnostic_only__not_a_formal_he_security_or_precision_proof,True,False,PASSED_PLAIN_CONTROL_CHECK,0.0,0.0,0.0,0.006300502629708819,0.006300502629708819,,,,True,True,True,True,finite_and_max_abs_and_rmse,0.9988413328183702,0.717948717948718,0.6176470588235294,0.8571428571428571,0.9281141972827398,0.7270735890776542,0.9789443914876023,0.7266519334042105,0.7266519334042105,0.8877551020408163,0.001758581879572313,0.8877551020408163,0.001758581879572313,56812,52,14,84,0.0009144625773776027,0.14285714285714285,0.8571428571428571,0.04573113053919442,0.04573113053919442,fpr,0.005,0.9991441550176655,0.7845303867403315,0.696078431372549,0.8987341772151899,0.9490263543802923,0.7905422865495717,0.9824587960631214,0.8229988017865879,0.8229988017865879,0.8987341772151899,0.0006814684546054077,0.8987341772151899,0.0006814684546054077,45459,31,8,71,0.0006814684546054077,0.10126582278481013,0.8987341772151899,0.04573113053919442,fpr,0.005,1.0,True,,NO_REFERENCE_DEFINED,,,,,,,,,,,,,,,,,,,,False,0.9982795547909132,0.5262234389997502,327.727722000418,1.8046849991151248,0.0,0.0,0,0.0,0.0,240,2880,240.0,2880,2880,5760,,not_modelled__session_or_evaluation_key_material_excluded_from_round_payload,0,0,0.0,0.0,actual_generated_protocol_object_bytes,plain_model_update_uplink_plus_plain_global_update_broadcast,model_update_ciphertext_only__auxiliary_protocol_objects_are_counted_in_comm_total,False,single_google_colab_node__logical_client_cloud_authorized_recipient_roles,not_applicable,0.0,0.0,0.0,measured_sum_of_client_protection_plus_server_protected_aggregation_plus_authorized_recovery_or_decryption_ms_per_round,local_training__validation_test_evaluation__transport_latency__serialization_framing_not_explicitly_in_crypto_functions,0.0,0.0,12,12,0,plaintext_update_no_noise,1.0,plain_exact,0,0,False,0,0,False,not_applicable,0,[],0,,True,0.0017204452090867595,0.0020311924643947404,3.9572916666666664,0,0,0,0,0,0,0,0,0,0,0,0,0,12,0,12,0,1,fixed_execution_host_runtime_payload_and_machine_specification__no_unmeasured_absolute_energy_or_carbon_claim,sequential_single_host_wall_clock_and_generated_protocol_object_bytes__machine_specification_recorded__transport_network_facility_energy_not_measured,runtime_payload_measured__energy_not_instrumented,not_reported_without_direct_hardware_energy_instrumentation,not_reported,False,,,,,,,not_reported,0,0.25,not_probed,0,,not_reported__no_valid_colab_network_or_device_energy_scope,,not_reported__no_direct_facility_or_grid_carbon_measurement,0.5261929379998946,Absolute energy and carbon are not reported because direct hardware energy instrumentation is disabled.,False,,,,GOVERNANCE
