seed,scenario,round,security_status,result_category,reporting_group,claim_scope,implementation_status,crypto_backend,governance_enforced,governance_policy_version,evidence_manifest_hash,session_security_decision_hash,risk_assessment_hash,session_security_tier,unified_required_security_class,unified_required_security_tier,executed_profile_security_class,executed_profile_security_tier,client_phase1_tier_counts_json,runtime_profile_is_governance_selected,runtime_profile_deployment_compliant,runtime_profile_relation_to_unified_requirement,session_security_class,session_epoch,execution_mode,computed_strictest_security_class,computed_strictest_security_tier,benchmark_declared_tier,tier_selection_basis,xmk_decryption_policy,noise_metric_label,observed_relative_decryption_error,observed_max_abs_decryption_error,t4_model_update_recipient_id,t4_recipient_validation_policy,t4_recipient_count,t4_recipients_validated,t4_recipient_fidelity_failures,t4_all_recipients_passed,t4_worst_recipient_id,t4_recipient_diagnostics_json,aggregate_applied,aggregation_failure_reason,aggregate_fidelity_policy,aggregate_fidelity_tolerance_scope,aggregate_fidelity_checked,aggregate_fidelity_required,aggregate_fidelity_status,aggregate_relative_error,aggregate_max_abs_error,aggregate_rmse,aggregate_expected_norm,aggregate_recovered_norm,aggregate_fidelity_relative_tolerance,aggregate_fidelity_absolute_tolerance,aggregate_fidelity_rmse_tolerance,aggregate_fidelity_relative_pass,aggregate_fidelity_absolute_pass,aggregate_fidelity_rmse_pass,aggregate_fidelity_relative_is_diagnostic_only,aggregate_fidelity_acceptance_rule,accuracy,f1,precision,recall,balanced_accuracy,mcc,roc_auc,pr_auc,average_precision,recall_at_fpr_0.005,achieved_fpr_at_0.005,recall_at_fpr_0.01,achieved_fpr_at_0.01,true_negatives,false_positives,false_negatives,true_positives,false_positive_rate,false_negative_rate,fraud_recall,optimal_threshold,debug_optimal_threshold,constraint_type,constraint_value,validation_accuracy,validation_f1,validation_precision,validation_recall,validation_balanced_accuracy,validation_mcc,validation_roc_auc,validation_pr_auc,validation_average_precision,validation_recall_at_fpr_0.005,validation_achieved_fpr_at_0.005,validation_recall_at_fpr_0.01,validation_achieved_fpr_at_0.01,validation_true_negatives,validation_false_positives,validation_false_negatives,validation_true_positives,validation_false_positive_rate,validation_false_negative_rate,validation_fraud_recall,validation_optimal_threshold,validation_constraint_type,validation_constraint_value,metric_diag_version,metric_diag_is_final_round,metric_diag_reference_scenario,metric_diag_status,metric_diag_ap_current_full_precision,metric_diag_ap_reference_full_precision,metric_diag_delta_ap,metric_diag_f1_current_full_precision,metric_diag_f1_reference_full_precision,metric_diag_delta_f1,metric_diag_mcc_current_full_precision,metric_diag_mcc_reference_full_precision,metric_diag_delta_mcc,metric_diag_threshold_current,metric_diag_threshold_reference,metric_diag_delta_threshold,metric_diag_model_parameter_l2_delta,metric_diag_model_parameter_max_abs_delta,metric_diag_probability_max_abs_delta,metric_diag_probability_mean_abs_delta,metric_diag_probability_rmse,metric_diag_prediction_disagreement_count,metric_diag_prediction_disagreement_rate,metric_diag_binary_predictions_exact_match,baseline_accuracy,runtime_s,local_training_total_ms,protocol_control_total_ms,crypto_session_setup_ms,crypto_seed_setup_ms,df_setup_matrix_material_bytes,crypto_client_operation_total_ms,crypto_server_operation_total_ms,model_update_plain_bytes,protected_update_uplink_bytes,protected_update_mean_bytes_per_client,comm_up_bytes,comm_down_bytes,comm_total_bytes,comm_setup_key_material_bytes,comm_setup_key_material_status,t2_auxiliary_weight_ciphertext_uplink_bytes,t2_aggregate_ciphertext_downlink_bytes,t2_cloud_multiply_KS_aggregate_ms,t2_authorized_decryption_ms,communication_metric_label,communication_payload_scope,protected_update_payload_scope,communication_is_wire_capture,role_execution_model,t2_protocol_boundary_policy,crypto_overhead_ms,crypto_total_overhead_ms,crypto_path_total_ms,crypto_timing_metric_label,crypto_timing_excludes,noise_std,cumulative_noise,n_clients,effective_clients,enforcement_failures,mechanism,comm_factor,crypto_type,xmk_shares_available,xmk_shares_required,xmk_round_failed,t4_samk_server_known_helper_points,t4_samk_required_helper_points,t4_samk_server_plaintext_aggregate_available,samk_dropout_injection_mode,samk_preupload_dropout_count,samk_preupload_dropout_clients_json,samk_removed_dropout_clients_total,samk_postupload_delayed_recipient_id,samk_postupload_delayed_recovery_passed,fraud_rate_global_test,fraud_rate_active_clients,pscore_admitted_mean,pofc_violations_malicious,pofc_violations_benign,signature_violations_malicious,signature_violations_benign,freshness_violations,rate_limit_violations,total_violations,malicious_clients_blocked_this_round,benign_clients_blocked_this_round,malicious_clients_banned_total,benign_clients_banned_total,banned_clients_count,remaining_malicious_clients,remaining_benign_clients,initial_malicious_count,initial_benign_count,attack_detected_this_round,all_malicious_blocked,resource_measurement_policy,resource_measurement_scope,resource_measurement_status,energy_estimation_method,energy_measurement_method,energy_is_hardware_measured,energy_total_joules,energy_total_uj,cpu_package_energy_joules,cpu_package_energy_uj,gpu_energy_joules,gpu_energy_uj,gpu_energy_measurement_method,gpu_power_sample_count,gpu_power_sample_interval_s,gpu_devices_visible,cpu_rapl_domain_count,protocol_payload_energy_joules,protocol_payload_energy_status,co2_emissions_kg,carbon_accounting_status,measurement_wall_time_s,measurement_notes,session_reformed_after_round,post_round_new_session_id,post_round_new_session_decision_hash,post_round_session_epoch,category
7,B0_Plain_FL,1,comparative_protocol_experiment,comparative_experiment,main_comparative,Comparative federated-learning and protocol-enforcement experiment.,plain_or_protocol_control,custom_reference_python_prototype,False,,,,,,,,,,{},False,False,,,0,baseline_unenforced,,,,,not_applicable,not_applicable_plain_update_path,,,,not_applicable,0,0,0,False,,{},True,,strict_experiment_side_plaintext_oracle_comparison__max_coordinate_and_rmse_numeric_acceptance_envelope__relative_l2_diagnostic_only__no_plaintext_fallback_after_protected_aggregation_failure,custom_reference_prototype_numeric_acceptance_envelope__max_abs_and_rmse_are_acceptance_gates__relative_l2_is_diagnostic_only__not_a_formal_he_security_or_precision_proof,True,False,PASSED_PLAIN_CONTROL_CHECK,0.0,0.0,0.0,0.4303947653809828,0.4303947653809828,,,,True,True,True,True,finite_and_max_abs_and_rmse,0.9958568870475053,0.41,0.271523178807947,0.8367346938775511,0.916432906871246,0.4752969424331776,0.9573095276377293,0.6945169556312965,0.6945169556312965,0.8367346938775511,0.0036754361283061338,0.8775510204081632,0.00859946539110861,56644,220,16,82,0.0038688801350590884,0.16326530612244897,0.8367346938775511,0.0032941575881844983,0.0032941575881844983,fpr,0.005,0.9960280014922426,0.43613707165109034,0.2892561983471074,0.8860759493670886,0.9411474492933487,0.5050089922214316,0.9733534425426649,0.7824890671490704,0.7824890671490704,0.8860759493670886,0.0037810507803912948,0.8987341772151899,0.005319850516597054,45318,172,9,70,0.0037810507803912948,0.11392405063291139,0.8860759493670886,0.0032941575881844983,fpr,0.005,1.0,False,,NOT_FINAL_ROUND,,,,,,,,,,,,,,,,,,,,False,0.9982795547909132,0.9021278400000483,730.7711219993962,3.058068999735042,0.0,0.0,0,0.0,0.0,240,4800,240.0,4800,4800,9600,,not_modelled__session_or_evaluation_key_material_excluded_from_round_payload,0,0,0.0,0.0,actual_generated_protocol_object_bytes,plain_model_update_uplink_plus_plain_global_update_broadcast,model_update_ciphertext_only__auxiliary_protocol_objects_are_counted_in_comm_total,False,single_google_colab_node__logical_client_cloud_authorized_recipient_roles,not_applicable,0.0,0.0,0.0,measured_sum_of_client_protection_plus_server_protected_aggregation_plus_authorized_recovery_or_decryption_ms_per_round,local_training__validation_test_evaluation__transport_latency__serialization_framing_not_explicitly_in_crypto_functions,0.0,0.0,20,20,0,plaintext_update_no_noise,1.0,plain_exact,0,0,False,0,0,False,not_applicable,0,[],0,,True,0.0017204452090867595,0.0017281485220215498,3.9572916666666664,0,0,0,0,0,0,0,0,0,0,0,0,0,20,0,20,0,1,fixed_execution_host_runtime_payload_and_machine_specification__no_unmeasured_absolute_energy_or_carbon_claim,sequential_single_host_wall_clock_and_generated_protocol_object_bytes__machine_specification_recorded__transport_network_facility_energy_not_measured,runtime_payload_measured__energy_not_instrumented,not_reported_without_direct_hardware_energy_instrumentation,not_reported,False,,,,,,,not_reported,0,0.25,not_probed,0,,not_reported__no_valid_colab_network_or_device_energy_scope,,not_reported__no_direct_facility_or_grid_carbon_measurement,0.9020827009999266,Absolute energy and carbon are not reported because direct hardware energy instrumentation is disabled.,False,,,,BASELINE
7,B0_Plain_FL,2,comparative_protocol_experiment,comparative_experiment,main_comparative,Comparative federated-learning and protocol-enforcement experiment.,plain_or_protocol_control,custom_reference_python_prototype,False,,,,,,,,,,{},False,False,,,0,baseline_unenforced,,,,,not_applicable,not_applicable_plain_update_path,,,,not_applicable,0,0,0,False,,{},True,,strict_experiment_side_plaintext_oracle_comparison__max_coordinate_and_rmse_numeric_acceptance_envelope__relative_l2_diagnostic_only__no_plaintext_fallback_after_protected_aggregation_failure,custom_reference_prototype_numeric_acceptance_envelope__max_abs_and_rmse_are_acceptance_gates__relative_l2_is_diagnostic_only__not_a_formal_he_security_or_precision_proof,True,False,PASSED_PLAIN_CONTROL_CHECK,0.0,0.0,0.0,0.37595414142519146,0.37595414142519146,,,,True,True,True,True,finite_and_max_abs_and_rmse,0.9977879990168884,0.5684931506849316,0.42783505154639173,0.8469387755102041,0.9224933748119395,0.6010754327737244,0.9682226048832588,0.7138775213560523,0.7138775213560523,0.8877551020408163,0.004273353967360721,0.8877551020408163,0.004273353967360721,56753,111,15,83,0.0019520258863252673,0.15306122448979592,0.8469387755102041,0.005341253991327593,0.005341253991327593,fpr,0.005,0.9979371941451425,0.6016949152542372,0.45222929936305734,0.8987341772151899,0.9484218259124971,0.6367267733804268,0.9790386536476232,0.8136188828189768,0.8136188828189768,0.8987341772151899,0.0018905253901956474,0.8987341772151899,0.0018905253901956474,45404,86,8,71,0.0018905253901956474,0.10126582278481013,0.8987341772151899,0.005341253991327593,fpr,0.005,1.0,False,,NOT_FINAL_ROUND,,,,,,,,,,,,,,,,,,,,False,0.9982795547909132,0.8750565719999486,710.0226209995526,3.167140999721596,0.0,0.0,0,0.0,0.0,240,4800,240.0,4800,4800,9600,,not_modelled__session_or_evaluation_key_material_excluded_from_round_payload,0,0,0.0,0.0,actual_generated_protocol_object_bytes,plain_model_update_uplink_plus_plain_global_update_broadcast,model_update_ciphertext_only__auxiliary_protocol_objects_are_counted_in_comm_total,False,single_google_colab_node__logical_client_cloud_authorized_recipient_roles,not_applicable,0.0,0.0,0.0,measured_sum_of_client_protection_plus_server_protected_aggregation_plus_authorized_recovery_or_decryption_ms_per_round,local_training__validation_test_evaluation__transport_latency__serialization_framing_not_explicitly_in_crypto_functions,0.0,0.0,20,20,0,plaintext_update_no_noise,1.0,plain_exact,0,0,False,0,0,False,not_applicable,0,[],0,,True,0.0017204452090867595,0.0017281485220215498,3.9572916666666664,0,0,0,0,0,0,0,0,0,0,0,0,0,20,0,20,0,1,fixed_execution_host_runtime_payload_and_machine_specification__no_unmeasured_absolute_energy_or_carbon_claim,sequential_single_host_wall_clock_and_generated_protocol_object_bytes__machine_specification_recorded__transport_network_facility_energy_not_measured,runtime_payload_measured__energy_not_instrumented,not_reported_without_direct_hardware_energy_instrumentation,not_reported,False,,,,,,,not_reported,0,0.25,not_probed,0,,not_reported__no_valid_colab_network_or_device_energy_scope,,not_reported__no_direct_facility_or_grid_carbon_measurement,0.8750225060000503,Absolute energy and carbon are not reported because direct hardware energy instrumentation is disabled.,False,,,,BASELINE
7,B0_Plain_FL,3,comparative_protocol_experiment,comparative_experiment,main_comparative,Comparative federated-learning and protocol-enforcement experiment.,plain_or_protocol_control,custom_reference_python_prototype,False,,,,,,,,,,{},False,False,,,0,baseline_unenforced,,,,,not_applicable,not_applicable_plain_update_path,,,,not_applicable,0,0,0,False,,{},True,,strict_experiment_side_plaintext_oracle_comparison__max_coordinate_and_rmse_numeric_acceptance_envelope__relative_l2_diagnostic_only__no_plaintext_fallback_after_protected_aggregation_failure,custom_reference_prototype_numeric_acceptance_envelope__max_abs_and_rmse_are_acceptance_gates__relative_l2_is_diagnostic_only__not_a_formal_he_security_or_precision_proof,True,False,PASSED_PLAIN_CONTROL_CHECK,0.0,0.0,0.0,0.30696587650404616,0.30696587650404616,,,,True,True,True,True,finite_and_max_abs_and_rmse,0.9985604438046417,0.6693548387096774,0.5533333333333333,0.8469387755102041,0.9228802628254453,0.6839328810532475,0.9743970217518634,0.7209725842866536,0.7209725842866536,0.8877551020408163,0.0027961451885199773,0.8877551020408163,0.0027961451885199773,56797,67,15,83,0.0011782498593134495,0.15306122448979592,0.8469387755102041,0.008437270110954163,0.008437270110954163,fpr,0.005,0.9987052601549299,0.7064676616915423,0.5819672131147541,0.8987341772151899,0.9488065258465486,0.7226502335315104,0.9805165135751077,0.819572879343085,0.819572879343085,0.8987341772151899,0.0011211255220927676,0.8987341772151899,0.0011211255220927676,45439,51,8,71,0.0011211255220927676,0.10126582278481013,0.8987341772151899,0.008437270110954163,fpr,0.005,1.0,False,,NOT_FINAL_ROUND,,,,,,,,,,,,,,,,,,,,False,0.9982795547909132,0.8689699349999955,709.103965000395,2.964185000564612,0.0,0.0,0,0.0,0.0,240,4800,240.0,4800,4800,9600,,not_modelled__session_or_evaluation_key_material_excluded_from_round_payload,0,0,0.0,0.0,actual_generated_protocol_object_bytes,plain_model_update_uplink_plus_plain_global_update_broadcast,model_update_ciphertext_only__auxiliary_protocol_objects_are_counted_in_comm_total,False,single_google_colab_node__logical_client_cloud_authorized_recipient_roles,not_applicable,0.0,0.0,0.0,measured_sum_of_client_protection_plus_server_protected_aggregation_plus_authorized_recovery_or_decryption_ms_per_round,local_training__validation_test_evaluation__transport_latency__serialization_framing_not_explicitly_in_crypto_functions,0.0,0.0,20,20,0,plaintext_update_no_noise,1.0,plain_exact,0,0,False,0,0,False,not_applicable,0,[],0,,True,0.0017204452090867595,0.0017281485220215498,3.9572916666666664,0,0,0,0,0,0,0,0,0,0,0,0,0,20,0,20,0,1,fixed_execution_host_runtime_payload_and_machine_specification__no_unmeasured_absolute_energy_or_carbon_claim,sequential_single_host_wall_clock_and_generated_protocol_object_bytes__machine_specification_recorded__transport_network_facility_energy_not_measured,runtime_payload_measured__energy_not_instrumented,not_reported_without_direct_hardware_energy_instrumentation,not_reported,False,,,,,,,not_reported,0,0.25,not_probed,0,,not_reported__no_valid_colab_network_or_device_energy_scope,,not_reported__no_direct_facility_or_grid_carbon_measurement,0.8689431579998654,Absolute energy and carbon are not reported because direct hardware energy instrumentation is disabled.,False,,,,BASELINE
7,B0_Plain_FL,4,comparative_protocol_experiment,comparative_experiment,main_comparative,Comparative federated-learning and protocol-enforcement experiment.,plain_or_protocol_control,custom_reference_python_prototype,False,,,,,,,,,,{},False,False,,,0,baseline_unenforced,,,,,not_applicable,not_applicable_plain_update_path,,,,not_applicable,0,0,0,False,,{},True,,strict_experiment_side_plaintext_oracle_comparison__max_coordinate_and_rmse_numeric_acceptance_envelope__relative_l2_diagnostic_only__no_plaintext_fallback_after_protected_aggregation_failure,custom_reference_prototype_numeric_acceptance_envelope__max_abs_and_rmse_are_acceptance_gates__relative_l2_is_diagnostic_only__not_a_formal_he_security_or_precision_proof,True,False,PASSED_PLAIN_CONTROL_CHECK,0.0,0.0,0.0,0.243309836537285,0.243309836537285,,,,True,True,True,True,finite_and_max_abs_and_rmse,0.9988062216916541,0.7094017094017094,0.6102941176470589,0.8469387755102041,0.9230033635570154,0.7183937736365246,0.9787087774051658,0.7241082087420366,0.7241082087420366,0.8877551020408163,0.0022158131682611143,0.8877551020408163,0.0022158131682611143,56811,53,15,83,0.0009320483961733258,0.15306122448979592,0.8469387755102041,0.012555821657661477,0.012555821657661477,fpr,0.005,0.9989466523294345,0.7473684210526316,0.6396396396396397,0.8987341772151899,0.9489274315401075,0.7577239277086468,0.9827518080201239,0.8213230771256845,0.8213230771256845,0.8987341772151899,0.0008793141349747197,0.8987341772151899,0.0008793141349747197,45450,40,8,71,0.0008793141349747197,0.10126582278481013,0.8987341772151899,0.012555821657661477,fpr,0.005,1.0,False,,NOT_FINAL_ROUND,,,,,,,,,,,,,,,,,,,,False,0.9982795547909132,0.8709097439998459,707.2723890000816,3.0212789997676737,0.0,0.0,0,0.0,0.0,240,4800,240.0,4800,4800,9600,,not_modelled__session_or_evaluation_key_material_excluded_from_round_payload,0,0,0.0,0.0,actual_generated_protocol_object_bytes,plain_model_update_uplink_plus_plain_global_update_broadcast,model_update_ciphertext_only__auxiliary_protocol_objects_are_counted_in_comm_total,False,single_google_colab_node__logical_client_cloud_authorized_recipient_roles,not_applicable,0.0,0.0,0.0,measured_sum_of_client_protection_plus_server_protected_aggregation_plus_authorized_recovery_or_decryption_ms_per_round,local_training__validation_test_evaluation__transport_latency__serialization_framing_not_explicitly_in_crypto_functions,0.0,0.0,20,20,0,plaintext_update_no_noise,1.0,plain_exact,0,0,False,0,0,False,not_applicable,0,[],0,,True,0.0017204452090867595,0.0017281485220215498,3.9572916666666664,0,0,0,0,0,0,0,0,0,0,0,0,0,20,0,20,0,1,fixed_execution_host_runtime_payload_and_machine_specification__no_unmeasured_absolute_energy_or_carbon_claim,sequential_single_host_wall_clock_and_generated_protocol_object_bytes__machine_specification_recorded__transport_network_facility_energy_not_measured,runtime_payload_measured__energy_not_instrumented,not_reported_without_direct_hardware_energy_instrumentation,not_reported,False,,,,,,,not_reported,0,0.25,not_probed,0,,not_reported__no_valid_colab_network_or_device_energy_scope,,not_reported__no_direct_facility_or_grid_carbon_measurement,0.8708830759999273,Absolute energy and carbon are not reported because direct hardware energy instrumentation is disabled.,False,,,,BASELINE
7,B0_Plain_FL,5,comparative_protocol_experiment,comparative_experiment,main_comparative,Comparative federated-learning and protocol-enforcement experiment.,plain_or_protocol_control,custom_reference_python_prototype,False,,,,,,,,,,{},False,False,,,0,baseline_unenforced,,,,,not_applicable,not_applicable_plain_update_path,,,,not_applicable,0,0,0,False,,{},True,,strict_experiment_side_plaintext_oracle_comparison__max_coordinate_and_rmse_numeric_acceptance_envelope__relative_l2_diagnostic_only__no_plaintext_fallback_after_protected_aggregation_failure,custom_reference_prototype_numeric_acceptance_envelope__max_abs_and_rmse_are_acceptance_gates__relative_l2_is_diagnostic_only__not_a_formal_he_security_or_precision_proof,True,False,PASSED_PLAIN_CONTROL_CHECK,0.0,0.0,0.0,0.1851061866852048,0.1851061866852048,,,,True,True,True,True,finite_and_max_abs_and_rmse,0.9988413328183702,0.7226890756302521,0.6142857142857143,0.8775510204081632,0.9383006930965971,0.7336883417972658,0.9801990858245381,0.7257096231703661,0.7257096231703661,0.8877551020408163,0.0019696117051209903,0.8877551020408163,0.0019696117051209903,56810,54,12,86,0.0009496342149690489,0.12244897959183673,0.8775510204081632,0.017419997260752877,0.017419997260752877,fpr,0.005,0.999100265531392,0.7759562841530054,0.6826923076923077,0.8987341772151899,0.9490043715269179,0.7828829081845824,0.9843665738192564,0.822762104329646,0.822762104329646,0.8987341772151899,0.0007254341613541438,0.8987341772151899,0.0007254341613541438,45457,33,8,71,0.0007254341613541438,0.10126582278481013,0.8987341772151899,0.017419997260752877,fpr,0.005,1.0,False,,NOT_FINAL_ROUND,,,,,,,,,,,,,,,,,,,,False,0.9982795547909132,0.8630457360000037,686.9311089999428,3.0361440001343,0.0,0.0,0,0.0,0.0,240,4800,240.0,4800,4800,9600,,not_modelled__session_or_evaluation_key_material_excluded_from_round_payload,0,0,0.0,0.0,actual_generated_protocol_object_bytes,plain_model_update_uplink_plus_plain_global_update_broadcast,model_update_ciphertext_only__auxiliary_protocol_objects_are_counted_in_comm_total,False,single_google_colab_node__logical_client_cloud_authorized_recipient_roles,not_applicable,0.0,0.0,0.0,measured_sum_of_client_protection_plus_server_protected_aggregation_plus_authorized_recovery_or_decryption_ms_per_round,local_training__validation_test_evaluation__transport_latency__serialization_framing_not_explicitly_in_crypto_functions,0.0,0.0,20,20,0,plaintext_update_no_noise,1.0,plain_exact,0,0,False,0,0,False,not_applicable,0,[],0,,True,0.0017204452090867595,0.0017281485220215498,3.9572916666666664,0,0,0,0,0,0,0,0,0,0,0,0,0,20,0,20,0,1,fixed_execution_host_runtime_payload_and_machine_specification__no_unmeasured_absolute_energy_or_carbon_claim,sequential_single_host_wall_clock_and_generated_protocol_object_bytes__machine_specification_recorded__transport_network_facility_energy_not_measured,runtime_payload_measured__energy_not_instrumented,not_reported_without_direct_hardware_energy_instrumentation,not_reported,False,,,,,,,not_reported,0,0.25,not_probed,0,,not_reported__no_valid_colab_network_or_device_energy_scope,,not_reported__no_direct_facility_or_grid_carbon_measurement,0.863018970999974,Absolute energy and carbon are not reported because direct hardware energy instrumentation is disabled.,False,,,,BASELINE
7,B0_Plain_FL,6,comparative_protocol_experiment,comparative_experiment,main_comparative,Comparative federated-learning and protocol-enforcement experiment.,plain_or_protocol_control,custom_reference_python_prototype,False,,,,,,,,,,{},False,False,,,0,baseline_unenforced,,,,,not_applicable,not_applicable_plain_update_path,,,,not_applicable,0,0,0,False,,{},True,,strict_experiment_side_plaintext_oracle_comparison__max_coordinate_and_rmse_numeric_acceptance_envelope__relative_l2_diagnostic_only__no_plaintext_fallback_after_protected_aggregation_failure,custom_reference_prototype_numeric_acceptance_envelope__max_abs_and_rmse_are_acceptance_gates__relative_l2_is_diagnostic_only__not_a_formal_he_security_or_precision_proof,True,False,PASSED_PLAIN_CONTROL_CHECK,0.0,0.0,0.0,0.1400300816436449,0.1400300816436449,,,,True,True,True,True,finite_and_max_abs_and_rmse,0.9988764439450862,0.7288135593220338,0.6231884057971014,0.8775510204081632,0.9383182789153928,0.739002444010833,0.9805617484754172,0.7265527751430528,0.7265527751430528,0.8877551020408163,0.0018816826111423747,0.8877551020408163,0.0018816826111423747,56812,52,12,86,0.0009144625773776027,0.12244897959183673,0.8775510204081632,0.022737793126532006,0.022737793126532006,fpr,0.005,0.999100265531392,0.7759562841530054,0.6826923076923077,0.8987341772151899,0.9490043715269179,0.7828829081845824,0.9850658511677347,0.8232042427354364,0.8232042427354364,0.8987341772151899,0.0007254341613541438,0.8987341772151899,0.0007254341613541438,45457,33,8,71,0.0007254341613541438,0.10126582278481013,0.8987341772151899,0.022737793126532006,fpr,0.005,1.0,False,,NOT_FINAL_ROUND,,,,,,,,,,,,,,,,,,,,False,0.9982795547909132,0.8712257850002061,700.9294460001456,3.19036299902109,0.0,0.0,0,0.0,0.0,240,4800,240.0,4800,4800,9600,,not_modelled__session_or_evaluation_key_material_excluded_from_round_payload,0,0,0.0,0.0,actual_generated_protocol_object_bytes,plain_model_update_uplink_plus_plain_global_update_broadcast,model_update_ciphertext_only__auxiliary_protocol_objects_are_counted_in_comm_total,False,single_google_colab_node__logical_client_cloud_authorized_recipient_roles,not_applicable,0.0,0.0,0.0,measured_sum_of_client_protection_plus_server_protected_aggregation_plus_authorized_recovery_or_decryption_ms_per_round,local_training__validation_test_evaluation__transport_latency__serialization_framing_not_explicitly_in_crypto_functions,0.0,0.0,20,20,0,plaintext_update_no_noise,1.0,plain_exact,0,0,False,0,0,False,not_applicable,0,[],0,,True,0.0017204452090867595,0.0017281485220215498,3.9572916666666664,0,0,0,0,0,0,0,0,0,0,0,0,0,20,0,20,0,1,fixed_execution_host_runtime_payload_and_machine_specification__no_unmeasured_absolute_energy_or_carbon_claim,sequential_single_host_wall_clock_and_generated_protocol_object_bytes__machine_specification_recorded__transport_network_facility_energy_not_measured,runtime_payload_measured__energy_not_instrumented,not_reported_without_direct_hardware_energy_instrumentation,not_reported,False,,,,,,,not_reported,0,0.25,not_probed,0,,not_reported__no_valid_colab_network_or_device_energy_scope,,not_reported__no_direct_facility_or_grid_carbon_measurement,0.8711948640000173,Absolute energy and carbon are not reported because direct hardware energy instrumentation is disabled.,False,,,,BASELINE
7,B0_Plain_FL,7,comparative_protocol_experiment,comparative_experiment,main_comparative,Comparative federated-learning and protocol-enforcement experiment.,plain_or_protocol_control,custom_reference_python_prototype,False,,,,,,,,,,{},False,False,,,0,baseline_unenforced,,,,,not_applicable,not_applicable_plain_update_path,,,,not_applicable,0,0,0,False,,{},True,,strict_experiment_side_plaintext_oracle_comparison__max_coordinate_and_rmse_numeric_acceptance_envelope__relative_l2_diagnostic_only__no_plaintext_fallback_after_protected_aggregation_failure,custom_reference_prototype_numeric_acceptance_envelope__max_abs_and_rmse_are_acceptance_gates__relative_l2_is_diagnostic_only__not_a_formal_he_security_or_precision_proof,True,False,PASSED_PLAIN_CONTROL_CHECK,0.0,0.0,0.0,0.1043446577269895,0.1043446577269895,,,,True,True,True,True,finite_and_max_abs_and_rmse,0.9988588883817282,0.7257383966244726,0.6187050359712231,0.8775510204081632,0.938309486005995,0.7363310711789569,0.9805723358561207,0.7266860122213736,0.7266860122213736,0.8877551020408163,0.0018465109735509285,0.8877551020408163,0.0018465109735509285,56811,53,12,86,0.0009320483961733258,0.12244897959183673,0.8775510204081632,0.028155044860283772,0.028155044860283772,fpr,0.005,0.9991222102745287,0.7802197802197802,0.6893203883495146,0.8987341772151899,0.9490153629536051,0.7866847368188982,0.9853399411749975,0.8234861015142344,0.8234861015142344,0.8987341772151899,0.0007034513079797758,0.8987341772151899,0.0007034513079797758,45458,32,8,71,0.0007034513079797758,0.10126582278481013,0.8987341772151899,0.028155044860283772,fpr,0.005,1.0,False,,NOT_FINAL_ROUND,,,,,,,,,,,,,,,,,,,,False,0.9982795547909132,0.8698993749999318,707.7229760000137,3.091617000336555,0.0,0.0,0,0.0,0.0,240,4800,240.0,4800,4800,9600,,not_modelled__session_or_evaluation_key_material_excluded_from_round_payload,0,0,0.0,0.0,actual_generated_protocol_object_bytes,plain_model_update_uplink_plus_plain_global_update_broadcast,model_update_ciphertext_only__auxiliary_protocol_objects_are_counted_in_comm_total,False,single_google_colab_node__logical_client_cloud_authorized_recipient_roles,not_applicable,0.0,0.0,0.0,measured_sum_of_client_protection_plus_server_protected_aggregation_plus_authorized_recovery_or_decryption_ms_per_round,local_training__validation_test_evaluation__transport_latency__serialization_framing_not_explicitly_in_crypto_functions,0.0,0.0,20,20,0,plaintext_update_no_noise,1.0,plain_exact,0,0,False,0,0,False,not_applicable,0,[],0,,True,0.0017204452090867595,0.0017281485220215498,3.9572916666666664,0,0,0,0,0,0,0,0,0,0,0,0,0,20,0,20,0,1,fixed_execution_host_runtime_payload_and_machine_specification__no_unmeasured_absolute_energy_or_carbon_claim,sequential_single_host_wall_clock_and_generated_protocol_object_bytes__machine_specification_recorded__transport_network_facility_energy_not_measured,runtime_payload_measured__energy_not_instrumented,not_reported_without_direct_hardware_energy_instrumentation,not_reported,False,,,,,,,not_reported,0,0.25,not_probed,0,,not_reported__no_valid_colab_network_or_device_energy_scope,,not_reported__no_direct_facility_or_grid_carbon_measurement,0.8698662350000177,Absolute energy and carbon are not reported because direct hardware energy instrumentation is disabled.,False,,,,BASELINE
7,B0_Plain_FL,8,comparative_protocol_experiment,comparative_experiment,main_comparative,Comparative federated-learning and protocol-enforcement experiment.,plain_or_protocol_control,custom_reference_python_prototype,False,,,,,,,,,,{},False,False,,,0,baseline_unenforced,,,,,not_applicable,not_applicable_plain_update_path,,,,not_applicable,0,0,0,False,,{},True,,strict_experiment_side_plaintext_oracle_comparison__max_coordinate_and_rmse_numeric_acceptance_envelope__relative_l2_diagnostic_only__no_plaintext_fallback_after_protected_aggregation_failure,custom_reference_prototype_numeric_acceptance_envelope__max_abs_and_rmse_are_acceptance_gates__relative_l2_is_diagnostic_only__not_a_formal_he_security_or_precision_proof,True,False,PASSED_PLAIN_CONTROL_CHECK,0.0,0.0,0.0,0.07642815040985201,0.07642815040985201,,,,True,True,True,True,finite_and_max_abs_and_rmse,0.9988413328183702,0.7226890756302521,0.6142857142857143,0.8775510204081632,0.9383006930965971,0.7336883417972658,0.9803751234596259,0.7270613238680131,0.7270613238680131,0.8877551020408163,0.0018465109735509285,0.8877551020408163,0.0018465109735509285,56810,54,12,86,0.0009496342149690489,0.12244897959183673,0.8775510204081632,0.03349323629437912,0.03349323629437912,fpr,0.005,0.9990563760451184,0.7675675675675676,0.6698113207547169,0.8987341772151899,0.9489823886735436,0.7754411396718406,0.9853023755394842,0.8235746784851905,0.8235746784851905,0.8987341772151899,0.0007693998681028798,0.8987341772151899,0.0007693998681028798,45455,35,8,71,0.0007693998681028798,0.10126582278481013,0.8987341772151899,0.03349323629437912,fpr,0.005,1.0,False,,NOT_FINAL_ROUND,,,,,,,,,,,,,,,,,,,,False,0.9982795547909132,0.866945633000114,703.2322540003406,3.03373100018689,0.0,0.0,0,0.0,0.0,240,4800,240.0,4800,4800,9600,,not_modelled__session_or_evaluation_key_material_excluded_from_round_payload,0,0,0.0,0.0,actual_generated_protocol_object_bytes,plain_model_update_uplink_plus_plain_global_update_broadcast,model_update_ciphertext_only__auxiliary_protocol_objects_are_counted_in_comm_total,False,single_google_colab_node__logical_client_cloud_authorized_recipient_roles,not_applicable,0.0,0.0,0.0,measured_sum_of_client_protection_plus_server_protected_aggregation_plus_authorized_recovery_or_decryption_ms_per_round,local_training__validation_test_evaluation__transport_latency__serialization_framing_not_explicitly_in_crypto_functions,0.0,0.0,20,20,0,plaintext_update_no_noise,1.0,plain_exact,0,0,False,0,0,False,not_applicable,0,[],0,,True,0.0017204452090867595,0.0017281485220215498,3.9572916666666664,0,0,0,0,0,0,0,0,0,0,0,0,0,20,0,20,0,1,fixed_execution_host_runtime_payload_and_machine_specification__no_unmeasured_absolute_energy_or_carbon_claim,sequential_single_host_wall_clock_and_generated_protocol_object_bytes__machine_specification_recorded__transport_network_facility_energy_not_measured,runtime_payload_measured__energy_not_instrumented,not_reported_without_direct_hardware_energy_instrumentation,not_reported,False,,,,,,,not_reported,0,0.25,not_probed,0,,not_reported__no_valid_colab_network_or_device_energy_scope,,not_reported__no_direct_facility_or_grid_carbon_measurement,0.8668957899999441,Absolute energy and carbon are not reported because direct hardware energy instrumentation is disabled.,False,,,,BASELINE
7,B0_Plain_FL,9,comparative_protocol_experiment,comparative_experiment,main_comparative,Comparative federated-learning and protocol-enforcement experiment.,plain_or_protocol_control,custom_reference_python_prototype,False,,,,,,,,,,{},False,False,,,0,baseline_unenforced,,,,,not_applicable,not_applicable_plain_update_path,,,,not_applicable,0,0,0,False,,{},True,,strict_experiment_side_plaintext_oracle_comparison__max_coordinate_and_rmse_numeric_acceptance_envelope__relative_l2_diagnostic_only__no_plaintext_fallback_after_protected_aggregation_failure,custom_reference_prototype_numeric_acceptance_envelope__max_abs_and_rmse_are_acceptance_gates__relative_l2_is_diagnostic_only__not_a_formal_he_security_or_precision_proof,True,False,PASSED_PLAIN_CONTROL_CHECK,0.0,0.0,0.0,0.05470504925531469,0.05470504925531469,,,,True,True,True,True,finite_and_max_abs_and_rmse,0.9988062216916541,0.7166666666666667,0.6056338028169014,0.8775510204081632,0.9382831072778014,0.7284867912883576,0.9802769658792049,0.7273028411322232,0.7273028411322232,0.8877551020408163,0.0018113393359594824,0.8877551020408163,0.0018113393359594824,56808,56,12,86,0.0009848058525604951,0.12244897959183673,0.8775510204081632,0.03814637034184249,0.03814637034184249,fpr,0.005,0.9990563760451184,0.7675675675675676,0.6698113207547169,0.8987341772151899,0.9489823886735436,0.7754411396718406,0.9850146505978501,0.8235842877943179,0.8235842877943179,0.8987341772151899,0.0007693998681028798,0.8987341772151899,0.0007693998681028798,45455,35,8,71,0.0007693998681028798,0.10126582278481013,0.8987341772151899,0.03814637034184249,fpr,0.005,1.0,False,,NOT_FINAL_ROUND,,,,,,,,,,,,,,,,,,,,False,0.9982795547909132,0.871541838000212,704.9681849996432,3.0725199999324104,0.0,0.0,0,0.0,0.0,240,4800,240.0,4800,4800,9600,,not_modelled__session_or_evaluation_key_material_excluded_from_round_payload,0,0,0.0,0.0,actual_generated_protocol_object_bytes,plain_model_update_uplink_plus_plain_global_update_broadcast,model_update_ciphertext_only__auxiliary_protocol_objects_are_counted_in_comm_total,False,single_google_colab_node__logical_client_cloud_authorized_recipient_roles,not_applicable,0.0,0.0,0.0,measured_sum_of_client_protection_plus_server_protected_aggregation_plus_authorized_recovery_or_decryption_ms_per_round,local_training__validation_test_evaluation__transport_latency__serialization_framing_not_explicitly_in_crypto_functions,0.0,0.0,20,20,0,plaintext_update_no_noise,1.0,plain_exact,0,0,False,0,0,False,not_applicable,0,[],0,,True,0.0017204452090867595,0.0017281485220215498,3.9572916666666664,0,0,0,0,0,0,0,0,0,0,0,0,0,20,0,20,0,1,fixed_execution_host_runtime_payload_and_machine_specification__no_unmeasured_absolute_energy_or_carbon_claim,sequential_single_host_wall_clock_and_generated_protocol_object_bytes__machine_specification_recorded__transport_network_facility_energy_not_measured,runtime_payload_measured__energy_not_instrumented,not_reported_without_direct_hardware_energy_instrumentation,not_reported,False,,,,,,,not_reported,0,0.25,not_probed,0,,not_reported__no_valid_colab_network_or_device_energy_scope,,not_reported__no_direct_facility_or_grid_carbon_measurement,0.8715159850000873,Absolute energy and carbon are not reported because direct hardware energy instrumentation is disabled.,False,,,,BASELINE
7,B0_Plain_FL,10,comparative_protocol_experiment,comparative_experiment,main_comparative,Comparative federated-learning and protocol-enforcement experiment.,plain_or_protocol_control,custom_reference_python_prototype,False,,,,,,,,,,{},False,False,,,0,baseline_unenforced,,,,,not_applicable,not_applicable_plain_update_path,,,,not_applicable,0,0,0,False,,{},True,,strict_experiment_side_plaintext_oracle_comparison__max_coordinate_and_rmse_numeric_acceptance_envelope__relative_l2_diagnostic_only__no_plaintext_fallback_after_protected_aggregation_failure,custom_reference_prototype_numeric_acceptance_envelope__max_abs_and_rmse_are_acceptance_gates__relative_l2_is_diagnostic_only__not_a_formal_he_security_or_precision_proof,True,False,PASSED_PLAIN_CONTROL_CHECK,0.0,0.0,0.0,0.0414009240677569,0.0414009240677569,,,,True,True,True,True,finite_and_max_abs_and_rmse,0.9988237772550121,0.7196652719665272,0.6099290780141844,0.8775510204081632,0.9382919001871992,0.7310737472020886,0.9801531473591124,0.728208580829712,0.728208580829712,0.8877551020408163,0.0017234102419808666,0.8877551020408163,0.0017234102419808666,56809,55,12,86,0.0009672200337647721,0.12244897959183673,0.8775510204081632,0.04260219455289821,0.04260219455289821,fpr,0.005,0.9990563760451184,0.7675675675675676,0.6698113207547169,0.8987341772151899,0.9489823886735436,0.7754411396718406,0.9848724577108336,0.8237431069711403,0.8237431069711403,0.8987341772151899,0.0007693998681028798,0.8987341772151899,0.0007693998681028798,45455,35,8,71,0.0007693998681028798,0.10126582278481013,0.8987341772151899,0.04260219455289821,fpr,0.005,1.0,False,,NOT_FINAL_ROUND,,,,,,,,,,,,,,,,,,,,False,0.9982795547909132,1.1866429940000671,936.4581900001667,3.5713340005258942,0.0,0.0,0,0.0,0.0,240,4800,240.0,4800,4800,9600,,not_modelled__session_or_evaluation_key_material_excluded_from_round_payload,0,0,0.0,0.0,actual_generated_protocol_object_bytes,plain_model_update_uplink_plus_plain_global_update_broadcast,model_update_ciphertext_only__auxiliary_protocol_objects_are_counted_in_comm_total,False,single_google_colab_node__logical_client_cloud_authorized_recipient_roles,not_applicable,0.0,0.0,0.0,measured_sum_of_client_protection_plus_server_protected_aggregation_plus_authorized_recovery_or_decryption_ms_per_round,local_training__validation_test_evaluation__transport_latency__serialization_framing_not_explicitly_in_crypto_functions,0.0,0.0,20,20,0,plaintext_update_no_noise,1.0,plain_exact,0,0,False,0,0,False,not_applicable,0,[],0,,True,0.0017204452090867595,0.0017281485220215498,3.9572916666666664,0,0,0,0,0,0,0,0,0,0,0,0,0,20,0,20,0,1,fixed_execution_host_runtime_payload_and_machine_specification__no_unmeasured_absolute_energy_or_carbon_claim,sequential_single_host_wall_clock_and_generated_protocol_object_bytes__machine_specification_recorded__transport_network_facility_energy_not_measured,runtime_payload_measured__energy_not_instrumented,not_reported_without_direct_hardware_energy_instrumentation,not_reported,False,,,,,,,not_reported,0,0.25,not_probed,0,,not_reported__no_valid_colab_network_or_device_energy_scope,,not_reported__no_direct_facility_or_grid_carbon_measurement,1.1866136099999949,Absolute energy and carbon are not reported because direct hardware energy instrumentation is disabled.,False,,,,BASELINE
7,B0_Plain_FL,11,comparative_protocol_experiment,comparative_experiment,main_comparative,Comparative federated-learning and protocol-enforcement experiment.,plain_or_protocol_control,custom_reference_python_prototype,False,,,,,,,,,,{},False,False,,,0,baseline_unenforced,,,,,not_applicable,not_applicable_plain_update_path,,,,not_applicable,0,0,0,False,,{},True,,strict_experiment_side_plaintext_oracle_comparison__max_coordinate_and_rmse_numeric_acceptance_envelope__relative_l2_diagnostic_only__no_plaintext_fallback_after_protected_aggregation_failure,custom_reference_prototype_numeric_acceptance_envelope__max_abs_and_rmse_are_acceptance_gates__relative_l2_is_diagnostic_only__not_a_formal_he_security_or_precision_proof,True,False,PASSED_PLAIN_CONTROL_CHECK,0.0,0.0,0.0,0.029777356829798308,0.029777356829798308,,,,True,True,True,True,finite_and_max_abs_and_rmse,0.9988237772550121,0.7196652719665272,0.6099290780141844,0.8775510204081632,0.9382919001871992,0.7310737472020886,0.98005768148565,0.7280743659604472,0.7280743659604472,0.8877551020408163,0.0017234102419808666,0.8877551020408163,0.0017234102419808666,56809,55,12,86,0.0009672200337647721,0.12244897959183673,0.8775510204081632,0.046071144342978584,0.046071144342978584,fpr,0.005,0.9990563760451184,0.7675675675675676,0.6698113207547169,0.8987341772151899,0.9489823886735436,0.7754411396718406,0.9847302648238172,0.8237455068728807,0.8237455068728807,0.8987341772151899,0.0007693998681028798,0.8987341772151899,0.0007693998681028798,45455,35,8,71,0.0007693998681028798,0.10126582278481013,0.8987341772151899,0.046071144342978584,fpr,0.005,1.0,False,,NOT_FINAL_ROUND,,,,,,,,,,,,,,,,,,,,False,0.9982795547909132,1.317014312000083,1112.6579780006978,3.7542950003626174,0.0,0.0,0,0.0,0.0,240,4800,240.0,4800,4800,9600,,not_modelled__session_or_evaluation_key_material_excluded_from_round_payload,0,0,0.0,0.0,actual_generated_protocol_object_bytes,plain_model_update_uplink_plus_plain_global_update_broadcast,model_update_ciphertext_only__auxiliary_protocol_objects_are_counted_in_comm_total,False,single_google_colab_node__logical_client_cloud_authorized_recipient_roles,not_applicable,0.0,0.0,0.0,measured_sum_of_client_protection_plus_server_protected_aggregation_plus_authorized_recovery_or_decryption_ms_per_round,local_training__validation_test_evaluation__transport_latency__serialization_framing_not_explicitly_in_crypto_functions,0.0,0.0,20,20,0,plaintext_update_no_noise,1.0,plain_exact,0,0,False,0,0,False,not_applicable,0,[],0,,True,0.0017204452090867595,0.0017281485220215498,3.9572916666666664,0,0,0,0,0,0,0,0,0,0,0,0,0,20,0,20,0,1,fixed_execution_host_runtime_payload_and_machine_specification__no_unmeasured_absolute_energy_or_carbon_claim,sequential_single_host_wall_clock_and_generated_protocol_object_bytes__machine_specification_recorded__transport_network_facility_energy_not_measured,runtime_payload_measured__energy_not_instrumented,not_reported_without_direct_hardware_energy_instrumentation,not_reported,False,,,,,,,not_reported,0,0.25,not_probed,0,,not_reported__no_valid_colab_network_or_device_energy_scope,,not_reported__no_direct_facility_or_grid_carbon_measurement,1.316981670000132,Absolute energy and carbon are not reported because direct hardware energy instrumentation is disabled.,False,,,,BASELINE
7,B0_Plain_FL,12,comparative_protocol_experiment,comparative_experiment,main_comparative,Comparative federated-learning and protocol-enforcement experiment.,plain_or_protocol_control,custom_reference_python_prototype,False,,,,,,,,,,{},False,False,,,0,baseline_unenforced,,,,,not_applicable,not_applicable_plain_update_path,,,,not_applicable,0,0,0,False,,{},True,,strict_experiment_side_plaintext_oracle_comparison__max_coordinate_and_rmse_numeric_acceptance_envelope__relative_l2_diagnostic_only__no_plaintext_fallback_after_protected_aggregation_failure,custom_reference_prototype_numeric_acceptance_envelope__max_abs_and_rmse_are_acceptance_gates__relative_l2_is_diagnostic_only__not_a_formal_he_security_or_precision_proof,True,False,PASSED_PLAIN_CONTROL_CHECK,0.0,0.0,0.0,0.02089223256770448,0.02089223256770448,,,,True,True,True,True,finite_and_max_abs_and_rmse,0.9988237772550121,0.7196652719665272,0.6099290780141844,0.8775510204081632,0.9382919001871992,0.7310737472020886,0.9798959996210077,0.7281736910673622,0.7281736910673622,0.8877551020408163,0.0017234102419808666,0.8877551020408163,0.0017234102419808666,56809,55,12,86,0.0009672200337647721,0.12244897959183673,0.8775510204081632,0.048616069205517004,0.048616069205517004,fpr,0.005,0.9990563760451184,0.7675675675675676,0.6698113207547169,0.8987341772151899,0.9489823886735436,0.7754411396718406,0.9845986459675378,0.8237463281026933,0.8237463281026933,0.8987341772151899,0.0007693998681028798,0.8987341772151899,0.0007693998681028798,45455,35,8,71,0.0007693998681028798,0.10126582278481013,0.8987341772151899,0.048616069205517004,fpr,0.005,1.0,False,,NOT_FINAL_ROUND,,,,,,,,,,,,,,,,,,,,False,0.9982795547909132,1.4369977159999507,1180.7766789997913,3.9746499996908824,0.0,0.0,0,0.0,0.0,240,4800,240.0,4800,4800,9600,,not_modelled__session_or_evaluation_key_material_excluded_from_round_payload,0,0,0.0,0.0,actual_generated_protocol_object_bytes,plain_model_update_uplink_plus_plain_global_update_broadcast,model_update_ciphertext_only__auxiliary_protocol_objects_are_counted_in_comm_total,False,single_google_colab_node__logical_client_cloud_authorized_recipient_roles,not_applicable,0.0,0.0,0.0,measured_sum_of_client_protection_plus_server_protected_aggregation_plus_authorized_recovery_or_decryption_ms_per_round,local_training__validation_test_evaluation__transport_latency__serialization_framing_not_explicitly_in_crypto_functions,0.0,0.0,20,20,0,plaintext_update_no_noise,1.0,plain_exact,0,0,False,0,0,False,not_applicable,0,[],0,,True,0.0017204452090867595,0.0017281485220215498,3.9572916666666664,0,0,0,0,0,0,0,0,0,0,0,0,0,20,0,20,0,1,fixed_execution_host_runtime_payload_and_machine_specification__no_unmeasured_absolute_energy_or_carbon_claim,sequential_single_host_wall_clock_and_generated_protocol_object_bytes__machine_specification_recorded__transport_network_facility_energy_not_measured,runtime_payload_measured__energy_not_instrumented,not_reported_without_direct_hardware_energy_instrumentation,not_reported,False,,,,,,,not_reported,0,0.25,not_probed,0,,not_reported__no_valid_colab_network_or_device_energy_scope,,not_reported__no_direct_facility_or_grid_carbon_measurement,1.4369507740000245,Absolute energy and carbon are not reported because direct hardware energy instrumentation is disabled.,False,,,,BASELINE
7,B0_Plain_FL,13,comparative_protocol_experiment,comparative_experiment,main_comparative,Comparative federated-learning and protocol-enforcement experiment.,plain_or_protocol_control,custom_reference_python_prototype,False,,,,,,,,,,{},False,False,,,0,baseline_unenforced,,,,,not_applicable,not_applicable_plain_update_path,,,,not_applicable,0,0,0,False,,{},True,,strict_experiment_side_plaintext_oracle_comparison__max_coordinate_and_rmse_numeric_acceptance_envelope__relative_l2_diagnostic_only__no_plaintext_fallback_after_protected_aggregation_failure,custom_reference_prototype_numeric_acceptance_envelope__max_abs_and_rmse_are_acceptance_gates__relative_l2_is_diagnostic_only__not_a_formal_he_security_or_precision_proof,True,False,PASSED_PLAIN_CONTROL_CHECK,0.0,0.0,0.0,0.0158517841123611,0.0158517841123611,,,,True,True,True,True,finite_and_max_abs_and_rmse,0.9988237772550121,0.7196652719665272,0.6099290780141844,0.8775510204081632,0.9382919001871992,0.7310737472020886,0.9797653621099537,0.7282753296421074,0.7282753296421074,0.8877551020408163,0.0016882386043894203,0.8877551020408163,0.0016882386043894203,56809,55,12,86,0.0009672200337647721,0.12244897959183673,0.8775510204081632,0.05091029436918029,0.05091029436918029,fpr,0.005,0.9990563760451184,0.7675675675675676,0.6698113207547169,0.8987341772151899,0.9489823886735436,0.7754411396718406,0.9845196190009767,0.8237517358838391,0.8237517358838391,0.8987341772151899,0.0007693998681028798,0.8987341772151899,0.0007693998681028798,45455,35,8,71,0.0007693998681028798,0.10126582278481013,0.8987341772151899,0.05091029436918029,fpr,0.005,1.0,False,,NOT_FINAL_ROUND,,,,,,,,,,,,,,,,,,,,False,0.9982795547909132,1.1410453469998174,971.5973380004925,3.3839030006674875,0.0,0.0,0,0.0,0.0,240,4800,240.0,4800,4800,9600,,not_modelled__session_or_evaluation_key_material_excluded_from_round_payload,0,0,0.0,0.0,actual_generated_protocol_object_bytes,plain_model_update_uplink_plus_plain_global_update_broadcast,model_update_ciphertext_only__auxiliary_protocol_objects_are_counted_in_comm_total,False,single_google_colab_node__logical_client_cloud_authorized_recipient_roles,not_applicable,0.0,0.0,0.0,measured_sum_of_client_protection_plus_server_protected_aggregation_plus_authorized_recovery_or_decryption_ms_per_round,local_training__validation_test_evaluation__transport_latency__serialization_framing_not_explicitly_in_crypto_functions,0.0,0.0,20,20,0,plaintext_update_no_noise,1.0,plain_exact,0,0,False,0,0,False,not_applicable,0,[],0,,True,0.0017204452090867595,0.0017281485220215498,3.9572916666666664,0,0,0,0,0,0,0,0,0,0,0,0,0,20,0,20,0,1,fixed_execution_host_runtime_payload_and_machine_specification__no_unmeasured_absolute_energy_or_carbon_claim,sequential_single_host_wall_clock_and_generated_protocol_object_bytes__machine_specification_recorded__transport_network_facility_energy_not_measured,runtime_payload_measured__energy_not_instrumented,not_reported_without_direct_hardware_energy_instrumentation,not_reported,False,,,,,,,not_reported,0,0.25,not_probed,0,,not_reported__no_valid_colab_network_or_device_energy_scope,,not_reported__no_direct_facility_or_grid_carbon_measurement,1.1410137380000833,Absolute energy and carbon are not reported because direct hardware energy instrumentation is disabled.,False,,,,BASELINE
7,B0_Plain_FL,14,comparative_protocol_experiment,comparative_experiment,main_comparative,Comparative federated-learning and protocol-enforcement experiment.,plain_or_protocol_control,custom_reference_python_prototype,False,,,,,,,,,,{},False,False,,,0,baseline_unenforced,,,,,not_applicable,not_applicable_plain_update_path,,,,not_applicable,0,0,0,False,,{},True,,strict_experiment_side_plaintext_oracle_comparison__max_coordinate_and_rmse_numeric_acceptance_envelope__relative_l2_diagnostic_only__no_plaintext_fallback_after_protected_aggregation_failure,custom_reference_prototype_numeric_acceptance_envelope__max_abs_and_rmse_are_acceptance_gates__relative_l2_is_diagnostic_only__not_a_formal_he_security_or_precision_proof,True,False,PASSED_PLAIN_CONTROL_CHECK,0.0,0.0,0.0,0.011298685801769452,0.011298685801769452,,,,True,True,True,True,finite_and_max_abs_and_rmse,0.9988237772550121,0.7196652719665272,0.6099290780141844,0.8775510204081632,0.9382919001871992,0.7310737472020886,0.9796831753241533,0.7284254488195128,0.7284254488195128,0.8877551020408163,0.001512380416432189,0.8877551020408163,0.001512380416432189,56809,55,12,86,0.0009672200337647721,0.12244897959183673,0.8775510204081632,0.052297692523328373,0.052297692523328373,fpr,0.005,0.9990563760451184,0.7675675675675676,0.6698113207547169,0.8987341772151899,0.9489823886735436,0.7754411396718406,0.984441426826316,0.8237546774218535,0.8237546774218535,0.8987341772151899,0.0007693998681028798,0.8987341772151899,0.0007693998681028798,45455,35,8,71,0.0007693998681028798,0.10126582278481013,0.8987341772151899,0.052297692523328373,fpr,0.005,1.0,False,,NOT_FINAL_ROUND,,,,,,,,,,,,,,,,,,,,False,0.9982795547909132,0.8854490989999704,691.9186899997385,3.1791930002782465,0.0,0.0,0,0.0,0.0,240,4800,240.0,4800,4800,9600,,not_modelled__session_or_evaluation_key_material_excluded_from_round_payload,0,0,0.0,0.0,actual_generated_protocol_object_bytes,plain_model_update_uplink_plus_plain_global_update_broadcast,model_update_ciphertext_only__auxiliary_protocol_objects_are_counted_in_comm_total,False,single_google_colab_node__logical_client_cloud_authorized_recipient_roles,not_applicable,0.0,0.0,0.0,measured_sum_of_client_protection_plus_server_protected_aggregation_plus_authorized_recovery_or_decryption_ms_per_round,local_training__validation_test_evaluation__transport_latency__serialization_framing_not_explicitly_in_crypto_functions,0.0,0.0,20,20,0,plaintext_update_no_noise,1.0,plain_exact,0,0,False,0,0,False,not_applicable,0,[],0,,True,0.0017204452090867595,0.0017281485220215498,3.9572916666666664,0,0,0,0,0,0,0,0,0,0,0,0,0,20,0,20,0,1,fixed_execution_host_runtime_payload_and_machine_specification__no_unmeasured_absolute_energy_or_carbon_claim,sequential_single_host_wall_clock_and_generated_protocol_object_bytes__machine_specification_recorded__transport_network_facility_energy_not_measured,runtime_payload_measured__energy_not_instrumented,not_reported_without_direct_hardware_energy_instrumentation,not_reported,False,,,,,,,not_reported,0,0.25,not_probed,0,,not_reported__no_valid_colab_network_or_device_energy_scope,,not_reported__no_direct_facility_or_grid_carbon_measurement,0.8854227179999725,Absolute energy and carbon are not reported because direct hardware energy instrumentation is disabled.,False,,,,BASELINE
7,B0_Plain_FL,15,comparative_protocol_experiment,comparative_experiment,main_comparative,Comparative federated-learning and protocol-enforcement experiment.,plain_or_protocol_control,custom_reference_python_prototype,False,,,,,,,,,,{},False,False,,,0,baseline_unenforced,,,,,not_applicable,not_applicable_plain_update_path,,,,not_applicable,0,0,0,False,,{},True,,strict_experiment_side_plaintext_oracle_comparison__max_coordinate_and_rmse_numeric_acceptance_envelope__relative_l2_diagnostic_only__no_plaintext_fallback_after_protected_aggregation_failure,custom_reference_prototype_numeric_acceptance_envelope__max_abs_and_rmse_are_acceptance_gates__relative_l2_is_diagnostic_only__not_a_formal_he_security_or_precision_proof,True,False,PASSED_PLAIN_CONTROL_CHECK,0.0,0.0,0.0,0.007862289101153976,0.007862289101153976,,,,True,True,True,True,finite_and_max_abs_and_rmse,0.9988237772550121,0.7196652719665272,0.6099290780141844,0.8775510204081632,0.9382919001871992,0.7310737472020886,0.9795832232724265,0.7284535599998307,0.7284535599998307,0.8877551020408163,0.0014772087788407428,0.8877551020408163,0.0014772087788407428,56809,55,12,86,0.0009672200337647721,0.12244897959183673,0.8775510204081632,0.05321895328826698,0.05321895328826698,fpr,0.005,0.9990563760451184,0.7675675675675676,0.6698113207547169,0.8987341772151899,0.9489823886735436,0.7754411396718406,0.9844202787648418,0.823407907531677,0.823407907531677,0.8987341772151899,0.0007693998681028798,0.8987341772151899,0.0007693998681028798,45455,35,8,71,0.0007693998681028798,0.10126582278481013,0.8987341772151899,0.05321895328826698,fpr,0.005,1.0,False,,NOT_FINAL_ROUND,,,,,,,,,,,,,,,,,,,,False,0.9982795547909132,0.8566623269998672,696.0923189999448,3.082439000309023,0.0,0.0,0,0.0,0.0,240,4800,240.0,4800,4800,9600,,not_modelled__session_or_evaluation_key_material_excluded_from_round_payload,0,0,0.0,0.0,actual_generated_protocol_object_bytes,plain_model_update_uplink_plus_plain_global_update_broadcast,model_update_ciphertext_only__auxiliary_protocol_objects_are_counted_in_comm_total,False,single_google_colab_node__logical_client_cloud_authorized_recipient_roles,not_applicable,0.0,0.0,0.0,measured_sum_of_client_protection_plus_server_protected_aggregation_plus_authorized_recovery_or_decryption_ms_per_round,local_training__validation_test_evaluation__transport_latency__serialization_framing_not_explicitly_in_crypto_functions,0.0,0.0,20,20,0,plaintext_update_no_noise,1.0,plain_exact,0,0,False,0,0,False,not_applicable,0,[],0,,True,0.0017204452090867595,0.0017281485220215498,3.9572916666666664,0,0,0,0,0,0,0,0,0,0,0,0,0,20,0,20,0,1,fixed_execution_host_runtime_payload_and_machine_specification__no_unmeasured_absolute_energy_or_carbon_claim,sequential_single_host_wall_clock_and_generated_protocol_object_bytes__machine_specification_recorded__transport_network_facility_energy_not_measured,runtime_payload_measured__energy_not_instrumented,not_reported_without_direct_hardware_energy_instrumentation,not_reported,False,,,,,,,not_reported,0,0.25,not_probed,0,,not_reported__no_valid_colab_network_or_device_energy_scope,,not_reported__no_direct_facility_or_grid_carbon_measurement,0.8566199720000895,Absolute energy and carbon are not reported because direct hardware energy instrumentation is disabled.,False,,,,BASELINE
7,B0_Plain_FL,16,comparative_protocol_experiment,comparative_experiment,main_comparative,Comparative federated-learning and protocol-enforcement experiment.,plain_or_protocol_control,custom_reference_python_prototype,False,,,,,,,,,,{},False,False,,,0,baseline_unenforced,,,,,not_applicable,not_applicable_plain_update_path,,,,not_applicable,0,0,0,False,,{},True,,strict_experiment_side_plaintext_oracle_comparison__max_coordinate_and_rmse_numeric_acceptance_envelope__relative_l2_diagnostic_only__no_plaintext_fallback_after_protected_aggregation_failure,custom_reference_prototype_numeric_acceptance_envelope__max_abs_and_rmse_are_acceptance_gates__relative_l2_is_diagnostic_only__not_a_formal_he_security_or_precision_proof,True,False,PASSED_PLAIN_CONTROL_CHECK,0.0,0.0,0.0,0.007291816488906281,0.007291816488906281,,,,True,True,True,True,finite_and_max_abs_and_rmse,0.9988237772550121,0.7196652719665272,0.6099290780141844,0.8775510204081632,0.9382919001871992,0.7310737472020886,0.9795094705017628,0.7283022861545942,0.7283022861545942,0.8877551020408163,0.0014420371412492965,0.8877551020408163,0.0014420371412492965,56809,55,12,86,0.0009672200337647721,0.12244897959183673,0.8775510204081632,0.05396532332624508,0.05396532332624508,fpr,0.005,0.9990563760451184,0.7675675675675676,0.6698113207547169,0.8987341772151899,0.9489823886735436,0.7754411396718406,0.9844280701559113,0.8234091315699269,0.8234091315699269,0.8987341772151899,0.0007693998681028798,0.8987341772151899,0.0007693998681028798,45455,35,8,71,0.0007693998681028798,0.10126582278481013,0.8987341772151899,0.05396532332624508,fpr,0.005,1.0,False,,NOT_FINAL_ROUND,,,,,,,,,,,,,,,,,,,,False,0.9982795547909132,0.8786062829999537,717.1964159997515,3.105002999973294,0.0,0.0,0,0.0,0.0,240,4800,240.0,4800,4800,9600,,not_modelled__session_or_evaluation_key_material_excluded_from_round_payload,0,0,0.0,0.0,actual_generated_protocol_object_bytes,plain_model_update_uplink_plus_plain_global_update_broadcast,model_update_ciphertext_only__auxiliary_protocol_objects_are_counted_in_comm_total,False,single_google_colab_node__logical_client_cloud_authorized_recipient_roles,not_applicable,0.0,0.0,0.0,measured_sum_of_client_protection_plus_server_protected_aggregation_plus_authorized_recovery_or_decryption_ms_per_round,local_training__validation_test_evaluation__transport_latency__serialization_framing_not_explicitly_in_crypto_functions,0.0,0.0,20,20,0,plaintext_update_no_noise,1.0,plain_exact,0,0,False,0,0,False,not_applicable,0,[],0,,True,0.0017204452090867595,0.0017281485220215498,3.9572916666666664,0,0,0,0,0,0,0,0,0,0,0,0,0,20,0,20,0,1,fixed_execution_host_runtime_payload_and_machine_specification__no_unmeasured_absolute_energy_or_carbon_claim,sequential_single_host_wall_clock_and_generated_protocol_object_bytes__machine_specification_recorded__transport_network_facility_energy_not_measured,runtime_payload_measured__energy_not_instrumented,not_reported_without_direct_hardware_energy_instrumentation,not_reported,False,,,,,,,not_reported,0,0.25,not_probed,0,,not_reported__no_valid_colab_network_or_device_energy_scope,,not_reported__no_direct_facility_or_grid_carbon_measurement,0.8785800240000299,Absolute energy and carbon are not reported because direct hardware energy instrumentation is disabled.,False,,,,BASELINE
7,B0_Plain_FL,17,comparative_protocol_experiment,comparative_experiment,main_comparative,Comparative federated-learning and protocol-enforcement experiment.,plain_or_protocol_control,custom_reference_python_prototype,False,,,,,,,,,,{},False,False,,,0,baseline_unenforced,,,,,not_applicable,not_applicable_plain_update_path,,,,not_applicable,0,0,0,False,,{},True,,strict_experiment_side_plaintext_oracle_comparison__max_coordinate_and_rmse_numeric_acceptance_envelope__relative_l2_diagnostic_only__no_plaintext_fallback_after_protected_aggregation_failure,custom_reference_prototype_numeric_acceptance_envelope__max_abs_and_rmse_are_acceptance_gates__relative_l2_is_diagnostic_only__not_a_formal_he_security_or_precision_proof,True,False,PASSED_PLAIN_CONTROL_CHECK,0.0,0.0,0.0,0.006858033005912343,0.006858033005912343,,,,True,True,True,True,finite_and_max_abs_and_rmse,0.9988237772550121,0.7196652719665272,0.6099290780141844,0.8775510204081632,0.9382919001871992,0.7310737472020886,0.9794272837159625,0.7282952076062092,0.7282952076062092,0.8877551020408163,0.0014244513224535734,0.8877551020408163,0.0014244513224535734,56809,55,12,86,0.0009672200337647721,0.12244897959183673,0.8775510204081632,0.054188870099926505,0.054188870099926505,fpr,0.005,0.9990563760451184,0.7675675675675676,0.6698113207547169,0.8987341772151899,0.9489823886735436,0.7754411396718406,0.9843971828556004,0.8234091253126221,0.8234091253126221,0.8987341772151899,0.0007693998681028798,0.8987341772151899,0.0007693998681028798,45455,35,8,71,0.0007693998681028798,0.10126582278481013,0.8987341772151899,0.054188870099926505,fpr,0.005,1.0,False,,NOT_FINAL_ROUND,,,,,,,,,,,,,,,,,,,,False,0.9982795547909132,0.8720879579998382,707.5581169999623,3.058503000147539,0.0,0.0,0,0.0,0.0,240,4800,240.0,4800,4800,9600,,not_modelled__session_or_evaluation_key_material_excluded_from_round_payload,0,0,0.0,0.0,actual_generated_protocol_object_bytes,plain_model_update_uplink_plus_plain_global_update_broadcast,model_update_ciphertext_only__auxiliary_protocol_objects_are_counted_in_comm_total,False,single_google_colab_node__logical_client_cloud_authorized_recipient_roles,not_applicable,0.0,0.0,0.0,measured_sum_of_client_protection_plus_server_protected_aggregation_plus_authorized_recovery_or_decryption_ms_per_round,local_training__validation_test_evaluation__transport_latency__serialization_framing_not_explicitly_in_crypto_functions,0.0,0.0,20,20,0,plaintext_update_no_noise,1.0,plain_exact,0,0,False,0,0,False,not_applicable,0,[],0,,True,0.0017204452090867595,0.0017281485220215498,3.9572916666666664,0,0,0,0,0,0,0,0,0,0,0,0,0,20,0,20,0,1,fixed_execution_host_runtime_payload_and_machine_specification__no_unmeasured_absolute_energy_or_carbon_claim,sequential_single_host_wall_clock_and_generated_protocol_object_bytes__machine_specification_recorded__transport_network_facility_energy_not_measured,runtime_payload_measured__energy_not_instrumented,not_reported_without_direct_hardware_energy_instrumentation,not_reported,False,,,,,,,not_reported,0,0.25,not_probed,0,,not_reported__no_valid_colab_network_or_device_energy_scope,,not_reported__no_direct_facility_or_grid_carbon_measurement,0.8720598090001204,Absolute energy and carbon are not reported because direct hardware energy instrumentation is disabled.,False,,,,BASELINE
7,B0_Plain_FL,18,comparative_protocol_experiment,comparative_experiment,main_comparative,Comparative federated-learning and protocol-enforcement experiment.,plain_or_protocol_control,custom_reference_python_prototype,False,,,,,,,,,,{},False,False,,,0,baseline_unenforced,,,,,not_applicable,not_applicable_plain_update_path,,,,not_applicable,0,0,0,False,,{},True,,strict_experiment_side_plaintext_oracle_comparison__max_coordinate_and_rmse_numeric_acceptance_envelope__relative_l2_diagnostic_only__no_plaintext_fallback_after_protected_aggregation_failure,custom_reference_prototype_numeric_acceptance_envelope__max_abs_and_rmse_are_acceptance_gates__relative_l2_is_diagnostic_only__not_a_formal_he_security_or_precision_proof,True,False,PASSED_PLAIN_CONTROL_CHECK,0.0,0.0,0.0,0.00569511659605484,0.00569511659605484,,,,True,True,True,True,finite_and_max_abs_and_rmse,0.9988237772550121,0.7196652719665272,0.6099290780141844,0.8775510204081632,0.9382919001871992,0.7310737472020886,0.9793558637579961,0.728191374892406,0.728191374892406,0.8877551020408163,0.0014596229600450197,0.8877551020408163,0.0014596229600450197,56809,55,12,86,0.0009672200337647721,0.12244897959183673,0.8775510204081632,0.0548846363232571,0.0548846363232571,fpr,0.005,0.9990563760451184,0.7675675675675676,0.6698113207547169,0.8987341772151899,0.9489823886735436,0.7754411396718406,0.9843459822857159,0.8234111844583025,0.8234111844583025,0.8987341772151899,0.0007693998681028798,0.8987341772151899,0.0007693998681028798,45455,35,8,71,0.0007693998681028798,0.10126582278481013,0.8987341772151899,0.0548846363232571,fpr,0.005,1.0,False,,NOT_FINAL_ROUND,,,,,,,,,,,,,,,,,,,,False,0.9982795547909132,0.8686254900001131,700.584483999819,3.1592540001383895,0.0,0.0,0,0.0,0.0,240,4800,240.0,4800,4800,9600,,not_modelled__session_or_evaluation_key_material_excluded_from_round_payload,0,0,0.0,0.0,actual_generated_protocol_object_bytes,plain_model_update_uplink_plus_plain_global_update_broadcast,model_update_ciphertext_only__auxiliary_protocol_objects_are_counted_in_comm_total,False,single_google_colab_node__logical_client_cloud_authorized_recipient_roles,not_applicable,0.0,0.0,0.0,measured_sum_of_client_protection_plus_server_protected_aggregation_plus_authorized_recovery_or_decryption_ms_per_round,local_training__validation_test_evaluation__transport_latency__serialization_framing_not_explicitly_in_crypto_functions,0.0,0.0,20,20,0,plaintext_update_no_noise,1.0,plain_exact,0,0,False,0,0,False,not_applicable,0,[],0,,True,0.0017204452090867595,0.0017281485220215498,3.9572916666666664,0,0,0,0,0,0,0,0,0,0,0,0,0,20,0,20,0,1,fixed_execution_host_runtime_payload_and_machine_specification__no_unmeasured_absolute_energy_or_carbon_claim,sequential_single_host_wall_clock_and_generated_protocol_object_bytes__machine_specification_recorded__transport_network_facility_energy_not_measured,runtime_payload_measured__energy_not_instrumented,not_reported_without_direct_hardware_energy_instrumentation,not_reported,False,,,,,,,not_reported,0,0.25,not_probed,0,,not_reported__no_valid_colab_network_or_device_energy_scope,,not_reported__no_direct_facility_or_grid_carbon_measurement,0.8685969939999723,Absolute energy and carbon are not reported because direct hardware energy instrumentation is disabled.,False,,,,BASELINE
7,B0_Plain_FL,19,comparative_protocol_experiment,comparative_experiment,main_comparative,Comparative federated-learning and protocol-enforcement experiment.,plain_or_protocol_control,custom_reference_python_prototype,False,,,,,,,,,,{},False,False,,,0,baseline_unenforced,,,,,not_applicable,not_applicable_plain_update_path,,,,not_applicable,0,0,0,False,,{},True,,strict_experiment_side_plaintext_oracle_comparison__max_coordinate_and_rmse_numeric_acceptance_envelope__relative_l2_diagnostic_only__no_plaintext_fallback_after_protected_aggregation_failure,custom_reference_prototype_numeric_acceptance_envelope__max_abs_and_rmse_are_acceptance_gates__relative_l2_is_diagnostic_only__not_a_formal_he_security_or_precision_proof,True,False,PASSED_PLAIN_CONTROL_CHECK,0.0,0.0,0.0,0.006372193097005154,0.006372193097005154,,,,True,True,True,True,finite_and_max_abs_and_rmse,0.9988237772550121,0.7196652719665272,0.6099290780141844,0.8775510204081632,0.9382919001871992,0.7310737472020886,0.9793059774556981,0.7280720542957154,0.7280720542957154,0.8877551020408163,0.0014420371412492965,0.8877551020408163,0.0014420371412492965,56809,55,12,86,0.0009672200337647721,0.12244897959183673,0.8775510204081632,0.0545890678285791,0.0545890678285791,fpr,0.005,0.9990563760451184,0.7675675675675676,0.6698113207547169,0.8987341772151899,0.9489823886735436,0.7754411396718406,0.9843025731069006,0.8232862071739987,0.8232862071739987,0.8987341772151899,0.0007693998681028798,0.8987341772151899,0.0007693998681028798,45455,35,8,71,0.0007693998681028798,0.10126582278481013,0.8987341772151899,0.0545890678285791,fpr,0.005,1.0,False,,NOT_FINAL_ROUND,,,,,,,,,,,,,,,,,,,,False,0.9982795547909132,0.8887895860000299,719.9188189997585,3.0633819999366096,0.0,0.0,0,0.0,0.0,240,4800,240.0,4800,4800,9600,,not_modelled__session_or_evaluation_key_material_excluded_from_round_payload,0,0,0.0,0.0,actual_generated_protocol_object_bytes,plain_model_update_uplink_plus_plain_global_update_broadcast,model_update_ciphertext_only__auxiliary_protocol_objects_are_counted_in_comm_total,False,single_google_colab_node__logical_client_cloud_authorized_recipient_roles,not_applicable,0.0,0.0,0.0,measured_sum_of_client_protection_plus_server_protected_aggregation_plus_authorized_recovery_or_decryption_ms_per_round,local_training__validation_test_evaluation__transport_latency__serialization_framing_not_explicitly_in_crypto_functions,0.0,0.0,20,20,0,plaintext_update_no_noise,1.0,plain_exact,0,0,False,0,0,False,not_applicable,0,[],0,,True,0.0017204452090867595,0.0017281485220215498,3.9572916666666664,0,0,0,0,0,0,0,0,0,0,0,0,0,20,0,20,0,1,fixed_execution_host_runtime_payload_and_machine_specification__no_unmeasured_absolute_energy_or_carbon_claim,sequential_single_host_wall_clock_and_generated_protocol_object_bytes__machine_specification_recorded__transport_network_facility_energy_not_measured,runtime_payload_measured__energy_not_instrumented,not_reported_without_direct_hardware_energy_instrumentation,not_reported,False,,,,,,,not_reported,0,0.25,not_probed,0,,not_reported__no_valid_colab_network_or_device_energy_scope,,not_reported__no_direct_facility_or_grid_carbon_measurement,0.8887628260001748,Absolute energy and carbon are not reported because direct hardware energy instrumentation is disabled.,False,,,,BASELINE
7,B0_Plain_FL,20,comparative_protocol_experiment,comparative_experiment,main_comparative,Comparative federated-learning and protocol-enforcement experiment.,plain_or_protocol_control,custom_reference_python_prototype,False,,,,,,,,,,{},False,False,,,0,baseline_unenforced,,,,,not_applicable,not_applicable_plain_update_path,,,,not_applicable,0,0,0,False,,{},True,,strict_experiment_side_plaintext_oracle_comparison__max_coordinate_and_rmse_numeric_acceptance_envelope__relative_l2_diagnostic_only__no_plaintext_fallback_after_protected_aggregation_failure,custom_reference_prototype_numeric_acceptance_envelope__max_abs_and_rmse_are_acceptance_gates__relative_l2_is_diagnostic_only__not_a_formal_he_security_or_precision_proof,True,False,PASSED_PLAIN_CONTROL_CHECK,0.0,0.0,0.0,0.00560023699481147,0.00560023699481147,,,,True,True,True,True,finite_and_max_abs_and_rmse,0.9988237772550121,0.7196652719665272,0.6099290780141844,0.8775510204081632,0.9382919001871992,0.7310737472020886,0.9792663196398425,0.7280703524581961,0.7280703524581961,0.8877551020408163,0.0014244513224535734,0.8877551020408163,0.0014244513224535734,56809,55,12,86,0.0009672200337647721,0.12244897959183673,0.8775510204081632,0.05435379474037,0.05435379474037,fpr,0.005,0.9990563760451184,0.7675675675675676,0.6698113207547169,0.8987341772151899,0.9489823886735436,0.7754411396718406,0.9843367995748127,0.8232886710602456,0.8232886710602456,0.8987341772151899,0.0007693998681028798,0.8987341772151899,0.0007693998681028798,45455,35,8,71,0.0007693998681028798,0.10126582278481013,0.8987341772151899,0.05435379474037,fpr,0.005,1.0,True,,NO_REFERENCE_DEFINED,,,,,,,,,,,,,,,,,,,,False,0.9982795547909132,0.890202231999865,695.8487920001062,2.995301000055406,0.0,0.0,0,0.0,0.0,240,4800,240.0,4800,4800,9600,,not_modelled__session_or_evaluation_key_material_excluded_from_round_payload,0,0,0.0,0.0,actual_generated_protocol_object_bytes,plain_model_update_uplink_plus_plain_global_update_broadcast,model_update_ciphertext_only__auxiliary_protocol_objects_are_counted_in_comm_total,False,single_google_colab_node__logical_client_cloud_authorized_recipient_roles,not_applicable,0.0,0.0,0.0,measured_sum_of_client_protection_plus_server_protected_aggregation_plus_authorized_recovery_or_decryption_ms_per_round,local_training__validation_test_evaluation__transport_latency__serialization_framing_not_explicitly_in_crypto_functions,0.0,0.0,20,20,0,plaintext_update_no_noise,1.0,plain_exact,0,0,False,0,0,False,not_applicable,0,[],0,,True,0.0017204452090867595,0.0017281485220215498,3.9572916666666664,0,0,0,0,0,0,0,0,0,0,0,0,0,20,0,20,0,1,fixed_execution_host_runtime_payload_and_machine_specification__no_unmeasured_absolute_energy_or_carbon_claim,sequential_single_host_wall_clock_and_generated_protocol_object_bytes__machine_specification_recorded__transport_network_facility_energy_not_measured,runtime_payload_measured__energy_not_instrumented,not_reported_without_direct_hardware_energy_instrumentation,not_reported,False,,,,,,,not_reported,0,0.25,not_probed,0,,not_reported__no_valid_colab_network_or_device_energy_scope,,not_reported__no_direct_facility_or_grid_carbon_measurement,0.8901754719997825,Absolute energy and carbon are not reported because direct hardware energy instrumentation is disabled.,False,,,,BASELINE
11,B0_Plain_FL,1,comparative_protocol_experiment,comparative_experiment,main_comparative,Comparative federated-learning and protocol-enforcement experiment.,plain_or_protocol_control,custom_reference_python_prototype,False,,,,,,,,,,{},False,False,,,0,baseline_unenforced,,,,,not_applicable,not_applicable_plain_update_path,,,,not_applicable,0,0,0,False,,{},True,,strict_experiment_side_plaintext_oracle_comparison__max_coordinate_and_rmse_numeric_acceptance_envelope__relative_l2_diagnostic_only__no_plaintext_fallback_after_protected_aggregation_failure,custom_reference_prototype_numeric_acceptance_envelope__max_abs_and_rmse_are_acceptance_gates__relative_l2_is_diagnostic_only__not_a_formal_he_security_or_precision_proof,True,False,PASSED_PLAIN_CONTROL_CHECK,0.0,0.0,0.0,0.43319076377919613,0.43319076377919613,,,,True,True,True,True,finite_and_max_abs_and_rmse,0.9990871107053826,0.7570093457943925,0.6982758620689655,0.826530612244898,0.9129575542935238,0.759255946023227,0.9379435933067656,0.701077187707263,0.701077187707263,0.8775510204081632,0.004273353967360721,0.8775510204081632,0.004273353967360721,56829,35,17,81,0.0006155036578503095,0.17346938775510204,0.826530612244898,0.003382577918586999,0.003382577918586999,fpr,0.005,0.999297768219623,0.813953488372093,0.7526881720430108,0.8860759493670886,0.9427851718697391,0.8163228914097197,0.9613302130667192,0.8021334151700804,0.8021334151700804,0.8860759493670886,0.0005056056276104638,0.8860759493670886,0.0005056056276104638,45467,23,9,70,0.0005056056276104638,0.11392405063291139,0.8860759493670886,0.003382577918586999,fpr,0.005,1.0,False,,NOT_FINAL_ROUND,,,,,,,,,,,,,,,,,,,,False,0.9982795547909132,0.8647275490000084,702.5929350006663,3.0607880003117316,0.0,0.0,0,0.0,0.0,240,4800,240.0,4800,4800,9600,,not_modelled__session_or_evaluation_key_material_excluded_from_round_payload,0,0,0.0,0.0,actual_generated_protocol_object_bytes,plain_model_update_uplink_plus_plain_global_update_broadcast,model_update_ciphertext_only__auxiliary_protocol_objects_are_counted_in_comm_total,False,single_google_colab_node__logical_client_cloud_authorized_recipient_roles,not_applicable,0.0,0.0,0.0,measured_sum_of_client_protection_plus_server_protected_aggregation_plus_authorized_recovery_or_decryption_ms_per_round,local_training__validation_test_evaluation__transport_latency__serialization_framing_not_explicitly_in_crypto_functions,0.0,0.0,20,20,0,plaintext_update_no_noise,1.0,plain_exact,0,0,False,0,0,False,not_applicable,0,[],0,,True,0.0017204452090867595,0.0017281485220215498,3.9572916666666664,0,0,0,0,0,0,0,0,0,0,0,0,0,20,0,20,0,1,fixed_execution_host_runtime_payload_and_machine_specification__no_unmeasured_absolute_energy_or_carbon_claim,sequential_single_host_wall_clock_and_generated_protocol_object_bytes__machine_specification_recorded__transport_network_facility_energy_not_measured,runtime_payload_measured__energy_not_instrumented,not_reported_without_direct_hardware_energy_instrumentation,not_reported,False,,,,,,,not_reported,0,0.25,not_probed,0,,not_reported__no_valid_colab_network_or_device_energy_scope,,not_reported__no_direct_facility_or_grid_carbon_measurement,0.8646981720000895,Absolute energy and carbon are not reported because direct hardware energy instrumentation is disabled.,False,,,,BASELINE
11,B0_Plain_FL,2,comparative_protocol_experiment,comparative_experiment,main_comparative,Comparative federated-learning and protocol-enforcement experiment.,plain_or_protocol_control,custom_reference_python_prototype,False,,,,,,,,,,{},False,False,,,0,baseline_unenforced,,,,,not_applicable,not_applicable_plain_update_path,,,,not_applicable,0,0,0,False,,{},True,,strict_experiment_side_plaintext_oracle_comparison__max_coordinate_and_rmse_numeric_acceptance_envelope__relative_l2_diagnostic_only__no_plaintext_fallback_after_protected_aggregation_failure,custom_reference_prototype_numeric_acceptance_envelope__max_abs_and_rmse_are_acceptance_gates__relative_l2_is_diagnostic_only__not_a_formal_he_security_or_precision_proof,True,False,PASSED_PLAIN_CONTROL_CHECK,0.0,0.0,0.0,0.38015372863829805,0.38015372863829805,,,,True,True,True,True,finite_and_max_abs_and_rmse,0.9976475545100242,0.5620915032679739,0.41346153846153844,0.8775510204081632,0.9377027752575425,0.601466068002556,0.9554355612532014,0.7185186242880325,0.7185186242880325,0.8775510204081632,0.0009144625773776027,0.8877551020408163,0.006788126055149128,56742,122,12,86,0.0021454698930782217,0.12244897959183673,0.8775510204081632,0.004958067026126495,0.004958067026126495,fpr,0.005,0.9980688626039632,0.6173913043478261,0.47019867549668876,0.8987341772151899,0.9484877744726202,0.6493063378272189,0.9697577155641385,0.8146196652861364,0.8146196652861364,0.8987341772151899,0.0017586282699494395,0.8987341772151899,0.0017586282699494395,45410,80,8,71,0.0017586282699494395,0.10126582278481013,0.8987341772151899,0.004958067026126495,fpr,0.005,1.0,False,,NOT_FINAL_ROUND,,,,,,,,,,,,,,,,,,,,False,0.9982795547909132,0.8863345730001129,727.6899939995474,2.9912690006312914,0.0,0.0,0,0.0,0.0,240,4800,240.0,4800,4800,9600,,not_modelled__session_or_evaluation_key_material_excluded_from_round_payload,0,0,0.0,0.0,actual_generated_protocol_object_bytes,plain_model_update_uplink_plus_plain_global_update_broadcast,model_update_ciphertext_only__auxiliary_protocol_objects_are_counted_in_comm_total,False,single_google_colab_node__logical_client_cloud_authorized_recipient_roles,not_applicable,0.0,0.0,0.0,measured_sum_of_client_protection_plus_server_protected_aggregation_plus_authorized_recovery_or_decryption_ms_per_round,local_training__validation_test_evaluation__transport_latency__serialization_framing_not_explicitly_in_crypto_functions,0.0,0.0,20,20,0,plaintext_update_no_noise,1.0,plain_exact,0,0,False,0,0,False,not_applicable,0,[],0,,True,0.0017204452090867595,0.0017281485220215498,3.9572916666666664,0,0,0,0,0,0,0,0,0,0,0,0,0,20,0,20,0,1,fixed_execution_host_runtime_payload_and_machine_specification__no_unmeasured_absolute_energy_or_carbon_claim,sequential_single_host_wall_clock_and_generated_protocol_object_bytes__machine_specification_recorded__transport_network_facility_energy_not_measured,runtime_payload_measured__energy_not_instrumented,not_reported_without_direct_hardware_energy_instrumentation,not_reported,False,,,,,,,not_reported,0,0.25,not_probed,0,,not_reported__no_valid_colab_network_or_device_energy_scope,,not_reported__no_direct_facility_or_grid_carbon_measurement,0.8863058720000936,Absolute energy and carbon are not reported because direct hardware energy instrumentation is disabled.,False,,,,BASELINE
11,B0_Plain_FL,3,comparative_protocol_experiment,comparative_experiment,main_comparative,Comparative federated-learning and protocol-enforcement experiment.,plain_or_protocol_control,custom_reference_python_prototype,False,,,,,,,,,,{},False,False,,,0,baseline_unenforced,,,,,not_applicable,not_applicable_plain_update_path,,,,not_applicable,0,0,0,False,,{},True,,strict_experiment_side_plaintext_oracle_comparison__max_coordinate_and_rmse_numeric_acceptance_envelope__relative_l2_diagnostic_only__no_plaintext_fallback_after_protected_aggregation_failure,custom_reference_prototype_numeric_acceptance_envelope__max_abs_and_rmse_are_acceptance_gates__relative_l2_is_diagnostic_only__not_a_formal_he_security_or_precision_proof,True,False,PASSED_PLAIN_CONTROL_CHECK,0.0,0.0,0.0,0.3116348025636925,0.3116348025636925,,,,True,True,True,True,finite_and_max_abs_and_rmse,0.9987008883115059,0.6991869918699187,0.581081081081081,0.8775510204081632,0.9382303498214142,0.7135191719560046,0.9690762348833737,0.7205043984777221,0.7205043984777221,0.8877551020408163,0.0045898987056837365,0.8877551020408163,0.0045898987056837365,56802,62,12,86,0.001090320765334834,0.12244897959183673,0.8775510204081632,0.007890002496304081,0.007890002496304081,fpr,0.005,0.9989247075862977,0.743455497382199,0.6339285714285714,0.8987341772151899,0.9489164401134205,0.7543234751016461,0.9739979018896907,0.8181425457220398,0.8181425457220398,0.8987341772151899,0.0009012969883490877,0.8987341772151899,0.0009012969883490877,45449,41,8,71,0.0009012969883490877,0.10126582278481013,0.8987341772151899,0.007890002496304081,fpr,0.005,1.0,False,,NOT_FINAL_ROUND,,,,,,,,,,,,,,,,,,,,False,0.9982795547909132,0.8808432430000721,720.6773339996744,3.072634999625734,0.0,0.0,0,0.0,0.0,240,4800,240.0,4800,4800,9600,,not_modelled__session_or_evaluation_key_material_excluded_from_round_payload,0,0,0.0,0.0,actual_generated_protocol_object_bytes,plain_model_update_uplink_plus_plain_global_update_broadcast,model_update_ciphertext_only__auxiliary_protocol_objects_are_counted_in_comm_total,False,single_google_colab_node__logical_client_cloud_authorized_recipient_roles,not_applicable,0.0,0.0,0.0,measured_sum_of_client_protection_plus_server_protected_aggregation_plus_authorized_recovery_or_decryption_ms_per_round,local_training__validation_test_evaluation__transport_latency__serialization_framing_not_explicitly_in_crypto_functions,0.0,0.0,20,20,0,plaintext_update_no_noise,1.0,plain_exact,0,0,False,0,0,False,not_applicable,0,[],0,,True,0.0017204452090867595,0.0017281485220215498,3.9572916666666664,0,0,0,0,0,0,0,0,0,0,0,0,0,20,0,20,0,1,fixed_execution_host_runtime_payload_and_machine_specification__no_unmeasured_absolute_energy_or_carbon_claim,sequential_single_host_wall_clock_and_generated_protocol_object_bytes__machine_specification_recorded__transport_network_facility_energy_not_measured,runtime_payload_measured__energy_not_instrumented,not_reported_without_direct_hardware_energy_instrumentation,not_reported,False,,,,,,,not_reported,0,0.25,not_probed,0,,not_reported__no_valid_colab_network_or_device_energy_scope,,not_reported__no_direct_facility_or_grid_carbon_measurement,0.8808170410000002,Absolute energy and carbon are not reported because direct hardware energy instrumentation is disabled.,False,,,,BASELINE
11,B0_Plain_FL,4,comparative_protocol_experiment,comparative_experiment,main_comparative,Comparative federated-learning and protocol-enforcement experiment.,plain_or_protocol_control,custom_reference_python_prototype,False,,,,,,,,,,{},False,False,,,0,baseline_unenforced,,,,,not_applicable,not_applicable_plain_update_path,,,,not_applicable,0,0,0,False,,{},True,,strict_experiment_side_plaintext_oracle_comparison__max_coordinate_and_rmse_numeric_acceptance_envelope__relative_l2_diagnostic_only__no_plaintext_fallback_after_protected_aggregation_failure,custom_reference_prototype_numeric_acceptance_envelope__max_abs_and_rmse_are_acceptance_gates__relative_l2_is_diagnostic_only__not_a_formal_he_security_or_precision_proof,True,False,PASSED_PLAIN_CONTROL_CHECK,0.0,0.0,0.0,0.23955904183171553,0.23955904183171553,,,,True,True,True,True,finite_and_max_abs_and_rmse,0.9987886661282961,0.7136929460580913,0.6013986013986014,0.8775510204081632,0.9382743143684036,0.7259269901137303,0.9768577802533507,0.7213653659120126,0.7213653659120126,0.8877551020408163,0.004132667416994936,0.8877551020408163,0.004132667416994936,56807,57,12,86,0.0010023916713562183,0.12244897959183673,0.8775510204081632,0.011713618751422312,0.011713618751422312,fpr,0.005,0.9990344313019817,0.7634408602150538,0.6635514018691588,0.8987341772151899,0.9489713972468563,0.7717986706821625,0.9772591555801666,0.8208859730807916,0.8208859730807916,0.8987341772151899,0.0007913827214772477,0.8987341772151899,0.0007913827214772477,45454,36,8,71,0.0007913827214772477,0.10126582278481013,0.8987341772151899,0.011713618751422312,fpr,0.005,1.0,False,,NOT_FINAL_ROUND,,,,,,,,,,,,,,,,,,,,False,0.9982795547909132,0.9126172329999918,711.5025570001308,3.2171959994684585,0.0,0.0,0,0.0,0.0,240,4800,240.0,4800,4800,9600,,not_modelled__session_or_evaluation_key_material_excluded_from_round_payload,0,0,0.0,0.0,actual_generated_protocol_object_bytes,plain_model_update_uplink_plus_plain_global_update_broadcast,model_update_ciphertext_only__auxiliary_protocol_objects_are_counted_in_comm_total,False,single_google_colab_node__logical_client_cloud_authorized_recipient_roles,not_applicable,0.0,0.0,0.0,measured_sum_of_client_protection_plus_server_protected_aggregation_plus_authorized_recovery_or_decryption_ms_per_round,local_training__validation_test_evaluation__transport_latency__serialization_framing_not_explicitly_in_crypto_functions,0.0,0.0,20,20,0,plaintext_update_no_noise,1.0,plain_exact,0,0,False,0,0,False,not_applicable,0,[],0,,True,0.0017204452090867595,0.0017281485220215498,3.9572916666666664,0,0,0,0,0,0,0,0,0,0,0,0,0,20,0,20,0,1,fixed_execution_host_runtime_payload_and_machine_specification__no_unmeasured_absolute_energy_or_carbon_claim,sequential_single_host_wall_clock_and_generated_protocol_object_bytes__machine_specification_recorded__transport_network_facility_energy_not_measured,runtime_payload_measured__energy_not_instrumented,not_reported_without_direct_hardware_energy_instrumentation,not_reported,False,,,,,,,not_reported,0,0.25,not_probed,0,,not_reported__no_valid_colab_network_or_device_energy_scope,,not_reported__no_direct_facility_or_grid_carbon_measurement,0.9125875730001098,Absolute energy and carbon are not reported because direct hardware energy instrumentation is disabled.,False,,,,BASELINE
11,B0_Plain_FL,5,comparative_protocol_experiment,comparative_experiment,main_comparative,Comparative federated-learning and protocol-enforcement experiment.,plain_or_protocol_control,custom_reference_python_prototype,False,,,,,,,,,,{},False,False,,,0,baseline_unenforced,,,,,not_applicable,not_applicable_plain_update_path,,,,not_applicable,0,0,0,False,,{},True,,strict_experiment_side_plaintext_oracle_comparison__max_coordinate_and_rmse_numeric_acceptance_envelope__relative_l2_diagnostic_only__no_plaintext_fallback_after_protected_aggregation_failure,custom_reference_prototype_numeric_acceptance_envelope__max_abs_and_rmse_are_acceptance_gates__relative_l2_is_diagnostic_only__not_a_formal_he_security_or_precision_proof,True,False,PASSED_PLAIN_CONTROL_CHECK,0.0,0.0,0.0,0.18663379492094725,0.18663379492094725,,,,True,True,True,True,finite_and_max_abs_and_rmse,0.9988062216916541,0.7166666666666667,0.6056338028169014,0.8775510204081632,0.9382831072778014,0.7284867912883576,0.9794552774683313,0.7228933105350989,0.7228933105350989,0.8877551020408163,0.004150253235790658,0.8877551020408163,0.004150253235790658,56808,56,12,86,0.0009848058525604951,0.12244897959183673,0.8775510204081632,0.016375922292461976,0.016375922292461976,fpr,0.005,0.998990541815708,0.7553191489361702,0.6513761467889908,0.8987341772151899,0.948949414393482,0.764664546104422,0.9803195026866387,0.8212467060359976,0.8212467060359976,0.8987341772151899,0.0008353484282259837,0.8987341772151899,0.0008353484282259837,45452,38,8,71,0.0008353484282259837,0.10126582278481013,0.8987341772151899,0.016375922292461976,fpr,0.005,1.0,False,,NOT_FINAL_ROUND,,,,,,,,,,,,,,,,,,,,False,0.9982795547909132,1.3920310609998978,1127.4016059996939,4.040994000661158,0.0,0.0,0,0.0,0.0,240,4800,240.0,4800,4800,9600,,not_modelled__session_or_evaluation_key_material_excluded_from_round_payload,0,0,0.0,0.0,actual_generated_protocol_object_bytes,plain_model_update_uplink_plus_plain_global_update_broadcast,model_update_ciphertext_only__auxiliary_protocol_objects_are_counted_in_comm_total,False,single_google_colab_node__logical_client_cloud_authorized_recipient_roles,not_applicable,0.0,0.0,0.0,measured_sum_of_client_protection_plus_server_protected_aggregation_plus_authorized_recovery_or_decryption_ms_per_round,local_training__validation_test_evaluation__transport_latency__serialization_framing_not_explicitly_in_crypto_functions,0.0,0.0,20,20,0,plaintext_update_no_noise,1.0,plain_exact,0,0,False,0,0,False,not_applicable,0,[],0,,True,0.0017204452090867595,0.0017281485220215498,3.9572916666666664,0,0,0,0,0,0,0,0,0,0,0,0,0,20,0,20,0,1,fixed_execution_host_runtime_payload_and_machine_specification__no_unmeasured_absolute_energy_or_carbon_claim,sequential_single_host_wall_clock_and_generated_protocol_object_bytes__machine_specification_recorded__transport_network_facility_energy_not_measured,runtime_payload_measured__energy_not_instrumented,not_reported_without_direct_hardware_energy_instrumentation,not_reported,False,,,,,,,not_reported,0,0.25,not_probed,0,,not_reported__no_valid_colab_network_or_device_energy_scope,,not_reported__no_direct_facility_or_grid_carbon_measurement,1.3919960670000364,Absolute energy and carbon are not reported because direct hardware energy instrumentation is disabled.,False,,,,BASELINE
11,B0_Plain_FL,6,comparative_protocol_experiment,comparative_experiment,main_comparative,Comparative federated-learning and protocol-enforcement experiment.,plain_or_protocol_control,custom_reference_python_prototype,False,,,,,,,,,,{},False,False,,,0,baseline_unenforced,,,,,not_applicable,not_applicable_plain_update_path,,,,not_applicable,0,0,0,False,,{},True,,strict_experiment_side_plaintext_oracle_comparison__max_coordinate_and_rmse_numeric_acceptance_envelope__relative_l2_diagnostic_only__no_plaintext_fallback_after_protected_aggregation_failure,custom_reference_prototype_numeric_acceptance_envelope__max_abs_and_rmse_are_acceptance_gates__relative_l2_is_diagnostic_only__not_a_formal_he_security_or_precision_proof,True,False,PASSED_PLAIN_CONTROL_CHECK,0.0,0.0,0.0,0.14348706712643014,0.14348706712643014,,,,True,True,True,True,finite_and_max_abs_and_rmse,0.9988237772550121,0.7196652719665272,0.6099290780141844,0.8775510204081632,0.9382919001871992,0.7310737472020886,0.9800332766758926,0.7238395753184073,0.7238395753184073,0.8877551020408163,0.0037457794034890263,0.8877551020408163,0.0037457794034890263,56809,55,12,86,0.0009672200337647721,0.12244897959183673,0.8775510204081632,0.021671796505325032,0.021671796505325032,fpr,0.005,0.9990344313019817,0.7634408602150538,0.6635514018691588,0.8987341772151899,0.9489713972468563,0.7717986706821625,0.9826797376527321,0.821240276690448,0.821240276690448,0.8987341772151899,0.0007913827214772477,0.8987341772151899,0.0007913827214772477,45454,36,8,71,0.0007913827214772477,0.10126582278481013,0.8987341772151899,0.021671796505325032,fpr,0.005,1.0,False,,NOT_FINAL_ROUND,,,,,,,,,,,,,,,,,,,,False,0.9982795547909132,1.3840345329999764,1131.5363129999696,3.816457000993978,0.0,0.0,0,0.0,0.0,240,4800,240.0,4800,4800,9600,,not_modelled__session_or_evaluation_key_material_excluded_from_round_payload,0,0,0.0,0.0,actual_generated_protocol_object_bytes,plain_model_update_uplink_plus_plain_global_update_broadcast,model_update_ciphertext_only__auxiliary_protocol_objects_are_counted_in_comm_total,False,single_google_colab_node__logical_client_cloud_authorized_recipient_roles,not_applicable,0.0,0.0,0.0,measured_sum_of_client_protection_plus_server_protected_aggregation_plus_authorized_recovery_or_decryption_ms_per_round,local_training__validation_test_evaluation__transport_latency__serialization_framing_not_explicitly_in_crypto_functions,0.0,0.0,20,20,0,plaintext_update_no_noise,1.0,plain_exact,0,0,False,0,0,False,not_applicable,0,[],0,,True,0.0017204452090867595,0.0017281485220215498,3.9572916666666664,0,0,0,0,0,0,0,0,0,0,0,0,0,20,0,20,0,1,fixed_execution_host_runtime_payload_and_machine_specification__no_unmeasured_absolute_energy_or_carbon_claim,sequential_single_host_wall_clock_and_generated_protocol_object_bytes__machine_specification_recorded__transport_network_facility_energy_not_measured,runtime_payload_measured__energy_not_instrumented,not_reported_without_direct_hardware_energy_instrumentation,not_reported,False,,,,,,,not_reported,0,0.25,not_probed,0,,not_reported__no_valid_colab_network_or_device_energy_scope,,not_reported__no_direct_facility_or_grid_carbon_measurement,1.3839999069998612,Absolute energy and carbon are not reported because direct hardware energy instrumentation is disabled.,False,,,,BASELINE
11,B0_Plain_FL,7,comparative_protocol_experiment,comparative_experiment,main_comparative,Comparative federated-learning and protocol-enforcement experiment.,plain_or_protocol_control,custom_reference_python_prototype,False,,,,,,,,,,{},False,False,,,0,baseline_unenforced,,,,,not_applicable,not_applicable_plain_update_path,,,,not_applicable,0,0,0,False,,{},True,,strict_experiment_side_plaintext_oracle_comparison__max_coordinate_and_rmse_numeric_acceptance_envelope__relative_l2_diagnostic_only__no_plaintext_fallback_after_protected_aggregation_failure,custom_reference_prototype_numeric_acceptance_envelope__max_abs_and_rmse_are_acceptance_gates__relative_l2_is_diagnostic_only__not_a_formal_he_security_or_precision_proof,True,False,PASSED_PLAIN_CONTROL_CHECK,0.0,0.0,0.0,0.10282462635535632,0.10282462635535632,,,,True,True,True,True,finite_and_max_abs_and_rmse,0.9988237772550121,0.7196652719665272,0.6099290780141844,0.8775510204081632,0.9382919001871992,0.7310737472020886,0.9800890847334995,0.7247083032334481,0.7247083032334481,0.8877551020408163,0.0033764772087788407,0.8877551020408163,0.0033764772087788407,56809,55,12,86,0.0009672200337647721,0.12244897959183673,0.8775510204081632,0.026872260529233232,0.026872260529233232,fpr,0.005,0.9990344313019817,0.7634408602150538,0.6635514018691588,0.8987341772151899,0.9489713972468563,0.7717986706821625,0.9837006881467898,0.821432943460017,0.821432943460017,0.8987341772151899,0.0007913827214772477,0.8987341772151899,0.0007913827214772477,45454,36,8,71,0.0007913827214772477,0.10126582278481013,0.8987341772151899,0.026872260529233232,fpr,0.005,1.0,False,,NOT_FINAL_ROUND,,,,,,,,,,,,,,,,,,,,False,0.9982795547909132,1.4177488150000954,1186.175675999948,4.0064310001071135,0.0,0.0,0,0.0,0.0,240,4800,240.0,4800,4800,9600,,not_modelled__session_or_evaluation_key_material_excluded_from_round_payload,0,0,0.0,0.0,actual_generated_protocol_object_bytes,plain_model_update_uplink_plus_plain_global_update_broadcast,model_update_ciphertext_only__auxiliary_protocol_objects_are_counted_in_comm_total,False,single_google_colab_node__logical_client_cloud_authorized_recipient_roles,not_applicable,0.0,0.0,0.0,measured_sum_of_client_protection_plus_server_protected_aggregation_plus_authorized_recovery_or_decryption_ms_per_round,local_training__validation_test_evaluation__transport_latency__serialization_framing_not_explicitly_in_crypto_functions,0.0,0.0,20,20,0,plaintext_update_no_noise,1.0,plain_exact,0,0,False,0,0,False,not_applicable,0,[],0,,True,0.0017204452090867595,0.0017281485220215498,3.9572916666666664,0,0,0,0,0,0,0,0,0,0,0,0,0,20,0,20,0,1,fixed_execution_host_runtime_payload_and_machine_specification__no_unmeasured_absolute_energy_or_carbon_claim,sequential_single_host_wall_clock_and_generated_protocol_object_bytes__machine_specification_recorded__transport_network_facility_energy_not_measured,runtime_payload_measured__energy_not_instrumented,not_reported_without_direct_hardware_energy_instrumentation,not_reported,False,,,,,,,not_reported,0,0.25,not_probed,0,,not_reported__no_valid_colab_network_or_device_energy_scope,,not_reported__no_direct_facility_or_grid_carbon_measurement,1.4177165039998272,Absolute energy and carbon are not reported because direct hardware energy instrumentation is disabled.,False,,,,BASELINE
11,B0_Plain_FL,8,comparative_protocol_experiment,comparative_experiment,main_comparative,Comparative federated-learning and protocol-enforcement experiment.,plain_or_protocol_control,custom_reference_python_prototype,False,,,,,,,,,,{},False,False,,,0,baseline_unenforced,,,,,not_applicable,not_applicable_plain_update_path,,,,not_applicable,0,0,0,False,,{},True,,strict_experiment_side_plaintext_oracle_comparison__max_coordinate_and_rmse_numeric_acceptance_envelope__relative_l2_diagnostic_only__no_plaintext_fallback_after_protected_aggregation_failure,custom_reference_prototype_numeric_acceptance_envelope__max_abs_and_rmse_are_acceptance_gates__relative_l2_is_diagnostic_only__not_a_formal_he_security_or_precision_proof,True,False,PASSED_PLAIN_CONTROL_CHECK,0.0,0.0,0.0,0.07492534434480509,0.07492534434480509,,,,True,True,True,True,finite_and_max_abs_and_rmse,0.9988062216916541,0.7166666666666667,0.6056338028169014,0.8775510204081632,0.9382831072778014,0.7284867912883576,0.980038121748418,0.7256765157986453,0.7256765157986453,0.8877551020408163,0.0029544175576814856,0.8877551020408163,0.0029544175576814856,56808,56,12,86,0.0009848058525604951,0.12244897959183673,0.8775510204081632,0.03199009531993025,0.03199009531993025,fpr,0.005,0.9990344313019817,0.7634408602150538,0.6635514018691588,0.8987341772151899,0.9489713972468563,0.7717986706821625,0.9840098394138648,0.8217566897583137,0.8217566897583137,0.8987341772151899,0.0007913827214772477,0.8987341772151899,0.0007913827214772477,45454,36,8,71,0.0007913827214772477,0.10126582278481013,0.8987341772151899,0.03199009531993025,fpr,0.005,1.0,False,,NOT_FINAL_ROUND,,,,,,,,,,,,,,,,,,,,False,0.9982795547909132,0.8708573179999348,692.0625459999883,3.0250989998421574,0.0,0.0,0,0.0,0.0,240,4800,240.0,4800,4800,9600,,not_modelled__session_or_evaluation_key_material_excluded_from_round_payload,0,0,0.0,0.0,actual_generated_protocol_object_bytes,plain_model_update_uplink_plus_plain_global_update_broadcast,model_update_ciphertext_only__auxiliary_protocol_objects_are_counted_in_comm_total,False,single_google_colab_node__logical_client_cloud_authorized_recipient_roles,not_applicable,0.0,0.0,0.0,measured_sum_of_client_protection_plus_server_protected_aggregation_plus_authorized_recovery_or_decryption_ms_per_round,local_training__validation_test_evaluation__transport_latency__serialization_framing_not_explicitly_in_crypto_functions,0.0,0.0,20,20,0,plaintext_update_no_noise,1.0,plain_exact,0,0,False,0,0,False,not_applicable,0,[],0,,True,0.0017204452090867595,0.0017281485220215498,3.9572916666666664,0,0,0,0,0,0,0,0,0,0,0,0,0,20,0,20,0,1,fixed_execution_host_runtime_payload_and_machine_specification__no_unmeasured_absolute_energy_or_carbon_claim,sequential_single_host_wall_clock_and_generated_protocol_object_bytes__machine_specification_recorded__transport_network_facility_energy_not_measured,runtime_payload_measured__energy_not_instrumented,not_reported_without_direct_hardware_energy_instrumentation,not_reported,False,,,,,,,not_reported,0,0.25,not_probed,0,,not_reported__no_valid_colab_network_or_device_energy_scope,,not_reported__no_direct_facility_or_grid_carbon_measurement,0.8708271680000053,Absolute energy and carbon are not reported because direct hardware energy instrumentation is disabled.,False,,,,BASELINE
11,B0_Plain_FL,9,comparative_protocol_experiment,comparative_experiment,main_comparative,Comparative federated-learning and protocol-enforcement experiment.,plain_or_protocol_control,custom_reference_python_prototype,False,,,,,,,,,,{},False,False,,,0,baseline_unenforced,,,,,not_applicable,not_applicable_plain_update_path,,,,not_applicable,0,0,0,False,,{},True,,strict_experiment_side_plaintext_oracle_comparison__max_coordinate_and_rmse_numeric_acceptance_envelope__relative_l2_diagnostic_only__no_plaintext_fallback_after_protected_aggregation_failure,custom_reference_prototype_numeric_acceptance_envelope__max_abs_and_rmse_are_acceptance_gates__relative_l2_is_diagnostic_only__not_a_formal_he_security_or_precision_proof,True,False,PASSED_PLAIN_CONTROL_CHECK,0.0,0.0,0.0,0.05612757955867415,0.05612757955867415,,,,True,True,True,True,finite_and_max_abs_and_rmse,0.9987886661282961,0.7136929460580913,0.6013986013986014,0.8775510204081632,0.9382743143684036,0.7259269901137303,0.9799286589987711,0.726615337515072,0.726615337515072,0.8877551020408163,0.0023389138998311763,0.8877551020408163,0.0023389138998311763,56807,57,12,86,0.0010023916713562183,0.12244897959183673,0.8775510204081632,0.0368170284316355,0.0368170284316355,fpr,0.005,0.9990344313019817,0.7634408602150538,0.6635514018691588,0.8987341772151899,0.9489713972468563,0.7717986706821625,0.9843651824994226,0.822186648712152,0.822186648712152,0.8987341772151899,0.0007913827214772477,0.8987341772151899,0.0007913827214772477,45454,36,8,71,0.0007913827214772477,0.10126582278481013,0.8987341772151899,0.0368170284316355,fpr,0.005,1.0,False,,NOT_FINAL_ROUND,,,,,,,,,,,,,,,,,,,,False,0.9982795547909132,0.8462007690000064,682.8527070003929,3.0910130001302605,0.0,0.0,0,0.0,0.0,240,4800,240.0,4800,4800,9600,,not_modelled__session_or_evaluation_key_material_excluded_from_round_payload,0,0,0.0,0.0,actual_generated_protocol_object_bytes,plain_model_update_uplink_plus_plain_global_update_broadcast,model_update_ciphertext_only__auxiliary_protocol_objects_are_counted_in_comm_total,False,single_google_colab_node__logical_client_cloud_authorized_recipient_roles,not_applicable,0.0,0.0,0.0,measured_sum_of_client_protection_plus_server_protected_aggregation_plus_authorized_recovery_or_decryption_ms_per_round,local_training__validation_test_evaluation__transport_latency__serialization_framing_not_explicitly_in_crypto_functions,0.0,0.0,20,20,0,plaintext_update_no_noise,1.0,plain_exact,0,0,False,0,0,False,not_applicable,0,[],0,,True,0.0017204452090867595,0.0017281485220215498,3.9572916666666664,0,0,0,0,0,0,0,0,0,0,0,0,0,20,0,20,0,1,fixed_execution_host_runtime_payload_and_machine_specification__no_unmeasured_absolute_energy_or_carbon_claim,sequential_single_host_wall_clock_and_generated_protocol_object_bytes__machine_specification_recorded__transport_network_facility_energy_not_measured,runtime_payload_measured__energy_not_instrumented,not_reported_without_direct_hardware_energy_instrumentation,not_reported,False,,,,,,,not_reported,0,0.25,not_probed,0,,not_reported__no_valid_colab_network_or_device_energy_scope,,not_reported__no_direct_facility_or_grid_carbon_measurement,0.8461719730000823,Absolute energy and carbon are not reported because direct hardware energy instrumentation is disabled.,False,,,,BASELINE
11,B0_Plain_FL,10,comparative_protocol_experiment,comparative_experiment,main_comparative,Comparative federated-learning and protocol-enforcement experiment.,plain_or_protocol_control,custom_reference_python_prototype,False,,,,,,,,,,{},False,False,,,0,baseline_unenforced,,,,,not_applicable,not_applicable_plain_update_path,,,,not_applicable,0,0,0,False,,{},True,,strict_experiment_side_plaintext_oracle_comparison__max_coordinate_and_rmse_numeric_acceptance_envelope__relative_l2_diagnostic_only__no_plaintext_fallback_after_protected_aggregation_failure,custom_reference_prototype_numeric_acceptance_envelope__max_abs_and_rmse_are_acceptance_gates__relative_l2_is_diagnostic_only__not_a_formal_he_security_or_precision_proof,True,False,PASSED_PLAIN_CONTROL_CHECK,0.0,0.0,0.0,0.04071973004024943,0.04071973004024943,,,,True,True,True,True,finite_and_max_abs_and_rmse,0.9987886661282961,0.7136929460580913,0.6013986013986014,0.8775510204081632,0.9382743143684036,0.7259269901137303,0.979869261998553,0.726759172906937,0.726759172906937,0.8877551020408163,0.0021102982554867754,0.8877551020408163,0.0021102982554867754,56807,57,12,86,0.0010023916713562183,0.12244897959183673,0.8775510204081632,0.04105007999290514,0.04105007999290514,fpr,0.005,0.9990344313019817,0.7634408602150538,0.6635514018691588,0.8987341772151899,0.9489713972468563,0.7717986706821625,0.9843710260427246,0.8229897828448812,0.8229897828448812,0.8987341772151899,0.0007913827214772477,0.8987341772151899,0.0007913827214772477,45454,36,8,71,0.0007913827214772477,0.10126582278481013,0.8987341772151899,0.04105007999290514,fpr,0.005,1.0,False,,NOT_FINAL_ROUND,,,,,,,,,,,,,,,,,,,,False,0.9982795547909132,0.8747243390000676,709.2481140000473,2.9060800000024756,0.0,0.0,0,0.0,0.0,240,4800,240.0,4800,4800,9600,,not_modelled__session_or_evaluation_key_material_excluded_from_round_payload,0,0,0.0,0.0,actual_generated_protocol_object_bytes,plain_model_update_uplink_plus_plain_global_update_broadcast,model_update_ciphertext_only__auxiliary_protocol_objects_are_counted_in_comm_total,False,single_google_colab_node__logical_client_cloud_authorized_recipient_roles,not_applicable,0.0,0.0,0.0,measured_sum_of_client_protection_plus_server_protected_aggregation_plus_authorized_recovery_or_decryption_ms_per_round,local_training__validation_test_evaluation__transport_latency__serialization_framing_not_explicitly_in_crypto_functions,0.0,0.0,20,20,0,plaintext_update_no_noise,1.0,plain_exact,0,0,False,0,0,False,not_applicable,0,[],0,,True,0.0017204452090867595,0.0017281485220215498,3.9572916666666664,0,0,0,0,0,0,0,0,0,0,0,0,0,20,0,20,0,1,fixed_execution_host_runtime_payload_and_machine_specification__no_unmeasured_absolute_energy_or_carbon_claim,sequential_single_host_wall_clock_and_generated_protocol_object_bytes__machine_specification_recorded__transport_network_facility_energy_not_measured,runtime_payload_measured__energy_not_instrumented,not_reported_without_direct_hardware_energy_instrumentation,not_reported,False,,,,,,,not_reported,0,0.25,not_probed,0,,not_reported__no_valid_colab_network_or_device_energy_scope,,not_reported__no_direct_facility_or_grid_carbon_measurement,0.8746967479999057,Absolute energy and carbon are not reported because direct hardware energy instrumentation is disabled.,False,,,,BASELINE
11,B0_Plain_FL,11,comparative_protocol_experiment,comparative_experiment,main_comparative,Comparative federated-learning and protocol-enforcement experiment.,plain_or_protocol_control,custom_reference_python_prototype,False,,,,,,,,,,{},False,False,,,0,baseline_unenforced,,,,,not_applicable,not_applicable_plain_update_path,,,,not_applicable,0,0,0,False,,{},True,,strict_experiment_side_plaintext_oracle_comparison__max_coordinate_and_rmse_numeric_acceptance_envelope__relative_l2_diagnostic_only__no_plaintext_fallback_after_protected_aggregation_failure,custom_reference_prototype_numeric_acceptance_envelope__max_abs_and_rmse_are_acceptance_gates__relative_l2_is_diagnostic_only__not_a_formal_he_security_or_precision_proof,True,False,PASSED_PLAIN_CONTROL_CHECK,0.0,0.0,0.0,0.029584901545743527,0.029584901545743527,,,,True,True,True,True,finite_and_max_abs_and_rmse,0.9987886661282961,0.7136929460580913,0.6013986013986014,0.8775510204081632,0.9382743143684036,0.7259269901137303,0.9797624909558645,0.7276024306560446,0.7276024306560446,0.8877551020408163,0.0020223691615081597,0.8877551020408163,0.0020223691615081597,56807,57,12,86,0.0010023916713562183,0.12244897959183673,0.8775510204081632,0.04470916518745197,0.04470916518745197,fpr,0.005,0.9990124865588448,0.7593582887700535,0.6574074074074074,0.8987341772151899,0.9489604058201692,0.7682068609511581,0.9842878251166622,0.8230692600491822,0.8230692600491822,0.8987341772151899,0.0008133655748516158,0.8987341772151899,0.0008133655748516158,45453,37,8,71,0.0008133655748516158,0.10126582278481013,0.8987341772151899,0.04470916518745197,fpr,0.005,1.0,False,,NOT_FINAL_ROUND,,,,,,,,,,,,,,,,,,,,False,0.9982795547909132,0.8804991130000417,717.6927910011273,2.984799999921961,0.0,0.0,0,0.0,0.0,240,4800,240.0,4800,4800,9600,,not_modelled__session_or_evaluation_key_material_excluded_from_round_payload,0,0,0.0,0.0,actual_generated_protocol_object_bytes,plain_model_update_uplink_plus_plain_global_update_broadcast,model_update_ciphertext_only__auxiliary_protocol_objects_are_counted_in_comm_total,False,single_google_colab_node__logical_client_cloud_authorized_recipient_roles,not_applicable,0.0,0.0,0.0,measured_sum_of_client_protection_plus_server_protected_aggregation_plus_authorized_recovery_or_decryption_ms_per_round,local_training__validation_test_evaluation__transport_latency__serialization_framing_not_explicitly_in_crypto_functions,0.0,0.0,20,20,0,plaintext_update_no_noise,1.0,plain_exact,0,0,False,0,0,False,not_applicable,0,[],0,,True,0.0017204452090867595,0.0017281485220215498,3.9572916666666664,0,0,0,0,0,0,0,0,0,0,0,0,0,20,0,20,0,1,fixed_execution_host_runtime_payload_and_machine_specification__no_unmeasured_absolute_energy_or_carbon_claim,sequential_single_host_wall_clock_and_generated_protocol_object_bytes__machine_specification_recorded__transport_network_facility_energy_not_measured,runtime_payload_measured__energy_not_instrumented,not_reported_without_direct_hardware_energy_instrumentation,not_reported,False,,,,,,,not_reported,0,0.25,not_probed,0,,not_reported__no_valid_colab_network_or_device_energy_scope,,not_reported__no_direct_facility_or_grid_carbon_measurement,0.8804714189998322,Absolute energy and carbon are not reported because direct hardware energy instrumentation is disabled.,False,,,,BASELINE
11,B0_Plain_FL,12,comparative_protocol_experiment,comparative_experiment,main_comparative,Comparative federated-learning and protocol-enforcement experiment.,plain_or_protocol_control,custom_reference_python_prototype,False,,,,,,,,,,{},False,False,,,0,baseline_unenforced,,,,,not_applicable,not_applicable_plain_update_path,,,,not_applicable,0,0,0,False,,{},True,,strict_experiment_side_plaintext_oracle_comparison__max_coordinate_and_rmse_numeric_acceptance_envelope__relative_l2_diagnostic_only__no_plaintext_fallback_after_protected_aggregation_failure,custom_reference_prototype_numeric_acceptance_envelope__max_abs_and_rmse_are_acceptance_gates__relative_l2_is_diagnostic_only__not_a_formal_he_security_or_precision_proof,True,False,PASSED_PLAIN_CONTROL_CHECK,0.0,0.0,0.0,0.020932175826480496,0.020932175826480496,,,,True,True,True,True,finite_and_max_abs_and_rmse,0.9987886661282961,0.7136929460580913,0.6013986013986014,0.8775510204081632,0.9382743143684036,0.7259269901137303,0.9796474653451701,0.7276869858100631,0.7276869858100631,0.8877551020408163,0.0019344400675295442,0.8877551020408163,0.0019344400675295442,56807,57,12,86,0.0010023916713562183,0.12244897959183673,0.8775510204081632,0.04771281885286813,0.04771281885286813,fpr,0.005,0.9990124865588448,0.7593582887700535,0.6574074074074074,0.8987341772151899,0.9489604058201692,0.7682068609511581,0.9842110242618353,0.8230729711383524,0.8230729711383524,0.8987341772151899,0.0008133655748516158,0.8987341772151899,0.0008133655748516158,45453,37,8,71,0.0008133655748516158,0.10126582278481013,0.8987341772151899,0.04771281885286813,fpr,0.005,1.0,False,,NOT_FINAL_ROUND,,,,,,,,,,,,,,,,,,,,False,0.9982795547909132,0.8610494919998928,702.0436229997813,3.2973969998693065,0.0,0.0,0,0.0,0.0,240,4800,240.0,4800,4800,9600,,not_modelled__session_or_evaluation_key_material_excluded_from_round_payload,0,0,0.0,0.0,actual_generated_protocol_object_bytes,plain_model_update_uplink_plus_plain_global_update_broadcast,model_update_ciphertext_only__auxiliary_protocol_objects_are_counted_in_comm_total,False,single_google_colab_node__logical_client_cloud_authorized_recipient_roles,not_applicable,0.0,0.0,0.0,measured_sum_of_client_protection_plus_server_protected_aggregation_plus_authorized_recovery_or_decryption_ms_per_round,local_training__validation_test_evaluation__transport_latency__serialization_framing_not_explicitly_in_crypto_functions,0.0,0.0,20,20,0,plaintext_update_no_noise,1.0,plain_exact,0,0,False,0,0,False,not_applicable,0,[],0,,True,0.0017204452090867595,0.0017281485220215498,3.9572916666666664,0,0,0,0,0,0,0,0,0,0,0,0,0,20,0,20,0,1,fixed_execution_host_runtime_payload_and_machine_specification__no_unmeasured_absolute_energy_or_carbon_claim,sequential_single_host_wall_clock_and_generated_protocol_object_bytes__machine_specification_recorded__transport_network_facility_energy_not_measured,runtime_payload_measured__energy_not_instrumented,not_reported_without_direct_hardware_energy_instrumentation,not_reported,False,,,,,,,not_reported,0,0.25,not_probed,0,,not_reported__no_valid_colab_network_or_device_energy_scope,,not_reported__no_direct_facility_or_grid_carbon_measurement,0.8610221829999318,Absolute energy and carbon are not reported because direct hardware energy instrumentation is disabled.,False,,,,BASELINE
11,B0_Plain_FL,13,comparative_protocol_experiment,comparative_experiment,main_comparative,Comparative federated-learning and protocol-enforcement experiment.,plain_or_protocol_control,custom_reference_python_prototype,False,,,,,,,,,,{},False,False,,,0,baseline_unenforced,,,,,not_applicable,not_applicable_plain_update_path,,,,not_applicable,0,0,0,False,,{},True,,strict_experiment_side_plaintext_oracle_comparison__max_coordinate_and_rmse_numeric_acceptance_envelope__relative_l2_diagnostic_only__no_plaintext_fallback_after_protected_aggregation_failure,custom_reference_prototype_numeric_acceptance_envelope__max_abs_and_rmse_are_acceptance_gates__relative_l2_is_diagnostic_only__not_a_formal_he_security_or_precision_proof,True,False,PASSED_PLAIN_CONTROL_CHECK,0.0,0.0,0.0,0.014512970828528418,0.014512970828528418,,,,True,True,True,True,finite_and_max_abs_and_rmse,0.9987886661282961,0.7136929460580913,0.6013986013986014,0.8775510204081632,0.9382743143684036,0.7259269901137303,0.9795758659400733,0.7282519813639854,0.7282519813639854,0.8877551020408163,0.001758581879572313,0.8877551020408163,0.001758581879572313,56807,57,12,86,0.0010023916713562183,0.12244897959183673,0.8775510204081632,0.04990508409679249,0.04990508409679249,fpr,0.005,0.9990124865588448,0.7593582887700535,0.6574074074074074,0.8987341772151899,0.9489604058201692,0.7682068609511581,0.9842104677339018,0.8230863669696807,0.8230863669696807,0.8987341772151899,0.0008133655748516158,0.8987341772151899,0.0008133655748516158,45453,37,8,71,0.0008133655748516158,0.10126582278481013,0.8987341772151899,0.04990508409679249,fpr,0.005,1.0,False,,NOT_FINAL_ROUND,,,,,,,,,,,,,,,,,,,,False,0.9982795547909132,0.8728048250000029,711.409811000749,2.9464220001500507,0.0,0.0,0,0.0,0.0,240,4800,240.0,4800,4800,9600,,not_modelled__session_or_evaluation_key_material_excluded_from_round_payload,0,0,0.0,0.0,actual_generated_protocol_object_bytes,plain_model_update_uplink_plus_plain_global_update_broadcast,model_update_ciphertext_only__auxiliary_protocol_objects_are_counted_in_comm_total,False,single_google_colab_node__logical_client_cloud_authorized_recipient_roles,not_applicable,0.0,0.0,0.0,measured_sum_of_client_protection_plus_server_protected_aggregation_plus_authorized_recovery_or_decryption_ms_per_round,local_training__validation_test_evaluation__transport_latency__serialization_framing_not_explicitly_in_crypto_functions,0.0,0.0,20,20,0,plaintext_update_no_noise,1.0,plain_exact,0,0,False,0,0,False,not_applicable,0,[],0,,True,0.0017204452090867595,0.0017281485220215498,3.9572916666666664,0,0,0,0,0,0,0,0,0,0,0,0,0,20,0,20,0,1,fixed_execution_host_runtime_payload_and_machine_specification__no_unmeasured_absolute_energy_or_carbon_claim,sequential_single_host_wall_clock_and_generated_protocol_object_bytes__machine_specification_recorded__transport_network_facility_energy_not_measured,runtime_payload_measured__energy_not_instrumented,not_reported_without_direct_hardware_energy_instrumentation,not_reported,False,,,,,,,not_reported,0,0.25,not_probed,0,,not_reported__no_valid_colab_network_or_device_energy_scope,,not_reported__no_direct_facility_or_grid_carbon_measurement,0.8727793230000316,Absolute energy and carbon are not reported because direct hardware energy instrumentation is disabled.,False,,,,BASELINE
11,B0_Plain_FL,14,comparative_protocol_experiment,comparative_experiment,main_comparative,Comparative federated-learning and protocol-enforcement experiment.,plain_or_protocol_control,custom_reference_python_prototype,False,,,,,,,,,,{},False,False,,,0,baseline_unenforced,,,,,not_applicable,not_applicable_plain_update_path,,,,not_applicable,0,0,0,False,,{},True,,strict_experiment_side_plaintext_oracle_comparison__max_coordinate_and_rmse_numeric_acceptance_envelope__relative_l2_diagnostic_only__no_plaintext_fallback_after_protected_aggregation_failure,custom_reference_prototype_numeric_acceptance_envelope__max_abs_and_rmse_are_acceptance_gates__relative_l2_is_diagnostic_only__not_a_formal_he_security_or_precision_proof,True,False,PASSED_PLAIN_CONTROL_CHECK,0.0,0.0,0.0,0.01292647582615894,0.01292647582615894,,,,True,True,True,True,finite_and_max_abs_and_rmse,0.9987886661282961,0.7136929460580913,0.6013986013986014,0.8775510204081632,0.9382743143684036,0.7259269901137303,0.979520237329597,0.7285107208577526,0.7285107208577526,0.8877551020408163,0.001653066966797974,0.8877551020408163,0.001653066966797974,56807,57,12,86,0.0010023916713562183,0.12244897959183673,0.8775510204081632,0.051849944767674364,0.051849944767674364,fpr,0.005,0.9990124865588448,0.7593582887700535,0.6574074074074074,0.8987341772151899,0.9489604058201692,0.7682068609511581,0.9841150231933017,0.8232294358372142,0.8232294358372142,0.8987341772151899,0.0008133655748516158,0.8987341772151899,0.0008133655748516158,45453,37,8,71,0.0008133655748516158,0.10126582278481013,0.8987341772151899,0.051849944767674364,fpr,0.005,1.0,False,,NOT_FINAL_ROUND,,,,,,,,,,,,,,,,,,,,False,0.9982795547909132,0.8541661070000828,669.8355929997888,3.1179919997157413,0.0,0.0,0,0.0,0.0,240,4800,240.0,4800,4800,9600,,not_modelled__session_or_evaluation_key_material_excluded_from_round_payload,0,0,0.0,0.0,actual_generated_protocol_object_bytes,plain_model_update_uplink_plus_plain_global_update_broadcast,model_update_ciphertext_only__auxiliary_protocol_objects_are_counted_in_comm_total,False,single_google_colab_node__logical_client_cloud_authorized_recipient_roles,not_applicable,0.0,0.0,0.0,measured_sum_of_client_protection_plus_server_protected_aggregation_plus_authorized_recovery_or_decryption_ms_per_round,local_training__validation_test_evaluation__transport_latency__serialization_framing_not_explicitly_in_crypto_functions,0.0,0.0,20,20,0,plaintext_update_no_noise,1.0,plain_exact,0,0,False,0,0,False,not_applicable,0,[],0,,True,0.0017204452090867595,0.0017281485220215498,3.9572916666666664,0,0,0,0,0,0,0,0,0,0,0,0,0,20,0,20,0,1,fixed_execution_host_runtime_payload_and_machine_specification__no_unmeasured_absolute_energy_or_carbon_claim,sequential_single_host_wall_clock_and_generated_protocol_object_bytes__machine_specification_recorded__transport_network_facility_energy_not_measured,runtime_payload_measured__energy_not_instrumented,not_reported_without_direct_hardware_energy_instrumentation,not_reported,False,,,,,,,not_reported,0,0.25,not_probed,0,,not_reported__no_valid_colab_network_or_device_energy_scope,,not_reported__no_direct_facility_or_grid_carbon_measurement,0.8541402319999634,Absolute energy and carbon are not reported because direct hardware energy instrumentation is disabled.,False,,,,BASELINE
11,B0_Plain_FL,15,comparative_protocol_experiment,comparative_experiment,main_comparative,Comparative federated-learning and protocol-enforcement experiment.,plain_or_protocol_control,custom_reference_python_prototype,False,,,,,,,,,,{},False,False,,,0,baseline_unenforced,,,,,not_applicable,not_applicable_plain_update_path,,,,not_applicable,0,0,0,False,,{},True,,strict_experiment_side_plaintext_oracle_comparison__max_coordinate_and_rmse_numeric_acceptance_envelope__relative_l2_diagnostic_only__no_plaintext_fallback_after_protected_aggregation_failure,custom_reference_prototype_numeric_acceptance_envelope__max_abs_and_rmse_are_acceptance_gates__relative_l2_is_diagnostic_only__not_a_formal_he_security_or_precision_proof,True,False,PASSED_PLAIN_CONTROL_CHECK,0.0,0.0,0.0,0.008974105448918137,0.008974105448918137,,,,True,True,True,True,finite_and_max_abs_and_rmse,0.9988062216916541,0.7166666666666667,0.6056338028169014,0.8775510204081632,0.9382831072778014,0.7284867912883576,0.979440383356494,0.7285588186414752,0.7285588186414752,0.8877551020408163,0.001494794597636466,0.8877551020408163,0.001494794597636466,56808,56,12,86,0.0009848058525604951,0.12244897959183673,0.8775510204081632,0.05272864309091073,0.05272864309091073,fpr,0.005,0.9990344313019817,0.7634408602150538,0.6635514018691588,0.8987341772151899,0.9489713972468563,0.7717986706821625,0.9841431278539448,0.8233117954313812,0.8233117954313812,0.8987341772151899,0.0007913827214772477,0.8987341772151899,0.0007913827214772477,45454,36,8,71,0.0007913827214772477,0.10126582278481013,0.8987341772151899,0.05272864309091073,fpr,0.005,1.0,False,,NOT_FINAL_ROUND,,,,,,,,,,,,,,,,,,,,False,0.9982795547909132,0.8736121019999246,710.4401779995442,2.991890000203057,0.0,0.0,0,0.0,0.0,240,4800,240.0,4800,4800,9600,,not_modelled__session_or_evaluation_key_material_excluded_from_round_payload,0,0,0.0,0.0,actual_generated_protocol_object_bytes,plain_model_update_uplink_plus_plain_global_update_broadcast,model_update_ciphertext_only__auxiliary_protocol_objects_are_counted_in_comm_total,False,single_google_colab_node__logical_client_cloud_authorized_recipient_roles,not_applicable,0.0,0.0,0.0,measured_sum_of_client_protection_plus_server_protected_aggregation_plus_authorized_recovery_or_decryption_ms_per_round,local_training__validation_test_evaluation__transport_latency__serialization_framing_not_explicitly_in_crypto_functions,0.0,0.0,20,20,0,plaintext_update_no_noise,1.0,plain_exact,0,0,False,0,0,False,not_applicable,0,[],0,,True,0.0017204452090867595,0.0017281485220215498,3.9572916666666664,0,0,0,0,0,0,0,0,0,0,0,0,0,20,0,20,0,1,fixed_execution_host_runtime_payload_and_machine_specification__no_unmeasured_absolute_energy_or_carbon_claim,sequential_single_host_wall_clock_and_generated_protocol_object_bytes__machine_specification_recorded__transport_network_facility_energy_not_measured,runtime_payload_measured__energy_not_instrumented,not_reported_without_direct_hardware_energy_instrumentation,not_reported,False,,,,,,,not_reported,0,0.25,not_probed,0,,not_reported__no_valid_colab_network_or_device_energy_scope,,not_reported__no_direct_facility_or_grid_carbon_measurement,0.873585520000006,Absolute energy and carbon are not reported because direct hardware energy instrumentation is disabled.,False,,,,BASELINE
11,B0_Plain_FL,16,comparative_protocol_experiment,comparative_experiment,main_comparative,Comparative federated-learning and protocol-enforcement experiment.,plain_or_protocol_control,custom_reference_python_prototype,False,,,,,,,,,,{},False,False,,,0,baseline_unenforced,,,,,not_applicable,not_applicable_plain_update_path,,,,not_applicable,0,0,0,False,,{},True,,strict_experiment_side_plaintext_oracle_comparison__max_coordinate_and_rmse_numeric_acceptance_envelope__relative_l2_diagnostic_only__no_plaintext_fallback_after_protected_aggregation_failure,custom_reference_prototype_numeric_acceptance_envelope__max_abs_and_rmse_are_acceptance_gates__relative_l2_is_diagnostic_only__not_a_formal_he_security_or_precision_proof,True,False,PASSED_PLAIN_CONTROL_CHECK,0.0,0.0,0.0,0.007245212747561435,0.007245212747561435,,,,True,True,True,True,finite_and_max_abs_and_rmse,0.9988062216916541,0.7166666666666667,0.6056338028169014,0.8775510204081632,0.9382831072778014,0.7284867912883576,0.9793983927279409,0.7285726884591079,0.7285726884591079,0.8877551020408163,0.001494794597636466,0.8877551020408163,0.001494794597636466,56808,56,12,86,0.0009848058525604951,0.12244897959183673,0.8775510204081632,0.053178327180021925,0.053178327180021925,fpr,0.005,0.9990563760451184,0.7675675675675676,0.6698113207547169,0.8987341772151899,0.9489823886735436,0.7754411396718406,0.9841250406961051,0.8233914742787286,0.8233914742787286,0.8987341772151899,0.0007693998681028798,0.8987341772151899,0.0007693998681028798,45455,35,8,71,0.0007693998681028798,0.10126582278481013,0.8987341772151899,0.053178327180021925,fpr,0.005,1.0,False,,NOT_FINAL_ROUND,,,,,,,,,,,,,,,,,,,,False,0.9982795547909132,0.874906147999809,716.083092999952,2.9277349999574653,0.0,0.0,0,0.0,0.0,240,4800,240.0,4800,4800,9600,,not_modelled__session_or_evaluation_key_material_excluded_from_round_payload,0,0,0.0,0.0,actual_generated_protocol_object_bytes,plain_model_update_uplink_plus_plain_global_update_broadcast,model_update_ciphertext_only__auxiliary_protocol_objects_are_counted_in_comm_total,False,single_google_colab_node__logical_client_cloud_authorized_recipient_roles,not_applicable,0.0,0.0,0.0,measured_sum_of_client_protection_plus_server_protected_aggregation_plus_authorized_recovery_or_decryption_ms_per_round,local_training__validation_test_evaluation__transport_latency__serialization_framing_not_explicitly_in_crypto_functions,0.0,0.0,20,20,0,plaintext_update_no_noise,1.0,plain_exact,0,0,False,0,0,False,not_applicable,0,[],0,,True,0.0017204452090867595,0.0017281485220215498,3.9572916666666664,0,0,0,0,0,0,0,0,0,0,0,0,0,20,0,20,0,1,fixed_execution_host_runtime_payload_and_machine_specification__no_unmeasured_absolute_energy_or_carbon_claim,sequential_single_host_wall_clock_and_generated_protocol_object_bytes__machine_specification_recorded__transport_network_facility_energy_not_measured,runtime_payload_measured__energy_not_instrumented,not_reported_without_direct_hardware_energy_instrumentation,not_reported,False,,,,,,,not_reported,0,0.25,not_probed,0,,not_reported__no_valid_colab_network_or_device_energy_scope,,not_reported__no_direct_facility_or_grid_carbon_measurement,0.8748759249999694,Absolute energy and carbon are not reported because direct hardware energy instrumentation is disabled.,False,,,,BASELINE
11,B0_Plain_FL,17,comparative_protocol_experiment,comparative_experiment,main_comparative,Comparative federated-learning and protocol-enforcement experiment.,plain_or_protocol_control,custom_reference_python_prototype,False,,,,,,,,,,{},False,False,,,0,baseline_unenforced,,,,,not_applicable,not_applicable_plain_update_path,,,,not_applicable,0,0,0,False,,{},True,,strict_experiment_side_plaintext_oracle_comparison__max_coordinate_and_rmse_numeric_acceptance_envelope__relative_l2_diagnostic_only__no_plaintext_fallback_after_protected_aggregation_failure,custom_reference_prototype_numeric_acceptance_envelope__max_abs_and_rmse_are_acceptance_gates__relative_l2_is_diagnostic_only__not_a_formal_he_security_or_precision_proof,True,False,PASSED_PLAIN_CONTROL_CHECK,0.0,0.0,0.0,0.00596454880126119,0.00596454880126119,,,,True,True,True,True,finite_and_max_abs_and_rmse,0.9988062216916541,0.7166666666666667,0.6056338028169014,0.8775510204081632,0.9382831072778014,0.7284867912883576,0.9793610677247826,0.7282423415205372,0.7282423415205372,0.8877551020408163,0.001494794597636466,0.8877551020408163,0.001494794597636466,56808,56,12,86,0.0009848058525604951,0.12244897959183673,0.8775510204081632,0.05325986913703775,0.05325986913703775,fpr,0.005,0.9990563760451184,0.7675675675675676,0.6698113207547169,0.8987341772151899,0.9489823886735436,0.7754411396718406,0.9841539801486486,0.823392451327404,0.823392451327404,0.8987341772151899,0.0007693998681028798,0.8987341772151899,0.0007693998681028798,45455,35,8,71,0.0007693998681028798,0.10126582278481013,0.8987341772151899,0.05325986913703775,fpr,0.005,1.0,False,,NOT_FINAL_ROUND,,,,,,,,,,,,,,,,,,,,False,0.9982795547909132,0.8728867560000708,712.9734149998512,2.968121999856521,0.0,0.0,0,0.0,0.0,240,4800,240.0,4800,4800,9600,,not_modelled__session_or_evaluation_key_material_excluded_from_round_payload,0,0,0.0,0.0,actual_generated_protocol_object_bytes,plain_model_update_uplink_plus_plain_global_update_broadcast,model_update_ciphertext_only__auxiliary_protocol_objects_are_counted_in_comm_total,False,single_google_colab_node__logical_client_cloud_authorized_recipient_roles,not_applicable,0.0,0.0,0.0,measured_sum_of_client_protection_plus_server_protected_aggregation_plus_authorized_recovery_or_decryption_ms_per_round,local_training__validation_test_evaluation__transport_latency__serialization_framing_not_explicitly_in_crypto_functions,0.0,0.0,20,20,0,plaintext_update_no_noise,1.0,plain_exact,0,0,False,0,0,False,not_applicable,0,[],0,,True,0.0017204452090867595,0.0017281485220215498,3.9572916666666664,0,0,0,0,0,0,0,0,0,0,0,0,0,20,0,20,0,1,fixed_execution_host_runtime_payload_and_machine_specification__no_unmeasured_absolute_energy_or_carbon_claim,sequential_single_host_wall_clock_and_generated_protocol_object_bytes__machine_specification_recorded__transport_network_facility_energy_not_measured,runtime_payload_measured__energy_not_instrumented,not_reported_without_direct_hardware_energy_instrumentation,not_reported,False,,,,,,,not_reported,0,0.25,not_probed,0,,not_reported__no_valid_colab_network_or_device_energy_scope,,not_reported__no_direct_facility_or_grid_carbon_measurement,0.8728595890001998,Absolute energy and carbon are not reported because direct hardware energy instrumentation is disabled.,False,,,,BASELINE
11,B0_Plain_FL,18,comparative_protocol_experiment,comparative_experiment,main_comparative,Comparative federated-learning and protocol-enforcement experiment.,plain_or_protocol_control,custom_reference_python_prototype,False,,,,,,,,,,{},False,False,,,0,baseline_unenforced,,,,,not_applicable,not_applicable_plain_update_path,,,,not_applicable,0,0,0,False,,{},True,,strict_experiment_side_plaintext_oracle_comparison__max_coordinate_and_rmse_numeric_acceptance_envelope__relative_l2_diagnostic_only__no_plaintext_fallback_after_protected_aggregation_failure,custom_reference_prototype_numeric_acceptance_envelope__max_abs_and_rmse_are_acceptance_gates__relative_l2_is_diagnostic_only__not_a_formal_he_security_or_precision_proof,True,False,PASSED_PLAIN_CONTROL_CHECK,0.0,0.0,0.0,0.007086091805646044,0.007086091805646044,,,,True,True,True,True,finite_and_max_abs_and_rmse,0.9988062216916541,0.7166666666666667,0.6056338028169014,0.8775510204081632,0.9382831072778014,0.7284867912883576,0.9792991584647365,0.7281927315086208,0.7281927315086208,0.8877551020408163,0.0014772087788407428,0.8877551020408163,0.0014772087788407428,56808,56,12,86,0.0009848058525604951,0.12244897959183673,0.8775510204081632,0.052888750489246544,0.052888750489246544,fpr,0.005,0.9990563760451184,0.7675675675675676,0.6698113207547169,0.8987341772151899,0.9489823886735436,0.7754411396718406,0.9842193721808382,0.8233950075058971,0.8233950075058971,0.8987341772151899,0.0007693998681028798,0.8987341772151899,0.0007693998681028798,45455,35,8,71,0.0007693998681028798,0.10126582278481013,0.8987341772151899,0.052888750489246544,fpr,0.005,1.0,False,,NOT_FINAL_ROUND,,,,,,,,,,,,,,,,,,,,False,0.9982795547909132,0.8534576450001623,694.7108209994894,3.1212089998007286,0.0,0.0,0,0.0,0.0,240,4800,240.0,4800,4800,9600,,not_modelled__session_or_evaluation_key_material_excluded_from_round_payload,0,0,0.0,0.0,actual_generated_protocol_object_bytes,plain_model_update_uplink_plus_plain_global_update_broadcast,model_update_ciphertext_only__auxiliary_protocol_objects_are_counted_in_comm_total,False,single_google_colab_node__logical_client_cloud_authorized_recipient_roles,not_applicable,0.0,0.0,0.0,measured_sum_of_client_protection_plus_server_protected_aggregation_plus_authorized_recovery_or_decryption_ms_per_round,local_training__validation_test_evaluation__transport_latency__serialization_framing_not_explicitly_in_crypto_functions,0.0,0.0,20,20,0,plaintext_update_no_noise,1.0,plain_exact,0,0,False,0,0,False,not_applicable,0,[],0,,True,0.0017204452090867595,0.0017281485220215498,3.9572916666666664,0,0,0,0,0,0,0,0,0,0,0,0,0,20,0,20,0,1,fixed_execution_host_runtime_payload_and_machine_specification__no_unmeasured_absolute_energy_or_carbon_claim,sequential_single_host_wall_clock_and_generated_protocol_object_bytes__machine_specification_recorded__transport_network_facility_energy_not_measured,runtime_payload_measured__energy_not_instrumented,not_reported_without_direct_hardware_energy_instrumentation,not_reported,False,,,,,,,not_reported,0,0.25,not_probed,0,,not_reported__no_valid_colab_network_or_device_energy_scope,,not_reported__no_direct_facility_or_grid_carbon_measurement,0.8534320979999848,Absolute energy and carbon are not reported because direct hardware energy instrumentation is disabled.,False,,,,BASELINE
11,B0_Plain_FL,19,comparative_protocol_experiment,comparative_experiment,main_comparative,Comparative federated-learning and protocol-enforcement experiment.,plain_or_protocol_control,custom_reference_python_prototype,False,,,,,,,,,,{},False,False,,,0,baseline_unenforced,,,,,not_applicable,not_applicable_plain_update_path,,,,not_applicable,0,0,0,False,,{},True,,strict_experiment_side_plaintext_oracle_comparison__max_coordinate_and_rmse_numeric_acceptance_envelope__relative_l2_diagnostic_only__no_plaintext_fallback_after_protected_aggregation_failure,custom_reference_prototype_numeric_acceptance_envelope__max_abs_and_rmse_are_acceptance_gates__relative_l2_is_diagnostic_only__not_a_formal_he_security_or_precision_proof,True,False,PASSED_PLAIN_CONTROL_CHECK,0.0,0.0,0.0,0.005906992657671588,0.005906992657671588,,,,True,True,True,True,finite_and_max_abs_and_rmse,0.9988062216916541,0.7166666666666667,0.6056338028169014,0.8775510204081632,0.9382831072778014,0.7284867912883576,0.979232404132165,0.7281547117895657,0.7281547117895657,0.8877551020408163,0.0014772087788407428,0.8877551020408163,0.0014772087788407428,56808,56,12,86,0.0009848058525604951,0.12244897959183673,0.8775510204081632,0.0536754218465639,0.0536754218465639,fpr,0.005,0.9990563760451184,0.7675675675675676,0.6698113207547169,0.8987341772151899,0.9489823886735436,0.7754411396718406,0.9842427463540464,0.8234021012439863,0.8234021012439863,0.8987341772151899,0.0007693998681028798,0.8987341772151899,0.0007693998681028798,45455,35,8,71,0.0007693998681028798,0.10126582278481013,0.8987341772151899,0.0536754218465639,fpr,0.005,1.0,False,,NOT_FINAL_ROUND,,,,,,,,,,,,,,,,,,,,False,0.9982795547909132,1.1351967849998346,890.631787000757,3.2853099994554213,0.0,0.0,0,0.0,0.0,240,4800,240.0,4800,4800,9600,,not_modelled__session_or_evaluation_key_material_excluded_from_round_payload,0,0,0.0,0.0,actual_generated_protocol_object_bytes,plain_model_update_uplink_plus_plain_global_update_broadcast,model_update_ciphertext_only__auxiliary_protocol_objects_are_counted_in_comm_total,False,single_google_colab_node__logical_client_cloud_authorized_recipient_roles,not_applicable,0.0,0.0,0.0,measured_sum_of_client_protection_plus_server_protected_aggregation_plus_authorized_recovery_or_decryption_ms_per_round,local_training__validation_test_evaluation__transport_latency__serialization_framing_not_explicitly_in_crypto_functions,0.0,0.0,20,20,0,plaintext_update_no_noise,1.0,plain_exact,0,0,False,0,0,False,not_applicable,0,[],0,,True,0.0017204452090867595,0.0017281485220215498,3.9572916666666664,0,0,0,0,0,0,0,0,0,0,0,0,0,20,0,20,0,1,fixed_execution_host_runtime_payload_and_machine_specification__no_unmeasured_absolute_energy_or_carbon_claim,sequential_single_host_wall_clock_and_generated_protocol_object_bytes__machine_specification_recorded__transport_network_facility_energy_not_measured,runtime_payload_measured__energy_not_instrumented,not_reported_without_direct_hardware_energy_instrumentation,not_reported,False,,,,,,,not_reported,0,0.25,not_probed,0,,not_reported__no_valid_colab_network_or_device_energy_scope,,not_reported__no_direct_facility_or_grid_carbon_measurement,1.135169039999937,Absolute energy and carbon are not reported because direct hardware energy instrumentation is disabled.,False,,,,BASELINE
11,B0_Plain_FL,20,comparative_protocol_experiment,comparative_experiment,main_comparative,Comparative federated-learning and protocol-enforcement experiment.,plain_or_protocol_control,custom_reference_python_prototype,False,,,,,,,,,,{},False,False,,,0,baseline_unenforced,,,,,not_applicable,not_applicable_plain_update_path,,,,not_applicable,0,0,0,False,,{},True,,strict_experiment_side_plaintext_oracle_comparison__max_coordinate_and_rmse_numeric_acceptance_envelope__relative_l2_diagnostic_only__no_plaintext_fallback_after_protected_aggregation_failure,custom_reference_prototype_numeric_acceptance_envelope__max_abs_and_rmse_are_acceptance_gates__relative_l2_is_diagnostic_only__not_a_formal_he_security_or_precision_proof,True,False,PASSED_PLAIN_CONTROL_CHECK,0.0,0.0,0.0,0.004953798109858148,0.004953798109858148,,,,True,True,True,True,finite_and_max_abs_and_rmse,0.9988237772550121,0.7196652719665272,0.6099290780141844,0.8775510204081632,0.9382919001871992,0.7310737472020886,0.9792130238420635,0.7281488035929716,0.7281488035929716,0.8877551020408163,0.0014596229600450197,0.8877551020408163,0.0014596229600450197,56809,55,12,86,0.0009672200337647721,0.12244897959183673,0.8775510204081632,0.053412515124040105,0.053412515124040105,fpr,0.005,0.9990563760451184,0.7675675675675676,0.6698113207547169,0.8987341772151899,0.9489823886735436,0.7754411396718406,0.9842839294211275,0.823401870966042,0.823401870966042,0.8987341772151899,0.0007693998681028798,0.8987341772151899,0.0007693998681028798,45455,35,8,71,0.0007693998681028798,0.10126582278481013,0.8987341772151899,0.053412515124040105,fpr,0.005,1.0,True,,NO_REFERENCE_DEFINED,,,,,,,,,,,,,,,,,,,,False,0.9982795547909132,1.3383385500001168,1099.298058000386,3.661655999849245,0.0,0.0,0,0.0,0.0,240,4800,240.0,4800,4800,9600,,not_modelled__session_or_evaluation_key_material_excluded_from_round_payload,0,0,0.0,0.0,actual_generated_protocol_object_bytes,plain_model_update_uplink_plus_plain_global_update_broadcast,model_update_ciphertext_only__auxiliary_protocol_objects_are_counted_in_comm_total,False,single_google_colab_node__logical_client_cloud_authorized_recipient_roles,not_applicable,0.0,0.0,0.0,measured_sum_of_client_protection_plus_server_protected_aggregation_plus_authorized_recovery_or_decryption_ms_per_round,local_training__validation_test_evaluation__transport_latency__serialization_framing_not_explicitly_in_crypto_functions,0.0,0.0,20,20,0,plaintext_update_no_noise,1.0,plain_exact,0,0,False,0,0,False,not_applicable,0,[],0,,True,0.0017204452090867595,0.0017281485220215498,3.9572916666666664,0,0,0,0,0,0,0,0,0,0,0,0,0,20,0,20,0,1,fixed_execution_host_runtime_payload_and_machine_specification__no_unmeasured_absolute_energy_or_carbon_claim,sequential_single_host_wall_clock_and_generated_protocol_object_bytes__machine_specification_recorded__transport_network_facility_energy_not_measured,runtime_payload_measured__energy_not_instrumented,not_reported_without_direct_hardware_energy_instrumentation,not_reported,False,,,,,,,not_reported,0,0.25,not_probed,0,,not_reported__no_valid_colab_network_or_device_energy_scope,,not_reported__no_direct_facility_or_grid_carbon_measurement,1.3383066169999438,Absolute energy and carbon are not reported because direct hardware energy instrumentation is disabled.,False,,,,BASELINE
19,B0_Plain_FL,1,comparative_protocol_experiment,comparative_experiment,main_comparative,Comparative federated-learning and protocol-enforcement experiment.,plain_or_protocol_control,custom_reference_python_prototype,False,,,,,,,,,,{},False,False,,,0,baseline_unenforced,,,,,not_applicable,not_applicable_plain_update_path,,,,not_applicable,0,0,0,False,,{},True,,strict_experiment_side_plaintext_oracle_comparison__max_coordinate_and_rmse_numeric_acceptance_envelope__relative_l2_diagnostic_only__no_plaintext_fallback_after_protected_aggregation_failure,custom_reference_prototype_numeric_acceptance_envelope__max_abs_and_rmse_are_acceptance_gates__relative_l2_is_diagnostic_only__not_a_formal_he_security_or_precision_proof,True,False,PASSED_PLAIN_CONTROL_CHECK,0.0,0.0,0.0,0.43069948986273443,0.43069948986273443,,,,True,True,True,True,finite_and_max_abs_and_rmse,0.9977002212000983,0.5647840531561462,0.4187192118226601,0.8673469387755102,0.9326359060788074,0.6017538953620911,0.9610605110080048,0.7047039697528662,0.7047039697528662,0.8775510204081632,0.0023389138998311763,0.8775510204081632,0.0023389138998311763,56746,118,13,85,0.002075126617895329,0.1326530612244898,0.8673469387755102,0.00328784850435005,0.00328784850435005,fpr,0.005,0.9979371941451425,0.6016949152542372,0.45222929936305734,0.8987341772151899,0.9484218259124971,0.6367267733804268,0.9667571952105206,0.8008833968489527,0.8008833968489527,0.8987341772151899,0.0018905253901956474,0.8987341772151899,0.0018905253901956474,45404,86,8,71,0.0018905253901956474,0.10126582278481013,0.8987341772151899,0.00328784850435005,fpr,0.005,1.0,False,,NOT_FINAL_ROUND,,,,,,,,,,,,,,,,,,,,False,0.9982795547909132,1.3684281579999151,1150.8909840008528,3.8513580000199,0.0,0.0,0,0.0,0.0,240,4800,240.0,4800,4800,9600,,not_modelled__session_or_evaluation_key_material_excluded_from_round_payload,0,0,0.0,0.0,actual_generated_protocol_object_bytes,plain_model_update_uplink_plus_plain_global_update_broadcast,model_update_ciphertext_only__auxiliary_protocol_objects_are_counted_in_comm_total,False,single_google_colab_node__logical_client_cloud_authorized_recipient_roles,not_applicable,0.0,0.0,0.0,measured_sum_of_client_protection_plus_server_protected_aggregation_plus_authorized_recovery_or_decryption_ms_per_round,local_training__validation_test_evaluation__transport_latency__serialization_framing_not_explicitly_in_crypto_functions,0.0,0.0,20,20,0,plaintext_update_no_noise,1.0,plain_exact,0,0,False,0,0,False,not_applicable,0,[],0,,True,0.0017204452090867595,0.0017281485220215498,3.9572916666666664,0,0,0,0,0,0,0,0,0,0,0,0,0,20,0,20,0,1,fixed_execution_host_runtime_payload_and_machine_specification__no_unmeasured_absolute_energy_or_carbon_claim,sequential_single_host_wall_clock_and_generated_protocol_object_bytes__machine_specification_recorded__transport_network_facility_energy_not_measured,runtime_payload_measured__energy_not_instrumented,not_reported_without_direct_hardware_energy_instrumentation,not_reported,False,,,,,,,not_reported,0,0.25,not_probed,0,,not_reported__no_valid_colab_network_or_device_energy_scope,,not_reported__no_direct_facility_or_grid_carbon_measurement,1.368389594999826,Absolute energy and carbon are not reported because direct hardware energy instrumentation is disabled.,False,,,,BASELINE
19,B0_Plain_FL,2,comparative_protocol_experiment,comparative_experiment,main_comparative,Comparative federated-learning and protocol-enforcement experiment.,plain_or_protocol_control,custom_reference_python_prototype,False,,,,,,,,,,{},False,False,,,0,baseline_unenforced,,,,,not_applicable,not_applicable_plain_update_path,,,,not_applicable,0,0,0,False,,{},True,,strict_experiment_side_plaintext_oracle_comparison__max_coordinate_and_rmse_numeric_acceptance_envelope__relative_l2_diagnostic_only__no_plaintext_fallback_after_protected_aggregation_failure,custom_reference_prototype_numeric_acceptance_envelope__max_abs_and_rmse_are_acceptance_gates__relative_l2_is_diagnostic_only__not_a_formal_he_security_or_precision_proof,True,False,PASSED_PLAIN_CONTROL_CHECK,0.0,0.0,0.0,0.38112849316832925,0.38112849316832925,,,,True,True,True,True,finite_and_max_abs_and_rmse,0.9986306660580738,0.688,0.5657894736842105,0.8775510204081632,0.9381951781838227,0.7040364466208974,0.9713848222181388,0.7197852780151583,0.7197852780151583,0.8775510204081632,0.0011606640405177266,0.8877551020408163,0.005750562746201463,56798,66,12,86,0.0011606640405177266,0.12244897959183673,0.8775510204081632,0.005568685513759495,0.005568685513759495,fpr,0.005,0.9989685970725712,0.7513227513227513,0.6454545454545455,0.8987341772151899,0.9489384229667948,0.7611705988977794,0.9717784684907798,0.8182638778120889,0.8182638778120889,0.8987341772151899,0.0008573312816003517,0.8987341772151899,0.0008573312816003517,45451,39,8,71,0.0008573312816003517,0.10126582278481013,0.8987341772151899,0.005568685513759495,fpr,0.005,1.0,False,,NOT_FINAL_ROUND,,,,,,,,,,,,,,,,,,,,False,0.9982795547909132,1.1814144009999836,1016.546547999269,3.735511999366281,0.0,0.0,0,0.0,0.0,240,4800,240.0,4800,4800,9600,,not_modelled__session_or_evaluation_key_material_excluded_from_round_payload,0,0,0.0,0.0,actual_generated_protocol_object_bytes,plain_model_update_uplink_plus_plain_global_update_broadcast,model_update_ciphertext_only__auxiliary_protocol_objects_are_counted_in_comm_total,False,single_google_colab_node__logical_client_cloud_authorized_recipient_roles,not_applicable,0.0,0.0,0.0,measured_sum_of_client_protection_plus_server_protected_aggregation_plus_authorized_recovery_or_decryption_ms_per_round,local_training__validation_test_evaluation__transport_latency__serialization_framing_not_explicitly_in_crypto_functions,0.0,0.0,20,20,0,plaintext_update_no_noise,1.0,plain_exact,0,0,False,0,0,False,not_applicable,0,[],0,,True,0.0017204452090867595,0.0017281485220215498,3.9572916666666664,0,0,0,0,0,0,0,0,0,0,0,0,0,20,0,20,0,1,fixed_execution_host_runtime_payload_and_machine_specification__no_unmeasured_absolute_energy_or_carbon_claim,sequential_single_host_wall_clock_and_generated_protocol_object_bytes__machine_specification_recorded__transport_network_facility_energy_not_measured,runtime_payload_measured__energy_not_instrumented,not_reported_without_direct_hardware_energy_instrumentation,not_reported,False,,,,,,,not_reported,0,0.25,not_probed,0,,not_reported__no_valid_colab_network_or_device_energy_scope,,not_reported__no_direct_facility_or_grid_carbon_measurement,1.1813659619999726,Absolute energy and carbon are not reported because direct hardware energy instrumentation is disabled.,False,,,,BASELINE
19,B0_Plain_FL,3,comparative_protocol_experiment,comparative_experiment,main_comparative,Comparative federated-learning and protocol-enforcement experiment.,plain_or_protocol_control,custom_reference_python_prototype,False,,,,,,,,,,{},False,False,,,0,baseline_unenforced,,,,,not_applicable,not_applicable_plain_update_path,,,,not_applicable,0,0,0,False,,{},True,,strict_experiment_side_plaintext_oracle_comparison__max_coordinate_and_rmse_numeric_acceptance_envelope__relative_l2_diagnostic_only__no_plaintext_fallback_after_protected_aggregation_failure,custom_reference_prototype_numeric_acceptance_envelope__max_abs_and_rmse_are_acceptance_gates__relative_l2_is_diagnostic_only__not_a_formal_he_security_or_precision_proof,True,False,PASSED_PLAIN_CONTROL_CHECK,0.0,0.0,0.0,0.3029701816324834,0.3029701816324834,,,,True,True,True,True,finite_and_max_abs_and_rmse,0.9989115550718023,0.7350427350427351,0.6323529411764706,0.8775510204081632,0.9383358647341886,0.7444332199599135,0.9776529104889001,0.7222270836375346,0.7222270836375346,0.8877551020408163,0.0045371412492965675,0.8877551020408163,0.0045371412492965675,56814,50,12,86,0.0008792909397861565,0.12244897959183673,0.8775510204081632,0.008739281735553541,0.008739281735553541,fpr,0.005,0.9990563760451184,0.7675675675675676,0.6698113207547169,0.8987341772151899,0.9489823886735436,0.7754411396718406,0.9769249605560827,0.8212665750967285,0.8212665750967285,0.8987341772151899,0.0007693998681028798,0.8987341772151899,0.0007693998681028798,45455,35,8,71,0.0007693998681028798,0.10126582278481013,0.8987341772151899,0.008739281735553541,fpr,0.005,1.0,False,,NOT_FINAL_ROUND,,,,,,,,,,,,,,,,,,,,False,0.9982795547909132,0.8760555070000464,719.0865050001776,3.1306039998071356,0.0,0.0,0,0.0,0.0,240,4800,240.0,4800,4800,9600,,not_modelled__session_or_evaluation_key_material_excluded_from_round_payload,0,0,0.0,0.0,actual_generated_protocol_object_bytes,plain_model_update_uplink_plus_plain_global_update_broadcast,model_update_ciphertext_only__auxiliary_protocol_objects_are_counted_in_comm_total,False,single_google_colab_node__logical_client_cloud_authorized_recipient_roles,not_applicable,0.0,0.0,0.0,measured_sum_of_client_protection_plus_server_protected_aggregation_plus_authorized_recovery_or_decryption_ms_per_round,local_training__validation_test_evaluation__transport_latency__serialization_framing_not_explicitly_in_crypto_functions,0.0,0.0,20,20,0,plaintext_update_no_noise,1.0,plain_exact,0,0,False,0,0,False,not_applicable,0,[],0,,True,0.0017204452090867595,0.0017281485220215498,3.9572916666666664,0,0,0,0,0,0,0,0,0,0,0,0,0,20,0,20,0,1,fixed_execution_host_runtime_payload_and_machine_specification__no_unmeasured_absolute_energy_or_carbon_claim,sequential_single_host_wall_clock_and_generated_protocol_object_bytes__machine_specification_recorded__transport_network_facility_energy_not_measured,runtime_payload_measured__energy_not_instrumented,not_reported_without_direct_hardware_energy_instrumentation,not_reported,False,,,,,,,not_reported,0,0.25,not_probed,0,,not_reported__no_valid_colab_network_or_device_energy_scope,,not_reported__no_direct_facility_or_grid_carbon_measurement,0.876024814999937,Absolute energy and carbon are not reported because direct hardware energy instrumentation is disabled.,False,,,,BASELINE
19,B0_Plain_FL,4,comparative_protocol_experiment,comparative_experiment,main_comparative,Comparative federated-learning and protocol-enforcement experiment.,plain_or_protocol_control,custom_reference_python_prototype,False,,,,,,,,,,{},False,False,,,0,baseline_unenforced,,,,,not_applicable,not_applicable_plain_update_path,,,,not_applicable,0,0,0,False,,{},True,,strict_experiment_side_plaintext_oracle_comparison__max_coordinate_and_rmse_numeric_acceptance_envelope__relative_l2_diagnostic_only__no_plaintext_fallback_after_protected_aggregation_failure,custom_reference_prototype_numeric_acceptance_envelope__max_abs_and_rmse_are_acceptance_gates__relative_l2_is_diagnostic_only__not_a_formal_he_security_or_precision_proof,True,False,PASSED_PLAIN_CONTROL_CHECK,0.0,0.0,0.0,0.23879568149399755,0.23879568149399755,,,,True,True,True,True,finite_and_max_abs_and_rmse,0.9989466661985184,0.7413793103448276,0.6417910447761194,0.8775510204081632,0.9383534505529842,0.7499850061940746,0.9806588293730548,0.7235097413622349,0.7235097413622349,0.8877551020408163,0.004167839054586382,0.8877551020408163,0.004167839054586382,56816,48,12,86,0.0008441193021947102,0.12244897959183673,0.8775510204081632,0.012840760520905077,0.012840760520905077,fpr,0.005,0.999100265531392,0.7759562841530054,0.6826923076923077,0.8987341772151899,0.9490043715269179,0.7828829081845824,0.9810513369192283,0.8217368588345703,0.8217368588345703,0.8987341772151899,0.0007254341613541438,0.8987341772151899,0.0007254341613541438,45457,33,8,71,0.0007254341613541438,0.10126582278481013,0.8987341772151899,0.012840760520905077,fpr,0.005,1.0,False,,NOT_FINAL_ROUND,,,,,,,,,,,,,,,,,,,,False,0.9982795547909132,0.8673480760000984,705.0764909999998,3.0354959999385756,0.0,0.0,0,0.0,0.0,240,4800,240.0,4800,4800,9600,,not_modelled__session_or_evaluation_key_material_excluded_from_round_payload,0,0,0.0,0.0,actual_generated_protocol_object_bytes,plain_model_update_uplink_plus_plain_global_update_broadcast,model_update_ciphertext_only__auxiliary_protocol_objects_are_counted_in_comm_total,False,single_google_colab_node__logical_client_cloud_authorized_recipient_roles,not_applicable,0.0,0.0,0.0,measured_sum_of_client_protection_plus_server_protected_aggregation_plus_authorized_recovery_or_decryption_ms_per_round,local_training__validation_test_evaluation__transport_latency__serialization_framing_not_explicitly_in_crypto_functions,0.0,0.0,20,20,0,plaintext_update_no_noise,1.0,plain_exact,0,0,False,0,0,False,not_applicable,0,[],0,,True,0.0017204452090867595,0.0017281485220215498,3.9572916666666664,0,0,0,0,0,0,0,0,0,0,0,0,0,20,0,20,0,1,fixed_execution_host_runtime_payload_and_machine_specification__no_unmeasured_absolute_energy_or_carbon_claim,sequential_single_host_wall_clock_and_generated_protocol_object_bytes__machine_specification_recorded__transport_network_facility_energy_not_measured,runtime_payload_measured__energy_not_instrumented,not_reported_without_direct_hardware_energy_instrumentation,not_reported,False,,,,,,,not_reported,0,0.25,not_probed,0,,not_reported__no_valid_colab_network_or_device_energy_scope,,not_reported__no_direct_facility_or_grid_carbon_measurement,0.8673235049998311,Absolute energy and carbon are not reported because direct hardware energy instrumentation is disabled.,False,,,,BASELINE
19,B0_Plain_FL,5,comparative_protocol_experiment,comparative_experiment,main_comparative,Comparative federated-learning and protocol-enforcement experiment.,plain_or_protocol_control,custom_reference_python_prototype,False,,,,,,,,,,{},False,False,,,0,baseline_unenforced,,,,,not_applicable,not_applicable_plain_update_path,,,,not_applicable,0,0,0,False,,{},True,,strict_experiment_side_plaintext_oracle_comparison__max_coordinate_and_rmse_numeric_acceptance_envelope__relative_l2_diagnostic_only__no_plaintext_fallback_after_protected_aggregation_failure,custom_reference_prototype_numeric_acceptance_envelope__max_abs_and_rmse_are_acceptance_gates__relative_l2_is_diagnostic_only__not_a_formal_he_security_or_precision_proof,True,False,PASSED_PLAIN_CONTROL_CHECK,0.0,0.0,0.0,0.18419524996767667,0.18419524996767667,,,,True,True,True,True,finite_and_max_abs_and_rmse,0.9988939995084443,0.7319148936170212,0.6277372262773723,0.8775510204081632,0.9383270718247907,0.7417029819269108,0.9818605868064727,0.7246733301229081,0.7246733301229081,0.8877551020408163,0.0037809510410804726,0.8877551020408163,0.0037809510410804726,56813,51,12,86,0.0008968767585818796,0.12244897959183673,0.8775510204081632,0.017798000094177528,0.017798000094177528,fpr,0.005,0.9990783207882552,0.7717391304347826,0.6761904761904762,0.8987341772151899,0.9489933801002307,0.7791354710123013,0.9830200544840847,0.8220230406503386,0.8220230406503386,0.8987341772151899,0.0007474170147285117,0.8987341772151899,0.0007474170147285117,45456,34,8,71,0.0007474170147285117,0.10126582278481013,0.8987341772151899,0.017798000094177528,fpr,0.005,1.0,False,,NOT_FINAL_ROUND,,,,,,,,,,,,,,,,,,,,False,0.9982795547909132,0.8802804750000632,717.7294630000688,2.9631440006596677,0.0,0.0,0,0.0,0.0,240,4800,240.0,4800,4800,9600,,not_modelled__session_or_evaluation_key_material_excluded_from_round_payload,0,0,0.0,0.0,actual_generated_protocol_object_bytes,plain_model_update_uplink_plus_plain_global_update_broadcast,model_update_ciphertext_only__auxiliary_protocol_objects_are_counted_in_comm_total,False,single_google_colab_node__logical_client_cloud_authorized_recipient_roles,not_applicable,0.0,0.0,0.0,measured_sum_of_client_protection_plus_server_protected_aggregation_plus_authorized_recovery_or_decryption_ms_per_round,local_training__validation_test_evaluation__transport_latency__serialization_framing_not_explicitly_in_crypto_functions,0.0,0.0,20,20,0,plaintext_update_no_noise,1.0,plain_exact,0,0,False,0,0,False,not_applicable,0,[],0,,True,0.0017204452090867595,0.0017281485220215498,3.9572916666666664,0,0,0,0,0,0,0,0,0,0,0,0,0,20,0,20,0,1,fixed_execution_host_runtime_payload_and_machine_specification__no_unmeasured_absolute_energy_or_carbon_claim,sequential_single_host_wall_clock_and_generated_protocol_object_bytes__machine_specification_recorded__transport_network_facility_energy_not_measured,runtime_payload_measured__energy_not_instrumented,not_reported_without_direct_hardware_energy_instrumentation,not_reported,False,,,,,,,not_reported,0,0.25,not_probed,0,,not_reported__no_valid_colab_network_or_device_energy_scope,,not_reported__no_direct_facility_or_grid_carbon_measurement,0.8802526910001234,Absolute energy and carbon are not reported because direct hardware energy instrumentation is disabled.,False,,,,BASELINE
19,B0_Plain_FL,6,comparative_protocol_experiment,comparative_experiment,main_comparative,Comparative federated-learning and protocol-enforcement experiment.,plain_or_protocol_control,custom_reference_python_prototype,False,,,,,,,,,,{},False,False,,,0,baseline_unenforced,,,,,not_applicable,not_applicable_plain_update_path,,,,not_applicable,0,0,0,False,,{},True,,strict_experiment_side_plaintext_oracle_comparison__max_coordinate_and_rmse_numeric_acceptance_envelope__relative_l2_diagnostic_only__no_plaintext_fallback_after_protected_aggregation_failure,custom_reference_prototype_numeric_acceptance_envelope__max_abs_and_rmse_are_acceptance_gates__relative_l2_is_diagnostic_only__not_a_formal_he_security_or_precision_proof,True,False,PASSED_PLAIN_CONTROL_CHECK,0.0,0.0,0.0,0.14009937779091375,0.14009937779091375,,,,True,True,True,True,finite_and_max_abs_and_rmse,0.9988413328183702,0.7226890756302521,0.6142857142857143,0.8775510204081632,0.9383006930965971,0.7336883417972658,0.9820315999219046,0.7250203831962989,0.7250203831962989,0.8877551020408163,0.003411648846370287,0.8877551020408163,0.003411648846370287,56810,54,12,86,0.0009496342149690489,0.12244897959183673,0.8775510204081632,0.023195996111006544,0.023195996111006544,fpr,0.005,0.999100265531392,0.7759562841530054,0.6826923076923077,0.8987341772151899,0.9490043715269179,0.7828829081845824,0.9837118187054604,0.8224745261113583,0.8224745261113583,0.8987341772151899,0.0007254341613541438,0.8987341772151899,0.0007254341613541438,45457,33,8,71,0.0007254341613541438,0.10126582278481013,0.8987341772151899,0.023195996111006544,fpr,0.005,1.0,False,,NOT_FINAL_ROUND,,,,,,,,,,,,,,,,,,,,False,0.9982795547909132,0.8823938590001035,721.7569040001308,3.2158019998860254,0.0,0.0,0,0.0,0.0,240,4800,240.0,4800,4800,9600,,not_modelled__session_or_evaluation_key_material_excluded_from_round_payload,0,0,0.0,0.0,actual_generated_protocol_object_bytes,plain_model_update_uplink_plus_plain_global_update_broadcast,model_update_ciphertext_only__auxiliary_protocol_objects_are_counted_in_comm_total,False,single_google_colab_node__logical_client_cloud_authorized_recipient_roles,not_applicable,0.0,0.0,0.0,measured_sum_of_client_protection_plus_server_protected_aggregation_plus_authorized_recovery_or_decryption_ms_per_round,local_training__validation_test_evaluation__transport_latency__serialization_framing_not_explicitly_in_crypto_functions,0.0,0.0,20,20,0,plaintext_update_no_noise,1.0,plain_exact,0,0,False,0,0,False,not_applicable,0,[],0,,True,0.0017204452090867595,0.0017281485220215498,3.9572916666666664,0,0,0,0,0,0,0,0,0,0,0,0,0,20,0,20,0,1,fixed_execution_host_runtime_payload_and_machine_specification__no_unmeasured_absolute_energy_or_carbon_claim,sequential_single_host_wall_clock_and_generated_protocol_object_bytes__machine_specification_recorded__transport_network_facility_energy_not_measured,runtime_payload_measured__energy_not_instrumented,not_reported_without_direct_hardware_energy_instrumentation,not_reported,False,,,,,,,not_reported,0,0.25,not_probed,0,,not_reported__no_valid_colab_network_or_device_energy_scope,,not_reported__no_direct_facility_or_grid_carbon_measurement,0.8823683460000211,Absolute energy and carbon are not reported because direct hardware energy instrumentation is disabled.,False,,,,BASELINE
19,B0_Plain_FL,7,comparative_protocol_experiment,comparative_experiment,main_comparative,Comparative federated-learning and protocol-enforcement experiment.,plain_or_protocol_control,custom_reference_python_prototype,False,,,,,,,,,,{},False,False,,,0,baseline_unenforced,,,,,not_applicable,not_applicable_plain_update_path,,,,not_applicable,0,0,0,False,,{},True,,strict_experiment_side_plaintext_oracle_comparison__max_coordinate_and_rmse_numeric_acceptance_envelope__relative_l2_diagnostic_only__no_plaintext_fallback_after_protected_aggregation_failure,custom_reference_prototype_numeric_acceptance_envelope__max_abs_and_rmse_are_acceptance_gates__relative_l2_is_diagnostic_only__not_a_formal_he_security_or_precision_proof,True,False,PASSED_PLAIN_CONTROL_CHECK,0.0,0.0,0.0,0.1044345487223379,0.1044345487223379,,,,True,True,True,True,finite_and_max_abs_and_rmse,0.9988413328183702,0.7226890756302521,0.6142857142857143,0.8775510204081632,0.9383006930965971,0.7336883417972658,0.981848384401594,0.7258352735552511,0.7258352735552511,0.8877551020408163,0.0031830332020258865,0.8877551020408163,0.0031830332020258865,56810,54,12,86,0.0009496342149690489,0.12244897959183673,0.8775510204081632,0.028615349220419844,0.028615349220419844,fpr,0.005,0.9990783207882552,0.7717391304347826,0.6761904761904762,0.8987341772151899,0.9489933801002307,0.7791354710123013,0.9840696661667191,0.8219288022878202,0.8219288022878202,0.8987341772151899,0.0007474170147285117,0.8987341772151899,0.0007474170147285117,45456,34,8,71,0.0007474170147285117,0.10126582278481013,0.8987341772151899,0.028615349220419844,fpr,0.005,1.0,False,,NOT_FINAL_ROUND,,,,,,,,,,,,,,,,,,,,False,0.9982795547909132,0.8738358539999354,712.3357580001084,3.1584650007516757,0.0,0.0,0,0.0,0.0,240,4800,240.0,4800,4800,9600,,not_modelled__session_or_evaluation_key_material_excluded_from_round_payload,0,0,0.0,0.0,actual_generated_protocol_object_bytes,plain_model_update_uplink_plus_plain_global_update_broadcast,model_update_ciphertext_only__auxiliary_protocol_objects_are_counted_in_comm_total,False,single_google_colab_node__logical_client_cloud_authorized_recipient_roles,not_applicable,0.0,0.0,0.0,measured_sum_of_client_protection_plus_server_protected_aggregation_plus_authorized_recovery_or_decryption_ms_per_round,local_training__validation_test_evaluation__transport_latency__serialization_framing_not_explicitly_in_crypto_functions,0.0,0.0,20,20,0,plaintext_update_no_noise,1.0,plain_exact,0,0,False,0,0,False,not_applicable,0,[],0,,True,0.0017204452090867595,0.0017281485220215498,3.9572916666666664,0,0,0,0,0,0,0,0,0,0,0,0,0,20,0,20,0,1,fixed_execution_host_runtime_payload_and_machine_specification__no_unmeasured_absolute_energy_or_carbon_claim,sequential_single_host_wall_clock_and_generated_protocol_object_bytes__machine_specification_recorded__transport_network_facility_energy_not_measured,runtime_payload_measured__energy_not_instrumented,not_reported_without_direct_hardware_energy_instrumentation,not_reported,False,,,,,,,not_reported,0,0.25,not_probed,0,,not_reported__no_valid_colab_network_or_device_energy_scope,,not_reported__no_direct_facility_or_grid_carbon_measurement,0.8738073140000324,Absolute energy and carbon are not reported because direct hardware energy instrumentation is disabled.,False,,,,BASELINE
19,B0_Plain_FL,8,comparative_protocol_experiment,comparative_experiment,main_comparative,Comparative federated-learning and protocol-enforcement experiment.,plain_or_protocol_control,custom_reference_python_prototype,False,,,,,,,,,,{},False,False,,,0,baseline_unenforced,,,,,not_applicable,not_applicable_plain_update_path,,,,not_applicable,0,0,0,False,,{},True,,strict_experiment_side_plaintext_oracle_comparison__max_coordinate_and_rmse_numeric_acceptance_envelope__relative_l2_diagnostic_only__no_plaintext_fallback_after_protected_aggregation_failure,custom_reference_prototype_numeric_acceptance_envelope__max_abs_and_rmse_are_acceptance_gates__relative_l2_is_diagnostic_only__not_a_formal_he_security_or_precision_proof,True,False,PASSED_PLAIN_CONTROL_CHECK,0.0,0.0,0.0,0.07536798111453832,0.07536798111453832,,,,True,True,True,True,finite_and_max_abs_and_rmse,0.9988062216916541,0.7166666666666667,0.6056338028169014,0.8775510204081632,0.9382831072778014,0.7284867912883576,0.9815741891860853,0.7260270231819208,0.7260270231819208,0.8877551020408163,0.0029544175576814856,0.8877551020408163,0.0029544175576814856,56808,56,12,86,0.0009848058525604951,0.12244897959183673,0.8775510204081632,0.0337994227193318,0.0337994227193318,fpr,0.005,0.9990563760451184,0.7675675675675676,0.6698113207547169,0.8987341772151899,0.9489823886735436,0.7754411396718406,0.9842282766277747,0.8230153670870366,0.8230153670870366,0.8987341772151899,0.0007693998681028798,0.8987341772151899,0.0007693998681028798,45455,35,8,71,0.0007693998681028798,0.10126582278481013,0.8987341772151899,0.0337994227193318,fpr,0.005,1.0,False,,NOT_FINAL_ROUND,,,,,,,,,,,,,,,,,,,,False,0.9982795547909132,0.869855699000027,687.6382119996833,3.0031769990728208,0.0,0.0,0,0.0,0.0,240,4800,240.0,4800,4800,9600,,not_modelled__session_or_evaluation_key_material_excluded_from_round_payload,0,0,0.0,0.0,actual_generated_protocol_object_bytes,plain_model_update_uplink_plus_plain_global_update_broadcast,model_update_ciphertext_only__auxiliary_protocol_objects_are_counted_in_comm_total,False,single_google_colab_node__logical_client_cloud_authorized_recipient_roles,not_applicable,0.0,0.0,0.0,measured_sum_of_client_protection_plus_server_protected_aggregation_plus_authorized_recovery_or_decryption_ms_per_round,local_training__validation_test_evaluation__transport_latency__serialization_framing_not_explicitly_in_crypto_functions,0.0,0.0,20,20,0,plaintext_update_no_noise,1.0,plain_exact,0,0,False,0,0,False,not_applicable,0,[],0,,True,0.0017204452090867595,0.0017281485220215498,3.9572916666666664,0,0,0,0,0,0,0,0,0,0,0,0,0,20,0,20,0,1,fixed_execution_host_runtime_payload_and_machine_specification__no_unmeasured_absolute_energy_or_carbon_claim,sequential_single_host_wall_clock_and_generated_protocol_object_bytes__machine_specification_recorded__transport_network_facility_energy_not_measured,runtime_payload_measured__energy_not_instrumented,not_reported_without_direct_hardware_energy_instrumentation,not_reported,False,,,,,,,not_reported,0,0.25,not_probed,0,,not_reported__no_valid_colab_network_or_device_energy_scope,,not_reported__no_direct_facility_or_grid_carbon_measurement,0.8698289630001454,Absolute energy and carbon are not reported because direct hardware energy instrumentation is disabled.,False,,,,BASELINE
19,B0_Plain_FL,9,comparative_protocol_experiment,comparative_experiment,main_comparative,Comparative federated-learning and protocol-enforcement experiment.,plain_or_protocol_control,custom_reference_python_prototype,False,,,,,,,,,,{},False,False,,,0,baseline_unenforced,,,,,not_applicable,not_applicable_plain_update_path,,,,not_applicable,0,0,0,False,,{},True,,strict_experiment_side_plaintext_oracle_comparison__max_coordinate_and_rmse_numeric_acceptance_envelope__relative_l2_diagnostic_only__no_plaintext_fallback_after_protected_aggregation_failure,custom_reference_prototype_numeric_acceptance_envelope__max_abs_and_rmse_are_acceptance_gates__relative_l2_is_diagnostic_only__not_a_formal_he_security_or_precision_proof,True,False,PASSED_PLAIN_CONTROL_CHECK,0.0,0.0,0.0,0.05475279805647247,0.05475279805647247,,,,True,True,True,True,finite_and_max_abs_and_rmse,0.9988062216916541,0.7166666666666667,0.6056338028169014,0.8775510204081632,0.9382831072778014,0.7284867912883576,0.9812337779793966,0.7270601140119435,0.7270601140119435,0.8877551020408163,0.0026202870005627463,0.8877551020408163,0.0026202870005627463,56808,56,12,86,0.0009848058525604951,0.12244897959183673,0.8775510204081632,0.038505482991659463,0.038505482991659463,fpr,0.005,0.9990344313019817,0.7634408602150538,0.6635514018691588,0.8987341772151899,0.9489713972468563,0.7717986706821625,0.9843025731069007,0.8231054211500207,0.8231054211500207,0.8987341772151899,0.0007913827214772477,0.8987341772151899,0.0007913827214772477,45454,36,8,71,0.0007913827214772477,0.10126582278481013,0.8987341772151899,0.038505482991659463,fpr,0.005,1.0,False,,NOT_FINAL_ROUND,,,,,,,,,,,,,,,,,,,,False,0.9982795547909132,0.8452997470001264,685.618882999961,2.948067000716037,0.0,0.0,0,0.0,0.0,240,4800,240.0,4800,4800,9600,,not_modelled__session_or_evaluation_key_material_excluded_from_round_payload,0,0,0.0,0.0,actual_generated_protocol_object_bytes,plain_model_update_uplink_plus_plain_global_update_broadcast,model_update_ciphertext_only__auxiliary_protocol_objects_are_counted_in_comm_total,False,single_google_colab_node__logical_client_cloud_authorized_recipient_roles,not_applicable,0.0,0.0,0.0,measured_sum_of_client_protection_plus_server_protected_aggregation_plus_authorized_recovery_or_decryption_ms_per_round,local_training__validation_test_evaluation__transport_latency__serialization_framing_not_explicitly_in_crypto_functions,0.0,0.0,20,20,0,plaintext_update_no_noise,1.0,plain_exact,0,0,False,0,0,False,not_applicable,0,[],0,,True,0.0017204452090867595,0.0017281485220215498,3.9572916666666664,0,0,0,0,0,0,0,0,0,0,0,0,0,20,0,20,0,1,fixed_execution_host_runtime_payload_and_machine_specification__no_unmeasured_absolute_energy_or_carbon_claim,sequential_single_host_wall_clock_and_generated_protocol_object_bytes__machine_specification_recorded__transport_network_facility_energy_not_measured,runtime_payload_measured__energy_not_instrumented,not_reported_without_direct_hardware_energy_instrumentation,not_reported,False,,,,,,,not_reported,0,0.25,not_probed,0,,not_reported__no_valid_colab_network_or_device_energy_scope,,not_reported__no_direct_facility_or_grid_carbon_measurement,0.8452735470000334,Absolute energy and carbon are not reported because direct hardware energy instrumentation is disabled.,False,,,,BASELINE
19,B0_Plain_FL,10,comparative_protocol_experiment,comparative_experiment,main_comparative,Comparative federated-learning and protocol-enforcement experiment.,plain_or_protocol_control,custom_reference_python_prototype,False,,,,,,,,,,{},False,False,,,0,baseline_unenforced,,,,,not_applicable,not_applicable_plain_update_path,,,,not_applicable,0,0,0,False,,{},True,,strict_experiment_side_plaintext_oracle_comparison__max_coordinate_and_rmse_numeric_acceptance_envelope__relative_l2_diagnostic_only__no_plaintext_fallback_after_protected_aggregation_failure,custom_reference_prototype_numeric_acceptance_envelope__max_abs_and_rmse_are_acceptance_gates__relative_l2_is_diagnostic_only__not_a_formal_he_security_or_precision_proof,True,False,PASSED_PLAIN_CONTROL_CHECK,0.0,0.0,0.0,0.040898786212521986,0.040898786212521986,,,,True,True,True,True,finite_and_max_abs_and_rmse,0.9987886661282961,0.7136929460580913,0.6013986013986014,0.8775510204081632,0.9382743143684036,0.7259269901137303,0.9809572499511904,0.7279275244880938,0.7279275244880938,0.8877551020408163,0.0021278840742824986,0.8877551020408163,0.0021278840742824986,56807,57,12,86,0.0010023916713562183,0.12244897959183673,0.8775510204081632,0.04265734461560311,0.04265734461560311,fpr,0.005,0.9990344313019817,0.7634408602150538,0.6635514018691588,0.8987341772151899,0.9489713972468563,0.7717986706821625,0.9842683466389888,0.8235116133813632,0.8235116133813632,0.8987341772151899,0.0007913827214772477,0.8987341772151899,0.0007913827214772477,45454,36,8,71,0.0007913827214772477,0.10126582278481013,0.8987341772151899,0.04265734461560311,fpr,0.005,1.0,False,,NOT_FINAL_ROUND,,,,,,,,,,,,,,,,,,,,False,0.9982795547909132,0.8671966939998583,709.49884200013,2.9275750000579137,0.0,0.0,0,0.0,0.0,240,4800,240.0,4800,4800,9600,,not_modelled__session_or_evaluation_key_material_excluded_from_round_payload,0,0,0.0,0.0,actual_generated_protocol_object_bytes,plain_model_update_uplink_plus_plain_global_update_broadcast,model_update_ciphertext_only__auxiliary_protocol_objects_are_counted_in_comm_total,False,single_google_colab_node__logical_client_cloud_authorized_recipient_roles,not_applicable,0.0,0.0,0.0,measured_sum_of_client_protection_plus_server_protected_aggregation_plus_authorized_recovery_or_decryption_ms_per_round,local_training__validation_test_evaluation__transport_latency__serialization_framing_not_explicitly_in_crypto_functions,0.0,0.0,20,20,0,plaintext_update_no_noise,1.0,plain_exact,0,0,False,0,0,False,not_applicable,0,[],0,,True,0.0017204452090867595,0.0017281485220215498,3.9572916666666664,0,0,0,0,0,0,0,0,0,0,0,0,0,20,0,20,0,1,fixed_execution_host_runtime_payload_and_machine_specification__no_unmeasured_absolute_energy_or_carbon_claim,sequential_single_host_wall_clock_and_generated_protocol_object_bytes__machine_specification_recorded__transport_network_facility_energy_not_measured,runtime_payload_measured__energy_not_instrumented,not_reported_without_direct_hardware_energy_instrumentation,not_reported,False,,,,,,,not_reported,0,0.25,not_probed,0,,not_reported__no_valid_colab_network_or_device_energy_scope,,not_reported__no_direct_facility_or_grid_carbon_measurement,0.8671700740001143,Absolute energy and carbon are not reported because direct hardware energy instrumentation is disabled.,False,,,,BASELINE
19,B0_Plain_FL,11,comparative_protocol_experiment,comparative_experiment,main_comparative,Comparative federated-learning and protocol-enforcement experiment.,plain_or_protocol_control,custom_reference_python_prototype,False,,,,,,,,,,{},False,False,,,0,baseline_unenforced,,,,,not_applicable,not_applicable_plain_update_path,,,,not_applicable,0,0,0,False,,{},True,,strict_experiment_side_plaintext_oracle_comparison__max_coordinate_and_rmse_numeric_acceptance_envelope__relative_l2_diagnostic_only__no_plaintext_fallback_after_protected_aggregation_failure,custom_reference_prototype_numeric_acceptance_envelope__max_abs_and_rmse_are_acceptance_gates__relative_l2_is_diagnostic_only__not_a_formal_he_security_or_precision_proof,True,False,PASSED_PLAIN_CONTROL_CHECK,0.0,0.0,0.0,0.028779966413294864,0.028779966413294864,,,,True,True,True,True,finite_and_max_abs_and_rmse,0.9987886661282961,0.7136929460580913,0.6013986013986014,0.8775510204081632,0.9382743143684036,0.7259269901137303,0.9806469858624373,0.7279527565376555,0.7279527565376555,0.8877551020408163,0.0020047833427124366,0.8877551020408163,0.0020047833427124366,56807,57,12,86,0.0010023916713562183,0.12244897959183673,0.8775510204081632,0.04619088644596245,0.04619088644596245,fpr,0.005,0.9990344313019817,0.7634408602150538,0.6635514018691588,0.8987341772151899,0.9489713972468563,0.7717986706821625,0.9843056340105351,0.8236687105561445,0.8236687105561445,0.8987341772151899,0.0007913827214772477,0.8987341772151899,0.0007913827214772477,45454,36,8,71,0.0007913827214772477,0.10126582278481013,0.8987341772151899,0.04619088644596245,fpr,0.005,1.0,False,,NOT_FINAL_ROUND,,,,,,,,,,,,,,,,,,,,False,0.9982795547909132,0.881250363999925,723.4094030000051,2.9274710004756344,0.0,0.0,0,0.0,0.0,240,4800,240.0,4800,4800,9600,,not_modelled__session_or_evaluation_key_material_excluded_from_round_payload,0,0,0.0,0.0,actual_generated_protocol_object_bytes,plain_model_update_uplink_plus_plain_global_update_broadcast,model_update_ciphertext_only__auxiliary_protocol_objects_are_counted_in_comm_total,False,single_google_colab_node__logical_client_cloud_authorized_recipient_roles,not_applicable,0.0,0.0,0.0,measured_sum_of_client_protection_plus_server_protected_aggregation_plus_authorized_recovery_or_decryption_ms_per_round,local_training__validation_test_evaluation__transport_latency__serialization_framing_not_explicitly_in_crypto_functions,0.0,0.0,20,20,0,plaintext_update_no_noise,1.0,plain_exact,0,0,False,0,0,False,not_applicable,0,[],0,,True,0.0017204452090867595,0.0017281485220215498,3.9572916666666664,0,0,0,0,0,0,0,0,0,0,0,0,0,20,0,20,0,1,fixed_execution_host_runtime_payload_and_machine_specification__no_unmeasured_absolute_energy_or_carbon_claim,sequential_single_host_wall_clock_and_generated_protocol_object_bytes__machine_specification_recorded__transport_network_facility_energy_not_measured,runtime_payload_measured__energy_not_instrumented,not_reported_without_direct_hardware_energy_instrumentation,not_reported,False,,,,,,,not_reported,0,0.25,not_probed,0,,not_reported__no_valid_colab_network_or_device_energy_scope,,not_reported__no_direct_facility_or_grid_carbon_measurement,0.8812216779999744,Absolute energy and carbon are not reported because direct hardware energy instrumentation is disabled.,False,,,,BASELINE
19,B0_Plain_FL,12,comparative_protocol_experiment,comparative_experiment,main_comparative,Comparative federated-learning and protocol-enforcement experiment.,plain_or_protocol_control,custom_reference_python_prototype,False,,,,,,,,,,{},False,False,,,0,baseline_unenforced,,,,,not_applicable,not_applicable_plain_update_path,,,,not_applicable,0,0,0,False,,{},True,,strict_experiment_side_plaintext_oracle_comparison__max_coordinate_and_rmse_numeric_acceptance_envelope__relative_l2_diagnostic_only__no_plaintext_fallback_after_protected_aggregation_failure,custom_reference_prototype_numeric_acceptance_envelope__max_abs_and_rmse_are_acceptance_gates__relative_l2_is_diagnostic_only__not_a_formal_he_security_or_precision_proof,True,False,PASSED_PLAIN_CONTROL_CHECK,0.0,0.0,0.0,0.021782867099398154,0.021782867099398154,,,,True,True,True,True,finite_and_max_abs_and_rmse,0.9987886661282961,0.7136929460580913,0.6013986013986014,0.8775510204081632,0.9382743143684036,0.7259269901137303,0.9803622032662248,0.7280922993922596,0.7280922993922596,0.8877551020408163,0.0019344400675295442,0.8877551020408163,0.0019344400675295442,56807,57,12,86,0.0010023916713562183,0.12244897959183673,0.8775510204081632,0.04895685988883617,0.04895685988883617,fpr,0.005,0.9990124865588448,0.7593582887700535,0.6574074074074074,0.8987341772151899,0.9489604058201692,0.7682068609511581,0.9842012850229984,0.8235917274596952,0.8235917274596952,0.8987341772151899,0.0008133655748516158,0.8987341772151899,0.0008133655748516158,45453,37,8,71,0.0008133655748516158,0.10126582278481013,0.8987341772151899,0.04895685988883617,fpr,0.005,1.0,False,,NOT_FINAL_ROUND,,,,,,,,,,,,,,,,,,,,False,0.9982795547909132,0.8761601530000007,703.6222809999799,2.949972000806156,0.0,0.0,0,0.0,0.0,240,4800,240.0,4800,4800,9600,,not_modelled__session_or_evaluation_key_material_excluded_from_round_payload,0,0,0.0,0.0,actual_generated_protocol_object_bytes,plain_model_update_uplink_plus_plain_global_update_broadcast,model_update_ciphertext_only__auxiliary_protocol_objects_are_counted_in_comm_total,False,single_google_colab_node__logical_client_cloud_authorized_recipient_roles,not_applicable,0.0,0.0,0.0,measured_sum_of_client_protection_plus_server_protected_aggregation_plus_authorized_recovery_or_decryption_ms_per_round,local_training__validation_test_evaluation__transport_latency__serialization_framing_not_explicitly_in_crypto_functions,0.0,0.0,20,20,0,plaintext_update_no_noise,1.0,plain_exact,0,0,False,0,0,False,not_applicable,0,[],0,,True,0.0017204452090867595,0.0017281485220215498,3.9572916666666664,0,0,0,0,0,0,0,0,0,0,0,0,0,20,0,20,0,1,fixed_execution_host_runtime_payload_and_machine_specification__no_unmeasured_absolute_energy_or_carbon_claim,sequential_single_host_wall_clock_and_generated_protocol_object_bytes__machine_specification_recorded__transport_network_facility_energy_not_measured,runtime_payload_measured__energy_not_instrumented,not_reported_without_direct_hardware_energy_instrumentation,not_reported,False,,,,,,,not_reported,0,0.25,not_probed,0,,not_reported__no_valid_colab_network_or_device_energy_scope,,not_reported__no_direct_facility_or_grid_carbon_measurement,0.8761331889998019,Absolute energy and carbon are not reported because direct hardware energy instrumentation is disabled.,False,,,,BASELINE
19,B0_Plain_FL,13,comparative_protocol_experiment,comparative_experiment,main_comparative,Comparative federated-learning and protocol-enforcement experiment.,plain_or_protocol_control,custom_reference_python_prototype,False,,,,,,,,,,{},False,False,,,0,baseline_unenforced,,,,,not_applicable,not_applicable_plain_update_path,,,,not_applicable,0,0,0,False,,{},True,,strict_experiment_side_plaintext_oracle_comparison__max_coordinate_and_rmse_numeric_acceptance_envelope__relative_l2_diagnostic_only__no_plaintext_fallback_after_protected_aggregation_failure,custom_reference_prototype_numeric_acceptance_envelope__max_abs_and_rmse_are_acceptance_gates__relative_l2_is_diagnostic_only__not_a_formal_he_security_or_precision_proof,True,False,PASSED_PLAIN_CONTROL_CHECK,0.0,0.0,0.0,0.02196980806213138,0.02196980806213138,,,,True,True,True,True,finite_and_max_abs_and_rmse,0.9987886661282961,0.7136929460580913,0.6013986013986014,0.8775510204081632,0.9382743143684036,0.7259269901137303,0.9801544034890265,0.7282476165996578,0.7282476165996578,0.8877551020408163,0.001776167698368036,0.8877551020408163,0.001776167698368036,56807,57,12,86,0.0010023916713562183,0.12244897959183673,0.8775510204081632,0.05145708773431518,0.05145708773431518,fpr,0.005,0.9990344313019817,0.7634408602150538,0.6635514018691588,0.8987341772151899,0.9489713972468563,0.7717986706821625,0.9841595454279839,0.8236676032607116,0.8236676032607116,0.8987341772151899,0.0007913827214772477,0.8987341772151899,0.0007913827214772477,45454,36,8,71,0.0007913827214772477,0.10126582278481013,0.8987341772151899,0.05145708773431518,fpr,0.005,1.0,False,,NOT_FINAL_ROUND,,,,,,,,,,,,,,,,,,,,False,0.9982795547909132,0.8822677339999245,723.8687760002449,3.070876999572647,0.0,0.0,0,0.0,0.0,240,4800,240.0,4800,4800,9600,,not_modelled__session_or_evaluation_key_material_excluded_from_round_payload,0,0,0.0,0.0,actual_generated_protocol_object_bytes,plain_model_update_uplink_plus_plain_global_update_broadcast,model_update_ciphertext_only__auxiliary_protocol_objects_are_counted_in_comm_total,False,single_google_colab_node__logical_client_cloud_authorized_recipient_roles,not_applicable,0.0,0.0,0.0,measured_sum_of_client_protection_plus_server_protected_aggregation_plus_authorized_recovery_or_decryption_ms_per_round,local_training__validation_test_evaluation__transport_latency__serialization_framing_not_explicitly_in_crypto_functions,0.0,0.0,20,20,0,plaintext_update_no_noise,1.0,plain_exact,0,0,False,0,0,False,not_applicable,0,[],0,,True,0.0017204452090867595,0.0017281485220215498,3.9572916666666664,0,0,0,0,0,0,0,0,0,0,0,0,0,20,0,20,0,1,fixed_execution_host_runtime_payload_and_machine_specification__no_unmeasured_absolute_energy_or_carbon_claim,sequential_single_host_wall_clock_and_generated_protocol_object_bytes__machine_specification_recorded__transport_network_facility_energy_not_measured,runtime_payload_measured__energy_not_instrumented,not_reported_without_direct_hardware_energy_instrumentation,not_reported,False,,,,,,,not_reported,0,0.25,not_probed,0,,not_reported__no_valid_colab_network_or_device_energy_scope,,not_reported__no_direct_facility_or_grid_carbon_measurement,0.8822406770000271,Absolute energy and carbon are not reported because direct hardware energy instrumentation is disabled.,False,,,,BASELINE
19,B0_Plain_FL,14,comparative_protocol_experiment,comparative_experiment,main_comparative,Comparative federated-learning and protocol-enforcement experiment.,plain_or_protocol_control,custom_reference_python_prototype,False,,,,,,,,,,{},False,False,,,0,baseline_unenforced,,,,,not_applicable,not_applicable_plain_update_path,,,,not_applicable,0,0,0,False,,{},True,,strict_experiment_side_plaintext_oracle_comparison__max_coordinate_and_rmse_numeric_acceptance_envelope__relative_l2_diagnostic_only__no_plaintext_fallback_after_protected_aggregation_failure,custom_reference_prototype_numeric_acceptance_envelope__max_abs_and_rmse_are_acceptance_gates__relative_l2_is_diagnostic_only__not_a_formal_he_security_or_precision_proof,True,False,PASSED_PLAIN_CONTROL_CHECK,0.0,0.0,0.0,0.011361148811683526,0.011361148811683526,,,,True,True,True,True,finite_and_max_abs_and_rmse,0.9988062216916541,0.7166666666666667,0.6056338028169014,0.8775510204081632,0.9382831072778014,0.7284867912883576,0.9800162291984886,0.7283518907525887,0.7283518907525887,0.8877551020408163,0.0016882386043894203,0.8877551020408163,0.0016882386043894203,56808,56,12,86,0.0009848058525604951,0.12244897959183673,0.8775510204081632,0.052698961789439086,0.052698961789439086,fpr,0.005,0.9990344313019817,0.7634408602150538,0.6635514018691588,0.8987341772151899,0.9489713972468563,0.7717986706821625,0.9840922055480269,0.8233192401158534,0.8233192401158534,0.8987341772151899,0.0007913827214772477,0.8987341772151899,0.0007913827214772477,45454,36,8,71,0.0007913827214772477,0.10126582278481013,0.8987341772151899,0.052698961789439086,fpr,0.005,1.0,False,,NOT_FINAL_ROUND,,,,,,,,,,,,,,,,,,,,False,0.9982795547909132,1.3614056229998823,1118.3199350004998,3.776768000307129,0.0,0.0,0,0.0,0.0,240,4800,240.0,4800,4800,9600,,not_modelled__session_or_evaluation_key_material_excluded_from_round_payload,0,0,0.0,0.0,actual_generated_protocol_object_bytes,plain_model_update_uplink_plus_plain_global_update_broadcast,model_update_ciphertext_only__auxiliary_protocol_objects_are_counted_in_comm_total,False,single_google_colab_node__logical_client_cloud_authorized_recipient_roles,not_applicable,0.0,0.0,0.0,measured_sum_of_client_protection_plus_server_protected_aggregation_plus_authorized_recovery_or_decryption_ms_per_round,local_training__validation_test_evaluation__transport_latency__serialization_framing_not_explicitly_in_crypto_functions,0.0,0.0,20,20,0,plaintext_update_no_noise,1.0,plain_exact,0,0,False,0,0,False,not_applicable,0,[],0,,True,0.0017204452090867595,0.0017281485220215498,3.9572916666666664,0,0,0,0,0,0,0,0,0,0,0,0,0,20,0,20,0,1,fixed_execution_host_runtime_payload_and_machine_specification__no_unmeasured_absolute_energy_or_carbon_claim,sequential_single_host_wall_clock_and_generated_protocol_object_bytes__machine_specification_recorded__transport_network_facility_energy_not_measured,runtime_payload_measured__energy_not_instrumented,not_reported_without_direct_hardware_energy_instrumentation,not_reported,False,,,,,,,not_reported,0,0.25,not_probed,0,,not_reported__no_valid_colab_network_or_device_energy_scope,,not_reported__no_direct_facility_or_grid_carbon_measurement,1.3613659860000098,Absolute energy and carbon are not reported because direct hardware energy instrumentation is disabled.,False,,,,BASELINE
19,B0_Plain_FL,15,comparative_protocol_experiment,comparative_experiment,main_comparative,Comparative federated-learning and protocol-enforcement experiment.,plain_or_protocol_control,custom_reference_python_prototype,False,,,,,,,,,,{},False,False,,,0,baseline_unenforced,,,,,not_applicable,not_applicable_plain_update_path,,,,not_applicable,0,0,0,False,,{},True,,strict_experiment_side_plaintext_oracle_comparison__max_coordinate_and_rmse_numeric_acceptance_envelope__relative_l2_diagnostic_only__no_plaintext_fallback_after_protected_aggregation_failure,custom_reference_prototype_numeric_acceptance_envelope__max_abs_and_rmse_are_acceptance_gates__relative_l2_is_diagnostic_only__not_a_formal_he_security_or_precision_proof,True,False,PASSED_PLAIN_CONTROL_CHECK,0.0,0.0,0.0,0.008191372652082984,0.008191372652082984,,,,True,True,True,True,finite_and_max_abs_and_rmse,0.9988237772550121,0.7196652719665272,0.6099290780141844,0.8775510204081632,0.9382919001871992,0.7310737472020886,0.9798719537055115,0.7283555877991136,0.7283555877991136,0.8877551020408163,0.001635481148002251,0.8877551020408163,0.001635481148002251,56809,55,12,86,0.0009672200337647721,0.12244897959183673,0.8775510204081632,0.05324471159896133,0.05324471159896133,fpr,0.005,0.9990563760451184,0.7675675675675676,0.6698113207547169,0.8987341772151899,0.9489823886735436,0.7754411396718406,0.9841030578427308,0.8234025920675274,0.8234025920675274,0.8987341772151899,0.0007693998681028798,0.8987341772151899,0.0007693998681028798,45455,35,8,71,0.0007693998681028798,0.10126582278481013,0.8987341772151899,0.05324471159896133,fpr,0.005,1.0,False,,NOT_FINAL_ROUND,,,,,,,,,,,,,,,,,,,,False,0.9982795547909132,1.352015695000091,1109.220107000283,3.757215999712571,0.0,0.0,0,0.0,0.0,240,4800,240.0,4800,4800,9600,,not_modelled__session_or_evaluation_key_material_excluded_from_round_payload,0,0,0.0,0.0,actual_generated_protocol_object_bytes,plain_model_update_uplink_plus_plain_global_update_broadcast,model_update_ciphertext_only__auxiliary_protocol_objects_are_counted_in_comm_total,False,single_google_colab_node__logical_client_cloud_authorized_recipient_roles,not_applicable,0.0,0.0,0.0,measured_sum_of_client_protection_plus_server_protected_aggregation_plus_authorized_recovery_or_decryption_ms_per_round,local_training__validation_test_evaluation__transport_latency__serialization_framing_not_explicitly_in_crypto_functions,0.0,0.0,20,20,0,plaintext_update_no_noise,1.0,plain_exact,0,0,False,0,0,False,not_applicable,0,[],0,,True,0.0017204452090867595,0.0017281485220215498,3.9572916666666664,0,0,0,0,0,0,0,0,0,0,0,0,0,20,0,20,0,1,fixed_execution_host_runtime_payload_and_machine_specification__no_unmeasured_absolute_energy_or_carbon_claim,sequential_single_host_wall_clock_and_generated_protocol_object_bytes__machine_specification_recorded__transport_network_facility_energy_not_measured,runtime_payload_measured__energy_not_instrumented,not_reported_without_direct_hardware_energy_instrumentation,not_reported,False,,,,,,,not_reported,0,0.25,not_probed,0,,not_reported__no_valid_colab_network_or_device_energy_scope,,not_reported__no_direct_facility_or_grid_carbon_measurement,1.3519829299998491,Absolute energy and carbon are not reported because direct hardware energy instrumentation is disabled.,False,,,,BASELINE
19,B0_Plain_FL,16,comparative_protocol_experiment,comparative_experiment,main_comparative,Comparative federated-learning and protocol-enforcement experiment.,plain_or_protocol_control,custom_reference_python_prototype,False,,,,,,,,,,{},False,False,,,0,baseline_unenforced,,,,,not_applicable,not_applicable_plain_update_path,,,,not_applicable,0,0,0,False,,{},True,,strict_experiment_side_plaintext_oracle_comparison__max_coordinate_and_rmse_numeric_acceptance_envelope__relative_l2_diagnostic_only__no_plaintext_fallback_after_protected_aggregation_failure,custom_reference_prototype_numeric_acceptance_envelope__max_abs_and_rmse_are_acceptance_gates__relative_l2_is_diagnostic_only__not_a_formal_he_security_or_precision_proof,True,False,PASSED_PLAIN_CONTROL_CHECK,0.0,0.0,0.0,0.00741608240643949,0.00741608240643949,,,,True,True,True,True,finite_and_max_abs_and_rmse,0.9988237772550121,0.7196652719665272,0.6099290780141844,0.8775510204081632,0.9382919001871992,0.7310737472020886,0.9797179880674836,0.7283895668122611,0.7283895668122611,0.8877551020408163,0.0015299662352279122,0.8877551020408163,0.0015299662352279122,56809,55,12,86,0.0009672200337647721,0.12244897959183673,0.8775510204081632,0.05380271354368052,0.05380271354368052,fpr,0.005,0.9990563760451184,0.7675675675675676,0.6698113207547169,0.8987341772151899,0.9489823886735436,0.7754411396718406,0.9841345016709752,0.8234079521009404,0.8234079521009404,0.8987341772151899,0.0007693998681028798,0.8987341772151899,0.0007693998681028798,45455,35,8,71,0.0007693998681028798,0.10126582278481013,0.8987341772151899,0.05380271354368052,fpr,0.005,1.0,False,,NOT_FINAL_ROUND,,,,,,,,,,,,,,,,,,,,False,0.9982795547909132,1.4028056079998805,1177.7858139992077,4.053049000276587,0.0,0.0,0,0.0,0.0,240,4800,240.0,4800,4800,9600,,not_modelled__session_or_evaluation_key_material_excluded_from_round_payload,0,0,0.0,0.0,actual_generated_protocol_object_bytes,plain_model_update_uplink_plus_plain_global_update_broadcast,model_update_ciphertext_only__auxiliary_protocol_objects_are_counted_in_comm_total,False,single_google_colab_node__logical_client_cloud_authorized_recipient_roles,not_applicable,0.0,0.0,0.0,measured_sum_of_client_protection_plus_server_protected_aggregation_plus_authorized_recovery_or_decryption_ms_per_round,local_training__validation_test_evaluation__transport_latency__serialization_framing_not_explicitly_in_crypto_functions,0.0,0.0,20,20,0,plaintext_update_no_noise,1.0,plain_exact,0,0,False,0,0,False,not_applicable,0,[],0,,True,0.0017204452090867595,0.0017281485220215498,3.9572916666666664,0,0,0,0,0,0,0,0,0,0,0,0,0,20,0,20,0,1,fixed_execution_host_runtime_payload_and_machine_specification__no_unmeasured_absolute_energy_or_carbon_claim,sequential_single_host_wall_clock_and_generated_protocol_object_bytes__machine_specification_recorded__transport_network_facility_energy_not_measured,runtime_payload_measured__energy_not_instrumented,not_reported_without_direct_hardware_energy_instrumentation,not_reported,False,,,,,,,not_reported,0,0.25,not_probed,0,,not_reported__no_valid_colab_network_or_device_energy_scope,,not_reported__no_direct_facility_or_grid_carbon_measurement,1.402772665999919,Absolute energy and carbon are not reported because direct hardware energy instrumentation is disabled.,False,,,,BASELINE
19,B0_Plain_FL,17,comparative_protocol_experiment,comparative_experiment,main_comparative,Comparative federated-learning and protocol-enforcement experiment.,plain_or_protocol_control,custom_reference_python_prototype,False,,,,,,,,,,{},False,False,,,0,baseline_unenforced,,,,,not_applicable,not_applicable_plain_update_path,,,,not_applicable,0,0,0,False,,{},True,,strict_experiment_side_plaintext_oracle_comparison__max_coordinate_and_rmse_numeric_acceptance_envelope__relative_l2_diagnostic_only__no_plaintext_fallback_after_protected_aggregation_failure,custom_reference_prototype_numeric_acceptance_envelope__max_abs_and_rmse_are_acceptance_gates__relative_l2_is_diagnostic_only__not_a_formal_he_security_or_precision_proof,True,False,PASSED_PLAIN_CONTROL_CHECK,0.0,0.0,0.0,0.005914233279253613,0.005914233279253613,,,,True,True,True,True,finite_and_max_abs_and_rmse,0.9988237772550121,0.7196652719665272,0.6099290780141844,0.8775510204081632,0.9382919001871992,0.7310737472020886,0.9795530761544909,0.7282266442429198,0.7282266442429198,0.8877551020408163,0.001494794597636466,0.8877551020408163,0.001494794597636466,56809,55,12,86,0.0009672200337647721,0.12244897959183673,0.8775510204081632,0.05408823126683023,0.05408823126683023,fpr,0.005,0.9990563760451184,0.7675675675675676,0.6698113207547169,0.8987341772151899,0.9489823886735436,0.7754411396718406,0.9842224330844725,0.8234070994363417,0.8234070994363417,0.8987341772151899,0.0007693998681028798,0.8987341772151899,0.0007693998681028798,45455,35,8,71,0.0007693998681028798,0.10126582278481013,0.8987341772151899,0.05408823126683023,fpr,0.005,1.0,False,,NOT_FINAL_ROUND,,,,,,,,,,,,,,,,,,,,False,0.9982795547909132,0.8959366340000088,735.5959240007905,3.01508999973521,0.0,0.0,0,0.0,0.0,240,4800,240.0,4800,4800,9600,,not_modelled__session_or_evaluation_key_material_excluded_from_round_payload,0,0,0.0,0.0,actual_generated_protocol_object_bytes,plain_model_update_uplink_plus_plain_global_update_broadcast,model_update_ciphertext_only__auxiliary_protocol_objects_are_counted_in_comm_total,False,single_google_colab_node__logical_client_cloud_authorized_recipient_roles,not_applicable,0.0,0.0,0.0,measured_sum_of_client_protection_plus_server_protected_aggregation_plus_authorized_recovery_or_decryption_ms_per_round,local_training__validation_test_evaluation__transport_latency__serialization_framing_not_explicitly_in_crypto_functions,0.0,0.0,20,20,0,plaintext_update_no_noise,1.0,plain_exact,0,0,False,0,0,False,not_applicable,0,[],0,,True,0.0017204452090867595,0.0017281485220215498,3.9572916666666664,0,0,0,0,0,0,0,0,0,0,0,0,0,20,0,20,0,1,fixed_execution_host_runtime_payload_and_machine_specification__no_unmeasured_absolute_energy_or_carbon_claim,sequential_single_host_wall_clock_and_generated_protocol_object_bytes__machine_specification_recorded__transport_network_facility_energy_not_measured,runtime_payload_measured__energy_not_instrumented,not_reported_without_direct_hardware_energy_instrumentation,not_reported,False,,,,,,,not_reported,0,0.25,not_probed,0,,not_reported__no_valid_colab_network_or_device_energy_scope,,not_reported__no_direct_facility_or_grid_carbon_measurement,0.8948753399999987,Absolute energy and carbon are not reported because direct hardware energy instrumentation is disabled.,False,,,,BASELINE
19,B0_Plain_FL,18,comparative_protocol_experiment,comparative_experiment,main_comparative,Comparative federated-learning and protocol-enforcement experiment.,plain_or_protocol_control,custom_reference_python_prototype,False,,,,,,,,,,{},False,False,,,0,baseline_unenforced,,,,,not_applicable,not_applicable_plain_update_path,,,,not_applicable,0,0,0,False,,{},True,,strict_experiment_side_plaintext_oracle_comparison__max_coordinate_and_rmse_numeric_acceptance_envelope__relative_l2_diagnostic_only__no_plaintext_fallback_after_protected_aggregation_failure,custom_reference_prototype_numeric_acceptance_envelope__max_abs_and_rmse_are_acceptance_gates__relative_l2_is_diagnostic_only__not_a_formal_he_security_or_precision_proof,True,False,PASSED_PLAIN_CONTROL_CHECK,0.0,0.0,0.0,0.006128527431374036,0.006128527431374036,,,,True,True,True,True,finite_and_max_abs_and_rmse,0.9988237772550121,0.7196652719665272,0.6099290780141844,0.8775510204081632,0.9382919001871992,0.7310737472020886,0.9794895518702698,0.7280992298681336,0.7280992298681336,0.8877551020408163,0.001494794597636466,0.8877551020408163,0.001494794597636466,56809,55,12,86,0.0009672200337647721,0.12244897959183673,0.8775510204081632,0.05452714062587613,0.05452714062587613,fpr,0.005,0.9990563760451184,0.7675675675675676,0.6698113207547169,0.8987341772151899,0.9489823886735436,0.7754411396718406,0.9842146416934031,0.823407094177007,0.823407094177007,0.8987341772151899,0.0007693998681028798,0.8987341772151899,0.0007693998681028798,45455,35,8,71,0.0007693998681028798,0.10126582278481013,0.8987341772151899,0.05452714062587613,fpr,0.005,1.0,False,,NOT_FINAL_ROUND,,,,,,,,,,,,,,,,,,,,False,0.9982795547909132,0.858029919000046,696.3697560001947,2.9748850004125416,0.0,0.0,0,0.0,0.0,240,4800,240.0,4800,4800,9600,,not_modelled__session_or_evaluation_key_material_excluded_from_round_payload,0,0,0.0,0.0,actual_generated_protocol_object_bytes,plain_model_update_uplink_plus_plain_global_update_broadcast,model_update_ciphertext_only__auxiliary_protocol_objects_are_counted_in_comm_total,False,single_google_colab_node__logical_client_cloud_authorized_recipient_roles,not_applicable,0.0,0.0,0.0,measured_sum_of_client_protection_plus_server_protected_aggregation_plus_authorized_recovery_or_decryption_ms_per_round,local_training__validation_test_evaluation__transport_latency__serialization_framing_not_explicitly_in_crypto_functions,0.0,0.0,20,20,0,plaintext_update_no_noise,1.0,plain_exact,0,0,False,0,0,False,not_applicable,0,[],0,,True,0.0017204452090867595,0.0017281485220215498,3.9572916666666664,0,0,0,0,0,0,0,0,0,0,0,0,0,20,0,20,0,1,fixed_execution_host_runtime_payload_and_machine_specification__no_unmeasured_absolute_energy_or_carbon_claim,sequential_single_host_wall_clock_and_generated_protocol_object_bytes__machine_specification_recorded__transport_network_facility_energy_not_measured,runtime_payload_measured__energy_not_instrumented,not_reported_without_direct_hardware_energy_instrumentation,not_reported,False,,,,,,,not_reported,0,0.25,not_probed,0,,not_reported__no_valid_colab_network_or_device_energy_scope,,not_reported__no_direct_facility_or_grid_carbon_measurement,0.858004119999805,Absolute energy and carbon are not reported because direct hardware energy instrumentation is disabled.,False,,,,BASELINE
19,B0_Plain_FL,19,comparative_protocol_experiment,comparative_experiment,main_comparative,Comparative federated-learning and protocol-enforcement experiment.,plain_or_protocol_control,custom_reference_python_prototype,False,,,,,,,,,,{},False,False,,,0,baseline_unenforced,,,,,not_applicable,not_applicable_plain_update_path,,,,not_applicable,0,0,0,False,,{},True,,strict_experiment_side_plaintext_oracle_comparison__max_coordinate_and_rmse_numeric_acceptance_envelope__relative_l2_diagnostic_only__no_plaintext_fallback_after_protected_aggregation_failure,custom_reference_prototype_numeric_acceptance_envelope__max_abs_and_rmse_are_acceptance_gates__relative_l2_is_diagnostic_only__not_a_formal_he_security_or_precision_proof,True,False,PASSED_PLAIN_CONTROL_CHECK,0.0,0.0,0.0,0.007494124702117681,0.007494124702117681,,,,True,True,True,True,finite_and_max_abs_and_rmse,0.9988237772550121,0.7196652719665272,0.6099290780141844,0.8775510204081632,0.9382919001871992,0.7310737472020886,0.9794288987401376,0.7280713413315311,0.7280713413315311,0.8877551020408163,0.0014772087788407428,0.8877551020408163,0.0014772087788407428,56809,55,12,86,0.0009672200337647721,0.12244897959183673,0.8775510204081632,0.054461570188290676,0.054461570188290676,fpr,0.005,0.9990563760451184,0.7675675675675676,0.6698113207547169,0.8987341772151899,0.9489823886735436,0.7754411396718406,0.9842107459978684,0.8234062961022546,0.8234062961022546,0.8987341772151899,0.0007693998681028798,0.8987341772151899,0.0007693998681028798,45455,35,8,71,0.0007693998681028798,0.10126582278481013,0.8987341772151899,0.054461570188290676,fpr,0.005,1.0,False,,NOT_FINAL_ROUND,,,,,,,,,,,,,,,,,,,,False,0.9982795547909132,0.8620614040000874,703.56556500019,3.063035000423042,0.0,0.0,0,0.0,0.0,240,4800,240.0,4800,4800,9600,,not_modelled__session_or_evaluation_key_material_excluded_from_round_payload,0,0,0.0,0.0,actual_generated_protocol_object_bytes,plain_model_update_uplink_plus_plain_global_update_broadcast,model_update_ciphertext_only__auxiliary_protocol_objects_are_counted_in_comm_total,False,single_google_colab_node__logical_client_cloud_authorized_recipient_roles,not_applicable,0.0,0.0,0.0,measured_sum_of_client_protection_plus_server_protected_aggregation_plus_authorized_recovery_or_decryption_ms_per_round,local_training__validation_test_evaluation__transport_latency__serialization_framing_not_explicitly_in_crypto_functions,0.0,0.0,20,20,0,plaintext_update_no_noise,1.0,plain_exact,0,0,False,0,0,False,not_applicable,0,[],0,,True,0.0017204452090867595,0.0017281485220215498,3.9572916666666664,0,0,0,0,0,0,0,0,0,0,0,0,0,20,0,20,0,1,fixed_execution_host_runtime_payload_and_machine_specification__no_unmeasured_absolute_energy_or_carbon_claim,sequential_single_host_wall_clock_and_generated_protocol_object_bytes__machine_specification_recorded__transport_network_facility_energy_not_measured,runtime_payload_measured__energy_not_instrumented,not_reported_without_direct_hardware_energy_instrumentation,not_reported,False,,,,,,,not_reported,0,0.25,not_probed,0,,not_reported__no_valid_colab_network_or_device_energy_scope,,not_reported__no_direct_facility_or_grid_carbon_measurement,0.8620353609999256,Absolute energy and carbon are not reported because direct hardware energy instrumentation is disabled.,False,,,,BASELINE
19,B0_Plain_FL,20,comparative_protocol_experiment,comparative_experiment,main_comparative,Comparative federated-learning and protocol-enforcement experiment.,plain_or_protocol_control,custom_reference_python_prototype,False,,,,,,,,,,{},False,False,,,0,baseline_unenforced,,,,,not_applicable,not_applicable_plain_update_path,,,,not_applicable,0,0,0,False,,{},True,,strict_experiment_side_plaintext_oracle_comparison__max_coordinate_and_rmse_numeric_acceptance_envelope__relative_l2_diagnostic_only__no_plaintext_fallback_after_protected_aggregation_failure,custom_reference_prototype_numeric_acceptance_envelope__max_abs_and_rmse_are_acceptance_gates__relative_l2_is_diagnostic_only__not_a_formal_he_security_or_precision_proof,True,False,PASSED_PLAIN_CONTROL_CHECK,0.0,0.0,0.0,0.006041442630534295,0.006041442630534295,,,,True,True,True,True,finite_and_max_abs_and_rmse,0.9988237772550121,0.7196652719665272,0.6099290780141844,0.8775510204081632,0.9382919001871992,0.7310737472020886,0.9793820630390592,0.7281166723766804,0.7281166723766804,0.8877551020408163,0.001494794597636466,0.8877551020408163,0.001494794597636466,56809,55,12,86,0.0009672200337647721,0.12244897959183673,0.8775510204081632,0.05447892031983535,0.05447892031983535,fpr,0.005,0.9990563760451184,0.7675675675675676,0.6698113207547169,0.8987341772151899,0.9489823886735436,0.7754411396718406,0.9842282766277748,0.8234092375502905,0.8234092375502905,0.8987341772151899,0.0007693998681028798,0.8987341772151899,0.0007693998681028798,45455,35,8,71,0.0007693998681028798,0.10126582278481013,0.8987341772151899,0.05447892031983535,fpr,0.005,1.0,True,,NO_REFERENCE_DEFINED,,,,,,,,,,,,,,,,,,,,False,0.9982795547909132,0.8672108099999605,709.5361530014088,3.0624100006662047,0.0,0.0,0,0.0,0.0,240,4800,240.0,4800,4800,9600,,not_modelled__session_or_evaluation_key_material_excluded_from_round_payload,0,0,0.0,0.0,actual_generated_protocol_object_bytes,plain_model_update_uplink_plus_plain_global_update_broadcast,model_update_ciphertext_only__auxiliary_protocol_objects_are_counted_in_comm_total,False,single_google_colab_node__logical_client_cloud_authorized_recipient_roles,not_applicable,0.0,0.0,0.0,measured_sum_of_client_protection_plus_server_protected_aggregation_plus_authorized_recovery_or_decryption_ms_per_round,local_training__validation_test_evaluation__transport_latency__serialization_framing_not_explicitly_in_crypto_functions,0.0,0.0,20,20,0,plaintext_update_no_noise,1.0,plain_exact,0,0,False,0,0,False,not_applicable,0,[],0,,True,0.0017204452090867595,0.0017281485220215498,3.9572916666666664,0,0,0,0,0,0,0,0,0,0,0,0,0,20,0,20,0,1,fixed_execution_host_runtime_payload_and_machine_specification__no_unmeasured_absolute_energy_or_carbon_claim,sequential_single_host_wall_clock_and_generated_protocol_object_bytes__machine_specification_recorded__transport_network_facility_energy_not_measured,runtime_payload_measured__energy_not_instrumented,not_reported_without_direct_hardware_energy_instrumentation,not_reported,False,,,,,,,not_reported,0,0.25,not_probed,0,,not_reported__no_valid_colab_network_or_device_energy_scope,,not_reported__no_direct_facility_or_grid_carbon_measurement,0.8671854260001055,Absolute energy and carbon are not reported because direct hardware energy instrumentation is disabled.,False,,,,BASELINE
23,B0_Plain_FL,1,comparative_protocol_experiment,comparative_experiment,main_comparative,Comparative federated-learning and protocol-enforcement experiment.,plain_or_protocol_control,custom_reference_python_prototype,False,,,,,,,,,,{},False,False,,,0,baseline_unenforced,,,,,not_applicable,not_applicable_plain_update_path,,,,not_applicable,0,0,0,False,,{},True,,strict_experiment_side_plaintext_oracle_comparison__max_coordinate_and_rmse_numeric_acceptance_envelope__relative_l2_diagnostic_only__no_plaintext_fallback_after_protected_aggregation_failure,custom_reference_prototype_numeric_acceptance_envelope__max_abs_and_rmse_are_acceptance_gates__relative_l2_is_diagnostic_only__not_a_formal_he_security_or_precision_proof,True,False,PASSED_PLAIN_CONTROL_CHECK,0.0,0.0,0.0,0.4333739074387215,0.4333739074387215,,,,True,True,True,True,finite_and_max_abs_and_rmse,0.9952073312032583,0.3865168539325843,0.2478386167146974,0.8775510204081632,0.9364805608512398,0.4649391850430324,0.959835784341874,0.7000026407865988,0.7000026407865988,0.8775510204081632,0.002356499718626899,0.8877551020408163,0.006260551491277434,56603,261,12,86,0.0045898987056837365,0.12244897959183673,0.8775510204081632,0.0031497404126591493,0.0031497404126591493,fpr,0.005,0.9954574381706862,0.41025641025641024,0.2647058823529412,0.9113924050632911,0.9534979171942087,0.4898438215066164,0.9860445055388443,0.8228029150900916,0.8228029150900916,0.9113924050632911,0.004396570674873599,0.9113924050632911,0.004396570674873599,45290,200,7,72,0.004396570674873599,0.08860759493670886,0.9113924050632911,0.0031497404126591493,fpr,0.005,1.0,False,,NOT_FINAL_ROUND,,,,,,,,,,,,,,,,,,,,False,0.9982795547909132,0.8827828959999806,706.2473089999912,3.0730980001862918,0.0,0.0,0,0.0,0.0,240,4800,240.0,4800,4800,9600,,not_modelled__session_or_evaluation_key_material_excluded_from_round_payload,0,0,0.0,0.0,actual_generated_protocol_object_bytes,plain_model_update_uplink_plus_plain_global_update_broadcast,model_update_ciphertext_only__auxiliary_protocol_objects_are_counted_in_comm_total,False,single_google_colab_node__logical_client_cloud_authorized_recipient_roles,not_applicable,0.0,0.0,0.0,measured_sum_of_client_protection_plus_server_protected_aggregation_plus_authorized_recovery_or_decryption_ms_per_round,local_training__validation_test_evaluation__transport_latency__serialization_framing_not_explicitly_in_crypto_functions,0.0,0.0,20,20,0,plaintext_update_no_noise,1.0,plain_exact,0,0,False,0,0,False,not_applicable,0,[],0,,True,0.0017204452090867595,0.0017281485220215498,3.9572916666666664,0,0,0,0,0,0,0,0,0,0,0,0,0,20,0,20,0,1,fixed_execution_host_runtime_payload_and_machine_specification__no_unmeasured_absolute_energy_or_carbon_claim,sequential_single_host_wall_clock_and_generated_protocol_object_bytes__machine_specification_recorded__transport_network_facility_energy_not_measured,runtime_payload_measured__energy_not_instrumented,not_reported_without_direct_hardware_energy_instrumentation,not_reported,False,,,,,,,not_reported,0,0.25,not_probed,0,,not_reported__no_valid_colab_network_or_device_energy_scope,,not_reported__no_direct_facility_or_grid_carbon_measurement,0.8827575590000833,Absolute energy and carbon are not reported because direct hardware energy instrumentation is disabled.,False,,,,BASELINE
23,B0_Plain_FL,2,comparative_protocol_experiment,comparative_experiment,main_comparative,Comparative federated-learning and protocol-enforcement experiment.,plain_or_protocol_control,custom_reference_python_prototype,False,,,,,,,,,,{},False,False,,,0,baseline_unenforced,,,,,not_applicable,not_applicable_plain_update_path,,,,not_applicable,0,0,0,False,,{},True,,strict_experiment_side_plaintext_oracle_comparison__max_coordinate_and_rmse_numeric_acceptance_envelope__relative_l2_diagnostic_only__no_plaintext_fallback_after_protected_aggregation_failure,custom_reference_prototype_numeric_acceptance_envelope__max_abs_and_rmse_are_acceptance_gates__relative_l2_is_diagnostic_only__not_a_formal_he_security_or_precision_proof,True,False,PASSED_PLAIN_CONTROL_CHECK,0.0,0.0,0.0,0.3799611603492314,0.3799611603492314,,,,True,True,True,True,finite_and_max_abs_and_rmse,0.9985604438046417,0.6693548387096774,0.5533333333333333,0.8469387755102041,0.9228802628254453,0.6839328810532475,0.9686927563653486,0.7192055731036273,0.7192055731036273,0.8877551020408163,0.0016003095104108048,0.8877551020408163,0.0016003095104108048,56797,67,15,83,0.0011782498593134495,0.15306122448979592,0.8469387755102041,0.005629597410717893,0.005629597410717893,fpr,0.005,0.9989247075862977,0.743455497382199,0.6339285714285714,0.8987341772151899,0.9489164401134205,0.7543234751016461,0.9884514888513541,0.8226508113499709,0.8226508113499709,0.8987341772151899,0.0009012969883490877,0.8987341772151899,0.0009012969883490877,45449,41,8,71,0.0009012969883490877,0.10126582278481013,0.8987341772151899,0.005629597410717893,fpr,0.005,1.0,False,,NOT_FINAL_ROUND,,,,,,,,,,,,,,,,,,,,False,0.9982795547909132,0.8571601099999953,698.5611859990968,3.052278000041042,0.0,0.0,0,0.0,0.0,240,4800,240.0,4800,4800,9600,,not_modelled__session_or_evaluation_key_material_excluded_from_round_payload,0,0,0.0,0.0,actual_generated_protocol_object_bytes,plain_model_update_uplink_plus_plain_global_update_broadcast,model_update_ciphertext_only__auxiliary_protocol_objects_are_counted_in_comm_total,False,single_google_colab_node__logical_client_cloud_authorized_recipient_roles,not_applicable,0.0,0.0,0.0,measured_sum_of_client_protection_plus_server_protected_aggregation_plus_authorized_recovery_or_decryption_ms_per_round,local_training__validation_test_evaluation__transport_latency__serialization_framing_not_explicitly_in_crypto_functions,0.0,0.0,20,20,0,plaintext_update_no_noise,1.0,plain_exact,0,0,False,0,0,False,not_applicable,0,[],0,,True,0.0017204452090867595,0.0017281485220215498,3.9572916666666664,0,0,0,0,0,0,0,0,0,0,0,0,0,20,0,20,0,1,fixed_execution_host_runtime_payload_and_machine_specification__no_unmeasured_absolute_energy_or_carbon_claim,sequential_single_host_wall_clock_and_generated_protocol_object_bytes__machine_specification_recorded__transport_network_facility_energy_not_measured,runtime_payload_measured__energy_not_instrumented,not_reported_without_direct_hardware_energy_instrumentation,not_reported,False,,,,,,,not_reported,0,0.25,not_probed,0,,not_reported__no_valid_colab_network_or_device_energy_scope,,not_reported__no_direct_facility_or_grid_carbon_measurement,0.8571343370001614,Absolute energy and carbon are not reported because direct hardware energy instrumentation is disabled.,False,,,,BASELINE
23,B0_Plain_FL,3,comparative_protocol_experiment,comparative_experiment,main_comparative,Comparative federated-learning and protocol-enforcement experiment.,plain_or_protocol_control,custom_reference_python_prototype,False,,,,,,,,,,{},False,False,,,0,baseline_unenforced,,,,,not_applicable,not_applicable_plain_update_path,,,,not_applicable,0,0,0,False,,{},True,,strict_experiment_side_plaintext_oracle_comparison__max_coordinate_and_rmse_numeric_acceptance_envelope__relative_l2_diagnostic_only__no_plaintext_fallback_after_protected_aggregation_failure,custom_reference_prototype_numeric_acceptance_envelope__max_abs_and_rmse_are_acceptance_gates__relative_l2_is_diagnostic_only__not_a_formal_he_security_or_precision_proof,True,False,PASSED_PLAIN_CONTROL_CHECK,0.0,0.0,0.0,0.31087121796632433,0.31087121796632433,,,,True,True,True,True,finite_and_max_abs_and_rmse,0.9986482216214319,0.6831275720164609,0.5724137931034483,0.8469387755102041,0.9229242273724346,0.6956665966785589,0.9740734785754481,0.7232699043063937,0.7232699043063937,0.8877551020408163,0.0011958356781091727,0.8877551020408163,0.0011958356781091727,56802,62,15,83,0.001090320765334834,0.15306122448979592,0.8469387755102041,0.00889959090298575,0.00889959090298575,fpr,0.005,0.9990344313019817,0.7634408602150538,0.6635514018691588,0.8987341772151899,0.9489713972468563,0.7717986706821625,0.9886551780750256,0.8230079367502625,0.8230079367502625,0.8987341772151899,0.0007913827214772477,0.8987341772151899,0.0007913827214772477,45454,36,8,71,0.0007913827214772477,0.10126582278481013,0.8987341772151899,0.00889959090298575,fpr,0.005,1.0,False,,NOT_FINAL_ROUND,,,,,,,,,,,,,,,,,,,,False,0.9982795547909132,0.8743189119998078,710.4571739996572,3.0561849996502133,0.0,0.0,0,0.0,0.0,240,4800,240.0,4800,4800,9600,,not_modelled__session_or_evaluation_key_material_excluded_from_round_payload,0,0,0.0,0.0,actual_generated_protocol_object_bytes,plain_model_update_uplink_plus_plain_global_update_broadcast,model_update_ciphertext_only__auxiliary_protocol_objects_are_counted_in_comm_total,False,single_google_colab_node__logical_client_cloud_authorized_recipient_roles,not_applicable,0.0,0.0,0.0,measured_sum_of_client_protection_plus_server_protected_aggregation_plus_authorized_recovery_or_decryption_ms_per_round,local_training__validation_test_evaluation__transport_latency__serialization_framing_not_explicitly_in_crypto_functions,0.0,0.0,20,20,0,plaintext_update_no_noise,1.0,plain_exact,0,0,False,0,0,False,not_applicable,0,[],0,,True,0.0017204452090867595,0.0017281485220215498,3.9572916666666664,0,0,0,0,0,0,0,0,0,0,0,0,0,20,0,20,0,1,fixed_execution_host_runtime_payload_and_machine_specification__no_unmeasured_absolute_energy_or_carbon_claim,sequential_single_host_wall_clock_and_generated_protocol_object_bytes__machine_specification_recorded__transport_network_facility_energy_not_measured,runtime_payload_measured__energy_not_instrumented,not_reported_without_direct_hardware_energy_instrumentation,not_reported,False,,,,,,,not_reported,0,0.25,not_probed,0,,not_reported__no_valid_colab_network_or_device_energy_scope,,not_reported__no_direct_facility_or_grid_carbon_measurement,0.8742916839998998,Absolute energy and carbon are not reported because direct hardware energy instrumentation is disabled.,False,,,,BASELINE
23,B0_Plain_FL,4,comparative_protocol_experiment,comparative_experiment,main_comparative,Comparative federated-learning and protocol-enforcement experiment.,plain_or_protocol_control,custom_reference_python_prototype,False,,,,,,,,,,{},False,False,,,0,baseline_unenforced,,,,,not_applicable,not_applicable_plain_update_path,,,,not_applicable,0,0,0,False,,{},True,,strict_experiment_side_plaintext_oracle_comparison__max_coordinate_and_rmse_numeric_acceptance_envelope__relative_l2_diagnostic_only__no_plaintext_fallback_after_protected_aggregation_failure,custom_reference_prototype_numeric_acceptance_envelope__max_abs_and_rmse_are_acceptance_gates__relative_l2_is_diagnostic_only__not_a_formal_he_security_or_precision_proof,True,False,PASSED_PLAIN_CONTROL_CHECK,0.0,0.0,0.0,0.24052510827695586,0.24052510827695586,,,,True,True,True,True,finite_and_max_abs_and_rmse,0.9986833327481479,0.6887966804979253,0.5804195804195804,0.8469387755102041,0.9229418131912304,0.700531305115625,0.9764787879135898,0.7240634621874009,0.7240634621874009,0.8877551020408163,0.0012485931344963421,0.8877551020408163,0.0012485931344963421,56804,60,15,83,0.0010551491277433877,0.15306122448979592,0.8469387755102041,0.013103913205298436,0.013103913205298436,fpr,0.005,0.9990124865588448,0.7593582887700535,0.6574074074074074,0.8987341772151899,0.9489604058201692,0.7682068609511581,0.9883026176291353,0.8228264743745046,0.8228264743745046,0.8987341772151899,0.0008133655748516158,0.8987341772151899,0.0008133655748516158,45453,37,8,71,0.0008133655748516158,0.10126582278481013,0.8987341772151899,0.013103913205298436,fpr,0.005,1.0,False,,NOT_FINAL_ROUND,,,,,,,,,,,,,,,,,,,,False,0.9982795547909132,0.8782075540000278,706.7961280010877,3.143864000094254,0.0,0.0,0,0.0,0.0,240,4800,240.0,4800,4800,9600,,not_modelled__session_or_evaluation_key_material_excluded_from_round_payload,0,0,0.0,0.0,actual_generated_protocol_object_bytes,plain_model_update_uplink_plus_plain_global_update_broadcast,model_update_ciphertext_only__auxiliary_protocol_objects_are_counted_in_comm_total,False,single_google_colab_node__logical_client_cloud_authorized_recipient_roles,not_applicable,0.0,0.0,0.0,measured_sum_of_client_protection_plus_server_protected_aggregation_plus_authorized_recovery_or_decryption_ms_per_round,local_training__validation_test_evaluation__transport_latency__serialization_framing_not_explicitly_in_crypto_functions,0.0,0.0,20,20,0,plaintext_update_no_noise,1.0,plain_exact,0,0,False,0,0,False,not_applicable,0,[],0,,True,0.0017204452090867595,0.0017281485220215498,3.9572916666666664,0,0,0,0,0,0,0,0,0,0,0,0,0,20,0,20,0,1,fixed_execution_host_runtime_payload_and_machine_specification__no_unmeasured_absolute_energy_or_carbon_claim,sequential_single_host_wall_clock_and_generated_protocol_object_bytes__machine_specification_recorded__transport_network_facility_energy_not_measured,runtime_payload_measured__energy_not_instrumented,not_reported_without_direct_hardware_energy_instrumentation,not_reported,False,,,,,,,not_reported,0,0.25,not_probed,0,,not_reported__no_valid_colab_network_or_device_energy_scope,,not_reported__no_direct_facility_or_grid_carbon_measurement,0.8781809390000035,Absolute energy and carbon are not reported because direct hardware energy instrumentation is disabled.,False,,,,BASELINE
23,B0_Plain_FL,5,comparative_protocol_experiment,comparative_experiment,main_comparative,Comparative federated-learning and protocol-enforcement experiment.,plain_or_protocol_control,custom_reference_python_prototype,False,,,,,,,,,,{},False,False,,,0,baseline_unenforced,,,,,not_applicable,not_applicable_plain_update_path,,,,not_applicable,0,0,0,False,,{},True,,strict_experiment_side_plaintext_oracle_comparison__max_coordinate_and_rmse_numeric_acceptance_envelope__relative_l2_diagnostic_only__no_plaintext_fallback_after_protected_aggregation_failure,custom_reference_prototype_numeric_acceptance_envelope__max_abs_and_rmse_are_acceptance_gates__relative_l2_is_diagnostic_only__not_a_formal_he_security_or_precision_proof,True,False,PASSED_PLAIN_CONTROL_CHECK,0.0,0.0,0.0,0.19079106711103558,0.19079106711103558,,,,True,True,True,True,finite_and_max_abs_and_rmse,0.9987711105649381,0.7083333333333334,0.5985915492957746,0.8673469387755102,0.933172273552077,0.7199918828608206,0.9778562240878343,0.7251091494948282,0.7251091494948282,0.8877551020408163,0.0013365222284749578,0.8877551020408163,0.0013365222284749578,56807,57,13,85,0.0010023916713562183,0.1326530612244898,0.8673469387755102,0.01818020441345356,0.01818020441345356,fpr,0.005,0.9990563760451184,0.7675675675675676,0.6698113207547169,0.8987341772151899,0.9489823886735436,0.7754411396718406,0.9876489755712063,0.8230120066098368,0.8230120066098368,0.8987341772151899,0.0007693998681028798,0.8987341772151899,0.0007693998681028798,45455,35,8,71,0.0007693998681028798,0.10126582278481013,0.8987341772151899,0.01818020441345356,fpr,0.005,1.0,False,,NOT_FINAL_ROUND,,,,,,,,,,,,,,,,,,,,False,0.9982795547909132,0.8611076120000689,700.2674639995803,3.121934999626319,0.0,0.0,0,0.0,0.0,240,4800,240.0,4800,4800,9600,,not_modelled__session_or_evaluation_key_material_excluded_from_round_payload,0,0,0.0,0.0,actual_generated_protocol_object_bytes,plain_model_update_uplink_plus_plain_global_update_broadcast,model_update_ciphertext_only__auxiliary_protocol_objects_are_counted_in_comm_total,False,single_google_colab_node__logical_client_cloud_authorized_recipient_roles,not_applicable,0.0,0.0,0.0,measured_sum_of_client_protection_plus_server_protected_aggregation_plus_authorized_recovery_or_decryption_ms_per_round,local_training__validation_test_evaluation__transport_latency__serialization_framing_not_explicitly_in_crypto_functions,0.0,0.0,20,20,0,plaintext_update_no_noise,1.0,plain_exact,0,0,False,0,0,False,not_applicable,0,[],0,,True,0.0017204452090867595,0.0017281485220215498,3.9572916666666664,0,0,0,0,0,0,0,0,0,0,0,0,0,20,0,20,0,1,fixed_execution_host_runtime_payload_and_machine_specification__no_unmeasured_absolute_energy_or_carbon_claim,sequential_single_host_wall_clock_and_generated_protocol_object_bytes__machine_specification_recorded__transport_network_facility_energy_not_measured,runtime_payload_measured__energy_not_instrumented,not_reported_without_direct_hardware_energy_instrumentation,not_reported,False,,,,,,,not_reported,0,0.25,not_probed,0,,not_reported__no_valid_colab_network_or_device_energy_scope,,not_reported__no_direct_facility_or_grid_carbon_measurement,0.8610808519999864,Absolute energy and carbon are not reported because direct hardware energy instrumentation is disabled.,False,,,,BASELINE
23,B0_Plain_FL,6,comparative_protocol_experiment,comparative_experiment,main_comparative,Comparative federated-learning and protocol-enforcement experiment.,plain_or_protocol_control,custom_reference_python_prototype,False,,,,,,,,,,{},False,False,,,0,baseline_unenforced,,,,,not_applicable,not_applicable_plain_update_path,,,,not_applicable,0,0,0,False,,{},True,,strict_experiment_side_plaintext_oracle_comparison__max_coordinate_and_rmse_numeric_acceptance_envelope__relative_l2_diagnostic_only__no_plaintext_fallback_after_protected_aggregation_failure,custom_reference_prototype_numeric_acceptance_envelope__max_abs_and_rmse_are_acceptance_gates__relative_l2_is_diagnostic_only__not_a_formal_he_security_or_precision_proof,True,False,PASSED_PLAIN_CONTROL_CHECK,0.0,0.0,0.0,0.13842396454665343,0.13842396454665343,,,,True,True,True,True,finite_and_max_abs_and_rmse,0.9987886661282961,0.7136929460580913,0.6013986013986014,0.8775510204081632,0.9382743143684036,0.7259269901137303,0.9786434586496389,0.7256519178406253,0.7256519178406253,0.8877551020408163,0.0013013505908835116,0.8877551020408163,0.0013013505908835116,56807,57,12,86,0.0010023916713562183,0.12244897959183673,0.8775510204081632,0.02366479079865955,0.02366479079865955,fpr,0.005,0.9990563760451184,0.7675675675675676,0.6698113207547169,0.8987341772151899,0.9489823886735436,0.7754411396718406,0.9871394742480611,0.8231098068874689,0.8231098068874689,0.8987341772151899,0.0007693998681028798,0.8987341772151899,0.0007693998681028798,45455,35,8,71,0.0007693998681028798,0.10126582278481013,0.8987341772151899,0.02366479079865955,fpr,0.005,1.0,False,,NOT_FINAL_ROUND,,,,,,,,,,,,,,,,,,,,False,0.9982795547909132,0.8816518180001367,710.8259669992094,2.9862280005090724,0.0,0.0,0,0.0,0.0,240,4800,240.0,4800,4800,9600,,not_modelled__session_or_evaluation_key_material_excluded_from_round_payload,0,0,0.0,0.0,actual_generated_protocol_object_bytes,plain_model_update_uplink_plus_plain_global_update_broadcast,model_update_ciphertext_only__auxiliary_protocol_objects_are_counted_in_comm_total,False,single_google_colab_node__logical_client_cloud_authorized_recipient_roles,not_applicable,0.0,0.0,0.0,measured_sum_of_client_protection_plus_server_protected_aggregation_plus_authorized_recovery_or_decryption_ms_per_round,local_training__validation_test_evaluation__transport_latency__serialization_framing_not_explicitly_in_crypto_functions,0.0,0.0,20,20,0,plaintext_update_no_noise,1.0,plain_exact,0,0,False,0,0,False,not_applicable,0,[],0,,True,0.0017204452090867595,0.0017281485220215498,3.9572916666666664,0,0,0,0,0,0,0,0,0,0,0,0,0,20,0,20,0,1,fixed_execution_host_runtime_payload_and_machine_specification__no_unmeasured_absolute_energy_or_carbon_claim,sequential_single_host_wall_clock_and_generated_protocol_object_bytes__machine_specification_recorded__transport_network_facility_energy_not_measured,runtime_payload_measured__energy_not_instrumented,not_reported_without_direct_hardware_energy_instrumentation,not_reported,False,,,,,,,not_reported,0,0.25,not_probed,0,,not_reported__no_valid_colab_network_or_device_energy_scope,,not_reported__no_direct_facility_or_grid_carbon_measurement,0.8816258930000913,Absolute energy and carbon are not reported because direct hardware energy instrumentation is disabled.,False,,,,BASELINE
23,B0_Plain_FL,7,comparative_protocol_experiment,comparative_experiment,main_comparative,Comparative federated-learning and protocol-enforcement experiment.,plain_or_protocol_control,custom_reference_python_prototype,False,,,,,,,,,,{},False,False,,,0,baseline_unenforced,,,,,not_applicable,not_applicable_plain_update_path,,,,not_applicable,0,0,0,False,,{},True,,strict_experiment_side_plaintext_oracle_comparison__max_coordinate_and_rmse_numeric_acceptance_envelope__relative_l2_diagnostic_only__no_plaintext_fallback_after_protected_aggregation_failure,custom_reference_prototype_numeric_acceptance_envelope__max_abs_and_rmse_are_acceptance_gates__relative_l2_is_diagnostic_only__not_a_formal_he_security_or_precision_proof,True,False,PASSED_PLAIN_CONTROL_CHECK,0.0,0.0,0.0,0.10189927971956846,0.10189927971956846,,,,True,True,True,True,finite_and_max_abs_and_rmse,0.9988062216916541,0.7166666666666667,0.6056338028169014,0.8775510204081632,0.9382831072778014,0.7284867912883576,0.97911091842477,0.7267638153149828,0.7267638153149828,0.8877551020408163,0.0013013505908835116,0.8877551020408163,0.0013013505908835116,56808,56,12,86,0.0009848058525604951,0.12244897959183673,0.8775510204081632,0.029093962138794373,0.029093962138794373,fpr,0.005,0.9990563760451184,0.7675675675675676,0.6698113207547169,0.8987341772151899,0.9489823886735436,0.7754411396718406,0.9865456589429865,0.823212945385122,0.823212945385122,0.8987341772151899,0.0007693998681028798,0.8987341772151899,0.0007693998681028798,45455,35,8,71,0.0007693998681028798,0.10126582278481013,0.8987341772151899,0.029093962138794373,fpr,0.005,1.0,False,,NOT_FINAL_ROUND,,,,,,,,,,,,,,,,,,,,False,0.9982795547909132,0.8634970430000521,692.9532990004645,2.9792620000534953,0.0,0.0,0,0.0,0.0,240,4800,240.0,4800,4800,9600,,not_modelled__session_or_evaluation_key_material_excluded_from_round_payload,0,0,0.0,0.0,actual_generated_protocol_object_bytes,plain_model_update_uplink_plus_plain_global_update_broadcast,model_update_ciphertext_only__auxiliary_protocol_objects_are_counted_in_comm_total,False,single_google_colab_node__logical_client_cloud_authorized_recipient_roles,not_applicable,0.0,0.0,0.0,measured_sum_of_client_protection_plus_server_protected_aggregation_plus_authorized_recovery_or_decryption_ms_per_round,local_training__validation_test_evaluation__transport_latency__serialization_framing_not_explicitly_in_crypto_functions,0.0,0.0,20,20,0,plaintext_update_no_noise,1.0,plain_exact,0,0,False,0,0,False,not_applicable,0,[],0,,True,0.0017204452090867595,0.0017281485220215498,3.9572916666666664,0,0,0,0,0,0,0,0,0,0,0,0,0,20,0,20,0,1,fixed_execution_host_runtime_payload_and_machine_specification__no_unmeasured_absolute_energy_or_carbon_claim,sequential_single_host_wall_clock_and_generated_protocol_object_bytes__machine_specification_recorded__transport_network_facility_energy_not_measured,runtime_payload_measured__energy_not_instrumented,not_reported_without_direct_hardware_energy_instrumentation,not_reported,False,,,,,,,not_reported,0,0.25,not_probed,0,,not_reported__no_valid_colab_network_or_device_energy_scope,,not_reported__no_direct_facility_or_grid_carbon_measurement,0.8634700200000225,Absolute energy and carbon are not reported because direct hardware energy instrumentation is disabled.,False,,,,BASELINE
23,B0_Plain_FL,8,comparative_protocol_experiment,comparative_experiment,main_comparative,Comparative federated-learning and protocol-enforcement experiment.,plain_or_protocol_control,custom_reference_python_prototype,False,,,,,,,,,,{},False,False,,,0,baseline_unenforced,,,,,not_applicable,not_applicable_plain_update_path,,,,not_applicable,0,0,0,False,,{},True,,strict_experiment_side_plaintext_oracle_comparison__max_coordinate_and_rmse_numeric_acceptance_envelope__relative_l2_diagnostic_only__no_plaintext_fallback_after_protected_aggregation_failure,custom_reference_prototype_numeric_acceptance_envelope__max_abs_and_rmse_are_acceptance_gates__relative_l2_is_diagnostic_only__not_a_formal_he_security_or_precision_proof,True,False,PASSED_PLAIN_CONTROL_CHECK,0.0,0.0,0.0,0.07389113234774289,0.07389113234774289,,,,True,True,True,True,finite_and_max_abs_and_rmse,0.9987711105649381,0.7107438016528925,0.5972222222222222,0.8775510204081632,0.9382655214590057,0.7233938715178584,0.9793564020993879,0.7269931143267099,0.7269931143267099,0.8877551020408163,0.0013892796848621273,0.8877551020408163,0.0013892796848621273,56806,58,12,86,0.0010199774901519414,0.12244897959183673,0.8775510204081632,0.03411069984059898,0.03411069984059898,fpr,0.005,0.9990563760451184,0.7675675675675676,0.6698113207547169,0.8987341772151899,0.9489823886735436,0.7754411396718406,0.9861313238964747,0.8233320629474886,0.8233320629474886,0.8987341772151899,0.0007693998681028798,0.8987341772151899,0.0007693998681028798,45455,35,8,71,0.0007693998681028798,0.10126582278481013,0.8987341772151899,0.03411069984059898,fpr,0.005,1.0,False,,NOT_FINAL_ROUND,,,,,,,,,,,,,,,,,,,,False,0.9982795547909132,1.0752439919999688,833.6441280000599,3.9019329997245222,0.0,0.0,0,0.0,0.0,240,4800,240.0,4800,4800,9600,,not_modelled__session_or_evaluation_key_material_excluded_from_round_payload,0,0,0.0,0.0,actual_generated_protocol_object_bytes,plain_model_update_uplink_plus_plain_global_update_broadcast,model_update_ciphertext_only__auxiliary_protocol_objects_are_counted_in_comm_total,False,single_google_colab_node__logical_client_cloud_authorized_recipient_roles,not_applicable,0.0,0.0,0.0,measured_sum_of_client_protection_plus_server_protected_aggregation_plus_authorized_recovery_or_decryption_ms_per_round,local_training__validation_test_evaluation__transport_latency__serialization_framing_not_explicitly_in_crypto_functions,0.0,0.0,20,20,0,plaintext_update_no_noise,1.0,plain_exact,0,0,False,0,0,False,not_applicable,0,[],0,,True,0.0017204452090867595,0.0017281485220215498,3.9572916666666664,0,0,0,0,0,0,0,0,0,0,0,0,0,20,0,20,0,1,fixed_execution_host_runtime_payload_and_machine_specification__no_unmeasured_absolute_energy_or_carbon_claim,sequential_single_host_wall_clock_and_generated_protocol_object_bytes__machine_specification_recorded__transport_network_facility_energy_not_measured,runtime_payload_measured__energy_not_instrumented,not_reported_without_direct_hardware_energy_instrumentation,not_reported,False,,,,,,,not_reported,0,0.25,not_probed,0,,not_reported__no_valid_colab_network_or_device_energy_scope,,not_reported__no_direct_facility_or_grid_carbon_measurement,1.0752156250000553,Absolute energy and carbon are not reported because direct hardware energy instrumentation is disabled.,False,,,,BASELINE
23,B0_Plain_FL,9,comparative_protocol_experiment,comparative_experiment,main_comparative,Comparative federated-learning and protocol-enforcement experiment.,plain_or_protocol_control,custom_reference_python_prototype,False,,,,,,,,,,{},False,False,,,0,baseline_unenforced,,,,,not_applicable,not_applicable_plain_update_path,,,,not_applicable,0,0,0,False,,{},True,,strict_experiment_side_plaintext_oracle_comparison__max_coordinate_and_rmse_numeric_acceptance_envelope__relative_l2_diagnostic_only__no_plaintext_fallback_after_protected_aggregation_failure,custom_reference_prototype_numeric_acceptance_envelope__max_abs_and_rmse_are_acceptance_gates__relative_l2_is_diagnostic_only__not_a_formal_he_security_or_precision_proof,True,False,PASSED_PLAIN_CONTROL_CHECK,0.0,0.0,0.0,0.05537918422356866,0.05537918422356866,,,,True,True,True,True,finite_and_max_abs_and_rmse,0.9987711105649381,0.7107438016528925,0.5972222222222222,0.8775510204081632,0.9382655214590057,0.7233938715178584,0.9794543802326783,0.7274712618739689,0.7274712618739689,0.8877551020408163,0.0014068655036578502,0.8877551020408163,0.0014068655036578502,56806,58,12,86,0.0010199774901519414,0.12244897959183673,0.8775510204081632,0.03908982707279384,0.03908982707279384,fpr,0.005,0.9990563760451184,0.7675675675675676,0.6698113207547169,0.8987341772151899,0.9489823886735436,0.7754411396718406,0.9856131963903598,0.8234702909864382,0.8234702909864382,0.8987341772151899,0.0007693998681028798,0.8987341772151899,0.0007693998681028798,45455,35,8,71,0.0007693998681028798,0.10126582278481013,0.8987341772151899,0.03908982707279384,fpr,0.005,1.0,False,,NOT_FINAL_ROUND,,,,,,,,,,,,,,,,,,,,False,0.9982795547909132,1.3503461619998234,1103.6278359997596,3.744870000446099,0.0,0.0,0,0.0,0.0,240,4800,240.0,4800,4800,9600,,not_modelled__session_or_evaluation_key_material_excluded_from_round_payload,0,0,0.0,0.0,actual_generated_protocol_object_bytes,plain_model_update_uplink_plus_plain_global_update_broadcast,model_update_ciphertext_only__auxiliary_protocol_objects_are_counted_in_comm_total,False,single_google_colab_node__logical_client_cloud_authorized_recipient_roles,not_applicable,0.0,0.0,0.0,measured_sum_of_client_protection_plus_server_protected_aggregation_plus_authorized_recovery_or_decryption_ms_per_round,local_training__validation_test_evaluation__transport_latency__serialization_framing_not_explicitly_in_crypto_functions,0.0,0.0,20,20,0,plaintext_update_no_noise,1.0,plain_exact,0,0,False,0,0,False,not_applicable,0,[],0,,True,0.0017204452090867595,0.0017281485220215498,3.9572916666666664,0,0,0,0,0,0,0,0,0,0,0,0,0,20,0,20,0,1,fixed_execution_host_runtime_payload_and_machine_specification__no_unmeasured_absolute_energy_or_carbon_claim,sequential_single_host_wall_clock_and_generated_protocol_object_bytes__machine_specification_recorded__transport_network_facility_energy_not_measured,runtime_payload_measured__energy_not_instrumented,not_reported_without_direct_hardware_energy_instrumentation,not_reported,False,,,,,,,not_reported,0,0.25,not_probed,0,,not_reported__no_valid_colab_network_or_device_energy_scope,,not_reported__no_direct_facility_or_grid_carbon_measurement,1.3502729279998675,Absolute energy and carbon are not reported because direct hardware energy instrumentation is disabled.,False,,,,BASELINE
23,B0_Plain_FL,10,comparative_protocol_experiment,comparative_experiment,main_comparative,Comparative federated-learning and protocol-enforcement experiment.,plain_or_protocol_control,custom_reference_python_prototype,False,,,,,,,,,,{},False,False,,,0,baseline_unenforced,,,,,not_applicable,not_applicable_plain_update_path,,,,not_applicable,0,0,0,False,,{},True,,strict_experiment_side_plaintext_oracle_comparison__max_coordinate_and_rmse_numeric_acceptance_envelope__relative_l2_diagnostic_only__no_plaintext_fallback_after_protected_aggregation_failure,custom_reference_prototype_numeric_acceptance_envelope__max_abs_and_rmse_are_acceptance_gates__relative_l2_is_diagnostic_only__not_a_formal_he_security_or_precision_proof,True,False,PASSED_PLAIN_CONTROL_CHECK,0.0,0.0,0.0,0.04041481055847174,0.04041481055847174,,,,True,True,True,True,finite_and_max_abs_and_rmse,0.9987886661282961,0.7136929460580913,0.6013986013986014,0.8775510204081632,0.9382743143684036,0.7259269901137303,0.9794958325198396,0.727529505433086,0.727529505433086,0.8877551020408163,0.0014244513224535734,0.8877551020408163,0.0014244513224535734,56807,57,12,86,0.0010023916713562183,0.12244897959183673,0.8775510204081632,0.04318617925070125,0.04318617925070125,fpr,0.005,0.9990344313019817,0.7634408602150538,0.6635514018691588,0.8987341772151899,0.9489713972468563,0.7717986706821625,0.9853096104026201,0.823769260327211,0.823769260327211,0.8987341772151899,0.0007913827214772477,0.8987341772151899,0.0007913827214772477,45454,36,8,71,0.0007913827214772477,0.10126582278481013,0.8987341772151899,0.04318617925070125,fpr,0.005,1.0,False,,NOT_FINAL_ROUND,,,,,,,,,,,,,,,,,,,,False,0.9982795547909132,1.3858377059998475,1149.3877390000762,4.0143660000921955,0.0,0.0,0,0.0,0.0,240,4800,240.0,4800,4800,9600,,not_modelled__session_or_evaluation_key_material_excluded_from_round_payload,0,0,0.0,0.0,actual_generated_protocol_object_bytes,plain_model_update_uplink_plus_plain_global_update_broadcast,model_update_ciphertext_only__auxiliary_protocol_objects_are_counted_in_comm_total,False,single_google_colab_node__logical_client_cloud_authorized_recipient_roles,not_applicable,0.0,0.0,0.0,measured_sum_of_client_protection_plus_server_protected_aggregation_plus_authorized_recovery_or_decryption_ms_per_round,local_training__validation_test_evaluation__transport_latency__serialization_framing_not_explicitly_in_crypto_functions,0.0,0.0,20,20,0,plaintext_update_no_noise,1.0,plain_exact,0,0,False,0,0,False,not_applicable,0,[],0,,True,0.0017204452090867595,0.0017281485220215498,3.9572916666666664,0,0,0,0,0,0,0,0,0,0,0,0,0,20,0,20,0,1,fixed_execution_host_runtime_payload_and_machine_specification__no_unmeasured_absolute_energy_or_carbon_claim,sequential_single_host_wall_clock_and_generated_protocol_object_bytes__machine_specification_recorded__transport_network_facility_energy_not_measured,runtime_payload_measured__energy_not_instrumented,not_reported_without_direct_hardware_energy_instrumentation,not_reported,False,,,,,,,not_reported,0,0.25,not_probed,0,,not_reported__no_valid_colab_network_or_device_energy_scope,,not_reported__no_direct_facility_or_grid_carbon_measurement,1.3858029160001024,Absolute energy and carbon are not reported because direct hardware energy instrumentation is disabled.,False,,,,BASELINE
23,B0_Plain_FL,11,comparative_protocol_experiment,comparative_experiment,main_comparative,Comparative federated-learning and protocol-enforcement experiment.,plain_or_protocol_control,custom_reference_python_prototype,False,,,,,,,,,,{},False,False,,,0,baseline_unenforced,,,,,not_applicable,not_applicable_plain_update_path,,,,not_applicable,0,0,0,False,,{},True,,strict_experiment_side_plaintext_oracle_comparison__max_coordinate_and_rmse_numeric_acceptance_envelope__relative_l2_diagnostic_only__no_plaintext_fallback_after_protected_aggregation_failure,custom_reference_prototype_numeric_acceptance_envelope__max_abs_and_rmse_are_acceptance_gates__relative_l2_is_diagnostic_only__not_a_formal_he_security_or_precision_proof,True,False,PASSED_PLAIN_CONTROL_CHECK,0.0,0.0,0.0,0.02862753408966034,0.02862753408966034,,,,True,True,True,True,finite_and_max_abs_and_rmse,0.9987886661282961,0.7136929460580913,0.6013986013986014,0.8775510204081632,0.9382743143684036,0.7259269901137303,0.979533516417259,0.7276283750685033,0.7276283750685033,0.8877551020408163,0.0014244513224535734,0.8877551020408163,0.0014244513224535734,56807,57,12,86,0.0010023916713562183,0.12244897959183673,0.8775510204081632,0.04665970603425356,0.04665970603425356,fpr,0.005,0.9990344313019817,0.7634408602150538,0.6635514018691588,0.8987341772151899,0.9489713972468563,0.7717986706821625,0.9850307899079225,0.8237642163454942,0.8237642163454942,0.8987341772151899,0.0007913827214772477,0.8987341772151899,0.0007913827214772477,45454,36,8,71,0.0007913827214772477,0.10126582278481013,0.8987341772151899,0.04665970603425356,fpr,0.005,1.0,False,,NOT_FINAL_ROUND,,,,,,,,,,,,,,,,,,,,False,0.9982795547909132,1.220643081999924,1061.0718609998457,3.826430999652075,0.0,0.0,0,0.0,0.0,240,4800,240.0,4800,4800,9600,,not_modelled__session_or_evaluation_key_material_excluded_from_round_payload,0,0,0.0,0.0,actual_generated_protocol_object_bytes,plain_model_update_uplink_plus_plain_global_update_broadcast,model_update_ciphertext_only__auxiliary_protocol_objects_are_counted_in_comm_total,False,single_google_colab_node__logical_client_cloud_authorized_recipient_roles,not_applicable,0.0,0.0,0.0,measured_sum_of_client_protection_plus_server_protected_aggregation_plus_authorized_recovery_or_decryption_ms_per_round,local_training__validation_test_evaluation__transport_latency__serialization_framing_not_explicitly_in_crypto_functions,0.0,0.0,20,20,0,plaintext_update_no_noise,1.0,plain_exact,0,0,False,0,0,False,not_applicable,0,[],0,,True,0.0017204452090867595,0.0017281485220215498,3.9572916666666664,0,0,0,0,0,0,0,0,0,0,0,0,0,20,0,20,0,1,fixed_execution_host_runtime_payload_and_machine_specification__no_unmeasured_absolute_energy_or_carbon_claim,sequential_single_host_wall_clock_and_generated_protocol_object_bytes__machine_specification_recorded__transport_network_facility_energy_not_measured,runtime_payload_measured__energy_not_instrumented,not_reported_without_direct_hardware_energy_instrumentation,not_reported,False,,,,,,,not_reported,0,0.25,not_probed,0,,not_reported__no_valid_colab_network_or_device_energy_scope,,not_reported__no_direct_facility_or_grid_carbon_measurement,1.2206129680000686,Absolute energy and carbon are not reported because direct hardware energy instrumentation is disabled.,False,,,,BASELINE
23,B0_Plain_FL,12,comparative_protocol_experiment,comparative_experiment,main_comparative,Comparative federated-learning and protocol-enforcement experiment.,plain_or_protocol_control,custom_reference_python_prototype,False,,,,,,,,,,{},False,False,,,0,baseline_unenforced,,,,,not_applicable,not_applicable_plain_update_path,,,,not_applicable,0,0,0,False,,{},True,,strict_experiment_side_plaintext_oracle_comparison__max_coordinate_and_rmse_numeric_acceptance_envelope__relative_l2_diagnostic_only__no_plaintext_fallback_after_protected_aggregation_failure,custom_reference_prototype_numeric_acceptance_envelope__max_abs_and_rmse_are_acceptance_gates__relative_l2_is_diagnostic_only__not_a_formal_he_security_or_precision_proof,True,False,PASSED_PLAIN_CONTROL_CHECK,0.0,0.0,0.0,0.019066877426883178,0.019066877426883178,,,,True,True,True,True,finite_and_max_abs_and_rmse,0.9987886661282961,0.7136929460580913,0.6013986013986014,0.8775510204081632,0.9382743143684036,0.7259269901137303,0.9795839410609488,0.7276571601992791,0.7276571601992791,0.8877551020408163,0.0014244513224535734,0.8877551020408163,0.0014244513224535734,56807,57,12,86,0.0010023916713562183,0.12244897959183673,0.8775510204081632,0.04912275978562909,0.04912275978562909,fpr,0.005,0.9990344313019817,0.7634408602150538,0.6635514018691588,0.8987341772151899,0.9489713972468563,0.7717986706821625,0.984765882611563,0.8235911702747585,0.8235911702747585,0.8987341772151899,0.0007913827214772477,0.8987341772151899,0.0007913827214772477,45454,36,8,71,0.0007913827214772477,0.10126582278481013,0.8987341772151899,0.04912275978562909,fpr,0.005,1.0,False,,NOT_FINAL_ROUND,,,,,,,,,,,,,,,,,,,,False,0.9982795547909132,0.8712921979999919,713.1602839999687,2.983198999800152,0.0,0.0,0,0.0,0.0,240,4800,240.0,4800,4800,9600,,not_modelled__session_or_evaluation_key_material_excluded_from_round_payload,0,0,0.0,0.0,actual_generated_protocol_object_bytes,plain_model_update_uplink_plus_plain_global_update_broadcast,model_update_ciphertext_only__auxiliary_protocol_objects_are_counted_in_comm_total,False,single_google_colab_node__logical_client_cloud_authorized_recipient_roles,not_applicable,0.0,0.0,0.0,measured_sum_of_client_protection_plus_server_protected_aggregation_plus_authorized_recovery_or_decryption_ms_per_round,local_training__validation_test_evaluation__transport_latency__serialization_framing_not_explicitly_in_crypto_functions,0.0,0.0,20,20,0,plaintext_update_no_noise,1.0,plain_exact,0,0,False,0,0,False,not_applicable,0,[],0,,True,0.0017204452090867595,0.0017281485220215498,3.9572916666666664,0,0,0,0,0,0,0,0,0,0,0,0,0,20,0,20,0,1,fixed_execution_host_runtime_payload_and_machine_specification__no_unmeasured_absolute_energy_or_carbon_claim,sequential_single_host_wall_clock_and_generated_protocol_object_bytes__machine_specification_recorded__transport_network_facility_energy_not_measured,runtime_payload_measured__energy_not_instrumented,not_reported_without_direct_hardware_energy_instrumentation,not_reported,False,,,,,,,not_reported,0,0.25,not_probed,0,,not_reported__no_valid_colab_network_or_device_energy_scope,,not_reported__no_direct_facility_or_grid_carbon_measurement,0.8712669159999678,Absolute energy and carbon are not reported because direct hardware energy instrumentation is disabled.,False,,,,BASELINE
23,B0_Plain_FL,13,comparative_protocol_experiment,comparative_experiment,main_comparative,Comparative federated-learning and protocol-enforcement experiment.,plain_or_protocol_control,custom_reference_python_prototype,False,,,,,,,,,,{},False,False,,,0,baseline_unenforced,,,,,not_applicable,not_applicable_plain_update_path,,,,not_applicable,0,0,0,False,,{},True,,strict_experiment_side_plaintext_oracle_comparison__max_coordinate_and_rmse_numeric_acceptance_envelope__relative_l2_diagnostic_only__no_plaintext_fallback_after_protected_aggregation_failure,custom_reference_prototype_numeric_acceptance_envelope__max_abs_and_rmse_are_acceptance_gates__relative_l2_is_diagnostic_only__not_a_formal_he_security_or_precision_proof,True,False,PASSED_PLAIN_CONTROL_CHECK,0.0,0.0,0.0,0.01371310821631029,0.01371310821631029,,,,True,True,True,True,finite_and_max_abs_and_rmse,0.9987886661282961,0.7136929460580913,0.6013986013986014,0.8775510204081632,0.9382743143684036,0.7259269901137303,0.9795292096861254,0.7280286491516957,0.7280286491516957,0.8877551020408163,0.0014244513224535734,0.8877551020408163,0.0014244513224535734,56807,57,12,86,0.0010023916713562183,0.12244897959183673,0.8775510204081632,0.051003303101112354,0.051003303101112354,fpr,0.005,0.9990344313019817,0.7634408602150538,0.6635514018691588,0.8987341772151899,0.9489713972468563,0.7717986706821625,0.9846824034215338,0.8237435389084143,0.8237435389084143,0.8987341772151899,0.0007913827214772477,0.8987341772151899,0.0007913827214772477,45454,36,8,71,0.0007913827214772477,0.10126582278481013,0.8987341772151899,0.051003303101112354,fpr,0.005,1.0,False,,NOT_FINAL_ROUND,,,,,,,,,,,,,,,,,,,,False,0.9982795547909132,0.8601709270001265,700.4958750001151,3.0820190011127124,0.0,0.0,0,0.0,0.0,240,4800,240.0,4800,4800,9600,,not_modelled__session_or_evaluation_key_material_excluded_from_round_payload,0,0,0.0,0.0,actual_generated_protocol_object_bytes,plain_model_update_uplink_plus_plain_global_update_broadcast,model_update_ciphertext_only__auxiliary_protocol_objects_are_counted_in_comm_total,False,single_google_colab_node__logical_client_cloud_authorized_recipient_roles,not_applicable,0.0,0.0,0.0,measured_sum_of_client_protection_plus_server_protected_aggregation_plus_authorized_recovery_or_decryption_ms_per_round,local_training__validation_test_evaluation__transport_latency__serialization_framing_not_explicitly_in_crypto_functions,0.0,0.0,20,20,0,plaintext_update_no_noise,1.0,plain_exact,0,0,False,0,0,False,not_applicable,0,[],0,,True,0.0017204452090867595,0.0017281485220215498,3.9572916666666664,0,0,0,0,0,0,0,0,0,0,0,0,0,20,0,20,0,1,fixed_execution_host_runtime_payload_and_machine_specification__no_unmeasured_absolute_energy_or_carbon_claim,sequential_single_host_wall_clock_and_generated_protocol_object_bytes__machine_specification_recorded__transport_network_facility_energy_not_measured,runtime_payload_measured__energy_not_instrumented,not_reported_without_direct_hardware_energy_instrumentation,not_reported,False,,,,,,,not_reported,0,0.25,not_probed,0,,not_reported__no_valid_colab_network_or_device_energy_scope,,not_reported__no_direct_facility_or_grid_carbon_measurement,0.8601444269997955,Absolute energy and carbon are not reported because direct hardware energy instrumentation is disabled.,False,,,,BASELINE
23,B0_Plain_FL,14,comparative_protocol_experiment,comparative_experiment,main_comparative,Comparative federated-learning and protocol-enforcement experiment.,plain_or_protocol_control,custom_reference_python_prototype,False,,,,,,,,,,{},False,False,,,0,baseline_unenforced,,,,,not_applicable,not_applicable_plain_update_path,,,,not_applicable,0,0,0,False,,{},True,,strict_experiment_side_plaintext_oracle_comparison__max_coordinate_and_rmse_numeric_acceptance_envelope__relative_l2_diagnostic_only__no_plaintext_fallback_after_protected_aggregation_failure,custom_reference_prototype_numeric_acceptance_envelope__max_abs_and_rmse_are_acceptance_gates__relative_l2_is_diagnostic_only__not_a_formal_he_security_or_precision_proof,True,False,PASSED_PLAIN_CONTROL_CHECK,0.0,0.0,0.0,0.014821735819727361,0.014821735819727361,,,,True,True,True,True,finite_and_max_abs_and_rmse,0.9988237772550121,0.7196652719665272,0.6099290780141844,0.8775510204081632,0.9382919001871992,0.7310737472020886,0.979485245139136,0.7279715065615113,0.7279715065615113,0.8877551020408163,0.0014068655036578502,0.8877551020408163,0.0014068655036578502,56809,55,12,86,0.0009672200337647721,0.12244897959183673,0.8775510204081632,0.052848465422819485,0.052848465422819485,fpr,0.005,0.9990344313019817,0.7634408602150538,0.6635514018691588,0.8987341772151899,0.9489713972468563,0.7717986706821625,0.9845635847077255,0.8233481096057449,0.8233481096057449,0.8987341772151899,0.0007913827214772477,0.8987341772151899,0.0007913827214772477,45454,36,8,71,0.0007913827214772477,0.10126582278481013,0.8987341772151899,0.052848465422819485,fpr,0.005,1.0,False,,NOT_FINAL_ROUND,,,,,,,,,,,,,,,,,,,,False,0.9982795547909132,0.851402994999944,684.1671679999308,2.995595999436773,0.0,0.0,0,0.0,0.0,240,4800,240.0,4800,4800,9600,,not_modelled__session_or_evaluation_key_material_excluded_from_round_payload,0,0,0.0,0.0,actual_generated_protocol_object_bytes,plain_model_update_uplink_plus_plain_global_update_broadcast,model_update_ciphertext_only__auxiliary_protocol_objects_are_counted_in_comm_total,False,single_google_colab_node__logical_client_cloud_authorized_recipient_roles,not_applicable,0.0,0.0,0.0,measured_sum_of_client_protection_plus_server_protected_aggregation_plus_authorized_recovery_or_decryption_ms_per_round,local_training__validation_test_evaluation__transport_latency__serialization_framing_not_explicitly_in_crypto_functions,0.0,0.0,20,20,0,plaintext_update_no_noise,1.0,plain_exact,0,0,False,0,0,False,not_applicable,0,[],0,,True,0.0017204452090867595,0.0017281485220215498,3.9572916666666664,0,0,0,0,0,0,0,0,0,0,0,0,0,20,0,20,0,1,fixed_execution_host_runtime_payload_and_machine_specification__no_unmeasured_absolute_energy_or_carbon_claim,sequential_single_host_wall_clock_and_generated_protocol_object_bytes__machine_specification_recorded__transport_network_facility_energy_not_measured,runtime_payload_measured__energy_not_instrumented,not_reported_without_direct_hardware_energy_instrumentation,not_reported,False,,,,,,,not_reported,0,0.25,not_probed,0,,not_reported__no_valid_colab_network_or_device_energy_scope,,not_reported__no_direct_facility_or_grid_carbon_measurement,0.8513762210000095,Absolute energy and carbon are not reported because direct hardware energy instrumentation is disabled.,False,,,,BASELINE
23,B0_Plain_FL,15,comparative_protocol_experiment,comparative_experiment,main_comparative,Comparative federated-learning and protocol-enforcement experiment.,plain_or_protocol_control,custom_reference_python_prototype,False,,,,,,,,,,{},False,False,,,0,baseline_unenforced,,,,,not_applicable,not_applicable_plain_update_path,,,,not_applicable,0,0,0,False,,{},True,,strict_experiment_side_plaintext_oracle_comparison__max_coordinate_and_rmse_numeric_acceptance_envelope__relative_l2_diagnostic_only__no_plaintext_fallback_after_protected_aggregation_failure,custom_reference_prototype_numeric_acceptance_envelope__max_abs_and_rmse_are_acceptance_gates__relative_l2_is_diagnostic_only__not_a_formal_he_security_or_precision_proof,True,False,PASSED_PLAIN_CONTROL_CHECK,0.0,0.0,0.0,0.008724151988934302,0.008724151988934302,,,,True,True,True,True,finite_and_max_abs_and_rmse,0.9988237772550121,0.7196652719665272,0.6099290780141844,0.8775510204081632,0.9382919001871992,0.7310737472020886,0.9794601225408566,0.7279594242050559,0.7279594242050559,0.8877551020408163,0.0014244513224535734,0.8877551020408163,0.0014244513224535734,56809,55,12,86,0.0009672200337647721,0.12244897959183673,0.8775510204081632,0.05338215973384284,0.05338215973384284,fpr,0.005,0.9990344313019817,0.7634408602150538,0.6635514018691588,0.8987341772151899,0.9489713972468563,0.7717986706821625,0.9844723141266267,0.8233390256560826,0.8233390256560826,0.8987341772151899,0.0007913827214772477,0.8987341772151899,0.0007913827214772477,45454,36,8,71,0.0007913827214772477,0.10126582278481013,0.8987341772151899,0.05338215973384284,fpr,0.005,1.0,False,,NOT_FINAL_ROUND,,,,,,,,,,,,,,,,,,,,False,0.9982795547909132,0.8584061889998793,698.0764959996577,3.0829569998331863,0.0,0.0,0,0.0,0.0,240,4800,240.0,4800,4800,9600,,not_modelled__session_or_evaluation_key_material_excluded_from_round_payload,0,0,0.0,0.0,actual_generated_protocol_object_bytes,plain_model_update_uplink_plus_plain_global_update_broadcast,model_update_ciphertext_only__auxiliary_protocol_objects_are_counted_in_comm_total,False,single_google_colab_node__logical_client_cloud_authorized_recipient_roles,not_applicable,0.0,0.0,0.0,measured_sum_of_client_protection_plus_server_protected_aggregation_plus_authorized_recovery_or_decryption_ms_per_round,local_training__validation_test_evaluation__transport_latency__serialization_framing_not_explicitly_in_crypto_functions,0.0,0.0,20,20,0,plaintext_update_no_noise,1.0,plain_exact,0,0,False,0,0,False,not_applicable,0,[],0,,True,0.0017204452090867595,0.0017281485220215498,3.9572916666666664,0,0,0,0,0,0,0,0,0,0,0,0,0,20,0,20,0,1,fixed_execution_host_runtime_payload_and_machine_specification__no_unmeasured_absolute_energy_or_carbon_claim,sequential_single_host_wall_clock_and_generated_protocol_object_bytes__machine_specification_recorded__transport_network_facility_energy_not_measured,runtime_payload_measured__energy_not_instrumented,not_reported_without_direct_hardware_energy_instrumentation,not_reported,False,,,,,,,not_reported,0,0.25,not_probed,0,,not_reported__no_valid_colab_network_or_device_energy_scope,,not_reported__no_direct_facility_or_grid_carbon_measurement,0.8583764559998599,Absolute energy and carbon are not reported because direct hardware energy instrumentation is disabled.,False,,,,BASELINE
23,B0_Plain_FL,16,comparative_protocol_experiment,comparative_experiment,main_comparative,Comparative federated-learning and protocol-enforcement experiment.,plain_or_protocol_control,custom_reference_python_prototype,False,,,,,,,,,,{},False,False,,,0,baseline_unenforced,,,,,not_applicable,not_applicable_plain_update_path,,,,not_applicable,0,0,0,False,,{},True,,strict_experiment_side_plaintext_oracle_comparison__max_coordinate_and_rmse_numeric_acceptance_envelope__relative_l2_diagnostic_only__no_plaintext_fallback_after_protected_aggregation_failure,custom_reference_prototype_numeric_acceptance_envelope__max_abs_and_rmse_are_acceptance_gates__relative_l2_is_diagnostic_only__not_a_formal_he_security_or_precision_proof,True,False,PASSED_PLAIN_CONTROL_CHECK,0.0,0.0,0.0,0.007470851022249792,0.007470851022249792,,,,True,True,True,True,finite_and_max_abs_and_rmse,0.9988237772550121,0.7196652719665272,0.6099290780141844,0.8775510204081632,0.9382919001871992,0.7310737472020886,0.9794093390029056,0.7278922754888691,0.7278922754888691,0.8877551020408163,0.0014068655036578502,0.8877551020408163,0.0014068655036578502,56809,55,12,86,0.0009672200337647721,0.12244897959183673,0.8775510204081632,0.0537741922005273,0.0537741922005273,fpr,0.005,0.9990344313019817,0.7634408602150538,0.6635514018691588,0.8987341772151899,0.9489713972468563,0.7717986706821625,0.9844046959827031,0.8233399887590992,0.8233399887590992,0.8987341772151899,0.0007913827214772477,0.8987341772151899,0.0007913827214772477,45454,36,8,71,0.0007913827214772477,0.10126582278481013,0.8987341772151899,0.0537741922005273,fpr,0.005,1.0,False,,NOT_FINAL_ROUND,,,,,,,,,,,,,,,,,,,,False,0.9982795547909132,0.880018021000069,718.8046909996046,2.958394999950542,0.0,0.0,0,0.0,0.0,240,4800,240.0,4800,4800,9600,,not_modelled__session_or_evaluation_key_material_excluded_from_round_payload,0,0,0.0,0.0,actual_generated_protocol_object_bytes,plain_model_update_uplink_plus_plain_global_update_broadcast,model_update_ciphertext_only__auxiliary_protocol_objects_are_counted_in_comm_total,False,single_google_colab_node__logical_client_cloud_authorized_recipient_roles,not_applicable,0.0,0.0,0.0,measured_sum_of_client_protection_plus_server_protected_aggregation_plus_authorized_recovery_or_decryption_ms_per_round,local_training__validation_test_evaluation__transport_latency__serialization_framing_not_explicitly_in_crypto_functions,0.0,0.0,20,20,0,plaintext_update_no_noise,1.0,plain_exact,0,0,False,0,0,False,not_applicable,0,[],0,,True,0.0017204452090867595,0.0017281485220215498,3.9572916666666664,0,0,0,0,0,0,0,0,0,0,0,0,0,20,0,20,0,1,fixed_execution_host_runtime_payload_and_machine_specification__no_unmeasured_absolute_energy_or_carbon_claim,sequential_single_host_wall_clock_and_generated_protocol_object_bytes__machine_specification_recorded__transport_network_facility_energy_not_measured,runtime_payload_measured__energy_not_instrumented,not_reported_without_direct_hardware_energy_instrumentation,not_reported,False,,,,,,,not_reported,0,0.25,not_probed,0,,not_reported__no_valid_colab_network_or_device_energy_scope,,not_reported__no_direct_facility_or_grid_carbon_measurement,0.8799925039998016,Absolute energy and carbon are not reported because direct hardware energy instrumentation is disabled.,False,,,,BASELINE
23,B0_Plain_FL,17,comparative_protocol_experiment,comparative_experiment,main_comparative,Comparative federated-learning and protocol-enforcement experiment.,plain_or_protocol_control,custom_reference_python_prototype,False,,,,,,,,,,{},False,False,,,0,baseline_unenforced,,,,,not_applicable,not_applicable_plain_update_path,,,,not_applicable,0,0,0,False,,{},True,,strict_experiment_side_plaintext_oracle_comparison__max_coordinate_and_rmse_numeric_acceptance_envelope__relative_l2_diagnostic_only__no_plaintext_fallback_after_protected_aggregation_failure,custom_reference_prototype_numeric_acceptance_envelope__max_abs_and_rmse_are_acceptance_gates__relative_l2_is_diagnostic_only__not_a_formal_he_security_or_precision_proof,True,False,PASSED_PLAIN_CONTROL_CHECK,0.0,0.0,0.0,0.006685590183960365,0.006685590183960365,,,,True,True,True,True,finite_and_max_abs_and_rmse,0.9988237772550121,0.7196652719665272,0.6099290780141844,0.8775510204081632,0.9382919001871992,0.7310737472020886,0.9793887025828902,0.7279468768054261,0.7279468768054261,0.8877551020408163,0.0014068655036578502,0.8877551020408163,0.0014068655036578502,56809,55,12,86,0.0009672200337647721,0.12244897959183673,0.8775510204081632,0.054180450681524904,0.054180450681524904,fpr,0.005,0.9990563760451184,0.7675675675675676,0.6698113207547169,0.8987341772151899,0.9489823886735436,0.7754411396718406,0.9843969045916338,0.8234129175909196,0.8234129175909196,0.8987341772151899,0.0007693998681028798,0.8987341772151899,0.0007693998681028798,45455,35,8,71,0.0007693998681028798,0.10126582278481013,0.8987341772151899,0.054180450681524904,fpr,0.005,1.0,False,,NOT_FINAL_ROUND,,,,,,,,,,,,,,,,,,,,False,0.9982795547909132,0.8759135590000824,710.3066820002368,3.080876000012722,0.0,0.0,0,0.0,0.0,240,4800,240.0,4800,4800,9600,,not_modelled__session_or_evaluation_key_material_excluded_from_round_payload,0,0,0.0,0.0,actual_generated_protocol_object_bytes,plain_model_update_uplink_plus_plain_global_update_broadcast,model_update_ciphertext_only__auxiliary_protocol_objects_are_counted_in_comm_total,False,single_google_colab_node__logical_client_cloud_authorized_recipient_roles,not_applicable,0.0,0.0,0.0,measured_sum_of_client_protection_plus_server_protected_aggregation_plus_authorized_recovery_or_decryption_ms_per_round,local_training__validation_test_evaluation__transport_latency__serialization_framing_not_explicitly_in_crypto_functions,0.0,0.0,20,20,0,plaintext_update_no_noise,1.0,plain_exact,0,0,False,0,0,False,not_applicable,0,[],0,,True,0.0017204452090867595,0.0017281485220215498,3.9572916666666664,0,0,0,0,0,0,0,0,0,0,0,0,0,20,0,20,0,1,fixed_execution_host_runtime_payload_and_machine_specification__no_unmeasured_absolute_energy_or_carbon_claim,sequential_single_host_wall_clock_and_generated_protocol_object_bytes__machine_specification_recorded__transport_network_facility_energy_not_measured,runtime_payload_measured__energy_not_instrumented,not_reported_without_direct_hardware_energy_instrumentation,not_reported,False,,,,,,,not_reported,0,0.25,not_probed,0,,not_reported__no_valid_colab_network_or_device_energy_scope,,not_reported__no_direct_facility_or_grid_carbon_measurement,0.8758809519999886,Absolute energy and carbon are not reported because direct hardware energy instrumentation is disabled.,False,,,,BASELINE
23,B0_Plain_FL,18,comparative_protocol_experiment,comparative_experiment,main_comparative,Comparative federated-learning and protocol-enforcement experiment.,plain_or_protocol_control,custom_reference_python_prototype,False,,,,,,,,,,{},False,False,,,0,baseline_unenforced,,,,,not_applicable,not_applicable_plain_update_path,,,,not_applicable,0,0,0,False,,{},True,,strict_experiment_side_plaintext_oracle_comparison__max_coordinate_and_rmse_numeric_acceptance_envelope__relative_l2_diagnostic_only__no_plaintext_fallback_after_protected_aggregation_failure,custom_reference_prototype_numeric_acceptance_envelope__max_abs_and_rmse_are_acceptance_gates__relative_l2_is_diagnostic_only__not_a_formal_he_security_or_precision_proof,True,False,PASSED_PLAIN_CONTROL_CHECK,0.0,0.0,0.0,0.006505004108505558,0.006505004108505558,,,,True,True,True,True,finite_and_max_abs_and_rmse,0.9988237772550121,0.7196652719665272,0.6099290780141844,0.8775510204081632,0.9382919001871992,0.7310737472020886,0.9793264344285829,0.7279215516904974,0.7279215516904974,0.8877551020408163,0.0014244513224535734,0.8877551020408163,0.0014244513224535734,56809,55,12,86,0.0009672200337647721,0.12244897959183673,0.8775510204081632,0.054347018385461264,0.054347018385461264,fpr,0.005,0.9990563760451184,0.7675675675675676,0.6698113207547169,0.8987341772151899,0.9489823886735436,0.7754411396718406,0.9843465388136494,0.8234107466880708,0.8234107466880708,0.8987341772151899,0.0007693998681028798,0.8987341772151899,0.0007693998681028798,45455,35,8,71,0.0007693998681028798,0.10126582278481013,0.8987341772151899,0.054347018385461264,fpr,0.005,1.0,False,,NOT_FINAL_ROUND,,,,,,,,,,,,,,,,,,,,False,0.9982795547909132,0.8786979700000757,716.636366001012,3.2627030002458923,0.0,0.0,0,0.0,0.0,240,4800,240.0,4800,4800,9600,,not_modelled__session_or_evaluation_key_material_excluded_from_round_payload,0,0,0.0,0.0,actual_generated_protocol_object_bytes,plain_model_update_uplink_plus_plain_global_update_broadcast,model_update_ciphertext_only__auxiliary_protocol_objects_are_counted_in_comm_total,False,single_google_colab_node__logical_client_cloud_authorized_recipient_roles,not_applicable,0.0,0.0,0.0,measured_sum_of_client_protection_plus_server_protected_aggregation_plus_authorized_recovery_or_decryption_ms_per_round,local_training__validation_test_evaluation__transport_latency__serialization_framing_not_explicitly_in_crypto_functions,0.0,0.0,20,20,0,plaintext_update_no_noise,1.0,plain_exact,0,0,False,0,0,False,not_applicable,0,[],0,,True,0.0017204452090867595,0.0017281485220215498,3.9572916666666664,0,0,0,0,0,0,0,0,0,0,0,0,0,20,0,20,0,1,fixed_execution_host_runtime_payload_and_machine_specification__no_unmeasured_absolute_energy_or_carbon_claim,sequential_single_host_wall_clock_and_generated_protocol_object_bytes__machine_specification_recorded__transport_network_facility_energy_not_measured,runtime_payload_measured__energy_not_instrumented,not_reported_without_direct_hardware_energy_instrumentation,not_reported,False,,,,,,,not_reported,0,0.25,not_probed,0,,not_reported__no_valid_colab_network_or_device_energy_scope,,not_reported__no_direct_facility_or_grid_carbon_measurement,0.878670836000083,Absolute energy and carbon are not reported because direct hardware energy instrumentation is disabled.,False,,,,BASELINE
23,B0_Plain_FL,19,comparative_protocol_experiment,comparative_experiment,main_comparative,Comparative federated-learning and protocol-enforcement experiment.,plain_or_protocol_control,custom_reference_python_prototype,False,,,,,,,,,,{},False,False,,,0,baseline_unenforced,,,,,not_applicable,not_applicable_plain_update_path,,,,not_applicable,0,0,0,False,,{},True,,strict_experiment_side_plaintext_oracle_comparison__max_coordinate_and_rmse_numeric_acceptance_envelope__relative_l2_diagnostic_only__no_plaintext_fallback_after_protected_aggregation_failure,custom_reference_prototype_numeric_acceptance_envelope__max_abs_and_rmse_are_acceptance_gates__relative_l2_is_diagnostic_only__not_a_formal_he_security_or_precision_proof,True,False,PASSED_PLAIN_CONTROL_CHECK,0.0,0.0,0.0,0.00657275989161969,0.00657275989161969,,,,True,True,True,True,finite_and_max_abs_and_rmse,0.9988237772550121,0.7196652719665272,0.6099290780141844,0.8775510204081632,0.9382919001871992,0.7310737472020886,0.9792618334615782,0.727848010585968,0.727848010585968,0.8877551020408163,0.0014244513224535734,0.8877551020408163,0.0014244513224535734,56809,55,12,86,0.0009672200337647721,0.12244897959183673,0.8775510204081632,0.053741756575408424,0.053741756575408424,fpr,0.005,0.9990563760451184,0.7675675675675676,0.6698113207547169,0.8987341772151899,0.9489823886735436,0.7754411396718406,0.9843665738192564,0.8234109111600387,0.8234109111600387,0.8987341772151899,0.0007693998681028798,0.8987341772151899,0.0007693998681028798,45455,35,8,71,0.0007693998681028798,0.10126582278481013,0.8987341772151899,0.053741756575408424,fpr,0.005,1.0,False,,NOT_FINAL_ROUND,,,,,,,,,,,,,,,,,,,,False,0.9982795547909132,0.8717039539999405,710.1189879995218,3.180767000230844,0.0,0.0,0,0.0,0.0,240,4800,240.0,4800,4800,9600,,not_modelled__session_or_evaluation_key_material_excluded_from_round_payload,0,0,0.0,0.0,actual_generated_protocol_object_bytes,plain_model_update_uplink_plus_plain_global_update_broadcast,model_update_ciphertext_only__auxiliary_protocol_objects_are_counted_in_comm_total,False,single_google_colab_node__logical_client_cloud_authorized_recipient_roles,not_applicable,0.0,0.0,0.0,measured_sum_of_client_protection_plus_server_protected_aggregation_plus_authorized_recovery_or_decryption_ms_per_round,local_training__validation_test_evaluation__transport_latency__serialization_framing_not_explicitly_in_crypto_functions,0.0,0.0,20,20,0,plaintext_update_no_noise,1.0,plain_exact,0,0,False,0,0,False,not_applicable,0,[],0,,True,0.0017204452090867595,0.0017281485220215498,3.9572916666666664,0,0,0,0,0,0,0,0,0,0,0,0,0,20,0,20,0,1,fixed_execution_host_runtime_payload_and_machine_specification__no_unmeasured_absolute_energy_or_carbon_claim,sequential_single_host_wall_clock_and_generated_protocol_object_bytes__machine_specification_recorded__transport_network_facility_energy_not_measured,runtime_payload_measured__energy_not_instrumented,not_reported_without_direct_hardware_energy_instrumentation,not_reported,False,,,,,,,not_reported,0,0.25,not_probed,0,,not_reported__no_valid_colab_network_or_device_energy_scope,,not_reported__no_direct_facility_or_grid_carbon_measurement,0.8716775400000643,Absolute energy and carbon are not reported because direct hardware energy instrumentation is disabled.,False,,,,BASELINE
23,B0_Plain_FL,20,comparative_protocol_experiment,comparative_experiment,main_comparative,Comparative federated-learning and protocol-enforcement experiment.,plain_or_protocol_control,custom_reference_python_prototype,False,,,,,,,,,,{},False,False,,,0,baseline_unenforced,,,,,not_applicable,not_applicable_plain_update_path,,,,not_applicable,0,0,0,False,,{},True,,strict_experiment_side_plaintext_oracle_comparison__max_coordinate_and_rmse_numeric_acceptance_envelope__relative_l2_diagnostic_only__no_plaintext_fallback_after_protected_aggregation_failure,custom_reference_prototype_numeric_acceptance_envelope__max_abs_and_rmse_are_acceptance_gates__relative_l2_is_diagnostic_only__not_a_formal_he_security_or_precision_proof,True,False,PASSED_PLAIN_CONTROL_CHECK,0.0,0.0,0.0,0.005866803893342414,0.005866803893342414,,,,True,True,True,True,finite_and_max_abs_and_rmse,0.9988237772550121,0.7196652719665272,0.6099290780141844,0.8775510204081632,0.9382919001871992,0.7310737472020886,0.9792341986034707,0.7277129824204979,0.7277129824204979,0.8877551020408163,0.0014244513224535734,0.8877551020408163,0.0014244513224535734,56809,55,12,86,0.0009672200337647721,0.12244897959183673,0.8775510204081632,0.053434163761923385,0.053434163761923385,fpr,0.005,0.9990563760451184,0.7675675675675676,0.6698113207547169,0.8987341772151899,0.9489823886735436,0.7754411396718406,0.9844333571712799,0.8234151597369774,0.8234151597369774,0.8987341772151899,0.0007693998681028798,0.8987341772151899,0.0007693998681028798,45455,35,8,71,0.0007693998681028798,0.10126582278481013,0.8987341772151899,0.053434163761923385,fpr,0.005,1.0,True,,NO_REFERENCE_DEFINED,,,,,,,,,,,,,,,,,,,,False,0.9982795547909132,0.8577993979999974,690.6172150002021,3.103439999904367,0.0,0.0,0,0.0,0.0,240,4800,240.0,4800,4800,9600,,not_modelled__session_or_evaluation_key_material_excluded_from_round_payload,0,0,0.0,0.0,actual_generated_protocol_object_bytes,plain_model_update_uplink_plus_plain_global_update_broadcast,model_update_ciphertext_only__auxiliary_protocol_objects_are_counted_in_comm_total,False,single_google_colab_node__logical_client_cloud_authorized_recipient_roles,not_applicable,0.0,0.0,0.0,measured_sum_of_client_protection_plus_server_protected_aggregation_plus_authorized_recovery_or_decryption_ms_per_round,local_training__validation_test_evaluation__transport_latency__serialization_framing_not_explicitly_in_crypto_functions,0.0,0.0,20,20,0,plaintext_update_no_noise,1.0,plain_exact,0,0,False,0,0,False,not_applicable,0,[],0,,True,0.0017204452090867595,0.0017281485220215498,3.9572916666666664,0,0,0,0,0,0,0,0,0,0,0,0,0,20,0,20,0,1,fixed_execution_host_runtime_payload_and_machine_specification__no_unmeasured_absolute_energy_or_carbon_claim,sequential_single_host_wall_clock_and_generated_protocol_object_bytes__machine_specification_recorded__transport_network_facility_energy_not_measured,runtime_payload_measured__energy_not_instrumented,not_reported_without_direct_hardware_energy_instrumentation,not_reported,False,,,,,,,not_reported,0,0.25,not_probed,0,,not_reported__no_valid_colab_network_or_device_energy_scope,,not_reported__no_direct_facility_or_grid_carbon_measurement,0.8577712429998883,Absolute energy and carbon are not reported because direct hardware energy instrumentation is disabled.,False,,,,BASELINE
42,B0_Plain_FL,1,comparative_protocol_experiment,comparative_experiment,main_comparative,Comparative federated-learning and protocol-enforcement experiment.,plain_or_protocol_control,custom_reference_python_prototype,False,,,,,,,,,,{},False,False,,,0,baseline_unenforced,,,,,not_applicable,not_applicable_plain_update_path,,,,not_applicable,0,0,0,False,,{},True,,strict_experiment_side_plaintext_oracle_comparison__max_coordinate_and_rmse_numeric_acceptance_envelope__relative_l2_diagnostic_only__no_plaintext_fallback_after_protected_aggregation_failure,custom_reference_prototype_numeric_acceptance_envelope__max_abs_and_rmse_are_acceptance_gates__relative_l2_is_diagnostic_only__not_a_formal_he_security_or_precision_proof,True,False,PASSED_PLAIN_CONTROL_CHECK,0.0,0.0,0.0,0.4321688662805124,0.4321688662805124,,,,True,True,True,True,finite_and_max_abs_and_rmse,0.9981917769741231,0.6171003717472119,0.4853801169590643,0.8469387755102041,0.9226956117280902,0.6404005003217508,0.9562507895673744,0.7065264614426976,0.7065264614426976,0.8877551020408163,0.002708216094541362,0.8877551020408163,0.002708216094541362,56776,88,15,83,0.0015475520540236354,0.15306122448979592,0.8469387755102041,0.0033998353936949897,0.0033998353936949897,fpr,0.005,0.9986174811823828,0.6926829268292682,0.5634920634920635,0.8987341772151899,0.9487625601397998,0.7110487166910493,0.9745869867073302,0.8162345743758368,0.8162345743758368,0.8987341772151899,0.0012090569355902396,0.8987341772151899,0.0012090569355902396,45435,55,8,71,0.0012090569355902396,0.10126582278481013,0.8987341772151899,0.0033998353936949897,fpr,0.005,1.0,False,,NOT_FINAL_ROUND,,,,,,,,,,,,,,,,,,,,False,0.9982795547909132,0.868434169000011,705.6678430005832,3.1047289996877225,0.0,0.0,0,0.0,0.0,240,4800,240.0,4800,4800,9600,,not_modelled__session_or_evaluation_key_material_excluded_from_round_payload,0,0,0.0,0.0,actual_generated_protocol_object_bytes,plain_model_update_uplink_plus_plain_global_update_broadcast,model_update_ciphertext_only__auxiliary_protocol_objects_are_counted_in_comm_total,False,single_google_colab_node__logical_client_cloud_authorized_recipient_roles,not_applicable,0.0,0.0,0.0,measured_sum_of_client_protection_plus_server_protected_aggregation_plus_authorized_recovery_or_decryption_ms_per_round,local_training__validation_test_evaluation__transport_latency__serialization_framing_not_explicitly_in_crypto_functions,0.0,0.0,20,20,0,plaintext_update_no_noise,1.0,plain_exact,0,0,False,0,0,False,not_applicable,0,[],0,,True,0.0017204452090867595,0.0017281485220215498,3.9572916666666664,0,0,0,0,0,0,0,0,0,0,0,0,0,20,0,20,0,1,fixed_execution_host_runtime_payload_and_machine_specification__no_unmeasured_absolute_energy_or_carbon_claim,sequential_single_host_wall_clock_and_generated_protocol_object_bytes__machine_specification_recorded__transport_network_facility_energy_not_measured,runtime_payload_measured__energy_not_instrumented,not_reported_without_direct_hardware_energy_instrumentation,not_reported,False,,,,,,,not_reported,0,0.25,not_probed,0,,not_reported__no_valid_colab_network_or_device_energy_scope,,not_reported__no_direct_facility_or_grid_carbon_measurement,0.8684023089999755,Absolute energy and carbon are not reported because direct hardware energy instrumentation is disabled.,False,,,,BASELINE
42,B0_Plain_FL,2,comparative_protocol_experiment,comparative_experiment,main_comparative,Comparative federated-learning and protocol-enforcement experiment.,plain_or_protocol_control,custom_reference_python_prototype,False,,,,,,,,,,{},False,False,,,0,baseline_unenforced,,,,,not_applicable,not_applicable_plain_update_path,,,,not_applicable,0,0,0,False,,{},True,,strict_experiment_side_plaintext_oracle_comparison__max_coordinate_and_rmse_numeric_acceptance_envelope__relative_l2_diagnostic_only__no_plaintext_fallback_after_protected_aggregation_failure,custom_reference_prototype_numeric_acceptance_envelope__max_abs_and_rmse_are_acceptance_gates__relative_l2_is_diagnostic_only__not_a_formal_he_security_or_precision_proof,True,False,PASSED_PLAIN_CONTROL_CHECK,0.0,0.0,0.0,0.3761875179043081,0.3761875179043081,,,,True,True,True,True,finite_and_max_abs_and_rmse,0.9985604438046417,0.6693548387096774,0.5533333333333333,0.8469387755102041,0.9228802628254453,0.6839328810532475,0.9648734036383264,0.7138448028004641,0.7138448028004641,0.8877551020408163,0.0016003095104108048,0.8877551020408163,0.0016003095104108048,56797,67,15,83,0.0011782498593134495,0.15306122448979592,0.8469387755102041,0.005737848196690057,0.005737848196690057,fpr,0.005,0.998990541815708,0.7553191489361702,0.6513761467889908,0.8987341772151899,0.948949414393482,0.764664546104422,0.9767493759930544,0.8194858297061335,0.8194858297061335,0.8987341772151899,0.0008353484282259837,0.8987341772151899,0.0008353484282259837,45452,38,8,71,0.0008353484282259837,0.10126582278481013,0.8987341772151899,0.005737848196690057,fpr,0.005,1.0,False,,NOT_FINAL_ROUND,,,,,,,,,,,,,,,,,,,,False,0.9982795547909132,0.8618661139998949,702.4585490000845,2.957168999273563,0.0,0.0,0,0.0,0.0,240,4800,240.0,4800,4800,9600,,not_modelled__session_or_evaluation_key_material_excluded_from_round_payload,0,0,0.0,0.0,actual_generated_protocol_object_bytes,plain_model_update_uplink_plus_plain_global_update_broadcast,model_update_ciphertext_only__auxiliary_protocol_objects_are_counted_in_comm_total,False,single_google_colab_node__logical_client_cloud_authorized_recipient_roles,not_applicable,0.0,0.0,0.0,measured_sum_of_client_protection_plus_server_protected_aggregation_plus_authorized_recovery_or_decryption_ms_per_round,local_training__validation_test_evaluation__transport_latency__serialization_framing_not_explicitly_in_crypto_functions,0.0,0.0,20,20,0,plaintext_update_no_noise,1.0,plain_exact,0,0,False,0,0,False,not_applicable,0,[],0,,True,0.0017204452090867595,0.0017281485220215498,3.9572916666666664,0,0,0,0,0,0,0,0,0,0,0,0,0,20,0,20,0,1,fixed_execution_host_runtime_payload_and_machine_specification__no_unmeasured_absolute_energy_or_carbon_claim,sequential_single_host_wall_clock_and_generated_protocol_object_bytes__machine_specification_recorded__transport_network_facility_energy_not_measured,runtime_payload_measured__energy_not_instrumented,not_reported_without_direct_hardware_energy_instrumentation,not_reported,False,,,,,,,not_reported,0,0.25,not_probed,0,,not_reported__no_valid_colab_network_or_device_energy_scope,,not_reported__no_direct_facility_or_grid_carbon_measurement,0.8618387019998863,Absolute energy and carbon are not reported because direct hardware energy instrumentation is disabled.,False,,,,BASELINE
42,B0_Plain_FL,3,comparative_protocol_experiment,comparative_experiment,main_comparative,Comparative federated-learning and protocol-enforcement experiment.,plain_or_protocol_control,custom_reference_python_prototype,False,,,,,,,,,,{},False,False,,,0,baseline_unenforced,,,,,not_applicable,not_applicable_plain_update_path,,,,not_applicable,0,0,0,False,,{},True,,strict_experiment_side_plaintext_oracle_comparison__max_coordinate_and_rmse_numeric_acceptance_envelope__relative_l2_diagnostic_only__no_plaintext_fallback_after_protected_aggregation_failure,custom_reference_prototype_numeric_acceptance_envelope__max_abs_and_rmse_are_acceptance_gates__relative_l2_is_diagnostic_only__not_a_formal_he_security_or_precision_proof,True,False,PASSED_PLAIN_CONTROL_CHECK,0.0,0.0,0.0,0.29596877025080237,0.29596877025080237,,,,True,True,True,True,finite_and_max_abs_and_rmse,0.9986306660580738,0.6829268292682927,0.5675675675675675,0.8571428571428571,0.9280086823699654,0.6968764275661203,0.9711319812111676,0.7177963859532945,0.7177963859532945,0.8877551020408163,0.0015651378728193585,0.8877551020408163,0.0015651378728193585,56800,64,14,84,0.0011254924029262803,0.14285714285714285,0.8571428571428571,0.008937458114415958,0.008937458114415958,fpr,0.005,0.9989685970725712,0.7513227513227513,0.6454545454545455,0.8987341772151899,0.9489384229667948,0.7611705988977794,0.9786265447128455,0.8213857053692736,0.8213857053692736,0.8987341772151899,0.0008573312816003517,0.8987341772151899,0.0008573312816003517,45451,39,8,71,0.0008573312816003517,0.10126582278481013,0.8987341772151899,0.008937458114415958,fpr,0.005,1.0,False,,NOT_FINAL_ROUND,,,,,,,,,,,,,,,,,,,,False,0.9982795547909132,1.31706155400002,1064.5061369996256,3.7516939999022725,0.0,0.0,0,0.0,0.0,240,4800,240.0,4800,4800,9600,,not_modelled__session_or_evaluation_key_material_excluded_from_round_payload,0,0,0.0,0.0,actual_generated_protocol_object_bytes,plain_model_update_uplink_plus_plain_global_update_broadcast,model_update_ciphertext_only__auxiliary_protocol_objects_are_counted_in_comm_total,False,single_google_colab_node__logical_client_cloud_authorized_recipient_roles,not_applicable,0.0,0.0,0.0,measured_sum_of_client_protection_plus_server_protected_aggregation_plus_authorized_recovery_or_decryption_ms_per_round,local_training__validation_test_evaluation__transport_latency__serialization_framing_not_explicitly_in_crypto_functions,0.0,0.0,20,20,0,plaintext_update_no_noise,1.0,plain_exact,0,0,False,0,0,False,not_applicable,0,[],0,,True,0.0017204452090867595,0.0017281485220215498,3.9572916666666664,0,0,0,0,0,0,0,0,0,0,0,0,0,20,0,20,0,1,fixed_execution_host_runtime_payload_and_machine_specification__no_unmeasured_absolute_energy_or_carbon_claim,sequential_single_host_wall_clock_and_generated_protocol_object_bytes__machine_specification_recorded__transport_network_facility_energy_not_measured,runtime_payload_measured__energy_not_instrumented,not_reported_without_direct_hardware_energy_instrumentation,not_reported,False,,,,,,,not_reported,0,0.25,not_probed,0,,not_reported__no_valid_colab_network_or_device_energy_scope,,not_reported__no_direct_facility_or_grid_carbon_measurement,1.317032478999863,Absolute energy and carbon are not reported because direct hardware energy instrumentation is disabled.,False,,,,BASELINE
42,B0_Plain_FL,4,comparative_protocol_experiment,comparative_experiment,main_comparative,Comparative federated-learning and protocol-enforcement experiment.,plain_or_protocol_control,custom_reference_python_prototype,False,,,,,,,,,,{},False,False,,,0,baseline_unenforced,,,,,not_applicable,not_applicable_plain_update_path,,,,not_applicable,0,0,0,False,,{},True,,strict_experiment_side_plaintext_oracle_comparison__max_coordinate_and_rmse_numeric_acceptance_envelope__relative_l2_diagnostic_only__no_plaintext_fallback_after_protected_aggregation_failure,custom_reference_prototype_numeric_acceptance_envelope__max_abs_and_rmse_are_acceptance_gates__relative_l2_is_diagnostic_only__not_a_formal_he_security_or_precision_proof,True,False,PASSED_PLAIN_CONTROL_CHECK,0.0,0.0,0.0,0.23292046204886993,0.23292046204886993,,,,True,True,True,True,finite_and_max_abs_and_rmse,0.998718443874864,0.6970954356846473,0.5874125874125874,0.8571428571428571,0.9280526469169548,0.7089965334483268,0.9748251826054001,0.7207737356965289,0.7207737356965289,0.8877551020408163,0.0015651378728193585,0.8877551020408163,0.0015651378728193585,56805,59,14,84,0.0010375633089476646,0.14285714285714285,0.8571428571428571,0.013069228617258745,0.013069228617258745,fpr,0.005,0.9990124865588448,0.7593582887700535,0.6574074074074074,0.8987341772151899,0.9489604058201692,0.7682068609511581,0.9799046111121932,0.8215254702232366,0.8215254702232366,0.8987341772151899,0.0008133655748516158,0.8987341772151899,0.0008133655748516158,45453,37,8,71,0.0008133655748516158,0.10126582278481013,0.8987341772151899,0.013069228617258745,fpr,0.005,1.0,False,,NOT_FINAL_ROUND,,,,,,,,,,,,,,,,,,,,False,0.9982795547909132,1.3399390680001488,1093.7181869999222,3.7087670007167617,0.0,0.0,0,0.0,0.0,240,4800,240.0,4800,4800,9600,,not_modelled__session_or_evaluation_key_material_excluded_from_round_payload,0,0,0.0,0.0,actual_generated_protocol_object_bytes,plain_model_update_uplink_plus_plain_global_update_broadcast,model_update_ciphertext_only__auxiliary_protocol_objects_are_counted_in_comm_total,False,single_google_colab_node__logical_client_cloud_authorized_recipient_roles,not_applicable,0.0,0.0,0.0,measured_sum_of_client_protection_plus_server_protected_aggregation_plus_authorized_recovery_or_decryption_ms_per_round,local_training__validation_test_evaluation__transport_latency__serialization_framing_not_explicitly_in_crypto_functions,0.0,0.0,20,20,0,plaintext_update_no_noise,1.0,plain_exact,0,0,False,0,0,False,not_applicable,0,[],0,,True,0.0017204452090867595,0.0017281485220215498,3.9572916666666664,0,0,0,0,0,0,0,0,0,0,0,0,0,20,0,20,0,1,fixed_execution_host_runtime_payload_and_machine_specification__no_unmeasured_absolute_energy_or_carbon_claim,sequential_single_host_wall_clock_and_generated_protocol_object_bytes__machine_specification_recorded__transport_network_facility_energy_not_measured,runtime_payload_measured__energy_not_instrumented,not_reported_without_direct_hardware_energy_instrumentation,not_reported,False,,,,,,,not_reported,0,0.25,not_probed,0,,not_reported__no_valid_colab_network_or_device_energy_scope,,not_reported__no_direct_facility_or_grid_carbon_measurement,1.3398859859998993,Absolute energy and carbon are not reported because direct hardware energy instrumentation is disabled.,False,,,,BASELINE
42,B0_Plain_FL,5,comparative_protocol_experiment,comparative_experiment,main_comparative,Comparative federated-learning and protocol-enforcement experiment.,plain_or_protocol_control,custom_reference_python_prototype,False,,,,,,,,,,{},False,False,,,0,baseline_unenforced,,,,,not_applicable,not_applicable_plain_update_path,,,,not_applicable,0,0,0,False,,{},True,,strict_experiment_side_plaintext_oracle_comparison__max_coordinate_and_rmse_numeric_acceptance_envelope__relative_l2_diagnostic_only__no_plaintext_fallback_after_protected_aggregation_failure,custom_reference_prototype_numeric_acceptance_envelope__max_abs_and_rmse_are_acceptance_gates__relative_l2_is_diagnostic_only__not_a_formal_he_security_or_precision_proof,True,False,PASSED_PLAIN_CONTROL_CHECK,0.0,0.0,0.0,0.18014883045443755,0.18014883045443755,,,,True,True,True,True,finite_and_max_abs_and_rmse,0.99875355500158,0.7078189300411523,0.593103448275862,0.8775510204081632,0.9382567285496077,0.720886974756122,0.9766435203794518,0.7213356552067574,0.7213356552067574,0.8877551020408163,0.0015651378728193585,0.8877551020408163,0.0015651378728193585,56805,59,12,86,0.0010375633089476646,0.12244897959183673,0.8775510204081632,0.017899523766171526,0.017899523766171526,fpr,0.005,0.9990563760451184,0.7675675675675676,0.6698113207547169,0.8987341772151899,0.9489823886735436,0.7754411396718406,0.9807739077443645,0.822015817394284,0.822015817394284,0.8987341772151899,0.0007693998681028798,0.8987341772151899,0.0007693998681028798,45455,35,8,71,0.0007693998681028798,0.10126582278481013,0.8987341772151899,0.017899523766171526,fpr,0.005,1.0,False,,NOT_FINAL_ROUND,,,,,,,,,,,,,,,,,,,,False,0.9982795547909132,1.3935314939999444,1182.000050000397,3.9210190000176226,0.0,0.0,0,0.0,0.0,240,4800,240.0,4800,4800,9600,,not_modelled__session_or_evaluation_key_material_excluded_from_round_payload,0,0,0.0,0.0,actual_generated_protocol_object_bytes,plain_model_update_uplink_plus_plain_global_update_broadcast,model_update_ciphertext_only__auxiliary_protocol_objects_are_counted_in_comm_total,False,single_google_colab_node__logical_client_cloud_authorized_recipient_roles,not_applicable,0.0,0.0,0.0,measured_sum_of_client_protection_plus_server_protected_aggregation_plus_authorized_recovery_or_decryption_ms_per_round,local_training__validation_test_evaluation__transport_latency__serialization_framing_not_explicitly_in_crypto_functions,0.0,0.0,20,20,0,plaintext_update_no_noise,1.0,plain_exact,0,0,False,0,0,False,not_applicable,0,[],0,,True,0.0017204452090867595,0.0017281485220215498,3.9572916666666664,0,0,0,0,0,0,0,0,0,0,0,0,0,20,0,20,0,1,fixed_execution_host_runtime_payload_and_machine_specification__no_unmeasured_absolute_energy_or_carbon_claim,sequential_single_host_wall_clock_and_generated_protocol_object_bytes__machine_specification_recorded__transport_network_facility_energy_not_measured,runtime_payload_measured__energy_not_instrumented,not_reported_without_direct_hardware_energy_instrumentation,not_reported,False,,,,,,,not_reported,0,0.25,not_probed,0,,not_reported__no_valid_colab_network_or_device_energy_scope,,not_reported__no_direct_facility_or_grid_carbon_measurement,1.3934959749999507,Absolute energy and carbon are not reported because direct hardware energy instrumentation is disabled.,False,,,,BASELINE
42,B0_Plain_FL,6,comparative_protocol_experiment,comparative_experiment,main_comparative,Comparative federated-learning and protocol-enforcement experiment.,plain_or_protocol_control,custom_reference_python_prototype,False,,,,,,,,,,{},False,False,,,0,baseline_unenforced,,,,,not_applicable,not_applicable_plain_update_path,,,,not_applicable,0,0,0,False,,{},True,,strict_experiment_side_plaintext_oracle_comparison__max_coordinate_and_rmse_numeric_acceptance_envelope__relative_l2_diagnostic_only__no_plaintext_fallback_after_protected_aggregation_failure,custom_reference_prototype_numeric_acceptance_envelope__max_abs_and_rmse_are_acceptance_gates__relative_l2_is_diagnostic_only__not_a_formal_he_security_or_precision_proof,True,False,PASSED_PLAIN_CONTROL_CHECK,0.0,0.0,0.0,0.1380509391511782,0.1380509391511782,,,,True,True,True,True,finite_and_max_abs_and_rmse,0.9987711105649381,0.7107438016528925,0.5972222222222222,0.8775510204081632,0.9382655214590057,0.7233938715178584,0.9775832850022396,0.7228591620589058,0.7228591620589058,0.8877551020408163,0.001494794597636466,0.8877551020408163,0.001494794597636466,56806,58,12,86,0.0010199774901519414,0.12244897959183673,0.8775510204081632,0.023264527465337588,0.023264527465337588,fpr,0.005,0.9990563760451184,0.7675675675675676,0.6698113207547169,0.8987341772151899,0.9489823886735436,0.7754411396718406,0.9815316205258632,0.8221974379600817,0.8221974379600817,0.8987341772151899,0.0007693998681028798,0.8987341772151899,0.0007693998681028798,45455,35,8,71,0.0007693998681028798,0.10126582278481013,0.8987341772151899,0.023264527465337588,fpr,0.005,1.0,False,,NOT_FINAL_ROUND,,,,,,,,,,,,,,,,,,,,False,0.9982795547909132,1.0765520570000717,908.0731200003811,3.503138999803923,0.0,0.0,0,0.0,0.0,240,4800,240.0,4800,4800,9600,,not_modelled__session_or_evaluation_key_material_excluded_from_round_payload,0,0,0.0,0.0,actual_generated_protocol_object_bytes,plain_model_update_uplink_plus_plain_global_update_broadcast,model_update_ciphertext_only__auxiliary_protocol_objects_are_counted_in_comm_total,False,single_google_colab_node__logical_client_cloud_authorized_recipient_roles,not_applicable,0.0,0.0,0.0,measured_sum_of_client_protection_plus_server_protected_aggregation_plus_authorized_recovery_or_decryption_ms_per_round,local_training__validation_test_evaluation__transport_latency__serialization_framing_not_explicitly_in_crypto_functions,0.0,0.0,20,20,0,plaintext_update_no_noise,1.0,plain_exact,0,0,False,0,0,False,not_applicable,0,[],0,,True,0.0017204452090867595,0.0017281485220215498,3.9572916666666664,0,0,0,0,0,0,0,0,0,0,0,0,0,20,0,20,0,1,fixed_execution_host_runtime_payload_and_machine_specification__no_unmeasured_absolute_energy_or_carbon_claim,sequential_single_host_wall_clock_and_generated_protocol_object_bytes__machine_specification_recorded__transport_network_facility_energy_not_measured,runtime_payload_measured__energy_not_instrumented,not_reported_without_direct_hardware_energy_instrumentation,not_reported,False,,,,,,,not_reported,0,0.25,not_probed,0,,not_reported__no_valid_colab_network_or_device_energy_scope,,not_reported__no_direct_facility_or_grid_carbon_measurement,1.0765215030000945,Absolute energy and carbon are not reported because direct hardware energy instrumentation is disabled.,False,,,,BASELINE
42,B0_Plain_FL,7,comparative_protocol_experiment,comparative_experiment,main_comparative,Comparative federated-learning and protocol-enforcement experiment.,plain_or_protocol_control,custom_reference_python_prototype,False,,,,,,,,,,{},False,False,,,0,baseline_unenforced,,,,,not_applicable,not_applicable_plain_update_path,,,,not_applicable,0,0,0,False,,{},True,,strict_experiment_side_plaintext_oracle_comparison__max_coordinate_and_rmse_numeric_acceptance_envelope__relative_l2_diagnostic_only__no_plaintext_fallback_after_protected_aggregation_failure,custom_reference_prototype_numeric_acceptance_envelope__max_abs_and_rmse_are_acceptance_gates__relative_l2_is_diagnostic_only__not_a_formal_he_security_or_precision_proof,True,False,PASSED_PLAIN_CONTROL_CHECK,0.0,0.0,0.0,0.10309513457386701,0.10309513457386701,,,,True,True,True,True,finite_and_max_abs_and_rmse,0.9987711105649381,0.7107438016528925,0.5972222222222222,0.8775510204081632,0.9382655214590057,0.7233938715178584,0.9780895053575736,0.7243116315456362,0.7243116315456362,0.8877551020408163,0.0015475520540236354,0.8877551020408163,0.0015475520540236354,56806,58,12,86,0.0010199774901519414,0.12244897959183673,0.8775510204081632,0.028732386225958025,0.028732386225958025,fpr,0.005,0.9990563760451184,0.7675675675675676,0.6698113207547169,0.8987341772151899,0.9489823886735436,0.7754411396718406,0.9820093997567974,0.8225166709567385,0.8225166709567385,0.8987341772151899,0.0007693998681028798,0.8987341772151899,0.0007693998681028798,45455,35,8,71,0.0007693998681028798,0.10126582278481013,0.8987341772151899,0.028732386225958025,fpr,0.005,1.0,False,,NOT_FINAL_ROUND,,,,,,,,,,,,,,,,,,,,False,0.9982795547909132,0.9090119999998478,744.9256039994907,3.194051000491527,0.0,0.0,0,0.0,0.0,240,4800,240.0,4800,4800,9600,,not_modelled__session_or_evaluation_key_material_excluded_from_round_payload,0,0,0.0,0.0,actual_generated_protocol_object_bytes,plain_model_update_uplink_plus_plain_global_update_broadcast,model_update_ciphertext_only__auxiliary_protocol_objects_are_counted_in_comm_total,False,single_google_colab_node__logical_client_cloud_authorized_recipient_roles,not_applicable,0.0,0.0,0.0,measured_sum_of_client_protection_plus_server_protected_aggregation_plus_authorized_recovery_or_decryption_ms_per_round,local_training__validation_test_evaluation__transport_latency__serialization_framing_not_explicitly_in_crypto_functions,0.0,0.0,20,20,0,plaintext_update_no_noise,1.0,plain_exact,0,0,False,0,0,False,not_applicable,0,[],0,,True,0.0017204452090867595,0.0017281485220215498,3.9572916666666664,0,0,0,0,0,0,0,0,0,0,0,0,0,20,0,20,0,1,fixed_execution_host_runtime_payload_and_machine_specification__no_unmeasured_absolute_energy_or_carbon_claim,sequential_single_host_wall_clock_and_generated_protocol_object_bytes__machine_specification_recorded__transport_network_facility_energy_not_measured,runtime_payload_measured__energy_not_instrumented,not_reported_without_direct_hardware_energy_instrumentation,not_reported,False,,,,,,,not_reported,0,0.25,not_probed,0,,not_reported__no_valid_colab_network_or_device_energy_scope,,not_reported__no_direct_facility_or_grid_carbon_measurement,0.908980093000082,Absolute energy and carbon are not reported because direct hardware energy instrumentation is disabled.,False,,,,BASELINE
42,B0_Plain_FL,8,comparative_protocol_experiment,comparative_experiment,main_comparative,Comparative federated-learning and protocol-enforcement experiment.,plain_or_protocol_control,custom_reference_python_prototype,False,,,,,,,,,,{},False,False,,,0,baseline_unenforced,,,,,not_applicable,not_applicable_plain_update_path,,,,not_applicable,0,0,0,False,,{},True,,strict_experiment_side_plaintext_oracle_comparison__max_coordinate_and_rmse_numeric_acceptance_envelope__relative_l2_diagnostic_only__no_plaintext_fallback_after_protected_aggregation_failure,custom_reference_prototype_numeric_acceptance_envelope__max_abs_and_rmse_are_acceptance_gates__relative_l2_is_diagnostic_only__not_a_formal_he_security_or_precision_proof,True,False,PASSED_PLAIN_CONTROL_CHECK,0.0,0.0,0.0,0.07603131829949639,0.07603131829949639,,,,True,True,True,True,finite_and_max_abs_and_rmse,0.9987711105649381,0.7107438016528925,0.5972222222222222,0.8775510204081632,0.9382655214590057,0.7233938715178584,0.9784458873588828,0.7242654227613443,0.7242654227613443,0.8877551020408163,0.0015651378728193585,0.8877551020408163,0.0015651378728193585,56806,58,12,86,0.0010199774901519414,0.12244897959183673,0.8775510204081632,0.03372229203346145,0.03372229203346145,fpr,0.005,0.9990563760451184,0.7675675675675676,0.6698113207547169,0.8987341772151899,0.9489823886735436,0.7754411396718406,0.9823218901914733,0.8225206822112735,0.8225206822112735,0.8987341772151899,0.0007693998681028798,0.8987341772151899,0.0007693998681028798,45455,35,8,71,0.0007693998681028798,0.10126582278481013,0.8987341772151899,0.03372229203346145,fpr,0.005,1.0,False,,NOT_FINAL_ROUND,,,,,,,,,,,,,,,,,,,,False,0.9982795547909132,0.8839102039999034,722.0643080006539,3.0866179997701693,0.0,0.0,0,0.0,0.0,240,4800,240.0,4800,4800,9600,,not_modelled__session_or_evaluation_key_material_excluded_from_round_payload,0,0,0.0,0.0,actual_generated_protocol_object_bytes,plain_model_update_uplink_plus_plain_global_update_broadcast,model_update_ciphertext_only__auxiliary_protocol_objects_are_counted_in_comm_total,False,single_google_colab_node__logical_client_cloud_authorized_recipient_roles,not_applicable,0.0,0.0,0.0,measured_sum_of_client_protection_plus_server_protected_aggregation_plus_authorized_recovery_or_decryption_ms_per_round,local_training__validation_test_evaluation__transport_latency__serialization_framing_not_explicitly_in_crypto_functions,0.0,0.0,20,20,0,plaintext_update_no_noise,1.0,plain_exact,0,0,False,0,0,False,not_applicable,0,[],0,,True,0.0017204452090867595,0.0017281485220215498,3.9572916666666664,0,0,0,0,0,0,0,0,0,0,0,0,0,20,0,20,0,1,fixed_execution_host_runtime_payload_and_machine_specification__no_unmeasured_absolute_energy_or_carbon_claim,sequential_single_host_wall_clock_and_generated_protocol_object_bytes__machine_specification_recorded__transport_network_facility_energy_not_measured,runtime_payload_measured__energy_not_instrumented,not_reported_without_direct_hardware_energy_instrumentation,not_reported,False,,,,,,,not_reported,0,0.25,not_probed,0,,not_reported__no_valid_colab_network_or_device_energy_scope,,not_reported__no_direct_facility_or_grid_carbon_measurement,0.8838836279999214,Absolute energy and carbon are not reported because direct hardware energy instrumentation is disabled.,False,,,,BASELINE
42,B0_Plain_FL,9,comparative_protocol_experiment,comparative_experiment,main_comparative,Comparative federated-learning and protocol-enforcement experiment.,plain_or_protocol_control,custom_reference_python_prototype,False,,,,,,,,,,{},False,False,,,0,baseline_unenforced,,,,,not_applicable,not_applicable_plain_update_path,,,,not_applicable,0,0,0,False,,{},True,,strict_experiment_side_plaintext_oracle_comparison__max_coordinate_and_rmse_numeric_acceptance_envelope__relative_l2_diagnostic_only__no_plaintext_fallback_after_protected_aggregation_failure,custom_reference_prototype_numeric_acceptance_envelope__max_abs_and_rmse_are_acceptance_gates__relative_l2_is_diagnostic_only__not_a_formal_he_security_or_precision_proof,True,False,PASSED_PLAIN_CONTROL_CHECK,0.0,0.0,0.0,0.05592969895041127,0.05592969895041127,,,,True,True,True,True,finite_and_max_abs_and_rmse,0.9987711105649381,0.7107438016528925,0.5972222222222222,0.8775510204081632,0.9382655214590057,0.7233938715178584,0.9787073418281211,0.7253224710791624,0.7253224710791624,0.8877551020408163,0.0015651378728193585,0.8877551020408163,0.0015651378728193585,56806,58,12,86,0.0010199774901519414,0.12244897959183673,0.8775510204081632,0.03847480422696576,0.03847480422696576,fpr,0.005,0.9990563760451184,0.7675675675675676,0.6698113207547169,0.8987341772151899,0.9489823886735436,0.7754411396718406,0.982570101649827,0.8226744218961937,0.8226744218961937,0.8987341772151899,0.0007693998681028798,0.8987341772151899,0.0007693998681028798,45455,35,8,71,0.0007693998681028798,0.10126582278481013,0.8987341772151899,0.03847480422696576,fpr,0.005,1.0,False,,NOT_FINAL_ROUND,,,,,,,,,,,,,,,,,,,,False,0.9982795547909132,0.8587409739998293,686.0500220000176,2.9794750000746717,0.0,0.0,0,0.0,0.0,240,4800,240.0,4800,4800,9600,,not_modelled__session_or_evaluation_key_material_excluded_from_round_payload,0,0,0.0,0.0,actual_generated_protocol_object_bytes,plain_model_update_uplink_plus_plain_global_update_broadcast,model_update_ciphertext_only__auxiliary_protocol_objects_are_counted_in_comm_total,False,single_google_colab_node__logical_client_cloud_authorized_recipient_roles,not_applicable,0.0,0.0,0.0,measured_sum_of_client_protection_plus_server_protected_aggregation_plus_authorized_recovery_or_decryption_ms_per_round,local_training__validation_test_evaluation__transport_latency__serialization_framing_not_explicitly_in_crypto_functions,0.0,0.0,20,20,0,plaintext_update_no_noise,1.0,plain_exact,0,0,False,0,0,False,not_applicable,0,[],0,,True,0.0017204452090867595,0.0017281485220215498,3.9572916666666664,0,0,0,0,0,0,0,0,0,0,0,0,0,20,0,20,0,1,fixed_execution_host_runtime_payload_and_machine_specification__no_unmeasured_absolute_energy_or_carbon_claim,sequential_single_host_wall_clock_and_generated_protocol_object_bytes__machine_specification_recorded__transport_network_facility_energy_not_measured,runtime_payload_measured__energy_not_instrumented,not_reported_without_direct_hardware_energy_instrumentation,not_reported,False,,,,,,,not_reported,0,0.25,not_probed,0,,not_reported__no_valid_colab_network_or_device_energy_scope,,not_reported__no_direct_facility_or_grid_carbon_measurement,0.8587132879999899,Absolute energy and carbon are not reported because direct hardware energy instrumentation is disabled.,False,,,,BASELINE
42,B0_Plain_FL,10,comparative_protocol_experiment,comparative_experiment,main_comparative,Comparative federated-learning and protocol-enforcement experiment.,plain_or_protocol_control,custom_reference_python_prototype,False,,,,,,,,,,{},False,False,,,0,baseline_unenforced,,,,,not_applicable,not_applicable_plain_update_path,,,,not_applicable,0,0,0,False,,{},True,,strict_experiment_side_plaintext_oracle_comparison__max_coordinate_and_rmse_numeric_acceptance_envelope__relative_l2_diagnostic_only__no_plaintext_fallback_after_protected_aggregation_failure,custom_reference_prototype_numeric_acceptance_envelope__max_abs_and_rmse_are_acceptance_gates__relative_l2_is_diagnostic_only__not_a_formal_he_security_or_precision_proof,True,False,PASSED_PLAIN_CONTROL_CHECK,0.0,0.0,0.0,0.04094196553581925,0.04094196553581925,,,,True,True,True,True,finite_and_max_abs_and_rmse,0.9987886661282961,0.7136929460580913,0.6013986013986014,0.8775510204081632,0.9382743143684036,0.7259269901137303,0.9789207044663673,0.7258353277511302,0.7258353277511302,0.8877551020408163,0.0015827236916150817,0.8877551020408163,0.0015827236916150817,56807,57,12,86,0.0010023916713562183,0.12244897959183673,0.8775510204081632,0.042768033516509395,0.042768033516509395,fpr,0.005,0.9990563760451184,0.7675675675675676,0.6698113207547169,0.8987341772151899,0.9489823886735436,0.7754411396718406,0.9827924345592716,0.8235278734174104,0.8235278734174104,0.8987341772151899,0.0007693998681028798,0.8987341772151899,0.0007693998681028798,45455,35,8,71,0.0007693998681028798,0.10126582278481013,0.8987341772151899,0.042768033516509395,fpr,0.005,1.0,False,,NOT_FINAL_ROUND,,,,,,,,,,,,,,,,,,,,False,0.9982795547909132,0.8639945390000321,696.5342729997701,3.291109999963737,0.0,0.0,0,0.0,0.0,240,4800,240.0,4800,4800,9600,,not_modelled__session_or_evaluation_key_material_excluded_from_round_payload,0,0,0.0,0.0,actual_generated_protocol_object_bytes,plain_model_update_uplink_plus_plain_global_update_broadcast,model_update_ciphertext_only__auxiliary_protocol_objects_are_counted_in_comm_total,False,single_google_colab_node__logical_client_cloud_authorized_recipient_roles,not_applicable,0.0,0.0,0.0,measured_sum_of_client_protection_plus_server_protected_aggregation_plus_authorized_recovery_or_decryption_ms_per_round,local_training__validation_test_evaluation__transport_latency__serialization_framing_not_explicitly_in_crypto_functions,0.0,0.0,20,20,0,plaintext_update_no_noise,1.0,plain_exact,0,0,False,0,0,False,not_applicable,0,[],0,,True,0.0017204452090867595,0.0017281485220215498,3.9572916666666664,0,0,0,0,0,0,0,0,0,0,0,0,0,20,0,20,0,1,fixed_execution_host_runtime_payload_and_machine_specification__no_unmeasured_absolute_energy_or_carbon_claim,sequential_single_host_wall_clock_and_generated_protocol_object_bytes__machine_specification_recorded__transport_network_facility_energy_not_measured,runtime_payload_measured__energy_not_instrumented,not_reported_without_direct_hardware_energy_instrumentation,not_reported,False,,,,,,,not_reported,0,0.25,not_probed,0,,not_reported__no_valid_colab_network_or_device_energy_scope,,not_reported__no_direct_facility_or_grid_carbon_measurement,0.8639681669999391,Absolute energy and carbon are not reported because direct hardware energy instrumentation is disabled.,False,,,,BASELINE
42,B0_Plain_FL,11,comparative_protocol_experiment,comparative_experiment,main_comparative,Comparative federated-learning and protocol-enforcement experiment.,plain_or_protocol_control,custom_reference_python_prototype,False,,,,,,,,,,{},False,False,,,0,baseline_unenforced,,,,,not_applicable,not_applicable_plain_update_path,,,,not_applicable,0,0,0,False,,{},True,,strict_experiment_side_plaintext_oracle_comparison__max_coordinate_and_rmse_numeric_acceptance_envelope__relative_l2_diagnostic_only__no_plaintext_fallback_after_protected_aggregation_failure,custom_reference_prototype_numeric_acceptance_envelope__max_abs_and_rmse_are_acceptance_gates__relative_l2_is_diagnostic_only__not_a_formal_he_security_or_precision_proof,True,False,PASSED_PLAIN_CONTROL_CHECK,0.0,0.0,0.0,0.029631121027617585,0.029631121027617585,,,,True,True,True,True,finite_and_max_abs_and_rmse,0.9988237772550121,0.7196652719665272,0.6099290780141844,0.8775510204081632,0.9382919001871992,0.7310737472020886,0.9789756152883212,0.7268310474531944,0.7268310474531944,0.8877551020408163,0.0015651378728193585,0.8877551020408163,0.0015651378728193585,56809,55,12,86,0.0009672200337647721,0.12244897959183673,0.8775510204081632,0.04592645042115273,0.04592645042115273,fpr,0.005,0.9990344313019817,0.7634408602150538,0.6635514018691588,0.8987341772151899,0.9489713972468563,0.7717986706821625,0.98300669781368,0.8242378604879259,0.8242378604879259,0.8987341772151899,0.0007913827214772477,0.8987341772151899,0.0007913827214772477,45454,36,8,71,0.0007913827214772477,0.10126582278481013,0.8987341772151899,0.04592645042115273,fpr,0.005,1.0,False,,NOT_FINAL_ROUND,,,,,,,,,,,,,,,,,,,,False,0.9982795547909132,0.875118645999919,714.6231290003016,2.9855190005037002,0.0,0.0,0,0.0,0.0,240,4800,240.0,4800,4800,9600,,not_modelled__session_or_evaluation_key_material_excluded_from_round_payload,0,0,0.0,0.0,actual_generated_protocol_object_bytes,plain_model_update_uplink_plus_plain_global_update_broadcast,model_update_ciphertext_only__auxiliary_protocol_objects_are_counted_in_comm_total,False,single_google_colab_node__logical_client_cloud_authorized_recipient_roles,not_applicable,0.0,0.0,0.0,measured_sum_of_client_protection_plus_server_protected_aggregation_plus_authorized_recovery_or_decryption_ms_per_round,local_training__validation_test_evaluation__transport_latency__serialization_framing_not_explicitly_in_crypto_functions,0.0,0.0,20,20,0,plaintext_update_no_noise,1.0,plain_exact,0,0,False,0,0,False,not_applicable,0,[],0,,True,0.0017204452090867595,0.0017281485220215498,3.9572916666666664,0,0,0,0,0,0,0,0,0,0,0,0,0,20,0,20,0,1,fixed_execution_host_runtime_payload_and_machine_specification__no_unmeasured_absolute_energy_or_carbon_claim,sequential_single_host_wall_clock_and_generated_protocol_object_bytes__machine_specification_recorded__transport_network_facility_energy_not_measured,runtime_payload_measured__energy_not_instrumented,not_reported_without_direct_hardware_energy_instrumentation,not_reported,False,,,,,,,not_reported,0,0.25,not_probed,0,,not_reported__no_valid_colab_network_or_device_energy_scope,,not_reported__no_direct_facility_or_grid_carbon_measurement,0.875090001999979,Absolute energy and carbon are not reported because direct hardware energy instrumentation is disabled.,False,,,,BASELINE
42,B0_Plain_FL,12,comparative_protocol_experiment,comparative_experiment,main_comparative,Comparative federated-learning and protocol-enforcement experiment.,plain_or_protocol_control,custom_reference_python_prototype,False,,,,,,,,,,{},False,False,,,0,baseline_unenforced,,,,,not_applicable,not_applicable_plain_update_path,,,,not_applicable,0,0,0,False,,{},True,,strict_experiment_side_plaintext_oracle_comparison__max_coordinate_and_rmse_numeric_acceptance_envelope__relative_l2_diagnostic_only__no_plaintext_fallback_after_protected_aggregation_failure,custom_reference_prototype_numeric_acceptance_envelope__max_abs_and_rmse_are_acceptance_gates__relative_l2_is_diagnostic_only__not_a_formal_he_security_or_precision_proof,True,False,PASSED_PLAIN_CONTROL_CHECK,0.0,0.0,0.0,0.021721919299383854,0.021721919299383854,,,,True,True,True,True,finite_and_max_abs_and_rmse,0.9988237772550121,0.7196652719665272,0.6099290780141844,0.8775510204081632,0.9382919001871992,0.7310737472020886,0.9790150936570464,0.7270671305146483,0.7270671305146483,0.8877551020408163,0.0015299662352279122,0.8877551020408163,0.0015299662352279122,56809,55,12,86,0.0009672200337647721,0.12244897959183673,0.8775510204081632,0.04893867815917057,0.04893867815917057,fpr,0.005,0.9990344313019817,0.7634408602150538,0.6635514018691588,0.8987341772151899,0.9489713972468563,0.7717986706821625,0.983157795147633,0.8242409968647646,0.8242409968647646,0.8987341772151899,0.0007913827214772477,0.8987341772151899,0.0007913827214772477,45454,36,8,71,0.0007913827214772477,0.10126582278481013,0.8987341772151899,0.04893867815917057,fpr,0.005,1.0,False,,NOT_FINAL_ROUND,,,,,,,,,,,,,,,,,,,,False,0.9982795547909132,0.881783280000036,722.3012750002908,3.06185599993114,0.0,0.0,0,0.0,0.0,240,4800,240.0,4800,4800,9600,,not_modelled__session_or_evaluation_key_material_excluded_from_round_payload,0,0,0.0,0.0,actual_generated_protocol_object_bytes,plain_model_update_uplink_plus_plain_global_update_broadcast,model_update_ciphertext_only__auxiliary_protocol_objects_are_counted_in_comm_total,False,single_google_colab_node__logical_client_cloud_authorized_recipient_roles,not_applicable,0.0,0.0,0.0,measured_sum_of_client_protection_plus_server_protected_aggregation_plus_authorized_recovery_or_decryption_ms_per_round,local_training__validation_test_evaluation__transport_latency__serialization_framing_not_explicitly_in_crypto_functions,0.0,0.0,20,20,0,plaintext_update_no_noise,1.0,plain_exact,0,0,False,0,0,False,not_applicable,0,[],0,,True,0.0017204452090867595,0.0017281485220215498,3.9572916666666664,0,0,0,0,0,0,0,0,0,0,0,0,0,20,0,20,0,1,fixed_execution_host_runtime_payload_and_machine_specification__no_unmeasured_absolute_energy_or_carbon_claim,sequential_single_host_wall_clock_and_generated_protocol_object_bytes__machine_specification_recorded__transport_network_facility_energy_not_measured,runtime_payload_measured__energy_not_instrumented,not_reported_without_direct_hardware_energy_instrumentation,not_reported,False,,,,,,,not_reported,0,0.25,not_probed,0,,not_reported__no_valid_colab_network_or_device_energy_scope,,not_reported__no_direct_facility_or_grid_carbon_measurement,0.881755554999927,Absolute energy and carbon are not reported because direct hardware energy instrumentation is disabled.,False,,,,BASELINE
42,B0_Plain_FL,13,comparative_protocol_experiment,comparative_experiment,main_comparative,Comparative federated-learning and protocol-enforcement experiment.,plain_or_protocol_control,custom_reference_python_prototype,False,,,,,,,,,,{},False,False,,,0,baseline_unenforced,,,,,not_applicable,not_applicable_plain_update_path,,,,not_applicable,0,0,0,False,,{},True,,strict_experiment_side_plaintext_oracle_comparison__max_coordinate_and_rmse_numeric_acceptance_envelope__relative_l2_diagnostic_only__no_plaintext_fallback_after_protected_aggregation_failure,custom_reference_prototype_numeric_acceptance_envelope__max_abs_and_rmse_are_acceptance_gates__relative_l2_is_diagnostic_only__not_a_formal_he_security_or_precision_proof,True,False,PASSED_PLAIN_CONTROL_CHECK,0.0,0.0,0.0,0.016797258538256057,0.016797258538256057,,,,True,True,True,True,finite_and_max_abs_and_rmse,0.9988237772550121,0.7196652719665272,0.6099290780141844,0.8775510204081632,0.9382919001871992,0.7310737472020886,0.9790865136150126,0.7279368171620106,0.7279368171620106,0.8877551020408163,0.001494794597636466,0.8877551020408163,0.001494794597636466,56809,55,12,86,0.0009672200337647721,0.12244897959183673,0.8775510204081632,0.05115380720331799,0.05115380720331799,fpr,0.005,0.9990344313019817,0.7634408602150538,0.6635514018691588,0.8987341772151899,0.9489713972468563,0.7717986706821625,0.9833219708880239,0.8242413951587341,0.8242413951587341,0.8987341772151899,0.0007913827214772477,0.8987341772151899,0.0007913827214772477,45454,36,8,71,0.0007913827214772477,0.10126582278481013,0.8987341772151899,0.05115380720331799,fpr,0.005,1.0,False,,NOT_FINAL_ROUND,,,,,,,,,,,,,,,,,,,,False,0.9982795547909132,0.8775006899998061,708.4144819996254,2.999057000124594,0.0,0.0,0,0.0,0.0,240,4800,240.0,4800,4800,9600,,not_modelled__session_or_evaluation_key_material_excluded_from_round_payload,0,0,0.0,0.0,actual_generated_protocol_object_bytes,plain_model_update_uplink_plus_plain_global_update_broadcast,model_update_ciphertext_only__auxiliary_protocol_objects_are_counted_in_comm_total,False,single_google_colab_node__logical_client_cloud_authorized_recipient_roles,not_applicable,0.0,0.0,0.0,measured_sum_of_client_protection_plus_server_protected_aggregation_plus_authorized_recovery_or_decryption_ms_per_round,local_training__validation_test_evaluation__transport_latency__serialization_framing_not_explicitly_in_crypto_functions,0.0,0.0,20,20,0,plaintext_update_no_noise,1.0,plain_exact,0,0,False,0,0,False,not_applicable,0,[],0,,True,0.0017204452090867595,0.0017281485220215498,3.9572916666666664,0,0,0,0,0,0,0,0,0,0,0,0,0,20,0,20,0,1,fixed_execution_host_runtime_payload_and_machine_specification__no_unmeasured_absolute_energy_or_carbon_claim,sequential_single_host_wall_clock_and_generated_protocol_object_bytes__machine_specification_recorded__transport_network_facility_energy_not_measured,runtime_payload_measured__energy_not_instrumented,not_reported_without_direct_hardware_energy_instrumentation,not_reported,False,,,,,,,not_reported,0,0.25,not_probed,0,,not_reported__no_valid_colab_network_or_device_energy_scope,,not_reported__no_direct_facility_or_grid_carbon_measurement,0.8774729500000831,Absolute energy and carbon are not reported because direct hardware energy instrumentation is disabled.,False,,,,BASELINE
42,B0_Plain_FL,14,comparative_protocol_experiment,comparative_experiment,main_comparative,Comparative federated-learning and protocol-enforcement experiment.,plain_or_protocol_control,custom_reference_python_prototype,False,,,,,,,,,,{},False,False,,,0,baseline_unenforced,,,,,not_applicable,not_applicable_plain_update_path,,,,not_applicable,0,0,0,False,,{},True,,strict_experiment_side_plaintext_oracle_comparison__max_coordinate_and_rmse_numeric_acceptance_envelope__relative_l2_diagnostic_only__no_plaintext_fallback_after_protected_aggregation_failure,custom_reference_prototype_numeric_acceptance_envelope__max_abs_and_rmse_are_acceptance_gates__relative_l2_is_diagnostic_only__not_a_formal_he_security_or_precision_proof,True,False,PASSED_PLAIN_CONTROL_CHECK,0.0,0.0,0.0,0.012262234292650656,0.012262234292650656,,,,True,True,True,True,finite_and_max_abs_and_rmse,0.9988237772550121,0.7196652719665272,0.6099290780141844,0.8775510204081632,0.9382919001871992,0.7310737472020886,0.9791507556877562,0.7280067899563629,0.7280067899563629,0.8877551020408163,0.0014420371412492965,0.8877551020408163,0.0014420371412492965,56809,55,12,86,0.0009672200337647721,0.12244897959183673,0.8775510204081632,0.05236599853707173,0.05236599853707173,fpr,0.005,0.9990344313019817,0.7634408602150538,0.6635514018691588,0.8987341772151899,0.9489713972468563,0.7717986706821625,0.9834171371646571,0.8242325915904687,0.8242325915904687,0.8987341772151899,0.0007913827214772477,0.8987341772151899,0.0007913827214772477,45454,36,8,71,0.0007913827214772477,0.10126582278481013,0.8987341772151899,0.05236599853707173,fpr,0.005,1.0,False,,NOT_FINAL_ROUND,,,,,,,,,,,,,,,,,,,,False,0.9982795547909132,0.874376753000206,709.2694860000393,3.336961000059091,0.0,0.0,0,0.0,0.0,240,4800,240.0,4800,4800,9600,,not_modelled__session_or_evaluation_key_material_excluded_from_round_payload,0,0,0.0,0.0,actual_generated_protocol_object_bytes,plain_model_update_uplink_plus_plain_global_update_broadcast,model_update_ciphertext_only__auxiliary_protocol_objects_are_counted_in_comm_total,False,single_google_colab_node__logical_client_cloud_authorized_recipient_roles,not_applicable,0.0,0.0,0.0,measured_sum_of_client_protection_plus_server_protected_aggregation_plus_authorized_recovery_or_decryption_ms_per_round,local_training__validation_test_evaluation__transport_latency__serialization_framing_not_explicitly_in_crypto_functions,0.0,0.0,20,20,0,plaintext_update_no_noise,1.0,plain_exact,0,0,False,0,0,False,not_applicable,0,[],0,,True,0.0017204452090867595,0.0017281485220215498,3.9572916666666664,0,0,0,0,0,0,0,0,0,0,0,0,0,20,0,20,0,1,fixed_execution_host_runtime_payload_and_machine_specification__no_unmeasured_absolute_energy_or_carbon_claim,sequential_single_host_wall_clock_and_generated_protocol_object_bytes__machine_specification_recorded__transport_network_facility_energy_not_measured,runtime_payload_measured__energy_not_instrumented,not_reported_without_direct_hardware_energy_instrumentation,not_reported,False,,,,,,,not_reported,0,0.25,not_probed,0,,not_reported__no_valid_colab_network_or_device_energy_scope,,not_reported__no_direct_facility_or_grid_carbon_measurement,0.8743479689999276,Absolute energy and carbon are not reported because direct hardware energy instrumentation is disabled.,False,,,,BASELINE
42,B0_Plain_FL,15,comparative_protocol_experiment,comparative_experiment,main_comparative,Comparative federated-learning and protocol-enforcement experiment.,plain_or_protocol_control,custom_reference_python_prototype,False,,,,,,,,,,{},False,False,,,0,baseline_unenforced,,,,,not_applicable,not_applicable_plain_update_path,,,,not_applicable,0,0,0,False,,{},True,,strict_experiment_side_plaintext_oracle_comparison__max_coordinate_and_rmse_numeric_acceptance_envelope__relative_l2_diagnostic_only__no_plaintext_fallback_after_protected_aggregation_failure,custom_reference_prototype_numeric_acceptance_envelope__max_abs_and_rmse_are_acceptance_gates__relative_l2_is_diagnostic_only__not_a_formal_he_security_or_precision_proof,True,False,PASSED_PLAIN_CONTROL_CHECK,0.0,0.0,0.0,0.009194366884908517,0.009194366884908517,,,,True,True,True,True,finite_and_max_abs_and_rmse,0.9988237772550121,0.7196652719665272,0.6099290780141844,0.8775510204081632,0.9382919001871992,0.7310737472020886,0.9791279659021741,0.7279690037427906,0.7279690037427906,0.8877551020408163,0.0014596229600450197,0.8877551020408163,0.0014596229600450197,56809,55,12,86,0.0009672200337647721,0.12244897959183673,0.8775510204081632,0.053394059918376396,0.053394059918376396,fpr,0.005,0.9990344313019817,0.7634408602150538,0.6635514018691588,0.8987341772151899,0.9489713972468563,0.7717986706821625,0.9835153643449249,0.8240689403586082,0.8240689403586082,0.8987341772151899,0.0007913827214772477,0.8987341772151899,0.0007913827214772477,45454,36,8,71,0.0007913827214772477,0.10126582278481013,0.8987341772151899,0.053394059918376396,fpr,0.005,1.0,False,,NOT_FINAL_ROUND,,,,,,,,,,,,,,,,,,,,False,0.9982795547909132,0.8781302700001561,693.540258999974,3.1165510001756047,0.0,0.0,0,0.0,0.0,240,4800,240.0,4800,4800,9600,,not_modelled__session_or_evaluation_key_material_excluded_from_round_payload,0,0,0.0,0.0,actual_generated_protocol_object_bytes,plain_model_update_uplink_plus_plain_global_update_broadcast,model_update_ciphertext_only__auxiliary_protocol_objects_are_counted_in_comm_total,False,single_google_colab_node__logical_client_cloud_authorized_recipient_roles,not_applicable,0.0,0.0,0.0,measured_sum_of_client_protection_plus_server_protected_aggregation_plus_authorized_recovery_or_decryption_ms_per_round,local_training__validation_test_evaluation__transport_latency__serialization_framing_not_explicitly_in_crypto_functions,0.0,0.0,20,20,0,plaintext_update_no_noise,1.0,plain_exact,0,0,False,0,0,False,not_applicable,0,[],0,,True,0.0017204452090867595,0.0017281485220215498,3.9572916666666664,0,0,0,0,0,0,0,0,0,0,0,0,0,20,0,20,0,1,fixed_execution_host_runtime_payload_and_machine_specification__no_unmeasured_absolute_energy_or_carbon_claim,sequential_single_host_wall_clock_and_generated_protocol_object_bytes__machine_specification_recorded__transport_network_facility_energy_not_measured,runtime_payload_measured__energy_not_instrumented,not_reported_without_direct_hardware_energy_instrumentation,not_reported,False,,,,,,,not_reported,0,0.25,not_probed,0,,not_reported__no_valid_colab_network_or_device_energy_scope,,not_reported__no_direct_facility_or_grid_carbon_measurement,0.8781027960001211,Absolute energy and carbon are not reported because direct hardware energy instrumentation is disabled.,False,,,,BASELINE
42,B0_Plain_FL,16,comparative_protocol_experiment,comparative_experiment,main_comparative,Comparative federated-learning and protocol-enforcement experiment.,plain_or_protocol_control,custom_reference_python_prototype,False,,,,,,,,,,{},False,False,,,0,baseline_unenforced,,,,,not_applicable,not_applicable_plain_update_path,,,,not_applicable,0,0,0,False,,{},True,,strict_experiment_side_plaintext_oracle_comparison__max_coordinate_and_rmse_numeric_acceptance_envelope__relative_l2_diagnostic_only__no_plaintext_fallback_after_protected_aggregation_failure,custom_reference_prototype_numeric_acceptance_envelope__max_abs_and_rmse_are_acceptance_gates__relative_l2_is_diagnostic_only__not_a_formal_he_security_or_precision_proof,True,False,PASSED_PLAIN_CONTROL_CHECK,0.0,0.0,0.0,0.0067734242986695154,0.0067734242986695154,,,,True,True,True,True,finite_and_max_abs_and_rmse,0.9988237772550121,0.7196652719665272,0.6099290780141844,0.8775510204081632,0.9382919001871992,0.7310737472020886,0.9791071500350279,0.7280020146003001,0.7280020146003001,0.8877551020408163,0.0014244513224535734,0.8877551020408163,0.0014244513224535734,56809,55,12,86,0.0009672200337647721,0.12244897959183673,0.8775510204081632,0.05420404980172517,0.05420404980172517,fpr,0.005,0.9990563760451184,0.7675675675675676,0.6698113207547169,0.8987341772151899,0.9489823886735436,0.7754411396718406,0.9835829824888486,0.8237977376390774,0.8237977376390774,0.8987341772151899,0.0007693998681028798,0.8987341772151899,0.0007693998681028798,45455,35,8,71,0.0007693998681028798,0.10126582278481013,0.8987341772151899,0.05420404980172517,fpr,0.005,1.0,False,,NOT_FINAL_ROUND,,,,,,,,,,,,,,,,,,,,False,0.9982795547909132,0.8611728309999762,695.5272060006337,3.3257309996770346,0.0,0.0,0,0.0,0.0,240,4800,240.0,4800,4800,9600,,not_modelled__session_or_evaluation_key_material_excluded_from_round_payload,0,0,0.0,0.0,actual_generated_protocol_object_bytes,plain_model_update_uplink_plus_plain_global_update_broadcast,model_update_ciphertext_only__auxiliary_protocol_objects_are_counted_in_comm_total,False,single_google_colab_node__logical_client_cloud_authorized_recipient_roles,not_applicable,0.0,0.0,0.0,measured_sum_of_client_protection_plus_server_protected_aggregation_plus_authorized_recovery_or_decryption_ms_per_round,local_training__validation_test_evaluation__transport_latency__serialization_framing_not_explicitly_in_crypto_functions,0.0,0.0,20,20,0,plaintext_update_no_noise,1.0,plain_exact,0,0,False,0,0,False,not_applicable,0,[],0,,True,0.0017204452090867595,0.0017281485220215498,3.9572916666666664,0,0,0,0,0,0,0,0,0,0,0,0,0,20,0,20,0,1,fixed_execution_host_runtime_payload_and_machine_specification__no_unmeasured_absolute_energy_or_carbon_claim,sequential_single_host_wall_clock_and_generated_protocol_object_bytes__machine_specification_recorded__transport_network_facility_energy_not_measured,runtime_payload_measured__energy_not_instrumented,not_reported_without_direct_hardware_energy_instrumentation,not_reported,False,,,,,,,not_reported,0,0.25,not_probed,0,,not_reported__no_valid_colab_network_or_device_energy_scope,,not_reported__no_direct_facility_or_grid_carbon_measurement,0.8611477570000261,Absolute energy and carbon are not reported because direct hardware energy instrumentation is disabled.,False,,,,BASELINE
42,B0_Plain_FL,17,comparative_protocol_experiment,comparative_experiment,main_comparative,Comparative federated-learning and protocol-enforcement experiment.,plain_or_protocol_control,custom_reference_python_prototype,False,,,,,,,,,,{},False,False,,,0,baseline_unenforced,,,,,not_applicable,not_applicable_plain_update_path,,,,not_applicable,0,0,0,False,,{},True,,strict_experiment_side_plaintext_oracle_comparison__max_coordinate_and_rmse_numeric_acceptance_envelope__relative_l2_diagnostic_only__no_plaintext_fallback_after_protected_aggregation_failure,custom_reference_prototype_numeric_acceptance_envelope__max_abs_and_rmse_are_acceptance_gates__relative_l2_is_diagnostic_only__not_a_formal_he_security_or_precision_proof,True,False,PASSED_PLAIN_CONTROL_CHECK,0.0,0.0,0.0,0.0062080199960479684,0.0062080199960479684,,,,True,True,True,True,finite_and_max_abs_and_rmse,0.9988237772550121,0.7196652719665272,0.6099290780141844,0.8775510204081632,0.9382919001871992,0.7310737472020886,0.9791222235939958,0.7279052706811705,0.7279052706811705,0.8877551020408163,0.0014244513224535734,0.8877551020408163,0.0014244513224535734,56809,55,12,86,0.0009672200337647721,0.12244897959183673,0.8775510204081632,0.0547138392308595,0.0547138392308595,fpr,0.005,0.9990563760451184,0.7675675675675676,0.6698113207547169,0.8987341772151899,0.9489823886735436,0.7754411396718406,0.983679261821349,0.8234051551712023,0.8234051551712023,0.8987341772151899,0.0007693998681028798,0.8987341772151899,0.0007693998681028798,45455,35,8,71,0.0007693998681028798,0.10126582278481013,0.8987341772151899,0.0547138392308595,fpr,0.005,1.0,False,,NOT_FINAL_ROUND,,,,,,,,,,,,,,,,,,,,False,0.9982795547909132,1.080524005999905,833.6967529996855,3.1914179999148473,0.0,0.0,0,0.0,0.0,240,4800,240.0,4800,4800,9600,,not_modelled__session_or_evaluation_key_material_excluded_from_round_payload,0,0,0.0,0.0,actual_generated_protocol_object_bytes,plain_model_update_uplink_plus_plain_global_update_broadcast,model_update_ciphertext_only__auxiliary_protocol_objects_are_counted_in_comm_total,False,single_google_colab_node__logical_client_cloud_authorized_recipient_roles,not_applicable,0.0,0.0,0.0,measured_sum_of_client_protection_plus_server_protected_aggregation_plus_authorized_recovery_or_decryption_ms_per_round,local_training__validation_test_evaluation__transport_latency__serialization_framing_not_explicitly_in_crypto_functions,0.0,0.0,20,20,0,plaintext_update_no_noise,1.0,plain_exact,0,0,False,0,0,False,not_applicable,0,[],0,,True,0.0017204452090867595,0.0017281485220215498,3.9572916666666664,0,0,0,0,0,0,0,0,0,0,0,0,0,20,0,20,0,1,fixed_execution_host_runtime_payload_and_machine_specification__no_unmeasured_absolute_energy_or_carbon_claim,sequential_single_host_wall_clock_and_generated_protocol_object_bytes__machine_specification_recorded__transport_network_facility_energy_not_measured,runtime_payload_measured__energy_not_instrumented,not_reported_without_direct_hardware_energy_instrumentation,not_reported,False,,,,,,,not_reported,0,0.25,not_probed,0,,not_reported__no_valid_colab_network_or_device_energy_scope,,not_reported__no_direct_facility_or_grid_carbon_measurement,1.0804948929999227,Absolute energy and carbon are not reported because direct hardware energy instrumentation is disabled.,False,,,,BASELINE
42,B0_Plain_FL,18,comparative_protocol_experiment,comparative_experiment,main_comparative,Comparative federated-learning and protocol-enforcement experiment.,plain_or_protocol_control,custom_reference_python_prototype,False,,,,,,,,,,{},False,False,,,0,baseline_unenforced,,,,,not_applicable,not_applicable_plain_update_path,,,,not_applicable,0,0,0,False,,{},True,,strict_experiment_side_plaintext_oracle_comparison__max_coordinate_and_rmse_numeric_acceptance_envelope__relative_l2_diagnostic_only__no_plaintext_fallback_after_protected_aggregation_failure,custom_reference_prototype_numeric_acceptance_envelope__max_abs_and_rmse_are_acceptance_gates__relative_l2_is_diagnostic_only__not_a_formal_he_security_or_precision_proof,True,False,PASSED_PLAIN_CONTROL_CHECK,0.0,0.0,0.0,0.004366725629990205,0.004366725629990205,,,,True,True,True,True,finite_and_max_abs_and_rmse,0.9988237772550121,0.7196652719665272,0.6099290780141844,0.8775510204081632,0.9382919001871992,0.7310737472020886,0.9791346054460051,0.7278760577605761,0.7278760577605761,0.8877551020408163,0.0014244513224535734,0.8877551020408163,0.0014244513224535734,56809,55,12,86,0.0009672200337647721,0.12244897959183673,0.8775510204081632,0.05445137205693183,0.05445137205693183,fpr,0.005,0.9990563760451184,0.7675675675675676,0.6698113207547169,0.8987341772151899,0.9489823886735436,0.7754411396718406,0.983753558300475,0.823409147106412,0.823409147106412,0.8987341772151899,0.0007693998681028798,0.8987341772151899,0.0007693998681028798,45455,35,8,71,0.0007693998681028798,0.10126582278481013,0.8987341772151899,0.05445137205693183,fpr,0.005,1.0,False,,NOT_FINAL_ROUND,,,,,,,,,,,,,,,,,,,,False,0.9982795547909132,1.364050571000007,1110.3980650004814,3.7648770000942022,0.0,0.0,0,0.0,0.0,240,4800,240.0,4800,4800,9600,,not_modelled__session_or_evaluation_key_material_excluded_from_round_payload,0,0,0.0,0.0,actual_generated_protocol_object_bytes,plain_model_update_uplink_plus_plain_global_update_broadcast,model_update_ciphertext_only__auxiliary_protocol_objects_are_counted_in_comm_total,False,single_google_colab_node__logical_client_cloud_authorized_recipient_roles,not_applicable,0.0,0.0,0.0,measured_sum_of_client_protection_plus_server_protected_aggregation_plus_authorized_recovery_or_decryption_ms_per_round,local_training__validation_test_evaluation__transport_latency__serialization_framing_not_explicitly_in_crypto_functions,0.0,0.0,20,20,0,plaintext_update_no_noise,1.0,plain_exact,0,0,False,0,0,False,not_applicable,0,[],0,,True,0.0017204452090867595,0.0017281485220215498,3.9572916666666664,0,0,0,0,0,0,0,0,0,0,0,0,0,20,0,20,0,1,fixed_execution_host_runtime_payload_and_machine_specification__no_unmeasured_absolute_energy_or_carbon_claim,sequential_single_host_wall_clock_and_generated_protocol_object_bytes__machine_specification_recorded__transport_network_facility_energy_not_measured,runtime_payload_measured__energy_not_instrumented,not_reported_without_direct_hardware_energy_instrumentation,not_reported,False,,,,,,,not_reported,0,0.25,not_probed,0,,not_reported__no_valid_colab_network_or_device_energy_scope,,not_reported__no_direct_facility_or_grid_carbon_measurement,1.3640177920001406,Absolute energy and carbon are not reported because direct hardware energy instrumentation is disabled.,False,,,,BASELINE
42,B0_Plain_FL,19,comparative_protocol_experiment,comparative_experiment,main_comparative,Comparative federated-learning and protocol-enforcement experiment.,plain_or_protocol_control,custom_reference_python_prototype,False,,,,,,,,,,{},False,False,,,0,baseline_unenforced,,,,,not_applicable,not_applicable_plain_update_path,,,,not_applicable,0,0,0,False,,{},True,,strict_experiment_side_plaintext_oracle_comparison__max_coordinate_and_rmse_numeric_acceptance_envelope__relative_l2_diagnostic_only__no_plaintext_fallback_after_protected_aggregation_failure,custom_reference_prototype_numeric_acceptance_envelope__max_abs_and_rmse_are_acceptance_gates__relative_l2_is_diagnostic_only__not_a_formal_he_security_or_precision_proof,True,False,PASSED_PLAIN_CONTROL_CHECK,0.0,0.0,0.0,0.006066377034483574,0.006066377034483574,,,,True,True,True,True,finite_and_max_abs_and_rmse,0.9988237772550121,0.7196652719665272,0.6099290780141844,0.8775510204081632,0.9382919001871992,0.7310737472020886,0.9791259919837378,0.7278509775501005,0.7278509775501005,0.8877551020408163,0.0014420371412492965,0.8877551020408163,0.0014420371412492965,56809,55,12,86,0.0009672200337647721,0.12244897959183673,0.8775510204081632,0.0546842682008356,0.0546842682008356,fpr,0.005,0.9990563760451184,0.7675675675675676,0.6698113207547169,0.8987341772151899,0.9489823886735436,0.7754411396718406,0.983832585267036,0.8234099098397246,0.8234099098397246,0.8987341772151899,0.0007693998681028798,0.8987341772151899,0.0007693998681028798,45455,35,8,71,0.0007693998681028798,0.10126582278481013,0.8987341772151899,0.0546842682008356,fpr,0.005,1.0,False,,NOT_FINAL_ROUND,,,,,,,,,,,,,,,,,,,,False,0.9982795547909132,1.3689647600001535,1117.5092980006411,3.7539719999131194,0.0,0.0,0,0.0,0.0,240,4800,240.0,4800,4800,9600,,not_modelled__session_or_evaluation_key_material_excluded_from_round_payload,0,0,0.0,0.0,actual_generated_protocol_object_bytes,plain_model_update_uplink_plus_plain_global_update_broadcast,model_update_ciphertext_only__auxiliary_protocol_objects_are_counted_in_comm_total,False,single_google_colab_node__logical_client_cloud_authorized_recipient_roles,not_applicable,0.0,0.0,0.0,measured_sum_of_client_protection_plus_server_protected_aggregation_plus_authorized_recovery_or_decryption_ms_per_round,local_training__validation_test_evaluation__transport_latency__serialization_framing_not_explicitly_in_crypto_functions,0.0,0.0,20,20,0,plaintext_update_no_noise,1.0,plain_exact,0,0,False,0,0,False,not_applicable,0,[],0,,True,0.0017204452090867595,0.0017281485220215498,3.9572916666666664,0,0,0,0,0,0,0,0,0,0,0,0,0,20,0,20,0,1,fixed_execution_host_runtime_payload_and_machine_specification__no_unmeasured_absolute_energy_or_carbon_claim,sequential_single_host_wall_clock_and_generated_protocol_object_bytes__machine_specification_recorded__transport_network_facility_energy_not_measured,runtime_payload_measured__energy_not_instrumented,not_reported_without_direct_hardware_energy_instrumentation,not_reported,False,,,,,,,not_reported,0,0.25,not_probed,0,,not_reported__no_valid_colab_network_or_device_energy_scope,,not_reported__no_direct_facility_or_grid_carbon_measurement,1.3689313660001972,Absolute energy and carbon are not reported because direct hardware energy instrumentation is disabled.,False,,,,BASELINE
42,B0_Plain_FL,20,comparative_protocol_experiment,comparative_experiment,main_comparative,Comparative federated-learning and protocol-enforcement experiment.,plain_or_protocol_control,custom_reference_python_prototype,False,,,,,,,,,,{},False,False,,,0,baseline_unenforced,,,,,not_applicable,not_applicable_plain_update_path,,,,not_applicable,0,0,0,False,,{},True,,strict_experiment_side_plaintext_oracle_comparison__max_coordinate_and_rmse_numeric_acceptance_envelope__relative_l2_diagnostic_only__no_plaintext_fallback_after_protected_aggregation_failure,custom_reference_prototype_numeric_acceptance_envelope__max_abs_and_rmse_are_acceptance_gates__relative_l2_is_diagnostic_only__not_a_formal_he_security_or_precision_proof,True,False,PASSED_PLAIN_CONTROL_CHECK,0.0,0.0,0.0,0.0030908671267130356,0.0030908671267130356,,,,True,True,True,True,finite_and_max_abs_and_rmse,0.9988237772550121,0.7196652719665272,0.6099290780141844,0.8775510204081632,0.9382919001871992,0.7310737472020886,0.9790935120531048,0.7278536006729349,0.7278536006729349,0.8877551020408163,0.0014420371412492965,0.8877551020408163,0.0014420371412492965,56809,55,12,86,0.0009672200337647721,0.12244897959183673,0.8775510204081632,0.05504196731434088,0.05504196731434088,fpr,0.005,0.9990563760451184,0.7675675675675676,0.6698113207547169,0.8987341772151899,0.9489823886735436,0.7754411396718406,0.9838771075017183,0.823405122462568,0.823405122462568,0.8987341772151899,0.0007693998681028798,0.8987341772151899,0.0007693998681028798,45455,35,8,71,0.0007693998681028798,0.10126582278481013,0.8987341772151899,0.05504196731434088,fpr,0.005,1.0,True,,NO_REFERENCE_DEFINED,,,,,,,,,,,,,,,,,,,,False,0.9982795547909132,1.247524158000033,1085.5094180005835,3.7631899995176354,0.0,0.0,0,0.0,0.0,240,4800,240.0,4800,4800,9600,,not_modelled__session_or_evaluation_key_material_excluded_from_round_payload,0,0,0.0,0.0,actual_generated_protocol_object_bytes,plain_model_update_uplink_plus_plain_global_update_broadcast,model_update_ciphertext_only__auxiliary_protocol_objects_are_counted_in_comm_total,False,single_google_colab_node__logical_client_cloud_authorized_recipient_roles,not_applicable,0.0,0.0,0.0,measured_sum_of_client_protection_plus_server_protected_aggregation_plus_authorized_recovery_or_decryption_ms_per_round,local_training__validation_test_evaluation__transport_latency__serialization_framing_not_explicitly_in_crypto_functions,0.0,0.0,20,20,0,plaintext_update_no_noise,1.0,plain_exact,0,0,False,0,0,False,not_applicable,0,[],0,,True,0.0017204452090867595,0.0017281485220215498,3.9572916666666664,0,0,0,0,0,0,0,0,0,0,0,0,0,20,0,20,0,1,fixed_execution_host_runtime_payload_and_machine_specification__no_unmeasured_absolute_energy_or_carbon_claim,sequential_single_host_wall_clock_and_generated_protocol_object_bytes__machine_specification_recorded__transport_network_facility_energy_not_measured,runtime_payload_measured__energy_not_instrumented,not_reported_without_direct_hardware_energy_instrumentation,not_reported,False,,,,,,,not_reported,0,0.25,not_probed,0,,not_reported__no_valid_colab_network_or_device_energy_scope,,not_reported__no_direct_facility_or_grid_carbon_measurement,1.2474943509998866,Absolute energy and carbon are not reported because direct hardware energy instrumentation is disabled.,False,,,,BASELINE
