seed,scenario,round,security_status,result_category,reporting_group,claim_scope,implementation_status,crypto_backend,governance_enforced,governance_policy_version,evidence_manifest_hash,session_security_decision_hash,risk_assessment_hash,session_security_tier,unified_required_security_class,unified_required_security_tier,executed_profile_security_class,executed_profile_security_tier,client_phase1_tier_counts_json,runtime_profile_is_governance_selected,runtime_profile_deployment_compliant,runtime_profile_relation_to_unified_requirement,session_security_class,session_epoch,execution_mode,computed_strictest_security_class,computed_strictest_security_tier,benchmark_declared_tier,tier_selection_basis,xmk_decryption_policy,noise_metric_label,observed_relative_decryption_error,observed_max_abs_decryption_error,t4_model_update_recipient_id,t4_recipient_validation_policy,t4_recipient_count,t4_recipients_validated,t4_recipient_fidelity_failures,t4_all_recipients_passed,t4_worst_recipient_id,t4_recipient_diagnostics_json,aggregate_applied,aggregation_failure_reason,aggregate_fidelity_policy,aggregate_fidelity_tolerance_scope,aggregate_fidelity_checked,aggregate_fidelity_required,aggregate_fidelity_status,aggregate_relative_error,aggregate_max_abs_error,aggregate_rmse,aggregate_expected_norm,aggregate_recovered_norm,aggregate_fidelity_relative_tolerance,aggregate_fidelity_absolute_tolerance,aggregate_fidelity_rmse_tolerance,aggregate_fidelity_relative_pass,aggregate_fidelity_absolute_pass,aggregate_fidelity_rmse_pass,aggregate_fidelity_relative_is_diagnostic_only,aggregate_fidelity_acceptance_rule,accuracy,f1,precision,recall,balanced_accuracy,mcc,roc_auc,pr_auc,average_precision,recall_at_fpr_0.005,achieved_fpr_at_0.005,recall_at_fpr_0.01,achieved_fpr_at_0.01,true_negatives,false_positives,false_negatives,true_positives,false_positive_rate,false_negative_rate,fraud_recall,optimal_threshold,debug_optimal_threshold,constraint_type,constraint_value,validation_accuracy,validation_f1,validation_precision,validation_recall,validation_balanced_accuracy,validation_mcc,validation_roc_auc,validation_pr_auc,validation_average_precision,validation_recall_at_fpr_0.005,validation_achieved_fpr_at_0.005,validation_recall_at_fpr_0.01,validation_achieved_fpr_at_0.01,validation_true_negatives,validation_false_positives,validation_false_negatives,validation_true_positives,validation_false_positive_rate,validation_false_negative_rate,validation_fraud_recall,validation_optimal_threshold,validation_constraint_type,validation_constraint_value,metric_diag_version,metric_diag_is_final_round,metric_diag_reference_scenario,metric_diag_status,metric_diag_ap_current_full_precision,metric_diag_ap_reference_full_precision,metric_diag_delta_ap,metric_diag_f1_current_full_precision,metric_diag_f1_reference_full_precision,metric_diag_delta_f1,metric_diag_mcc_current_full_precision,metric_diag_mcc_reference_full_precision,metric_diag_delta_mcc,metric_diag_threshold_current,metric_diag_threshold_reference,metric_diag_delta_threshold,metric_diag_model_parameter_l2_delta,metric_diag_model_parameter_max_abs_delta,metric_diag_probability_max_abs_delta,metric_diag_probability_mean_abs_delta,metric_diag_probability_rmse,metric_diag_prediction_disagreement_count,metric_diag_prediction_disagreement_rate,metric_diag_binary_predictions_exact_match,baseline_accuracy,runtime_s,local_training_total_ms,protocol_control_total_ms,crypto_session_setup_ms,crypto_seed_setup_ms,crypto_client_operation_total_ms,crypto_server_operation_total_ms,model_update_plain_bytes,protected_update_uplink_bytes,protected_update_mean_bytes_per_client,comm_up_bytes,comm_down_bytes,comm_total_bytes,comm_setup_key_material_bytes,comm_setup_key_material_status,communication_metric_label,communication_payload_scope,protected_update_payload_scope,communication_is_wire_capture,crypto_overhead_ms,crypto_total_overhead_ms,crypto_path_total_ms,crypto_timing_metric_label,crypto_timing_excludes,noise_std,cumulative_noise,n_clients,effective_clients,enforcement_failures,mechanism,comm_factor,crypto_type,xmk_shares_available,xmk_shares_required,xmk_round_failed,t4_samk_server_known_helper_points,t4_samk_required_helper_points,t4_samk_server_plaintext_aggregate_available,samk_dropout_injection_mode,samk_preupload_dropout_count,samk_preupload_dropout_clients_json,samk_removed_dropout_clients_total,samk_postupload_delayed_recipient_id,samk_postupload_delayed_recovery_passed,fraud_rate_global_test,fraud_rate_active_clients,pscore_admitted_mean,pofc_violations_malicious,pofc_violations_benign,signature_violations_malicious,signature_violations_benign,freshness_violations,rate_limit_violations,total_violations,malicious_clients_blocked_this_round,benign_clients_blocked_this_round,malicious_clients_banned_total,benign_clients_banned_total,banned_clients_count,remaining_malicious_clients,remaining_benign_clients,initial_malicious_count,initial_benign_count,attack_detected_this_round,all_malicious_blocked,resource_measurement_policy,resource_measurement_scope,resource_measurement_status,energy_estimation_method,energy_measurement_method,energy_is_hardware_measured,energy_total_joules,energy_total_uj,cpu_package_energy_joules,cpu_package_energy_uj,gpu_energy_joules,gpu_energy_uj,gpu_energy_measurement_method,gpu_power_sample_count,gpu_power_sample_interval_s,gpu_devices_visible,cpu_rapl_domain_count,protocol_payload_energy_joules,protocol_payload_energy_status,co2_emissions_kg,carbon_accounting_status,measurement_wall_time_s,measurement_notes,session_reformed_after_round,post_round_new_session_id,post_round_new_session_decision_hash,post_round_session_epoch,category
7,B1_xMK_CKKS,1,custom_xmk_reference_prototype,comparative_experiment,main_comparative,Custom xMK reference prototype with all-participant collaborative decryption; not a t-of-n threshold-CKKS security claim.,custom_xmk_reference_python,custom_reference_python_prototype,False,,,,,,,,,,{},False,False,,,0,baseline_unenforced,,,,,all_participants,configured_normalized_ciphertext_noise_proxy_sigma_over_scale,,,,not_applicable,0,0,0,False,,{},True,,strict_experiment_side_plaintext_oracle_comparison__max_coordinate_and_rmse_numeric_acceptance_envelope__relative_l2_diagnostic_only__no_plaintext_fallback_after_protected_aggregation_failure,custom_reference_prototype_numeric_acceptance_envelope__max_abs_and_rmse_are_acceptance_gates__relative_l2_is_diagnostic_only__not_a_formal_he_security_or_precision_proof,True,True,PASSED_PROTECTED_MAX_ABS_RMSE_ENVELOPE,8.488183529069619e-07,1.6263134260227803e-07,6.669927517963639e-08,0.4303947653809828,0.43039477452861963,0.001,0.0002,5e-05,True,True,True,True,finite_and_max_abs_and_rmse,0.9958568870475053,0.41,0.271523178807947,0.8367346938775511,0.916432906871246,0.4752969424331776,0.9573100659791209,0.694516959422443,0.694516959422443,0.8367346938775511,0.0036754361283061338,0.8775510204081632,0.00859946539110861,56644,220,16,82,0.0038688801350590884,0.16326530612244897,0.8367346938775511,0.0032941649205376925,0.0032941649205376925,fpr,0.005,0.9960280014922426,0.43613707165109034,0.2892561983471074,0.8860759493670886,0.9411474492933487,0.5050089922214316,0.9733528860147314,0.7824888649997662,0.7824888649997662,0.8860759493670886,0.0037810507803912948,0.8987341772151899,0.005319850516597054,45318,172,9,70,0.0037810507803912948,0.11392405063291139,0.8860759493670886,0.0032941649205376925,fpr,0.005,1.0,False,B0_Plain_FL,NOT_FINAL_ROUND,,,,,,,,,,,,,,,,,,,,False,0.9982795547909132,11.716276611000012,864.5666149991484,5.523057999880621,0.0,3234.8723549998795,7453.83316500056,3225.6471640000655,240,573440,28672.0,860160,286720,1146880,,not_modelled__session_or_evaluation_key_material_excluded_from_round_payload,actual_generated_protocol_object_bytes,xMK_ciphertext_uplink_plus_partial_decryption_share_uplink_plus_aggregate_c1_polynomial_broadcast,sum_of_actual_generated_client_update_objects_before_auxiliary_decryption_share_or_downlink_traffic,False,533.9740164500314,10679.480329000628,10679.480329000628,measured_sum_of_client_protection_plus_server_protected_aggregation_plus_authorized_recovery_or_decryption_ms_per_round,local_training__validation_test_evaluation__transport_latency__serialization_framing_not_explicitly_in_crypto_functions,2.910383045673371e-12,3.2000000000000006,20,20,0,"B1: xMK submit share (round-level finalize), noise=0.000",179.2,xmk_ckks,20,20,False,0,0,False,not_applicable,0,[],0,,True,0.0017204452090867595,0.0017281485220215498,3.9572916666666664,0,0,0,0,0,0,0,0,0,0,0,0,0,20,0,20,0,1,fixed_execution_host_runtime_payload_and_machine_specification__no_unmeasured_absolute_energy_or_carbon_claim,sequential_single_host_wall_clock_and_generated_protocol_object_bytes__machine_specification_recorded__transport_network_facility_energy_not_measured,runtime_payload_measured__energy_not_instrumented,not_reported_without_direct_hardware_energy_instrumentation,not_reported,False,,,,,,,not_reported,0,0.25,not_probed,0,,not_reported__no_valid_colab_network_or_device_energy_scope,,not_reported__no_direct_facility_or_grid_carbon_measurement,11.71624695000014,Absolute energy and carbon are not reported because direct hardware energy instrumentation is disabled.,False,,,,BASELINE
7,B1_xMK_CKKS,2,custom_xmk_reference_prototype,comparative_experiment,main_comparative,Custom xMK reference prototype with all-participant collaborative decryption; not a t-of-n threshold-CKKS security claim.,custom_xmk_reference_python,custom_reference_python_prototype,False,,,,,,,,,,{},False,False,,,0,baseline_unenforced,,,,,all_participants,configured_normalized_ciphertext_noise_proxy_sigma_over_scale,,,,not_applicable,0,0,0,False,,{},True,,strict_experiment_side_plaintext_oracle_comparison__max_coordinate_and_rmse_numeric_acceptance_envelope__relative_l2_diagnostic_only__no_plaintext_fallback_after_protected_aggregation_failure,custom_reference_prototype_numeric_acceptance_envelope__max_abs_and_rmse_are_acceptance_gates__relative_l2_is_diagnostic_only__not_a_formal_he_security_or_precision_proof,True,True,PASSED_PROTECTED_MAX_ABS_RMSE_ENVELOPE,1.1234620867389958e-06,2.3291059487659527e-07,7.711389573174374e-08,0.3759541215303833,0.37595412522359245,0.001,0.0002,5e-05,True,True,True,True,finite_and_max_abs_and_rmse,0.9977879990168884,0.5684931506849316,0.42783505154639173,0.8469387755102041,0.9224933748119395,0.6010754327737244,0.968222604883259,0.7138775213560523,0.7138775213560523,0.8877551020408163,0.004273353967360721,0.8877551020408163,0.004273353967360721,56753,111,15,83,0.0019520258863252673,0.15306122448979592,0.8469387755102041,0.005341255072538739,0.005341255072538739,fpr,0.005,0.9979371941451425,0.6016949152542372,0.45222929936305734,0.8987341772151899,0.9484218259124971,0.6367267733804268,0.9790394884395234,0.8136188845376559,0.8136188845376559,0.8987341772151899,0.0018905253901956474,0.8987341772151899,0.0018905253901956474,45404,86,8,71,0.0018905253901956474,0.10126582278481013,0.8987341772151899,0.005341255072538739,fpr,0.005,1.0,False,B0_Plain_FL,NOT_FINAL_ROUND,,,,,,,,,,,,,,,,,,,,False,0.9982795547909132,11.7552829440001,767.1394850003708,3.274021999914112,0.0,0.0,6791.517053999769,4027.881680000064,240,573440,28672.0,860160,286720,1146880,,not_modelled__session_or_evaluation_key_material_excluded_from_round_payload,actual_generated_protocol_object_bytes,xMK_ciphertext_uplink_plus_partial_decryption_share_uplink_plus_aggregate_c1_polynomial_broadcast,sum_of_actual_generated_client_update_objects_before_auxiliary_decryption_share_or_downlink_traffic,False,540.9699366999916,10819.398733999833,10819.398733999833,measured_sum_of_client_protection_plus_server_protected_aggregation_plus_authorized_recovery_or_decryption_ms_per_round,local_training__validation_test_evaluation__transport_latency__serialization_framing_not_explicitly_in_crypto_functions,2.910383045673371e-12,3.2000000000000006,20,20,0,"B1: xMK submit share (round-level finalize), noise=0.000",179.2,xmk_ckks,20,20,False,0,0,False,not_applicable,0,[],0,,True,0.0017204452090867595,0.0017281485220215498,3.9572916666666664,0,0,0,0,0,0,0,0,0,0,0,0,0,20,0,20,0,1,fixed_execution_host_runtime_payload_and_machine_specification__no_unmeasured_absolute_energy_or_carbon_claim,sequential_single_host_wall_clock_and_generated_protocol_object_bytes__machine_specification_recorded__transport_network_facility_energy_not_measured,runtime_payload_measured__energy_not_instrumented,not_reported_without_direct_hardware_energy_instrumentation,not_reported,False,,,,,,,not_reported,0,0.25,not_probed,0,,not_reported__no_valid_colab_network_or_device_energy_scope,,not_reported__no_direct_facility_or_grid_carbon_measurement,11.75525609600004,Absolute energy and carbon are not reported because direct hardware energy instrumentation is disabled.,False,,,,BASELINE
7,B1_xMK_CKKS,3,custom_xmk_reference_prototype,comparative_experiment,main_comparative,Custom xMK reference prototype with all-participant collaborative decryption; not a t-of-n threshold-CKKS security claim.,custom_xmk_reference_python,custom_reference_python_prototype,False,,,,,,,,,,{},False,False,,,0,baseline_unenforced,,,,,all_participants,configured_normalized_ciphertext_noise_proxy_sigma_over_scale,,,,not_applicable,0,0,0,False,,{},True,,strict_experiment_side_plaintext_oracle_comparison__max_coordinate_and_rmse_numeric_acceptance_envelope__relative_l2_diagnostic_only__no_plaintext_fallback_after_protected_aggregation_failure,custom_reference_prototype_numeric_acceptance_envelope__max_abs_and_rmse_are_acceptance_gates__relative_l2_is_diagnostic_only__not_a_formal_he_security_or_precision_proof,True,True,PASSED_PROTECTED_MAX_ABS_RMSE_ENVELOPE,1.2913645693334218e-06,1.6067407710546565e-07,7.237326380969684e-08,0.3069657484034565,0.30696574319140807,0.001,0.0002,5e-05,True,True,True,True,finite_and_max_abs_and_rmse,0.9985604438046417,0.6693548387096774,0.5533333333333333,0.8469387755102041,0.9228802628254453,0.6839328810532475,0.9743970217518633,0.7209725842866536,0.7209725842866536,0.8877551020408163,0.0027961451885199773,0.8877551020408163,0.0027961451885199773,56797,67,15,83,0.0011782498593134495,0.15306122448979592,0.8469387755102041,0.008437265200899572,0.008437265200899572,fpr,0.005,0.9987052601549299,0.7064676616915423,0.5819672131147541,0.8987341772151899,0.9488065258465486,0.7226502335315104,0.9805165135751077,0.819572879343085,0.819572879343085,0.8987341772151899,0.0011211255220927676,0.8987341772151899,0.0011211255220927676,45439,51,8,71,0.0011211255220927676,0.10126582278481013,0.8987341772151899,0.008437265200899572,fpr,0.005,1.0,False,B0_Plain_FL,NOT_FINAL_ROUND,,,,,,,,,,,,,,,,,,,,False,0.9982795547909132,13.65574317000005,1298.236142000178,3.243921000375849,0.0,0.0,8160.998365000296,4022.313454999903,240,573440,28672.0,860160,286720,1146880,,not_modelled__session_or_evaluation_key_material_excluded_from_round_payload,actual_generated_protocol_object_bytes,xMK_ciphertext_uplink_plus_partial_decryption_share_uplink_plus_aggregate_c1_polynomial_broadcast,sum_of_actual_generated_client_update_objects_before_auxiliary_decryption_share_or_downlink_traffic,False,609.1655910000098,12183.311820000197,12183.311820000197,measured_sum_of_client_protection_plus_server_protected_aggregation_plus_authorized_recovery_or_decryption_ms_per_round,local_training__validation_test_evaluation__transport_latency__serialization_framing_not_explicitly_in_crypto_functions,2.910383045673371e-12,3.2000000000000006,20,20,0,"B1: xMK submit share (round-level finalize), noise=0.000",179.2,xmk_ckks,20,20,False,0,0,False,not_applicable,0,[],0,,True,0.0017204452090867595,0.0017281485220215498,3.9572916666666664,0,0,0,0,0,0,0,0,0,0,0,0,0,20,0,20,0,1,fixed_execution_host_runtime_payload_and_machine_specification__no_unmeasured_absolute_energy_or_carbon_claim,sequential_single_host_wall_clock_and_generated_protocol_object_bytes__machine_specification_recorded__transport_network_facility_energy_not_measured,runtime_payload_measured__energy_not_instrumented,not_reported_without_direct_hardware_energy_instrumentation,not_reported,False,,,,,,,not_reported,0,0.25,not_probed,0,,not_reported__no_valid_colab_network_or_device_energy_scope,,not_reported__no_direct_facility_or_grid_carbon_measurement,13.655714826000121,Absolute energy and carbon are not reported because direct hardware energy instrumentation is disabled.,False,,,,BASELINE
7,B1_xMK_CKKS,4,custom_xmk_reference_prototype,comparative_experiment,main_comparative,Custom xMK reference prototype with all-participant collaborative decryption; not a t-of-n threshold-CKKS security claim.,custom_xmk_reference_python,custom_reference_python_prototype,False,,,,,,,,,,{},False,False,,,0,baseline_unenforced,,,,,all_participants,configured_normalized_ciphertext_noise_proxy_sigma_over_scale,,,,not_applicable,0,0,0,False,,{},True,,strict_experiment_side_plaintext_oracle_comparison__max_coordinate_and_rmse_numeric_acceptance_envelope__relative_l2_diagnostic_only__no_plaintext_fallback_after_protected_aggregation_failure,custom_reference_prototype_numeric_acceptance_envelope__max_abs_and_rmse_are_acceptance_gates__relative_l2_is_diagnostic_only__not_a_formal_he_security_or_precision_proof,True,True,PASSED_PROTECTED_MAX_ABS_RMSE_ENVELOPE,1.5885151156643205e-06,2.23073342221769e-07,7.056514936573823e-08,0.24330976583130456,0.24330967825166885,0.001,0.0002,5e-05,True,True,True,True,finite_and_max_abs_and_rmse,0.9988062216916541,0.7094017094017094,0.6102941176470589,0.8469387755102041,0.9230033635570154,0.7183937736365246,0.9787085979580352,0.7241082050671389,0.7241082050671389,0.8877551020408163,0.0022158131682611143,0.8877551020408163,0.0022158131682611143,56811,53,15,83,0.0009320483961733258,0.15306122448979592,0.8469387755102041,0.012555811816406087,0.012555811816406087,fpr,0.005,0.9989466523294345,0.7473684210526316,0.6396396396396397,0.8987341772151899,0.9489274315401075,0.7577239277086468,0.9827518080201241,0.8213230771256845,0.8213230771256845,0.8987341772151899,0.0008793141349747197,0.8987341772151899,0.0008793141349747197,45450,40,8,71,0.0008793141349747197,0.10126582278481013,0.8987341772151899,0.012555811816406087,fpr,0.005,1.0,False,B0_Plain_FL,NOT_FINAL_ROUND,,,,,,,,,,,,,,,,,,,,False,0.9982795547909132,11.442429129999937,714.5041390001552,3.1247160000020813,0.0,0.0,6500.982964999821,4010.7335669999884,240,573440,28672.0,860160,286720,1146880,,not_modelled__session_or_evaluation_key_material_excluded_from_round_payload,actual_generated_protocol_object_bytes,xMK_ciphertext_uplink_plus_partial_decryption_share_uplink_plus_aggregate_c1_polynomial_broadcast,sum_of_actual_generated_client_update_objects_before_auxiliary_decryption_share_or_downlink_traffic,False,525.5858265999905,10511.71653199981,10511.71653199981,measured_sum_of_client_protection_plus_server_protected_aggregation_plus_authorized_recovery_or_decryption_ms_per_round,local_training__validation_test_evaluation__transport_latency__serialization_framing_not_explicitly_in_crypto_functions,2.910383045673371e-12,3.2000000000000006,20,20,0,"B1: xMK submit share (round-level finalize), noise=0.000",179.2,xmk_ckks,20,20,False,0,0,False,not_applicable,0,[],0,,True,0.0017204452090867595,0.0017281485220215498,3.9572916666666664,0,0,0,0,0,0,0,0,0,0,0,0,0,20,0,20,0,1,fixed_execution_host_runtime_payload_and_machine_specification__no_unmeasured_absolute_energy_or_carbon_claim,sequential_single_host_wall_clock_and_generated_protocol_object_bytes__machine_specification_recorded__transport_network_facility_energy_not_measured,runtime_payload_measured__energy_not_instrumented,not_reported_without_direct_hardware_energy_instrumentation,not_reported,False,,,,,,,not_reported,0,0.25,not_probed,0,,not_reported__no_valid_colab_network_or_device_energy_scope,,not_reported__no_direct_facility_or_grid_carbon_measurement,11.442373180000004,Absolute energy and carbon are not reported because direct hardware energy instrumentation is disabled.,False,,,,BASELINE
7,B1_xMK_CKKS,5,custom_xmk_reference_prototype,comparative_experiment,main_comparative,Custom xMK reference prototype with all-participant collaborative decryption; not a t-of-n threshold-CKKS security claim.,custom_xmk_reference_python,custom_reference_python_prototype,False,,,,,,,,,,{},False,False,,,0,baseline_unenforced,,,,,all_participants,configured_normalized_ciphertext_noise_proxy_sigma_over_scale,,,,not_applicable,0,0,0,False,,{},True,,strict_experiment_side_plaintext_oracle_comparison__max_coordinate_and_rmse_numeric_acceptance_envelope__relative_l2_diagnostic_only__no_plaintext_fallback_after_protected_aggregation_failure,custom_reference_prototype_numeric_acceptance_envelope__max_abs_and_rmse_are_acceptance_gates__relative_l2_is_diagnostic_only__not_a_formal_he_security_or_precision_proof,True,True,PASSED_PROTECTED_MAX_ABS_RMSE_ENVELOPE,2.522319992275719e-06,2.3485393439368063e-07,8.524336324874237e-08,0.18510622391953463,0.18510628830935427,0.001,0.0002,5e-05,True,True,True,True,finite_and_max_abs_and_rmse,0.9988413328183702,0.7226890756302521,0.6142857142857143,0.8775510204081632,0.9383006930965971,0.7336883417972658,0.9801992652716686,0.7257096313572758,0.7257096313572758,0.8877551020408163,0.0019696117051209903,0.8877551020408163,0.0019696117051209903,56810,54,12,86,0.0009496342149690489,0.12244897959183673,0.8775510204081632,0.017420020724246272,0.017420020724246272,fpr,0.005,0.999100265531392,0.7759562841530054,0.6826923076923077,0.8987341772151899,0.9490043715269179,0.7828829081845824,0.9843668520832232,0.8227621073684417,0.8227621073684417,0.8987341772151899,0.0007254341613541438,0.8987341772151899,0.0007254341613541438,45457,33,8,71,0.0007254341613541438,0.10126582278481013,0.8987341772151899,0.017420020724246272,fpr,0.005,1.0,False,B0_Plain_FL,NOT_FINAL_ROUND,,,,,,,,,,,,,,,,,,,,False,0.9982795547909132,10.835407824999947,804.0597349997824,3.231136999829687,0.0,0.0,6646.43330199965,3216.471900999977,240,573440,28672.0,860160,286720,1146880,,not_modelled__session_or_evaluation_key_material_excluded_from_round_payload,actual_generated_protocol_object_bytes,xMK_ciphertext_uplink_plus_partial_decryption_share_uplink_plus_aggregate_c1_polynomial_broadcast,sum_of_actual_generated_client_update_objects_before_auxiliary_decryption_share_or_downlink_traffic,False,493.14526014998125,9862.905202999626,9862.905202999626,measured_sum_of_client_protection_plus_server_protected_aggregation_plus_authorized_recovery_or_decryption_ms_per_round,local_training__validation_test_evaluation__transport_latency__serialization_framing_not_explicitly_in_crypto_functions,2.910383045673371e-12,3.2000000000000006,20,20,0,"B1: xMK submit share (round-level finalize), noise=0.000",179.2,xmk_ckks,20,20,False,0,0,False,not_applicable,0,[],0,,True,0.0017204452090867595,0.0017281485220215498,3.9572916666666664,0,0,0,0,0,0,0,0,0,0,0,0,0,20,0,20,0,1,fixed_execution_host_runtime_payload_and_machine_specification__no_unmeasured_absolute_energy_or_carbon_claim,sequential_single_host_wall_clock_and_generated_protocol_object_bytes__machine_specification_recorded__transport_network_facility_energy_not_measured,runtime_payload_measured__energy_not_instrumented,not_reported_without_direct_hardware_energy_instrumentation,not_reported,False,,,,,,,not_reported,0,0.25,not_probed,0,,not_reported__no_valid_colab_network_or_device_energy_scope,,not_reported__no_direct_facility_or_grid_carbon_measurement,10.835376071999917,Absolute energy and carbon are not reported because direct hardware energy instrumentation is disabled.,False,,,,BASELINE
7,B1_xMK_CKKS,6,custom_xmk_reference_prototype,comparative_experiment,main_comparative,Custom xMK reference prototype with all-participant collaborative decryption; not a t-of-n threshold-CKKS security claim.,custom_xmk_reference_python,custom_reference_python_prototype,False,,,,,,,,,,{},False,False,,,0,baseline_unenforced,,,,,all_participants,configured_normalized_ciphertext_noise_proxy_sigma_over_scale,,,,not_applicable,0,0,0,False,,{},True,,strict_experiment_side_plaintext_oracle_comparison__max_coordinate_and_rmse_numeric_acceptance_envelope__relative_l2_diagnostic_only__no_plaintext_fallback_after_protected_aggregation_failure,custom_reference_prototype_numeric_acceptance_envelope__max_abs_and_rmse_are_acceptance_gates__relative_l2_is_diagnostic_only__not_a_formal_he_security_or_precision_proof,True,True,PASSED_PROTECTED_MAX_ABS_RMSE_ENVELOPE,3.2632501639693287e-06,1.8474828274769178e-07,8.342788617236193e-08,0.14003013218473903,0.14003019089200505,0.001,0.0002,5e-05,True,True,True,True,finite_and_max_abs_and_rmse,0.9988764439450862,0.7288135593220338,0.6231884057971014,0.8775510204081632,0.9383182789153928,0.739002444010833,0.9805619279225477,0.7265532850921599,0.7265532850921599,0.8877551020408163,0.0018816826111423747,0.8877551020408163,0.0018816826111423747,56812,52,12,86,0.0009144625773776027,0.12244897959183673,0.8775510204081632,0.022737836709138128,0.022737836709138128,fpr,0.005,0.999100265531392,0.7759562841530054,0.6826923076923077,0.8987341772151899,0.9490043715269179,0.7828829081845824,0.9850661294317015,0.823204249219875,0.823204249219875,0.8987341772151899,0.0007254341613541438,0.8987341772151899,0.0007254341613541438,45457,33,8,71,0.0007254341613541438,0.10126582278481013,0.8987341772151899,0.022737836709138128,fpr,0.005,1.0,False,B0_Plain_FL,NOT_FINAL_ROUND,,,,,,,,,,,,,,,,,,,,False,0.9982795547909132,11.73150874299995,947.227704999932,3.486585000246123,0.0,0.0,7372.773097999243,3240.966379999918,240,573440,28672.0,860160,286720,1146880,,not_modelled__session_or_evaluation_key_material_excluded_from_round_payload,actual_generated_protocol_object_bytes,xMK_ciphertext_uplink_plus_partial_decryption_share_uplink_plus_aggregate_c1_polynomial_broadcast,sum_of_actual_generated_client_update_objects_before_auxiliary_decryption_share_or_downlink_traffic,False,530.686973899958,10613.739477999161,10613.739477999161,measured_sum_of_client_protection_plus_server_protected_aggregation_plus_authorized_recovery_or_decryption_ms_per_round,local_training__validation_test_evaluation__transport_latency__serialization_framing_not_explicitly_in_crypto_functions,2.910383045673371e-12,3.2000000000000006,20,20,0,"B1: xMK submit share (round-level finalize), noise=0.000",179.2,xmk_ckks,20,20,False,0,0,False,not_applicable,0,[],0,,True,0.0017204452090867595,0.0017281485220215498,3.9572916666666664,0,0,0,0,0,0,0,0,0,0,0,0,0,20,0,20,0,1,fixed_execution_host_runtime_payload_and_machine_specification__no_unmeasured_absolute_energy_or_carbon_claim,sequential_single_host_wall_clock_and_generated_protocol_object_bytes__machine_specification_recorded__transport_network_facility_energy_not_measured,runtime_payload_measured__energy_not_instrumented,not_reported_without_direct_hardware_energy_instrumentation,not_reported,False,,,,,,,not_reported,0,0.25,not_probed,0,,not_reported__no_valid_colab_network_or_device_energy_scope,,not_reported__no_direct_facility_or_grid_carbon_measurement,11.731480380999983,Absolute energy and carbon are not reported because direct hardware energy instrumentation is disabled.,False,,,,BASELINE
7,B1_xMK_CKKS,7,custom_xmk_reference_prototype,comparative_experiment,main_comparative,Custom xMK reference prototype with all-participant collaborative decryption; not a t-of-n threshold-CKKS security claim.,custom_xmk_reference_python,custom_reference_python_prototype,False,,,,,,,,,,{},False,False,,,0,baseline_unenforced,,,,,all_participants,configured_normalized_ciphertext_noise_proxy_sigma_over_scale,,,,not_applicable,0,0,0,False,,{},True,,strict_experiment_side_plaintext_oracle_comparison__max_coordinate_and_rmse_numeric_acceptance_envelope__relative_l2_diagnostic_only__no_plaintext_fallback_after_protected_aggregation_failure,custom_reference_prototype_numeric_acceptance_envelope__max_abs_and_rmse_are_acceptance_gates__relative_l2_is_diagnostic_only__not_a_formal_he_security_or_precision_proof,True,True,PASSED_PROTECTED_MAX_ABS_RMSE_ENVELOPE,3.637140328193677e-06,2.0582423106943904e-07,6.928986424551113e-08,0.10434467254174219,0.10434466255663961,0.001,0.0002,5e-05,True,True,True,True,finite_and_max_abs_and_rmse,0.9988588883817282,0.7257383966244726,0.6187050359712231,0.8775510204081632,0.938309486005995,0.7363310711789569,0.9805723358561207,0.7266860122213736,0.7266860122213736,0.8877551020408163,0.0018465109735509285,0.8877551020408163,0.0018465109735509285,56811,53,12,86,0.0009320483961733258,0.12244897959183673,0.8775510204081632,0.02815507128529316,0.02815507128529316,fpr,0.005,0.9991222102745287,0.7802197802197802,0.6893203883495146,0.8987341772151899,0.9490153629536051,0.7866847368188982,0.985340497702931,0.8234861155515263,0.8234861155515263,0.8987341772151899,0.0007034513079797758,0.8987341772151899,0.0007034513079797758,45458,32,8,71,0.0007034513079797758,0.10126582278481013,0.8987341772151899,0.02815507128529316,fpr,0.005,1.0,False,B0_Plain_FL,NOT_FINAL_ROUND,,,,,,,,,,,,,,,,,,,,False,0.9982795547909132,11.854194489000065,757.4889089999033,3.463459000158764,0.0,0.0,7567.066042000533,3358.8726250000036,240,573440,28672.0,860160,286720,1146880,,not_modelled__session_or_evaluation_key_material_excluded_from_round_payload,actual_generated_protocol_object_bytes,xMK_ciphertext_uplink_plus_partial_decryption_share_uplink_plus_aggregate_c1_polynomial_broadcast,sum_of_actual_generated_client_update_objects_before_auxiliary_decryption_share_or_downlink_traffic,False,546.2969333500268,10925.938667000537,10925.938667000537,measured_sum_of_client_protection_plus_server_protected_aggregation_plus_authorized_recovery_or_decryption_ms_per_round,local_training__validation_test_evaluation__transport_latency__serialization_framing_not_explicitly_in_crypto_functions,2.910383045673371e-12,3.2000000000000006,20,20,0,"B1: xMK submit share (round-level finalize), noise=0.000",179.2,xmk_ckks,20,20,False,0,0,False,not_applicable,0,[],0,,True,0.0017204452090867595,0.0017281485220215498,3.9572916666666664,0,0,0,0,0,0,0,0,0,0,0,0,0,20,0,20,0,1,fixed_execution_host_runtime_payload_and_machine_specification__no_unmeasured_absolute_energy_or_carbon_claim,sequential_single_host_wall_clock_and_generated_protocol_object_bytes__machine_specification_recorded__transport_network_facility_energy_not_measured,runtime_payload_measured__energy_not_instrumented,not_reported_without_direct_hardware_energy_instrumentation,not_reported,False,,,,,,,not_reported,0,0.25,not_probed,0,,not_reported__no_valid_colab_network_or_device_energy_scope,,not_reported__no_direct_facility_or_grid_carbon_measurement,11.854167826000094,Absolute energy and carbon are not reported because direct hardware energy instrumentation is disabled.,False,,,,BASELINE
7,B1_xMK_CKKS,8,custom_xmk_reference_prototype,comparative_experiment,main_comparative,Custom xMK reference prototype with all-participant collaborative decryption; not a t-of-n threshold-CKKS security claim.,custom_xmk_reference_python,custom_reference_python_prototype,False,,,,,,,,,,{},False,False,,,0,baseline_unenforced,,,,,all_participants,configured_normalized_ciphertext_noise_proxy_sigma_over_scale,,,,not_applicable,0,0,0,False,,{},True,,strict_experiment_side_plaintext_oracle_comparison__max_coordinate_and_rmse_numeric_acceptance_envelope__relative_l2_diagnostic_only__no_plaintext_fallback_after_protected_aggregation_failure,custom_reference_prototype_numeric_acceptance_envelope__max_abs_and_rmse_are_acceptance_gates__relative_l2_is_diagnostic_only__not_a_formal_he_security_or_precision_proof,True,True,PASSED_PROTECTED_MAX_ABS_RMSE_ENVELOPE,5.821561367375629e-06,2.1219114725197497e-07,8.123299170344566e-08,0.07642819367733064,0.07642814222786812,0.001,0.0002,5e-05,True,True,True,True,finite_and_max_abs_and_rmse,0.9988413328183702,0.7226890756302521,0.6142857142857143,0.8775510204081632,0.9383006930965971,0.7336883417972658,0.9803751234596259,0.7270613238680131,0.7270613238680131,0.8877551020408163,0.0018465109735509285,0.8877551020408163,0.0018465109735509285,56810,54,12,86,0.0009496342149690489,0.12244897959183673,0.8775510204081632,0.03349328044857706,0.03349328044857706,fpr,0.005,0.9990563760451184,0.7675675675675676,0.6698113207547169,0.8987341772151899,0.9489823886735436,0.7754411396718406,0.9853026538034511,0.8235746832800446,0.8235746832800446,0.8987341772151899,0.0007693998681028798,0.8987341772151899,0.0007693998681028798,45455,35,8,71,0.0007693998681028798,0.10126582278481013,0.8987341772151899,0.03349328044857706,fpr,0.005,1.0,False,B0_Plain_FL,NOT_FINAL_ROUND,,,,,,,,,,,,,,,,,,,,False,0.9982795547909132,11.73670720799987,838.3919420004986,3.5102809999898454,0.0,0.0,7486.967889000425,3241.58188399997,240,573440,28672.0,860160,286720,1146880,,not_modelled__session_or_evaluation_key_material_excluded_from_round_payload,actual_generated_protocol_object_bytes,xMK_ciphertext_uplink_plus_partial_decryption_share_uplink_plus_aggregate_c1_polynomial_broadcast,sum_of_actual_generated_client_update_objects_before_auxiliary_decryption_share_or_downlink_traffic,False,536.4274886500198,10728.549773000395,10728.549773000395,measured_sum_of_client_protection_plus_server_protected_aggregation_plus_authorized_recovery_or_decryption_ms_per_round,local_training__validation_test_evaluation__transport_latency__serialization_framing_not_explicitly_in_crypto_functions,2.910383045673371e-12,3.2000000000000006,20,20,0,"B1: xMK submit share (round-level finalize), noise=0.000",179.2,xmk_ckks,20,20,False,0,0,False,not_applicable,0,[],0,,True,0.0017204452090867595,0.0017281485220215498,3.9572916666666664,0,0,0,0,0,0,0,0,0,0,0,0,0,20,0,20,0,1,fixed_execution_host_runtime_payload_and_machine_specification__no_unmeasured_absolute_energy_or_carbon_claim,sequential_single_host_wall_clock_and_generated_protocol_object_bytes__machine_specification_recorded__transport_network_facility_energy_not_measured,runtime_payload_measured__energy_not_instrumented,not_reported_without_direct_hardware_energy_instrumentation,not_reported,False,,,,,,,not_reported,0,0.25,not_probed,0,,not_reported__no_valid_colab_network_or_device_energy_scope,,not_reported__no_direct_facility_or_grid_carbon_measurement,11.736681297999894,Absolute energy and carbon are not reported because direct hardware energy instrumentation is disabled.,False,,,,BASELINE
7,B1_xMK_CKKS,9,custom_xmk_reference_prototype,comparative_experiment,main_comparative,Custom xMK reference prototype with all-participant collaborative decryption; not a t-of-n threshold-CKKS security claim.,custom_xmk_reference_python,custom_reference_python_prototype,False,,,,,,,,,,{},False,False,,,0,baseline_unenforced,,,,,all_participants,configured_normalized_ciphertext_noise_proxy_sigma_over_scale,,,,not_applicable,0,0,0,False,,{},True,,strict_experiment_side_plaintext_oracle_comparison__max_coordinate_and_rmse_numeric_acceptance_envelope__relative_l2_diagnostic_only__no_plaintext_fallback_after_protected_aggregation_failure,custom_reference_prototype_numeric_acceptance_envelope__max_abs_and_rmse_are_acceptance_gates__relative_l2_is_diagnostic_only__not_a_formal_he_security_or_precision_proof,True,True,PASSED_PROTECTED_MAX_ABS_RMSE_ENVELOPE,6.789086793046086e-06,2.0115448905524969e-07,6.780764396496122e-08,0.054705113224139165,0.05470519594202364,0.001,0.0002,5e-05,True,True,True,True,finite_and_max_abs_and_rmse,0.9988062216916541,0.7166666666666667,0.6056338028169014,0.8775510204081632,0.9382831072778014,0.7284867912883576,0.9802771453263354,0.727302844758381,0.727302844758381,0.8877551020408163,0.0018113393359594824,0.8877551020408163,0.0018113393359594824,56808,56,12,86,0.0009848058525604951,0.12244897959183673,0.8775510204081632,0.03814644857802276,0.03814644857802276,fpr,0.005,0.9990563760451184,0.7675675675675676,0.6698113207547169,0.8987341772151899,0.9489823886735436,0.7754411396718406,0.9850152071257837,0.8235843129999072,0.8235843129999072,0.8987341772151899,0.0007693998681028798,0.8987341772151899,0.0007693998681028798,45455,35,8,71,0.0007693998681028798,0.10126582278481013,0.8987341772151899,0.03814644857802276,fpr,0.005,1.0,False,B0_Plain_FL,NOT_FINAL_ROUND,,,,,,,,,,,,,,,,,,,,False,0.9982795547909132,11.77173352900013,813.1213799997568,3.3685050004805817,0.0,0.0,7025.245038000094,3748.7027570000464,240,573440,28672.0,860160,286720,1146880,,not_modelled__session_or_evaluation_key_material_excluded_from_round_payload,actual_generated_protocol_object_bytes,xMK_ciphertext_uplink_plus_partial_decryption_share_uplink_plus_aggregate_c1_polynomial_broadcast,sum_of_actual_generated_client_update_objects_before_auxiliary_decryption_share_or_downlink_traffic,False,538.6973897500069,10773.947795000138,10773.947795000138,measured_sum_of_client_protection_plus_server_protected_aggregation_plus_authorized_recovery_or_decryption_ms_per_round,local_training__validation_test_evaluation__transport_latency__serialization_framing_not_explicitly_in_crypto_functions,2.910383045673371e-12,3.2000000000000006,20,20,0,"B1: xMK submit share (round-level finalize), noise=0.000",179.2,xmk_ckks,20,20,False,0,0,False,not_applicable,0,[],0,,True,0.0017204452090867595,0.0017281485220215498,3.9572916666666664,0,0,0,0,0,0,0,0,0,0,0,0,0,20,0,20,0,1,fixed_execution_host_runtime_payload_and_machine_specification__no_unmeasured_absolute_energy_or_carbon_claim,sequential_single_host_wall_clock_and_generated_protocol_object_bytes__machine_specification_recorded__transport_network_facility_energy_not_measured,runtime_payload_measured__energy_not_instrumented,not_reported_without_direct_hardware_energy_instrumentation,not_reported,False,,,,,,,not_reported,0,0.25,not_probed,0,,not_reported__no_valid_colab_network_or_device_energy_scope,,not_reported__no_direct_facility_or_grid_carbon_measurement,11.771690082000077,Absolute energy and carbon are not reported because direct hardware energy instrumentation is disabled.,False,,,,BASELINE
7,B1_xMK_CKKS,10,custom_xmk_reference_prototype,comparative_experiment,main_comparative,Custom xMK reference prototype with all-participant collaborative decryption; not a t-of-n threshold-CKKS security claim.,custom_xmk_reference_python,custom_reference_python_prototype,False,,,,,,,,,,{},False,False,,,0,baseline_unenforced,,,,,all_participants,configured_normalized_ciphertext_noise_proxy_sigma_over_scale,,,,not_applicable,0,0,0,False,,{},True,,strict_experiment_side_plaintext_oracle_comparison__max_coordinate_and_rmse_numeric_acceptance_envelope__relative_l2_diagnostic_only__no_plaintext_fallback_after_protected_aggregation_failure,custom_reference_prototype_numeric_acceptance_envelope__max_abs_and_rmse_are_acceptance_gates__relative_l2_is_diagnostic_only__not_a_formal_he_security_or_precision_proof,True,True,PASSED_PROTECTED_MAX_ABS_RMSE_ENVELOPE,1.087550875935808e-05,2.3701212396409592e-07,8.220517347934593e-08,0.0414009393523152,0.041400979611731205,0.001,0.0002,5e-05,True,True,True,True,finite_and_max_abs_and_rmse,0.9988237772550121,0.7196652719665272,0.6099290780141844,0.8775510204081632,0.9382919001871992,0.7310737472020886,0.9801531473591125,0.728208580829712,0.728208580829712,0.8877551020408163,0.0017234102419808666,0.8877551020408163,0.0017234102419808666,56809,55,12,86,0.0009672200337647721,0.12244897959183673,0.8775510204081632,0.04260230104638216,0.04260230104638216,fpr,0.005,0.9990563760451184,0.7675675675675676,0.6698113207547169,0.8987341772151899,0.9489823886735436,0.7754411396718406,0.9848724577108336,0.8237431069711403,0.8237431069711403,0.8987341772151899,0.0007693998681028798,0.8987341772151899,0.0007693998681028798,45455,35,8,71,0.0007693998681028798,0.10126582278481013,0.8987341772151899,0.04260230104638216,fpr,0.005,1.0,False,B0_Plain_FL,NOT_FINAL_ROUND,,,,,,,,,,,,,,,,,,,,False,0.9982795547909132,11.681458265999936,674.9532259998432,3.1287929998597974,0.0,0.0,6537.427468999567,4301.724748000197,240,573440,28672.0,860160,286720,1146880,,not_modelled__session_or_evaluation_key_material_excluded_from_round_payload,actual_generated_protocol_object_bytes,xMK_ciphertext_uplink_plus_partial_decryption_share_uplink_plus_aggregate_c1_polynomial_broadcast,sum_of_actual_generated_client_update_objects_before_auxiliary_decryption_share_or_downlink_traffic,False,541.9576108499882,10839.152216999764,10839.152216999764,measured_sum_of_client_protection_plus_server_protected_aggregation_plus_authorized_recovery_or_decryption_ms_per_round,local_training__validation_test_evaluation__transport_latency__serialization_framing_not_explicitly_in_crypto_functions,2.910383045673371e-12,3.2000000000000006,20,20,0,"B1: xMK submit share (round-level finalize), noise=0.000",179.2,xmk_ckks,20,20,False,0,0,False,not_applicable,0,[],0,,True,0.0017204452090867595,0.0017281485220215498,3.9572916666666664,0,0,0,0,0,0,0,0,0,0,0,0,0,20,0,20,0,1,fixed_execution_host_runtime_payload_and_machine_specification__no_unmeasured_absolute_energy_or_carbon_claim,sequential_single_host_wall_clock_and_generated_protocol_object_bytes__machine_specification_recorded__transport_network_facility_energy_not_measured,runtime_payload_measured__energy_not_instrumented,not_reported_without_direct_hardware_energy_instrumentation,not_reported,False,,,,,,,not_reported,0,0.25,not_probed,0,,not_reported__no_valid_colab_network_or_device_energy_scope,,not_reported__no_direct_facility_or_grid_carbon_measurement,11.681430851000187,Absolute energy and carbon are not reported because direct hardware energy instrumentation is disabled.,False,,,,BASELINE
7,B1_xMK_CKKS,11,custom_xmk_reference_prototype,comparative_experiment,main_comparative,Custom xMK reference prototype with all-participant collaborative decryption; not a t-of-n threshold-CKKS security claim.,custom_xmk_reference_python,custom_reference_python_prototype,False,,,,,,,,,,{},False,False,,,0,baseline_unenforced,,,,,all_participants,configured_normalized_ciphertext_noise_proxy_sigma_over_scale,,,,not_applicable,0,0,0,False,,{},True,,strict_experiment_side_plaintext_oracle_comparison__max_coordinate_and_rmse_numeric_acceptance_envelope__relative_l2_diagnostic_only__no_plaintext_fallback_after_protected_aggregation_failure,custom_reference_prototype_numeric_acceptance_envelope__max_abs_and_rmse_are_acceptance_gates__relative_l2_is_diagnostic_only__not_a_formal_he_security_or_precision_proof,True,True,PASSED_PROTECTED_MAX_ABS_RMSE_ENVELOPE,1.4892587541322648e-05,2.3089204189384593e-07,8.096469936979655e-08,0.029777358757787854,0.029777559325206412,0.001,0.0002,5e-05,True,True,True,True,finite_and_max_abs_and_rmse,0.9988237772550121,0.7196652719665272,0.6099290780141844,0.8775510204081632,0.9382919001871992,0.7310737472020886,0.9800578609327805,0.7280743694005065,0.7280743694005065,0.8877551020408163,0.0017234102419808666,0.8877551020408163,0.0017234102419808666,56809,55,12,86,0.0009672200337647721,0.12244897959183673,0.8775510204081632,0.046071300602846525,0.046071300602846525,fpr,0.005,0.9990563760451184,0.7675675675675676,0.6698113207547169,0.8987341772151899,0.9489823886735436,0.7754411396718406,0.9847305430877838,0.8237455206388566,0.8237455206388566,0.8987341772151899,0.0007693998681028798,0.8987341772151899,0.0007693998681028798,45455,35,8,71,0.0007693998681028798,0.10126582278481013,0.8987341772151899,0.046071300602846525,fpr,0.005,1.0,False,B0_Plain_FL,NOT_FINAL_ROUND,,,,,,,,,,,,,,,,,,,,False,0.9982795547909132,10.93626625800016,695.4437389999839,3.2424990001800325,0.0,0.0,6466.6394790001505,3524.2664890001834,240,573440,28672.0,860160,286720,1146880,,not_modelled__session_or_evaluation_key_material_excluded_from_round_payload,actual_generated_protocol_object_bytes,xMK_ciphertext_uplink_plus_partial_decryption_share_uplink_plus_aggregate_c1_polynomial_broadcast,sum_of_actual_generated_client_update_objects_before_auxiliary_decryption_share_or_downlink_traffic,False,499.5452984000167,9990.905968000334,9990.905968000334,measured_sum_of_client_protection_plus_server_protected_aggregation_plus_authorized_recovery_or_decryption_ms_per_round,local_training__validation_test_evaluation__transport_latency__serialization_framing_not_explicitly_in_crypto_functions,2.910383045673371e-12,3.2000000000000006,20,20,0,"B1: xMK submit share (round-level finalize), noise=0.000",179.2,xmk_ckks,20,20,False,0,0,False,not_applicable,0,[],0,,True,0.0017204452090867595,0.0017281485220215498,3.9572916666666664,0,0,0,0,0,0,0,0,0,0,0,0,0,20,0,20,0,1,fixed_execution_host_runtime_payload_and_machine_specification__no_unmeasured_absolute_energy_or_carbon_claim,sequential_single_host_wall_clock_and_generated_protocol_object_bytes__machine_specification_recorded__transport_network_facility_energy_not_measured,runtime_payload_measured__energy_not_instrumented,not_reported_without_direct_hardware_energy_instrumentation,not_reported,False,,,,,,,not_reported,0,0.25,not_probed,0,,not_reported__no_valid_colab_network_or_device_energy_scope,,not_reported__no_direct_facility_or_grid_carbon_measurement,10.936234098000114,Absolute energy and carbon are not reported because direct hardware energy instrumentation is disabled.,False,,,,BASELINE
7,B1_xMK_CKKS,12,custom_xmk_reference_prototype,comparative_experiment,main_comparative,Custom xMK reference prototype with all-participant collaborative decryption; not a t-of-n threshold-CKKS security claim.,custom_xmk_reference_python,custom_reference_python_prototype,False,,,,,,,,,,{},False,False,,,0,baseline_unenforced,,,,,all_participants,configured_normalized_ciphertext_noise_proxy_sigma_over_scale,,,,not_applicable,0,0,0,False,,{},True,,strict_experiment_side_plaintext_oracle_comparison__max_coordinate_and_rmse_numeric_acceptance_envelope__relative_l2_diagnostic_only__no_plaintext_fallback_after_protected_aggregation_failure,custom_reference_prototype_numeric_acceptance_envelope__max_abs_and_rmse_are_acceptance_gates__relative_l2_is_diagnostic_only__not_a_formal_he_security_or_precision_proof,True,True,PASSED_PROTECTED_MAX_ABS_RMSE_ENVELOPE,2.1815340454952116e-05,2.3454205299732085e-07,8.32118205063533e-08,0.0208921750427567,0.02089210858319778,0.001,0.0002,5e-05,True,True,True,True,finite_and_max_abs_and_rmse,0.9988237772550121,0.7196652719665272,0.6099290780141844,0.8775510204081632,0.9382919001871992,0.7310737472020886,0.9798959996210076,0.7281736910673622,0.7281736910673622,0.8877551020408163,0.0017234102419808666,0.8877551020408163,0.0017234102419808666,56809,55,12,86,0.0009672200337647721,0.12244897959183673,0.8775510204081632,0.04861625918591431,0.04861625918591431,fpr,0.005,0.9990563760451184,0.7675675675675676,0.6698113207547169,0.8987341772151899,0.9489823886735436,0.7754411396718406,0.9845986459675378,0.8237463281026933,0.8237463281026933,0.8987341772151899,0.0007693998681028798,0.8987341772151899,0.0007693998681028798,45455,35,8,71,0.0007693998681028798,0.10126582278481013,0.8987341772151899,0.04861625918591431,fpr,0.005,1.0,False,B0_Plain_FL,NOT_FINAL_ROUND,,,,,,,,,,,,,,,,,,,,False,0.9982795547909132,11.42120851300001,905.8289679999234,3.4161600003699277,0.0,0.0,7100.494554000079,3245.496328999934,240,573440,28672.0,860160,286720,1146880,,not_modelled__session_or_evaluation_key_material_excluded_from_round_payload,actual_generated_protocol_object_bytes,xMK_ciphertext_uplink_plus_partial_decryption_share_uplink_plus_aggregate_c1_polynomial_broadcast,sum_of_actual_generated_client_update_objects_before_auxiliary_decryption_share_or_downlink_traffic,False,517.2995441500008,10345.990883000015,10345.990883000015,measured_sum_of_client_protection_plus_server_protected_aggregation_plus_authorized_recovery_or_decryption_ms_per_round,local_training__validation_test_evaluation__transport_latency__serialization_framing_not_explicitly_in_crypto_functions,2.910383045673371e-12,3.2000000000000006,20,20,0,"B1: xMK submit share (round-level finalize), noise=0.000",179.2,xmk_ckks,20,20,False,0,0,False,not_applicable,0,[],0,,True,0.0017204452090867595,0.0017281485220215498,3.9572916666666664,0,0,0,0,0,0,0,0,0,0,0,0,0,20,0,20,0,1,fixed_execution_host_runtime_payload_and_machine_specification__no_unmeasured_absolute_energy_or_carbon_claim,sequential_single_host_wall_clock_and_generated_protocol_object_bytes__machine_specification_recorded__transport_network_facility_energy_not_measured,runtime_payload_measured__energy_not_instrumented,not_reported_without_direct_hardware_energy_instrumentation,not_reported,False,,,,,,,not_reported,0,0.25,not_probed,0,,not_reported__no_valid_colab_network_or_device_energy_scope,,not_reported__no_direct_facility_or_grid_carbon_measurement,11.421175435000123,Absolute energy and carbon are not reported because direct hardware energy instrumentation is disabled.,False,,,,BASELINE
7,B1_xMK_CKKS,13,custom_xmk_reference_prototype,comparative_experiment,main_comparative,Custom xMK reference prototype with all-participant collaborative decryption; not a t-of-n threshold-CKKS security claim.,custom_xmk_reference_python,custom_reference_python_prototype,False,,,,,,,,,,{},False,False,,,0,baseline_unenforced,,,,,all_participants,configured_normalized_ciphertext_noise_proxy_sigma_over_scale,,,,not_applicable,0,0,0,False,,{},True,,strict_experiment_side_plaintext_oracle_comparison__max_coordinate_and_rmse_numeric_acceptance_envelope__relative_l2_diagnostic_only__no_plaintext_fallback_after_protected_aggregation_failure,custom_reference_prototype_numeric_acceptance_envelope__max_abs_and_rmse_are_acceptance_gates__relative_l2_is_diagnostic_only__not_a_formal_he_security_or_precision_proof,True,True,PASSED_PROTECTED_MAX_ABS_RMSE_ENVELOPE,2.54039252450854e-05,1.727255886015697e-07,7.352190500970703e-08,0.015851725846901837,0.015851666478498894,0.001,0.0002,5e-05,True,True,True,True,finite_and_max_abs_and_rmse,0.9988237772550121,0.7196652719665272,0.6099290780141844,0.8775510204081632,0.9382919001871992,0.7310737472020886,0.9797651826628232,0.7282753097241215,0.7282753097241215,0.8877551020408163,0.0016882386043894203,0.8877551020408163,0.0016882386043894203,56809,55,12,86,0.0009672200337647721,0.12244897959183673,0.8775510204081632,0.05091045183659702,0.05091045183659702,fpr,0.005,0.9990563760451184,0.7675675675675676,0.6698113207547169,0.8987341772151899,0.9489823886735436,0.7754411396718406,0.9845196190009767,0.8237517358838391,0.8237517358838391,0.8987341772151899,0.0007693998681028798,0.8987341772151899,0.0007693998681028798,45455,35,8,71,0.0007693998681028798,0.10126582278481013,0.8987341772151899,0.05091045183659702,fpr,0.005,1.0,False,B0_Plain_FL,NOT_FINAL_ROUND,,,,,,,,,,,,,,,,,,,,False,0.9982795547909132,11.649917603999938,841.2658890001694,3.382452999630914,0.0,0.0,7414.010444000496,3223.482026999818,240,573440,28672.0,860160,286720,1146880,,not_modelled__session_or_evaluation_key_material_excluded_from_round_payload,actual_generated_protocol_object_bytes,xMK_ciphertext_uplink_plus_partial_decryption_share_uplink_plus_aggregate_c1_polynomial_broadcast,sum_of_actual_generated_client_update_objects_before_auxiliary_decryption_share_or_downlink_traffic,False,531.8746235500156,10637.492471000312,10637.492471000312,measured_sum_of_client_protection_plus_server_protected_aggregation_plus_authorized_recovery_or_decryption_ms_per_round,local_training__validation_test_evaluation__transport_latency__serialization_framing_not_explicitly_in_crypto_functions,2.910383045673371e-12,3.2000000000000006,20,20,0,"B1: xMK submit share (round-level finalize), noise=0.000",179.2,xmk_ckks,20,20,False,0,0,False,not_applicable,0,[],0,,True,0.0017204452090867595,0.0017281485220215498,3.9572916666666664,0,0,0,0,0,0,0,0,0,0,0,0,0,20,0,20,0,1,fixed_execution_host_runtime_payload_and_machine_specification__no_unmeasured_absolute_energy_or_carbon_claim,sequential_single_host_wall_clock_and_generated_protocol_object_bytes__machine_specification_recorded__transport_network_facility_energy_not_measured,runtime_payload_measured__energy_not_instrumented,not_reported_without_direct_hardware_energy_instrumentation,not_reported,False,,,,,,,not_reported,0,0.25,not_probed,0,,not_reported__no_valid_colab_network_or_device_energy_scope,,not_reported__no_direct_facility_or_grid_carbon_measurement,11.649889612000152,Absolute energy and carbon are not reported because direct hardware energy instrumentation is disabled.,False,,,,BASELINE
7,B1_xMK_CKKS,14,custom_xmk_reference_prototype,comparative_experiment,main_comparative,Custom xMK reference prototype with all-participant collaborative decryption; not a t-of-n threshold-CKKS security claim.,custom_xmk_reference_python,custom_reference_python_prototype,False,,,,,,,,,,{},False,False,,,0,baseline_unenforced,,,,,all_participants,configured_normalized_ciphertext_noise_proxy_sigma_over_scale,,,,not_applicable,0,0,0,False,,{},True,,strict_experiment_side_plaintext_oracle_comparison__max_coordinate_and_rmse_numeric_acceptance_envelope__relative_l2_diagnostic_only__no_plaintext_fallback_after_protected_aggregation_failure,custom_reference_prototype_numeric_acceptance_envelope__max_abs_and_rmse_are_acceptance_gates__relative_l2_is_diagnostic_only__not_a_formal_he_security_or_precision_proof,True,True,PASSED_PROTECTED_MAX_ABS_RMSE_ENVELOPE,3.847266645648364e-05,2.5535804991871046e-07,7.936312762721293e-08,0.011298664541722465,0.011298634818959848,0.001,0.0002,5e-05,True,True,True,True,finite_and_max_abs_and_rmse,0.9988237772550121,0.7196652719665272,0.6099290780141844,0.8775510204081632,0.9382919001871992,0.7310737472020886,0.9796833547712839,0.7284254517771986,0.7284254517771986,0.8877551020408163,0.001512380416432189,0.8877551020408163,0.001512380416432189,56809,55,12,86,0.0009672200337647721,0.12244897959183673,0.8775510204081632,0.052297719716335136,0.052297719716335136,fpr,0.005,0.9990563760451184,0.7675675675675676,0.6698113207547169,0.8987341772151899,0.9489823886735436,0.7754411396718406,0.984441426826316,0.8237546774218535,0.8237546774218535,0.8987341772151899,0.0007693998681028798,0.8987341772151899,0.0007693998681028798,45455,35,8,71,0.0007693998681028798,0.10126582278481013,0.8987341772151899,0.052297719716335136,fpr,0.005,1.0,False,B0_Plain_FL,NOT_FINAL_ROUND,,,,,,,,,,,,,,,,,,,,False,0.9982795547909132,11.683347524000055,758.4395920002862,3.385350000598919,0.0,0.0,7522.2624089997225,3230.4352740000013,240,573440,28672.0,860160,286720,1146880,,not_modelled__session_or_evaluation_key_material_excluded_from_round_payload,actual_generated_protocol_object_bytes,xMK_ciphertext_uplink_plus_partial_decryption_share_uplink_plus_aggregate_c1_polynomial_broadcast,sum_of_actual_generated_client_update_objects_before_auxiliary_decryption_share_or_downlink_traffic,False,537.6348841499863,10752.697682999726,10752.697682999726,measured_sum_of_client_protection_plus_server_protected_aggregation_plus_authorized_recovery_or_decryption_ms_per_round,local_training__validation_test_evaluation__transport_latency__serialization_framing_not_explicitly_in_crypto_functions,2.910383045673371e-12,3.2000000000000006,20,20,0,"B1: xMK submit share (round-level finalize), noise=0.000",179.2,xmk_ckks,20,20,False,0,0,False,not_applicable,0,[],0,,True,0.0017204452090867595,0.0017281485220215498,3.9572916666666664,0,0,0,0,0,0,0,0,0,0,0,0,0,20,0,20,0,1,fixed_execution_host_runtime_payload_and_machine_specification__no_unmeasured_absolute_energy_or_carbon_claim,sequential_single_host_wall_clock_and_generated_protocol_object_bytes__machine_specification_recorded__transport_network_facility_energy_not_measured,runtime_payload_measured__energy_not_instrumented,not_reported_without_direct_hardware_energy_instrumentation,not_reported,False,,,,,,,not_reported,0,0.25,not_probed,0,,not_reported__no_valid_colab_network_or_device_energy_scope,,not_reported__no_direct_facility_or_grid_carbon_measurement,11.683318905000078,Absolute energy and carbon are not reported because direct hardware energy instrumentation is disabled.,False,,,,BASELINE
7,B1_xMK_CKKS,15,custom_xmk_reference_prototype,comparative_experiment,main_comparative,Custom xMK reference prototype with all-participant collaborative decryption; not a t-of-n threshold-CKKS security claim.,custom_xmk_reference_python,custom_reference_python_prototype,False,,,,,,,,,,{},False,False,,,0,baseline_unenforced,,,,,all_participants,configured_normalized_ciphertext_noise_proxy_sigma_over_scale,,,,not_applicable,0,0,0,False,,{},True,,strict_experiment_side_plaintext_oracle_comparison__max_coordinate_and_rmse_numeric_acceptance_envelope__relative_l2_diagnostic_only__no_plaintext_fallback_after_protected_aggregation_failure,custom_reference_prototype_numeric_acceptance_envelope__max_abs_and_rmse_are_acceptance_gates__relative_l2_is_diagnostic_only__not_a_formal_he_security_or_precision_proof,True,True,PASSED_PROTECTED_MAX_ABS_RMSE_ENVELOPE,4.69091665517997e-05,2.1504181591490423e-07,6.733587612497347e-08,0.007862296644644953,0.007862403659778123,0.001,0.0002,5e-05,True,True,True,True,finite_and_max_abs_and_rmse,0.9988237772550121,0.7196652719665272,0.6099290780141844,0.8775510204081632,0.9382919001871992,0.7310737472020886,0.9795832232724265,0.7284535599998307,0.7284535599998307,0.8877551020408163,0.0014772087788407428,0.8877551020408163,0.0014772087788407428,56809,55,12,86,0.0009672200337647721,0.12244897959183673,0.8775510204081632,0.05321899850169828,0.05321899850169828,fpr,0.005,0.9990563760451184,0.7675675675675676,0.6698113207547169,0.8987341772151899,0.9489823886735436,0.7754411396718406,0.9844202787648418,0.823407907531677,0.823407907531677,0.8987341772151899,0.0007693998681028798,0.8987341772151899,0.0007693998681028798,45455,35,8,71,0.0007693998681028798,0.10126582278481013,0.8987341772151899,0.05321899850169828,fpr,0.005,1.0,False,B0_Plain_FL,NOT_FINAL_ROUND,,,,,,,,,,,,,,,,,,,,False,0.9982795547909132,11.716655758000115,865.3010780003569,3.458384999248665,0.0,0.0,7302.004415999818,3375.802336999868,240,573440,28672.0,860160,286720,1146880,,not_modelled__session_or_evaluation_key_material_excluded_from_round_payload,actual_generated_protocol_object_bytes,xMK_ciphertext_uplink_plus_partial_decryption_share_uplink_plus_aggregate_c1_polynomial_broadcast,sum_of_actual_generated_client_update_objects_before_auxiliary_decryption_share_or_downlink_traffic,False,533.8903376499844,10677.806752999688,10677.806752999688,measured_sum_of_client_protection_plus_server_protected_aggregation_plus_authorized_recovery_or_decryption_ms_per_round,local_training__validation_test_evaluation__transport_latency__serialization_framing_not_explicitly_in_crypto_functions,2.910383045673371e-12,3.2000000000000006,20,20,0,"B1: xMK submit share (round-level finalize), noise=0.000",179.2,xmk_ckks,20,20,False,0,0,False,not_applicable,0,[],0,,True,0.0017204452090867595,0.0017281485220215498,3.9572916666666664,0,0,0,0,0,0,0,0,0,0,0,0,0,20,0,20,0,1,fixed_execution_host_runtime_payload_and_machine_specification__no_unmeasured_absolute_energy_or_carbon_claim,sequential_single_host_wall_clock_and_generated_protocol_object_bytes__machine_specification_recorded__transport_network_facility_energy_not_measured,runtime_payload_measured__energy_not_instrumented,not_reported_without_direct_hardware_energy_instrumentation,not_reported,False,,,,,,,not_reported,0,0.25,not_probed,0,,not_reported__no_valid_colab_network_or_device_energy_scope,,not_reported__no_direct_facility_or_grid_carbon_measurement,11.716625217,Absolute energy and carbon are not reported because direct hardware energy instrumentation is disabled.,False,,,,BASELINE
7,B1_xMK_CKKS,16,custom_xmk_reference_prototype,comparative_experiment,main_comparative,Custom xMK reference prototype with all-participant collaborative decryption; not a t-of-n threshold-CKKS security claim.,custom_xmk_reference_python,custom_reference_python_prototype,False,,,,,,,,,,{},False,False,,,0,baseline_unenforced,,,,,all_participants,configured_normalized_ciphertext_noise_proxy_sigma_over_scale,,,,not_applicable,0,0,0,False,,{},True,,strict_experiment_side_plaintext_oracle_comparison__max_coordinate_and_rmse_numeric_acceptance_envelope__relative_l2_diagnostic_only__no_plaintext_fallback_after_protected_aggregation_failure,custom_reference_prototype_numeric_acceptance_envelope__max_abs_and_rmse_are_acceptance_gates__relative_l2_is_diagnostic_only__not_a_formal_he_security_or_precision_proof,True,True,PASSED_PROTECTED_MAX_ABS_RMSE_ENVELOPE,6.516544577893975e-05,2.0729423376485492e-07,8.675445001516659e-08,0.007291804523510422,0.007291882860662783,0.001,0.0002,5e-05,True,True,True,True,finite_and_max_abs_and_rmse,0.9988237772550121,0.7196652719665272,0.6099290780141844,0.8775510204081632,0.9382919001871992,0.7310737472020886,0.9795094705017628,0.7283022861545942,0.7283022861545942,0.8877551020408163,0.0014420371412492965,0.8877551020408163,0.0014420371412492965,56809,55,12,86,0.0009672200337647721,0.12244897959183673,0.8775510204081632,0.05396530781298017,0.05396530781298017,fpr,0.005,0.9990563760451184,0.7675675675675676,0.6698113207547169,0.8987341772151899,0.9489823886735436,0.7754411396718406,0.984428348419878,0.823409149069311,0.823409149069311,0.8987341772151899,0.0007693998681028798,0.8987341772151899,0.0007693998681028798,45455,35,8,71,0.0007693998681028798,0.10126582278481013,0.8987341772151899,0.05396530781298017,fpr,0.005,1.0,False,B0_Plain_FL,NOT_FINAL_ROUND,,,,,,,,,,,,,,,,,,,,False,0.9982795547909132,11.75261675999991,673.8888889994996,3.133488999992551,0.0,0.0,6547.82434599997,4354.765238000027,240,573440,28672.0,860160,286720,1146880,,not_modelled__session_or_evaluation_key_material_excluded_from_round_payload,actual_generated_protocol_object_bytes,xMK_ciphertext_uplink_plus_partial_decryption_share_uplink_plus_aggregate_c1_polynomial_broadcast,sum_of_actual_generated_client_update_objects_before_auxiliary_decryption_share_or_downlink_traffic,False,545.1294792,10902.589584,10902.589584,measured_sum_of_client_protection_plus_server_protected_aggregation_plus_authorized_recovery_or_decryption_ms_per_round,local_training__validation_test_evaluation__transport_latency__serialization_framing_not_explicitly_in_crypto_functions,2.910383045673371e-12,3.2000000000000006,20,20,0,"B1: xMK submit share (round-level finalize), noise=0.000",179.2,xmk_ckks,20,20,False,0,0,False,not_applicable,0,[],0,,True,0.0017204452090867595,0.0017281485220215498,3.9572916666666664,0,0,0,0,0,0,0,0,0,0,0,0,0,20,0,20,0,1,fixed_execution_host_runtime_payload_and_machine_specification__no_unmeasured_absolute_energy_or_carbon_claim,sequential_single_host_wall_clock_and_generated_protocol_object_bytes__machine_specification_recorded__transport_network_facility_energy_not_measured,runtime_payload_measured__energy_not_instrumented,not_reported_without_direct_hardware_energy_instrumentation,not_reported,False,,,,,,,not_reported,0,0.25,not_probed,0,,not_reported__no_valid_colab_network_or_device_energy_scope,,not_reported__no_direct_facility_or_grid_carbon_measurement,11.752586347000033,Absolute energy and carbon are not reported because direct hardware energy instrumentation is disabled.,False,,,,BASELINE
7,B1_xMK_CKKS,17,custom_xmk_reference_prototype,comparative_experiment,main_comparative,Custom xMK reference prototype with all-participant collaborative decryption; not a t-of-n threshold-CKKS security claim.,custom_xmk_reference_python,custom_reference_python_prototype,False,,,,,,,,,,{},False,False,,,0,baseline_unenforced,,,,,all_participants,configured_normalized_ciphertext_noise_proxy_sigma_over_scale,,,,not_applicable,0,0,0,False,,{},True,,strict_experiment_side_plaintext_oracle_comparison__max_coordinate_and_rmse_numeric_acceptance_envelope__relative_l2_diagnostic_only__no_plaintext_fallback_after_protected_aggregation_failure,custom_reference_prototype_numeric_acceptance_envelope__max_abs_and_rmse_are_acceptance_gates__relative_l2_is_diagnostic_only__not_a_formal_he_security_or_precision_proof,True,True,PASSED_PROTECTED_MAX_ABS_RMSE_ENVELOPE,5.115945443416323e-05,1.2051544738935285e-07,6.405661124610182e-08,0.006858018976114007,0.0068580128499524376,0.001,0.0002,5e-05,True,True,True,True,finite_and_max_abs_and_rmse,0.9988237772550121,0.7196652719665272,0.6099290780141844,0.8775510204081632,0.9382919001871992,0.7310737472020886,0.9794272837159625,0.7282952076062092,0.7282952076062092,0.8877551020408163,0.0014244513224535734,0.8877551020408163,0.0014244513224535734,56809,55,12,86,0.0009672200337647721,0.12244897959183673,0.8775510204081632,0.054188859828110135,0.054188859828110135,fpr,0.005,0.9990563760451184,0.7675675675675676,0.6698113207547169,0.8987341772151899,0.9489823886735436,0.7754411396718406,0.9843971828556005,0.8234091253126221,0.8234091253126221,0.8987341772151899,0.0007693998681028798,0.8987341772151899,0.0007693998681028798,45455,35,8,71,0.0007693998681028798,0.10126582278481013,0.8987341772151899,0.054188859828110135,fpr,0.005,1.0,False,B0_Plain_FL,NOT_FINAL_ROUND,,,,,,,,,,,,,,,,,,,,False,0.9982795547909132,11.099540494999928,690.3597889995581,3.1172479996257607,0.0,0.0,6405.374372000551,3753.1850399998348,240,573440,28672.0,860160,286720,1146880,,not_modelled__session_or_evaluation_key_material_excluded_from_round_payload,actual_generated_protocol_object_bytes,xMK_ciphertext_uplink_plus_partial_decryption_share_uplink_plus_aggregate_c1_polynomial_broadcast,sum_of_actual_generated_client_update_objects_before_auxiliary_decryption_share_or_downlink_traffic,False,507.9279706000194,10158.559412000388,10158.559412000388,measured_sum_of_client_protection_plus_server_protected_aggregation_plus_authorized_recovery_or_decryption_ms_per_round,local_training__validation_test_evaluation__transport_latency__serialization_framing_not_explicitly_in_crypto_functions,2.910383045673371e-12,3.2000000000000006,20,20,0,"B1: xMK submit share (round-level finalize), noise=0.000",179.2,xmk_ckks,20,20,False,0,0,False,not_applicable,0,[],0,,True,0.0017204452090867595,0.0017281485220215498,3.9572916666666664,0,0,0,0,0,0,0,0,0,0,0,0,0,20,0,20,0,1,fixed_execution_host_runtime_payload_and_machine_specification__no_unmeasured_absolute_energy_or_carbon_claim,sequential_single_host_wall_clock_and_generated_protocol_object_bytes__machine_specification_recorded__transport_network_facility_energy_not_measured,runtime_payload_measured__energy_not_instrumented,not_reported_without_direct_hardware_energy_instrumentation,not_reported,False,,,,,,,not_reported,0,0.25,not_probed,0,,not_reported__no_valid_colab_network_or_device_energy_scope,,not_reported__no_direct_facility_or_grid_carbon_measurement,11.09946521500001,Absolute energy and carbon are not reported because direct hardware energy instrumentation is disabled.,False,,,,BASELINE
7,B1_xMK_CKKS,18,custom_xmk_reference_prototype,comparative_experiment,main_comparative,Custom xMK reference prototype with all-participant collaborative decryption; not a t-of-n threshold-CKKS security claim.,custom_xmk_reference_python,custom_reference_python_prototype,False,,,,,,,,,,{},False,False,,,0,baseline_unenforced,,,,,all_participants,configured_normalized_ciphertext_noise_proxy_sigma_over_scale,,,,not_applicable,0,0,0,False,,{},True,,strict_experiment_side_plaintext_oracle_comparison__max_coordinate_and_rmse_numeric_acceptance_envelope__relative_l2_diagnostic_only__no_plaintext_fallback_after_protected_aggregation_failure,custom_reference_prototype_numeric_acceptance_envelope__max_abs_and_rmse_are_acceptance_gates__relative_l2_is_diagnostic_only__not_a_formal_he_security_or_precision_proof,True,True,PASSED_PROTECTED_MAX_ABS_RMSE_ENVELOPE,7.306319464006881e-05,2.6070242527156777e-07,7.596959458743509e-08,0.0056951055641269,0.005695076339089086,0.001,0.0002,5e-05,True,True,True,True,finite_and_max_abs_and_rmse,0.9988237772550121,0.7196652719665272,0.6099290780141844,0.8775510204081632,0.9382919001871992,0.7310737472020886,0.9793558637579961,0.728191374892406,0.728191374892406,0.8877551020408163,0.0014596229600450197,0.8877551020408163,0.0014596229600450197,56809,55,12,86,0.0009672200337647721,0.12244897959183673,0.8775510204081632,0.05488466977056987,0.05488466977056987,fpr,0.005,0.9990563760451184,0.7675675675675676,0.6698113207547169,0.8987341772151899,0.9489823886735436,0.7754411396718406,0.9843459822857159,0.8234111844583025,0.8234111844583025,0.8987341772151899,0.0007693998681028798,0.8987341772151899,0.0007693998681028798,45455,35,8,71,0.0007693998681028798,0.10126582278481013,0.8987341772151899,0.05488466977056987,fpr,0.005,1.0,False,B0_Plain_FL,NOT_FINAL_ROUND,,,,,,,,,,,,,,,,,,,,False,0.9982795547909132,11.060618543000146,817.0780950006247,3.3715370000209077,0.0,0.0,6853.811598000448,3220.949302000008,240,573440,28672.0,860160,286720,1146880,,not_modelled__session_or_evaluation_key_material_excluded_from_round_payload,actual_generated_protocol_object_bytes,xMK_ciphertext_uplink_plus_partial_decryption_share_uplink_plus_aggregate_c1_polynomial_broadcast,sum_of_actual_generated_client_update_objects_before_auxiliary_decryption_share_or_downlink_traffic,False,503.7380450000228,10074.760900000456,10074.760900000456,measured_sum_of_client_protection_plus_server_protected_aggregation_plus_authorized_recovery_or_decryption_ms_per_round,local_training__validation_test_evaluation__transport_latency__serialization_framing_not_explicitly_in_crypto_functions,2.910383045673371e-12,3.2000000000000006,20,20,0,"B1: xMK submit share (round-level finalize), noise=0.000",179.2,xmk_ckks,20,20,False,0,0,False,not_applicable,0,[],0,,True,0.0017204452090867595,0.0017281485220215498,3.9572916666666664,0,0,0,0,0,0,0,0,0,0,0,0,0,20,0,20,0,1,fixed_execution_host_runtime_payload_and_machine_specification__no_unmeasured_absolute_energy_or_carbon_claim,sequential_single_host_wall_clock_and_generated_protocol_object_bytes__machine_specification_recorded__transport_network_facility_energy_not_measured,runtime_payload_measured__energy_not_instrumented,not_reported_without_direct_hardware_energy_instrumentation,not_reported,False,,,,,,,not_reported,0,0.25,not_probed,0,,not_reported__no_valid_colab_network_or_device_energy_scope,,not_reported__no_direct_facility_or_grid_carbon_measurement,11.060590039999852,Absolute energy and carbon are not reported because direct hardware energy instrumentation is disabled.,False,,,,BASELINE
7,B1_xMK_CKKS,19,custom_xmk_reference_prototype,comparative_experiment,main_comparative,Custom xMK reference prototype with all-participant collaborative decryption; not a t-of-n threshold-CKKS security claim.,custom_xmk_reference_python,custom_reference_python_prototype,False,,,,,,,,,,{},False,False,,,0,baseline_unenforced,,,,,all_participants,configured_normalized_ciphertext_noise_proxy_sigma_over_scale,,,,not_applicable,0,0,0,False,,{},True,,strict_experiment_side_plaintext_oracle_comparison__max_coordinate_and_rmse_numeric_acceptance_envelope__relative_l2_diagnostic_only__no_plaintext_fallback_after_protected_aggregation_failure,custom_reference_prototype_numeric_acceptance_envelope__max_abs_and_rmse_are_acceptance_gates__relative_l2_is_diagnostic_only__not_a_formal_he_security_or_precision_proof,True,True,PASSED_PROTECTED_MAX_ABS_RMSE_ENVELOPE,6.904177004297633e-05,1.931341972051092e-07,8.032294018039523e-08,0.006372183996391033,0.0063722038694298344,0.001,0.0002,5e-05,True,True,True,True,finite_and_max_abs_and_rmse,0.9988237772550121,0.7196652719665272,0.6099290780141844,0.8775510204081632,0.9382919001871992,0.7310737472020886,0.9793061569028286,0.7280720566911136,0.7280720566911136,0.8877551020408163,0.0014420371412492965,0.8877551020408163,0.0014420371412492965,56809,55,12,86,0.0009672200337647721,0.12244897959183673,0.8775510204081632,0.05458915875604487,0.05458915875604487,fpr,0.005,0.9990563760451184,0.7675675675675676,0.6698113207547169,0.8987341772151899,0.9489823886735436,0.7754411396718406,0.9843025731069006,0.8232862071739987,0.8232862071739987,0.8987341772151899,0.0007693998681028798,0.8987341772151899,0.0007693998681028798,45455,35,8,71,0.0007693998681028798,0.10126582278481013,0.8987341772151899,0.05458915875604487,fpr,0.005,1.0,False,B0_Plain_FL,NOT_FINAL_ROUND,,,,,,,,,,,,,,,,,,,,False,0.9982795547909132,11.668234858000005,851.0803329997998,3.448888999855626,0.0,0.0,7423.260372999266,3223.9052300001276,240,573440,28672.0,860160,286720,1146880,,not_modelled__session_or_evaluation_key_material_excluded_from_round_payload,actual_generated_protocol_object_bytes,xMK_ciphertext_uplink_plus_partial_decryption_share_uplink_plus_aggregate_c1_polynomial_broadcast,sum_of_actual_generated_client_update_objects_before_auxiliary_decryption_share_or_downlink_traffic,False,532.3582801499697,10647.165602999394,10647.165602999394,measured_sum_of_client_protection_plus_server_protected_aggregation_plus_authorized_recovery_or_decryption_ms_per_round,local_training__validation_test_evaluation__transport_latency__serialization_framing_not_explicitly_in_crypto_functions,2.910383045673371e-12,3.2000000000000006,20,20,0,"B1: xMK submit share (round-level finalize), noise=0.000",179.2,xmk_ckks,20,20,False,0,0,False,not_applicable,0,[],0,,True,0.0017204452090867595,0.0017281485220215498,3.9572916666666664,0,0,0,0,0,0,0,0,0,0,0,0,0,20,0,20,0,1,fixed_execution_host_runtime_payload_and_machine_specification__no_unmeasured_absolute_energy_or_carbon_claim,sequential_single_host_wall_clock_and_generated_protocol_object_bytes__machine_specification_recorded__transport_network_facility_energy_not_measured,runtime_payload_measured__energy_not_instrumented,not_reported_without_direct_hardware_energy_instrumentation,not_reported,False,,,,,,,not_reported,0,0.25,not_probed,0,,not_reported__no_valid_colab_network_or_device_energy_scope,,not_reported__no_direct_facility_or_grid_carbon_measurement,11.668209222000087,Absolute energy and carbon are not reported because direct hardware energy instrumentation is disabled.,False,,,,BASELINE
7,B1_xMK_CKKS,20,custom_xmk_reference_prototype,comparative_experiment,main_comparative,Custom xMK reference prototype with all-participant collaborative decryption; not a t-of-n threshold-CKKS security claim.,custom_xmk_reference_python,custom_reference_python_prototype,False,,,,,,,,,,{},False,False,,,0,baseline_unenforced,,,,,all_participants,configured_normalized_ciphertext_noise_proxy_sigma_over_scale,,,,not_applicable,0,0,0,False,,{},True,,strict_experiment_side_plaintext_oracle_comparison__max_coordinate_and_rmse_numeric_acceptance_envelope__relative_l2_diagnostic_only__no_plaintext_fallback_after_protected_aggregation_failure,custom_reference_prototype_numeric_acceptance_envelope__max_abs_and_rmse_are_acceptance_gates__relative_l2_is_diagnostic_only__not_a_formal_he_security_or_precision_proof,True,True,PASSED_PROTECTED_MAX_ABS_RMSE_ENVELOPE,6.905733874969079e-05,2.1354689746654228e-07,7.060802946670866e-08,0.00560021732276401,0.005600141569766319,0.001,0.0002,5e-05,True,True,True,True,finite_and_max_abs_and_rmse,0.9988237772550121,0.7196652719665272,0.6099290780141844,0.8775510204081632,0.9382919001871992,0.7310737472020886,0.9792663196398425,0.7280703524581961,0.7280703524581961,0.8877551020408163,0.0014244513224535734,0.8877551020408163,0.0014244513224535734,56809,55,12,86,0.0009672200337647721,0.12244897959183673,0.8775510204081632,0.05435382683514349,0.05435382683514349,fpr,0.005,0.9990563760451184,0.7675675675675676,0.6698113207547169,0.8987341772151899,0.9489823886735436,0.7754411396718406,0.9843367995748127,0.8232886710602456,0.8232886710602456,0.8987341772151899,0.0007693998681028798,0.8987341772151899,0.0007693998681028798,45455,35,8,71,0.0007693998681028798,0.10126582278481013,0.8987341772151899,0.05435382683514349,fpr,0.005,1.0,True,B0_Plain_FL,COMPARED,0.7280703524581961,0.7280703524581961,0.0,0.7196652719665272,0.7196652719665272,0.0,0.7310737472020886,0.7310737472020886,0.0,0.05435382683514349,0.05435379474037,3.209477349164214e-08,7.575111261579283e-07,3.3456379026908234e-07,7.05930574107505e-07,5.310879644996869e-09,9.3694171985334e-09,0.0,0.0,True,0.9982795547909132,11.732197164000127,769.7665000002871,3.6059250005564536,0.0,0.0,7539.004682000268,3251.406291999956,240,573440,28672.0,860160,286720,1146880,,not_modelled__session_or_evaluation_key_material_excluded_from_round_payload,actual_generated_protocol_object_bytes,xMK_ciphertext_uplink_plus_partial_decryption_share_uplink_plus_aggregate_c1_polynomial_broadcast,sum_of_actual_generated_client_update_objects_before_auxiliary_decryption_share_or_downlink_traffic,False,539.5205487000112,10790.410974000224,10790.410974000224,measured_sum_of_client_protection_plus_server_protected_aggregation_plus_authorized_recovery_or_decryption_ms_per_round,local_training__validation_test_evaluation__transport_latency__serialization_framing_not_explicitly_in_crypto_functions,2.910383045673371e-12,3.2000000000000006,20,20,0,"B1: xMK submit share (round-level finalize), noise=0.000",179.2,xmk_ckks,20,20,False,0,0,False,not_applicable,0,[],0,,True,0.0017204452090867595,0.0017281485220215498,3.9572916666666664,0,0,0,0,0,0,0,0,0,0,0,0,0,20,0,20,0,1,fixed_execution_host_runtime_payload_and_machine_specification__no_unmeasured_absolute_energy_or_carbon_claim,sequential_single_host_wall_clock_and_generated_protocol_object_bytes__machine_specification_recorded__transport_network_facility_energy_not_measured,runtime_payload_measured__energy_not_instrumented,not_reported_without_direct_hardware_energy_instrumentation,not_reported,False,,,,,,,not_reported,0,0.25,not_probed,0,,not_reported__no_valid_colab_network_or_device_energy_scope,,not_reported__no_direct_facility_or_grid_carbon_measurement,11.732167994000065,Absolute energy and carbon are not reported because direct hardware energy instrumentation is disabled.,False,,,,BASELINE
11,B1_xMK_CKKS,1,custom_xmk_reference_prototype,comparative_experiment,main_comparative,Custom xMK reference prototype with all-participant collaborative decryption; not a t-of-n threshold-CKKS security claim.,custom_xmk_reference_python,custom_reference_python_prototype,False,,,,,,,,,,{},False,False,,,0,baseline_unenforced,,,,,all_participants,configured_normalized_ciphertext_noise_proxy_sigma_over_scale,,,,not_applicable,0,0,0,False,,{},True,,strict_experiment_side_plaintext_oracle_comparison__max_coordinate_and_rmse_numeric_acceptance_envelope__relative_l2_diagnostic_only__no_plaintext_fallback_after_protected_aggregation_failure,custom_reference_prototype_numeric_acceptance_envelope__max_abs_and_rmse_are_acceptance_gates__relative_l2_is_diagnostic_only__not_a_formal_he_security_or_precision_proof,True,True,PASSED_PROTECTED_MAX_ABS_RMSE_ENVELOPE,1.0472608009683296e-06,2.5496609702690964e-07,8.28272818112392e-08,0.43319076377919613,0.43319073494418586,0.001,0.0002,5e-05,True,True,True,True,finite_and_max_abs_and_rmse,0.9990871107053826,0.7570093457943925,0.6982758620689655,0.826530612244898,0.9129575542935238,0.759255946023227,0.9379435933067656,0.701077187707263,0.701077187707263,0.8775510204081632,0.004273353967360721,0.8775510204081632,0.004273353967360721,56829,35,17,81,0.0006155036578503095,0.17346938775510204,0.826530612244898,0.003382579381124935,0.003382579381124935,fpr,0.005,0.999297768219623,0.813953488372093,0.7526881720430108,0.8860759493670886,0.9427851718697391,0.8163228914097197,0.9613299348027525,0.8021334141786498,0.8021334141786498,0.8860759493670886,0.0005056056276104638,0.8860759493670886,0.0005056056276104638,45467,23,9,70,0.0005056056276104638,0.11392405063291139,0.8860759493670886,0.003382579381124935,fpr,0.005,1.0,False,B0_Plain_FL,NOT_FINAL_ROUND,,,,,,,,,,,,,,,,,,,,False,0.9982795547909132,11.760323330999881,873.2056200003626,3.415703000200665,0.0,3214.900789000012,7470.801846000768,3245.057719999977,240,573440,28672.0,860160,286720,1146880,,not_modelled__session_or_evaluation_key_material_excluded_from_round_payload,actual_generated_protocol_object_bytes,xMK_ciphertext_uplink_plus_partial_decryption_share_uplink_plus_aggregate_c1_polynomial_broadcast,sum_of_actual_generated_client_update_objects_before_auxiliary_decryption_share_or_downlink_traffic,False,535.7929783000371,10715.859566000743,10715.859566000743,measured_sum_of_client_protection_plus_server_protected_aggregation_plus_authorized_recovery_or_decryption_ms_per_round,local_training__validation_test_evaluation__transport_latency__serialization_framing_not_explicitly_in_crypto_functions,2.910383045673371e-12,3.2000000000000006,20,20,0,"B1: xMK submit share (round-level finalize), noise=0.000",179.2,xmk_ckks,20,20,False,0,0,False,not_applicable,0,[],0,,True,0.0017204452090867595,0.0017281485220215498,3.9572916666666664,0,0,0,0,0,0,0,0,0,0,0,0,0,20,0,20,0,1,fixed_execution_host_runtime_payload_and_machine_specification__no_unmeasured_absolute_energy_or_carbon_claim,sequential_single_host_wall_clock_and_generated_protocol_object_bytes__machine_specification_recorded__transport_network_facility_energy_not_measured,runtime_payload_measured__energy_not_instrumented,not_reported_without_direct_hardware_energy_instrumentation,not_reported,False,,,,,,,not_reported,0,0.25,not_probed,0,,not_reported__no_valid_colab_network_or_device_energy_scope,,not_reported__no_direct_facility_or_grid_carbon_measurement,11.760291637000137,Absolute energy and carbon are not reported because direct hardware energy instrumentation is disabled.,False,,,,BASELINE
11,B1_xMK_CKKS,2,custom_xmk_reference_prototype,comparative_experiment,main_comparative,Custom xMK reference prototype with all-participant collaborative decryption; not a t-of-n threshold-CKKS security claim.,custom_xmk_reference_python,custom_reference_python_prototype,False,,,,,,,,,,{},False,False,,,0,baseline_unenforced,,,,,all_participants,configured_normalized_ciphertext_noise_proxy_sigma_over_scale,,,,not_applicable,0,0,0,False,,{},True,,strict_experiment_side_plaintext_oracle_comparison__max_coordinate_and_rmse_numeric_acceptance_envelope__relative_l2_diagnostic_only__no_plaintext_fallback_after_protected_aggregation_failure,custom_reference_prototype_numeric_acceptance_envelope__max_abs_and_rmse_are_acceptance_gates__relative_l2_is_diagnostic_only__not_a_formal_he_security_or_precision_proof,True,True,PASSED_PROTECTED_MAX_ABS_RMSE_ENVELOPE,1.1650945018701791e-06,2.1462742263371297e-07,8.086485117582509e-08,0.38015373883479403,0.3801537596898413,0.001,0.0002,5e-05,True,True,True,True,finite_and_max_abs_and_rmse,0.9976475545100242,0.5620915032679739,0.41346153846153844,0.8775510204081632,0.9377027752575425,0.601466068002556,0.955435740700332,0.7185186275596354,0.7185186275596354,0.8775510204081632,0.0009144625773776027,0.8877551020408163,0.006788126055149128,56742,122,12,86,0.0021454698930782217,0.12244897959183673,0.8775510204081632,0.004958068092597791,0.004958068092597791,fpr,0.005,0.9980688626039632,0.6173913043478261,0.47019867549668876,0.8987341772151899,0.9484877744726202,0.6493063378272189,0.9697588286200056,0.8146196943249471,0.8146196943249471,0.8987341772151899,0.0017586282699494395,0.8987341772151899,0.0017586282699494395,45410,80,8,71,0.0017586282699494395,0.10126582278481013,0.8987341772151899,0.004958068092597791,fpr,0.005,1.0,False,B0_Plain_FL,NOT_FINAL_ROUND,,,,,,,,,,,,,,,,,,,,False,0.9982795547909132,11.723621434000052,851.6233379996265,3.5250799994628323,0.0,0.0,7481.623438000042,3218.1880269999965,240,573440,28672.0,860160,286720,1146880,,not_modelled__session_or_evaluation_key_material_excluded_from_round_payload,actual_generated_protocol_object_bytes,xMK_ciphertext_uplink_plus_partial_decryption_share_uplink_plus_aggregate_c1_polynomial_broadcast,sum_of_actual_generated_client_update_objects_before_auxiliary_decryption_share_or_downlink_traffic,False,534.990573250002,10699.811465000039,10699.811465000039,measured_sum_of_client_protection_plus_server_protected_aggregation_plus_authorized_recovery_or_decryption_ms_per_round,local_training__validation_test_evaluation__transport_latency__serialization_framing_not_explicitly_in_crypto_functions,2.910383045673371e-12,3.2000000000000006,20,20,0,"B1: xMK submit share (round-level finalize), noise=0.000",179.2,xmk_ckks,20,20,False,0,0,False,not_applicable,0,[],0,,True,0.0017204452090867595,0.0017281485220215498,3.9572916666666664,0,0,0,0,0,0,0,0,0,0,0,0,0,20,0,20,0,1,fixed_execution_host_runtime_payload_and_machine_specification__no_unmeasured_absolute_energy_or_carbon_claim,sequential_single_host_wall_clock_and_generated_protocol_object_bytes__machine_specification_recorded__transport_network_facility_energy_not_measured,runtime_payload_measured__energy_not_instrumented,not_reported_without_direct_hardware_energy_instrumentation,not_reported,False,,,,,,,not_reported,0,0.25,not_probed,0,,not_reported__no_valid_colab_network_or_device_energy_scope,,not_reported__no_direct_facility_or_grid_carbon_measurement,11.723592157000212,Absolute energy and carbon are not reported because direct hardware energy instrumentation is disabled.,False,,,,BASELINE
11,B1_xMK_CKKS,3,custom_xmk_reference_prototype,comparative_experiment,main_comparative,Custom xMK reference prototype with all-participant collaborative decryption; not a t-of-n threshold-CKKS security claim.,custom_xmk_reference_python,custom_reference_python_prototype,False,,,,,,,,,,{},False,False,,,0,baseline_unenforced,,,,,all_participants,configured_normalized_ciphertext_noise_proxy_sigma_over_scale,,,,not_applicable,0,0,0,False,,{},True,,strict_experiment_side_plaintext_oracle_comparison__max_coordinate_and_rmse_numeric_acceptance_envelope__relative_l2_diagnostic_only__no_plaintext_fallback_after_protected_aggregation_failure,custom_reference_prototype_numeric_acceptance_envelope__max_abs_and_rmse_are_acceptance_gates__relative_l2_is_diagnostic_only__not_a_formal_he_security_or_precision_proof,True,True,PASSED_PROTECTED_MAX_ABS_RMSE_ENVELOPE,1.65157419488728e-06,2.0143807623329568e-07,9.39687575339202e-08,0.31163485334916613,0.31163490350107304,0.001,0.0002,5e-05,True,True,True,True,finite_and_max_abs_and_rmse,0.9987008883115059,0.6991869918699187,0.581081081081081,0.8775510204081632,0.9382303498214142,0.7135191719560046,0.9690760554362432,0.7205043973476808,0.7205043973476808,0.8877551020408163,0.0045898987056837365,0.8877551020408163,0.0045898987056837365,56802,62,12,86,0.001090320765334834,0.12244897959183673,0.8775510204081632,0.007890000043257852,0.007890000043257852,fpr,0.005,0.9989247075862977,0.743455497382199,0.6339285714285714,0.8987341772151899,0.9489164401134205,0.7543234751016461,0.9739979018896907,0.8181425457220398,0.8181425457220398,0.8987341772151899,0.0009012969883490877,0.8987341772151899,0.0009012969883490877,45449,41,8,71,0.0009012969883490877,0.10126582278481013,0.8987341772151899,0.007890000043257852,fpr,0.005,1.0,False,B0_Plain_FL,NOT_FINAL_ROUND,,,,,,,,,,,,,,,,,,,,False,0.9982795547909132,11.679811286999893,822.0121579997794,3.3361250002599263,0.0,0.0,7210.456184000805,3478.5214580001593,240,573440,28672.0,860160,286720,1146880,,not_modelled__session_or_evaluation_key_material_excluded_from_round_payload,actual_generated_protocol_object_bytes,xMK_ciphertext_uplink_plus_partial_decryption_share_uplink_plus_aggregate_c1_polynomial_broadcast,sum_of_actual_generated_client_update_objects_before_auxiliary_decryption_share_or_downlink_traffic,False,534.4488821000481,10688.977642000962,10688.977642000962,measured_sum_of_client_protection_plus_server_protected_aggregation_plus_authorized_recovery_or_decryption_ms_per_round,local_training__validation_test_evaluation__transport_latency__serialization_framing_not_explicitly_in_crypto_functions,2.910383045673371e-12,3.2000000000000006,20,20,0,"B1: xMK submit share (round-level finalize), noise=0.000",179.2,xmk_ckks,20,20,False,0,0,False,not_applicable,0,[],0,,True,0.0017204452090867595,0.0017281485220215498,3.9572916666666664,0,0,0,0,0,0,0,0,0,0,0,0,0,20,0,20,0,1,fixed_execution_host_runtime_payload_and_machine_specification__no_unmeasured_absolute_energy_or_carbon_claim,sequential_single_host_wall_clock_and_generated_protocol_object_bytes__machine_specification_recorded__transport_network_facility_energy_not_measured,runtime_payload_measured__energy_not_instrumented,not_reported_without_direct_hardware_energy_instrumentation,not_reported,False,,,,,,,not_reported,0,0.25,not_probed,0,,not_reported__no_valid_colab_network_or_device_energy_scope,,not_reported__no_direct_facility_or_grid_carbon_measurement,11.679771086000073,Absolute energy and carbon are not reported because direct hardware energy instrumentation is disabled.,False,,,,BASELINE
11,B1_xMK_CKKS,4,custom_xmk_reference_prototype,comparative_experiment,main_comparative,Custom xMK reference prototype with all-participant collaborative decryption; not a t-of-n threshold-CKKS security claim.,custom_xmk_reference_python,custom_reference_python_prototype,False,,,,,,,,,,{},False,False,,,0,baseline_unenforced,,,,,all_participants,configured_normalized_ciphertext_noise_proxy_sigma_over_scale,,,,not_applicable,0,0,0,False,,{},True,,strict_experiment_side_plaintext_oracle_comparison__max_coordinate_and_rmse_numeric_acceptance_envelope__relative_l2_diagnostic_only__no_plaintext_fallback_after_protected_aggregation_failure,custom_reference_prototype_numeric_acceptance_envelope__max_abs_and_rmse_are_acceptance_gates__relative_l2_is_diagnostic_only__not_a_formal_he_security_or_precision_proof,True,True,PASSED_PROTECTED_MAX_ABS_RMSE_ENVELOPE,1.9033961272195593e-06,2.2402977373952096e-07,8.324942600016877e-08,0.23955911156584714,0.23955897948985283,0.001,0.0002,5e-05,True,True,True,True,finite_and_max_abs_and_rmse,0.9987886661282961,0.7136929460580913,0.6013986013986014,0.8775510204081632,0.9382743143684036,0.7259269901137303,0.9768577802533507,0.7213653659120126,0.7213653659120126,0.8877551020408163,0.004132667416994936,0.8877551020408163,0.004132667416994936,56807,57,12,86,0.0010023916713562183,0.12244897959183673,0.8775510204081632,0.011713618124764692,0.011713618124764692,fpr,0.005,0.9990344313019817,0.7634408602150538,0.6635514018691588,0.8987341772151899,0.9489713972468563,0.7717986706821625,0.9772588773161998,0.8208859624492275,0.8208859624492275,0.8987341772151899,0.0007913827214772477,0.8987341772151899,0.0007913827214772477,45454,36,8,71,0.0007913827214772477,0.10126582278481013,0.8987341772151899,0.011713618124764692,fpr,0.005,1.0,False,B0_Plain_FL,NOT_FINAL_ROUND,,,,,,,,,,,,,,,,,,,,False,0.9982795547909132,11.625988151000001,704.3922650002514,3.148571000338052,0.0,0.0,6429.72118000057,4322.88967799991,240,573440,28672.0,860160,286720,1146880,,not_modelled__session_or_evaluation_key_material_excluded_from_round_payload,actual_generated_protocol_object_bytes,xMK_ciphertext_uplink_plus_partial_decryption_share_uplink_plus_aggregate_c1_polynomial_broadcast,sum_of_actual_generated_client_update_objects_before_auxiliary_decryption_share_or_downlink_traffic,False,537.6305429000241,10752.610858000482,10752.610858000482,measured_sum_of_client_protection_plus_server_protected_aggregation_plus_authorized_recovery_or_decryption_ms_per_round,local_training__validation_test_evaluation__transport_latency__serialization_framing_not_explicitly_in_crypto_functions,2.910383045673371e-12,3.2000000000000006,20,20,0,"B1: xMK submit share (round-level finalize), noise=0.000",179.2,xmk_ckks,20,20,False,0,0,False,not_applicable,0,[],0,,True,0.0017204452090867595,0.0017281485220215498,3.9572916666666664,0,0,0,0,0,0,0,0,0,0,0,0,0,20,0,20,0,1,fixed_execution_host_runtime_payload_and_machine_specification__no_unmeasured_absolute_energy_or_carbon_claim,sequential_single_host_wall_clock_and_generated_protocol_object_bytes__machine_specification_recorded__transport_network_facility_energy_not_measured,runtime_payload_measured__energy_not_instrumented,not_reported_without_direct_hardware_energy_instrumentation,not_reported,False,,,,,,,not_reported,0,0.25,not_probed,0,,not_reported__no_valid_colab_network_or_device_energy_scope,,not_reported__no_direct_facility_or_grid_carbon_measurement,11.625958733000061,Absolute energy and carbon are not reported because direct hardware energy instrumentation is disabled.,False,,,,BASELINE
11,B1_xMK_CKKS,5,custom_xmk_reference_prototype,comparative_experiment,main_comparative,Custom xMK reference prototype with all-participant collaborative decryption; not a t-of-n threshold-CKKS security claim.,custom_xmk_reference_python,custom_reference_python_prototype,False,,,,,,,,,,{},False,False,,,0,baseline_unenforced,,,,,all_participants,configured_normalized_ciphertext_noise_proxy_sigma_over_scale,,,,not_applicable,0,0,0,False,,{},True,,strict_experiment_side_plaintext_oracle_comparison__max_coordinate_and_rmse_numeric_acceptance_envelope__relative_l2_diagnostic_only__no_plaintext_fallback_after_protected_aggregation_failure,custom_reference_prototype_numeric_acceptance_envelope__max_abs_and_rmse_are_acceptance_gates__relative_l2_is_diagnostic_only__not_a_formal_he_security_or_precision_proof,True,True,PASSED_PROTECTED_MAX_ABS_RMSE_ENVELOPE,2.5030298543045114e-06,2.3216275802035238e-07,8.528956670795063e-08,0.18663388902533112,0.18663385541167277,0.001,0.0002,5e-05,True,True,True,True,finite_and_max_abs_and_rmse,0.9988062216916541,0.7166666666666667,0.6056338028169014,0.8775510204081632,0.9382831072778014,0.7284867912883576,0.9794554569154618,0.722893314284592,0.722893314284592,0.8877551020408163,0.004150253235790658,0.8877551020408163,0.004150253235790658,56808,56,12,86,0.0009848058525604951,0.12244897959183673,0.8775510204081632,0.01637593040836215,0.01637593040836215,fpr,0.005,0.998990541815708,0.7553191489361702,0.6513761467889908,0.8987341772151899,0.948949414393482,0.764664546104422,0.9803192244226719,0.821246704838321,0.821246704838321,0.8987341772151899,0.0008353484282259837,0.8987341772151899,0.0008353484282259837,45452,38,8,71,0.0008353484282259837,0.10126582278481013,0.8987341772151899,0.01637593040836215,fpr,0.005,1.0,False,B0_Plain_FL,NOT_FINAL_ROUND,,,,,,,,,,,,,,,,,,,,False,0.9982795547909132,11.087934593,731.4144219992613,3.0763420006678643,0.0,0.0,6449.637491999738,3695.3145300001324,240,573440,28672.0,860160,286720,1146880,,not_modelled__session_or_evaluation_key_material_excluded_from_round_payload,actual_generated_protocol_object_bytes,xMK_ciphertext_uplink_plus_partial_decryption_share_uplink_plus_aggregate_c1_polynomial_broadcast,sum_of_actual_generated_client_update_objects_before_auxiliary_decryption_share_or_downlink_traffic,False,507.24760109999363,10144.952021999872,10144.952021999872,measured_sum_of_client_protection_plus_server_protected_aggregation_plus_authorized_recovery_or_decryption_ms_per_round,local_training__validation_test_evaluation__transport_latency__serialization_framing_not_explicitly_in_crypto_functions,2.910383045673371e-12,3.2000000000000006,20,20,0,"B1: xMK submit share (round-level finalize), noise=0.000",179.2,xmk_ckks,20,20,False,0,0,False,not_applicable,0,[],0,,True,0.0017204452090867595,0.0017281485220215498,3.9572916666666664,0,0,0,0,0,0,0,0,0,0,0,0,0,20,0,20,0,1,fixed_execution_host_runtime_payload_and_machine_specification__no_unmeasured_absolute_energy_or_carbon_claim,sequential_single_host_wall_clock_and_generated_protocol_object_bytes__machine_specification_recorded__transport_network_facility_energy_not_measured,runtime_payload_measured__energy_not_instrumented,not_reported_without_direct_hardware_energy_instrumentation,not_reported,False,,,,,,,not_reported,0,0.25,not_probed,0,,not_reported__no_valid_colab_network_or_device_energy_scope,,not_reported__no_direct_facility_or_grid_carbon_measurement,11.08790458899989,Absolute energy and carbon are not reported because direct hardware energy instrumentation is disabled.,False,,,,BASELINE
11,B1_xMK_CKKS,6,custom_xmk_reference_prototype,comparative_experiment,main_comparative,Custom xMK reference prototype with all-participant collaborative decryption; not a t-of-n threshold-CKKS security claim.,custom_xmk_reference_python,custom_reference_python_prototype,False,,,,,,,,,,{},False,False,,,0,baseline_unenforced,,,,,all_participants,configured_normalized_ciphertext_noise_proxy_sigma_over_scale,,,,not_applicable,0,0,0,False,,{},True,,strict_experiment_side_plaintext_oracle_comparison__max_coordinate_and_rmse_numeric_acceptance_envelope__relative_l2_diagnostic_only__no_plaintext_fallback_after_protected_aggregation_failure,custom_reference_prototype_numeric_acceptance_envelope__max_abs_and_rmse_are_acceptance_gates__relative_l2_is_diagnostic_only__not_a_formal_he_security_or_precision_proof,True,True,PASSED_PROTECTED_MAX_ABS_RMSE_ENVELOPE,3.2299507361220308e-06,2.1609457101430833e-07,8.461518871405011e-08,0.14348716544687204,0.14348721875508247,0.001,0.0002,5e-05,True,True,True,True,finite_and_max_abs_and_rmse,0.9988237772550121,0.7196652719665272,0.6099290780141844,0.8775510204081632,0.9382919001871992,0.7310737472020886,0.9800330972287621,0.7238395744468823,0.7238395744468823,0.8877551020408163,0.0037457794034890263,0.8877551020408163,0.0037457794034890263,56809,55,12,86,0.0009672200337647721,0.12244897959183673,0.8775510204081632,0.02167180565716918,0.02167180565716918,fpr,0.005,0.9990344313019817,0.7634408602150538,0.6635514018691588,0.8987341772151899,0.9489713972468563,0.7717986706821625,0.9826797376527321,0.821240276690448,0.821240276690448,0.8987341772151899,0.0007913827214772477,0.8987341772151899,0.0007913827214772477,45454,36,8,71,0.0007913827214772477,0.10126582278481013,0.8987341772151899,0.02167180565716918,fpr,0.005,1.0,False,B0_Plain_FL,NOT_FINAL_ROUND,,,,,,,,,,,,,,,,,,,,False,0.9982795547909132,11.154589607999924,835.7269749997158,3.3549489999131765,0.0,0.0,6936.0400289997415,3207.669689999875,240,573440,28672.0,860160,286720,1146880,,not_modelled__session_or_evaluation_key_material_excluded_from_round_payload,actual_generated_protocol_object_bytes,xMK_ciphertext_uplink_plus_partial_decryption_share_uplink_plus_aggregate_c1_polynomial_broadcast,sum_of_actual_generated_client_update_objects_before_auxiliary_decryption_share_or_downlink_traffic,False,507.18548594998083,10143.709718999617,10143.709718999617,measured_sum_of_client_protection_plus_server_protected_aggregation_plus_authorized_recovery_or_decryption_ms_per_round,local_training__validation_test_evaluation__transport_latency__serialization_framing_not_explicitly_in_crypto_functions,2.910383045673371e-12,3.2000000000000006,20,20,0,"B1: xMK submit share (round-level finalize), noise=0.000",179.2,xmk_ckks,20,20,False,0,0,False,not_applicable,0,[],0,,True,0.0017204452090867595,0.0017281485220215498,3.9572916666666664,0,0,0,0,0,0,0,0,0,0,0,0,0,20,0,20,0,1,fixed_execution_host_runtime_payload_and_machine_specification__no_unmeasured_absolute_energy_or_carbon_claim,sequential_single_host_wall_clock_and_generated_protocol_object_bytes__machine_specification_recorded__transport_network_facility_energy_not_measured,runtime_payload_measured__energy_not_instrumented,not_reported_without_direct_hardware_energy_instrumentation,not_reported,False,,,,,,,not_reported,0,0.25,not_probed,0,,not_reported__no_valid_colab_network_or_device_energy_scope,,not_reported__no_direct_facility_or_grid_carbon_measurement,11.154557587999989,Absolute energy and carbon are not reported because direct hardware energy instrumentation is disabled.,False,,,,BASELINE
11,B1_xMK_CKKS,7,custom_xmk_reference_prototype,comparative_experiment,main_comparative,Custom xMK reference prototype with all-participant collaborative decryption; not a t-of-n threshold-CKKS security claim.,custom_xmk_reference_python,custom_reference_python_prototype,False,,,,,,,,,,{},False,False,,,0,baseline_unenforced,,,,,all_participants,configured_normalized_ciphertext_noise_proxy_sigma_over_scale,,,,not_applicable,0,0,0,False,,{},True,,strict_experiment_side_plaintext_oracle_comparison__max_coordinate_and_rmse_numeric_acceptance_envelope__relative_l2_diagnostic_only__no_plaintext_fallback_after_protected_aggregation_failure,custom_reference_prototype_numeric_acceptance_envelope__max_abs_and_rmse_are_acceptance_gates__relative_l2_is_diagnostic_only__not_a_formal_he_security_or_precision_proof,True,True,PASSED_PROTECTED_MAX_ABS_RMSE_ENVELOPE,6.727272661917868e-06,3.356230423735146e-07,1.2629191646935532e-07,0.10282462887483283,0.10282462315127519,0.001,0.0002,5e-05,True,True,True,True,finite_and_max_abs_and_rmse,0.9988237772550121,0.7196652719665272,0.6099290780141844,0.8775510204081632,0.9382919001871992,0.7310737472020886,0.9800890847334995,0.7247083032334481,0.7247083032334481,0.8877551020408163,0.0033764772087788407,0.8877551020408163,0.0033764772087788407,56809,55,12,86,0.0009672200337647721,0.12244897959183673,0.8775510204081632,0.02687227038719371,0.02687227038719371,fpr,0.005,0.9990344313019817,0.7634408602150538,0.6635514018691588,0.8987341772151899,0.9489713972468563,0.7717986706821625,0.983700409882823,0.8214329383050403,0.8214329383050403,0.8987341772151899,0.0007913827214772477,0.8987341772151899,0.0007913827214772477,45454,36,8,71,0.0007913827214772477,0.10126582278481013,0.8987341772151899,0.02687227038719371,fpr,0.005,1.0,False,B0_Plain_FL,NOT_FINAL_ROUND,,,,,,,,,,,,,,,,,,,,False,0.9982795547909132,11.753325242000074,835.9527040004195,3.527795999616501,0.0,0.0,7525.220504999652,3219.2704349999985,240,573440,28672.0,860160,286720,1146880,,not_modelled__session_or_evaluation_key_material_excluded_from_round_payload,actual_generated_protocol_object_bytes,xMK_ciphertext_uplink_plus_partial_decryption_share_uplink_plus_aggregate_c1_polynomial_broadcast,sum_of_actual_generated_client_update_objects_before_auxiliary_decryption_share_or_downlink_traffic,False,537.2245469999825,10744.49093999965,10744.49093999965,measured_sum_of_client_protection_plus_server_protected_aggregation_plus_authorized_recovery_or_decryption_ms_per_round,local_training__validation_test_evaluation__transport_latency__serialization_framing_not_explicitly_in_crypto_functions,2.910383045673371e-12,3.2000000000000006,20,20,0,"B1: xMK submit share (round-level finalize), noise=0.000",179.2,xmk_ckks,20,20,False,0,0,False,not_applicable,0,[],0,,True,0.0017204452090867595,0.0017281485220215498,3.9572916666666664,0,0,0,0,0,0,0,0,0,0,0,0,0,20,0,20,0,1,fixed_execution_host_runtime_payload_and_machine_specification__no_unmeasured_absolute_energy_or_carbon_claim,sequential_single_host_wall_clock_and_generated_protocol_object_bytes__machine_specification_recorded__transport_network_facility_energy_not_measured,runtime_payload_measured__energy_not_instrumented,not_reported_without_direct_hardware_energy_instrumentation,not_reported,False,,,,,,,not_reported,0,0.25,not_probed,0,,not_reported__no_valid_colab_network_or_device_energy_scope,,not_reported__no_direct_facility_or_grid_carbon_measurement,11.753243542000064,Absolute energy and carbon are not reported because direct hardware energy instrumentation is disabled.,False,,,,BASELINE
11,B1_xMK_CKKS,8,custom_xmk_reference_prototype,comparative_experiment,main_comparative,Custom xMK reference prototype with all-participant collaborative decryption; not a t-of-n threshold-CKKS security claim.,custom_xmk_reference_python,custom_reference_python_prototype,False,,,,,,,,,,{},False,False,,,0,baseline_unenforced,,,,,all_participants,configured_normalized_ciphertext_noise_proxy_sigma_over_scale,,,,not_applicable,0,0,0,False,,{},True,,strict_experiment_side_plaintext_oracle_comparison__max_coordinate_and_rmse_numeric_acceptance_envelope__relative_l2_diagnostic_only__no_plaintext_fallback_after_protected_aggregation_failure,custom_reference_prototype_numeric_acceptance_envelope__max_abs_and_rmse_are_acceptance_gates__relative_l2_is_diagnostic_only__not_a_formal_he_security_or_precision_proof,True,True,PASSED_PROTECTED_MAX_ABS_RMSE_ENVELOPE,7.5726002848977125e-06,2.9139397999427327e-07,1.0358883211897813e-07,0.07492530692472583,0.07492528851960673,0.001,0.0002,5e-05,True,True,True,True,finite_and_max_abs_and_rmse,0.9988062216916541,0.7166666666666667,0.6056338028169014,0.8775510204081632,0.9382831072778014,0.7284867912883576,0.9800379423012874,0.7256765151215882,0.7256765151215882,0.8877551020408163,0.0029544175576814856,0.8877551020408163,0.0029544175576814856,56808,56,12,86,0.0009848058525604951,0.12244897959183673,0.8775510204081632,0.0319900642186283,0.0319900642186283,fpr,0.005,0.9990344313019817,0.7634408602150538,0.6635514018691588,0.8987341772151899,0.9489713972468563,0.7717986706821625,0.984009561149898,0.8217566853681812,0.8217566853681812,0.8987341772151899,0.0007913827214772477,0.8987341772151899,0.0007913827214772477,45454,36,8,71,0.0007913827214772477,0.10126582278481013,0.8987341772151899,0.0319900642186283,fpr,0.005,1.0,False,B0_Plain_FL,NOT_FINAL_ROUND,,,,,,,,,,,,,,,,,,,,False,0.9982795547909132,11.763660165999909,742.2803579991069,3.5487249995185266,0.0,0.0,7633.609116999651,3217.679313999952,240,573440,28672.0,860160,286720,1146880,,not_modelled__session_or_evaluation_key_material_excluded_from_round_payload,actual_generated_protocol_object_bytes,xMK_ciphertext_uplink_plus_partial_decryption_share_uplink_plus_aggregate_c1_polynomial_broadcast,sum_of_actual_generated_client_update_objects_before_auxiliary_decryption_share_or_downlink_traffic,False,542.56442154998,10851.2884309996,10851.2884309996,measured_sum_of_client_protection_plus_server_protected_aggregation_plus_authorized_recovery_or_decryption_ms_per_round,local_training__validation_test_evaluation__transport_latency__serialization_framing_not_explicitly_in_crypto_functions,2.910383045673371e-12,3.2000000000000006,20,20,0,"B1: xMK submit share (round-level finalize), noise=0.000",179.2,xmk_ckks,20,20,False,0,0,False,not_applicable,0,[],0,,True,0.0017204452090867595,0.0017281485220215498,3.9572916666666664,0,0,0,0,0,0,0,0,0,0,0,0,0,20,0,20,0,1,fixed_execution_host_runtime_payload_and_machine_specification__no_unmeasured_absolute_energy_or_carbon_claim,sequential_single_host_wall_clock_and_generated_protocol_object_bytes__machine_specification_recorded__transport_network_facility_energy_not_measured,runtime_payload_measured__energy_not_instrumented,not_reported_without_direct_hardware_energy_instrumentation,not_reported,False,,,,,,,not_reported,0,0.25,not_probed,0,,not_reported__no_valid_colab_network_or_device_energy_scope,,not_reported__no_direct_facility_or_grid_carbon_measurement,11.763633616000106,Absolute energy and carbon are not reported because direct hardware energy instrumentation is disabled.,False,,,,BASELINE
11,B1_xMK_CKKS,9,custom_xmk_reference_prototype,comparative_experiment,main_comparative,Custom xMK reference prototype with all-participant collaborative decryption; not a t-of-n threshold-CKKS security claim.,custom_xmk_reference_python,custom_reference_python_prototype,False,,,,,,,,,,{},False,False,,,0,baseline_unenforced,,,,,all_participants,configured_normalized_ciphertext_noise_proxy_sigma_over_scale,,,,not_applicable,0,0,0,False,,{},True,,strict_experiment_side_plaintext_oracle_comparison__max_coordinate_and_rmse_numeric_acceptance_envelope__relative_l2_diagnostic_only__no_plaintext_fallback_after_protected_aggregation_failure,custom_reference_prototype_numeric_acceptance_envelope__max_abs_and_rmse_are_acceptance_gates__relative_l2_is_diagnostic_only__not_a_formal_he_security_or_precision_proof,True,True,PASSED_PROTECTED_MAX_ABS_RMSE_ENVELOPE,8.361046904805535e-06,2.2111554730946947e-07,8.567937120478567e-08,0.05612756973521018,0.05612779772891387,0.001,0.0002,5e-05,True,True,True,True,finite_and_max_abs_and_rmse,0.9987886661282961,0.7136929460580913,0.6013986013986014,0.8775510204081632,0.9382743143684036,0.7259269901137303,0.9799284795516406,0.7266153368885223,0.7266153368885223,0.8877551020408163,0.0023389138998311763,0.8877551020408163,0.0023389138998311763,56807,57,12,86,0.0010023916713562183,0.12244897959183673,0.8775510204081632,0.03681701545430039,0.03681701545430039,fpr,0.005,0.9990344313019817,0.7634408602150538,0.6635514018691588,0.8987341772151899,0.9489713972468563,0.7717986706821625,0.9843657390273561,0.8221866665992565,0.8221866665992565,0.8987341772151899,0.0007913827214772477,0.8987341772151899,0.0007913827214772477,45454,36,8,71,0.0007913827214772477,0.10126582278481013,0.8987341772151899,0.03681701545430039,fpr,0.005,1.0,False,B0_Plain_FL,NOT_FINAL_ROUND,,,,,,,,,,,,,,,,,,,,False,0.9982795547909132,11.712151176999896,857.7932959994996,3.4199830008674326,0.0,0.0,7411.958686000389,3273.08387700009,240,573440,28672.0,860160,286720,1146880,,not_modelled__session_or_evaluation_key_material_excluded_from_round_payload,actual_generated_protocol_object_bytes,xMK_ciphertext_uplink_plus_partial_decryption_share_uplink_plus_aggregate_c1_polynomial_broadcast,sum_of_actual_generated_client_update_objects_before_auxiliary_decryption_share_or_downlink_traffic,False,534.2521281500241,10685.042563000481,10685.042563000481,measured_sum_of_client_protection_plus_server_protected_aggregation_plus_authorized_recovery_or_decryption_ms_per_round,local_training__validation_test_evaluation__transport_latency__serialization_framing_not_explicitly_in_crypto_functions,2.910383045673371e-12,3.2000000000000006,20,20,0,"B1: xMK submit share (round-level finalize), noise=0.000",179.2,xmk_ckks,20,20,False,0,0,False,not_applicable,0,[],0,,True,0.0017204452090867595,0.0017281485220215498,3.9572916666666664,0,0,0,0,0,0,0,0,0,0,0,0,0,20,0,20,0,1,fixed_execution_host_runtime_payload_and_machine_specification__no_unmeasured_absolute_energy_or_carbon_claim,sequential_single_host_wall_clock_and_generated_protocol_object_bytes__machine_specification_recorded__transport_network_facility_energy_not_measured,runtime_payload_measured__energy_not_instrumented,not_reported_without_direct_hardware_energy_instrumentation,not_reported,False,,,,,,,not_reported,0,0.25,not_probed,0,,not_reported__no_valid_colab_network_or_device_energy_scope,,not_reported__no_direct_facility_or_grid_carbon_measurement,11.712125690999983,Absolute energy and carbon are not reported because direct hardware energy instrumentation is disabled.,False,,,,BASELINE
11,B1_xMK_CKKS,10,custom_xmk_reference_prototype,comparative_experiment,main_comparative,Custom xMK reference prototype with all-participant collaborative decryption; not a t-of-n threshold-CKKS security claim.,custom_xmk_reference_python,custom_reference_python_prototype,False,,,,,,,,,,{},False,False,,,0,baseline_unenforced,,,,,all_participants,configured_normalized_ciphertext_noise_proxy_sigma_over_scale,,,,not_applicable,0,0,0,False,,{},True,,strict_experiment_side_plaintext_oracle_comparison__max_coordinate_and_rmse_numeric_acceptance_envelope__relative_l2_diagnostic_only__no_plaintext_fallback_after_protected_aggregation_failure,custom_reference_prototype_numeric_acceptance_envelope__max_abs_and_rmse_are_acceptance_gates__relative_l2_is_diagnostic_only__not_a_formal_he_security_or_precision_proof,True,True,PASSED_PROTECTED_MAX_ABS_RMSE_ENVELOPE,1.4363067911337775e-05,2.9312622016339565e-07,1.0678023615356676e-07,0.04071967381664598,0.04071960837273271,0.001,0.0002,5e-05,True,True,True,True,finite_and_max_abs_and_rmse,0.9987886661282961,0.7136929460580913,0.6013986013986014,0.8775510204081632,0.9382743143684036,0.7259269901137303,0.979869261998553,0.726759172906937,0.726759172906937,0.8877551020408163,0.0021102982554867754,0.8877551020408163,0.0021102982554867754,56807,57,12,86,0.0010023916713562183,0.12244897959183673,0.8775510204081632,0.04105006330540814,0.04105006330540814,fpr,0.005,0.9990344313019817,0.7634408602150538,0.6635514018691588,0.8987341772151899,0.9489713972468563,0.7717986706821625,0.9843710260427248,0.8229897828448812,0.8229897828448812,0.8987341772151899,0.0007913827214772477,0.8987341772151899,0.0007913827214772477,45454,36,8,71,0.0007913827214772477,0.10126582278481013,0.8987341772151899,0.04105006330540814,fpr,0.005,1.0,False,B0_Plain_FL,NOT_FINAL_ROUND,,,,,,,,,,,,,,,,,,,,False,0.9982795547909132,11.696164460999853,750.2528750003421,3.1721230000130163,0.0,0.0,6611.437277000732,4166.071255999896,240,573440,28672.0,860160,286720,1146880,,not_modelled__session_or_evaluation_key_material_excluded_from_round_payload,actual_generated_protocol_object_bytes,xMK_ciphertext_uplink_plus_partial_decryption_share_uplink_plus_aggregate_c1_polynomial_broadcast,sum_of_actual_generated_client_update_objects_before_auxiliary_decryption_share_or_downlink_traffic,False,538.8754266500313,10777.508533000626,10777.508533000626,measured_sum_of_client_protection_plus_server_protected_aggregation_plus_authorized_recovery_or_decryption_ms_per_round,local_training__validation_test_evaluation__transport_latency__serialization_framing_not_explicitly_in_crypto_functions,2.910383045673371e-12,3.2000000000000006,20,20,0,"B1: xMK submit share (round-level finalize), noise=0.000",179.2,xmk_ckks,20,20,False,0,0,False,not_applicable,0,[],0,,True,0.0017204452090867595,0.0017281485220215498,3.9572916666666664,0,0,0,0,0,0,0,0,0,0,0,0,0,20,0,20,0,1,fixed_execution_host_runtime_payload_and_machine_specification__no_unmeasured_absolute_energy_or_carbon_claim,sequential_single_host_wall_clock_and_generated_protocol_object_bytes__machine_specification_recorded__transport_network_facility_energy_not_measured,runtime_payload_measured__energy_not_instrumented,not_reported_without_direct_hardware_energy_instrumentation,not_reported,False,,,,,,,not_reported,0,0.25,not_probed,0,,not_reported__no_valid_colab_network_or_device_energy_scope,,not_reported__no_direct_facility_or_grid_carbon_measurement,11.696136270000125,Absolute energy and carbon are not reported because direct hardware energy instrumentation is disabled.,False,,,,BASELINE
11,B1_xMK_CKKS,11,custom_xmk_reference_prototype,comparative_experiment,main_comparative,Custom xMK reference prototype with all-participant collaborative decryption; not a t-of-n threshold-CKKS security claim.,custom_xmk_reference_python,custom_reference_python_prototype,False,,,,,,,,,,{},False,False,,,0,baseline_unenforced,,,,,all_participants,configured_normalized_ciphertext_noise_proxy_sigma_over_scale,,,,not_applicable,0,0,0,False,,{},True,,strict_experiment_side_plaintext_oracle_comparison__max_coordinate_and_rmse_numeric_acceptance_envelope__relative_l2_diagnostic_only__no_plaintext_fallback_after_protected_aggregation_failure,custom_reference_prototype_numeric_acceptance_envelope__max_abs_and_rmse_are_acceptance_gates__relative_l2_is_diagnostic_only__not_a_formal_he_security_or_precision_proof,True,True,PASSED_PROTECTED_MAX_ABS_RMSE_ENVELOPE,1.4314753474619894e-05,1.9347397432756264e-07,7.732026566336345e-08,0.02958489905521015,0.02958492270621851,0.001,0.0002,5e-05,True,True,True,True,finite_and_max_abs_and_rmse,0.9987886661282961,0.7136929460580913,0.6013986013986014,0.8775510204081632,0.9382743143684036,0.7259269901137303,0.9797624909558647,0.7276024339945035,0.7276024339945035,0.8877551020408163,0.0020223691615081597,0.8877551020408163,0.0020223691615081597,56807,57,12,86,0.0010023916713562183,0.12244897959183673,0.8775510204081632,0.044709191453760684,0.044709191453760684,fpr,0.005,0.9990124865588448,0.7593582887700535,0.6574074074074074,0.8987341772151899,0.9489604058201692,0.7682068609511581,0.9842875468526954,0.8230692567657015,0.8230692567657015,0.8987341772151899,0.0008133655748516158,0.8987341772151899,0.0008133655748516158,45453,37,8,71,0.0008133655748516158,0.10126582278481013,0.8987341772151899,0.044709191453760684,fpr,0.005,1.0,False,B0_Plain_FL,NOT_FINAL_ROUND,,,,,,,,,,,,,,,,,,,,False,0.9982795547909132,11.347439798000096,710.4756360006377,3.0475579994799773,0.0,0.0,6481.033891000152,3938.6591099998896,240,573440,28672.0,860160,286720,1146880,,not_modelled__session_or_evaluation_key_material_excluded_from_round_payload,actual_generated_protocol_object_bytes,xMK_ciphertext_uplink_plus_partial_decryption_share_uplink_plus_aggregate_c1_polynomial_broadcast,sum_of_actual_generated_client_update_objects_before_auxiliary_decryption_share_or_downlink_traffic,False,520.9846500500022,10419.693001000043,10419.693001000043,measured_sum_of_client_protection_plus_server_protected_aggregation_plus_authorized_recovery_or_decryption_ms_per_round,local_training__validation_test_evaluation__transport_latency__serialization_framing_not_explicitly_in_crypto_functions,2.910383045673371e-12,3.2000000000000006,20,20,0,"B1: xMK submit share (round-level finalize), noise=0.000",179.2,xmk_ckks,20,20,False,0,0,False,not_applicable,0,[],0,,True,0.0017204452090867595,0.0017281485220215498,3.9572916666666664,0,0,0,0,0,0,0,0,0,0,0,0,0,20,0,20,0,1,fixed_execution_host_runtime_payload_and_machine_specification__no_unmeasured_absolute_energy_or_carbon_claim,sequential_single_host_wall_clock_and_generated_protocol_object_bytes__machine_specification_recorded__transport_network_facility_energy_not_measured,runtime_payload_measured__energy_not_instrumented,not_reported_without_direct_hardware_energy_instrumentation,not_reported,False,,,,,,,not_reported,0,0.25,not_probed,0,,not_reported__no_valid_colab_network_or_device_energy_scope,,not_reported__no_direct_facility_or_grid_carbon_measurement,11.347407159000113,Absolute energy and carbon are not reported because direct hardware energy instrumentation is disabled.,False,,,,BASELINE
11,B1_xMK_CKKS,12,custom_xmk_reference_prototype,comparative_experiment,main_comparative,Custom xMK reference prototype with all-participant collaborative decryption; not a t-of-n threshold-CKKS security claim.,custom_xmk_reference_python,custom_reference_python_prototype,False,,,,,,,,,,{},False,False,,,0,baseline_unenforced,,,,,all_participants,configured_normalized_ciphertext_noise_proxy_sigma_over_scale,,,,not_applicable,0,0,0,False,,{},True,,strict_experiment_side_plaintext_oracle_comparison__max_coordinate_and_rmse_numeric_acceptance_envelope__relative_l2_diagnostic_only__no_plaintext_fallback_after_protected_aggregation_failure,custom_reference_prototype_numeric_acceptance_envelope__max_abs_and_rmse_are_acceptance_gates__relative_l2_is_diagnostic_only__not_a_formal_he_security_or_precision_proof,True,True,PASSED_PROTECTED_MAX_ABS_RMSE_ENVELOPE,2.4020293188419076e-05,2.6867107835077834e-07,9.179763312779213e-08,0.020932148493305904,0.02093210872541008,0.001,0.0002,5e-05,True,True,True,True,finite_and_max_abs_and_rmse,0.9987886661282961,0.7136929460580913,0.6013986013986014,0.8775510204081632,0.9382743143684036,0.7259269901137303,0.9796472858980396,0.7276869852646609,0.7276869852646609,0.8877551020408163,0.0019344400675295442,0.8877551020408163,0.0019344400675295442,56807,57,12,86,0.0010023916713562183,0.12244897959183673,0.8775510204081632,0.04771282363724874,0.04771282363724874,fpr,0.005,0.9990124865588448,0.7593582887700535,0.6574074074074074,0.8987341772151899,0.9489604058201692,0.7682068609511581,0.9842110242618353,0.8230729711383524,0.8230729711383524,0.8987341772151899,0.0008133655748516158,0.8987341772151899,0.0008133655748516158,45453,37,8,71,0.0008133655748516158,0.10126582278481013,0.8987341772151899,0.04771282363724874,fpr,0.005,1.0,False,B0_Plain_FL,NOT_FINAL_ROUND,,,,,,,,,,,,,,,,,,,,False,0.9982795547909132,10.965872198999932,819.0984880002361,3.384007999784444,0.0,0.0,6757.569248999516,3209.4239160001052,240,573440,28672.0,860160,286720,1146880,,not_modelled__session_or_evaluation_key_material_excluded_from_round_payload,actual_generated_protocol_object_bytes,xMK_ciphertext_uplink_plus_partial_decryption_share_uplink_plus_aggregate_c1_polynomial_broadcast,sum_of_actual_generated_client_update_objects_before_auxiliary_decryption_share_or_downlink_traffic,False,498.3496582499811,9966.993164999622,9966.993164999622,measured_sum_of_client_protection_plus_server_protected_aggregation_plus_authorized_recovery_or_decryption_ms_per_round,local_training__validation_test_evaluation__transport_latency__serialization_framing_not_explicitly_in_crypto_functions,2.910383045673371e-12,3.2000000000000006,20,20,0,"B1: xMK submit share (round-level finalize), noise=0.000",179.2,xmk_ckks,20,20,False,0,0,False,not_applicable,0,[],0,,True,0.0017204452090867595,0.0017281485220215498,3.9572916666666664,0,0,0,0,0,0,0,0,0,0,0,0,0,20,0,20,0,1,fixed_execution_host_runtime_payload_and_machine_specification__no_unmeasured_absolute_energy_or_carbon_claim,sequential_single_host_wall_clock_and_generated_protocol_object_bytes__machine_specification_recorded__transport_network_facility_energy_not_measured,runtime_payload_measured__energy_not_instrumented,not_reported_without_direct_hardware_energy_instrumentation,not_reported,False,,,,,,,not_reported,0,0.25,not_probed,0,,not_reported__no_valid_colab_network_or_device_energy_scope,,not_reported__no_direct_facility_or_grid_carbon_measurement,10.965839390999918,Absolute energy and carbon are not reported because direct hardware energy instrumentation is disabled.,False,,,,BASELINE
11,B1_xMK_CKKS,13,custom_xmk_reference_prototype,comparative_experiment,main_comparative,Custom xMK reference prototype with all-participant collaborative decryption; not a t-of-n threshold-CKKS security claim.,custom_xmk_reference_python,custom_reference_python_prototype,False,,,,,,,,,,{},False,False,,,0,baseline_unenforced,,,,,all_participants,configured_normalized_ciphertext_noise_proxy_sigma_over_scale,,,,not_applicable,0,0,0,False,,{},True,,strict_experiment_side_plaintext_oracle_comparison__max_coordinate_and_rmse_numeric_acceptance_envelope__relative_l2_diagnostic_only__no_plaintext_fallback_after_protected_aggregation_failure,custom_reference_prototype_numeric_acceptance_envelope__max_abs_and_rmse_are_acceptance_gates__relative_l2_is_diagnostic_only__not_a_formal_he_security_or_precision_proof,True,True,PASSED_PROTECTED_MAX_ABS_RMSE_ENVELOPE,3.0312559698325075e-05,1.614928126984056e-07,8.031888449385734e-08,0.014512949505329015,0.014512949189928499,0.001,0.0002,5e-05,True,True,True,True,finite_and_max_abs_and_rmse,0.9987886661282961,0.7136929460580913,0.6013986013986014,0.8775510204081632,0.9382743143684036,0.7259269901137303,0.9795758659400733,0.7282519813639854,0.7282519813639854,0.8877551020408163,0.001758581879572313,0.8877551020408163,0.001758581879572313,56807,57,12,86,0.0010023916713562183,0.12244897959183673,0.8775510204081632,0.04990510485138013,0.04990510485138013,fpr,0.005,0.9990124865588448,0.7593582887700535,0.6574074074074074,0.8987341772151899,0.9489604058201692,0.7682068609511581,0.9842104677339018,0.8230863669696807,0.8230863669696807,0.8987341772151899,0.0008133655748516158,0.8987341772151899,0.0008133655748516158,45453,37,8,71,0.0008133655748516158,0.10126582278481013,0.8987341772151899,0.04990510485138013,fpr,0.005,1.0,False,B0_Plain_FL,NOT_FINAL_ROUND,,,,,,,,,,,,,,,,,,,,False,0.9982795547909132,11.727217370000062,913.2825779997802,3.3723410006132326,0.0,0.0,7422.759412000005,3220.3705670001455,240,573440,28672.0,860160,286720,1146880,,not_modelled__session_or_evaluation_key_material_excluded_from_round_payload,actual_generated_protocol_object_bytes,xMK_ciphertext_uplink_plus_partial_decryption_share_uplink_plus_aggregate_c1_polynomial_broadcast,sum_of_actual_generated_client_update_objects_before_auxiliary_decryption_share_or_downlink_traffic,False,532.1564989500074,10643.129979000149,10643.129979000149,measured_sum_of_client_protection_plus_server_protected_aggregation_plus_authorized_recovery_or_decryption_ms_per_round,local_training__validation_test_evaluation__transport_latency__serialization_framing_not_explicitly_in_crypto_functions,2.910383045673371e-12,3.2000000000000006,20,20,0,"B1: xMK submit share (round-level finalize), noise=0.000",179.2,xmk_ckks,20,20,False,0,0,False,not_applicable,0,[],0,,True,0.0017204452090867595,0.0017281485220215498,3.9572916666666664,0,0,0,0,0,0,0,0,0,0,0,0,0,20,0,20,0,1,fixed_execution_host_runtime_payload_and_machine_specification__no_unmeasured_absolute_energy_or_carbon_claim,sequential_single_host_wall_clock_and_generated_protocol_object_bytes__machine_specification_recorded__transport_network_facility_energy_not_measured,runtime_payload_measured__energy_not_instrumented,not_reported_without_direct_hardware_energy_instrumentation,not_reported,False,,,,,,,not_reported,0,0.25,not_probed,0,,not_reported__no_valid_colab_network_or_device_energy_scope,,not_reported__no_direct_facility_or_grid_carbon_measurement,11.727190746000133,Absolute energy and carbon are not reported because direct hardware energy instrumentation is disabled.,False,,,,BASELINE
11,B1_xMK_CKKS,14,custom_xmk_reference_prototype,comparative_experiment,main_comparative,Custom xMK reference prototype with all-participant collaborative decryption; not a t-of-n threshold-CKKS security claim.,custom_xmk_reference_python,custom_reference_python_prototype,False,,,,,,,,,,{},False,False,,,0,baseline_unenforced,,,,,all_participants,configured_normalized_ciphertext_noise_proxy_sigma_over_scale,,,,not_applicable,0,0,0,False,,{},True,,strict_experiment_side_plaintext_oracle_comparison__max_coordinate_and_rmse_numeric_acceptance_envelope__relative_l2_diagnostic_only__no_plaintext_fallback_after_protected_aggregation_failure,custom_reference_prototype_numeric_acceptance_envelope__max_abs_and_rmse_are_acceptance_gates__relative_l2_is_diagnostic_only__not_a_formal_he_security_or_precision_proof,True,True,PASSED_PROTECTED_MAX_ABS_RMSE_ENVELOPE,4.4765536428489454e-05,3.902511840363134e-07,1.0564834142647834e-07,0.012926457354141385,0.012926469337410965,0.001,0.0002,5e-05,True,True,True,True,finite_and_max_abs_and_rmse,0.9987886661282961,0.7136929460580913,0.6013986013986014,0.8775510204081632,0.9382743143684036,0.7259269901137303,0.979520237329597,0.7285107208577526,0.7285107208577526,0.8877551020408163,0.001653066966797974,0.8877551020408163,0.001653066966797974,56807,57,12,86,0.0010023916713562183,0.12244897959183673,0.8775510204081632,0.05184996951728752,0.05184996951728752,fpr,0.005,0.9990124865588448,0.7593582887700535,0.6574074074074074,0.8987341772151899,0.9489604058201692,0.7682068609511581,0.9841150231933017,0.8232294358372142,0.8232294358372142,0.8987341772151899,0.0008133655748516158,0.8987341772151899,0.0008133655748516158,45453,37,8,71,0.0008133655748516158,0.10126582278481013,0.8987341772151899,0.05184996951728752,fpr,0.005,1.0,False,B0_Plain_FL,NOT_FINAL_ROUND,,,,,,,,,,,,,,,,,,,,False,0.9982795547909132,11.814598484000044,796.4741189998676,4.482238999798938,0.0,0.0,7565.399430000298,3275.744098999894,240,573440,28672.0,860160,286720,1146880,,not_modelled__session_or_evaluation_key_material_excluded_from_round_payload,actual_generated_protocol_object_bytes,xMK_ciphertext_uplink_plus_partial_decryption_share_uplink_plus_aggregate_c1_polynomial_broadcast,sum_of_actual_generated_client_update_objects_before_auxiliary_decryption_share_or_downlink_traffic,False,542.0571764500096,10841.143529000192,10841.143529000192,measured_sum_of_client_protection_plus_server_protected_aggregation_plus_authorized_recovery_or_decryption_ms_per_round,local_training__validation_test_evaluation__transport_latency__serialization_framing_not_explicitly_in_crypto_functions,2.910383045673371e-12,3.2000000000000006,20,20,0,"B1: xMK submit share (round-level finalize), noise=0.000",179.2,xmk_ckks,20,20,False,0,0,False,not_applicable,0,[],0,,True,0.0017204452090867595,0.0017281485220215498,3.9572916666666664,0,0,0,0,0,0,0,0,0,0,0,0,0,20,0,20,0,1,fixed_execution_host_runtime_payload_and_machine_specification__no_unmeasured_absolute_energy_or_carbon_claim,sequential_single_host_wall_clock_and_generated_protocol_object_bytes__machine_specification_recorded__transport_network_facility_energy_not_measured,runtime_payload_measured__energy_not_instrumented,not_reported_without_direct_hardware_energy_instrumentation,not_reported,False,,,,,,,not_reported,0,0.25,not_probed,0,,not_reported__no_valid_colab_network_or_device_energy_scope,,not_reported__no_direct_facility_or_grid_carbon_measurement,11.814564259000008,Absolute energy and carbon are not reported because direct hardware energy instrumentation is disabled.,False,,,,BASELINE
11,B1_xMK_CKKS,15,custom_xmk_reference_prototype,comparative_experiment,main_comparative,Custom xMK reference prototype with all-participant collaborative decryption; not a t-of-n threshold-CKKS security claim.,custom_xmk_reference_python,custom_reference_python_prototype,False,,,,,,,,,,{},False,False,,,0,baseline_unenforced,,,,,all_participants,configured_normalized_ciphertext_noise_proxy_sigma_over_scale,,,,not_applicable,0,0,0,False,,{},True,,strict_experiment_side_plaintext_oracle_comparison__max_coordinate_and_rmse_numeric_acceptance_envelope__relative_l2_diagnostic_only__no_plaintext_fallback_after_protected_aggregation_failure,custom_reference_prototype_numeric_acceptance_envelope__max_abs_and_rmse_are_acceptance_gates__relative_l2_is_diagnostic_only__not_a_formal_he_security_or_precision_proof,True,True,PASSED_PROTECTED_MAX_ABS_RMSE_ENVELOPE,6.175928870441388e-05,3.0035292533983887e-07,1.0118870589231973e-07,0.008974089232320197,0.008974032670945493,0.001,0.0002,5e-05,True,True,True,True,finite_and_max_abs_and_rmse,0.9988062216916541,0.7166666666666667,0.6056338028169014,0.8775510204081632,0.9382831072778014,0.7284867912883576,0.979440383356494,0.7285588186414752,0.7285588186414752,0.8877551020408163,0.001494794597636466,0.8877551020408163,0.001494794597636466,56808,56,12,86,0.0009848058525604951,0.12244897959183673,0.8775510204081632,0.05272860390035033,0.05272860390035033,fpr,0.005,0.9990344313019817,0.7634408602150538,0.6635514018691588,0.8987341772151899,0.9489713972468563,0.7717986706821625,0.9841431278539448,0.8233117954313812,0.8233117954313812,0.8987341772151899,0.0007913827214772477,0.8987341772151899,0.0007913827214772477,45454,36,8,71,0.0007913827214772477,0.10126582278481013,0.8987341772151899,0.05272860390035033,fpr,0.005,1.0,False,B0_Plain_FL,NOT_FINAL_ROUND,,,,,,,,,,,,,,,,,,,,False,0.9982795547909132,11.68301043800011,851.0188250002102,4.225588999815955,0.0,0.0,7441.214715000569,3208.416054000054,240,573440,28672.0,860160,286720,1146880,,not_modelled__session_or_evaluation_key_material_excluded_from_round_payload,actual_generated_protocol_object_bytes,xMK_ciphertext_uplink_plus_partial_decryption_share_uplink_plus_aggregate_c1_polynomial_broadcast,sum_of_actual_generated_client_update_objects_before_auxiliary_decryption_share_or_downlink_traffic,False,532.481538450031,10649.630769000622,10649.630769000622,measured_sum_of_client_protection_plus_server_protected_aggregation_plus_authorized_recovery_or_decryption_ms_per_round,local_training__validation_test_evaluation__transport_latency__serialization_framing_not_explicitly_in_crypto_functions,2.910383045673371e-12,3.2000000000000006,20,20,0,"B1: xMK submit share (round-level finalize), noise=0.000",179.2,xmk_ckks,20,20,False,0,0,False,not_applicable,0,[],0,,True,0.0017204452090867595,0.0017281485220215498,3.9572916666666664,0,0,0,0,0,0,0,0,0,0,0,0,0,20,0,20,0,1,fixed_execution_host_runtime_payload_and_machine_specification__no_unmeasured_absolute_energy_or_carbon_claim,sequential_single_host_wall_clock_and_generated_protocol_object_bytes__machine_specification_recorded__transport_network_facility_energy_not_measured,runtime_payload_measured__energy_not_instrumented,not_reported_without_direct_hardware_energy_instrumentation,not_reported,False,,,,,,,not_reported,0,0.25,not_probed,0,,not_reported__no_valid_colab_network_or_device_energy_scope,,not_reported__no_direct_facility_or_grid_carbon_measurement,11.682981947999906,Absolute energy and carbon are not reported because direct hardware energy instrumentation is disabled.,False,,,,BASELINE
11,B1_xMK_CKKS,16,custom_xmk_reference_prototype,comparative_experiment,main_comparative,Custom xMK reference prototype with all-participant collaborative decryption; not a t-of-n threshold-CKKS security claim.,custom_xmk_reference_python,custom_reference_python_prototype,False,,,,,,,,,,{},False,False,,,0,baseline_unenforced,,,,,all_participants,configured_normalized_ciphertext_noise_proxy_sigma_over_scale,,,,not_applicable,0,0,0,False,,{},True,,strict_experiment_side_plaintext_oracle_comparison__max_coordinate_and_rmse_numeric_acceptance_envelope__relative_l2_diagnostic_only__no_plaintext_fallback_after_protected_aggregation_failure,custom_reference_prototype_numeric_acceptance_envelope__max_abs_and_rmse_are_acceptance_gates__relative_l2_is_diagnostic_only__not_a_formal_he_security_or_precision_proof,True,True,PASSED_PROTECTED_MAX_ABS_RMSE_ENVELOPE,6.165116892914874e-05,1.8273278798138295e-07,8.155153037075225e-08,0.007245217495924012,0.0072452510214790255,0.001,0.0002,5e-05,True,True,True,True,finite_and_max_abs_and_rmse,0.9988062216916541,0.7166666666666667,0.6056338028169014,0.8775510204081632,0.9382831072778014,0.7284867912883576,0.9793983927279409,0.7285726884591079,0.7285726884591079,0.8877551020408163,0.001494794597636466,0.8877551020408163,0.001494794597636466,56808,56,12,86,0.0009848058525604951,0.12244897959183673,0.8775510204081632,0.05317831002051448,0.05317831002051448,fpr,0.005,0.9990563760451184,0.7675675675675676,0.6698113207547169,0.8987341772151899,0.9489823886735436,0.7754411396718406,0.9841247624321383,0.8233914599739187,0.8233914599739187,0.8987341772151899,0.0007693998681028798,0.8987341772151899,0.0007693998681028798,45455,35,8,71,0.0007693998681028798,0.10126582278481013,0.8987341772151899,0.05317831002051448,fpr,0.005,1.0,False,B0_Plain_FL,NOT_FINAL_ROUND,,,,,,,,,,,,,,,,,,,,False,0.9982795547909132,11.780509415000097,800.5073310000625,3.283357000327669,0.0,0.0,7086.54418299966,3723.6515039999176,240,573440,28672.0,860160,286720,1146880,,not_modelled__session_or_evaluation_key_material_excluded_from_round_payload,actual_generated_protocol_object_bytes,xMK_ciphertext_uplink_plus_partial_decryption_share_uplink_plus_aggregate_c1_polynomial_broadcast,sum_of_actual_generated_client_update_objects_before_auxiliary_decryption_share_or_downlink_traffic,False,540.5097843499789,10810.195686999577,10810.195686999577,measured_sum_of_client_protection_plus_server_protected_aggregation_plus_authorized_recovery_or_decryption_ms_per_round,local_training__validation_test_evaluation__transport_latency__serialization_framing_not_explicitly_in_crypto_functions,2.910383045673371e-12,3.2000000000000006,20,20,0,"B1: xMK submit share (round-level finalize), noise=0.000",179.2,xmk_ckks,20,20,False,0,0,False,not_applicable,0,[],0,,True,0.0017204452090867595,0.0017281485220215498,3.9572916666666664,0,0,0,0,0,0,0,0,0,0,0,0,0,20,0,20,0,1,fixed_execution_host_runtime_payload_and_machine_specification__no_unmeasured_absolute_energy_or_carbon_claim,sequential_single_host_wall_clock_and_generated_protocol_object_bytes__machine_specification_recorded__transport_network_facility_energy_not_measured,runtime_payload_measured__energy_not_instrumented,not_reported_without_direct_hardware_energy_instrumentation,not_reported,False,,,,,,,not_reported,0,0.25,not_probed,0,,not_reported__no_valid_colab_network_or_device_energy_scope,,not_reported__no_direct_facility_or_grid_carbon_measurement,11.780482334999988,Absolute energy and carbon are not reported because direct hardware energy instrumentation is disabled.,False,,,,BASELINE
11,B1_xMK_CKKS,17,custom_xmk_reference_prototype,comparative_experiment,main_comparative,Custom xMK reference prototype with all-participant collaborative decryption; not a t-of-n threshold-CKKS security claim.,custom_xmk_reference_python,custom_reference_python_prototype,False,,,,,,,,,,{},False,False,,,0,baseline_unenforced,,,,,all_participants,configured_normalized_ciphertext_noise_proxy_sigma_over_scale,,,,not_applicable,0,0,0,False,,{},True,,strict_experiment_side_plaintext_oracle_comparison__max_coordinate_and_rmse_numeric_acceptance_envelope__relative_l2_diagnostic_only__no_plaintext_fallback_after_protected_aggregation_failure,custom_reference_prototype_numeric_acceptance_envelope__max_abs_and_rmse_are_acceptance_gates__relative_l2_is_diagnostic_only__not_a_formal_he_security_or_precision_proof,True,True,PASSED_PROTECTED_MAX_ABS_RMSE_ENVELOPE,9.968772295747928e-05,3.050003420821887e-07,1.0855742593035747e-07,0.005964561050526352,0.005964553484725075,0.001,0.0002,5e-05,True,True,True,True,finite_and_max_abs_and_rmse,0.9988062216916541,0.7166666666666667,0.6056338028169014,0.8775510204081632,0.9382831072778014,0.7284867912883576,0.9793612471719132,0.7282423562682142,0.7282423562682142,0.8877551020408163,0.001494794597636466,0.8877551020408163,0.001494794597636466,56808,56,12,86,0.0009848058525604951,0.12244897959183673,0.8775510204081632,0.053259848643679074,0.053259848643679074,fpr,0.005,0.9990563760451184,0.7675675675675676,0.6698113207547169,0.8987341772151899,0.9489823886735436,0.7754411396718406,0.9841539801486486,0.823392451327404,0.823392451327404,0.8987341772151899,0.0007693998681028798,0.8987341772151899,0.0007693998681028798,45455,35,8,71,0.0007693998681028798,0.10126582278481013,0.8987341772151899,0.053259848643679074,fpr,0.005,1.0,False,B0_Plain_FL,NOT_FINAL_ROUND,,,,,,,,,,,,,,,,,,,,False,0.9982795547909132,11.562577191999935,688.772009000786,3.2701629995699477,0.0,0.0,6408.845408000161,4236.667199000067,240,573440,28672.0,860160,286720,1146880,,not_modelled__session_or_evaluation_key_material_excluded_from_round_payload,actual_generated_protocol_object_bytes,xMK_ciphertext_uplink_plus_partial_decryption_share_uplink_plus_aggregate_c1_polynomial_broadcast,sum_of_actual_generated_client_update_objects_before_auxiliary_decryption_share_or_downlink_traffic,False,532.2756303500115,10645.51260700023,10645.51260700023,measured_sum_of_client_protection_plus_server_protected_aggregation_plus_authorized_recovery_or_decryption_ms_per_round,local_training__validation_test_evaluation__transport_latency__serialization_framing_not_explicitly_in_crypto_functions,2.910383045673371e-12,3.2000000000000006,20,20,0,"B1: xMK submit share (round-level finalize), noise=0.000",179.2,xmk_ckks,20,20,False,0,0,False,not_applicable,0,[],0,,True,0.0017204452090867595,0.0017281485220215498,3.9572916666666664,0,0,0,0,0,0,0,0,0,0,0,0,0,20,0,20,0,1,fixed_execution_host_runtime_payload_and_machine_specification__no_unmeasured_absolute_energy_or_carbon_claim,sequential_single_host_wall_clock_and_generated_protocol_object_bytes__machine_specification_recorded__transport_network_facility_energy_not_measured,runtime_payload_measured__energy_not_instrumented,not_reported_without_direct_hardware_energy_instrumentation,not_reported,False,,,,,,,not_reported,0,0.25,not_probed,0,,not_reported__no_valid_colab_network_or_device_energy_scope,,not_reported__no_direct_facility_or_grid_carbon_measurement,11.562550885999826,Absolute energy and carbon are not reported because direct hardware energy instrumentation is disabled.,False,,,,BASELINE
11,B1_xMK_CKKS,18,custom_xmk_reference_prototype,comparative_experiment,main_comparative,Custom xMK reference prototype with all-participant collaborative decryption; not a t-of-n threshold-CKKS security claim.,custom_xmk_reference_python,custom_reference_python_prototype,False,,,,,,,,,,{},False,False,,,0,baseline_unenforced,,,,,all_participants,configured_normalized_ciphertext_noise_proxy_sigma_over_scale,,,,not_applicable,0,0,0,False,,{},True,,strict_experiment_side_plaintext_oracle_comparison__max_coordinate_and_rmse_numeric_acceptance_envelope__relative_l2_diagnostic_only__no_plaintext_fallback_after_protected_aggregation_failure,custom_reference_prototype_numeric_acceptance_envelope__max_abs_and_rmse_are_acceptance_gates__relative_l2_is_diagnostic_only__not_a_formal_he_security_or_precision_proof,True,True,PASSED_PROTECTED_MAX_ABS_RMSE_ENVELOPE,8.32754731268072e-05,2.392542995283435e-07,1.0773638090143641e-07,0.007086077551970358,0.007086096026462872,0.001,0.0002,5e-05,True,True,True,True,finite_and_max_abs_and_rmse,0.9988062216916541,0.7166666666666667,0.6056338028169014,0.8775510204081632,0.9382831072778014,0.7284867912883576,0.9792991584647365,0.7281927315086208,0.7281927315086208,0.8877551020408163,0.0014772087788407428,0.8877551020408163,0.0014772087788407428,56808,56,12,86,0.0009848058525604951,0.12244897959183673,0.8775510204081632,0.0528887403718867,0.0528887403718867,fpr,0.005,0.9990563760451184,0.7675675675675676,0.6698113207547169,0.8987341772151899,0.9489823886735436,0.7754411396718406,0.9842190939168713,0.8233949922859806,0.8233949922859806,0.8987341772151899,0.0007693998681028798,0.8987341772151899,0.0007693998681028798,45455,35,8,71,0.0007693998681028798,0.10126582278481013,0.8987341772151899,0.0528887403718867,fpr,0.005,1.0,False,B0_Plain_FL,NOT_FINAL_ROUND,,,,,,,,,,,,,,,,,,,,False,0.9982795547909132,10.913077739000073,700.9815670010084,3.1995190004181495,0.0,0.0,6460.986707999382,3558.050020999872,240,573440,28672.0,860160,286720,1146880,,not_modelled__session_or_evaluation_key_material_excluded_from_round_payload,actual_generated_protocol_object_bytes,xMK_ciphertext_uplink_plus_partial_decryption_share_uplink_plus_aggregate_c1_polynomial_broadcast,sum_of_actual_generated_client_update_objects_before_auxiliary_decryption_share_or_downlink_traffic,False,500.9518364499627,10019.036728999254,10019.036728999254,measured_sum_of_client_protection_plus_server_protected_aggregation_plus_authorized_recovery_or_decryption_ms_per_round,local_training__validation_test_evaluation__transport_latency__serialization_framing_not_explicitly_in_crypto_functions,2.910383045673371e-12,3.2000000000000006,20,20,0,"B1: xMK submit share (round-level finalize), noise=0.000",179.2,xmk_ckks,20,20,False,0,0,False,not_applicable,0,[],0,,True,0.0017204452090867595,0.0017281485220215498,3.9572916666666664,0,0,0,0,0,0,0,0,0,0,0,0,0,20,0,20,0,1,fixed_execution_host_runtime_payload_and_machine_specification__no_unmeasured_absolute_energy_or_carbon_claim,sequential_single_host_wall_clock_and_generated_protocol_object_bytes__machine_specification_recorded__transport_network_facility_energy_not_measured,runtime_payload_measured__energy_not_instrumented,not_reported_without_direct_hardware_energy_instrumentation,not_reported,False,,,,,,,not_reported,0,0.25,not_probed,0,,not_reported__no_valid_colab_network_or_device_energy_scope,,not_reported__no_direct_facility_or_grid_carbon_measurement,10.913031042000057,Absolute energy and carbon are not reported because direct hardware energy instrumentation is disabled.,False,,,,BASELINE
11,B1_xMK_CKKS,19,custom_xmk_reference_prototype,comparative_experiment,main_comparative,Custom xMK reference prototype with all-participant collaborative decryption; not a t-of-n threshold-CKKS security claim.,custom_xmk_reference_python,custom_reference_python_prototype,False,,,,,,,,,,{},False,False,,,0,baseline_unenforced,,,,,all_participants,configured_normalized_ciphertext_noise_proxy_sigma_over_scale,,,,not_applicable,0,0,0,False,,{},True,,strict_experiment_side_plaintext_oracle_comparison__max_coordinate_and_rmse_numeric_acceptance_envelope__relative_l2_diagnostic_only__no_plaintext_fallback_after_protected_aggregation_failure,custom_reference_prototype_numeric_acceptance_envelope__max_abs_and_rmse_are_acceptance_gates__relative_l2_is_diagnostic_only__not_a_formal_he_security_or_precision_proof,True,True,PASSED_PROTECTED_MAX_ABS_RMSE_ENVELOPE,8.165165062372029e-05,2.0706944523309935e-07,8.805815468888595e-08,0.0059069764442956,0.005906988879819694,0.001,0.0002,5e-05,True,True,True,True,finite_and_max_abs_and_rmse,0.9988062216916541,0.7166666666666667,0.6056338028169014,0.8775510204081632,0.9382831072778014,0.7284867912883576,0.979232404132165,0.7281547117895657,0.7281547117895657,0.8877551020408163,0.0014772087788407428,0.8877551020408163,0.0014772087788407428,56808,56,12,86,0.0009848058525604951,0.12244897959183673,0.8775510204081632,0.05367541859211141,0.05367541859211141,fpr,0.005,0.9990563760451184,0.7675675675675676,0.6698113207547169,0.8987341772151899,0.9489823886735436,0.7754411396718406,0.9842427463540464,0.8234021012439863,0.8234021012439863,0.8987341772151899,0.0007693998681028798,0.8987341772151899,0.0007693998681028798,45455,35,8,71,0.0007693998681028798,0.10126582278481013,0.8987341772151899,0.05367541859211141,fpr,0.005,1.0,False,B0_Plain_FL,NOT_FINAL_ROUND,,,,,,,,,,,,,,,,,,,,False,0.9982795547909132,11.50707642600014,948.280448999185,3.4367169994311553,0.0,0.0,7167.64769700012,3222.182049999901,240,573440,28672.0,860160,286720,1146880,,not_modelled__session_or_evaluation_key_material_excluded_from_round_payload,actual_generated_protocol_object_bytes,xMK_ciphertext_uplink_plus_partial_decryption_share_uplink_plus_aggregate_c1_polynomial_broadcast,sum_of_actual_generated_client_update_objects_before_auxiliary_decryption_share_or_downlink_traffic,False,519.4914873500011,10389.829747000022,10389.829747000022,measured_sum_of_client_protection_plus_server_protected_aggregation_plus_authorized_recovery_or_decryption_ms_per_round,local_training__validation_test_evaluation__transport_latency__serialization_framing_not_explicitly_in_crypto_functions,2.910383045673371e-12,3.2000000000000006,20,20,0,"B1: xMK submit share (round-level finalize), noise=0.000",179.2,xmk_ckks,20,20,False,0,0,False,not_applicable,0,[],0,,True,0.0017204452090867595,0.0017281485220215498,3.9572916666666664,0,0,0,0,0,0,0,0,0,0,0,0,0,20,0,20,0,1,fixed_execution_host_runtime_payload_and_machine_specification__no_unmeasured_absolute_energy_or_carbon_claim,sequential_single_host_wall_clock_and_generated_protocol_object_bytes__machine_specification_recorded__transport_network_facility_energy_not_measured,runtime_payload_measured__energy_not_instrumented,not_reported_without_direct_hardware_energy_instrumentation,not_reported,False,,,,,,,not_reported,0,0.25,not_probed,0,,not_reported__no_valid_colab_network_or_device_energy_scope,,not_reported__no_direct_facility_or_grid_carbon_measurement,11.507033960999934,Absolute energy and carbon are not reported because direct hardware energy instrumentation is disabled.,False,,,,BASELINE
11,B1_xMK_CKKS,20,custom_xmk_reference_prototype,comparative_experiment,main_comparative,Custom xMK reference prototype with all-participant collaborative decryption; not a t-of-n threshold-CKKS security claim.,custom_xmk_reference_python,custom_reference_python_prototype,False,,,,,,,,,,{},False,False,,,0,baseline_unenforced,,,,,all_participants,configured_normalized_ciphertext_noise_proxy_sigma_over_scale,,,,not_applicable,0,0,0,False,,{},True,,strict_experiment_side_plaintext_oracle_comparison__max_coordinate_and_rmse_numeric_acceptance_envelope__relative_l2_diagnostic_only__no_plaintext_fallback_after_protected_aggregation_failure,custom_reference_prototype_numeric_acceptance_envelope__max_abs_and_rmse_are_acceptance_gates__relative_l2_is_diagnostic_only__not_a_formal_he_security_or_precision_proof,True,True,PASSED_PROTECTED_MAX_ABS_RMSE_ENVELOPE,0.00010450944975393979,2.3059577930345803e-07,9.452158088601874e-08,0.004953772327168814,0.004953806567278551,0.001,0.0002,5e-05,True,True,True,True,finite_and_max_abs_and_rmse,0.9988237772550121,0.7196652719665272,0.6099290780141844,0.8775510204081632,0.9382919001871992,0.7310737472020886,0.979213203289194,0.7281488406838837,0.7281488406838837,0.8877551020408163,0.0014596229600450197,0.8877551020408163,0.0014596229600450197,56809,55,12,86,0.0009672200337647721,0.12244897959183673,0.8775510204081632,0.053412504287415154,0.053412504287415154,fpr,0.005,0.9990563760451184,0.7675675675675676,0.6698113207547169,0.8987341772151899,0.9489823886735436,0.7754411396718406,0.9842839294211275,0.823401870966042,0.823401870966042,0.8987341772151899,0.0007693998681028798,0.8987341772151899,0.0007693998681028798,45455,35,8,71,0.0007693998681028798,0.10126582278481013,0.8987341772151899,0.053412504287415154,fpr,0.005,1.0,True,B0_Plain_FL,COMPARED,0.7281488406838837,0.7281488035929716,3.7090912119452923e-08,0.7196652719665272,0.7196652719665272,0.0,0.7310737472020886,0.7310737472020886,0.0,0.053412504287415154,0.053412515124040105,-1.0836624951549023e-08,8.005360078716928e-07,3.1579652264371316e-07,9.098822061071044e-07,6.270626129219955e-09,1.2541216789628375e-08,0.0,0.0,True,0.9982795547909132,11.695388832000162,862.3454450007557,3.5288379997382435,0.0,0.0,7448.2946210002865,3212.66886300009,240,573440,28672.0,860160,286720,1146880,,not_modelled__session_or_evaluation_key_material_excluded_from_round_payload,actual_generated_protocol_object_bytes,xMK_ciphertext_uplink_plus_partial_decryption_share_uplink_plus_aggregate_c1_polynomial_broadcast,sum_of_actual_generated_client_update_objects_before_auxiliary_decryption_share_or_downlink_traffic,False,533.0481742000187,10660.963484000375,10660.963484000375,measured_sum_of_client_protection_plus_server_protected_aggregation_plus_authorized_recovery_or_decryption_ms_per_round,local_training__validation_test_evaluation__transport_latency__serialization_framing_not_explicitly_in_crypto_functions,2.910383045673371e-12,3.2000000000000006,20,20,0,"B1: xMK submit share (round-level finalize), noise=0.000",179.2,xmk_ckks,20,20,False,0,0,False,not_applicable,0,[],0,,True,0.0017204452090867595,0.0017281485220215498,3.9572916666666664,0,0,0,0,0,0,0,0,0,0,0,0,0,20,0,20,0,1,fixed_execution_host_runtime_payload_and_machine_specification__no_unmeasured_absolute_energy_or_carbon_claim,sequential_single_host_wall_clock_and_generated_protocol_object_bytes__machine_specification_recorded__transport_network_facility_energy_not_measured,runtime_payload_measured__energy_not_instrumented,not_reported_without_direct_hardware_energy_instrumentation,not_reported,False,,,,,,,not_reported,0,0.25,not_probed,0,,not_reported__no_valid_colab_network_or_device_energy_scope,,not_reported__no_direct_facility_or_grid_carbon_measurement,11.69536096999991,Absolute energy and carbon are not reported because direct hardware energy instrumentation is disabled.,False,,,,BASELINE
19,B1_xMK_CKKS,1,custom_xmk_reference_prototype,comparative_experiment,main_comparative,Custom xMK reference prototype with all-participant collaborative decryption; not a t-of-n threshold-CKKS security claim.,custom_xmk_reference_python,custom_reference_python_prototype,False,,,,,,,,,,{},False,False,,,0,baseline_unenforced,,,,,all_participants,configured_normalized_ciphertext_noise_proxy_sigma_over_scale,,,,not_applicable,0,0,0,False,,{},True,,strict_experiment_side_plaintext_oracle_comparison__max_coordinate_and_rmse_numeric_acceptance_envelope__relative_l2_diagnostic_only__no_plaintext_fallback_after_protected_aggregation_failure,custom_reference_prototype_numeric_acceptance_envelope__max_abs_and_rmse_are_acceptance_gates__relative_l2_is_diagnostic_only__not_a_formal_he_security_or_precision_proof,True,True,PASSED_PROTECTED_MAX_ABS_RMSE_ENVELOPE,1.1655685034094565e-06,1.9135974982939855e-07,9.165402318033147e-08,0.43069948986273443,0.43069958731330793,0.001,0.0002,5e-05,True,True,True,True,finite_and_max_abs_and_rmse,0.9977002212000983,0.5647840531561462,0.4187192118226601,0.8673469387755102,0.9326359060788074,0.6017538953620911,0.9610603315608742,0.7047039638570182,0.7047039638570182,0.8775510204081632,0.0023389138998311763,0.8775510204081632,0.0023389138998311763,56746,118,13,85,0.002075126617895329,0.1326530612244898,0.8673469387755102,0.0032878481938392818,0.0032878481938392818,fpr,0.005,0.9979371941451425,0.6016949152542372,0.45222929936305734,0.8987341772151899,0.9484218259124971,0.6367267733804268,0.9667571952105206,0.8008833968489527,0.8008833968489527,0.8987341772151899,0.0018905253901956474,0.8987341772151899,0.0018905253901956474,45404,86,8,71,0.0018905253901956474,0.10126582278481013,0.8987341772151899,0.0032878481938392818,fpr,0.005,1.0,False,B0_Plain_FL,NOT_FINAL_ROUND,,,,,,,,,,,,,,,,,,,,False,0.9982795547909132,11.709114376000343,972.117106000951,3.5008579989153077,0.0,3200.2907730002335,7374.419539001337,3192.608102000122,240,573440,28672.0,860160,286720,1146880,,not_modelled__session_or_evaluation_key_material_excluded_from_round_payload,actual_generated_protocol_object_bytes,xMK_ciphertext_uplink_plus_partial_decryption_share_uplink_plus_aggregate_c1_polynomial_broadcast,sum_of_actual_generated_client_update_objects_before_auxiliary_decryption_share_or_downlink_traffic,False,528.351382050073,10567.02764100146,10567.02764100146,measured_sum_of_client_protection_plus_server_protected_aggregation_plus_authorized_recovery_or_decryption_ms_per_round,local_training__validation_test_evaluation__transport_latency__serialization_framing_not_explicitly_in_crypto_functions,2.910383045673371e-12,3.2000000000000006,20,20,0,"B1: xMK submit share (round-level finalize), noise=0.000",179.2,xmk_ckks,20,20,False,0,0,False,not_applicable,0,[],0,,True,0.0017204452090867595,0.0017281485220215498,3.9572916666666664,0,0,0,0,0,0,0,0,0,0,0,0,0,20,0,20,0,1,fixed_execution_host_runtime_payload_and_machine_specification__no_unmeasured_absolute_energy_or_carbon_claim,sequential_single_host_wall_clock_and_generated_protocol_object_bytes__machine_specification_recorded__transport_network_facility_energy_not_measured,runtime_payload_measured__energy_not_instrumented,not_reported_without_direct_hardware_energy_instrumentation,not_reported,False,,,,,,,not_reported,0,0.25,not_probed,0,,not_reported__no_valid_colab_network_or_device_energy_scope,,not_reported__no_direct_facility_or_grid_carbon_measurement,11.709083667999948,Absolute energy and carbon are not reported because direct hardware energy instrumentation is disabled.,False,,,,BASELINE
19,B1_xMK_CKKS,2,custom_xmk_reference_prototype,comparative_experiment,main_comparative,Custom xMK reference prototype with all-participant collaborative decryption; not a t-of-n threshold-CKKS security claim.,custom_xmk_reference_python,custom_reference_python_prototype,False,,,,,,,,,,{},False,False,,,0,baseline_unenforced,,,,,all_participants,configured_normalized_ciphertext_noise_proxy_sigma_over_scale,,,,not_applicable,0,0,0,False,,{},True,,strict_experiment_side_plaintext_oracle_comparison__max_coordinate_and_rmse_numeric_acceptance_envelope__relative_l2_diagnostic_only__no_plaintext_fallback_after_protected_aggregation_failure,custom_reference_prototype_numeric_acceptance_envelope__max_abs_and_rmse_are_acceptance_gates__relative_l2_is_diagnostic_only__not_a_formal_he_security_or_precision_proof,True,True,PASSED_PROTECTED_MAX_ABS_RMSE_ENVELOPE,1.331177548970351e-06,2.0899239677372138e-07,9.262897843278344e-08,0.3811285805218453,0.38112852729521635,0.001,0.0002,5e-05,True,True,True,True,finite_and_max_abs_and_rmse,0.9986306660580738,0.688,0.5657894736842105,0.8775510204081632,0.9381951781838227,0.7040364466208974,0.9713848222181388,0.7197852780151583,0.7197852780151583,0.8775510204081632,0.0011606640405177266,0.8877551020408163,0.005750562746201463,56798,66,12,86,0.0011606640405177266,0.12244897959183673,0.8775510204081632,0.005568686727761639,0.005568686727761639,fpr,0.005,0.9989685970725712,0.7513227513227513,0.6454545454545455,0.8987341772151899,0.9489384229667948,0.7611705988977794,0.9717784684907798,0.8182638778120889,0.8182638778120889,0.8987341772151899,0.0008573312816003517,0.8987341772151899,0.0008573312816003517,45451,39,8,71,0.0008573312816003517,0.10126582278481013,0.8987341772151899,0.005568686727761639,fpr,0.005,1.0,False,B0_Plain_FL,NOT_FINAL_ROUND,,,,,,,,,,,,,,,,,,,,False,0.9982795547909132,11.637063501000284,829.1457950008407,3.628804000072705,0.0,0.0,7460.3405490015575,3177.176020999923,240,573440,28672.0,860160,286720,1146880,,not_modelled__session_or_evaluation_key_material_excluded_from_round_payload,actual_generated_protocol_object_bytes,xMK_ciphertext_uplink_plus_partial_decryption_share_uplink_plus_aggregate_c1_polynomial_broadcast,sum_of_actual_generated_client_update_objects_before_auxiliary_decryption_share_or_downlink_traffic,False,531.8758285000738,10637.516570001477,10637.516570001477,measured_sum_of_client_protection_plus_server_protected_aggregation_plus_authorized_recovery_or_decryption_ms_per_round,local_training__validation_test_evaluation__transport_latency__serialization_framing_not_explicitly_in_crypto_functions,2.910383045673371e-12,3.2000000000000006,20,20,0,"B1: xMK submit share (round-level finalize), noise=0.000",179.2,xmk_ckks,20,20,False,0,0,False,not_applicable,0,[],0,,True,0.0017204452090867595,0.0017281485220215498,3.9572916666666664,0,0,0,0,0,0,0,0,0,0,0,0,0,20,0,20,0,1,fixed_execution_host_runtime_payload_and_machine_specification__no_unmeasured_absolute_energy_or_carbon_claim,sequential_single_host_wall_clock_and_generated_protocol_object_bytes__machine_specification_recorded__transport_network_facility_energy_not_measured,runtime_payload_measured__energy_not_instrumented,not_reported_without_direct_hardware_energy_instrumentation,not_reported,False,,,,,,,not_reported,0,0.25,not_probed,0,,not_reported__no_valid_colab_network_or_device_energy_scope,,not_reported__no_direct_facility_or_grid_carbon_measurement,11.637034742000196,Absolute energy and carbon are not reported because direct hardware energy instrumentation is disabled.,False,,,,BASELINE
19,B1_xMK_CKKS,3,custom_xmk_reference_prototype,comparative_experiment,main_comparative,Custom xMK reference prototype with all-participant collaborative decryption; not a t-of-n threshold-CKKS security claim.,custom_xmk_reference_python,custom_reference_python_prototype,False,,,,,,,,,,{},False,False,,,0,baseline_unenforced,,,,,all_participants,configured_normalized_ciphertext_noise_proxy_sigma_over_scale,,,,not_applicable,0,0,0,False,,{},True,,strict_experiment_side_plaintext_oracle_comparison__max_coordinate_and_rmse_numeric_acceptance_envelope__relative_l2_diagnostic_only__no_plaintext_fallback_after_protected_aggregation_failure,custom_reference_prototype_numeric_acceptance_envelope__max_abs_and_rmse_are_acceptance_gates__relative_l2_is_diagnostic_only__not_a_formal_he_security_or_precision_proof,True,True,PASSED_PROTECTED_MAX_ABS_RMSE_ENVELOPE,1.9647138457795e-06,2.5590743759143497e-07,1.0867727333559488e-07,0.30297029881339804,0.3029702798513483,0.001,0.0002,5e-05,True,True,True,True,finite_and_max_abs_and_rmse,0.9989115550718023,0.7350427350427351,0.6323529411764706,0.8775510204081632,0.9383358647341886,0.7444332199599135,0.9776532693831612,0.7222271049304514,0.7222271049304514,0.8877551020408163,0.0045371412492965675,0.8877551020408163,0.0045371412492965675,56814,50,12,86,0.0008792909397861565,0.12244897959183673,0.8775510204081632,0.008739295413228352,0.008739295413228352,fpr,0.005,0.9990563760451184,0.7675675675675676,0.6698113207547169,0.8987341772151899,0.9489823886735436,0.7754411396718406,0.9769252388200496,0.8212665914219843,0.8212665914219843,0.8987341772151899,0.0007693998681028798,0.8987341772151899,0.0007693998681028798,45455,35,8,71,0.0007693998681028798,0.10126582278481013,0.8987341772151899,0.008739295413228352,fpr,0.005,1.0,False,B0_Plain_FL,NOT_FINAL_ROUND,,,,,,,,,,,,,,,,,,,,False,0.9982795547909132,11.712973328999851,875.5979850002404,3.616363998844463,0.0,0.0,7480.072514998938,3186.323580000135,240,573440,28672.0,860160,286720,1146880,,not_modelled__session_or_evaluation_key_material_excluded_from_round_payload,actual_generated_protocol_object_bytes,xMK_ciphertext_uplink_plus_partial_decryption_share_uplink_plus_aggregate_c1_polynomial_broadcast,sum_of_actual_generated_client_update_objects_before_auxiliary_decryption_share_or_downlink_traffic,False,533.3198047499536,10666.396094999072,10666.396094999072,measured_sum_of_client_protection_plus_server_protected_aggregation_plus_authorized_recovery_or_decryption_ms_per_round,local_training__validation_test_evaluation__transport_latency__serialization_framing_not_explicitly_in_crypto_functions,2.910383045673371e-12,3.2000000000000006,20,20,0,"B1: xMK submit share (round-level finalize), noise=0.000",179.2,xmk_ckks,20,20,False,0,0,False,not_applicable,0,[],0,,True,0.0017204452090867595,0.0017281485220215498,3.9572916666666664,0,0,0,0,0,0,0,0,0,0,0,0,0,20,0,20,0,1,fixed_execution_host_runtime_payload_and_machine_specification__no_unmeasured_absolute_energy_or_carbon_claim,sequential_single_host_wall_clock_and_generated_protocol_object_bytes__machine_specification_recorded__transport_network_facility_energy_not_measured,runtime_payload_measured__energy_not_instrumented,not_reported_without_direct_hardware_energy_instrumentation,not_reported,False,,,,,,,not_reported,0,0.25,not_probed,0,,not_reported__no_valid_colab_network_or_device_energy_scope,,not_reported__no_direct_facility_or_grid_carbon_measurement,11.712946601999647,Absolute energy and carbon are not reported because direct hardware energy instrumentation is disabled.,False,,,,BASELINE
19,B1_xMK_CKKS,4,custom_xmk_reference_prototype,comparative_experiment,main_comparative,Custom xMK reference prototype with all-participant collaborative decryption; not a t-of-n threshold-CKKS security claim.,custom_xmk_reference_python,custom_reference_python_prototype,False,,,,,,,,,,{},False,False,,,0,baseline_unenforced,,,,,all_participants,configured_normalized_ciphertext_noise_proxy_sigma_over_scale,,,,not_applicable,0,0,0,False,,{},True,,strict_experiment_side_plaintext_oracle_comparison__max_coordinate_and_rmse_numeric_acceptance_envelope__relative_l2_diagnostic_only__no_plaintext_fallback_after_protected_aggregation_failure,custom_reference_prototype_numeric_acceptance_envelope__max_abs_and_rmse_are_acceptance_gates__relative_l2_is_diagnostic_only__not_a_formal_he_security_or_precision_proof,True,True,PASSED_PROTECTED_MAX_ABS_RMSE_ENVELOPE,2.634723434257561e-06,3.224781436120261e-07,1.1486851687016441e-07,0.23879575753049548,0.2387956771363386,0.001,0.0002,5e-05,True,True,True,True,finite_and_max_abs_and_rmse,0.9989466661985184,0.7413793103448276,0.6417910447761194,0.8775510204081632,0.9383534505529842,0.7499850061940746,0.980659547161577,0.7235097884640941,0.7235097884640941,0.8877551020408163,0.004167839054586382,0.8877551020408163,0.004167839054586382,56816,48,12,86,0.0008441193021947102,0.12244897959183673,0.8775510204081632,0.012840771646153966,0.012840771646153966,fpr,0.005,0.999100265531392,0.7759562841530054,0.6826923076923077,0.8987341772151899,0.9490043715269179,0.7828829081845824,0.9810513369192284,0.8217368588345703,0.8217368588345703,0.8987341772151899,0.0007254341613541438,0.8987341772151899,0.0007254341613541438,45457,33,8,71,0.0007254341613541438,0.10126582278481013,0.8987341772151899,0.012840771646153966,fpr,0.005,1.0,False,B0_Plain_FL,NOT_FINAL_ROUND,,,,,,,,,,,,,,,,,,,,False,0.9982795547909132,11.580535157999748,769.5017300002291,3.220910999516491,0.0,0.0,6727.5982259993725,3915.6259070000488,240,573440,28672.0,860160,286720,1146880,,not_modelled__session_or_evaluation_key_material_excluded_from_round_payload,actual_generated_protocol_object_bytes,xMK_ciphertext_uplink_plus_partial_decryption_share_uplink_plus_aggregate_c1_polynomial_broadcast,sum_of_actual_generated_client_update_objects_before_auxiliary_decryption_share_or_downlink_traffic,False,532.1612066499713,10643.224132999425,10643.224132999425,measured_sum_of_client_protection_plus_server_protected_aggregation_plus_authorized_recovery_or_decryption_ms_per_round,local_training__validation_test_evaluation__transport_latency__serialization_framing_not_explicitly_in_crypto_functions,2.910383045673371e-12,3.2000000000000006,20,20,0,"B1: xMK submit share (round-level finalize), noise=0.000",179.2,xmk_ckks,20,20,False,0,0,False,not_applicable,0,[],0,,True,0.0017204452090867595,0.0017281485220215498,3.9572916666666664,0,0,0,0,0,0,0,0,0,0,0,0,0,20,0,20,0,1,fixed_execution_host_runtime_payload_and_machine_specification__no_unmeasured_absolute_energy_or_carbon_claim,sequential_single_host_wall_clock_and_generated_protocol_object_bytes__machine_specification_recorded__transport_network_facility_energy_not_measured,runtime_payload_measured__energy_not_instrumented,not_reported_without_direct_hardware_energy_instrumentation,not_reported,False,,,,,,,not_reported,0,0.25,not_probed,0,,not_reported__no_valid_colab_network_or_device_energy_scope,,not_reported__no_direct_facility_or_grid_carbon_measurement,11.580507348000083,Absolute energy and carbon are not reported because direct hardware energy instrumentation is disabled.,False,,,,BASELINE
19,B1_xMK_CKKS,5,custom_xmk_reference_prototype,comparative_experiment,main_comparative,Custom xMK reference prototype with all-participant collaborative decryption; not a t-of-n threshold-CKKS security claim.,custom_xmk_reference_python,custom_reference_python_prototype,False,,,,,,,,,,{},False,False,,,0,baseline_unenforced,,,,,all_participants,configured_normalized_ciphertext_noise_proxy_sigma_over_scale,,,,not_applicable,0,0,0,False,,{},True,,strict_experiment_side_plaintext_oracle_comparison__max_coordinate_and_rmse_numeric_acceptance_envelope__relative_l2_diagnostic_only__no_plaintext_fallback_after_protected_aggregation_failure,custom_reference_prototype_numeric_acceptance_envelope__max_abs_and_rmse_are_acceptance_gates__relative_l2_is_diagnostic_only__not_a_formal_he_security_or_precision_proof,True,True,PASSED_PROTECTED_MAX_ABS_RMSE_ENVELOPE,2.433357842388045e-06,2.0741278654681262e-07,8.183216705906476e-08,0.1841953659538662,0.18419531963266356,0.001,0.0002,5e-05,True,True,True,True,finite_and_max_abs_and_rmse,0.9988939995084443,0.7319148936170212,0.6277372262773723,0.8775510204081632,0.9383270718247907,0.7417029819269108,0.9818607662536032,0.7246733326439463,0.7246733326439463,0.8877551020408163,0.0037809510410804726,0.8877551020408163,0.0037809510410804726,56813,51,12,86,0.0008968767585818796,0.12244897959183673,0.8775510204081632,0.017798017125378776,0.017798017125378776,fpr,0.005,0.9990783207882552,0.7717391304347826,0.6761904761904762,0.8987341772151899,0.9489933801002307,0.7791354710123013,0.9830203327480515,0.8220230452998386,0.8220230452998386,0.8987341772151899,0.0007474170147285117,0.8987341772151899,0.0007474170147285117,45456,34,8,71,0.0007474170147285117,0.10126582278481013,0.8987341772151899,0.017798017125378776,fpr,0.005,1.0,False,B0_Plain_FL,NOT_FINAL_ROUND,,,,,,,,,,,,,,,,,,,,False,0.9982795547909132,11.403426471999865,697.7463779985555,3.058253998915461,0.0,0.0,6430.940457998986,4022.7382289999696,240,573440,28672.0,860160,286720,1146880,,not_modelled__session_or_evaluation_key_material_excluded_from_round_payload,actual_generated_protocol_object_bytes,xMK_ciphertext_uplink_plus_partial_decryption_share_uplink_plus_aggregate_c1_polynomial_broadcast,sum_of_actual_generated_client_update_objects_before_auxiliary_decryption_share_or_downlink_traffic,False,522.6839343499475,10453.678686998952,10453.678686998952,measured_sum_of_client_protection_plus_server_protected_aggregation_plus_authorized_recovery_or_decryption_ms_per_round,local_training__validation_test_evaluation__transport_latency__serialization_framing_not_explicitly_in_crypto_functions,2.910383045673371e-12,3.2000000000000006,20,20,0,"B1: xMK submit share (round-level finalize), noise=0.000",179.2,xmk_ckks,20,20,False,0,0,False,not_applicable,0,[],0,,True,0.0017204452090867595,0.0017281485220215498,3.9572916666666664,0,0,0,0,0,0,0,0,0,0,0,0,0,20,0,20,0,1,fixed_execution_host_runtime_payload_and_machine_specification__no_unmeasured_absolute_energy_or_carbon_claim,sequential_single_host_wall_clock_and_generated_protocol_object_bytes__machine_specification_recorded__transport_network_facility_energy_not_measured,runtime_payload_measured__energy_not_instrumented,not_reported_without_direct_hardware_energy_instrumentation,not_reported,False,,,,,,,not_reported,0,0.25,not_probed,0,,not_reported__no_valid_colab_network_or_device_energy_scope,,not_reported__no_direct_facility_or_grid_carbon_measurement,11.40339451400041,Absolute energy and carbon are not reported because direct hardware energy instrumentation is disabled.,False,,,,BASELINE
19,B1_xMK_CKKS,6,custom_xmk_reference_prototype,comparative_experiment,main_comparative,Custom xMK reference prototype with all-participant collaborative decryption; not a t-of-n threshold-CKKS security claim.,custom_xmk_reference_python,custom_reference_python_prototype,False,,,,,,,,,,{},False,False,,,0,baseline_unenforced,,,,,all_participants,configured_normalized_ciphertext_noise_proxy_sigma_over_scale,,,,not_applicable,0,0,0,False,,{},True,,strict_experiment_side_plaintext_oracle_comparison__max_coordinate_and_rmse_numeric_acceptance_envelope__relative_l2_diagnostic_only__no_plaintext_fallback_after_protected_aggregation_failure,custom_reference_prototype_numeric_acceptance_envelope__max_abs_and_rmse_are_acceptance_gates__relative_l2_is_diagnostic_only__not_a_formal_he_security_or_precision_proof,True,True,PASSED_PROTECTED_MAX_ABS_RMSE_ENVELOPE,4.451573011454695e-06,4.031007245696924e-07,1.1386474881751376e-07,0.14009944635545046,0.1400994989164078,0.001,0.0002,5e-05,True,True,True,True,finite_and_max_abs_and_rmse,0.9988413328183702,0.7226890756302521,0.6142857142857143,0.8775510204081632,0.9383006930965971,0.7336883417972658,0.9820317793690352,0.7250203869689764,0.7250203869689764,0.8877551020408163,0.003411648846370287,0.8877551020408163,0.003411648846370287,56810,54,12,86,0.0009496342149690489,0.12244897959183673,0.8775510204081632,0.02319599049663992,0.02319599049663992,fpr,0.005,0.999100265531392,0.7759562841530054,0.6826923076923077,0.8987341772151899,0.9490043715269179,0.7828829081845824,0.9837120969694272,0.8224745323895968,0.8224745323895968,0.8987341772151899,0.0007254341613541438,0.8987341772151899,0.0007254341613541438,45457,33,8,71,0.0007254341613541438,0.10126582278481013,0.8987341772151899,0.02319599049663992,fpr,0.005,1.0,False,B0_Plain_FL,NOT_FINAL_ROUND,,,,,,,,,,,,,,,,,,,,False,0.9982795547909132,10.83519312899989,771.8838120003966,3.3070470003622177,0.0,0.0,6605.457293999734,3197.540728000149,240,573440,28672.0,860160,286720,1146880,,not_modelled__session_or_evaluation_key_material_excluded_from_round_payload,actual_generated_protocol_object_bytes,xMK_ciphertext_uplink_plus_partial_decryption_share_uplink_plus_aggregate_c1_polynomial_broadcast,sum_of_actual_generated_client_update_objects_before_auxiliary_decryption_share_or_downlink_traffic,False,490.14990109999434,9802.998021999887,9802.998021999887,measured_sum_of_client_protection_plus_server_protected_aggregation_plus_authorized_recovery_or_decryption_ms_per_round,local_training__validation_test_evaluation__transport_latency__serialization_framing_not_explicitly_in_crypto_functions,2.910383045673371e-12,3.2000000000000006,20,20,0,"B1: xMK submit share (round-level finalize), noise=0.000",179.2,xmk_ckks,20,20,False,0,0,False,not_applicable,0,[],0,,True,0.0017204452090867595,0.0017281485220215498,3.9572916666666664,0,0,0,0,0,0,0,0,0,0,0,0,0,20,0,20,0,1,fixed_execution_host_runtime_payload_and_machine_specification__no_unmeasured_absolute_energy_or_carbon_claim,sequential_single_host_wall_clock_and_generated_protocol_object_bytes__machine_specification_recorded__transport_network_facility_energy_not_measured,runtime_payload_measured__energy_not_instrumented,not_reported_without_direct_hardware_energy_instrumentation,not_reported,False,,,,,,,not_reported,0,0.25,not_probed,0,,not_reported__no_valid_colab_network_or_device_energy_scope,,not_reported__no_direct_facility_or_grid_carbon_measurement,10.835154171999875,Absolute energy and carbon are not reported because direct hardware energy instrumentation is disabled.,False,,,,BASELINE
19,B1_xMK_CKKS,7,custom_xmk_reference_prototype,comparative_experiment,main_comparative,Custom xMK reference prototype with all-participant collaborative decryption; not a t-of-n threshold-CKKS security claim.,custom_xmk_reference_python,custom_reference_python_prototype,False,,,,,,,,,,{},False,False,,,0,baseline_unenforced,,,,,all_participants,configured_normalized_ciphertext_noise_proxy_sigma_over_scale,,,,not_applicable,0,0,0,False,,{},True,,strict_experiment_side_plaintext_oracle_comparison__max_coordinate_and_rmse_numeric_acceptance_envelope__relative_l2_diagnostic_only__no_plaintext_fallback_after_protected_aggregation_failure,custom_reference_prototype_numeric_acceptance_envelope__max_abs_and_rmse_are_acceptance_gates__relative_l2_is_diagnostic_only__not_a_formal_he_security_or_precision_proof,True,True,PASSED_PROTECTED_MAX_ABS_RMSE_ENVELOPE,6.370573997243496e-06,2.682082706692568e-07,1.2146815787833351e-07,0.10443462412761001,0.10443443998432723,0.001,0.0002,5e-05,True,True,True,True,finite_and_max_abs_and_rmse,0.9988413328183702,0.7226890756302521,0.6142857142857143,0.8775510204081632,0.9383006930965971,0.7336883417972658,0.981848384401594,0.7258352735552511,0.7258352735552511,0.8877551020408163,0.0031830332020258865,0.8877551020408163,0.0031830332020258865,56810,54,12,86,0.0009496342149690489,0.12244897959183673,0.8775510204081632,0.028615324993735838,0.028615324993735838,fpr,0.005,0.9990783207882552,0.7717391304347826,0.6761904761904762,0.8987341772151899,0.9489933801002307,0.7791354710123013,0.9840696661667191,0.8219288022878202,0.8219288022878202,0.8987341772151899,0.0007474170147285117,0.8987341772151899,0.0007474170147285117,45456,34,8,71,0.0007474170147285117,0.10126582278481013,0.8987341772151899,0.028615324993735838,fpr,0.005,1.0,False,B0_Plain_FL,NOT_FINAL_ROUND,,,,,,,,,,,,,,,,,,,,False,0.9982795547909132,11.623361304000355,958.6865850001232,3.4557129988570523,0.0,0.0,7294.214783999905,3198.502988999735,240,573440,28672.0,860160,286720,1146880,,not_modelled__session_or_evaluation_key_material_excluded_from_round_payload,actual_generated_protocol_object_bytes,xMK_ciphertext_uplink_plus_partial_decryption_share_uplink_plus_aggregate_c1_polynomial_broadcast,sum_of_actual_generated_client_update_objects_before_auxiliary_decryption_share_or_downlink_traffic,False,524.6358886499822,10492.717772999644,10492.717772999644,measured_sum_of_client_protection_plus_server_protected_aggregation_plus_authorized_recovery_or_decryption_ms_per_round,local_training__validation_test_evaluation__transport_latency__serialization_framing_not_explicitly_in_crypto_functions,2.910383045673371e-12,3.2000000000000006,20,20,0,"B1: xMK submit share (round-level finalize), noise=0.000",179.2,xmk_ckks,20,20,False,0,0,False,not_applicable,0,[],0,,True,0.0017204452090867595,0.0017281485220215498,3.9572916666666664,0,0,0,0,0,0,0,0,0,0,0,0,0,20,0,20,0,1,fixed_execution_host_runtime_payload_and_machine_specification__no_unmeasured_absolute_energy_or_carbon_claim,sequential_single_host_wall_clock_and_generated_protocol_object_bytes__machine_specification_recorded__transport_network_facility_energy_not_measured,runtime_payload_measured__energy_not_instrumented,not_reported_without_direct_hardware_energy_instrumentation,not_reported,False,,,,,,,not_reported,0,0.25,not_probed,0,,not_reported__no_valid_colab_network_or_device_energy_scope,,not_reported__no_direct_facility_or_grid_carbon_measurement,11.623326629000076,Absolute energy and carbon are not reported because direct hardware energy instrumentation is disabled.,False,,,,BASELINE
19,B1_xMK_CKKS,8,custom_xmk_reference_prototype,comparative_experiment,main_comparative,Custom xMK reference prototype with all-participant collaborative decryption; not a t-of-n threshold-CKKS security claim.,custom_xmk_reference_python,custom_reference_python_prototype,False,,,,,,,,,,{},False,False,,,0,baseline_unenforced,,,,,all_participants,configured_normalized_ciphertext_noise_proxy_sigma_over_scale,,,,not_applicable,0,0,0,False,,{},True,,strict_experiment_side_plaintext_oracle_comparison__max_coordinate_and_rmse_numeric_acceptance_envelope__relative_l2_diagnostic_only__no_plaintext_fallback_after_protected_aggregation_failure,custom_reference_prototype_numeric_acceptance_envelope__max_abs_and_rmse_are_acceptance_gates__relative_l2_is_diagnostic_only__not_a_formal_he_security_or_precision_proof,True,True,PASSED_PROTECTED_MAX_ABS_RMSE_ENVELOPE,9.856927502208891e-06,3.3697549903948833e-07,1.3563398817973154e-07,0.07536810519585777,0.07536821142762996,0.001,0.0002,5e-05,True,True,True,True,finite_and_max_abs_and_rmse,0.9988062216916541,0.7166666666666667,0.6056338028169014,0.8775510204081632,0.9382831072778014,0.7284867912883576,0.9815740097389546,0.726027022250854,0.726027022250854,0.8877551020408163,0.0029544175576814856,0.8877551020408163,0.0029544175576814856,56808,56,12,86,0.0009848058525604951,0.12244897959183673,0.8775510204081632,0.03379935934471692,0.03379935934471692,fpr,0.005,0.9990563760451184,0.7675675675675676,0.6698113207547169,0.8987341772151899,0.9489823886735436,0.7754411396718406,0.9842282766277747,0.8230153670870366,0.8230153670870366,0.8987341772151899,0.0007693998681028798,0.8987341772151899,0.0007693998681028798,45455,35,8,71,0.0007693998681028798,0.10126582278481013,0.8987341772151899,0.03379935934471692,fpr,0.005,1.0,False,B0_Plain_FL,NOT_FINAL_ROUND,,,,,,,,,,,,,,,,,,,,False,0.9982795547909132,11.71054776200026,816.5338020003219,3.5334629992576083,0.0,0.0,7478.332744999079,3235.2285349998056,240,573440,28672.0,860160,286720,1146880,,not_modelled__session_or_evaluation_key_material_excluded_from_round_payload,actual_generated_protocol_object_bytes,xMK_ciphertext_uplink_plus_partial_decryption_share_uplink_plus_aggregate_c1_polynomial_broadcast,sum_of_actual_generated_client_update_objects_before_auxiliary_decryption_share_or_downlink_traffic,False,535.6780639999442,10713.561279998885,10713.561279998885,measured_sum_of_client_protection_plus_server_protected_aggregation_plus_authorized_recovery_or_decryption_ms_per_round,local_training__validation_test_evaluation__transport_latency__serialization_framing_not_explicitly_in_crypto_functions,2.910383045673371e-12,3.2000000000000006,20,20,0,"B1: xMK submit share (round-level finalize), noise=0.000",179.2,xmk_ckks,20,20,False,0,0,False,not_applicable,0,[],0,,True,0.0017204452090867595,0.0017281485220215498,3.9572916666666664,0,0,0,0,0,0,0,0,0,0,0,0,0,20,0,20,0,1,fixed_execution_host_runtime_payload_and_machine_specification__no_unmeasured_absolute_energy_or_carbon_claim,sequential_single_host_wall_clock_and_generated_protocol_object_bytes__machine_specification_recorded__transport_network_facility_energy_not_measured,runtime_payload_measured__energy_not_instrumented,not_reported_without_direct_hardware_energy_instrumentation,not_reported,False,,,,,,,not_reported,0,0.25,not_probed,0,,not_reported__no_valid_colab_network_or_device_energy_scope,,not_reported__no_direct_facility_or_grid_carbon_measurement,11.710521585999686,Absolute energy and carbon are not reported because direct hardware energy instrumentation is disabled.,False,,,,BASELINE
19,B1_xMK_CKKS,9,custom_xmk_reference_prototype,comparative_experiment,main_comparative,Custom xMK reference prototype with all-participant collaborative decryption; not a t-of-n threshold-CKKS security claim.,custom_xmk_reference_python,custom_reference_python_prototype,False,,,,,,,,,,{},False,False,,,0,baseline_unenforced,,,,,all_participants,configured_normalized_ciphertext_noise_proxy_sigma_over_scale,,,,not_applicable,0,0,0,False,,{},True,,strict_experiment_side_plaintext_oracle_comparison__max_coordinate_and_rmse_numeric_acceptance_envelope__relative_l2_diagnostic_only__no_plaintext_fallback_after_protected_aggregation_failure,custom_reference_prototype_numeric_acceptance_envelope__max_abs_and_rmse_are_acceptance_gates__relative_l2_is_diagnostic_only__not_a_formal_he_security_or_precision_proof,True,True,PASSED_PROTECTED_MAX_ABS_RMSE_ENVELOPE,8.497901711674497e-06,1.890937385319591e-07,8.494883616333752e-08,0.05475280296040568,0.054752860884663794,0.001,0.0002,5e-05,True,True,True,True,finite_and_max_abs_and_rmse,0.9988062216916541,0.7166666666666667,0.6056338028169014,0.8775510204081632,0.9382831072778014,0.7284867912883576,0.981233598532266,0.7270601132133067,0.7270601132133067,0.8877551020408163,0.0026202870005627463,0.8877551020408163,0.0026202870005627463,56808,56,12,86,0.0009848058525604951,0.12244897959183673,0.8775510204081632,0.038505403073920814,0.038505403073920814,fpr,0.005,0.9990344313019817,0.7634408602150538,0.6635514018691588,0.8987341772151899,0.9489713972468563,0.7717986706821625,0.984302294842934,0.8231054066149215,0.8231054066149215,0.8987341772151899,0.0007913827214772477,0.8987341772151899,0.0007913827214772477,45454,36,8,71,0.0007913827214772477,0.10126582278481013,0.8987341772151899,0.038505403073920814,fpr,0.005,1.0,False,B0_Plain_FL,NOT_FINAL_ROUND,,,,,,,,,,,,,,,,,,,,False,0.9982795547909132,11.582470977999947,792.0445169997947,3.3690749992274505,0.0,0.0,7418.781208001292,3192.0665259999623,240,573440,28672.0,860160,286720,1146880,,not_modelled__session_or_evaluation_key_material_excluded_from_round_payload,actual_generated_protocol_object_bytes,xMK_ciphertext_uplink_plus_partial_decryption_share_uplink_plus_aggregate_c1_polynomial_broadcast,sum_of_actual_generated_client_update_objects_before_auxiliary_decryption_share_or_downlink_traffic,False,530.5423867000629,10610.847734001258,10610.847734001258,measured_sum_of_client_protection_plus_server_protected_aggregation_plus_authorized_recovery_or_decryption_ms_per_round,local_training__validation_test_evaluation__transport_latency__serialization_framing_not_explicitly_in_crypto_functions,2.910383045673371e-12,3.2000000000000006,20,20,0,"B1: xMK submit share (round-level finalize), noise=0.000",179.2,xmk_ckks,20,20,False,0,0,False,not_applicable,0,[],0,,True,0.0017204452090867595,0.0017281485220215498,3.9572916666666664,0,0,0,0,0,0,0,0,0,0,0,0,0,20,0,20,0,1,fixed_execution_host_runtime_payload_and_machine_specification__no_unmeasured_absolute_energy_or_carbon_claim,sequential_single_host_wall_clock_and_generated_protocol_object_bytes__machine_specification_recorded__transport_network_facility_energy_not_measured,runtime_payload_measured__energy_not_instrumented,not_reported_without_direct_hardware_energy_instrumentation,not_reported,False,,,,,,,not_reported,0,0.25,not_probed,0,,not_reported__no_valid_colab_network_or_device_energy_scope,,not_reported__no_direct_facility_or_grid_carbon_measurement,11.582445245000144,Absolute energy and carbon are not reported because direct hardware energy instrumentation is disabled.,False,,,,BASELINE
19,B1_xMK_CKKS,10,custom_xmk_reference_prototype,comparative_experiment,main_comparative,Custom xMK reference prototype with all-participant collaborative decryption; not a t-of-n threshold-CKKS security claim.,custom_xmk_reference_python,custom_reference_python_prototype,False,,,,,,,,,,{},False,False,,,0,baseline_unenforced,,,,,all_participants,configured_normalized_ciphertext_noise_proxy_sigma_over_scale,,,,not_applicable,0,0,0,False,,{},True,,strict_experiment_side_plaintext_oracle_comparison__max_coordinate_and_rmse_numeric_acceptance_envelope__relative_l2_diagnostic_only__no_plaintext_fallback_after_protected_aggregation_failure,custom_reference_prototype_numeric_acceptance_envelope__max_abs_and_rmse_are_acceptance_gates__relative_l2_is_diagnostic_only__not_a_formal_he_security_or_precision_proof,True,True,PASSED_PROTECTED_MAX_ABS_RMSE_ENVELOPE,1.8406315634376264e-05,3.130519689811427e-07,1.374410741201959e-07,0.040898775244805355,0.04089898127465218,0.001,0.0002,5e-05,True,True,True,True,finite_and_max_abs_and_rmse,0.9987886661282961,0.7136929460580913,0.6013986013986014,0.8775510204081632,0.9382743143684036,0.7259269901137303,0.9809572499511904,0.7279275244880938,0.7279275244880938,0.8877551020408163,0.0021278840742824986,0.8877551020408163,0.0021278840742824986,56807,57,12,86,0.0010023916713562183,0.12244897959183673,0.8775510204081632,0.04265732366951168,0.04265732366951168,fpr,0.005,0.9990344313019817,0.7634408602150538,0.6635514018691588,0.8987341772151899,0.9489713972468563,0.7717986706821625,0.9842683466389888,0.8235116133813632,0.8235116133813632,0.8987341772151899,0.0007913827214772477,0.8987341772151899,0.0007913827214772477,45454,36,8,71,0.0007913827214772477,0.10126582278481013,0.8987341772151899,0.04265732366951168,fpr,0.005,1.0,False,B0_Plain_FL,NOT_FINAL_ROUND,,,,,,,,,,,,,,,,,,,,False,0.9982795547909132,11.694538227000066,811.3905570016868,3.199598000264814,0.0,0.0,7023.695896999925,3687.3212959999364,240,573440,28672.0,860160,286720,1146880,,not_modelled__session_or_evaluation_key_material_excluded_from_round_payload,actual_generated_protocol_object_bytes,xMK_ciphertext_uplink_plus_partial_decryption_share_uplink_plus_aggregate_c1_polynomial_broadcast,sum_of_actual_generated_client_update_objects_before_auxiliary_decryption_share_or_downlink_traffic,False,535.5508596499931,10711.017192999861,10711.017192999861,measured_sum_of_client_protection_plus_server_protected_aggregation_plus_authorized_recovery_or_decryption_ms_per_round,local_training__validation_test_evaluation__transport_latency__serialization_framing_not_explicitly_in_crypto_functions,2.910383045673371e-12,3.2000000000000006,20,20,0,"B1: xMK submit share (round-level finalize), noise=0.000",179.2,xmk_ckks,20,20,False,0,0,False,not_applicable,0,[],0,,True,0.0017204452090867595,0.0017281485220215498,3.9572916666666664,0,0,0,0,0,0,0,0,0,0,0,0,0,20,0,20,0,1,fixed_execution_host_runtime_payload_and_machine_specification__no_unmeasured_absolute_energy_or_carbon_claim,sequential_single_host_wall_clock_and_generated_protocol_object_bytes__machine_specification_recorded__transport_network_facility_energy_not_measured,runtime_payload_measured__energy_not_instrumented,not_reported_without_direct_hardware_energy_instrumentation,not_reported,False,,,,,,,not_reported,0,0.25,not_probed,0,,not_reported__no_valid_colab_network_or_device_energy_scope,,not_reported__no_direct_facility_or_grid_carbon_measurement,11.694510785999682,Absolute energy and carbon are not reported because direct hardware energy instrumentation is disabled.,False,,,,BASELINE
19,B1_xMK_CKKS,11,custom_xmk_reference_prototype,comparative_experiment,main_comparative,Custom xMK reference prototype with all-participant collaborative decryption; not a t-of-n threshold-CKKS security claim.,custom_xmk_reference_python,custom_reference_python_prototype,False,,,,,,,,,,{},False,False,,,0,baseline_unenforced,,,,,all_participants,configured_normalized_ciphertext_noise_proxy_sigma_over_scale,,,,not_applicable,0,0,0,False,,{},True,,strict_experiment_side_plaintext_oracle_comparison__max_coordinate_and_rmse_numeric_acceptance_envelope__relative_l2_diagnostic_only__no_plaintext_fallback_after_protected_aggregation_failure,custom_reference_prototype_numeric_acceptance_envelope__max_abs_and_rmse_are_acceptance_gates__relative_l2_is_diagnostic_only__not_a_formal_he_security_or_precision_proof,True,True,PASSED_PROTECTED_MAX_ABS_RMSE_ENVELOPE,2.342176797228415e-05,3.576490907647358e-07,1.2306875774922687e-07,0.028779866157334466,0.02877997005683536,0.001,0.0002,5e-05,True,True,True,True,finite_and_max_abs_and_rmse,0.9987886661282961,0.7136929460580913,0.6013986013986014,0.8775510204081632,0.9382743143684036,0.7259269901137303,0.9806469858624373,0.7279527565376555,0.7279527565376555,0.8877551020408163,0.0020047833427124366,0.8877551020408163,0.0020047833427124366,56807,57,12,86,0.0010023916713562183,0.12244897959183673,0.8775510204081632,0.046190860030257276,0.046190860030257276,fpr,0.005,0.9990344313019817,0.7634408602150538,0.6635514018691588,0.8987341772151899,0.9489713972468563,0.7717986706821625,0.9843056340105351,0.8236687105561445,0.8236687105561445,0.8987341772151899,0.0007913827214772477,0.8987341772151899,0.0007913827214772477,45454,36,8,71,0.0007913827214772477,0.10126582278481013,0.8987341772151899,0.046190860030257276,fpr,0.005,1.0,False,B0_Plain_FL,NOT_FINAL_ROUND,,,,,,,,,,,,,,,,,,,,False,0.9982795547909132,11.62480074799987,683.2901129996571,3.142941999612958,0.0,0.0,6472.989546999088,4295.375294999758,240,573440,28672.0,860160,286720,1146880,,not_modelled__session_or_evaluation_key_material_excluded_from_round_payload,actual_generated_protocol_object_bytes,xMK_ciphertext_uplink_plus_partial_decryption_share_uplink_plus_aggregate_c1_polynomial_broadcast,sum_of_actual_generated_client_update_objects_before_auxiliary_decryption_share_or_downlink_traffic,False,538.4182420999423,10768.364841998846,10768.364841998846,measured_sum_of_client_protection_plus_server_protected_aggregation_plus_authorized_recovery_or_decryption_ms_per_round,local_training__validation_test_evaluation__transport_latency__serialization_framing_not_explicitly_in_crypto_functions,2.910383045673371e-12,3.2000000000000006,20,20,0,"B1: xMK submit share (round-level finalize), noise=0.000",179.2,xmk_ckks,20,20,False,0,0,False,not_applicable,0,[],0,,True,0.0017204452090867595,0.0017281485220215498,3.9572916666666664,0,0,0,0,0,0,0,0,0,0,0,0,0,20,0,20,0,1,fixed_execution_host_runtime_payload_and_machine_specification__no_unmeasured_absolute_energy_or_carbon_claim,sequential_single_host_wall_clock_and_generated_protocol_object_bytes__machine_specification_recorded__transport_network_facility_energy_not_measured,runtime_payload_measured__energy_not_instrumented,not_reported_without_direct_hardware_energy_instrumentation,not_reported,False,,,,,,,not_reported,0,0.25,not_probed,0,,not_reported__no_valid_colab_network_or_device_energy_scope,,not_reported__no_direct_facility_or_grid_carbon_measurement,11.624765946000025,Absolute energy and carbon are not reported because direct hardware energy instrumentation is disabled.,False,,,,BASELINE
19,B1_xMK_CKKS,12,custom_xmk_reference_prototype,comparative_experiment,main_comparative,Custom xMK reference prototype with all-participant collaborative decryption; not a t-of-n threshold-CKKS security claim.,custom_xmk_reference_python,custom_reference_python_prototype,False,,,,,,,,,,{},False,False,,,0,baseline_unenforced,,,,,all_participants,configured_normalized_ciphertext_noise_proxy_sigma_over_scale,,,,not_applicable,0,0,0,False,,{},True,,strict_experiment_side_plaintext_oracle_comparison__max_coordinate_and_rmse_numeric_acceptance_envelope__relative_l2_diagnostic_only__no_plaintext_fallback_after_protected_aggregation_failure,custom_reference_prototype_numeric_acceptance_envelope__max_abs_and_rmse_are_acceptance_gates__relative_l2_is_diagnostic_only__not_a_formal_he_security_or_precision_proof,True,True,PASSED_PROTECTED_MAX_ABS_RMSE_ENVELOPE,2.863413063654446e-05,2.5909022079682875e-07,1.1387689874470226e-07,0.021782727406690655,0.021782727746216497,0.001,0.0002,5e-05,True,True,True,True,finite_and_max_abs_and_rmse,0.9987886661282961,0.7136929460580913,0.6013986013986014,0.8775510204081632,0.9382743143684036,0.7259269901137303,0.9803620238190944,0.7280922952287323,0.7280922952287323,0.8877551020408163,0.0019344400675295442,0.8877551020408163,0.0019344400675295442,56807,57,12,86,0.0010023916713562183,0.12244897959183673,0.8775510204081632,0.04895687057612298,0.04895687057612298,fpr,0.005,0.9990124865588448,0.7593582887700535,0.6574074074074074,0.8987341772151899,0.9489604058201692,0.7682068609511581,0.9842012850229984,0.8235917274596952,0.8235917274596952,0.8987341772151899,0.0008133655748516158,0.8987341772151899,0.0008133655748516158,45453,37,8,71,0.0008133655748516158,0.10126582278481013,0.8987341772151899,0.04895687057612298,fpr,0.005,1.0,False,B0_Plain_FL,NOT_FINAL_ROUND,,,,,,,,,,,,,,,,,,,,False,0.9982795547909132,10.855554783000116,709.5039250002628,3.27101900074922,0.0,0.0,6448.308886999257,3450.4837429999498,240,573440,28672.0,860160,286720,1146880,,not_modelled__session_or_evaluation_key_material_excluded_from_round_payload,actual_generated_protocol_object_bytes,xMK_ciphertext_uplink_plus_partial_decryption_share_uplink_plus_aggregate_c1_polynomial_broadcast,sum_of_actual_generated_client_update_objects_before_auxiliary_decryption_share_or_downlink_traffic,False,494.93963149996017,9898.792629999203,9898.792629999203,measured_sum_of_client_protection_plus_server_protected_aggregation_plus_authorized_recovery_or_decryption_ms_per_round,local_training__validation_test_evaluation__transport_latency__serialization_framing_not_explicitly_in_crypto_functions,2.910383045673371e-12,3.2000000000000006,20,20,0,"B1: xMK submit share (round-level finalize), noise=0.000",179.2,xmk_ckks,20,20,False,0,0,False,not_applicable,0,[],0,,True,0.0017204452090867595,0.0017281485220215498,3.9572916666666664,0,0,0,0,0,0,0,0,0,0,0,0,0,20,0,20,0,1,fixed_execution_host_runtime_payload_and_machine_specification__no_unmeasured_absolute_energy_or_carbon_claim,sequential_single_host_wall_clock_and_generated_protocol_object_bytes__machine_specification_recorded__transport_network_facility_energy_not_measured,runtime_payload_measured__energy_not_instrumented,not_reported_without_direct_hardware_energy_instrumentation,not_reported,False,,,,,,,not_reported,0,0.25,not_probed,0,,not_reported__no_valid_colab_network_or_device_energy_scope,,not_reported__no_direct_facility_or_grid_carbon_measurement,10.855526641999859,Absolute energy and carbon are not reported because direct hardware energy instrumentation is disabled.,False,,,,BASELINE
19,B1_xMK_CKKS,13,custom_xmk_reference_prototype,comparative_experiment,main_comparative,Custom xMK reference prototype with all-participant collaborative decryption; not a t-of-n threshold-CKKS security claim.,custom_xmk_reference_python,custom_reference_python_prototype,False,,,,,,,,,,{},False,False,,,0,baseline_unenforced,,,,,all_participants,configured_normalized_ciphertext_noise_proxy_sigma_over_scale,,,,not_applicable,0,0,0,False,,{},True,,strict_experiment_side_plaintext_oracle_comparison__max_coordinate_and_rmse_numeric_acceptance_envelope__relative_l2_diagnostic_only__no_plaintext_fallback_after_protected_aggregation_failure,custom_reference_prototype_numeric_acceptance_envelope__max_abs_and_rmse_are_acceptance_gates__relative_l2_is_diagnostic_only__not_a_formal_he_security_or_precision_proof,True,True,PASSED_PROTECTED_MAX_ABS_RMSE_ENVELOPE,2.864944647270146e-05,2.7073927419559406e-07,1.1491585844884237e-07,0.021969711681728565,0.021969734725055833,0.001,0.0002,5e-05,True,True,True,True,finite_and_max_abs_and_rmse,0.9987886661282961,0.7136929460580913,0.6013986013986014,0.8775510204081632,0.9382743143684036,0.7259269901137303,0.9801544034890265,0.7282476165996578,0.7282476165996578,0.8877551020408163,0.001776167698368036,0.8877551020408163,0.001776167698368036,56807,57,12,86,0.0010023916713562183,0.12244897959183673,0.8775510204081632,0.051457032637940305,0.051457032637940305,fpr,0.005,0.9990344313019817,0.7634408602150538,0.6635514018691588,0.8987341772151899,0.9489713972468563,0.7717986706821625,0.9841598236919507,0.8236676060826863,0.8236676060826863,0.8987341772151899,0.0007913827214772477,0.8987341772151899,0.0007913827214772477,45454,36,8,71,0.0007913827214772477,0.10126582278481013,0.8987341772151899,0.051457032637940305,fpr,0.005,1.0,False,B0_Plain_FL,NOT_FINAL_ROUND,,,,,,,,,,,,,,,,,,,,False,0.9982795547909132,11.417561546000343,911.7784299996856,3.418800999497762,0.0,0.0,7087.284756999907,3247.9431730002943,240,573440,28672.0,860160,286720,1146880,,not_modelled__session_or_evaluation_key_material_excluded_from_round_payload,actual_generated_protocol_object_bytes,xMK_ciphertext_uplink_plus_partial_decryption_share_uplink_plus_aggregate_c1_polynomial_broadcast,sum_of_actual_generated_client_update_objects_before_auxiliary_decryption_share_or_downlink_traffic,False,516.7613965000103,10335.227930000205,10335.227930000205,measured_sum_of_client_protection_plus_server_protected_aggregation_plus_authorized_recovery_or_decryption_ms_per_round,local_training__validation_test_evaluation__transport_latency__serialization_framing_not_explicitly_in_crypto_functions,2.910383045673371e-12,3.2000000000000006,20,20,0,"B1: xMK submit share (round-level finalize), noise=0.000",179.2,xmk_ckks,20,20,False,0,0,False,not_applicable,0,[],0,,True,0.0017204452090867595,0.0017281485220215498,3.9572916666666664,0,0,0,0,0,0,0,0,0,0,0,0,0,20,0,20,0,1,fixed_execution_host_runtime_payload_and_machine_specification__no_unmeasured_absolute_energy_or_carbon_claim,sequential_single_host_wall_clock_and_generated_protocol_object_bytes__machine_specification_recorded__transport_network_facility_energy_not_measured,runtime_payload_measured__energy_not_instrumented,not_reported_without_direct_hardware_energy_instrumentation,not_reported,False,,,,,,,not_reported,0,0.25,not_probed,0,,not_reported__no_valid_colab_network_or_device_energy_scope,,not_reported__no_direct_facility_or_grid_carbon_measurement,11.417530672999874,Absolute energy and carbon are not reported because direct hardware energy instrumentation is disabled.,False,,,,BASELINE
19,B1_xMK_CKKS,14,custom_xmk_reference_prototype,comparative_experiment,main_comparative,Custom xMK reference prototype with all-participant collaborative decryption; not a t-of-n threshold-CKKS security claim.,custom_xmk_reference_python,custom_reference_python_prototype,False,,,,,,,,,,{},False,False,,,0,baseline_unenforced,,,,,all_participants,configured_normalized_ciphertext_noise_proxy_sigma_over_scale,,,,not_applicable,0,0,0,False,,{},True,,strict_experiment_side_plaintext_oracle_comparison__max_coordinate_and_rmse_numeric_acceptance_envelope__relative_l2_diagnostic_only__no_plaintext_fallback_after_protected_aggregation_failure,custom_reference_prototype_numeric_acceptance_envelope__max_abs_and_rmse_are_acceptance_gates__relative_l2_is_diagnostic_only__not_a_formal_he_security_or_precision_proof,True,True,PASSED_PROTECTED_MAX_ABS_RMSE_ENVELOPE,7.053300880663906e-05,3.7712278680673665e-07,1.463031226642196e-07,0.01136113741145867,0.01136110316366358,0.001,0.0002,5e-05,True,True,True,True,finite_and_max_abs_and_rmse,0.9988062216916541,0.7166666666666667,0.6056338028169014,0.8775510204081632,0.9382831072778014,0.7284867912883576,0.9800164086456191,0.7283519094705144,0.7283519094705144,0.8877551020408163,0.0016882386043894203,0.8877551020408163,0.0016882386043894203,56808,56,12,86,0.0009848058525604951,0.12244897959183673,0.8775510204081632,0.05269894658850347,0.05269894658850347,fpr,0.005,0.9990344313019817,0.7634408602150538,0.6635514018691588,0.8987341772151899,0.9489713972468563,0.7717986706821625,0.9840922055480269,0.8233192401158534,0.8233192401158534,0.8987341772151899,0.0007913827214772477,0.8987341772151899,0.0007913827214772477,45454,36,8,71,0.0007913827214772477,0.10126582278481013,0.8987341772151899,0.05269894658850347,fpr,0.005,1.0,False,B0_Plain_FL,NOT_FINAL_ROUND,,,,,,,,,,,,,,,,,,,,False,0.9982795547909132,11.758839701999932,861.4995830002954,3.502951001337351,0.0,0.0,7523.776378000093,3201.6915359999985,240,573440,28672.0,860160,286720,1146880,,not_modelled__session_or_evaluation_key_material_excluded_from_round_payload,actual_generated_protocol_object_bytes,xMK_ciphertext_uplink_plus_partial_decryption_share_uplink_plus_aggregate_c1_polynomial_broadcast,sum_of_actual_generated_client_update_objects_before_auxiliary_decryption_share_or_downlink_traffic,False,536.2733957000046,10725.467914000092,10725.467914000092,measured_sum_of_client_protection_plus_server_protected_aggregation_plus_authorized_recovery_or_decryption_ms_per_round,local_training__validation_test_evaluation__transport_latency__serialization_framing_not_explicitly_in_crypto_functions,2.910383045673371e-12,3.2000000000000006,20,20,0,"B1: xMK submit share (round-level finalize), noise=0.000",179.2,xmk_ckks,20,20,False,0,0,False,not_applicable,0,[],0,,True,0.0017204452090867595,0.0017281485220215498,3.9572916666666664,0,0,0,0,0,0,0,0,0,0,0,0,0,20,0,20,0,1,fixed_execution_host_runtime_payload_and_machine_specification__no_unmeasured_absolute_energy_or_carbon_claim,sequential_single_host_wall_clock_and_generated_protocol_object_bytes__machine_specification_recorded__transport_network_facility_energy_not_measured,runtime_payload_measured__energy_not_instrumented,not_reported_without_direct_hardware_energy_instrumentation,not_reported,False,,,,,,,not_reported,0,0.25,not_probed,0,,not_reported__no_valid_colab_network_or_device_energy_scope,,not_reported__no_direct_facility_or_grid_carbon_measurement,11.758812775000024,Absolute energy and carbon are not reported because direct hardware energy instrumentation is disabled.,False,,,,BASELINE
19,B1_xMK_CKKS,15,custom_xmk_reference_prototype,comparative_experiment,main_comparative,Custom xMK reference prototype with all-participant collaborative decryption; not a t-of-n threshold-CKKS security claim.,custom_xmk_reference_python,custom_reference_python_prototype,False,,,,,,,,,,{},False,False,,,0,baseline_unenforced,,,,,all_participants,configured_normalized_ciphertext_noise_proxy_sigma_over_scale,,,,not_applicable,0,0,0,False,,{},True,,strict_experiment_side_plaintext_oracle_comparison__max_coordinate_and_rmse_numeric_acceptance_envelope__relative_l2_diagnostic_only__no_plaintext_fallback_after_protected_aggregation_failure,custom_reference_prototype_numeric_acceptance_envelope__max_abs_and_rmse_are_acceptance_gates__relative_l2_is_diagnostic_only__not_a_formal_he_security_or_precision_proof,True,True,PASSED_PROTECTED_MAX_ABS_RMSE_ENVELOPE,6.417040781122086e-05,2.590597777160468e-07,9.596906788031959e-08,0.00819138058916731,0.008191509981535698,0.001,0.0002,5e-05,True,True,True,True,finite_and_max_abs_and_rmse,0.9988237772550121,0.7196652719665272,0.6099290780141844,0.8775510204081632,0.9382919001871992,0.7310737472020886,0.9798717742583809,0.7283555846424292,0.7283555846424292,0.8877551020408163,0.001635481148002251,0.8877551020408163,0.001635481148002251,56809,55,12,86,0.0009672200337647721,0.12244897959183673,0.8775510204081632,0.053244697928726846,0.053244697928726846,fpr,0.005,0.9990563760451184,0.7675675675675676,0.6698113207547169,0.8987341772151899,0.9489823886735436,0.7754411396718406,0.9841030578427308,0.8234025920675274,0.8234025920675274,0.8987341772151899,0.0007693998681028798,0.8987341772151899,0.0007693998681028798,45455,35,8,71,0.0007693998681028798,0.10126582278481013,0.8987341772151899,0.053244697928726846,fpr,0.005,1.0,False,B0_Plain_FL,NOT_FINAL_ROUND,,,,,,,,,,,,,,,,,,,,False,0.9982795547909132,11.664958554999885,837.000990999968,3.5309579993736406,0.0,0.0,7461.707083999499,3195.6894320001084,240,573440,28672.0,860160,286720,1146880,,not_modelled__session_or_evaluation_key_material_excluded_from_round_payload,actual_generated_protocol_object_bytes,xMK_ciphertext_uplink_plus_partial_decryption_share_uplink_plus_aggregate_c1_polynomial_broadcast,sum_of_actual_generated_client_update_objects_before_auxiliary_decryption_share_or_downlink_traffic,False,532.8698257999804,10657.396515999608,10657.396515999608,measured_sum_of_client_protection_plus_server_protected_aggregation_plus_authorized_recovery_or_decryption_ms_per_round,local_training__validation_test_evaluation__transport_latency__serialization_framing_not_explicitly_in_crypto_functions,2.910383045673371e-12,3.2000000000000006,20,20,0,"B1: xMK submit share (round-level finalize), noise=0.000",179.2,xmk_ckks,20,20,False,0,0,False,not_applicable,0,[],0,,True,0.0017204452090867595,0.0017281485220215498,3.9572916666666664,0,0,0,0,0,0,0,0,0,0,0,0,0,20,0,20,0,1,fixed_execution_host_runtime_payload_and_machine_specification__no_unmeasured_absolute_energy_or_carbon_claim,sequential_single_host_wall_clock_and_generated_protocol_object_bytes__machine_specification_recorded__transport_network_facility_energy_not_measured,runtime_payload_measured__energy_not_instrumented,not_reported_without_direct_hardware_energy_instrumentation,not_reported,False,,,,,,,not_reported,0,0.25,not_probed,0,,not_reported__no_valid_colab_network_or_device_energy_scope,,not_reported__no_direct_facility_or_grid_carbon_measurement,11.664930381999966,Absolute energy and carbon are not reported because direct hardware energy instrumentation is disabled.,False,,,,BASELINE
19,B1_xMK_CKKS,16,custom_xmk_reference_prototype,comparative_experiment,main_comparative,Custom xMK reference prototype with all-participant collaborative decryption; not a t-of-n threshold-CKKS security claim.,custom_xmk_reference_python,custom_reference_python_prototype,False,,,,,,,,,,{},False,False,,,0,baseline_unenforced,,,,,all_participants,configured_normalized_ciphertext_noise_proxy_sigma_over_scale,,,,not_applicable,0,0,0,False,,{},True,,strict_experiment_side_plaintext_oracle_comparison__max_coordinate_and_rmse_numeric_acceptance_envelope__relative_l2_diagnostic_only__no_plaintext_fallback_after_protected_aggregation_failure,custom_reference_prototype_numeric_acceptance_envelope__max_abs_and_rmse_are_acceptance_gates__relative_l2_is_diagnostic_only__not_a_formal_he_security_or_precision_proof,True,True,PASSED_PROTECTED_MAX_ABS_RMSE_ENVELOPE,8.743931000643067e-05,2.3664180732411305e-07,1.1839150219660093e-07,0.007416080519904352,0.007416051051273897,0.001,0.0002,5e-05,True,True,True,True,finite_and_max_abs_and_rmse,0.9988237772550121,0.7196652719665272,0.6099290780141844,0.8775510204081632,0.9382919001871992,0.7310737472020886,0.979718167514614,0.7283896019935423,0.7283896019935423,0.8877551020408163,0.0015299662352279122,0.8877551020408163,0.0015299662352279122,56809,55,12,86,0.0009672200337647721,0.12244897959183673,0.8775510204081632,0.05380266896941723,0.05380266896941723,fpr,0.005,0.9990563760451184,0.7675675675675676,0.6698113207547169,0.8987341772151899,0.9489823886735436,0.7754411396718406,0.9841345016709752,0.8234079521009404,0.8234079521009404,0.8987341772151899,0.0007693998681028798,0.8987341772151899,0.0007693998681028798,45455,35,8,71,0.0007693998681028798,0.10126582278481013,0.8987341772151899,0.05380266896941723,fpr,0.005,1.0,False,B0_Plain_FL,NOT_FINAL_ROUND,,,,,,,,,,,,,,,,,,,,False,0.9982795547909132,11.739175740000064,901.567375000468,3.4110870005861216,0.0,0.0,7219.120948999716,3447.576981000111,240,573440,28672.0,860160,286720,1146880,,not_modelled__session_or_evaluation_key_material_excluded_from_round_payload,actual_generated_protocol_object_bytes,xMK_ciphertext_uplink_plus_partial_decryption_share_uplink_plus_aggregate_c1_polynomial_broadcast,sum_of_actual_generated_client_update_objects_before_auxiliary_decryption_share_or_downlink_traffic,False,533.3348964999911,10666.697929999824,10666.697929999824,measured_sum_of_client_protection_plus_server_protected_aggregation_plus_authorized_recovery_or_decryption_ms_per_round,local_training__validation_test_evaluation__transport_latency__serialization_framing_not_explicitly_in_crypto_functions,2.910383045673371e-12,3.2000000000000006,20,20,0,"B1: xMK submit share (round-level finalize), noise=0.000",179.2,xmk_ckks,20,20,False,0,0,False,not_applicable,0,[],0,,True,0.0017204452090867595,0.0017281485220215498,3.9572916666666664,0,0,0,0,0,0,0,0,0,0,0,0,0,20,0,20,0,1,fixed_execution_host_runtime_payload_and_machine_specification__no_unmeasured_absolute_energy_or_carbon_claim,sequential_single_host_wall_clock_and_generated_protocol_object_bytes__machine_specification_recorded__transport_network_facility_energy_not_measured,runtime_payload_measured__energy_not_instrumented,not_reported_without_direct_hardware_energy_instrumentation,not_reported,False,,,,,,,not_reported,0,0.25,not_probed,0,,not_reported__no_valid_colab_network_or_device_energy_scope,,not_reported__no_direct_facility_or_grid_carbon_measurement,11.739149918000294,Absolute energy and carbon are not reported because direct hardware energy instrumentation is disabled.,False,,,,BASELINE
19,B1_xMK_CKKS,17,custom_xmk_reference_prototype,comparative_experiment,main_comparative,Custom xMK reference prototype with all-participant collaborative decryption; not a t-of-n threshold-CKKS security claim.,custom_xmk_reference_python,custom_reference_python_prototype,False,,,,,,,,,,{},False,False,,,0,baseline_unenforced,,,,,all_participants,configured_normalized_ciphertext_noise_proxy_sigma_over_scale,,,,not_applicable,0,0,0,False,,{},True,,strict_experiment_side_plaintext_oracle_comparison__max_coordinate_and_rmse_numeric_acceptance_envelope__relative_l2_diagnostic_only__no_plaintext_fallback_after_protected_aggregation_failure,custom_reference_prototype_numeric_acceptance_envelope__max_abs_and_rmse_are_acceptance_gates__relative_l2_is_diagnostic_only__not_a_formal_he_security_or_precision_proof,True,True,PASSED_PROTECTED_MAX_ABS_RMSE_ENVELOPE,9.71458205829024e-05,2.640676006005014e-07,1.0489737234857176e-07,0.005914269569588545,0.005914286044852421,0.001,0.0002,5e-05,True,True,True,True,finite_and_max_abs_and_rmse,0.9988237772550121,0.7196652719665272,0.6099290780141844,0.8775510204081632,0.9382919001871992,0.7310737472020886,0.9795530761544909,0.7282266442429198,0.7282266442429198,0.8877551020408163,0.001494794597636466,0.8877551020408163,0.001494794597636466,56809,55,12,86,0.0009672200337647721,0.12244897959183673,0.8775510204081632,0.05408811667083257,0.05408811667083257,fpr,0.005,0.9990563760451184,0.7675675675675676,0.6698113207547169,0.8987341772151899,0.9489823886735436,0.7754411396718406,0.9842224330844727,0.8234070934625161,0.8234070934625161,0.8987341772151899,0.0007693998681028798,0.8987341772151899,0.0007693998681028798,45455,35,8,71,0.0007693998681028798,0.10126582278481013,0.8987341772151899,0.05408811667083257,fpr,0.005,1.0,False,B0_Plain_FL,NOT_FINAL_ROUND,,,,,,,,,,,,,,,,,,,,False,0.9982795547909132,11.601524789999985,731.853310000588,3.189032000136649,0.0,0.0,6420.927241998925,4278.667643999597,240,573440,28672.0,860160,286720,1146880,,not_modelled__session_or_evaluation_key_material_excluded_from_round_payload,actual_generated_protocol_object_bytes,xMK_ciphertext_uplink_plus_partial_decryption_share_uplink_plus_aggregate_c1_polynomial_broadcast,sum_of_actual_generated_client_update_objects_before_auxiliary_decryption_share_or_downlink_traffic,False,534.9797442999259,10699.594885998518,10699.594885998518,measured_sum_of_client_protection_plus_server_protected_aggregation_plus_authorized_recovery_or_decryption_ms_per_round,local_training__validation_test_evaluation__transport_latency__serialization_framing_not_explicitly_in_crypto_functions,2.910383045673371e-12,3.2000000000000006,20,20,0,"B1: xMK submit share (round-level finalize), noise=0.000",179.2,xmk_ckks,20,20,False,0,0,False,not_applicable,0,[],0,,True,0.0017204452090867595,0.0017281485220215498,3.9572916666666664,0,0,0,0,0,0,0,0,0,0,0,0,0,20,0,20,0,1,fixed_execution_host_runtime_payload_and_machine_specification__no_unmeasured_absolute_energy_or_carbon_claim,sequential_single_host_wall_clock_and_generated_protocol_object_bytes__machine_specification_recorded__transport_network_facility_energy_not_measured,runtime_payload_measured__energy_not_instrumented,not_reported_without_direct_hardware_energy_instrumentation,not_reported,False,,,,,,,not_reported,0,0.25,not_probed,0,,not_reported__no_valid_colab_network_or_device_energy_scope,,not_reported__no_direct_facility_or_grid_carbon_measurement,11.601498467000056,Absolute energy and carbon are not reported because direct hardware energy instrumentation is disabled.,False,,,,BASELINE
19,B1_xMK_CKKS,18,custom_xmk_reference_prototype,comparative_experiment,main_comparative,Custom xMK reference prototype with all-participant collaborative decryption; not a t-of-n threshold-CKKS security claim.,custom_xmk_reference_python,custom_reference_python_prototype,False,,,,,,,,,,{},False,False,,,0,baseline_unenforced,,,,,all_participants,configured_normalized_ciphertext_noise_proxy_sigma_over_scale,,,,not_applicable,0,0,0,False,,{},True,,strict_experiment_side_plaintext_oracle_comparison__max_coordinate_and_rmse_numeric_acceptance_envelope__relative_l2_diagnostic_only__no_plaintext_fallback_after_protected_aggregation_failure,custom_reference_prototype_numeric_acceptance_envelope__max_abs_and_rmse_are_acceptance_gates__relative_l2_is_diagnostic_only__not_a_formal_he_security_or_precision_proof,True,True,PASSED_PROTECTED_MAX_ABS_RMSE_ENVELOPE,0.000124742573327239,3.6911625064762685e-07,1.3957616285154584e-07,0.006128542231590989,0.006128735430700252,0.001,0.0002,5e-05,True,True,True,True,finite_and_max_abs_and_rmse,0.9988237772550121,0.7196652719665272,0.6099290780141844,0.8775510204081632,0.9382919001871992,0.7310737472020886,0.9794895518702698,0.7280992298681336,0.7280992298681336,0.8877551020408163,0.001494794597636466,0.8877551020408163,0.001494794597636466,56809,55,12,86,0.0009672200337647721,0.12244897959183673,0.8775510204081632,0.05452700517217653,0.05452700517217653,fpr,0.005,0.9990563760451184,0.7675675675675676,0.6698113207547169,0.8987341772151899,0.9489823886735436,0.7754411396718406,0.9842146416934031,0.823407094177007,0.823407094177007,0.8987341772151899,0.0007693998681028798,0.8987341772151899,0.0007693998681028798,45455,35,8,71,0.0007693998681028798,0.10126582278481013,0.8987341772151899,0.05452700517217653,fpr,0.005,1.0,False,B0_Plain_FL,NOT_FINAL_ROUND,,,,,,,,,,,,,,,,,,,,False,0.9982795547909132,10.978291163999984,680.6632310012901,3.1780599983903812,0.0,0.0,6413.400578000619,3638.770834999832,240,573440,28672.0,860160,286720,1146880,,not_modelled__session_or_evaluation_key_material_excluded_from_round_payload,actual_generated_protocol_object_bytes,xMK_ciphertext_uplink_plus_partial_decryption_share_uplink_plus_aggregate_c1_polynomial_broadcast,sum_of_actual_generated_client_update_objects_before_auxiliary_decryption_share_or_downlink_traffic,False,502.6085706500224,10052.171413000448,10052.171413000448,measured_sum_of_client_protection_plus_server_protected_aggregation_plus_authorized_recovery_or_decryption_ms_per_round,local_training__validation_test_evaluation__transport_latency__serialization_framing_not_explicitly_in_crypto_functions,2.910383045673371e-12,3.2000000000000006,20,20,0,"B1: xMK submit share (round-level finalize), noise=0.000",179.2,xmk_ckks,20,20,False,0,0,False,not_applicable,0,[],0,,True,0.0017204452090867595,0.0017281485220215498,3.9572916666666664,0,0,0,0,0,0,0,0,0,0,0,0,0,20,0,20,0,1,fixed_execution_host_runtime_payload_and_machine_specification__no_unmeasured_absolute_energy_or_carbon_claim,sequential_single_host_wall_clock_and_generated_protocol_object_bytes__machine_specification_recorded__transport_network_facility_energy_not_measured,runtime_payload_measured__energy_not_instrumented,not_reported_without_direct_hardware_energy_instrumentation,not_reported,False,,,,,,,not_reported,0,0.25,not_probed,0,,not_reported__no_valid_colab_network_or_device_energy_scope,,not_reported__no_direct_facility_or_grid_carbon_measurement,10.978261143000054,Absolute energy and carbon are not reported because direct hardware energy instrumentation is disabled.,False,,,,BASELINE
19,B1_xMK_CKKS,19,custom_xmk_reference_prototype,comparative_experiment,main_comparative,Custom xMK reference prototype with all-participant collaborative decryption; not a t-of-n threshold-CKKS security claim.,custom_xmk_reference_python,custom_reference_python_prototype,False,,,,,,,,,,{},False,False,,,0,baseline_unenforced,,,,,all_participants,configured_normalized_ciphertext_noise_proxy_sigma_over_scale,,,,not_applicable,0,0,0,False,,{},True,,strict_experiment_side_plaintext_oracle_comparison__max_coordinate_and_rmse_numeric_acceptance_envelope__relative_l2_diagnostic_only__no_plaintext_fallback_after_protected_aggregation_failure,custom_reference_prototype_numeric_acceptance_envelope__max_abs_and_rmse_are_acceptance_gates__relative_l2_is_diagnostic_only__not_a_formal_he_security_or_precision_proof,True,True,PASSED_PROTECTED_MAX_ABS_RMSE_ENVELOPE,9.964510769897375e-05,3.8540388037271254e-07,1.363380764281977e-07,0.007494140115961942,0.007494104645944028,0.001,0.0002,5e-05,True,True,True,True,finite_and_max_abs_and_rmse,0.9988237772550121,0.7196652719665272,0.6099290780141844,0.8775510204081632,0.9382919001871992,0.7310737472020886,0.9794290781872681,0.7280713643953519,0.7280713643953519,0.8877551020408163,0.0014772087788407428,0.8877551020408163,0.0014772087788407428,56809,55,12,86,0.0009672200337647721,0.12244897959183673,0.8775510204081632,0.05446158179987013,0.05446158179987013,fpr,0.005,0.9990563760451184,0.7675675675675676,0.6698113207547169,0.8987341772151899,0.9489823886735436,0.7754411396718406,0.9842107459978685,0.8234062961022546,0.8234062961022546,0.8987341772151899,0.0007693998681028798,0.8987341772151899,0.0007693998681028798,45455,35,8,71,0.0007693998681028798,0.10126582278481013,0.8987341772151899,0.05446158179987013,fpr,0.005,1.0,False,B0_Plain_FL,NOT_FINAL_ROUND,,,,,,,,,,,,,,,,,,,,False,0.9982795547909132,16.25064510900029,832.5675439991755,3.35437100056879,0.0,0.0,6980.873076999615,7768.372077000095,240,573440,28672.0,860160,286720,1146880,,not_modelled__session_or_evaluation_key_material_excluded_from_round_payload,actual_generated_protocol_object_bytes,xMK_ciphertext_uplink_plus_partial_decryption_share_uplink_plus_aggregate_c1_polynomial_broadcast,sum_of_actual_generated_client_update_objects_before_auxiliary_decryption_share_or_downlink_traffic,False,737.4622576999855,14749.24515399971,14749.24515399971,measured_sum_of_client_protection_plus_server_protected_aggregation_plus_authorized_recovery_or_decryption_ms_per_round,local_training__validation_test_evaluation__transport_latency__serialization_framing_not_explicitly_in_crypto_functions,2.910383045673371e-12,3.2000000000000006,20,20,0,"B1: xMK submit share (round-level finalize), noise=0.000",179.2,xmk_ckks,20,20,False,0,0,False,not_applicable,0,[],0,,True,0.0017204452090867595,0.0017281485220215498,3.9572916666666664,0,0,0,0,0,0,0,0,0,0,0,0,0,20,0,20,0,1,fixed_execution_host_runtime_payload_and_machine_specification__no_unmeasured_absolute_energy_or_carbon_claim,sequential_single_host_wall_clock_and_generated_protocol_object_bytes__machine_specification_recorded__transport_network_facility_energy_not_measured,runtime_payload_measured__energy_not_instrumented,not_reported_without_direct_hardware_energy_instrumentation,not_reported,False,,,,,,,not_reported,0,0.25,not_probed,0,,not_reported__no_valid_colab_network_or_device_energy_scope,,not_reported__no_direct_facility_or_grid_carbon_measurement,16.250611731999925,Absolute energy and carbon are not reported because direct hardware energy instrumentation is disabled.,False,,,,BASELINE
19,B1_xMK_CKKS,20,custom_xmk_reference_prototype,comparative_experiment,main_comparative,Custom xMK reference prototype with all-participant collaborative decryption; not a t-of-n threshold-CKKS security claim.,custom_xmk_reference_python,custom_reference_python_prototype,False,,,,,,,,,,{},False,False,,,0,baseline_unenforced,,,,,all_participants,configured_normalized_ciphertext_noise_proxy_sigma_over_scale,,,,not_applicable,0,0,0,False,,{},True,,strict_experiment_side_plaintext_oracle_comparison__max_coordinate_and_rmse_numeric_acceptance_envelope__relative_l2_diagnostic_only__no_plaintext_fallback_after_protected_aggregation_failure,custom_reference_prototype_numeric_acceptance_envelope__max_abs_and_rmse_are_acceptance_gates__relative_l2_is_diagnostic_only__not_a_formal_he_security_or_precision_proof,True,True,PASSED_PROTECTED_MAX_ABS_RMSE_ENVELOPE,0.00010308816056956922,2.335476115161196e-07,1.1370746279149533e-07,0.006041444718110248,0.006041402907260843,0.001,0.0002,5e-05,True,True,True,True,finite_and_max_abs_and_rmse,0.9988237772550121,0.7196652719665272,0.6099290780141844,0.8775510204081632,0.9382919001871992,0.7310737472020886,0.9793820630390591,0.7281166723766804,0.7281166723766804,0.8877551020408163,0.001494794597636466,0.8877551020408163,0.001494794597636466,56809,55,12,86,0.0009672200337647721,0.12244897959183673,0.8775510204081632,0.05447886083249115,0.05447886083249115,fpr,0.005,0.9990563760451184,0.7675675675675676,0.6698113207547169,0.8987341772151899,0.9489823886735436,0.7754411396718406,0.9842282766277748,0.8234092375502905,0.8234092375502905,0.8987341772151899,0.0007693998681028798,0.8987341772151899,0.0007693998681028798,45455,35,8,71,0.0007693998681028798,0.10126582278481013,0.8987341772151899,0.05447886083249115,fpr,0.005,1.0,True,B0_Plain_FL,COMPARED,0.7281166723766804,0.7281166723766804,0.0,0.7196652719665272,0.7196652719665272,0.0,0.7310737472020886,0.7310737472020886,0.0,0.05447886083249115,0.05447892031983535,-5.948734420335722e-08,1.3126644781662612e-06,6.823456547011553e-07,9.864202232812147e-07,1.0640841298851544e-08,2.0608116824790688e-08,0.0,0.0,True,0.9982795547909132,21.152520916999947,2212.4362160006967,9.587870000359544,0.0,0.0,13104.562746999818,5547.554151999975,240,573440,28672.0,860160,286720,1146880,,not_modelled__session_or_evaluation_key_material_excluded_from_round_payload,actual_generated_protocol_object_bytes,xMK_ciphertext_uplink_plus_partial_decryption_share_uplink_plus_aggregate_c1_polynomial_broadcast,sum_of_actual_generated_client_update_objects_before_auxiliary_decryption_share_or_downlink_traffic,False,932.6058449499894,18652.11689899979,18652.11689899979,measured_sum_of_client_protection_plus_server_protected_aggregation_plus_authorized_recovery_or_decryption_ms_per_round,local_training__validation_test_evaluation__transport_latency__serialization_framing_not_explicitly_in_crypto_functions,2.910383045673371e-12,3.2000000000000006,20,20,0,"B1: xMK submit share (round-level finalize), noise=0.000",179.2,xmk_ckks,20,20,False,0,0,False,not_applicable,0,[],0,,True,0.0017204452090867595,0.0017281485220215498,3.9572916666666664,0,0,0,0,0,0,0,0,0,0,0,0,0,20,0,20,0,1,fixed_execution_host_runtime_payload_and_machine_specification__no_unmeasured_absolute_energy_or_carbon_claim,sequential_single_host_wall_clock_and_generated_protocol_object_bytes__machine_specification_recorded__transport_network_facility_energy_not_measured,runtime_payload_measured__energy_not_instrumented,not_reported_without_direct_hardware_energy_instrumentation,not_reported,False,,,,,,,not_reported,0,0.25,not_probed,0,,not_reported__no_valid_colab_network_or_device_energy_scope,,not_reported__no_direct_facility_or_grid_carbon_measurement,21.152480148999985,Absolute energy and carbon are not reported because direct hardware energy instrumentation is disabled.,False,,,,BASELINE
23,B1_xMK_CKKS,1,custom_xmk_reference_prototype,comparative_experiment,main_comparative,Custom xMK reference prototype with all-participant collaborative decryption; not a t-of-n threshold-CKKS security claim.,custom_xmk_reference_python,custom_reference_python_prototype,False,,,,,,,,,,{},False,False,,,0,baseline_unenforced,,,,,all_participants,configured_normalized_ciphertext_noise_proxy_sigma_over_scale,,,,not_applicable,0,0,0,False,,{},True,,strict_experiment_side_plaintext_oracle_comparison__max_coordinate_and_rmse_numeric_acceptance_envelope__relative_l2_diagnostic_only__no_plaintext_fallback_after_protected_aggregation_failure,custom_reference_prototype_numeric_acceptance_envelope__max_abs_and_rmse_are_acceptance_gates__relative_l2_is_diagnostic_only__not_a_formal_he_security_or_precision_proof,True,True,PASSED_PROTECTED_MAX_ABS_RMSE_ENVELOPE,1.0538122444510981e-06,2.442627016728538e-07,8.338066852053795e-08,0.4333739074387215,0.4333739239900086,0.001,0.0002,5e-05,True,True,True,True,finite_and_max_abs_and_rmse,0.9952073312032583,0.3865168539325843,0.2478386167146974,0.8775510204081632,0.9364805608512398,0.4649391850430324,0.9598357843418741,0.7000026556293166,0.7000026556293166,0.8775510204081632,0.002356499718626899,0.8877551020408163,0.006260551491277434,56603,261,12,86,0.0045898987056837365,0.12244897959183673,0.8775510204081632,0.0031497450351513014,0.0031497450351513014,fpr,0.005,0.9954574381706862,0.41025641025641024,0.2647058823529412,0.9113924050632911,0.9534979171942087,0.4898438215066164,0.9860445055388443,0.8228029150900916,0.8228029150900916,0.9113924050632911,0.004396570674873599,0.9113924050632911,0.004396570674873599,45290,200,7,72,0.004396570674873599,0.08860759493670886,0.9113924050632911,0.0031497450351513014,fpr,0.005,1.0,False,B0_Plain_FL,NOT_FINAL_ROUND,,,,,,,,,,,,,,,,,,,,False,0.9982795547909132,18.166598669999985,1488.9535049992446,4.340494999723887,0.0,6683.26308099995,10025.683381001272,6415.802217999953,240,573440,28672.0,860160,286720,1146880,,not_modelled__session_or_evaluation_key_material_excluded_from_round_payload,actual_generated_protocol_object_bytes,xMK_ciphertext_uplink_plus_partial_decryption_share_uplink_plus_aggregate_c1_polynomial_broadcast,sum_of_actual_generated_client_update_objects_before_auxiliary_decryption_share_or_downlink_traffic,False,822.0742799500613,16441.485599001226,16441.485599001226,measured_sum_of_client_protection_plus_server_protected_aggregation_plus_authorized_recovery_or_decryption_ms_per_round,local_training__validation_test_evaluation__transport_latency__serialization_framing_not_explicitly_in_crypto_functions,2.910383045673371e-12,3.2000000000000006,20,20,0,"B1: xMK submit share (round-level finalize), noise=0.000",179.2,xmk_ckks,20,20,False,0,0,False,not_applicable,0,[],0,,True,0.0017204452090867595,0.0017281485220215498,3.9572916666666664,0,0,0,0,0,0,0,0,0,0,0,0,0,20,0,20,0,1,fixed_execution_host_runtime_payload_and_machine_specification__no_unmeasured_absolute_energy_or_carbon_claim,sequential_single_host_wall_clock_and_generated_protocol_object_bytes__machine_specification_recorded__transport_network_facility_energy_not_measured,runtime_payload_measured__energy_not_instrumented,not_reported_without_direct_hardware_energy_instrumentation,not_reported,False,,,,,,,not_reported,0,0.25,not_probed,0,,not_reported__no_valid_colab_network_or_device_energy_scope,,not_reported__no_direct_facility_or_grid_carbon_measurement,18.166544739000074,Absolute energy and carbon are not reported because direct hardware energy instrumentation is disabled.,False,,,,BASELINE
23,B1_xMK_CKKS,2,custom_xmk_reference_prototype,comparative_experiment,main_comparative,Custom xMK reference prototype with all-participant collaborative decryption; not a t-of-n threshold-CKKS security claim.,custom_xmk_reference_python,custom_reference_python_prototype,False,,,,,,,,,,{},False,False,,,0,baseline_unenforced,,,,,all_participants,configured_normalized_ciphertext_noise_proxy_sigma_over_scale,,,,not_applicable,0,0,0,False,,{},True,,strict_experiment_side_plaintext_oracle_comparison__max_coordinate_and_rmse_numeric_acceptance_envelope__relative_l2_diagnostic_only__no_plaintext_fallback_after_protected_aggregation_failure,custom_reference_prototype_numeric_acceptance_envelope__max_abs_and_rmse_are_acceptance_gates__relative_l2_is_diagnostic_only__not_a_formal_he_security_or_precision_proof,True,True,PASSED_PROTECTED_MAX_ABS_RMSE_ENVELOPE,1.7858993583301484e-06,3.486280811817403e-07,1.2388980563937767e-07,0.3799611712548415,0.3799611457555342,0.001,0.0002,5e-05,True,True,True,True,finite_and_max_abs_and_rmse,0.9985604438046417,0.6693548387096774,0.5533333333333333,0.8469387755102041,0.9228802628254453,0.6839328810532475,0.9686927563653486,0.7192054191313186,0.7192054191313186,0.8877551020408163,0.0016003095104108048,0.8877551020408163,0.0016003095104108048,56797,67,15,83,0.0011782498593134495,0.15306122448979592,0.8469387755102041,0.005629597309320216,0.005629597309320216,fpr,0.005,0.9989247075862977,0.743455497382199,0.6339285714285714,0.8987341772151899,0.9489164401134205,0.7543234751016461,0.9884514888513541,0.8226507218265783,0.8226507218265783,0.8987341772151899,0.0009012969883490877,0.8987341772151899,0.0009012969883490877,45449,41,8,71,0.0009012969883490877,0.10126582278481013,0.8987341772151899,0.005629597309320216,fpr,0.005,1.0,False,B0_Plain_FL,NOT_FINAL_ROUND,,,,,,,,,,,,,,,,,,,,False,0.9982795547909132,13.880557546000091,1157.3977600000944,3.919211999800609,0.0,0.0,9344.624760999977,3205.647359000068,240,573440,28672.0,860160,286720,1146880,,not_modelled__session_or_evaluation_key_material_excluded_from_round_payload,actual_generated_protocol_object_bytes,xMK_ciphertext_uplink_plus_partial_decryption_share_uplink_plus_aggregate_c1_polynomial_broadcast,sum_of_actual_generated_client_update_objects_before_auxiliary_decryption_share_or_downlink_traffic,False,627.5136060000023,12550.272120000045,12550.272120000045,measured_sum_of_client_protection_plus_server_protected_aggregation_plus_authorized_recovery_or_decryption_ms_per_round,local_training__validation_test_evaluation__transport_latency__serialization_framing_not_explicitly_in_crypto_functions,2.910383045673371e-12,3.2000000000000006,20,20,0,"B1: xMK submit share (round-level finalize), noise=0.000",179.2,xmk_ckks,20,20,False,0,0,False,not_applicable,0,[],0,,True,0.0017204452090867595,0.0017281485220215498,3.9572916666666664,0,0,0,0,0,0,0,0,0,0,0,0,0,20,0,20,0,1,fixed_execution_host_runtime_payload_and_machine_specification__no_unmeasured_absolute_energy_or_carbon_claim,sequential_single_host_wall_clock_and_generated_protocol_object_bytes__machine_specification_recorded__transport_network_facility_energy_not_measured,runtime_payload_measured__energy_not_instrumented,not_reported_without_direct_hardware_energy_instrumentation,not_reported,False,,,,,,,not_reported,0,0.25,not_probed,0,,not_reported__no_valid_colab_network_or_device_energy_scope,,not_reported__no_direct_facility_or_grid_carbon_measurement,13.880523402000108,Absolute energy and carbon are not reported because direct hardware energy instrumentation is disabled.,False,,,,BASELINE
23,B1_xMK_CKKS,3,custom_xmk_reference_prototype,comparative_experiment,main_comparative,Custom xMK reference prototype with all-participant collaborative decryption; not a t-of-n threshold-CKKS security claim.,custom_xmk_reference_python,custom_reference_python_prototype,False,,,,,,,,,,{},False,False,,,0,baseline_unenforced,,,,,all_participants,configured_normalized_ciphertext_noise_proxy_sigma_over_scale,,,,not_applicable,0,0,0,False,,{},True,,strict_experiment_side_plaintext_oracle_comparison__max_coordinate_and_rmse_numeric_acceptance_envelope__relative_l2_diagnostic_only__no_plaintext_fallback_after_protected_aggregation_failure,custom_reference_prototype_numeric_acceptance_envelope__max_abs_and_rmse_are_acceptance_gates__relative_l2_is_diagnostic_only__not_a_formal_he_security_or_precision_proof,True,True,PASSED_PROTECTED_MAX_ABS_RMSE_ENVELOPE,1.9592369464822152e-06,3.5694411239066415e-07,1.1120057298385787e-07,0.3108713437643182,0.31087133586602855,0.001,0.0002,5e-05,True,True,True,True,finite_and_max_abs_and_rmse,0.9986482216214319,0.6831275720164609,0.5724137931034483,0.8469387755102041,0.9229242273724346,0.6956665966785589,0.9740740169168399,0.7232699433992594,0.7232699433992594,0.8877551020408163,0.0011958356781091727,0.8877551020408163,0.0011958356781091727,56802,62,15,83,0.001090320765334834,0.15306122448979592,0.8469387755102041,0.008899601611033436,0.008899601611033436,fpr,0.005,0.9990344313019817,0.7634408602150538,0.6635514018691588,0.8987341772151899,0.9489713972468563,0.7717986706821625,0.9886554563389922,0.8230079425645503,0.8230079425645503,0.8987341772151899,0.0007913827214772477,0.8987341772151899,0.0007913827214772477,45454,36,8,71,0.0007913827214772477,0.10126582278481013,0.8987341772151899,0.008899601611033436,fpr,0.005,1.0,False,B0_Plain_FL,NOT_FINAL_ROUND,,,,,,,,,,,,,,,,,,,,False,0.9982795547909132,11.636245190999944,711.2052610009414,3.1550629992125323,0.0,0.0,6637.007832999643,4117.53580300001,240,573440,28672.0,860160,286720,1146880,,not_modelled__session_or_evaluation_key_material_excluded_from_round_payload,actual_generated_protocol_object_bytes,xMK_ciphertext_uplink_plus_partial_decryption_share_uplink_plus_aggregate_c1_polynomial_broadcast,sum_of_actual_generated_client_update_objects_before_auxiliary_decryption_share_or_downlink_traffic,False,537.7271817999824,10754.54363599965,10754.54363599965,measured_sum_of_client_protection_plus_server_protected_aggregation_plus_authorized_recovery_or_decryption_ms_per_round,local_training__validation_test_evaluation__transport_latency__serialization_framing_not_explicitly_in_crypto_functions,2.910383045673371e-12,3.2000000000000006,20,20,0,"B1: xMK submit share (round-level finalize), noise=0.000",179.2,xmk_ckks,20,20,False,0,0,False,not_applicable,0,[],0,,True,0.0017204452090867595,0.0017281485220215498,3.9572916666666664,0,0,0,0,0,0,0,0,0,0,0,0,0,20,0,20,0,1,fixed_execution_host_runtime_payload_and_machine_specification__no_unmeasured_absolute_energy_or_carbon_claim,sequential_single_host_wall_clock_and_generated_protocol_object_bytes__machine_specification_recorded__transport_network_facility_energy_not_measured,runtime_payload_measured__energy_not_instrumented,not_reported_without_direct_hardware_energy_instrumentation,not_reported,False,,,,,,,not_reported,0,0.25,not_probed,0,,not_reported__no_valid_colab_network_or_device_energy_scope,,not_reported__no_direct_facility_or_grid_carbon_measurement,11.636218266000014,Absolute energy and carbon are not reported because direct hardware energy instrumentation is disabled.,False,,,,BASELINE
23,B1_xMK_CKKS,4,custom_xmk_reference_prototype,comparative_experiment,main_comparative,Custom xMK reference prototype with all-participant collaborative decryption; not a t-of-n threshold-CKKS security claim.,custom_xmk_reference_python,custom_reference_python_prototype,False,,,,,,,,,,{},False,False,,,0,baseline_unenforced,,,,,all_participants,configured_normalized_ciphertext_noise_proxy_sigma_over_scale,,,,not_applicable,0,0,0,False,,{},True,,strict_experiment_side_plaintext_oracle_comparison__max_coordinate_and_rmse_numeric_acceptance_envelope__relative_l2_diagnostic_only__no_plaintext_fallback_after_protected_aggregation_failure,custom_reference_prototype_numeric_acceptance_envelope__max_abs_and_rmse_are_acceptance_gates__relative_l2_is_diagnostic_only__not_a_formal_he_security_or_precision_proof,True,True,PASSED_PROTECTED_MAX_ABS_RMSE_ENVELOPE,2.3113384465874954e-06,2.1914297539116223e-07,1.014994127707794e-07,0.24052521615746936,0.24052518865115047,0.001,0.0002,5e-05,True,True,True,True,finite_and_max_abs_and_rmse,0.9986833327481479,0.6887966804979253,0.5804195804195804,0.8469387755102041,0.9229418131912304,0.700531305115625,0.9764793262549815,0.7240634696460814,0.7240634696460814,0.8877551020408163,0.0012485931344963421,0.8877551020408163,0.0012485931344963421,56804,60,15,83,0.0010551491277433877,0.15306122448979592,0.8469387755102041,0.013103914060258003,0.013103914060258003,fpr,0.005,0.9990124865588448,0.7593582887700535,0.6574074074074074,0.8987341772151899,0.9489604058201692,0.7682068609511581,0.9883023393651685,0.8228264648106955,0.8228264648106955,0.8987341772151899,0.0008133655748516158,0.8987341772151899,0.0008133655748516158,45453,37,8,71,0.0008133655748516158,0.10126582278481013,0.8987341772151899,0.013103914060258003,fpr,0.005,1.0,False,B0_Plain_FL,NOT_FINAL_ROUND,,,,,,,,,,,,,,,,,,,,False,0.9982795547909132,11.354995756000335,719.7907510003461,3.2675939996806846,0.0,0.0,6438.443884999742,3954.5120269999643,240,573440,28672.0,860160,286720,1146880,,not_modelled__session_or_evaluation_key_material_excluded_from_round_payload,actual_generated_protocol_object_bytes,xMK_ciphertext_uplink_plus_partial_decryption_share_uplink_plus_aggregate_c1_polynomial_broadcast,sum_of_actual_generated_client_update_objects_before_auxiliary_decryption_share_or_downlink_traffic,False,519.6477955999851,10392.955911999703,10392.955911999703,measured_sum_of_client_protection_plus_server_protected_aggregation_plus_authorized_recovery_or_decryption_ms_per_round,local_training__validation_test_evaluation__transport_latency__serialization_framing_not_explicitly_in_crypto_functions,2.910383045673371e-12,3.2000000000000006,20,20,0,"B1: xMK submit share (round-level finalize), noise=0.000",179.2,xmk_ckks,20,20,False,0,0,False,not_applicable,0,[],0,,True,0.0017204452090867595,0.0017281485220215498,3.9572916666666664,0,0,0,0,0,0,0,0,0,0,0,0,0,20,0,20,0,1,fixed_execution_host_runtime_payload_and_machine_specification__no_unmeasured_absolute_energy_or_carbon_claim,sequential_single_host_wall_clock_and_generated_protocol_object_bytes__machine_specification_recorded__transport_network_facility_energy_not_measured,runtime_payload_measured__energy_not_instrumented,not_reported_without_direct_hardware_energy_instrumentation,not_reported,False,,,,,,,not_reported,0,0.25,not_probed,0,,not_reported__no_valid_colab_network_or_device_energy_scope,,not_reported__no_direct_facility_or_grid_carbon_measurement,11.354955944000267,Absolute energy and carbon are not reported because direct hardware energy instrumentation is disabled.,False,,,,BASELINE
23,B1_xMK_CKKS,5,custom_xmk_reference_prototype,comparative_experiment,main_comparative,Custom xMK reference prototype with all-participant collaborative decryption; not a t-of-n threshold-CKKS security claim.,custom_xmk_reference_python,custom_reference_python_prototype,False,,,,,,,,,,{},False,False,,,0,baseline_unenforced,,,,,all_participants,configured_normalized_ciphertext_noise_proxy_sigma_over_scale,,,,not_applicable,0,0,0,False,,{},True,,strict_experiment_side_plaintext_oracle_comparison__max_coordinate_and_rmse_numeric_acceptance_envelope__relative_l2_diagnostic_only__no_plaintext_fallback_after_protected_aggregation_failure,custom_reference_prototype_numeric_acceptance_envelope__max_abs_and_rmse_are_acceptance_gates__relative_l2_is_diagnostic_only__not_a_formal_he_security_or_precision_proof,True,True,PASSED_PROTECTED_MAX_ABS_RMSE_ENVELOPE,3.2117574783051487e-06,3.359993840609289e-07,1.1187691429938586e-07,0.1907912102312937,0.1907912592609067,0.001,0.0002,5e-05,True,True,True,True,finite_and_max_abs_and_rmse,0.9987711105649381,0.7083333333333334,0.5985915492957746,0.8673469387755102,0.933172273552077,0.7199918828608206,0.9778562240878343,0.7251091494948282,0.7251091494948282,0.8877551020408163,0.0013365222284749578,0.8877551020408163,0.0013365222284749578,56807,57,13,85,0.0010023916713562183,0.1326530612244898,0.8673469387755102,0.018180200239334615,0.018180200239334615,fpr,0.005,0.9990563760451184,0.7675675675675676,0.6698113207547169,0.8987341772151899,0.9489823886735436,0.7754411396718406,0.9876492538351731,0.8230120213760912,0.8230120213760912,0.8987341772151899,0.0007693998681028798,0.8987341772151899,0.0007693998681028798,45455,35,8,71,0.0007693998681028798,0.10126582278481013,0.8987341772151899,0.018180200239334615,fpr,0.005,1.0,False,B0_Plain_FL,NOT_FINAL_ROUND,,,,,,,,,,,,,,,,,,,,False,0.9982795547909132,10.93997744699982,781.9262250004613,3.2293320005010173,0.0,0.0,6732.705633999558,3257.758891999856,240,573440,28672.0,860160,286720,1146880,,not_modelled__session_or_evaluation_key_material_excluded_from_round_payload,actual_generated_protocol_object_bytes,xMK_ciphertext_uplink_plus_partial_decryption_share_uplink_plus_aggregate_c1_polynomial_broadcast,sum_of_actual_generated_client_update_objects_before_auxiliary_decryption_share_or_downlink_traffic,False,499.52322629997053,9990.46452599941,9990.46452599941,measured_sum_of_client_protection_plus_server_protected_aggregation_plus_authorized_recovery_or_decryption_ms_per_round,local_training__validation_test_evaluation__transport_latency__serialization_framing_not_explicitly_in_crypto_functions,2.910383045673371e-12,3.2000000000000006,20,20,0,"B1: xMK submit share (round-level finalize), noise=0.000",179.2,xmk_ckks,20,20,False,0,0,False,not_applicable,0,[],0,,True,0.0017204452090867595,0.0017281485220215498,3.9572916666666664,0,0,0,0,0,0,0,0,0,0,0,0,0,20,0,20,0,1,fixed_execution_host_runtime_payload_and_machine_specification__no_unmeasured_absolute_energy_or_carbon_claim,sequential_single_host_wall_clock_and_generated_protocol_object_bytes__machine_specification_recorded__transport_network_facility_energy_not_measured,runtime_payload_measured__energy_not_instrumented,not_reported_without_direct_hardware_energy_instrumentation,not_reported,False,,,,,,,not_reported,0,0.25,not_probed,0,,not_reported__no_valid_colab_network_or_device_energy_scope,,not_reported__no_direct_facility_or_grid_carbon_measurement,10.939945638999689,Absolute energy and carbon are not reported because direct hardware energy instrumentation is disabled.,False,,,,BASELINE
23,B1_xMK_CKKS,6,custom_xmk_reference_prototype,comparative_experiment,main_comparative,Custom xMK reference prototype with all-participant collaborative decryption; not a t-of-n threshold-CKKS security claim.,custom_xmk_reference_python,custom_reference_python_prototype,False,,,,,,,,,,{},False,False,,,0,baseline_unenforced,,,,,all_participants,configured_normalized_ciphertext_noise_proxy_sigma_over_scale,,,,not_applicable,0,0,0,False,,{},True,,strict_experiment_side_plaintext_oracle_comparison__max_coordinate_and_rmse_numeric_acceptance_envelope__relative_l2_diagnostic_only__no_plaintext_fallback_after_protected_aggregation_failure,custom_reference_prototype_numeric_acceptance_envelope__max_abs_and_rmse_are_acceptance_gates__relative_l2_is_diagnostic_only__not_a_formal_he_security_or_precision_proof,True,True,PASSED_PROTECTED_MAX_ABS_RMSE_ENVELOPE,3.8835022225233266e-06,3.817284881246774e-07,9.814639623750963e-08,0.1384240102785545,0.1384241318428067,0.001,0.0002,5e-05,True,True,True,True,finite_and_max_abs_and_rmse,0.9987886661282961,0.7136929460580913,0.6013986013986014,0.8775510204081632,0.9382743143684036,0.7259269901137303,0.9786438175439,0.7256519393822451,0.7256519393822451,0.8877551020408163,0.0013013505908835116,0.8877551020408163,0.0013013505908835116,56807,57,12,86,0.0010023916713562183,0.12244897959183673,0.8775510204081632,0.023664832540641872,0.023664832540641872,fpr,0.005,0.9990563760451184,0.7675675675675676,0.6698113207547169,0.8987341772151899,0.9489823886735436,0.7754411396718406,0.9871394742480611,0.8231098068874689,0.8231098068874689,0.8987341772151899,0.0007693998681028798,0.8987341772151899,0.0007693998681028798,45455,35,8,71,0.0007693998681028798,0.10126582278481013,0.8987341772151899,0.023664832540641872,fpr,0.005,1.0,False,B0_Plain_FL,NOT_FINAL_ROUND,,,,,,,,,,,,,,,,,,,,False,0.9982795547909132,11.772120046000055,910.8135179990313,3.407415999845398,0.0,0.0,7439.983918000507,3250.966642000094,240,573440,28672.0,860160,286720,1146880,,not_modelled__session_or_evaluation_key_material_excluded_from_round_payload,actual_generated_protocol_object_bytes,xMK_ciphertext_uplink_plus_partial_decryption_share_uplink_plus_aggregate_c1_polynomial_broadcast,sum_of_actual_generated_client_update_objects_before_auxiliary_decryption_share_or_downlink_traffic,False,534.5475280000301,10690.950560000601,10690.950560000601,measured_sum_of_client_protection_plus_server_protected_aggregation_plus_authorized_recovery_or_decryption_ms_per_round,local_training__validation_test_evaluation__transport_latency__serialization_framing_not_explicitly_in_crypto_functions,2.910383045673371e-12,3.2000000000000006,20,20,0,"B1: xMK submit share (round-level finalize), noise=0.000",179.2,xmk_ckks,20,20,False,0,0,False,not_applicable,0,[],0,,True,0.0017204452090867595,0.0017281485220215498,3.9572916666666664,0,0,0,0,0,0,0,0,0,0,0,0,0,20,0,20,0,1,fixed_execution_host_runtime_payload_and_machine_specification__no_unmeasured_absolute_energy_or_carbon_claim,sequential_single_host_wall_clock_and_generated_protocol_object_bytes__machine_specification_recorded__transport_network_facility_energy_not_measured,runtime_payload_measured__energy_not_instrumented,not_reported_without_direct_hardware_energy_instrumentation,not_reported,False,,,,,,,not_reported,0,0.25,not_probed,0,,not_reported__no_valid_colab_network_or_device_energy_scope,,not_reported__no_direct_facility_or_grid_carbon_measurement,11.772096063999925,Absolute energy and carbon are not reported because direct hardware energy instrumentation is disabled.,False,,,,BASELINE
23,B1_xMK_CKKS,7,custom_xmk_reference_prototype,comparative_experiment,main_comparative,Custom xMK reference prototype with all-participant collaborative decryption; not a t-of-n threshold-CKKS security claim.,custom_xmk_reference_python,custom_reference_python_prototype,False,,,,,,,,,,{},False,False,,,0,baseline_unenforced,,,,,all_participants,configured_normalized_ciphertext_noise_proxy_sigma_over_scale,,,,not_applicable,0,0,0,False,,{},True,,strict_experiment_side_plaintext_oracle_comparison__max_coordinate_and_rmse_numeric_acceptance_envelope__relative_l2_diagnostic_only__no_plaintext_fallback_after_protected_aggregation_failure,custom_reference_prototype_numeric_acceptance_envelope__max_abs_and_rmse_are_acceptance_gates__relative_l2_is_diagnostic_only__not_a_formal_he_security_or_precision_proof,True,True,PASSED_PROTECTED_MAX_ABS_RMSE_ENVELOPE,3.8657911195488706e-06,1.6598388517330767e-07,7.191979535642638e-08,0.10189917931230702,0.10189911095945758,0.001,0.0002,5e-05,True,True,True,True,finite_and_max_abs_and_rmse,0.9988062216916541,0.7166666666666667,0.6056338028169014,0.8775510204081632,0.9382831072778014,0.7284867912883576,0.9791109184247699,0.7267638153149828,0.7267638153149828,0.8877551020408163,0.0013013505908835116,0.8877551020408163,0.0013013505908835116,56808,56,12,86,0.0009848058525604951,0.12244897959183673,0.8775510204081632,0.02909400801132575,0.02909400801132575,fpr,0.005,0.9990563760451184,0.7675675675675676,0.6698113207547169,0.8987341772151899,0.9489823886735436,0.7754411396718406,0.9865456589429865,0.823212945385122,0.823212945385122,0.8987341772151899,0.0007693998681028798,0.8987341772151899,0.0007693998681028798,45455,35,8,71,0.0007693998681028798,0.10126582278481013,0.8987341772151899,0.02909400801132575,fpr,0.005,1.0,False,B0_Plain_FL,NOT_FINAL_ROUND,,,,,,,,,,,,,,,,,,,,False,0.9982795547909132,11.63790987199991,762.5959369993325,3.3880450014294183,0.0,0.0,7513.796864000142,3193.0862970002636,240,573440,28672.0,860160,286720,1146880,,not_modelled__session_or_evaluation_key_material_excluded_from_round_payload,actual_generated_protocol_object_bytes,xMK_ciphertext_uplink_plus_partial_decryption_share_uplink_plus_aggregate_c1_polynomial_broadcast,sum_of_actual_generated_client_update_objects_before_auxiliary_decryption_share_or_downlink_traffic,False,535.3441580500203,10706.883161000405,10706.883161000405,measured_sum_of_client_protection_plus_server_protected_aggregation_plus_authorized_recovery_or_decryption_ms_per_round,local_training__validation_test_evaluation__transport_latency__serialization_framing_not_explicitly_in_crypto_functions,2.910383045673371e-12,3.2000000000000006,20,20,0,"B1: xMK submit share (round-level finalize), noise=0.000",179.2,xmk_ckks,20,20,False,0,0,False,not_applicable,0,[],0,,True,0.0017204452090867595,0.0017281485220215498,3.9572916666666664,0,0,0,0,0,0,0,0,0,0,0,0,0,20,0,20,0,1,fixed_execution_host_runtime_payload_and_machine_specification__no_unmeasured_absolute_energy_or_carbon_claim,sequential_single_host_wall_clock_and_generated_protocol_object_bytes__machine_specification_recorded__transport_network_facility_energy_not_measured,runtime_payload_measured__energy_not_instrumented,not_reported_without_direct_hardware_energy_instrumentation,not_reported,False,,,,,,,not_reported,0,0.25,not_probed,0,,not_reported__no_valid_colab_network_or_device_energy_scope,,not_reported__no_direct_facility_or_grid_carbon_measurement,11.637883466000403,Absolute energy and carbon are not reported because direct hardware energy instrumentation is disabled.,False,,,,BASELINE
23,B1_xMK_CKKS,8,custom_xmk_reference_prototype,comparative_experiment,main_comparative,Custom xMK reference prototype with all-participant collaborative decryption; not a t-of-n threshold-CKKS security claim.,custom_xmk_reference_python,custom_reference_python_prototype,False,,,,,,,,,,{},False,False,,,0,baseline_unenforced,,,,,all_participants,configured_normalized_ciphertext_noise_proxy_sigma_over_scale,,,,not_applicable,0,0,0,False,,{},True,,strict_experiment_side_plaintext_oracle_comparison__max_coordinate_and_rmse_numeric_acceptance_envelope__relative_l2_diagnostic_only__no_plaintext_fallback_after_protected_aggregation_failure,custom_reference_prototype_numeric_acceptance_envelope__max_abs_and_rmse_are_acceptance_gates__relative_l2_is_diagnostic_only__not_a_formal_he_security_or_precision_proof,True,True,PASSED_PROTECTED_MAX_ABS_RMSE_ENVELOPE,7.8173520822918e-06,2.3809929512204472e-07,1.0546076279693848e-07,0.07389105429401195,0.07389101563903795,0.001,0.0002,5e-05,True,True,True,True,finite_and_max_abs_and_rmse,0.9987711105649381,0.7107438016528925,0.5972222222222222,0.8775510204081632,0.9382655214590057,0.7233938715178584,0.9793564020993879,0.7269931100150611,0.7269931100150611,0.8877551020408163,0.0013892796848621273,0.8877551020408163,0.0013892796848621273,56806,58,12,86,0.0010199774901519414,0.12244897959183673,0.8775510204081632,0.03411074798994071,0.03411074798994071,fpr,0.005,0.9990563760451184,0.7675675675675676,0.6698113207547169,0.8987341772151899,0.9489823886735436,0.7754411396718406,0.9861313238964747,0.8233320629474886,0.8233320629474886,0.8987341772151899,0.0007693998681028798,0.8987341772151899,0.0007693998681028798,45455,35,8,71,0.0007693998681028798,0.10126582278481013,0.8987341772151899,0.03411074798994071,fpr,0.005,1.0,False,B0_Plain_FL,NOT_FINAL_ROUND,,,,,,,,,,,,,,,,,,,,False,0.9982795547909132,11.675159353000254,863.5213259999546,3.5733400009121397,0.0,0.0,7429.54976700139,3210.7749619999595,240,573440,28672.0,860160,286720,1146880,,not_modelled__session_or_evaluation_key_material_excluded_from_round_payload,actual_generated_protocol_object_bytes,xMK_ciphertext_uplink_plus_partial_decryption_share_uplink_plus_aggregate_c1_polynomial_broadcast,sum_of_actual_generated_client_update_objects_before_auxiliary_decryption_share_or_downlink_traffic,False,532.0162364500675,10640.32472900135,10640.32472900135,measured_sum_of_client_protection_plus_server_protected_aggregation_plus_authorized_recovery_or_decryption_ms_per_round,local_training__validation_test_evaluation__transport_latency__serialization_framing_not_explicitly_in_crypto_functions,2.910383045673371e-12,3.2000000000000006,20,20,0,"B1: xMK submit share (round-level finalize), noise=0.000",179.2,xmk_ckks,20,20,False,0,0,False,not_applicable,0,[],0,,True,0.0017204452090867595,0.0017281485220215498,3.9572916666666664,0,0,0,0,0,0,0,0,0,0,0,0,0,20,0,20,0,1,fixed_execution_host_runtime_payload_and_machine_specification__no_unmeasured_absolute_energy_or_carbon_claim,sequential_single_host_wall_clock_and_generated_protocol_object_bytes__machine_specification_recorded__transport_network_facility_energy_not_measured,runtime_payload_measured__energy_not_instrumented,not_reported_without_direct_hardware_energy_instrumentation,not_reported,False,,,,,,,not_reported,0,0.25,not_probed,0,,not_reported__no_valid_colab_network_or_device_energy_scope,,not_reported__no_direct_facility_or_grid_carbon_measurement,11.675133981000272,Absolute energy and carbon are not reported because direct hardware energy instrumentation is disabled.,False,,,,BASELINE
23,B1_xMK_CKKS,9,custom_xmk_reference_prototype,comparative_experiment,main_comparative,Custom xMK reference prototype with all-participant collaborative decryption; not a t-of-n threshold-CKKS security claim.,custom_xmk_reference_python,custom_reference_python_prototype,False,,,,,,,,,,{},False,False,,,0,baseline_unenforced,,,,,all_participants,configured_normalized_ciphertext_noise_proxy_sigma_over_scale,,,,not_applicable,0,0,0,False,,{},True,,strict_experiment_side_plaintext_oracle_comparison__max_coordinate_and_rmse_numeric_acceptance_envelope__relative_l2_diagnostic_only__no_plaintext_fallback_after_protected_aggregation_failure,custom_reference_prototype_numeric_acceptance_envelope__max_abs_and_rmse_are_acceptance_gates__relative_l2_is_diagnostic_only__not_a_formal_he_security_or_precision_proof,True,True,PASSED_PROTECTED_MAX_ABS_RMSE_ENVELOPE,1.0790174018066323e-05,2.5797445128705743e-07,1.0909726653794563e-07,0.05537911969154311,0.05537893167065351,0.001,0.0002,5e-05,True,True,True,True,finite_and_max_abs_and_rmse,0.9987711105649381,0.7107438016528925,0.5972222222222222,0.8775510204081632,0.9382655214590057,0.7233938715178584,0.9794542007855478,0.7274712382774882,0.7274712382774882,0.8877551020408163,0.0014068655036578502,0.8877551020408163,0.0014068655036578502,56806,58,12,86,0.0010199774901519414,0.12244897959183673,0.8775510204081632,0.039089843415502895,0.039089843415502895,fpr,0.005,0.9990563760451184,0.7675675675675676,0.6698113207547169,0.8987341772151899,0.9489823886735436,0.7754411396718406,0.9856131963903598,0.8234702909864382,0.8234702909864382,0.8987341772151899,0.0007693998681028798,0.8987341772151899,0.0007693998681028798,45455,35,8,71,0.0007693998681028798,0.10126582278481013,0.8987341772151899,0.039089843415502895,fpr,0.005,1.0,False,B0_Plain_FL,NOT_FINAL_ROUND,,,,,,,,,,,,,,,,,,,,False,0.9982795547909132,11.77230276499995,787.4654920005923,3.3335790003548027,0.0,0.0,6936.386049000703,3878.2561799998803,240,573440,28672.0,860160,286720,1146880,,not_modelled__session_or_evaluation_key_material_excluded_from_round_payload,actual_generated_protocol_object_bytes,xMK_ciphertext_uplink_plus_partial_decryption_share_uplink_plus_aggregate_c1_polynomial_broadcast,sum_of_actual_generated_client_update_objects_before_auxiliary_decryption_share_or_downlink_traffic,False,540.7321114500292,10814.642229000583,10814.642229000583,measured_sum_of_client_protection_plus_server_protected_aggregation_plus_authorized_recovery_or_decryption_ms_per_round,local_training__validation_test_evaluation__transport_latency__serialization_framing_not_explicitly_in_crypto_functions,2.910383045673371e-12,3.2000000000000006,20,20,0,"B1: xMK submit share (round-level finalize), noise=0.000",179.2,xmk_ckks,20,20,False,0,0,False,not_applicable,0,[],0,,True,0.0017204452090867595,0.0017281485220215498,3.9572916666666664,0,0,0,0,0,0,0,0,0,0,0,0,0,20,0,20,0,1,fixed_execution_host_runtime_payload_and_machine_specification__no_unmeasured_absolute_energy_or_carbon_claim,sequential_single_host_wall_clock_and_generated_protocol_object_bytes__machine_specification_recorded__transport_network_facility_energy_not_measured,runtime_payload_measured__energy_not_instrumented,not_reported_without_direct_hardware_energy_instrumentation,not_reported,False,,,,,,,not_reported,0,0.25,not_probed,0,,not_reported__no_valid_colab_network_or_device_energy_scope,,not_reported__no_direct_facility_or_grid_carbon_measurement,11.77227596099965,Absolute energy and carbon are not reported because direct hardware energy instrumentation is disabled.,False,,,,BASELINE
23,B1_xMK_CKKS,10,custom_xmk_reference_prototype,comparative_experiment,main_comparative,Custom xMK reference prototype with all-participant collaborative decryption; not a t-of-n threshold-CKKS security claim.,custom_xmk_reference_python,custom_reference_python_prototype,False,,,,,,,,,,{},False,False,,,0,baseline_unenforced,,,,,all_participants,configured_normalized_ciphertext_noise_proxy_sigma_over_scale,,,,not_applicable,0,0,0,False,,{},True,,strict_experiment_side_plaintext_oracle_comparison__max_coordinate_and_rmse_numeric_acceptance_envelope__relative_l2_diagnostic_only__no_plaintext_fallback_after_protected_aggregation_failure,custom_reference_prototype_numeric_acceptance_envelope__max_abs_and_rmse_are_acceptance_gates__relative_l2_is_diagnostic_only__not_a_formal_he_security_or_precision_proof,True,True,PASSED_PROTECTED_MAX_ABS_RMSE_ENVELOPE,1.2912912931320234e-05,1.8427498270037106e-07,9.528054287351396e-08,0.040414818019325637,0.04041476621196395,0.001,0.0002,5e-05,True,True,True,True,finite_and_max_abs_and_rmse,0.9987886661282961,0.7136929460580913,0.6013986013986014,0.8775510204081632,0.9382743143684036,0.7259269901137303,0.9794960119669702,0.7275295059187952,0.7275295059187952,0.8877551020408163,0.0014244513224535734,0.8877551020408163,0.0014244513224535734,56807,57,12,86,0.0010023916713562183,0.12244897959183673,0.8775510204081632,0.043186210989868815,0.043186210989868815,fpr,0.005,0.9990344313019817,0.7634408602150538,0.6635514018691588,0.8987341772151899,0.9489713972468563,0.7717986706821625,0.9853098886665869,0.823769270062872,0.823769270062872,0.8987341772151899,0.0007913827214772477,0.8987341772151899,0.0007913827214772477,45454,36,8,71,0.0007913827214772477,0.10126582278481013,0.8987341772151899,0.043186210989868815,fpr,0.005,1.0,False,B0_Plain_FL,NOT_FINAL_ROUND,,,,,,,,,,,,,,,,,,,,False,0.9982795547909132,11.524883665999823,733.5714609994284,3.107558000010613,0.0,0.0,6392.62251899936,4166.390632000002,240,573440,28672.0,860160,286720,1146880,,not_modelled__session_or_evaluation_key_material_excluded_from_round_payload,actual_generated_protocol_object_bytes,xMK_ciphertext_uplink_plus_partial_decryption_share_uplink_plus_aggregate_c1_polynomial_broadcast,sum_of_actual_generated_client_update_objects_before_auxiliary_decryption_share_or_downlink_traffic,False,527.9506575499681,10559.013150999363,10559.013150999363,measured_sum_of_client_protection_plus_server_protected_aggregation_plus_authorized_recovery_or_decryption_ms_per_round,local_training__validation_test_evaluation__transport_latency__serialization_framing_not_explicitly_in_crypto_functions,2.910383045673371e-12,3.2000000000000006,20,20,0,"B1: xMK submit share (round-level finalize), noise=0.000",179.2,xmk_ckks,20,20,False,0,0,False,not_applicable,0,[],0,,True,0.0017204452090867595,0.0017281485220215498,3.9572916666666664,0,0,0,0,0,0,0,0,0,0,0,0,0,20,0,20,0,1,fixed_execution_host_runtime_payload_and_machine_specification__no_unmeasured_absolute_energy_or_carbon_claim,sequential_single_host_wall_clock_and_generated_protocol_object_bytes__machine_specification_recorded__transport_network_facility_energy_not_measured,runtime_payload_measured__energy_not_instrumented,not_reported_without_direct_hardware_energy_instrumentation,not_reported,False,,,,,,,not_reported,0,0.25,not_probed,0,,not_reported__no_valid_colab_network_or_device_energy_scope,,not_reported__no_direct_facility_or_grid_carbon_measurement,11.524851838999894,Absolute energy and carbon are not reported because direct hardware energy instrumentation is disabled.,False,,,,BASELINE
23,B1_xMK_CKKS,11,custom_xmk_reference_prototype,comparative_experiment,main_comparative,Custom xMK reference prototype with all-participant collaborative decryption; not a t-of-n threshold-CKKS security claim.,custom_xmk_reference_python,custom_reference_python_prototype,False,,,,,,,,,,{},False,False,,,0,baseline_unenforced,,,,,all_participants,configured_normalized_ciphertext_noise_proxy_sigma_over_scale,,,,not_applicable,0,0,0,False,,{},True,,strict_experiment_side_plaintext_oracle_comparison__max_coordinate_and_rmse_numeric_acceptance_envelope__relative_l2_diagnostic_only__no_plaintext_fallback_after_protected_aggregation_failure,custom_reference_prototype_numeric_acceptance_envelope__max_abs_and_rmse_are_acceptance_gates__relative_l2_is_diagnostic_only__not_a_formal_he_security_or_precision_proof,True,True,PASSED_PROTECTED_MAX_ABS_RMSE_ENVELOPE,1.4478852667563108e-05,2.121707412382906e-07,7.567584476311872e-08,0.02862752193509795,0.028627480781562856,0.001,0.0002,5e-05,True,True,True,True,finite_and_max_abs_and_rmse,0.9987886661282961,0.7136929460580913,0.6013986013986014,0.8775510204081632,0.9382743143684036,0.7259269901137303,0.9795336958643897,0.7276283809002901,0.7276283809002901,0.8877551020408163,0.0014244513224535734,0.8877551020408163,0.0014244513224535734,56807,57,12,86,0.0010023916713562183,0.12244897959183673,0.8775510204081632,0.046659695690080584,0.046659695690080584,fpr,0.005,0.9990344313019817,0.7634408602150538,0.6635514018691588,0.8987341772151899,0.9489713972468563,0.7717986706821625,0.9850305116439557,0.8237641959613494,0.8237641959613494,0.8987341772151899,0.0007913827214772477,0.8987341772151899,0.0007913827214772477,45454,36,8,71,0.0007913827214772477,0.10126582278481013,0.8987341772151899,0.046659695690080584,fpr,0.005,1.0,False,B0_Plain_FL,NOT_FINAL_ROUND,,,,,,,,,,,,,,,,,,,,False,0.9982795547909132,11.941304785999819,829.759040999761,3.2675560009920446,0.0,0.0,7230.309654999928,3665.915529999893,240,573440,28672.0,860160,286720,1146880,,not_modelled__session_or_evaluation_key_material_excluded_from_round_payload,actual_generated_protocol_object_bytes,xMK_ciphertext_uplink_plus_partial_decryption_share_uplink_plus_aggregate_c1_polynomial_broadcast,sum_of_actual_generated_client_update_objects_before_auxiliary_decryption_share_or_downlink_traffic,False,544.8112592499913,10896.225184999825,10896.225184999825,measured_sum_of_client_protection_plus_server_protected_aggregation_plus_authorized_recovery_or_decryption_ms_per_round,local_training__validation_test_evaluation__transport_latency__serialization_framing_not_explicitly_in_crypto_functions,2.910383045673371e-12,3.2000000000000006,20,20,0,"B1: xMK submit share (round-level finalize), noise=0.000",179.2,xmk_ckks,20,20,False,0,0,False,not_applicable,0,[],0,,True,0.0017204452090867595,0.0017281485220215498,3.9572916666666664,0,0,0,0,0,0,0,0,0,0,0,0,0,20,0,20,0,1,fixed_execution_host_runtime_payload_and_machine_specification__no_unmeasured_absolute_energy_or_carbon_claim,sequential_single_host_wall_clock_and_generated_protocol_object_bytes__machine_specification_recorded__transport_network_facility_energy_not_measured,runtime_payload_measured__energy_not_instrumented,not_reported_without_direct_hardware_energy_instrumentation,not_reported,False,,,,,,,not_reported,0,0.25,not_probed,0,,not_reported__no_valid_colab_network_or_device_energy_scope,,not_reported__no_direct_facility_or_grid_carbon_measurement,11.941272849000143,Absolute energy and carbon are not reported because direct hardware energy instrumentation is disabled.,False,,,,BASELINE
23,B1_xMK_CKKS,12,custom_xmk_reference_prototype,comparative_experiment,main_comparative,Custom xMK reference prototype with all-participant collaborative decryption; not a t-of-n threshold-CKKS security claim.,custom_xmk_reference_python,custom_reference_python_prototype,False,,,,,,,,,,{},False,False,,,0,baseline_unenforced,,,,,all_participants,configured_normalized_ciphertext_noise_proxy_sigma_over_scale,,,,not_applicable,0,0,0,False,,{},True,,strict_experiment_side_plaintext_oracle_comparison__max_coordinate_and_rmse_numeric_acceptance_envelope__relative_l2_diagnostic_only__no_plaintext_fallback_after_protected_aggregation_failure,custom_reference_prototype_numeric_acceptance_envelope__max_abs_and_rmse_are_acceptance_gates__relative_l2_is_diagnostic_only__not_a_formal_he_security_or_precision_proof,True,True,PASSED_PROTECTED_MAX_ABS_RMSE_ENVELOPE,2.6116929932894173e-05,2.4913633356283757e-07,9.091624445511165e-08,0.01906689570981617,0.019066821131073684,0.001,0.0002,5e-05,True,True,True,True,finite_and_max_abs_and_rmse,0.9987886661282961,0.7136929460580913,0.6013986013986014,0.8775510204081632,0.9382743143684036,0.7259269901137303,0.9795839410609488,0.7276571601992791,0.7276571601992791,0.8877551020408163,0.0014244513224535734,0.8877551020408163,0.0014244513224535734,56807,57,12,86,0.0010023916713562183,0.12244897959183673,0.8775510204081632,0.04912270768079411,0.04912270768079411,fpr,0.005,0.9990344313019817,0.7634408602150538,0.6635514018691588,0.8987341772151899,0.9489713972468563,0.7717986706821625,0.984765882611563,0.8235911702747585,0.8235911702747585,0.8987341772151899,0.0007913827214772477,0.8987341772151899,0.0007913827214772477,45454,36,8,71,0.0007913827214772477,0.10126582278481013,0.8987341772151899,0.04912270768079411,fpr,0.005,1.0,False,B0_Plain_FL,NOT_FINAL_ROUND,,,,,,,,,,,,,,,,,,,,False,0.9982795547909132,11.175946504999956,837.7886120010771,3.4121900002901384,0.0,0.0,6975.647164000293,3195.278835999943,240,573440,28672.0,860160,286720,1146880,,not_modelled__session_or_evaluation_key_material_excluded_from_round_payload,actual_generated_protocol_object_bytes,xMK_ciphertext_uplink_plus_partial_decryption_share_uplink_plus_aggregate_c1_polynomial_broadcast,sum_of_actual_generated_client_update_objects_before_auxiliary_decryption_share_or_downlink_traffic,False,508.5463000000116,10170.926000000232,10170.926000000232,measured_sum_of_client_protection_plus_server_protected_aggregation_plus_authorized_recovery_or_decryption_ms_per_round,local_training__validation_test_evaluation__transport_latency__serialization_framing_not_explicitly_in_crypto_functions,2.910383045673371e-12,3.2000000000000006,20,20,0,"B1: xMK submit share (round-level finalize), noise=0.000",179.2,xmk_ckks,20,20,False,0,0,False,not_applicable,0,[],0,,True,0.0017204452090867595,0.0017281485220215498,3.9572916666666664,0,0,0,0,0,0,0,0,0,0,0,0,0,20,0,20,0,1,fixed_execution_host_runtime_payload_and_machine_specification__no_unmeasured_absolute_energy_or_carbon_claim,sequential_single_host_wall_clock_and_generated_protocol_object_bytes__machine_specification_recorded__transport_network_facility_energy_not_measured,runtime_payload_measured__energy_not_instrumented,not_reported_without_direct_hardware_energy_instrumentation,not_reported,False,,,,,,,not_reported,0,0.25,not_probed,0,,not_reported__no_valid_colab_network_or_device_energy_scope,,not_reported__no_direct_facility_or_grid_carbon_measurement,11.175916756999868,Absolute energy and carbon are not reported because direct hardware energy instrumentation is disabled.,False,,,,BASELINE
23,B1_xMK_CKKS,13,custom_xmk_reference_prototype,comparative_experiment,main_comparative,Custom xMK reference prototype with all-participant collaborative decryption; not a t-of-n threshold-CKKS security claim.,custom_xmk_reference_python,custom_reference_python_prototype,False,,,,,,,,,,{},False,False,,,0,baseline_unenforced,,,,,all_participants,configured_normalized_ciphertext_noise_proxy_sigma_over_scale,,,,not_applicable,0,0,0,False,,{},True,,strict_experiment_side_plaintext_oracle_comparison__max_coordinate_and_rmse_numeric_acceptance_envelope__relative_l2_diagnostic_only__no_plaintext_fallback_after_protected_aggregation_failure,custom_reference_prototype_numeric_acceptance_envelope__max_abs_and_rmse_are_acceptance_gates__relative_l2_is_diagnostic_only__not_a_formal_he_security_or_precision_proof,True,True,PASSED_PROTECTED_MAX_ABS_RMSE_ENVELOPE,3.2706428111617535e-05,1.683105945280046e-07,8.188601857413765e-08,0.013713151237734904,0.013713140347934473,0.001,0.0002,5e-05,True,True,True,True,finite_and_max_abs_and_rmse,0.9987886661282961,0.7136929460580913,0.6013986013986014,0.8775510204081632,0.9382743143684036,0.7259269901137303,0.9795292096861253,0.7280286491516957,0.7280286491516957,0.8877551020408163,0.0014244513224535734,0.8877551020408163,0.0014244513224535734,56807,57,12,86,0.0010023916713562183,0.12244897959183673,0.8775510204081632,0.05100325042388967,0.05100325042388967,fpr,0.005,0.9990344313019817,0.7634408602150538,0.6635514018691588,0.8987341772151899,0.9489713972468563,0.7717986706821625,0.9846824034215338,0.8237435389084143,0.8237435389084143,0.8987341772151899,0.0007913827214772477,0.8987341772151899,0.0007913827214772477,45454,36,8,71,0.0007913827214772477,0.10126582278481013,0.8987341772151899,0.05100325042388967,fpr,0.005,1.0,False,B0_Plain_FL,NOT_FINAL_ROUND,,,,,,,,,,,,,,,,,,,,False,0.9982795547909132,11.69756541300012,882.5714370000242,3.5458270003800862,0.0,0.0,7439.08901200075,3198.86681700018,240,573440,28672.0,860160,286720,1146880,,not_modelled__session_or_evaluation_key_material_excluded_from_round_payload,actual_generated_protocol_object_bytes,xMK_ciphertext_uplink_plus_partial_decryption_share_uplink_plus_aggregate_c1_polynomial_broadcast,sum_of_actual_generated_client_update_objects_before_auxiliary_decryption_share_or_downlink_traffic,False,531.8977914500463,10637.955829000926,10637.955829000926,measured_sum_of_client_protection_plus_server_protected_aggregation_plus_authorized_recovery_or_decryption_ms_per_round,local_training__validation_test_evaluation__transport_latency__serialization_framing_not_explicitly_in_crypto_functions,2.910383045673371e-12,3.2000000000000006,20,20,0,"B1: xMK submit share (round-level finalize), noise=0.000",179.2,xmk_ckks,20,20,False,0,0,False,not_applicable,0,[],0,,True,0.0017204452090867595,0.0017281485220215498,3.9572916666666664,0,0,0,0,0,0,0,0,0,0,0,0,0,20,0,20,0,1,fixed_execution_host_runtime_payload_and_machine_specification__no_unmeasured_absolute_energy_or_carbon_claim,sequential_single_host_wall_clock_and_generated_protocol_object_bytes__machine_specification_recorded__transport_network_facility_energy_not_measured,runtime_payload_measured__energy_not_instrumented,not_reported_without_direct_hardware_energy_instrumentation,not_reported,False,,,,,,,not_reported,0,0.25,not_probed,0,,not_reported__no_valid_colab_network_or_device_energy_scope,,not_reported__no_direct_facility_or_grid_carbon_measurement,11.697533810000095,Absolute energy and carbon are not reported because direct hardware energy instrumentation is disabled.,False,,,,BASELINE
23,B1_xMK_CKKS,14,custom_xmk_reference_prototype,comparative_experiment,main_comparative,Custom xMK reference prototype with all-participant collaborative decryption; not a t-of-n threshold-CKKS security claim.,custom_xmk_reference_python,custom_reference_python_prototype,False,,,,,,,,,,{},False,False,,,0,baseline_unenforced,,,,,all_participants,configured_normalized_ciphertext_noise_proxy_sigma_over_scale,,,,not_applicable,0,0,0,False,,{},True,,strict_experiment_side_plaintext_oracle_comparison__max_coordinate_and_rmse_numeric_acceptance_envelope__relative_l2_diagnostic_only__no_plaintext_fallback_after_protected_aggregation_failure,custom_reference_prototype_numeric_acceptance_envelope__max_abs_and_rmse_are_acceptance_gates__relative_l2_is_diagnostic_only__not_a_formal_he_security_or_precision_proof,True,True,PASSED_PROTECTED_MAX_ABS_RMSE_ENVELOPE,3.953547352399525e-05,2.3662234867197554e-07,1.0698590777495253e-07,0.014821776444384831,0.014821745961511413,0.001,0.0002,5e-05,True,True,True,True,finite_and_max_abs_and_rmse,0.9988237772550121,0.7196652719665272,0.6099290780141844,0.8775510204081632,0.9382919001871992,0.7310737472020886,0.9794854245862666,0.72797150704084,0.72797150704084,0.8877551020408163,0.0014068655036578502,0.8877551020408163,0.0014068655036578502,56809,55,12,86,0.0009672200337647721,0.12244897959183673,0.8775510204081632,0.052848439770205875,0.052848439770205875,fpr,0.005,0.9990344313019817,0.7634408602150538,0.6635514018691588,0.8987341772151899,0.9489713972468563,0.7717986706821625,0.9845635847077255,0.8233481096057449,0.8233481096057449,0.8987341772151899,0.0007913827214772477,0.8987341772151899,0.0007913827214772477,45454,36,8,71,0.0007913827214772477,0.10126582278481013,0.8987341772151899,0.052848439770205875,fpr,0.005,1.0,False,B0_Plain_FL,NOT_FINAL_ROUND,,,,,,,,,,,,,,,,,,,,False,0.9982795547909132,11.70845183900019,768.8186730001689,3.568334000192408,0.0,0.0,7539.6228899981,3215.7412249998742,240,573440,28672.0,860160,286720,1146880,,not_modelled__session_or_evaluation_key_material_excluded_from_round_payload,actual_generated_protocol_object_bytes,xMK_ciphertext_uplink_plus_partial_decryption_share_uplink_plus_aggregate_c1_polynomial_broadcast,sum_of_actual_generated_client_update_objects_before_auxiliary_decryption_share_or_downlink_traffic,False,537.7682057498987,10755.364114997974,10755.364114997974,measured_sum_of_client_protection_plus_server_protected_aggregation_plus_authorized_recovery_or_decryption_ms_per_round,local_training__validation_test_evaluation__transport_latency__serialization_framing_not_explicitly_in_crypto_functions,2.910383045673371e-12,3.2000000000000006,20,20,0,"B1: xMK submit share (round-level finalize), noise=0.000",179.2,xmk_ckks,20,20,False,0,0,False,not_applicable,0,[],0,,True,0.0017204452090867595,0.0017281485220215498,3.9572916666666664,0,0,0,0,0,0,0,0,0,0,0,0,0,20,0,20,0,1,fixed_execution_host_runtime_payload_and_machine_specification__no_unmeasured_absolute_energy_or_carbon_claim,sequential_single_host_wall_clock_and_generated_protocol_object_bytes__machine_specification_recorded__transport_network_facility_energy_not_measured,runtime_payload_measured__energy_not_instrumented,not_reported_without_direct_hardware_energy_instrumentation,not_reported,False,,,,,,,not_reported,0,0.25,not_probed,0,,not_reported__no_valid_colab_network_or_device_energy_scope,,not_reported__no_direct_facility_or_grid_carbon_measurement,11.708420226999806,Absolute energy and carbon are not reported because direct hardware energy instrumentation is disabled.,False,,,,BASELINE
23,B1_xMK_CKKS,15,custom_xmk_reference_prototype,comparative_experiment,main_comparative,Custom xMK reference prototype with all-participant collaborative decryption; not a t-of-n threshold-CKKS security claim.,custom_xmk_reference_python,custom_reference_python_prototype,False,,,,,,,,,,{},False,False,,,0,baseline_unenforced,,,,,all_participants,configured_normalized_ciphertext_noise_proxy_sigma_over_scale,,,,not_applicable,0,0,0,False,,{},True,,strict_experiment_side_plaintext_oracle_comparison__max_coordinate_and_rmse_numeric_acceptance_envelope__relative_l2_diagnostic_only__no_plaintext_fallback_after_protected_aggregation_failure,custom_reference_prototype_numeric_acceptance_envelope__max_abs_and_rmse_are_acceptance_gates__relative_l2_is_diagnostic_only__not_a_formal_he_security_or_precision_proof,True,True,PASSED_PROTECTED_MAX_ABS_RMSE_ENVELOPE,6.456095912229902e-05,3.4566744113221325e-07,1.0283335692216445e-07,0.008724180992586794,0.008724136515554854,0.001,0.0002,5e-05,True,True,True,True,finite_and_max_abs_and_rmse,0.9988237772550121,0.7196652719665272,0.6099290780141844,0.8775510204081632,0.9382919001871992,0.7310737472020886,0.9794603019879871,0.7279594246856042,0.7279594246856042,0.8877551020408163,0.0014244513224535734,0.8877551020408163,0.0014244513224535734,56809,55,12,86,0.0009672200337647721,0.12244897959183673,0.8775510204081632,0.05338215122149478,0.05338215122149478,fpr,0.005,0.9990344313019817,0.7634408602150538,0.6635514018691588,0.8987341772151899,0.9489713972468563,0.7717986706821625,0.9844725923905935,0.823339028502804,0.823339028502804,0.8987341772151899,0.0007913827214772477,0.8987341772151899,0.0007913827214772477,45454,36,8,71,0.0007913827214772477,0.10126582278481013,0.8987341772151899,0.05338215122149478,fpr,0.005,1.0,False,B0_Plain_FL,NOT_FINAL_ROUND,,,,,,,,,,,,,,,,,,,,False,0.9982795547909132,11.622689313999672,844.4836199996644,3.409509998618887,0.0,0.0,7337.429926000368,3261.2634959996285,240,573440,28672.0,860160,286720,1146880,,not_modelled__session_or_evaluation_key_material_excluded_from_round_payload,actual_generated_protocol_object_bytes,xMK_ciphertext_uplink_plus_partial_decryption_share_uplink_plus_aggregate_c1_polynomial_broadcast,sum_of_actual_generated_client_update_objects_before_auxiliary_decryption_share_or_downlink_traffic,False,529.9346710999998,10598.693421999997,10598.693421999997,measured_sum_of_client_protection_plus_server_protected_aggregation_plus_authorized_recovery_or_decryption_ms_per_round,local_training__validation_test_evaluation__transport_latency__serialization_framing_not_explicitly_in_crypto_functions,2.910383045673371e-12,3.2000000000000006,20,20,0,"B1: xMK submit share (round-level finalize), noise=0.000",179.2,xmk_ckks,20,20,False,0,0,False,not_applicable,0,[],0,,True,0.0017204452090867595,0.0017281485220215498,3.9572916666666664,0,0,0,0,0,0,0,0,0,0,0,0,0,20,0,20,0,1,fixed_execution_host_runtime_payload_and_machine_specification__no_unmeasured_absolute_energy_or_carbon_claim,sequential_single_host_wall_clock_and_generated_protocol_object_bytes__machine_specification_recorded__transport_network_facility_energy_not_measured,runtime_payload_measured__energy_not_instrumented,not_reported_without_direct_hardware_energy_instrumentation,not_reported,False,,,,,,,not_reported,0,0.25,not_probed,0,,not_reported__no_valid_colab_network_or_device_energy_scope,,not_reported__no_direct_facility_or_grid_carbon_measurement,11.622663357999954,Absolute energy and carbon are not reported because direct hardware energy instrumentation is disabled.,False,,,,BASELINE
23,B1_xMK_CKKS,16,custom_xmk_reference_prototype,comparative_experiment,main_comparative,Custom xMK reference prototype with all-participant collaborative decryption; not a t-of-n threshold-CKKS security claim.,custom_xmk_reference_python,custom_reference_python_prototype,False,,,,,,,,,,{},False,False,,,0,baseline_unenforced,,,,,all_participants,configured_normalized_ciphertext_noise_proxy_sigma_over_scale,,,,not_applicable,0,0,0,False,,{},True,,strict_experiment_side_plaintext_oracle_comparison__max_coordinate_and_rmse_numeric_acceptance_envelope__relative_l2_diagnostic_only__no_plaintext_fallback_after_protected_aggregation_failure,custom_reference_prototype_numeric_acceptance_envelope__max_abs_and_rmse_are_acceptance_gates__relative_l2_is_diagnostic_only__not_a_formal_he_security_or_precision_proof,True,True,PASSED_PROTECTED_MAX_ABS_RMSE_ENVELOPE,7.00235181227687e-05,2.177985287876369e-07,9.551140157163865e-08,0.007470882717003655,0.007470959742109956,0.001,0.0002,5e-05,True,True,True,True,finite_and_max_abs_and_rmse,0.9988237772550121,0.7196652719665272,0.6099290780141844,0.8775510204081632,0.9382919001871992,0.7310737472020886,0.9794096978971667,0.7278922764473376,0.7278922764473376,0.8877551020408163,0.0014068655036578502,0.8877551020408163,0.0014068655036578502,56809,55,12,86,0.0009672200337647721,0.12244897959183673,0.8775510204081632,0.05377425275694644,0.05377425275694644,fpr,0.005,0.9990344313019817,0.7634408602150538,0.6635514018691588,0.8987341772151899,0.9489713972468563,0.7717986706821625,0.9844046959827031,0.8233399887590992,0.8233399887590992,0.8987341772151899,0.0007913827214772477,0.8987341772151899,0.0007913827214772477,45454,36,8,71,0.0007913827214772477,0.10126582278481013,0.8987341772151899,0.05377425275694644,fpr,0.005,1.0,False,B0_Plain_FL,NOT_FINAL_ROUND,,,,,,,,,,,,,,,,,,,,False,0.9982795547909132,13.361896268999772,924.7758490000706,3.4365099995739,0.0,0.0,8745.637838001585,3513.3755950000705,240,573440,28672.0,860160,286720,1146880,,not_modelled__session_or_evaluation_key_material_excluded_from_round_payload,actual_generated_protocol_object_bytes,xMK_ciphertext_uplink_plus_partial_decryption_share_uplink_plus_aggregate_c1_polynomial_broadcast,sum_of_actual_generated_client_update_objects_before_auxiliary_decryption_share_or_downlink_traffic,False,612.9506716500828,12259.013433001655,12259.013433001655,measured_sum_of_client_protection_plus_server_protected_aggregation_plus_authorized_recovery_or_decryption_ms_per_round,local_training__validation_test_evaluation__transport_latency__serialization_framing_not_explicitly_in_crypto_functions,2.910383045673371e-12,3.2000000000000006,20,20,0,"B1: xMK submit share (round-level finalize), noise=0.000",179.2,xmk_ckks,20,20,False,0,0,False,not_applicable,0,[],0,,True,0.0017204452090867595,0.0017281485220215498,3.9572916666666664,0,0,0,0,0,0,0,0,0,0,0,0,0,20,0,20,0,1,fixed_execution_host_runtime_payload_and_machine_specification__no_unmeasured_absolute_energy_or_carbon_claim,sequential_single_host_wall_clock_and_generated_protocol_object_bytes__machine_specification_recorded__transport_network_facility_energy_not_measured,runtime_payload_measured__energy_not_instrumented,not_reported_without_direct_hardware_energy_instrumentation,not_reported,False,,,,,,,not_reported,0,0.25,not_probed,0,,not_reported__no_valid_colab_network_or_device_energy_scope,,not_reported__no_direct_facility_or_grid_carbon_measurement,13.361871045000044,Absolute energy and carbon are not reported because direct hardware energy instrumentation is disabled.,False,,,,BASELINE
23,B1_xMK_CKKS,17,custom_xmk_reference_prototype,comparative_experiment,main_comparative,Custom xMK reference prototype with all-participant collaborative decryption; not a t-of-n threshold-CKKS security claim.,custom_xmk_reference_python,custom_reference_python_prototype,False,,,,,,,,,,{},False,False,,,0,baseline_unenforced,,,,,all_participants,configured_normalized_ciphertext_noise_proxy_sigma_over_scale,,,,not_applicable,0,0,0,False,,{},True,,strict_experiment_side_plaintext_oracle_comparison__max_coordinate_and_rmse_numeric_acceptance_envelope__relative_l2_diagnostic_only__no_plaintext_fallback_after_protected_aggregation_failure,custom_reference_prototype_numeric_acceptance_envelope__max_abs_and_rmse_are_acceptance_gates__relative_l2_is_diagnostic_only__not_a_formal_he_security_or_precision_proof,True,True,PASSED_PROTECTED_MAX_ABS_RMSE_ENVELOPE,6.500456050447094e-05,2.0737374116118132e-07,7.934573610640308e-08,0.006685600081526518,0.006685611907825913,0.001,0.0002,5e-05,True,True,True,True,finite_and_max_abs_and_rmse,0.9988237772550121,0.7196652719665272,0.6099290780141844,0.8775510204081632,0.9382919001871992,0.7310737472020886,0.9793887025828902,0.7279468768054261,0.7279468768054261,0.8877551020408163,0.0014068655036578502,0.8877551020408163,0.0014068655036578502,56809,55,12,86,0.0009672200337647721,0.12244897959183673,0.8775510204081632,0.05418041870579195,0.05418041870579195,fpr,0.005,0.9990563760451184,0.7675675675675676,0.6698113207547169,0.8987341772151899,0.9489823886735436,0.7754411396718406,0.9843969045916338,0.8234129175909196,0.8234129175909196,0.8987341772151899,0.0007693998681028798,0.8987341772151899,0.0007693998681028798,45455,35,8,71,0.0007693998681028798,0.10126582278481013,0.8987341772151899,0.05418041870579195,fpr,0.005,1.0,False,B0_Plain_FL,NOT_FINAL_ROUND,,,,,,,,,,,,,,,,,,,,False,0.9982795547909132,11.693070366000029,691.3255700010268,3.126546000203234,0.0,0.0,6488.377735998711,4338.638970999909,240,573440,28672.0,860160,286720,1146880,,not_modelled__session_or_evaluation_key_material_excluded_from_round_payload,actual_generated_protocol_object_bytes,xMK_ciphertext_uplink_plus_partial_decryption_share_uplink_plus_aggregate_c1_polynomial_broadcast,sum_of_actual_generated_client_update_objects_before_auxiliary_decryption_share_or_downlink_traffic,False,541.3508353499308,10827.016706998616,10827.016706998616,measured_sum_of_client_protection_plus_server_protected_aggregation_plus_authorized_recovery_or_decryption_ms_per_round,local_training__validation_test_evaluation__transport_latency__serialization_framing_not_explicitly_in_crypto_functions,2.910383045673371e-12,3.2000000000000006,20,20,0,"B1: xMK submit share (round-level finalize), noise=0.000",179.2,xmk_ckks,20,20,False,0,0,False,not_applicable,0,[],0,,True,0.0017204452090867595,0.0017281485220215498,3.9572916666666664,0,0,0,0,0,0,0,0,0,0,0,0,0,20,0,20,0,1,fixed_execution_host_runtime_payload_and_machine_specification__no_unmeasured_absolute_energy_or_carbon_claim,sequential_single_host_wall_clock_and_generated_protocol_object_bytes__machine_specification_recorded__transport_network_facility_energy_not_measured,runtime_payload_measured__energy_not_instrumented,not_reported_without_direct_hardware_energy_instrumentation,not_reported,False,,,,,,,not_reported,0,0.25,not_probed,0,,not_reported__no_valid_colab_network_or_device_energy_scope,,not_reported__no_direct_facility_or_grid_carbon_measurement,11.693043084000237,Absolute energy and carbon are not reported because direct hardware energy instrumentation is disabled.,False,,,,BASELINE
23,B1_xMK_CKKS,18,custom_xmk_reference_prototype,comparative_experiment,main_comparative,Custom xMK reference prototype with all-participant collaborative decryption; not a t-of-n threshold-CKKS security claim.,custom_xmk_reference_python,custom_reference_python_prototype,False,,,,,,,,,,{},False,False,,,0,baseline_unenforced,,,,,all_participants,configured_normalized_ciphertext_noise_proxy_sigma_over_scale,,,,not_applicable,0,0,0,False,,{},True,,strict_experiment_side_plaintext_oracle_comparison__max_coordinate_and_rmse_numeric_acceptance_envelope__relative_l2_diagnostic_only__no_plaintext_fallback_after_protected_aggregation_failure,custom_reference_prototype_numeric_acceptance_envelope__max_abs_and_rmse_are_acceptance_gates__relative_l2_is_diagnostic_only__not_a_formal_he_security_or_precision_proof,True,True,PASSED_PROTECTED_MAX_ABS_RMSE_ENVELOPE,4.212945336149262e-05,1.1946647202303994e-07,5.0034907532822725e-08,0.0065050090441591876,0.006504962131885194,0.001,0.0002,5e-05,True,True,True,True,finite_and_max_abs_and_rmse,0.9988237772550121,0.7196652719665272,0.6099290780141844,0.8775510204081632,0.9382919001871992,0.7310737472020886,0.9793264344285829,0.7279215516904974,0.7279215516904974,0.8877551020408163,0.0014244513224535734,0.8877551020408163,0.0014244513224535734,56809,55,12,86,0.0009672200337647721,0.12244897959183673,0.8775510204081632,0.0543469587535741,0.0543469587535741,fpr,0.005,0.9990563760451184,0.7675675675675676,0.6698113207547169,0.8987341772151899,0.9489823886735436,0.7754411396718406,0.9843465388136494,0.8234107466880708,0.8234107466880708,0.8987341772151899,0.0007693998681028798,0.8987341772151899,0.0007693998681028798,45455,35,8,71,0.0007693998681028798,0.10126582278481013,0.8987341772151899,0.0543469587535741,fpr,0.005,1.0,False,B0_Plain_FL,NOT_FINAL_ROUND,,,,,,,,,,,,,,,,,,,,False,0.9982795547909132,11.14288832200009,712.4370390006334,3.239605000089796,0.0,0.0,6468.379215999903,3745.7456449997153,240,573440,28672.0,860160,286720,1146880,,not_modelled__session_or_evaluation_key_material_excluded_from_round_payload,actual_generated_protocol_object_bytes,xMK_ciphertext_uplink_plus_partial_decryption_share_uplink_plus_aggregate_c1_polynomial_broadcast,sum_of_actual_generated_client_update_objects_before_auxiliary_decryption_share_or_downlink_traffic,False,510.70624304998074,10214.124860999615,10214.124860999615,measured_sum_of_client_protection_plus_server_protected_aggregation_plus_authorized_recovery_or_decryption_ms_per_round,local_training__validation_test_evaluation__transport_latency__serialization_framing_not_explicitly_in_crypto_functions,2.910383045673371e-12,3.2000000000000006,20,20,0,"B1: xMK submit share (round-level finalize), noise=0.000",179.2,xmk_ckks,20,20,False,0,0,False,not_applicable,0,[],0,,True,0.0017204452090867595,0.0017281485220215498,3.9572916666666664,0,0,0,0,0,0,0,0,0,0,0,0,0,20,0,20,0,1,fixed_execution_host_runtime_payload_and_machine_specification__no_unmeasured_absolute_energy_or_carbon_claim,sequential_single_host_wall_clock_and_generated_protocol_object_bytes__machine_specification_recorded__transport_network_facility_energy_not_measured,runtime_payload_measured__energy_not_instrumented,not_reported_without_direct_hardware_energy_instrumentation,not_reported,False,,,,,,,not_reported,0,0.25,not_probed,0,,not_reported__no_valid_colab_network_or_device_energy_scope,,not_reported__no_direct_facility_or_grid_carbon_measurement,11.142855151000276,Absolute energy and carbon are not reported because direct hardware energy instrumentation is disabled.,False,,,,BASELINE
23,B1_xMK_CKKS,19,custom_xmk_reference_prototype,comparative_experiment,main_comparative,Custom xMK reference prototype with all-participant collaborative decryption; not a t-of-n threshold-CKKS security claim.,custom_xmk_reference_python,custom_reference_python_prototype,False,,,,,,,,,,{},False,False,,,0,baseline_unenforced,,,,,all_participants,configured_normalized_ciphertext_noise_proxy_sigma_over_scale,,,,not_applicable,0,0,0,False,,{},True,,strict_experiment_side_plaintext_oracle_comparison__max_coordinate_and_rmse_numeric_acceptance_envelope__relative_l2_diagnostic_only__no_plaintext_fallback_after_protected_aggregation_failure,custom_reference_prototype_numeric_acceptance_envelope__max_abs_and_rmse_are_acceptance_gates__relative_l2_is_diagnostic_only__not_a_formal_he_security_or_precision_proof,True,True,PASSED_PROTECTED_MAX_ABS_RMSE_ENVELOPE,6.81316470067342e-05,1.796546392294888e-07,8.175887564848973e-08,0.006572742980614903,0.006572698472900592,0.001,0.0002,5e-05,True,True,True,True,finite_and_max_abs_and_rmse,0.9988237772550121,0.7196652719665272,0.6099290780141844,0.8775510204081632,0.9382919001871992,0.7310737472020886,0.9792616540144476,0.7278480080760891,0.7278480080760891,0.8877551020408163,0.0014244513224535734,0.8877551020408163,0.0014244513224535734,56809,55,12,86,0.0009672200337647721,0.12244897959183673,0.8775510204081632,0.05374170507516093,0.05374170507516093,fpr,0.005,0.9990563760451184,0.7675675675675676,0.6698113207547169,0.8987341772151899,0.9489823886735436,0.7754411396718406,0.9843665738192564,0.8234109111600387,0.8234109111600387,0.8987341772151899,0.0007693998681028798,0.8987341772151899,0.0007693998681028798,45455,35,8,71,0.0007693998681028798,0.10126582278481013,0.8987341772151899,0.05374170507516093,fpr,0.005,1.0,False,B0_Plain_FL,NOT_FINAL_ROUND,,,,,,,,,,,,,,,,,,,,False,0.9982795547909132,11.164217421999638,831.0502509998514,3.28701000125875,0.0,0.0,6936.004355001387,3217.9983989999528,240,573440,28672.0,860160,286720,1146880,,not_modelled__session_or_evaluation_key_material_excluded_from_round_payload,actual_generated_protocol_object_bytes,xMK_ciphertext_uplink_plus_partial_decryption_share_uplink_plus_aggregate_c1_polynomial_broadcast,sum_of_actual_generated_client_update_objects_before_auxiliary_decryption_share_or_downlink_traffic,False,507.700137700067,10154.00275400134,10154.00275400134,measured_sum_of_client_protection_plus_server_protected_aggregation_plus_authorized_recovery_or_decryption_ms_per_round,local_training__validation_test_evaluation__transport_latency__serialization_framing_not_explicitly_in_crypto_functions,2.910383045673371e-12,3.2000000000000006,20,20,0,"B1: xMK submit share (round-level finalize), noise=0.000",179.2,xmk_ckks,20,20,False,0,0,False,not_applicable,0,[],0,,True,0.0017204452090867595,0.0017281485220215498,3.9572916666666664,0,0,0,0,0,0,0,0,0,0,0,0,0,20,0,20,0,1,fixed_execution_host_runtime_payload_and_machine_specification__no_unmeasured_absolute_energy_or_carbon_claim,sequential_single_host_wall_clock_and_generated_protocol_object_bytes__machine_specification_recorded__transport_network_facility_energy_not_measured,runtime_payload_measured__energy_not_instrumented,not_reported_without_direct_hardware_energy_instrumentation,not_reported,False,,,,,,,not_reported,0,0.25,not_probed,0,,not_reported__no_valid_colab_network_or_device_energy_scope,,not_reported__no_direct_facility_or_grid_carbon_measurement,11.164186099999824,Absolute energy and carbon are not reported because direct hardware energy instrumentation is disabled.,False,,,,BASELINE
23,B1_xMK_CKKS,20,custom_xmk_reference_prototype,comparative_experiment,main_comparative,Custom xMK reference prototype with all-participant collaborative decryption; not a t-of-n threshold-CKKS security claim.,custom_xmk_reference_python,custom_reference_python_prototype,False,,,,,,,,,,{},False,False,,,0,baseline_unenforced,,,,,all_participants,configured_normalized_ciphertext_noise_proxy_sigma_over_scale,,,,not_applicable,0,0,0,False,,{},True,,strict_experiment_side_plaintext_oracle_comparison__max_coordinate_and_rmse_numeric_acceptance_envelope__relative_l2_diagnostic_only__no_plaintext_fallback_after_protected_aggregation_failure,custom_reference_prototype_numeric_acceptance_envelope__max_abs_and_rmse_are_acceptance_gates__relative_l2_is_diagnostic_only__not_a_formal_he_security_or_precision_proof,True,True,PASSED_PROTECTED_MAX_ABS_RMSE_ENVELOPE,8.303149150155424e-05,2.463210731921733e-07,8.893760461486413e-08,0.0058668261124541704,0.005866785193695856,0.001,0.0002,5e-05,True,True,True,True,finite_and_max_abs_and_rmse,0.9988237772550121,0.7196652719665272,0.6099290780141844,0.8775510204081632,0.9382919001871992,0.7310737472020886,0.9792341986034707,0.7277129824204979,0.7277129824204979,0.8877551020408163,0.0014244513224535734,0.8877551020408163,0.0014244513224535734,56809,55,12,86,0.0009672200337647721,0.12244897959183673,0.8775510204081632,0.0534341512828331,0.0534341512828331,fpr,0.005,0.9990563760451184,0.7675675675675676,0.6698113207547169,0.8987341772151899,0.9489823886735436,0.7754411396718406,0.9844333571712799,0.8234151597369774,0.8234151597369774,0.8987341772151899,0.0007693998681028798,0.8987341772151899,0.0007693998681028798,45455,35,8,71,0.0007693998681028798,0.10126582278481013,0.8987341772151899,0.0534341512828331,fpr,0.005,1.0,True,B0_Plain_FL,COMPARED,0.7277129824204979,0.7277129824204979,0.0,0.7196652719665272,0.7196652719665272,0.0,0.7310737472020886,0.7310737472020886,0.0,0.0534341512828331,0.053434163761923385,-1.247909028195826e-08,7.235780717224527e-07,2.5738357574411896e-07,4.2798560662138385e-07,5.395780146466606e-09,9.01964322307833e-09,0.0,0.0,True,0.9982795547909132,11.75631164699962,879.0483570014658,3.3872669987431436,0.0,0.0,7501.547550000851,3205.815238000014,240,573440,28672.0,860160,286720,1146880,,not_modelled__session_or_evaluation_key_material_excluded_from_round_payload,actual_generated_protocol_object_bytes,xMK_ciphertext_uplink_plus_partial_decryption_share_uplink_plus_aggregate_c1_polynomial_broadcast,sum_of_actual_generated_client_update_objects_before_auxiliary_decryption_share_or_downlink_traffic,False,535.368139400043,10707.36278800086,10707.36278800086,measured_sum_of_client_protection_plus_server_protected_aggregation_plus_authorized_recovery_or_decryption_ms_per_round,local_training__validation_test_evaluation__transport_latency__serialization_framing_not_explicitly_in_crypto_functions,2.910383045673371e-12,3.2000000000000006,20,20,0,"B1: xMK submit share (round-level finalize), noise=0.000",179.2,xmk_ckks,20,20,False,0,0,False,not_applicable,0,[],0,,True,0.0017204452090867595,0.0017281485220215498,3.9572916666666664,0,0,0,0,0,0,0,0,0,0,0,0,0,20,0,20,0,1,fixed_execution_host_runtime_payload_and_machine_specification__no_unmeasured_absolute_energy_or_carbon_claim,sequential_single_host_wall_clock_and_generated_protocol_object_bytes__machine_specification_recorded__transport_network_facility_energy_not_measured,runtime_payload_measured__energy_not_instrumented,not_reported_without_direct_hardware_energy_instrumentation,not_reported,False,,,,,,,not_reported,0,0.25,not_probed,0,,not_reported__no_valid_colab_network_or_device_energy_scope,,not_reported__no_direct_facility_or_grid_carbon_measurement,11.756282413000008,Absolute energy and carbon are not reported because direct hardware energy instrumentation is disabled.,False,,,,BASELINE
42,B1_xMK_CKKS,1,custom_xmk_reference_prototype,comparative_experiment,main_comparative,Custom xMK reference prototype with all-participant collaborative decryption; not a t-of-n threshold-CKKS security claim.,custom_xmk_reference_python,custom_reference_python_prototype,False,,,,,,,,,,{},False,False,,,0,baseline_unenforced,,,,,all_participants,configured_normalized_ciphertext_noise_proxy_sigma_over_scale,,,,not_applicable,0,0,0,False,,{},True,,strict_experiment_side_plaintext_oracle_comparison__max_coordinate_and_rmse_numeric_acceptance_envelope__relative_l2_diagnostic_only__no_plaintext_fallback_after_protected_aggregation_failure,custom_reference_prototype_numeric_acceptance_envelope__max_abs_and_rmse_are_acceptance_gates__relative_l2_is_diagnostic_only__not_a_formal_he_security_or_precision_proof,True,True,PASSED_PROTECTED_MAX_ABS_RMSE_ENVELOPE,1.5366842030706953e-06,3.4640796077629876e-07,1.212488075895081e-07,0.4321688662805124,0.43216882885877433,0.001,0.0002,5e-05,True,True,True,True,finite_and_max_abs_and_rmse,0.9981917769741231,0.6171003717472119,0.4853801169590643,0.8469387755102041,0.9226956117280902,0.6404005003217508,0.9562500717788522,0.7065264545271226,0.7065264545271226,0.8877551020408163,0.002708216094541362,0.8877551020408163,0.002708216094541362,56776,88,15,83,0.0015475520540236354,0.15306122448979592,0.8469387755102041,0.0033998328283371595,0.0033998328283371595,fpr,0.005,0.9986174811823828,0.6926829268292682,0.5634920634920635,0.8987341772151899,0.9487625601397998,0.7110487166910493,0.9745878214992307,0.8162346582556055,0.8162346582556055,0.8987341772151899,0.0012090569355902396,0.8987341772151899,0.0012090569355902396,45435,55,8,71,0.0012090569355902396,0.10126582278481013,0.8987341772151899,0.0033998328283371595,fpr,0.005,1.0,False,B0_Plain_FL,NOT_FINAL_ROUND,,,,,,,,,,,,,,,,,,,,False,0.9982795547909132,11.558242164999683,939.8418170003424,3.503691000332765,0.0,3486.5710640001453,7239.1241840000475,3209.2275579998386,240,573440,28672.0,860160,286720,1146880,,not_modelled__session_or_evaluation_key_material_excluded_from_round_payload,actual_generated_protocol_object_bytes,xMK_ciphertext_uplink_plus_partial_decryption_share_uplink_plus_aggregate_c1_polynomial_broadcast,sum_of_actual_generated_client_update_objects_before_auxiliary_decryption_share_or_downlink_traffic,False,522.4175870999943,10448.351741999886,10448.351741999886,measured_sum_of_client_protection_plus_server_protected_aggregation_plus_authorized_recovery_or_decryption_ms_per_round,local_training__validation_test_evaluation__transport_latency__serialization_framing_not_explicitly_in_crypto_functions,2.910383045673371e-12,3.2000000000000006,20,20,0,"B1: xMK submit share (round-level finalize), noise=0.000",179.2,xmk_ckks,20,20,False,0,0,False,not_applicable,0,[],0,,True,0.0017204452090867595,0.0017281485220215498,3.9572916666666664,0,0,0,0,0,0,0,0,0,0,0,0,0,20,0,20,0,1,fixed_execution_host_runtime_payload_and_machine_specification__no_unmeasured_absolute_energy_or_carbon_claim,sequential_single_host_wall_clock_and_generated_protocol_object_bytes__machine_specification_recorded__transport_network_facility_energy_not_measured,runtime_payload_measured__energy_not_instrumented,not_reported_without_direct_hardware_energy_instrumentation,not_reported,False,,,,,,,not_reported,0,0.25,not_probed,0,,not_reported__no_valid_colab_network_or_device_energy_scope,,not_reported__no_direct_facility_or_grid_carbon_measurement,11.558210089000113,Absolute energy and carbon are not reported because direct hardware energy instrumentation is disabled.,False,,,,BASELINE
42,B1_xMK_CKKS,2,custom_xmk_reference_prototype,comparative_experiment,main_comparative,Custom xMK reference prototype with all-participant collaborative decryption; not a t-of-n threshold-CKKS security claim.,custom_xmk_reference_python,custom_reference_python_prototype,False,,,,,,,,,,{},False,False,,,0,baseline_unenforced,,,,,all_participants,configured_normalized_ciphertext_noise_proxy_sigma_over_scale,,,,not_applicable,0,0,0,False,,{},True,,strict_experiment_side_plaintext_oracle_comparison__max_coordinate_and_rmse_numeric_acceptance_envelope__relative_l2_diagnostic_only__no_plaintext_fallback_after_protected_aggregation_failure,custom_reference_prototype_numeric_acceptance_envelope__max_abs_and_rmse_are_acceptance_gates__relative_l2_is_diagnostic_only__not_a_formal_he_security_or_precision_proof,True,True,PASSED_PROTECTED_MAX_ABS_RMSE_ENVELOPE,1.1127339249243499e-06,2.0728891426480614e-07,7.642495751089827e-08,0.3761876244388563,0.37618769612753844,0.001,0.0002,5e-05,True,True,True,True,finite_and_max_abs_and_rmse,0.9985604438046417,0.6693548387096774,0.5533333333333333,0.8469387755102041,0.9228802628254453,0.6839328810532475,0.9648730447440653,0.7138448018541805,0.7138448018541805,0.8877551020408163,0.0016003095104108048,0.8877551020408163,0.0016003095104108048,56797,67,15,83,0.0011782498593134495,0.15306122448979592,0.8469387755102041,0.005737843035644847,0.005737843035644847,fpr,0.005,0.998990541815708,0.7553191489361702,0.6513761467889908,0.8987341772151899,0.948949414393482,0.764664546104422,0.9767496542570212,0.8194858310337043,0.8194858310337043,0.8987341772151899,0.0008353484282259837,0.8987341772151899,0.0008353484282259837,45452,38,8,71,0.0008353484282259837,0.10126582278481013,0.8987341772151899,0.005737843035644847,fpr,0.005,1.0,False,B0_Plain_FL,NOT_FINAL_ROUND,,,,,,,,,,,,,,,,,,,,False,0.9982795547909132,11.756015241000114,869.211852000717,3.583702999549132,0.0,0.0,7480.055515000913,3234.652541000287,240,573440,28672.0,860160,286720,1146880,,not_modelled__session_or_evaluation_key_material_excluded_from_round_payload,actual_generated_protocol_object_bytes,xMK_ciphertext_uplink_plus_partial_decryption_share_uplink_plus_aggregate_c1_polynomial_broadcast,sum_of_actual_generated_client_update_objects_before_auxiliary_decryption_share_or_downlink_traffic,False,535.73540280006,10714.7080560012,10714.7080560012,measured_sum_of_client_protection_plus_server_protected_aggregation_plus_authorized_recovery_or_decryption_ms_per_round,local_training__validation_test_evaluation__transport_latency__serialization_framing_not_explicitly_in_crypto_functions,2.910383045673371e-12,3.2000000000000006,20,20,0,"B1: xMK submit share (round-level finalize), noise=0.000",179.2,xmk_ckks,20,20,False,0,0,False,not_applicable,0,[],0,,True,0.0017204452090867595,0.0017281485220215498,3.9572916666666664,0,0,0,0,0,0,0,0,0,0,0,0,0,20,0,20,0,1,fixed_execution_host_runtime_payload_and_machine_specification__no_unmeasured_absolute_energy_or_carbon_claim,sequential_single_host_wall_clock_and_generated_protocol_object_bytes__machine_specification_recorded__transport_network_facility_energy_not_measured,runtime_payload_measured__energy_not_instrumented,not_reported_without_direct_hardware_energy_instrumentation,not_reported,False,,,,,,,not_reported,0,0.25,not_probed,0,,not_reported__no_valid_colab_network_or_device_energy_scope,,not_reported__no_direct_facility_or_grid_carbon_measurement,11.755987361999814,Absolute energy and carbon are not reported because direct hardware energy instrumentation is disabled.,False,,,,BASELINE
42,B1_xMK_CKKS,3,custom_xmk_reference_prototype,comparative_experiment,main_comparative,Custom xMK reference prototype with all-participant collaborative decryption; not a t-of-n threshold-CKKS security claim.,custom_xmk_reference_python,custom_reference_python_prototype,False,,,,,,,,,,{},False,False,,,0,baseline_unenforced,,,,,all_participants,configured_normalized_ciphertext_noise_proxy_sigma_over_scale,,,,not_applicable,0,0,0,False,,{},True,,strict_experiment_side_plaintext_oracle_comparison__max_coordinate_and_rmse_numeric_acceptance_envelope__relative_l2_diagnostic_only__no_plaintext_fallback_after_protected_aggregation_failure,custom_reference_prototype_numeric_acceptance_envelope__max_abs_and_rmse_are_acceptance_gates__relative_l2_is_diagnostic_only__not_a_formal_he_security_or_precision_proof,True,True,PASSED_PROTECTED_MAX_ABS_RMSE_ENVELOPE,1.6133457945052123e-06,1.7996046334199656e-07,8.71791769416394e-08,0.2959687992378161,0.2959688349358038,0.001,0.0002,5e-05,True,True,True,True,finite_and_max_abs_and_rmse,0.9986306660580738,0.6829268292682927,0.5675675675675675,0.8571428571428571,0.9280086823699654,0.6968764275661203,0.9711319812111676,0.7177963871908126,0.7177963871908126,0.8877551020408163,0.0015651378728193585,0.8877551020408163,0.0015651378728193585,56800,64,14,84,0.0011254924029262803,0.14285714285714285,0.8571428571428571,0.008937441687237768,0.008937441687237768,fpr,0.005,0.9989685970725712,0.7513227513227513,0.6454545454545455,0.8987341772151899,0.9489384229667948,0.7611705988977794,0.9786265447128454,0.8213857053692736,0.8213857053692736,0.8987341772151899,0.0008573312816003517,0.8987341772151899,0.0008573312816003517,45451,39,8,71,0.0008573312816003517,0.10126582278481013,0.8987341772151899,0.008937441687237768,fpr,0.005,1.0,False,B0_Plain_FL,NOT_FINAL_ROUND,,,,,,,,,,,,,,,,,,,,False,0.9982795547909132,11.638282931000049,814.1984109993246,3.5613549989648163,0.0,0.0,7451.315314000567,3203.7688890000027,240,573440,28672.0,860160,286720,1146880,,not_modelled__session_or_evaluation_key_material_excluded_from_round_payload,actual_generated_protocol_object_bytes,xMK_ciphertext_uplink_plus_partial_decryption_share_uplink_plus_aggregate_c1_polynomial_broadcast,sum_of_actual_generated_client_update_objects_before_auxiliary_decryption_share_or_downlink_traffic,False,532.7542101500283,10655.084203000566,10655.084203000566,measured_sum_of_client_protection_plus_server_protected_aggregation_plus_authorized_recovery_or_decryption_ms_per_round,local_training__validation_test_evaluation__transport_latency__serialization_framing_not_explicitly_in_crypto_functions,2.910383045673371e-12,3.2000000000000006,20,20,0,"B1: xMK submit share (round-level finalize), noise=0.000",179.2,xmk_ckks,20,20,False,0,0,False,not_applicable,0,[],0,,True,0.0017204452090867595,0.0017281485220215498,3.9572916666666664,0,0,0,0,0,0,0,0,0,0,0,0,0,20,0,20,0,1,fixed_execution_host_runtime_payload_and_machine_specification__no_unmeasured_absolute_energy_or_carbon_claim,sequential_single_host_wall_clock_and_generated_protocol_object_bytes__machine_specification_recorded__transport_network_facility_energy_not_measured,runtime_payload_measured__energy_not_instrumented,not_reported_without_direct_hardware_energy_instrumentation,not_reported,False,,,,,,,not_reported,0,0.25,not_probed,0,,not_reported__no_valid_colab_network_or_device_energy_scope,,not_reported__no_direct_facility_or_grid_carbon_measurement,11.638255779999781,Absolute energy and carbon are not reported because direct hardware energy instrumentation is disabled.,False,,,,BASELINE
42,B1_xMK_CKKS,4,custom_xmk_reference_prototype,comparative_experiment,main_comparative,Custom xMK reference prototype with all-participant collaborative decryption; not a t-of-n threshold-CKKS security claim.,custom_xmk_reference_python,custom_reference_python_prototype,False,,,,,,,,,,{},False,False,,,0,baseline_unenforced,,,,,all_participants,configured_normalized_ciphertext_noise_proxy_sigma_over_scale,,,,not_applicable,0,0,0,False,,{},True,,strict_experiment_side_plaintext_oracle_comparison__max_coordinate_and_rmse_numeric_acceptance_envelope__relative_l2_diagnostic_only__no_plaintext_fallback_after_protected_aggregation_failure,custom_reference_prototype_numeric_acceptance_envelope__max_abs_and_rmse_are_acceptance_gates__relative_l2_is_diagnostic_only__not_a_formal_he_security_or_precision_proof,True,True,PASSED_PROTECTED_MAX_ABS_RMSE_ENVELOPE,2.334050480286513e-06,2.037052222441521e-07,9.925612896239494e-08,0.23292050134424974,0.2329205440054666,0.001,0.0002,5e-05,True,True,True,True,finite_and_max_abs_and_rmse,0.998718443874864,0.6970954356846473,0.5874125874125874,0.8571428571428571,0.9280526469169548,0.7089965334483268,0.974824823711139,0.7207737304379447,0.7207737304379447,0.8877551020408163,0.0015651378728193585,0.8877551020408163,0.0015651378728193585,56805,59,14,84,0.0010375633089476646,0.14285714285714285,0.8571428571428571,0.013069230569785683,0.013069230569785683,fpr,0.005,0.9990124865588448,0.7593582887700535,0.6574074074074074,0.8987341772151899,0.9489604058201692,0.7682068609511581,0.9799046111121933,0.8215254702232366,0.8215254702232366,0.8987341772151899,0.0008133655748516158,0.8987341772151899,0.0008133655748516158,45453,37,8,71,0.0008133655748516158,0.10126582278481013,0.8987341772151899,0.013069230569785683,fpr,0.005,1.0,False,B0_Plain_FL,NOT_FINAL_ROUND,,,,,,,,,,,,,,,,,,,,False,0.9982795547909132,11.655515846000071,801.0949660001643,3.402142000140884,0.0,0.0,7147.989654999037,3532.4581840000064,240,573440,28672.0,860160,286720,1146880,,not_modelled__session_or_evaluation_key_material_excluded_from_round_payload,actual_generated_protocol_object_bytes,xMK_ciphertext_uplink_plus_partial_decryption_share_uplink_plus_aggregate_c1_polynomial_broadcast,sum_of_actual_generated_client_update_objects_before_auxiliary_decryption_share_or_downlink_traffic,False,534.022391949952,10680.44783899904,10680.44783899904,measured_sum_of_client_protection_plus_server_protected_aggregation_plus_authorized_recovery_or_decryption_ms_per_round,local_training__validation_test_evaluation__transport_latency__serialization_framing_not_explicitly_in_crypto_functions,2.910383045673371e-12,3.2000000000000006,20,20,0,"B1: xMK submit share (round-level finalize), noise=0.000",179.2,xmk_ckks,20,20,False,0,0,False,not_applicable,0,[],0,,True,0.0017204452090867595,0.0017281485220215498,3.9572916666666664,0,0,0,0,0,0,0,0,0,0,0,0,0,20,0,20,0,1,fixed_execution_host_runtime_payload_and_machine_specification__no_unmeasured_absolute_energy_or_carbon_claim,sequential_single_host_wall_clock_and_generated_protocol_object_bytes__machine_specification_recorded__transport_network_facility_energy_not_measured,runtime_payload_measured__energy_not_instrumented,not_reported_without_direct_hardware_energy_instrumentation,not_reported,False,,,,,,,not_reported,0,0.25,not_probed,0,,not_reported__no_valid_colab_network_or_device_energy_scope,,not_reported__no_direct_facility_or_grid_carbon_measurement,11.655443040000137,Absolute energy and carbon are not reported because direct hardware energy instrumentation is disabled.,False,,,,BASELINE
42,B1_xMK_CKKS,5,custom_xmk_reference_prototype,comparative_experiment,main_comparative,Custom xMK reference prototype with all-participant collaborative decryption; not a t-of-n threshold-CKKS security claim.,custom_xmk_reference_python,custom_reference_python_prototype,False,,,,,,,,,,{},False,False,,,0,baseline_unenforced,,,,,all_participants,configured_normalized_ciphertext_noise_proxy_sigma_over_scale,,,,not_applicable,0,0,0,False,,{},True,,strict_experiment_side_plaintext_oracle_comparison__max_coordinate_and_rmse_numeric_acceptance_envelope__relative_l2_diagnostic_only__no_plaintext_fallback_after_protected_aggregation_failure,custom_reference_prototype_numeric_acceptance_envelope__max_abs_and_rmse_are_acceptance_gates__relative_l2_is_diagnostic_only__not_a_formal_he_security_or_precision_proof,True,True,PASSED_PROTECTED_MAX_ABS_RMSE_ENVELOPE,3.4891176876118e-06,3.023612308121742e-07,1.1475893157768239e-07,0.18014885460330457,0.1801487839499548,0.001,0.0002,5e-05,True,True,True,True,finite_and_max_abs_and_rmse,0.99875355500158,0.7078189300411523,0.593103448275862,0.8775510204081632,0.9382567285496077,0.720886974756122,0.9766435203794518,0.7213356552067574,0.7213356552067574,0.8877551020408163,0.0015651378728193585,0.8877551020408163,0.0015651378728193585,56805,59,12,86,0.0010375633089476646,0.12244897959183673,0.8775510204081632,0.017899519022784798,0.017899519022784798,fpr,0.005,0.9990563760451184,0.7675675675675676,0.6698113207547169,0.8987341772151899,0.9489823886735436,0.7754411396718406,0.9807739077443645,0.822015817394284,0.822015817394284,0.8987341772151899,0.0007693998681028798,0.8987341772151899,0.0007693998681028798,45455,35,8,71,0.0007693998681028798,0.10126582278481013,0.8987341772151899,0.017899519022784798,fpr,0.005,1.0,False,B0_Plain_FL,NOT_FINAL_ROUND,,,,,,,,,,,,,,,,,,,,False,0.9982795547909132,11.599010654000267,683.8188530014122,3.2224570004473208,0.0,0.0,6447.1513329995105,4291.964879000261,240,573440,28672.0,860160,286720,1146880,,not_modelled__session_or_evaluation_key_material_excluded_from_round_payload,actual_generated_protocol_object_bytes,xMK_ciphertext_uplink_plus_partial_decryption_share_uplink_plus_aggregate_c1_polynomial_broadcast,sum_of_actual_generated_client_update_objects_before_auxiliary_decryption_share_or_downlink_traffic,False,536.9558105999886,10739.116211999772,10739.116211999772,measured_sum_of_client_protection_plus_server_protected_aggregation_plus_authorized_recovery_or_decryption_ms_per_round,local_training__validation_test_evaluation__transport_latency__serialization_framing_not_explicitly_in_crypto_functions,2.910383045673371e-12,3.2000000000000006,20,20,0,"B1: xMK submit share (round-level finalize), noise=0.000",179.2,xmk_ckks,20,20,False,0,0,False,not_applicable,0,[],0,,True,0.0017204452090867595,0.0017281485220215498,3.9572916666666664,0,0,0,0,0,0,0,0,0,0,0,0,0,20,0,20,0,1,fixed_execution_host_runtime_payload_and_machine_specification__no_unmeasured_absolute_energy_or_carbon_claim,sequential_single_host_wall_clock_and_generated_protocol_object_bytes__machine_specification_recorded__transport_network_facility_energy_not_measured,runtime_payload_measured__energy_not_instrumented,not_reported_without_direct_hardware_energy_instrumentation,not_reported,False,,,,,,,not_reported,0,0.25,not_probed,0,,not_reported__no_valid_colab_network_or_device_energy_scope,,not_reported__no_direct_facility_or_grid_carbon_measurement,11.59898257199984,Absolute energy and carbon are not reported because direct hardware energy instrumentation is disabled.,False,,,,BASELINE
42,B1_xMK_CKKS,6,custom_xmk_reference_prototype,comparative_experiment,main_comparative,Custom xMK reference prototype with all-participant collaborative decryption; not a t-of-n threshold-CKKS security claim.,custom_xmk_reference_python,custom_reference_python_prototype,False,,,,,,,,,,{},False,False,,,0,baseline_unenforced,,,,,all_participants,configured_normalized_ciphertext_noise_proxy_sigma_over_scale,,,,not_applicable,0,0,0,False,,{},True,,strict_experiment_side_plaintext_oracle_comparison__max_coordinate_and_rmse_numeric_acceptance_envelope__relative_l2_diagnostic_only__no_plaintext_fallback_after_protected_aggregation_failure,custom_reference_prototype_numeric_acceptance_envelope__max_abs_and_rmse_are_acceptance_gates__relative_l2_is_diagnostic_only__not_a_formal_he_security_or_precision_proof,True,True,PASSED_PROTECTED_MAX_ABS_RMSE_ENVELOPE,5.131782927677881e-06,3.015905047452222e-07,1.2934430280892343e-07,0.13805103086223117,0.1380510577612032,0.001,0.0002,5e-05,True,True,True,True,finite_and_max_abs_and_rmse,0.9987711105649381,0.7107438016528925,0.5972222222222222,0.8775510204081632,0.9382655214590057,0.7233938715178584,0.977583105555109,0.722859159000413,0.722859159000413,0.8877551020408163,0.001494794597636466,0.8877551020408163,0.001494794597636466,56806,58,12,86,0.0010199774901519414,0.12244897959183673,0.8775510204081632,0.023264501365062487,0.023264501365062487,fpr,0.005,0.9990563760451184,0.7675675675675676,0.6698113207547169,0.8987341772151899,0.9489823886735436,0.7754411396718406,0.98153189878983,0.822197450376338,0.822197450376338,0.8987341772151899,0.0007693998681028798,0.8987341772151899,0.0007693998681028798,45455,35,8,71,0.0007693998681028798,0.10126582278481013,0.8987341772151899,0.023264501365062487,fpr,0.005,1.0,False,B0_Plain_FL,NOT_FINAL_ROUND,,,,,,,,,,,,,,,,,,,,False,0.9982795547909132,10.97537613500026,683.6168740001085,3.204522999112669,0.0,0.0,6453.236501000902,3611.2935860001016,240,573440,28672.0,860160,286720,1146880,,not_modelled__session_or_evaluation_key_material_excluded_from_round_payload,actual_generated_protocol_object_bytes,xMK_ciphertext_uplink_plus_partial_decryption_share_uplink_plus_aggregate_c1_polynomial_broadcast,sum_of_actual_generated_client_update_objects_before_auxiliary_decryption_share_or_downlink_traffic,False,503.22650435005016,10064.530087001003,10064.530087001003,measured_sum_of_client_protection_plus_server_protected_aggregation_plus_authorized_recovery_or_decryption_ms_per_round,local_training__validation_test_evaluation__transport_latency__serialization_framing_not_explicitly_in_crypto_functions,2.910383045673371e-12,3.2000000000000006,20,20,0,"B1: xMK submit share (round-level finalize), noise=0.000",179.2,xmk_ckks,20,20,False,0,0,False,not_applicable,0,[],0,,True,0.0017204452090867595,0.0017281485220215498,3.9572916666666664,0,0,0,0,0,0,0,0,0,0,0,0,0,20,0,20,0,1,fixed_execution_host_runtime_payload_and_machine_specification__no_unmeasured_absolute_energy_or_carbon_claim,sequential_single_host_wall_clock_and_generated_protocol_object_bytes__machine_specification_recorded__transport_network_facility_energy_not_measured,runtime_payload_measured__energy_not_instrumented,not_reported_without_direct_hardware_energy_instrumentation,not_reported,False,,,,,,,not_reported,0,0.25,not_probed,0,,not_reported__no_valid_colab_network_or_device_energy_scope,,not_reported__no_direct_facility_or_grid_carbon_measurement,10.97534487799976,Absolute energy and carbon are not reported because direct hardware energy instrumentation is disabled.,False,,,,BASELINE
42,B1_xMK_CKKS,7,custom_xmk_reference_prototype,comparative_experiment,main_comparative,Custom xMK reference prototype with all-participant collaborative decryption; not a t-of-n threshold-CKKS security claim.,custom_xmk_reference_python,custom_reference_python_prototype,False,,,,,,,,,,{},False,False,,,0,baseline_unenforced,,,,,all_participants,configured_normalized_ciphertext_noise_proxy_sigma_over_scale,,,,not_applicable,0,0,0,False,,{},True,,strict_experiment_side_plaintext_oracle_comparison__max_coordinate_and_rmse_numeric_acceptance_envelope__relative_l2_diagnostic_only__no_plaintext_fallback_after_protected_aggregation_failure,custom_reference_prototype_numeric_acceptance_envelope__max_abs_and_rmse_are_acceptance_gates__relative_l2_is_diagnostic_only__not_a_formal_he_security_or_precision_proof,True,True,PASSED_PROTECTED_MAX_ABS_RMSE_ENVELOPE,6.000989250345449e-06,2.940580038947316e-07,1.129537065699117e-07,0.10309515724927955,0.10309526274331905,0.001,0.0002,5e-05,True,True,True,True,finite_and_max_abs_and_rmse,0.9987711105649381,0.7107438016528925,0.5972222222222222,0.8775510204081632,0.9382655214590057,0.7233938715178584,0.9780895053575736,0.7243116315456362,0.7243116315456362,0.8877551020408163,0.0015475520540236354,0.8877551020408163,0.0015475520540236354,56806,58,12,86,0.0010199774901519414,0.12244897959183673,0.8775510204081632,0.02873233029940843,0.02873233029940843,fpr,0.005,0.9990563760451184,0.7675675675675676,0.6698113207547169,0.8987341772151899,0.9489823886735436,0.7754411396718406,0.9820093997567974,0.8225166709567385,0.8225166709567385,0.8987341772151899,0.0007693998681028798,0.8987341772151899,0.0007693998681028798,45455,35,8,71,0.0007693998681028798,0.10126582278481013,0.8987341772151899,0.02873233029940843,fpr,0.005,1.0,False,B0_Plain_FL,NOT_FINAL_ROUND,,,,,,,,,,,,,,,,,,,,False,0.9982795547909132,11.254421363000347,827.1061740010737,3.400143999442662,0.0,0.0,7031.918272999974,3225.273606999963,240,573440,28672.0,860160,286720,1146880,,not_modelled__session_or_evaluation_key_material_excluded_from_round_payload,actual_generated_protocol_object_bytes,xMK_ciphertext_uplink_plus_partial_decryption_share_uplink_plus_aggregate_c1_polynomial_broadcast,sum_of_actual_generated_client_update_objects_before_auxiliary_decryption_share_or_downlink_traffic,False,512.8595939999971,10257.19187999994,10257.19187999994,measured_sum_of_client_protection_plus_server_protected_aggregation_plus_authorized_recovery_or_decryption_ms_per_round,local_training__validation_test_evaluation__transport_latency__serialization_framing_not_explicitly_in_crypto_functions,2.910383045673371e-12,3.2000000000000006,20,20,0,"B1: xMK submit share (round-level finalize), noise=0.000",179.2,xmk_ckks,20,20,False,0,0,False,not_applicable,0,[],0,,True,0.0017204452090867595,0.0017281485220215498,3.9572916666666664,0,0,0,0,0,0,0,0,0,0,0,0,0,20,0,20,0,1,fixed_execution_host_runtime_payload_and_machine_specification__no_unmeasured_absolute_energy_or_carbon_claim,sequential_single_host_wall_clock_and_generated_protocol_object_bytes__machine_specification_recorded__transport_network_facility_energy_not_measured,runtime_payload_measured__energy_not_instrumented,not_reported_without_direct_hardware_energy_instrumentation,not_reported,False,,,,,,,not_reported,0,0.25,not_probed,0,,not_reported__no_valid_colab_network_or_device_energy_scope,,not_reported__no_direct_facility_or_grid_carbon_measurement,11.254392282000026,Absolute energy and carbon are not reported because direct hardware energy instrumentation is disabled.,False,,,,BASELINE
42,B1_xMK_CKKS,8,custom_xmk_reference_prototype,comparative_experiment,main_comparative,Custom xMK reference prototype with all-participant collaborative decryption; not a t-of-n threshold-CKKS security claim.,custom_xmk_reference_python,custom_reference_python_prototype,False,,,,,,,,,,{},False,False,,,0,baseline_unenforced,,,,,all_participants,configured_normalized_ciphertext_noise_proxy_sigma_over_scale,,,,not_applicable,0,0,0,False,,{},True,,strict_experiment_side_plaintext_oracle_comparison__max_coordinate_and_rmse_numeric_acceptance_envelope__relative_l2_diagnostic_only__no_plaintext_fallback_after_protected_aggregation_failure,custom_reference_prototype_numeric_acceptance_envelope__max_abs_and_rmse_are_acceptance_gates__relative_l2_is_diagnostic_only__not_a_formal_he_security_or_precision_proof,True,True,PASSED_PROTECTED_MAX_ABS_RMSE_ENVELOPE,7.73384347734116e-06,3.130285151776817e-07,1.0735618795407868e-07,0.0760312850935217,0.0760312900186648,0.001,0.0002,5e-05,True,True,True,True,finite_and_max_abs_and_rmse,0.9987711105649381,0.7107438016528925,0.5972222222222222,0.8775510204081632,0.9382655214590057,0.7233938715178584,0.9784458873588827,0.7242654227613443,0.7242654227613443,0.8877551020408163,0.0015651378728193585,0.8877551020408163,0.0015651378728193585,56806,58,12,86,0.0010199774901519414,0.12244897959183673,0.8775510204081632,0.0337222459473982,0.0337222459473982,fpr,0.005,0.9990563760451184,0.7675675675675676,0.6698113207547169,0.8987341772151899,0.9489823886735436,0.7754411396718406,0.9823216119275067,0.8225206726384895,0.8225206726384895,0.8987341772151899,0.0007693998681028798,0.8987341772151899,0.0007693998681028798,45455,35,8,71,0.0007693998681028798,0.10126582278481013,0.8987341772151899,0.0337222459473982,fpr,0.005,1.0,False,B0_Plain_FL,NOT_FINAL_ROUND,,,,,,,,,,,,,,,,,,,,False,0.9982795547909132,11.686849262000123,822.8193989998545,3.4347630007687258,0.0,0.0,7470.027525999285,3223.350933000347,240,573440,28672.0,860160,286720,1146880,,not_modelled__session_or_evaluation_key_material_excluded_from_round_payload,actual_generated_protocol_object_bytes,xMK_ciphertext_uplink_plus_partial_decryption_share_uplink_plus_aggregate_c1_polynomial_broadcast,sum_of_actual_generated_client_update_objects_before_auxiliary_decryption_share_or_downlink_traffic,False,534.6689229499814,10693.378458999628,10693.378458999628,measured_sum_of_client_protection_plus_server_protected_aggregation_plus_authorized_recovery_or_decryption_ms_per_round,local_training__validation_test_evaluation__transport_latency__serialization_framing_not_explicitly_in_crypto_functions,2.910383045673371e-12,3.2000000000000006,20,20,0,"B1: xMK submit share (round-level finalize), noise=0.000",179.2,xmk_ckks,20,20,False,0,0,False,not_applicable,0,[],0,,True,0.0017204452090867595,0.0017281485220215498,3.9572916666666664,0,0,0,0,0,0,0,0,0,0,0,0,0,20,0,20,0,1,fixed_execution_host_runtime_payload_and_machine_specification__no_unmeasured_absolute_energy_or_carbon_claim,sequential_single_host_wall_clock_and_generated_protocol_object_bytes__machine_specification_recorded__transport_network_facility_energy_not_measured,runtime_payload_measured__energy_not_instrumented,not_reported_without_direct_hardware_energy_instrumentation,not_reported,False,,,,,,,not_reported,0,0.25,not_probed,0,,not_reported__no_valid_colab_network_or_device_energy_scope,,not_reported__no_direct_facility_or_grid_carbon_measurement,11.68679685699999,Absolute energy and carbon are not reported because direct hardware energy instrumentation is disabled.,False,,,,BASELINE
42,B1_xMK_CKKS,9,custom_xmk_reference_prototype,comparative_experiment,main_comparative,Custom xMK reference prototype with all-participant collaborative decryption; not a t-of-n threshold-CKKS security claim.,custom_xmk_reference_python,custom_reference_python_prototype,False,,,,,,,,,,{},False,False,,,0,baseline_unenforced,,,,,all_participants,configured_normalized_ciphertext_noise_proxy_sigma_over_scale,,,,not_applicable,0,0,0,False,,{},True,,strict_experiment_side_plaintext_oracle_comparison__max_coordinate_and_rmse_numeric_acceptance_envelope__relative_l2_diagnostic_only__no_plaintext_fallback_after_protected_aggregation_failure,custom_reference_prototype_numeric_acceptance_envelope__max_abs_and_rmse_are_acceptance_gates__relative_l2_is_diagnostic_only__not_a_formal_he_security_or_precision_proof,True,True,PASSED_PROTECTED_MAX_ABS_RMSE_ENVELOPE,9.038247852954087e-06,2.024266989950757e-07,9.229238563056976e-08,0.05592966946397999,0.05592971935811977,0.001,0.0002,5e-05,True,True,True,True,finite_and_max_abs_and_rmse,0.9987711105649381,0.7107438016528925,0.5972222222222222,0.8775510204081632,0.9382655214590057,0.7233938715178584,0.9787073418281214,0.7253224710791624,0.7253224710791624,0.8877551020408163,0.0015651378728193585,0.8877551020408163,0.0015651378728193585,56806,58,12,86,0.0010199774901519414,0.12244897959183673,0.8775510204081632,0.03847478610414087,0.03847478610414087,fpr,0.005,0.9990563760451184,0.7675675675675676,0.6698113207547169,0.8987341772151899,0.9489823886735436,0.7754411396718406,0.9825698233858603,0.8226744196721468,0.8226744196721468,0.8987341772151899,0.0007693998681028798,0.8987341772151899,0.0007693998681028798,45455,35,8,71,0.0007693998681028798,0.10126582278481013,0.8987341772151899,0.03847478610414087,fpr,0.005,1.0,False,B0_Plain_FL,NOT_FINAL_ROUND,,,,,,,,,,,,,,,,,,,,False,0.9982795547909132,11.714379065999765,830.2860779990624,3.5333159999026975,0.0,0.0,7487.669798999377,3220.3982009996253,240,573440,28672.0,860160,286720,1146880,,not_modelled__session_or_evaluation_key_material_excluded_from_round_payload,actual_generated_protocol_object_bytes,xMK_ciphertext_uplink_plus_partial_decryption_share_uplink_plus_aggregate_c1_polynomial_broadcast,sum_of_actual_generated_client_update_objects_before_auxiliary_decryption_share_or_downlink_traffic,False,535.4033999999501,10708.067999999002,10708.067999999002,measured_sum_of_client_protection_plus_server_protected_aggregation_plus_authorized_recovery_or_decryption_ms_per_round,local_training__validation_test_evaluation__transport_latency__serialization_framing_not_explicitly_in_crypto_functions,2.910383045673371e-12,3.2000000000000006,20,20,0,"B1: xMK submit share (round-level finalize), noise=0.000",179.2,xmk_ckks,20,20,False,0,0,False,not_applicable,0,[],0,,True,0.0017204452090867595,0.0017281485220215498,3.9572916666666664,0,0,0,0,0,0,0,0,0,0,0,0,0,20,0,20,0,1,fixed_execution_host_runtime_payload_and_machine_specification__no_unmeasured_absolute_energy_or_carbon_claim,sequential_single_host_wall_clock_and_generated_protocol_object_bytes__machine_specification_recorded__transport_network_facility_energy_not_measured,runtime_payload_measured__energy_not_instrumented,not_reported_without_direct_hardware_energy_instrumentation,not_reported,False,,,,,,,not_reported,0,0.25,not_probed,0,,not_reported__no_valid_colab_network_or_device_energy_scope,,not_reported__no_direct_facility_or_grid_carbon_measurement,11.714351795000312,Absolute energy and carbon are not reported because direct hardware energy instrumentation is disabled.,False,,,,BASELINE
42,B1_xMK_CKKS,10,custom_xmk_reference_prototype,comparative_experiment,main_comparative,Custom xMK reference prototype with all-participant collaborative decryption; not a t-of-n threshold-CKKS security claim.,custom_xmk_reference_python,custom_reference_python_prototype,False,,,,,,,,,,{},False,False,,,0,baseline_unenforced,,,,,all_participants,configured_normalized_ciphertext_noise_proxy_sigma_over_scale,,,,not_applicable,0,0,0,False,,{},True,,strict_experiment_side_plaintext_oracle_comparison__max_coordinate_and_rmse_numeric_acceptance_envelope__relative_l2_diagnostic_only__no_plaintext_fallback_after_protected_aggregation_failure,custom_reference_prototype_numeric_acceptance_envelope__max_abs_and_rmse_are_acceptance_gates__relative_l2_is_diagnostic_only__not_a_formal_he_security_or_precision_proof,True,True,PASSED_PROTECTED_MAX_ABS_RMSE_ENVELOPE,1.4461973229629245e-05,2.565206911914631e-07,1.0810230658206857e-07,0.04094190391016917,0.04094198395480712,0.001,0.0002,5e-05,True,True,True,True,finite_and_max_abs_and_rmse,0.9987886661282961,0.7136929460580913,0.6013986013986014,0.8775510204081632,0.9382743143684036,0.7259269901137303,0.9789207044663673,0.7258353277511302,0.7258353277511302,0.8877551020408163,0.0015827236916150817,0.8877551020408163,0.0015827236916150817,56807,57,12,86,0.0010023916713562183,0.12244897959183673,0.8775510204081632,0.04276796623203022,0.04276796623203022,fpr,0.005,0.9990563760451184,0.7675675675675676,0.6698113207547169,0.8987341772151899,0.9489823886735436,0.7754411396718406,0.9827924345592717,0.8235278734174104,0.8235278734174104,0.8987341772151899,0.0007693998681028798,0.8987341772151899,0.0007693998681028798,45455,35,8,71,0.0007693998681028798,0.10126582278481013,0.8987341772151899,0.04276796623203022,fpr,0.005,1.0,False,B0_Plain_FL,NOT_FINAL_ROUND,,,,,,,,,,,,,,,,,,,,False,0.9982795547909132,11.703839252000307,856.684009998844,3.379102000508283,0.0,0.0,7354.776509001113,3324.273818000165,240,573440,28672.0,860160,286720,1146880,,not_modelled__session_or_evaluation_key_material_excluded_from_round_payload,actual_generated_protocol_object_bytes,xMK_ciphertext_uplink_plus_partial_decryption_share_uplink_plus_aggregate_c1_polynomial_broadcast,sum_of_actual_generated_client_update_objects_before_auxiliary_decryption_share_or_downlink_traffic,False,533.9525163500637,10679.050327001274,10679.050327001274,measured_sum_of_client_protection_plus_server_protected_aggregation_plus_authorized_recovery_or_decryption_ms_per_round,local_training__validation_test_evaluation__transport_latency__serialization_framing_not_explicitly_in_crypto_functions,2.910383045673371e-12,3.2000000000000006,20,20,0,"B1: xMK submit share (round-level finalize), noise=0.000",179.2,xmk_ckks,20,20,False,0,0,False,not_applicable,0,[],0,,True,0.0017204452090867595,0.0017281485220215498,3.9572916666666664,0,0,0,0,0,0,0,0,0,0,0,0,0,20,0,20,0,1,fixed_execution_host_runtime_payload_and_machine_specification__no_unmeasured_absolute_energy_or_carbon_claim,sequential_single_host_wall_clock_and_generated_protocol_object_bytes__machine_specification_recorded__transport_network_facility_energy_not_measured,runtime_payload_measured__energy_not_instrumented,not_reported_without_direct_hardware_energy_instrumentation,not_reported,False,,,,,,,not_reported,0,0.25,not_probed,0,,not_reported__no_valid_colab_network_or_device_energy_scope,,not_reported__no_direct_facility_or_grid_carbon_measurement,11.703812322999966,Absolute energy and carbon are not reported because direct hardware energy instrumentation is disabled.,False,,,,BASELINE
42,B1_xMK_CKKS,11,custom_xmk_reference_prototype,comparative_experiment,main_comparative,Custom xMK reference prototype with all-participant collaborative decryption; not a t-of-n threshold-CKKS security claim.,custom_xmk_reference_python,custom_reference_python_prototype,False,,,,,,,,,,{},False,False,,,0,baseline_unenforced,,,,,all_participants,configured_normalized_ciphertext_noise_proxy_sigma_over_scale,,,,not_applicable,0,0,0,False,,{},True,,strict_experiment_side_plaintext_oracle_comparison__max_coordinate_and_rmse_numeric_acceptance_envelope__relative_l2_diagnostic_only__no_plaintext_fallback_after_protected_aggregation_failure,custom_reference_prototype_numeric_acceptance_envelope__max_abs_and_rmse_are_acceptance_gates__relative_l2_is_diagnostic_only__not_a_formal_he_security_or_precision_proof,True,True,PASSED_PROTECTED_MAX_ABS_RMSE_ENVELOPE,1.343065991296993e-05,1.8171631183463988e-07,7.265808440452732e-08,0.029631062114602116,0.029631042256889235,0.001,0.0002,5e-05,True,True,True,True,finite_and_max_abs_and_rmse,0.9988237772550121,0.7196652719665272,0.6099290780141844,0.8775510204081632,0.9382919001871992,0.7310737472020886,0.9789756152883212,0.7268310474531944,0.7268310474531944,0.8877551020408163,0.0015651378728193585,0.8877551020408163,0.0015651378728193585,56809,55,12,86,0.0009672200337647721,0.12244897959183673,0.8775510204081632,0.04592643062623236,0.04592643062623236,fpr,0.005,0.9990344313019817,0.7634408602150538,0.6635514018691588,0.8987341772151899,0.9489713972468563,0.7717986706821625,0.98300669781368,0.8242378739966487,0.8242378739966487,0.8987341772151899,0.0007913827214772477,0.8987341772151899,0.0007913827214772477,45454,36,8,71,0.0007913827214772477,0.10126582278481013,0.8987341772151899,0.04592643062623236,fpr,0.005,1.0,False,B0_Plain_FL,NOT_FINAL_ROUND,,,,,,,,,,,,,,,,,,,,False,0.9982795547909132,11.652779571000337,751.1811020003734,3.428884000186372,0.0,0.0,6610.360116000265,4122.335487999862,240,573440,28672.0,860160,286720,1146880,,not_modelled__session_or_evaluation_key_material_excluded_from_round_payload,actual_generated_protocol_object_bytes,xMK_ciphertext_uplink_plus_partial_decryption_share_uplink_plus_aggregate_c1_polynomial_broadcast,sum_of_actual_generated_client_update_objects_before_auxiliary_decryption_share_or_downlink_traffic,False,536.6347802000066,10732.695604000131,10732.695604000131,measured_sum_of_client_protection_plus_server_protected_aggregation_plus_authorized_recovery_or_decryption_ms_per_round,local_training__validation_test_evaluation__transport_latency__serialization_framing_not_explicitly_in_crypto_functions,2.910383045673371e-12,3.2000000000000006,20,20,0,"B1: xMK submit share (round-level finalize), noise=0.000",179.2,xmk_ckks,20,20,False,0,0,False,not_applicable,0,[],0,,True,0.0017204452090867595,0.0017281485220215498,3.9572916666666664,0,0,0,0,0,0,0,0,0,0,0,0,0,20,0,20,0,1,fixed_execution_host_runtime_payload_and_machine_specification__no_unmeasured_absolute_energy_or_carbon_claim,sequential_single_host_wall_clock_and_generated_protocol_object_bytes__machine_specification_recorded__transport_network_facility_energy_not_measured,runtime_payload_measured__energy_not_instrumented,not_reported_without_direct_hardware_energy_instrumentation,not_reported,False,,,,,,,not_reported,0,0.25,not_probed,0,,not_reported__no_valid_colab_network_or_device_energy_scope,,not_reported__no_direct_facility_or_grid_carbon_measurement,11.652750340000239,Absolute energy and carbon are not reported because direct hardware energy instrumentation is disabled.,False,,,,BASELINE
42,B1_xMK_CKKS,12,custom_xmk_reference_prototype,comparative_experiment,main_comparative,Custom xMK reference prototype with all-participant collaborative decryption; not a t-of-n threshold-CKKS security claim.,custom_xmk_reference_python,custom_reference_python_prototype,False,,,,,,,,,,{},False,False,,,0,baseline_unenforced,,,,,all_participants,configured_normalized_ciphertext_noise_proxy_sigma_over_scale,,,,not_applicable,0,0,0,False,,{},True,,strict_experiment_side_plaintext_oracle_comparison__max_coordinate_and_rmse_numeric_acceptance_envelope__relative_l2_diagnostic_only__no_plaintext_fallback_after_protected_aggregation_failure,custom_reference_prototype_numeric_acceptance_envelope__max_abs_and_rmse_are_acceptance_gates__relative_l2_is_diagnostic_only__not_a_formal_he_security_or_precision_proof,True,True,PASSED_PROTECTED_MAX_ABS_RMSE_ENVELOPE,3.0458954919589656e-05,2.814394666379727e-07,1.2079578394908657e-07,0.02172187978611075,0.021721720785316923,0.001,0.0002,5e-05,True,True,True,True,finite_and_max_abs_and_rmse,0.9988237772550121,0.7196652719665272,0.6099290780141844,0.8775510204081632,0.9382919001871992,0.7310737472020886,0.9790150936570463,0.7270671305146483,0.7270671305146483,0.8877551020408163,0.0015299662352279122,0.8877551020408163,0.0015299662352279122,56809,55,12,86,0.0009672200337647721,0.12244897959183673,0.8775510204081632,0.04893863250073594,0.04893863250073594,fpr,0.005,0.9990344313019817,0.7634408602150538,0.6635514018691588,0.8987341772151899,0.9489713972468563,0.7717986706821625,0.983157795147633,0.8242409968647646,0.8242409968647646,0.8987341772151899,0.0007913827214772477,0.8987341772151899,0.0007913827214772477,45454,36,8,71,0.0007913827214772477,0.10126582278481013,0.8987341772151899,0.04893863250073594,fpr,0.005,1.0,False,B0_Plain_FL,NOT_FINAL_ROUND,,,,,,,,,,,,,,,,,,,,False,0.9982795547909132,11.428474468999866,725.001362000512,3.2860450010048226,0.0,0.0,6461.669341999368,3993.217713999911,240,573440,28672.0,860160,286720,1146880,,not_modelled__session_or_evaluation_key_material_excluded_from_round_payload,actual_generated_protocol_object_bytes,xMK_ciphertext_uplink_plus_partial_decryption_share_uplink_plus_aggregate_c1_polynomial_broadcast,sum_of_actual_generated_client_update_objects_before_auxiliary_decryption_share_or_downlink_traffic,False,522.744352799964,10454.88705599928,10454.88705599928,measured_sum_of_client_protection_plus_server_protected_aggregation_plus_authorized_recovery_or_decryption_ms_per_round,local_training__validation_test_evaluation__transport_latency__serialization_framing_not_explicitly_in_crypto_functions,2.910383045673371e-12,3.2000000000000006,20,20,0,"B1: xMK submit share (round-level finalize), noise=0.000",179.2,xmk_ckks,20,20,False,0,0,False,not_applicable,0,[],0,,True,0.0017204452090867595,0.0017281485220215498,3.9572916666666664,0,0,0,0,0,0,0,0,0,0,0,0,0,20,0,20,0,1,fixed_execution_host_runtime_payload_and_machine_specification__no_unmeasured_absolute_energy_or_carbon_claim,sequential_single_host_wall_clock_and_generated_protocol_object_bytes__machine_specification_recorded__transport_network_facility_energy_not_measured,runtime_payload_measured__energy_not_instrumented,not_reported_without_direct_hardware_energy_instrumentation,not_reported,False,,,,,,,not_reported,0,0.25,not_probed,0,,not_reported__no_valid_colab_network_or_device_energy_scope,,not_reported__no_direct_facility_or_grid_carbon_measurement,11.428444622999905,Absolute energy and carbon are not reported because direct hardware energy instrumentation is disabled.,False,,,,BASELINE
42,B1_xMK_CKKS,13,custom_xmk_reference_prototype,comparative_experiment,main_comparative,Custom xMK reference prototype with all-participant collaborative decryption; not a t-of-n threshold-CKKS security claim.,custom_xmk_reference_python,custom_reference_python_prototype,False,,,,,,,,,,{},False,False,,,0,baseline_unenforced,,,,,all_participants,configured_normalized_ciphertext_noise_proxy_sigma_over_scale,,,,not_applicable,0,0,0,False,,{},True,,strict_experiment_side_plaintext_oracle_comparison__max_coordinate_and_rmse_numeric_acceptance_envelope__relative_l2_diagnostic_only__no_plaintext_fallback_after_protected_aggregation_failure,custom_reference_prototype_numeric_acceptance_envelope__max_abs_and_rmse_are_acceptance_gates__relative_l2_is_diagnostic_only__not_a_formal_he_security_or_precision_proof,True,True,PASSED_PROTECTED_MAX_ABS_RMSE_ENVELOPE,3.223267855607716e-05,2.6896771932404494e-07,9.884976758753558e-08,0.016797315623155066,0.016797189099085178,0.001,0.0002,5e-05,True,True,True,True,finite_and_max_abs_and_rmse,0.9988237772550121,0.7196652719665272,0.6099290780141844,0.8775510204081632,0.9382919001871992,0.7310737472020886,0.9790863341678822,0.7279367941341035,0.7279367941341035,0.8877551020408163,0.001494794597636466,0.8877551020408163,0.001494794597636466,56809,55,12,86,0.0009672200337647721,0.12244897959183673,0.8775510204081632,0.05115372125705517,0.05115372125705517,fpr,0.005,0.9990344313019817,0.7634408602150538,0.6635514018691588,0.8987341772151899,0.9489713972468563,0.7717986706821625,0.9833216926240571,0.8242413963983696,0.8242413963983696,0.8987341772151899,0.0007913827214772477,0.8987341772151899,0.0007913827214772477,45454,36,8,71,0.0007913827214772477,0.10126582278481013,0.8987341772151899,0.05115372125705517,fpr,0.005,1.0,False,B0_Plain_FL,NOT_FINAL_ROUND,,,,,,,,,,,,,,,,,,,,False,0.9982795547909132,10.940398385999742,793.0368560000716,3.26495199897181,0.0,0.0,6774.398176000432,3204.1173559996423,240,573440,28672.0,860160,286720,1146880,,not_modelled__session_or_evaluation_key_material_excluded_from_round_payload,actual_generated_protocol_object_bytes,xMK_ciphertext_uplink_plus_partial_decryption_share_uplink_plus_aggregate_c1_polynomial_broadcast,sum_of_actual_generated_client_update_objects_before_auxiliary_decryption_share_or_downlink_traffic,False,498.92577660000353,9978.51553200007,9978.51553200007,measured_sum_of_client_protection_plus_server_protected_aggregation_plus_authorized_recovery_or_decryption_ms_per_round,local_training__validation_test_evaluation__transport_latency__serialization_framing_not_explicitly_in_crypto_functions,2.910383045673371e-12,3.2000000000000006,20,20,0,"B1: xMK submit share (round-level finalize), noise=0.000",179.2,xmk_ckks,20,20,False,0,0,False,not_applicable,0,[],0,,True,0.0017204452090867595,0.0017281485220215498,3.9572916666666664,0,0,0,0,0,0,0,0,0,0,0,0,0,20,0,20,0,1,fixed_execution_host_runtime_payload_and_machine_specification__no_unmeasured_absolute_energy_or_carbon_claim,sequential_single_host_wall_clock_and_generated_protocol_object_bytes__machine_specification_recorded__transport_network_facility_energy_not_measured,runtime_payload_measured__energy_not_instrumented,not_reported_without_direct_hardware_energy_instrumentation,not_reported,False,,,,,,,not_reported,0,0.25,not_probed,0,,not_reported__no_valid_colab_network_or_device_energy_scope,,not_reported__no_direct_facility_or_grid_carbon_measurement,10.940366771999834,Absolute energy and carbon are not reported because direct hardware energy instrumentation is disabled.,False,,,,BASELINE
42,B1_xMK_CKKS,14,custom_xmk_reference_prototype,comparative_experiment,main_comparative,Custom xMK reference prototype with all-participant collaborative decryption; not a t-of-n threshold-CKKS security claim.,custom_xmk_reference_python,custom_reference_python_prototype,False,,,,,,,,,,{},False,False,,,0,baseline_unenforced,,,,,all_participants,configured_normalized_ciphertext_noise_proxy_sigma_over_scale,,,,not_applicable,0,0,0,False,,{},True,,strict_experiment_side_plaintext_oracle_comparison__max_coordinate_and_rmse_numeric_acceptance_envelope__relative_l2_diagnostic_only__no_plaintext_fallback_after_protected_aggregation_failure,custom_reference_prototype_numeric_acceptance_envelope__max_abs_and_rmse_are_acceptance_gates__relative_l2_is_diagnostic_only__not_a_formal_he_security_or_precision_proof,True,True,PASSED_PROTECTED_MAX_ABS_RMSE_ENVELOPE,4.314051465849152e-05,2.3611860600698982e-07,9.65821081887429e-08,0.012262301393674332,0.012262360246604605,0.001,0.0002,5e-05,True,True,True,True,finite_and_max_abs_and_rmse,0.9988237772550121,0.7196652719665272,0.6099290780141844,0.8775510204081632,0.9382919001871992,0.7310737472020886,0.9791507556877562,0.7280067899563629,0.7280067899563629,0.8877551020408163,0.0014420371412492965,0.8877551020408163,0.0014420371412492965,56809,55,12,86,0.0009672200337647721,0.12244897959183673,0.8775510204081632,0.05236591124656607,0.05236591124656607,fpr,0.005,0.9990344313019817,0.7634408602150538,0.6635514018691588,0.8987341772151899,0.9489713972468563,0.7717986706821625,0.9834171371646571,0.8242325951732019,0.8242325951732019,0.8987341772151899,0.0007913827214772477,0.8987341772151899,0.0007913827214772477,45454,36,8,71,0.0007913827214772477,0.10126582278481013,0.8987341772151899,0.05236591124656607,fpr,0.005,1.0,False,B0_Plain_FL,NOT_FINAL_ROUND,,,,,,,,,,,,,,,,,,,,False,0.9982795547909132,11.62858991200028,904.4185329985339,3.4527459997661936,0.0,0.0,7361.468191002132,3194.5707280001443,240,573440,28672.0,860160,286720,1146880,,not_modelled__session_or_evaluation_key_material_excluded_from_round_payload,actual_generated_protocol_object_bytes,xMK_ciphertext_uplink_plus_partial_decryption_share_uplink_plus_aggregate_c1_polynomial_broadcast,sum_of_actual_generated_client_update_objects_before_auxiliary_decryption_share_or_downlink_traffic,False,527.8019459501138,10556.038919002276,10556.038919002276,measured_sum_of_client_protection_plus_server_protected_aggregation_plus_authorized_recovery_or_decryption_ms_per_round,local_training__validation_test_evaluation__transport_latency__serialization_framing_not_explicitly_in_crypto_functions,2.910383045673371e-12,3.2000000000000006,20,20,0,"B1: xMK submit share (round-level finalize), noise=0.000",179.2,xmk_ckks,20,20,False,0,0,False,not_applicable,0,[],0,,True,0.0017204452090867595,0.0017281485220215498,3.9572916666666664,0,0,0,0,0,0,0,0,0,0,0,0,0,20,0,20,0,1,fixed_execution_host_runtime_payload_and_machine_specification__no_unmeasured_absolute_energy_or_carbon_claim,sequential_single_host_wall_clock_and_generated_protocol_object_bytes__machine_specification_recorded__transport_network_facility_energy_not_measured,runtime_payload_measured__energy_not_instrumented,not_reported_without_direct_hardware_energy_instrumentation,not_reported,False,,,,,,,not_reported,0,0.25,not_probed,0,,not_reported__no_valid_colab_network_or_device_energy_scope,,not_reported__no_direct_facility_or_grid_carbon_measurement,11.628561975000139,Absolute energy and carbon are not reported because direct hardware energy instrumentation is disabled.,False,,,,BASELINE
42,B1_xMK_CKKS,15,custom_xmk_reference_prototype,comparative_experiment,main_comparative,Custom xMK reference prototype with all-participant collaborative decryption; not a t-of-n threshold-CKKS security claim.,custom_xmk_reference_python,custom_reference_python_prototype,False,,,,,,,,,,{},False,False,,,0,baseline_unenforced,,,,,all_participants,configured_normalized_ciphertext_noise_proxy_sigma_over_scale,,,,not_applicable,0,0,0,False,,{},True,,strict_experiment_side_plaintext_oracle_comparison__max_coordinate_and_rmse_numeric_acceptance_envelope__relative_l2_diagnostic_only__no_plaintext_fallback_after_protected_aggregation_failure,custom_reference_prototype_numeric_acceptance_envelope__max_abs_and_rmse_are_acceptance_gates__relative_l2_is_diagnostic_only__not_a_formal_he_security_or_precision_proof,True,True,PASSED_PROTECTED_MAX_ABS_RMSE_ENVELOPE,6.432842757701927e-05,2.2861116404413557e-07,1.0798555609913422e-07,0.009194399300836003,0.009194560496758177,0.001,0.0002,5e-05,True,True,True,True,finite_and_max_abs_and_rmse,0.9988237772550121,0.7196652719665272,0.6099290780141844,0.8775510204081632,0.9382919001871992,0.7310737472020886,0.979127965902174,0.7279690037427906,0.7279690037427906,0.8877551020408163,0.0014596229600450197,0.8877551020408163,0.0014596229600450197,56809,55,12,86,0.0009672200337647721,0.12244897959183673,0.8775510204081632,0.053393988628506195,0.053393988628506195,fpr,0.005,0.9990344313019817,0.7634408602150538,0.6635514018691588,0.8987341772151899,0.9489713972468563,0.7717986706821625,0.9835159208728584,0.8240689715975128,0.8240689715975128,0.8987341772151899,0.0007913827214772477,0.8987341772151899,0.0007913827214772477,45454,36,8,71,0.0007913827214772477,0.10126582278481013,0.8987341772151899,0.053393988628506195,fpr,0.005,1.0,False,B0_Plain_FL,NOT_FINAL_ROUND,,,,,,,,,,,,,,,,,,,,False,0.9982795547909132,11.703354267999657,783.3631100002094,3.5561010004130367,0.0,0.0,7537.784400999499,3210.6757359997573,240,573440,28672.0,860160,286720,1146880,,not_modelled__session_or_evaluation_key_material_excluded_from_round_payload,actual_generated_protocol_object_bytes,xMK_ciphertext_uplink_plus_partial_decryption_share_uplink_plus_aggregate_c1_polynomial_broadcast,sum_of_actual_generated_client_update_objects_before_auxiliary_decryption_share_or_downlink_traffic,False,537.4230068499628,10748.460136999256,10748.460136999256,measured_sum_of_client_protection_plus_server_protected_aggregation_plus_authorized_recovery_or_decryption_ms_per_round,local_training__validation_test_evaluation__transport_latency__serialization_framing_not_explicitly_in_crypto_functions,2.910383045673371e-12,3.2000000000000006,20,20,0,"B1: xMK submit share (round-level finalize), noise=0.000",179.2,xmk_ckks,20,20,False,0,0,False,not_applicable,0,[],0,,True,0.0017204452090867595,0.0017281485220215498,3.9572916666666664,0,0,0,0,0,0,0,0,0,0,0,0,0,20,0,20,0,1,fixed_execution_host_runtime_payload_and_machine_specification__no_unmeasured_absolute_energy_or_carbon_claim,sequential_single_host_wall_clock_and_generated_protocol_object_bytes__machine_specification_recorded__transport_network_facility_energy_not_measured,runtime_payload_measured__energy_not_instrumented,not_reported_without_direct_hardware_energy_instrumentation,not_reported,False,,,,,,,not_reported,0,0.25,not_probed,0,,not_reported__no_valid_colab_network_or_device_energy_scope,,not_reported__no_direct_facility_or_grid_carbon_measurement,11.703328968999813,Absolute energy and carbon are not reported because direct hardware energy instrumentation is disabled.,False,,,,BASELINE
42,B1_xMK_CKKS,16,custom_xmk_reference_prototype,comparative_experiment,main_comparative,Custom xMK reference prototype with all-participant collaborative decryption; not a t-of-n threshold-CKKS security claim.,custom_xmk_reference_python,custom_reference_python_prototype,False,,,,,,,,,,{},False,False,,,0,baseline_unenforced,,,,,all_participants,configured_normalized_ciphertext_noise_proxy_sigma_over_scale,,,,not_applicable,0,0,0,False,,{},True,,strict_experiment_side_plaintext_oracle_comparison__max_coordinate_and_rmse_numeric_acceptance_envelope__relative_l2_diagnostic_only__no_plaintext_fallback_after_protected_aggregation_failure,custom_reference_prototype_numeric_acceptance_envelope__max_abs_and_rmse_are_acceptance_gates__relative_l2_is_diagnostic_only__not_a_formal_he_security_or_precision_proof,True,True,PASSED_PROTECTED_MAX_ABS_RMSE_ENVELOPE,7.887449423878364e-05,2.690223255296699e-07,9.75401603932966e-08,0.006773412193358103,0.00677353953677856,0.001,0.0002,5e-05,True,True,True,True,finite_and_max_abs_and_rmse,0.9988237772550121,0.7196652719665272,0.6099290780141844,0.8775510204081632,0.9382919001871992,0.7310737472020886,0.979107150035028,0.7280020146003001,0.7280020146003001,0.8877551020408163,0.0014244513224535734,0.8877551020408163,0.0014244513224535734,56809,55,12,86,0.0009672200337647721,0.12244897959183673,0.8775510204081632,0.05420399811291053,0.05420399811291053,fpr,0.005,0.9990563760451184,0.7675675675675676,0.6698113207547169,0.8987341772151899,0.9489823886735436,0.7754411396718406,0.9835829824888486,0.8237977376390774,0.8237977376390774,0.8987341772151899,0.0007693998681028798,0.8987341772151899,0.0007693998681028798,45455,35,8,71,0.0007693998681028798,0.10126582278481013,0.8987341772151899,0.05420399811291053,fpr,0.005,1.0,False,B0_Plain_FL,NOT_FINAL_ROUND,,,,,,,,,,,,,,,,,,,,False,0.9982795547909132,11.70759315899977,836.8069570014995,3.4200070003862493,0.0,0.0,7455.401546999838,3247.2909509997407,240,573440,28672.0,860160,286720,1146880,,not_modelled__session_or_evaluation_key_material_excluded_from_round_payload,actual_generated_protocol_object_bytes,xMK_ciphertext_uplink_plus_partial_decryption_share_uplink_plus_aggregate_c1_polynomial_broadcast,sum_of_actual_generated_client_update_objects_before_auxiliary_decryption_share_or_downlink_traffic,False,535.1346248999789,10702.692497999578,10702.692497999578,measured_sum_of_client_protection_plus_server_protected_aggregation_plus_authorized_recovery_or_decryption_ms_per_round,local_training__validation_test_evaluation__transport_latency__serialization_framing_not_explicitly_in_crypto_functions,2.910383045673371e-12,3.2000000000000006,20,20,0,"B1: xMK submit share (round-level finalize), noise=0.000",179.2,xmk_ckks,20,20,False,0,0,False,not_applicable,0,[],0,,True,0.0017204452090867595,0.0017281485220215498,3.9572916666666664,0,0,0,0,0,0,0,0,0,0,0,0,0,20,0,20,0,1,fixed_execution_host_runtime_payload_and_machine_specification__no_unmeasured_absolute_energy_or_carbon_claim,sequential_single_host_wall_clock_and_generated_protocol_object_bytes__machine_specification_recorded__transport_network_facility_energy_not_measured,runtime_payload_measured__energy_not_instrumented,not_reported_without_direct_hardware_energy_instrumentation,not_reported,False,,,,,,,not_reported,0,0.25,not_probed,0,,not_reported__no_valid_colab_network_or_device_energy_scope,,not_reported__no_direct_facility_or_grid_carbon_measurement,11.707566833000328,Absolute energy and carbon are not reported because direct hardware energy instrumentation is disabled.,False,,,,BASELINE
42,B1_xMK_CKKS,17,custom_xmk_reference_prototype,comparative_experiment,main_comparative,Custom xMK reference prototype with all-participant collaborative decryption; not a t-of-n threshold-CKKS security claim.,custom_xmk_reference_python,custom_reference_python_prototype,False,,,,,,,,,,{},False,False,,,0,baseline_unenforced,,,,,all_participants,configured_normalized_ciphertext_noise_proxy_sigma_over_scale,,,,not_applicable,0,0,0,False,,{},True,,strict_experiment_side_plaintext_oracle_comparison__max_coordinate_and_rmse_numeric_acceptance_envelope__relative_l2_diagnostic_only__no_plaintext_fallback_after_protected_aggregation_failure,custom_reference_prototype_numeric_acceptance_envelope__max_abs_and_rmse_are_acceptance_gates__relative_l2_is_diagnostic_only__not_a_formal_he_security_or_precision_proof,True,True,PASSED_PROTECTED_MAX_ABS_RMSE_ENVELOPE,9.175599228766873e-05,2.410101828604311e-07,1.039978891883266e-07,0.006207985812371705,0.006207835640607025,0.001,0.0002,5e-05,True,True,True,True,finite_and_max_abs_and_rmse,0.9988237772550121,0.7196652719665272,0.6099290780141844,0.8775510204081632,0.9382919001871992,0.7310737472020886,0.9791222235939958,0.7279052686587318,0.7279052686587318,0.8877551020408163,0.0014244513224535734,0.8877551020408163,0.0014244513224535734,56809,55,12,86,0.0009672200337647721,0.12244897959183673,0.8775510204081632,0.054713776204627834,0.054713776204627834,fpr,0.005,0.9990563760451184,0.7675675675675676,0.6698113207547169,0.8987341772151899,0.9489823886735436,0.7754411396718406,0.983679261821349,0.8234051551712023,0.8234051551712023,0.8987341772151899,0.0007693998681028798,0.8987341772151899,0.0007693998681028798,45455,35,8,71,0.0007693998681028798,0.10126582278481013,0.8987341772151899,0.054713776204627834,fpr,0.005,1.0,False,B0_Plain_FL,NOT_FINAL_ROUND,,,,,,,,,,,,,,,,,,,,False,0.9982795547909132,11.677449270000125,748.0255009995744,3.299634999166301,0.0,0.0,6923.468168000454,3836.3903049998953,240,573440,28672.0,860160,286720,1146880,,not_modelled__session_or_evaluation_key_material_excluded_from_round_payload,actual_generated_protocol_object_bytes,xMK_ciphertext_uplink_plus_partial_decryption_share_uplink_plus_aggregate_c1_polynomial_broadcast,sum_of_actual_generated_client_update_objects_before_auxiliary_decryption_share_or_downlink_traffic,False,537.9929236500172,10759.858473000346,10759.858473000346,measured_sum_of_client_protection_plus_server_protected_aggregation_plus_authorized_recovery_or_decryption_ms_per_round,local_training__validation_test_evaluation__transport_latency__serialization_framing_not_explicitly_in_crypto_functions,2.910383045673371e-12,3.2000000000000006,20,20,0,"B1: xMK submit share (round-level finalize), noise=0.000",179.2,xmk_ckks,20,20,False,0,0,False,not_applicable,0,[],0,,True,0.0017204452090867595,0.0017281485220215498,3.9572916666666664,0,0,0,0,0,0,0,0,0,0,0,0,0,20,0,20,0,1,fixed_execution_host_runtime_payload_and_machine_specification__no_unmeasured_absolute_energy_or_carbon_claim,sequential_single_host_wall_clock_and_generated_protocol_object_bytes__machine_specification_recorded__transport_network_facility_energy_not_measured,runtime_payload_measured__energy_not_instrumented,not_reported_without_direct_hardware_energy_instrumentation,not_reported,False,,,,,,,not_reported,0,0.25,not_probed,0,,not_reported__no_valid_colab_network_or_device_energy_scope,,not_reported__no_direct_facility_or_grid_carbon_measurement,11.67741821799973,Absolute energy and carbon are not reported because direct hardware energy instrumentation is disabled.,False,,,,BASELINE
42,B1_xMK_CKKS,18,custom_xmk_reference_prototype,comparative_experiment,main_comparative,Custom xMK reference prototype with all-participant collaborative decryption; not a t-of-n threshold-CKKS security claim.,custom_xmk_reference_python,custom_reference_python_prototype,False,,,,,,,,,,{},False,False,,,0,baseline_unenforced,,,,,all_participants,configured_normalized_ciphertext_noise_proxy_sigma_over_scale,,,,not_applicable,0,0,0,False,,{},True,,strict_experiment_side_plaintext_oracle_comparison__max_coordinate_and_rmse_numeric_acceptance_envelope__relative_l2_diagnostic_only__no_plaintext_fallback_after_protected_aggregation_failure,custom_reference_prototype_numeric_acceptance_envelope__max_abs_and_rmse_are_acceptance_gates__relative_l2_is_diagnostic_only__not_a_formal_he_security_or_precision_proof,True,True,PASSED_PROTECTED_MAX_ABS_RMSE_ENVELOPE,9.887977779927562e-05,1.8712454824499833e-07,7.883258638038857e-08,0.004366755951330798,0.004366854300227366,0.001,0.0002,5e-05,True,True,True,True,finite_and_max_abs_and_rmse,0.9988237772550121,0.7196652719665272,0.6099290780141844,0.8775510204081632,0.9382919001871992,0.7310737472020886,0.9791347848931355,0.727876058237917,0.727876058237917,0.8877551020408163,0.0014244513224535734,0.8877551020408163,0.0014244513224535734,56809,55,12,86,0.0009672200337647721,0.12244897959183673,0.8775510204081632,0.054451249400285,0.054451249400285,fpr,0.005,0.9990563760451184,0.7675675675675676,0.6698113207547169,0.8987341772151899,0.9489823886735436,0.7754411396718406,0.983753558300475,0.823409147106412,0.823409147106412,0.8987341772151899,0.0007693998681028798,0.8987341772151899,0.0007693998681028798,45455,35,8,71,0.0007693998681028798,0.10126582278481013,0.8987341772151899,0.054451249400285,fpr,0.005,1.0,False,B0_Plain_FL,NOT_FINAL_ROUND,,,,,,,,,,,,,,,,,,,,False,0.9982795547909132,11.684654782000052,690.6312179985434,3.2025110003814916,0.0,0.0,6546.745705999911,4196.023942000011,240,573440,28672.0,860160,286720,1146880,,not_modelled__session_or_evaluation_key_material_excluded_from_round_payload,actual_generated_protocol_object_bytes,xMK_ciphertext_uplink_plus_partial_decryption_share_uplink_plus_aggregate_c1_polynomial_broadcast,sum_of_actual_generated_client_update_objects_before_auxiliary_decryption_share_or_downlink_traffic,False,537.1384823999963,10742.769647999925,10742.769647999925,measured_sum_of_client_protection_plus_server_protected_aggregation_plus_authorized_recovery_or_decryption_ms_per_round,local_training__validation_test_evaluation__transport_latency__serialization_framing_not_explicitly_in_crypto_functions,2.910383045673371e-12,3.2000000000000006,20,20,0,"B1: xMK submit share (round-level finalize), noise=0.000",179.2,xmk_ckks,20,20,False,0,0,False,not_applicable,0,[],0,,True,0.0017204452090867595,0.0017281485220215498,3.9572916666666664,0,0,0,0,0,0,0,0,0,0,0,0,0,20,0,20,0,1,fixed_execution_host_runtime_payload_and_machine_specification__no_unmeasured_absolute_energy_or_carbon_claim,sequential_single_host_wall_clock_and_generated_protocol_object_bytes__machine_specification_recorded__transport_network_facility_energy_not_measured,runtime_payload_measured__energy_not_instrumented,not_reported_without_direct_hardware_energy_instrumentation,not_reported,False,,,,,,,not_reported,0,0.25,not_probed,0,,not_reported__no_valid_colab_network_or_device_energy_scope,,not_reported__no_direct_facility_or_grid_carbon_measurement,11.684626594999827,Absolute energy and carbon are not reported because direct hardware energy instrumentation is disabled.,False,,,,BASELINE
42,B1_xMK_CKKS,19,custom_xmk_reference_prototype,comparative_experiment,main_comparative,Custom xMK reference prototype with all-participant collaborative decryption; not a t-of-n threshold-CKKS security claim.,custom_xmk_reference_python,custom_reference_python_prototype,False,,,,,,,,,,{},False,False,,,0,baseline_unenforced,,,,,all_participants,configured_normalized_ciphertext_noise_proxy_sigma_over_scale,,,,not_applicable,0,0,0,False,,{},True,,strict_experiment_side_plaintext_oracle_comparison__max_coordinate_and_rmse_numeric_acceptance_envelope__relative_l2_diagnostic_only__no_plaintext_fallback_after_protected_aggregation_failure,custom_reference_prototype_numeric_acceptance_envelope__max_abs_and_rmse_are_acceptance_gates__relative_l2_is_diagnostic_only__not_a_formal_he_security_or_precision_proof,True,True,PASSED_PROTECTED_MAX_ABS_RMSE_ENVELOPE,8.162587490456227e-05,2.476230852425671e-07,9.040575099491908e-08,0.006066369174951664,0.006066453343957277,0.001,0.0002,5e-05,True,True,True,True,finite_and_max_abs_and_rmse,0.9988237772550121,0.7196652719665272,0.6099290780141844,0.8775510204081632,0.9382919001871992,0.7310737472020886,0.9791261714308683,0.7278510319300088,0.7278510319300088,0.8877551020408163,0.0014420371412492965,0.8877551020408163,0.0014420371412492965,56809,55,12,86,0.0009672200337647721,0.12244897959183673,0.8775510204081632,0.05468417667633233,0.05468417667633233,fpr,0.005,0.9990563760451184,0.7675675675675676,0.6698113207547169,0.8987341772151899,0.9489823886735436,0.7754411396718406,0.9838323070030692,0.8234098938705093,0.8234098938705093,0.8987341772151899,0.0007693998681028798,0.8987341772151899,0.0007693998681028798,45455,35,8,71,0.0007693998681028798,0.10126582278481013,0.8987341772151899,0.05468417667633233,fpr,0.005,1.0,False,B0_Plain_FL,NOT_FINAL_ROUND,,,,,,,,,,,,,,,,,,,,False,0.9982795547909132,10.725255980999918,700.1117969998631,3.181716999733908,0.0,0.0,6445.912527999553,3383.140182999796,240,573440,28672.0,860160,286720,1146880,,not_modelled__session_or_evaluation_key_material_excluded_from_round_payload,actual_generated_protocol_object_bytes,xMK_ciphertext_uplink_plus_partial_decryption_share_uplink_plus_aggregate_c1_polynomial_broadcast,sum_of_actual_generated_client_update_objects_before_auxiliary_decryption_share_or_downlink_traffic,False,491.4526355499673,9829.052710999345,9829.052710999345,measured_sum_of_client_protection_plus_server_protected_aggregation_plus_authorized_recovery_or_decryption_ms_per_round,local_training__validation_test_evaluation__transport_latency__serialization_framing_not_explicitly_in_crypto_functions,2.910383045673371e-12,3.2000000000000006,20,20,0,"B1: xMK submit share (round-level finalize), noise=0.000",179.2,xmk_ckks,20,20,False,0,0,False,not_applicable,0,[],0,,True,0.0017204452090867595,0.0017281485220215498,3.9572916666666664,0,0,0,0,0,0,0,0,0,0,0,0,0,20,0,20,0,1,fixed_execution_host_runtime_payload_and_machine_specification__no_unmeasured_absolute_energy_or_carbon_claim,sequential_single_host_wall_clock_and_generated_protocol_object_bytes__machine_specification_recorded__transport_network_facility_energy_not_measured,runtime_payload_measured__energy_not_instrumented,not_reported_without_direct_hardware_energy_instrumentation,not_reported,False,,,,,,,not_reported,0,0.25,not_probed,0,,not_reported__no_valid_colab_network_or_device_energy_scope,,not_reported__no_direct_facility_or_grid_carbon_measurement,10.72521899000003,Absolute energy and carbon are not reported because direct hardware energy instrumentation is disabled.,False,,,,BASELINE
42,B1_xMK_CKKS,20,custom_xmk_reference_prototype,comparative_experiment,main_comparative,Custom xMK reference prototype with all-participant collaborative decryption; not a t-of-n threshold-CKKS security claim.,custom_xmk_reference_python,custom_reference_python_prototype,False,,,,,,,,,,{},False,False,,,0,baseline_unenforced,,,,,all_participants,configured_normalized_ciphertext_noise_proxy_sigma_over_scale,,,,not_applicable,0,0,0,False,,{},True,,strict_experiment_side_plaintext_oracle_comparison__max_coordinate_and_rmse_numeric_acceptance_envelope__relative_l2_diagnostic_only__no_plaintext_fallback_after_protected_aggregation_failure,custom_reference_prototype_numeric_acceptance_envelope__max_abs_and_rmse_are_acceptance_gates__relative_l2_is_diagnostic_only__not_a_formal_he_security_or_precision_proof,True,True,PASSED_PROTECTED_MAX_ABS_RMSE_ENVELOPE,0.00022791543068339916,3.511731590031923e-07,1.2861520033425392e-07,0.0030908590185006893,0.00309076095952637,0.001,0.0002,5e-05,True,True,True,True,finite_and_max_abs_and_rmse,0.9988237772550121,0.7196652719665272,0.6099290780141844,0.8775510204081632,0.9382919001871992,0.7310737472020886,0.979093870947366,0.7278536375717539,0.7278536375717539,0.8877551020408163,0.0014420371412492965,0.8877551020408163,0.0014420371412492965,56809,55,12,86,0.0009672200337647721,0.12244897959183673,0.8775510204081632,0.055041913965743455,0.055041913965743455,fpr,0.005,0.9990563760451184,0.7675675675675676,0.6698113207547169,0.8987341772151899,0.9489823886735436,0.7754411396718406,0.9838773857656851,0.8234051248203167,0.8234051248203167,0.8987341772151899,0.0007693998681028798,0.8987341772151899,0.0007693998681028798,45455,35,8,71,0.0007693998681028798,0.10126582278481013,0.8987341772151899,0.055041913965743455,fpr,0.005,1.0,True,B0_Plain_FL,COMPARED,0.7278536375717539,0.7278536006729349,3.689881900026393e-08,0.7196652719665272,0.7196652719665272,0.0,0.7310737472020886,0.7310737472020886,0.0,0.055041913965743455,0.05504196731434088,-5.334859742162079e-08,7.826947220356111e-07,3.0705789261231686e-07,8.90996880831274e-07,6.717932696176843e-09,1.2985331212346511e-08,0.0,0.0,True,0.9982795547909132,11.759632836000037,972.8592079995906,3.571445999568823,0.0,0.0,7394.571208000798,3218.745614999989,240,573440,28672.0,860160,286720,1146880,,not_modelled__session_or_evaluation_key_material_excluded_from_round_payload,actual_generated_protocol_object_bytes,xMK_ciphertext_uplink_plus_partial_decryption_share_uplink_plus_aggregate_c1_polynomial_broadcast,sum_of_actual_generated_client_update_objects_before_auxiliary_decryption_share_or_downlink_traffic,False,530.6658411500396,10613.31682300079,10613.31682300079,measured_sum_of_client_protection_plus_server_protected_aggregation_plus_authorized_recovery_or_decryption_ms_per_round,local_training__validation_test_evaluation__transport_latency__serialization_framing_not_explicitly_in_crypto_functions,2.910383045673371e-12,3.2000000000000006,20,20,0,"B1: xMK submit share (round-level finalize), noise=0.000",179.2,xmk_ckks,20,20,False,0,0,False,not_applicable,0,[],0,,True,0.0017204452090867595,0.0017281485220215498,3.9572916666666664,0,0,0,0,0,0,0,0,0,0,0,0,0,20,0,20,0,1,fixed_execution_host_runtime_payload_and_machine_specification__no_unmeasured_absolute_energy_or_carbon_claim,sequential_single_host_wall_clock_and_generated_protocol_object_bytes__machine_specification_recorded__transport_network_facility_energy_not_measured,runtime_payload_measured__energy_not_instrumented,not_reported_without_direct_hardware_energy_instrumentation,not_reported,False,,,,,,,not_reported,0,0.25,not_probed,0,,not_reported__no_valid_colab_network_or_device_energy_scope,,not_reported__no_direct_facility_or_grid_carbon_measurement,11.759590917999958,Absolute energy and carbon are not reported because direct hardware energy instrumentation is disabled.,False,,,,BASELINE
