seed,scenario,round,security_status,result_category,reporting_group,claim_scope,implementation_status,crypto_backend,governance_enforced,governance_policy_version,evidence_manifest_hash,session_security_decision_hash,risk_assessment_hash,session_security_tier,unified_required_security_class,unified_required_security_tier,executed_profile_security_class,executed_profile_security_tier,client_phase1_tier_counts_json,runtime_profile_is_governance_selected,runtime_profile_deployment_compliant,runtime_profile_relation_to_unified_requirement,session_security_class,session_epoch,execution_mode,computed_strictest_security_class,computed_strictest_security_tier,benchmark_declared_tier,tier_selection_basis,xmk_decryption_policy,noise_metric_label,observed_relative_decryption_error,observed_max_abs_decryption_error,t4_model_update_recipient_id,t4_recipient_validation_policy,t4_recipient_count,t4_recipients_validated,t4_recipient_fidelity_failures,t4_all_recipients_passed,t4_worst_recipient_id,t4_recipient_diagnostics_json,aggregate_applied,aggregation_failure_reason,aggregate_fidelity_policy,aggregate_fidelity_tolerance_scope,aggregate_fidelity_checked,aggregate_fidelity_required,aggregate_fidelity_status,aggregate_relative_error,aggregate_max_abs_error,aggregate_rmse,aggregate_expected_norm,aggregate_recovered_norm,aggregate_fidelity_relative_tolerance,aggregate_fidelity_absolute_tolerance,aggregate_fidelity_rmse_tolerance,aggregate_fidelity_relative_pass,aggregate_fidelity_absolute_pass,aggregate_fidelity_rmse_pass,aggregate_fidelity_relative_is_diagnostic_only,aggregate_fidelity_acceptance_rule,accuracy,f1,precision,recall,balanced_accuracy,mcc,roc_auc,pr_auc,average_precision,recall_at_fpr_0.005,achieved_fpr_at_0.005,recall_at_fpr_0.01,achieved_fpr_at_0.01,true_negatives,false_positives,false_negatives,true_positives,false_positive_rate,false_negative_rate,fraud_recall,optimal_threshold,debug_optimal_threshold,constraint_type,constraint_value,validation_accuracy,validation_f1,validation_precision,validation_recall,validation_balanced_accuracy,validation_mcc,validation_roc_auc,validation_pr_auc,validation_average_precision,validation_recall_at_fpr_0.005,validation_achieved_fpr_at_0.005,validation_recall_at_fpr_0.01,validation_achieved_fpr_at_0.01,validation_true_negatives,validation_false_positives,validation_false_negatives,validation_true_positives,validation_false_positive_rate,validation_false_negative_rate,validation_fraud_recall,validation_optimal_threshold,validation_constraint_type,validation_constraint_value,metric_diag_version,metric_diag_is_final_round,metric_diag_reference_scenario,metric_diag_status,metric_diag_ap_current_full_precision,metric_diag_ap_reference_full_precision,metric_diag_delta_ap,metric_diag_f1_current_full_precision,metric_diag_f1_reference_full_precision,metric_diag_delta_f1,metric_diag_mcc_current_full_precision,metric_diag_mcc_reference_full_precision,metric_diag_delta_mcc,metric_diag_threshold_current,metric_diag_threshold_reference,metric_diag_delta_threshold,metric_diag_model_parameter_l2_delta,metric_diag_model_parameter_max_abs_delta,metric_diag_probability_max_abs_delta,metric_diag_probability_mean_abs_delta,metric_diag_probability_rmse,metric_diag_prediction_disagreement_count,metric_diag_prediction_disagreement_rate,metric_diag_binary_predictions_exact_match,baseline_accuracy,runtime_s,local_training_total_ms,protocol_control_total_ms,crypto_session_setup_ms,crypto_seed_setup_ms,crypto_client_operation_total_ms,crypto_server_operation_total_ms,model_update_plain_bytes,protected_update_uplink_bytes,protected_update_mean_bytes_per_client,comm_up_bytes,comm_down_bytes,comm_total_bytes,comm_setup_key_material_bytes,comm_setup_key_material_status,communication_metric_label,communication_payload_scope,protected_update_payload_scope,communication_is_wire_capture,crypto_overhead_ms,crypto_total_overhead_ms,crypto_path_total_ms,crypto_timing_metric_label,crypto_timing_excludes,noise_std,cumulative_noise,n_clients,effective_clients,enforcement_failures,mechanism,comm_factor,crypto_type,xmk_shares_available,xmk_shares_required,xmk_round_failed,t4_samk_server_known_helper_points,t4_samk_required_helper_points,t4_samk_server_plaintext_aggregate_available,samk_dropout_injection_mode,samk_preupload_dropout_count,samk_preupload_dropout_clients_json,samk_removed_dropout_clients_total,samk_postupload_delayed_recipient_id,samk_postupload_delayed_recovery_passed,fraud_rate_global_test,fraud_rate_active_clients,pscore_admitted_mean,pofc_violations_malicious,pofc_violations_benign,signature_violations_malicious,signature_violations_benign,freshness_violations,rate_limit_violations,total_violations,malicious_clients_blocked_this_round,benign_clients_blocked_this_round,malicious_clients_banned_total,benign_clients_banned_total,banned_clients_count,remaining_malicious_clients,remaining_benign_clients,initial_malicious_count,initial_benign_count,attack_detected_this_round,all_malicious_blocked,resource_measurement_policy,resource_measurement_scope,resource_measurement_status,energy_estimation_method,energy_measurement_method,energy_is_hardware_measured,energy_total_joules,energy_total_uj,cpu_package_energy_joules,cpu_package_energy_uj,gpu_energy_joules,gpu_energy_uj,gpu_energy_measurement_method,gpu_power_sample_count,gpu_power_sample_interval_s,gpu_devices_visible,cpu_rapl_domain_count,protocol_payload_energy_joules,protocol_payload_energy_status,co2_emissions_kg,carbon_accounting_status,measurement_wall_time_s,measurement_notes,session_reformed_after_round,post_round_new_session_id,post_round_new_session_decision_hash,post_round_session_epoch,category
7,T1_Plain_TADP,1,comparative_protocol_experiment,comparative_experiment,main_comparative,Comparative federated-learning and protocol-enforcement experiment.,plain_or_protocol_control,custom_reference_python_prototype,True,2.3-phase1-fixed-threshold-critical-floor-review-profile,47dd2e58be138865a6d591a63329509757be6b563afb2badb96beb09eac726e5,02a004077765517e54657a1072e98c5ff8b30be1276296850f021743aa43481c,eb562985f77fc8a152d2d22d15bfd3f4695b107bdaa4c375fc5dde2be0f10805,T1_BASELINE,C4_RESTRICTED,T4_SAMK,C1_PUBLIC,T1_BASELINE,"{""T2_DF_KS"": 3, ""T3_XMK_CKKS"": 4, ""T4_SAMK"": 5}",False,False,below_unified_session_requirement__benchmark_only_not_deployment,C1_PUBLIC,0,profile_benchmark,C4_RESTRICTED,T4_SAMK,1,declared_profile_benchmark_not_governance_selected,not_applicable,not_applicable_plain_update_path,,,,not_applicable,0,0,0,False,,{},True,,strict_experiment_side_plaintext_oracle_comparison__max_coordinate_and_rmse_numeric_acceptance_envelope__relative_l2_diagnostic_only__no_plaintext_fallback_after_protected_aggregation_failure,custom_reference_prototype_numeric_acceptance_envelope__max_abs_and_rmse_are_acceptance_gates__relative_l2_is_diagnostic_only__not_a_formal_he_security_or_precision_proof,True,False,PASSED_PLAIN_CONTROL_CHECK,0.0,0.0,0.0,0.30706098120969444,0.30706098120969444,,,,True,True,True,True,finite_and_max_abs_and_rmse,0.9948913310628138,0.36323851203501095,0.23119777158774374,0.8469387755102041,0.9210425447612922,0.4409819050554915,0.9584050523698506,0.6958405038490968,0.6958405038490968,0.8469387755102041,0.004308525604952166,0.8877551020408163,0.00944358469330332,56588,276,15,83,0.004853685987619583,0.15306122448979592,0.8469387755102041,0.0033572442577454314,0.0033572442577454314,fpr,0.005,0.9954354934275494,0.4057142857142857,0.26199261992619927,0.8987341772151899,0.9471688032701582,0.48389245214868054,0.9743243055227049,0.7824616501067495,0.7824616501067495,0.8987341772151899,0.004396570674873599,0.8987341772151899,0.004396570674873599,45290,200,8,71,0.004396570674873599,0.10126582278481013,0.8987341772151899,0.0033572442577454314,fpr,0.005,1.0,False,A1_TADP_admission_only,NOT_FINAL_ROUND,,,,,,,,,,,,,,,,,,,,False,0.9982795547909132,0.9424963399997068,326.68624300049487,191.18417000026966,0.0,0.0,0.0,0.0,240,2880,240.0,2880,2880,5760,,not_modelled__session_or_evaluation_key_material_excluded_from_round_payload,actual_generated_protocol_object_bytes,plain_model_update_uplink_plus_plain_global_update_broadcast,sum_of_actual_generated_client_update_objects_before_auxiliary_decryption_share_or_downlink_traffic,False,0.0,0.0,0.0,measured_sum_of_client_protection_plus_server_protected_aggregation_plus_authorized_recovery_or_decryption_ms_per_round,local_training__validation_test_evaluation__transport_latency__serialization_framing_not_explicitly_in_crypto_functions,0.0,0.0,12,12,0,plaintext_update_no_noise,1.0,plain_exact,0,0,False,0,0,False,not_applicable,0,[],0,,True,0.0017204452090867595,0.0020311924643947404,3.9572916666666664,0,0,0,0,0,0,0,0,0,0,0,0,0,12,0,12,0,1,fixed_execution_host_runtime_payload_and_machine_specification__no_unmeasured_absolute_energy_or_carbon_claim,sequential_single_host_wall_clock_and_generated_protocol_object_bytes__machine_specification_recorded__transport_network_facility_energy_not_measured,runtime_payload_measured__energy_not_instrumented,not_reported_without_direct_hardware_energy_instrumentation,not_reported,False,,,,,,,not_reported,0,0.25,not_probed,0,,not_reported__no_valid_colab_network_or_device_energy_scope,,not_reported__no_direct_facility_or_grid_carbon_measurement,0.9424685760000102,Absolute energy and carbon are not reported because direct hardware energy instrumentation is disabled.,False,,,,CRYPTO_TIER
7,T1_Plain_TADP,2,comparative_protocol_experiment,comparative_experiment,main_comparative,Comparative federated-learning and protocol-enforcement experiment.,plain_or_protocol_control,custom_reference_python_prototype,True,2.3-phase1-fixed-threshold-critical-floor-review-profile,47dd2e58be138865a6d591a63329509757be6b563afb2badb96beb09eac726e5,02a004077765517e54657a1072e98c5ff8b30be1276296850f021743aa43481c,eb562985f77fc8a152d2d22d15bfd3f4695b107bdaa4c375fc5dde2be0f10805,T1_BASELINE,C4_RESTRICTED,T4_SAMK,C1_PUBLIC,T1_BASELINE,"{""T2_DF_KS"": 3, ""T3_XMK_CKKS"": 4, ""T4_SAMK"": 5}",False,False,below_unified_session_requirement__benchmark_only_not_deployment,C1_PUBLIC,0,profile_benchmark,C4_RESTRICTED,T4_SAMK,1,declared_profile_benchmark_not_governance_selected,not_applicable,not_applicable_plain_update_path,,,,not_applicable,0,0,0,False,,{},True,,strict_experiment_side_plaintext_oracle_comparison__max_coordinate_and_rmse_numeric_acceptance_envelope__relative_l2_diagnostic_only__no_plaintext_fallback_after_protected_aggregation_failure,custom_reference_prototype_numeric_acceptance_envelope__max_abs_and_rmse_are_acceptance_gates__relative_l2_is_diagnostic_only__not_a_formal_he_security_or_precision_proof,True,False,PASSED_PLAIN_CONTROL_CHECK,0.0,0.0,0.0,0.28198810038023,0.28198810038023,,,,True,True,True,True,finite_and_max_abs_and_rmse,0.998139110284049,0.6102941176470589,0.47701149425287354,0.8469387755102041,0.9226692329998967,0.6348329519254668,0.9686559697035821,0.7167730998635443,0.7167730998635443,0.8877551020408163,0.00371060776589758,0.8877551020408163,0.00371060776589758,56773,91,15,83,0.0016003095104108048,0.15306122448979592,0.8469387755102041,0.005239821066564982,0.005239821066564982,fpr,0.005,0.9983541442647413,0.6543778801843319,0.5144927536231884,0.8987341772151899,0.9486306630195536,0.6793205800770025,0.9805947057497684,0.8184948844349774,0.8184948844349774,0.8987341772151899,0.0014728511760826555,0.8987341772151899,0.0014728511760826555,45423,67,8,71,0.0014728511760826555,0.10126582278481013,0.8987341772151899,0.005239821066564982,fpr,0.005,1.0,False,A1_TADP_admission_only,NOT_FINAL_ROUND,,,,,,,,,,,,,,,,,,,,False,0.9982795547909132,0.9360166080000454,329.4878719998451,184.7188560000177,0.0,0.0,0.0,0.0,240,2880,240.0,2880,2880,5760,,not_modelled__session_or_evaluation_key_material_excluded_from_round_payload,actual_generated_protocol_object_bytes,plain_model_update_uplink_plus_plain_global_update_broadcast,sum_of_actual_generated_client_update_objects_before_auxiliary_decryption_share_or_downlink_traffic,False,0.0,0.0,0.0,measured_sum_of_client_protection_plus_server_protected_aggregation_plus_authorized_recovery_or_decryption_ms_per_round,local_training__validation_test_evaluation__transport_latency__serialization_framing_not_explicitly_in_crypto_functions,0.0,0.0,12,12,0,plaintext_update_no_noise,1.0,plain_exact,0,0,False,0,0,False,not_applicable,0,[],0,,True,0.0017204452090867595,0.0020311924643947404,3.9572916666666664,0,0,0,0,0,0,0,0,0,0,0,0,0,12,0,12,0,1,fixed_execution_host_runtime_payload_and_machine_specification__no_unmeasured_absolute_energy_or_carbon_claim,sequential_single_host_wall_clock_and_generated_protocol_object_bytes__machine_specification_recorded__transport_network_facility_energy_not_measured,runtime_payload_measured__energy_not_instrumented,not_reported_without_direct_hardware_energy_instrumentation,not_reported,False,,,,,,,not_reported,0,0.25,not_probed,0,,not_reported__no_valid_colab_network_or_device_energy_scope,,not_reported__no_direct_facility_or_grid_carbon_measurement,0.9359891479998623,Absolute energy and carbon are not reported because direct hardware energy instrumentation is disabled.,False,,,,CRYPTO_TIER
7,T1_Plain_TADP,3,comparative_protocol_experiment,comparative_experiment,main_comparative,Comparative federated-learning and protocol-enforcement experiment.,plain_or_protocol_control,custom_reference_python_prototype,True,2.3-phase1-fixed-threshold-critical-floor-review-profile,47dd2e58be138865a6d591a63329509757be6b563afb2badb96beb09eac726e5,02a004077765517e54657a1072e98c5ff8b30be1276296850f021743aa43481c,eb562985f77fc8a152d2d22d15bfd3f4695b107bdaa4c375fc5dde2be0f10805,T1_BASELINE,C4_RESTRICTED,T4_SAMK,C1_PUBLIC,T1_BASELINE,"{""T2_DF_KS"": 3, ""T3_XMK_CKKS"": 4, ""T4_SAMK"": 5}",False,False,below_unified_session_requirement__benchmark_only_not_deployment,C1_PUBLIC,0,profile_benchmark,C4_RESTRICTED,T4_SAMK,1,declared_profile_benchmark_not_governance_selected,not_applicable,not_applicable_plain_update_path,,,,not_applicable,0,0,0,False,,{},True,,strict_experiment_side_plaintext_oracle_comparison__max_coordinate_and_rmse_numeric_acceptance_envelope__relative_l2_diagnostic_only__no_plaintext_fallback_after_protected_aggregation_failure,custom_reference_prototype_numeric_acceptance_envelope__max_abs_and_rmse_are_acceptance_gates__relative_l2_is_diagnostic_only__not_a_formal_he_security_or_precision_proof,True,False,PASSED_PLAIN_CONTROL_CHECK,0.0,0.0,0.0,0.24662094734228884,0.24662094734228884,,,,True,True,True,True,finite_and_max_abs_and_rmse,0.9987886661282961,0.7063829787234043,0.6058394160583942,0.8469387755102041,0.9229945706476175,0.7157585158546602,0.9742990436185729,0.7223906170955051,0.7223906170955051,0.8877551020408163,0.0023389138998311763,0.8877551020408163,0.0023389138998311763,56810,54,15,83,0.0009496342149690489,0.15306122448979592,0.8469387755102041,0.007808458861499852,0.007808458861499852,fpr,0.005,0.9988588733568874,0.7319587628865979,0.6173913043478261,0.8987341772151899,0.9488834658333589,0.7443893390329959,0.9843807652815614,0.82203497136192,0.82203497136192,0.8987341772151899,0.0009672455484721916,0.8987341772151899,0.0009672455484721916,45446,44,8,71,0.0009672455484721916,0.10126582278481013,0.8987341772151899,0.007808458861499852,fpr,0.005,1.0,False,A1_TADP_admission_only,NOT_FINAL_ROUND,,,,,,,,,,,,,,,,,,,,False,0.9982795547909132,0.9967737169999964,319.404699000188,185.2137269997911,0.0,0.0,0.0,0.0,240,2880,240.0,2880,2880,5760,,not_modelled__session_or_evaluation_key_material_excluded_from_round_payload,actual_generated_protocol_object_bytes,plain_model_update_uplink_plus_plain_global_update_broadcast,sum_of_actual_generated_client_update_objects_before_auxiliary_decryption_share_or_downlink_traffic,False,0.0,0.0,0.0,measured_sum_of_client_protection_plus_server_protected_aggregation_plus_authorized_recovery_or_decryption_ms_per_round,local_training__validation_test_evaluation__transport_latency__serialization_framing_not_explicitly_in_crypto_functions,0.0,0.0,12,12,0,plaintext_update_no_noise,1.0,plain_exact,0,0,False,0,0,False,not_applicable,0,[],0,,True,0.0017204452090867595,0.0020311924643947404,3.9572916666666664,0,0,0,0,0,0,0,0,0,0,0,0,0,12,0,12,0,1,fixed_execution_host_runtime_payload_and_machine_specification__no_unmeasured_absolute_energy_or_carbon_claim,sequential_single_host_wall_clock_and_generated_protocol_object_bytes__machine_specification_recorded__transport_network_facility_energy_not_measured,runtime_payload_measured__energy_not_instrumented,not_reported_without_direct_hardware_energy_instrumentation,not_reported,False,,,,,,,not_reported,0,0.25,not_probed,0,,not_reported__no_valid_colab_network_or_device_energy_scope,,not_reported__no_direct_facility_or_grid_carbon_measurement,0.9967424169999504,Absolute energy and carbon are not reported because direct hardware energy instrumentation is disabled.,False,,,,CRYPTO_TIER
7,T1_Plain_TADP,4,comparative_protocol_experiment,comparative_experiment,main_comparative,Comparative federated-learning and protocol-enforcement experiment.,plain_or_protocol_control,custom_reference_python_prototype,True,2.3-phase1-fixed-threshold-critical-floor-review-profile,47dd2e58be138865a6d591a63329509757be6b563afb2badb96beb09eac726e5,02a004077765517e54657a1072e98c5ff8b30be1276296850f021743aa43481c,eb562985f77fc8a152d2d22d15bfd3f4695b107bdaa4c375fc5dde2be0f10805,T1_BASELINE,C4_RESTRICTED,T4_SAMK,C1_PUBLIC,T1_BASELINE,"{""T2_DF_KS"": 3, ""T3_XMK_CKKS"": 4, ""T4_SAMK"": 5}",False,False,below_unified_session_requirement__benchmark_only_not_deployment,C1_PUBLIC,0,profile_benchmark,C4_RESTRICTED,T4_SAMK,1,declared_profile_benchmark_not_governance_selected,not_applicable,not_applicable_plain_update_path,,,,not_applicable,0,0,0,False,,{},True,,strict_experiment_side_plaintext_oracle_comparison__max_coordinate_and_rmse_numeric_acceptance_envelope__relative_l2_diagnostic_only__no_plaintext_fallback_after_protected_aggregation_failure,custom_reference_prototype_numeric_acceptance_envelope__max_abs_and_rmse_are_acceptance_gates__relative_l2_is_diagnostic_only__not_a_formal_he_security_or_precision_proof,True,False,PASSED_PLAIN_CONTROL_CHECK,0.0,0.0,0.0,0.2069133164943733,0.2069133164943733,,,,True,True,True,True,finite_and_max_abs_and_rmse,0.9988588883817282,0.7186147186147186,0.6240601503759399,0.8469387755102041,0.923029742285209,0.7264769039574972,0.9780173676110849,0.7247543218110398,0.7247543218110398,0.8877551020408163,0.0020223691615081597,0.8877551020408163,0.0020223691615081597,56814,50,15,83,0.0008792909397861565,0.15306122448979592,0.8469387755102041,0.011203842980174033,0.011203842980174033,fpr,0.005,0.9990563760451184,0.7675675675675676,0.6698113207547169,0.8987341772151899,0.9489823886735436,0.7754411396718406,0.9864568927375887,0.8233351668930307,0.8233351668930307,0.8987341772151899,0.0007693998681028798,0.8987341772151899,0.0007693998681028798,45455,35,8,71,0.0007693998681028798,0.10126582278481013,0.8987341772151899,0.011203842980174033,fpr,0.005,1.0,False,A1_TADP_admission_only,NOT_FINAL_ROUND,,,,,,,,,,,,,,,,,,,,False,0.9982795547909132,1.2450514050001402,544.3216249991565,230.60994500065135,0.0,0.0,0.0,0.0,240,2880,240.0,2880,2880,5760,,not_modelled__session_or_evaluation_key_material_excluded_from_round_payload,actual_generated_protocol_object_bytes,plain_model_update_uplink_plus_plain_global_update_broadcast,sum_of_actual_generated_client_update_objects_before_auxiliary_decryption_share_or_downlink_traffic,False,0.0,0.0,0.0,measured_sum_of_client_protection_plus_server_protected_aggregation_plus_authorized_recovery_or_decryption_ms_per_round,local_training__validation_test_evaluation__transport_latency__serialization_framing_not_explicitly_in_crypto_functions,0.0,0.0,12,12,0,plaintext_update_no_noise,1.0,plain_exact,0,0,False,0,0,False,not_applicable,0,[],0,,True,0.0017204452090867595,0.0020311924643947404,3.9572916666666664,0,0,0,0,0,0,0,0,0,0,0,0,0,12,0,12,0,1,fixed_execution_host_runtime_payload_and_machine_specification__no_unmeasured_absolute_energy_or_carbon_claim,sequential_single_host_wall_clock_and_generated_protocol_object_bytes__machine_specification_recorded__transport_network_facility_energy_not_measured,runtime_payload_measured__energy_not_instrumented,not_reported_without_direct_hardware_energy_instrumentation,not_reported,False,,,,,,,not_reported,0,0.25,not_probed,0,,not_reported__no_valid_colab_network_or_device_energy_scope,,not_reported__no_direct_facility_or_grid_carbon_measurement,1.2450183680002738,Absolute energy and carbon are not reported because direct hardware energy instrumentation is disabled.,False,,,,CRYPTO_TIER
7,T1_Plain_TADP,5,comparative_protocol_experiment,comparative_experiment,main_comparative,Comparative federated-learning and protocol-enforcement experiment.,plain_or_protocol_control,custom_reference_python_prototype,True,2.3-phase1-fixed-threshold-critical-floor-review-profile,47dd2e58be138865a6d591a63329509757be6b563afb2badb96beb09eac726e5,02a004077765517e54657a1072e98c5ff8b30be1276296850f021743aa43481c,eb562985f77fc8a152d2d22d15bfd3f4695b107bdaa4c375fc5dde2be0f10805,T1_BASELINE,C4_RESTRICTED,T4_SAMK,C1_PUBLIC,T1_BASELINE,"{""T2_DF_KS"": 3, ""T3_XMK_CKKS"": 4, ""T4_SAMK"": 5}",False,False,below_unified_session_requirement__benchmark_only_not_deployment,C1_PUBLIC,0,profile_benchmark,C4_RESTRICTED,T4_SAMK,1,declared_profile_benchmark_not_governance_selected,not_applicable,not_applicable_plain_update_path,,,,not_applicable,0,0,0,False,,{},True,,strict_experiment_side_plaintext_oracle_comparison__max_coordinate_and_rmse_numeric_acceptance_envelope__relative_l2_diagnostic_only__no_plaintext_fallback_after_protected_aggregation_failure,custom_reference_prototype_numeric_acceptance_envelope__max_abs_and_rmse_are_acceptance_gates__relative_l2_is_diagnostic_only__not_a_formal_he_security_or_precision_proof,True,False,PASSED_PLAIN_CONTROL_CHECK,0.0,0.0,0.0,0.16535044464885496,0.16535044464885496,,,,True,True,True,True,finite_and_max_abs_and_rmse,0.9988588883817282,0.7186147186147186,0.6240601503759399,0.8469387755102041,0.923029742285209,0.7264769039574972,0.9791785699929944,0.7255192212540008,0.7255192212540008,0.8877551020408163,0.0018465109735509285,0.8877551020408163,0.0018465109735509285,56814,50,15,83,0.0008792909397861565,0.15306122448979592,0.8469387755102041,0.015345112845754532,0.015345112845754532,fpr,0.005,0.999100265531392,0.7759562841530054,0.6826923076923077,0.8987341772151899,0.9490043715269179,0.7828829081845824,0.9862270467010416,0.822350220598562,0.822350220598562,0.8987341772151899,0.0007254341613541438,0.8987341772151899,0.0007254341613541438,45457,33,8,71,0.0007254341613541438,0.10126582278481013,0.8987341772151899,0.015345112845754532,fpr,0.005,1.0,False,A1_TADP_admission_only,NOT_FINAL_ROUND,,,,,,,,,,,,,,,,,,,,False,0.9982795547909132,1.256960595000237,511.80930500140676,222.36004399974263,0.0,0.0,0.0,0.0,240,2880,240.0,2880,2880,5760,,not_modelled__session_or_evaluation_key_material_excluded_from_round_payload,actual_generated_protocol_object_bytes,plain_model_update_uplink_plus_plain_global_update_broadcast,sum_of_actual_generated_client_update_objects_before_auxiliary_decryption_share_or_downlink_traffic,False,0.0,0.0,0.0,measured_sum_of_client_protection_plus_server_protected_aggregation_plus_authorized_recovery_or_decryption_ms_per_round,local_training__validation_test_evaluation__transport_latency__serialization_framing_not_explicitly_in_crypto_functions,0.0,0.0,12,12,0,plaintext_update_no_noise,1.0,plain_exact,0,0,False,0,0,False,not_applicable,0,[],0,,True,0.0017204452090867595,0.0020311924643947404,3.9572916666666664,0,0,0,0,0,0,0,0,0,0,0,0,0,12,0,12,0,1,fixed_execution_host_runtime_payload_and_machine_specification__no_unmeasured_absolute_energy_or_carbon_claim,sequential_single_host_wall_clock_and_generated_protocol_object_bytes__machine_specification_recorded__transport_network_facility_energy_not_measured,runtime_payload_measured__energy_not_instrumented,not_reported_without_direct_hardware_energy_instrumentation,not_reported,False,,,,,,,not_reported,0,0.25,not_probed,0,,not_reported__no_valid_colab_network_or_device_energy_scope,,not_reported__no_direct_facility_or_grid_carbon_measurement,1.2569291310001063,Absolute energy and carbon are not reported because direct hardware energy instrumentation is disabled.,False,,,,CRYPTO_TIER
7,T1_Plain_TADP,6,comparative_protocol_experiment,comparative_experiment,main_comparative,Comparative federated-learning and protocol-enforcement experiment.,plain_or_protocol_control,custom_reference_python_prototype,True,2.3-phase1-fixed-threshold-critical-floor-review-profile,47dd2e58be138865a6d591a63329509757be6b563afb2badb96beb09eac726e5,02a004077765517e54657a1072e98c5ff8b30be1276296850f021743aa43481c,eb562985f77fc8a152d2d22d15bfd3f4695b107bdaa4c375fc5dde2be0f10805,T1_BASELINE,C4_RESTRICTED,T4_SAMK,C1_PUBLIC,T1_BASELINE,"{""T2_DF_KS"": 3, ""T3_XMK_CKKS"": 4, ""T4_SAMK"": 5}",False,False,below_unified_session_requirement__benchmark_only_not_deployment,C1_PUBLIC,0,profile_benchmark,C4_RESTRICTED,T4_SAMK,1,declared_profile_benchmark_not_governance_selected,not_applicable,not_applicable_plain_update_path,,,,not_applicable,0,0,0,False,,{},True,,strict_experiment_side_plaintext_oracle_comparison__max_coordinate_and_rmse_numeric_acceptance_envelope__relative_l2_diagnostic_only__no_plaintext_fallback_after_protected_aggregation_failure,custom_reference_prototype_numeric_acceptance_envelope__max_abs_and_rmse_are_acceptance_gates__relative_l2_is_diagnostic_only__not_a_formal_he_security_or_precision_proof,True,False,PASSED_PLAIN_CONTROL_CHECK,0.0,0.0,0.0,0.12664255101793415,0.12664255101793415,,,,True,True,True,True,finite_and_max_abs_and_rmse,0.9988588883817282,0.721030042918455,0.6222222222222222,0.8571428571428571,0.9281229901921376,0.7297700531077194,0.9793808069091451,0.7260607502093103,0.7260607502093103,0.8877551020408163,0.0018289251547552053,0.8877551020408163,0.0018289251547552053,56813,51,14,84,0.0008968767585818796,0.14285714285714285,0.8571428571428571,0.01977995987136257,0.01977995987136257,fpr,0.005,0.9991660997608023,0.7888888888888889,0.7029702970297029,0.8987341772151899,0.9490373458069794,0.7944569329707268,0.9857514935818416,0.8228163177301937,0.8228163177301937,0.8987341772151899,0.0006594856012310398,0.8987341772151899,0.0006594856012310398,45460,30,8,71,0.0006594856012310398,0.10126582278481013,0.8987341772151899,0.01977995987136257,fpr,0.005,1.0,False,A1_TADP_admission_only,NOT_FINAL_ROUND,,,,,,,,,,,,,,,,,,,,False,0.9982795547909132,1.1762832770000387,507.27529899995716,217.65091199949893,0.0,0.0,0.0,0.0,240,2880,240.0,2880,2880,5760,,not_modelled__session_or_evaluation_key_material_excluded_from_round_payload,actual_generated_protocol_object_bytes,plain_model_update_uplink_plus_plain_global_update_broadcast,sum_of_actual_generated_client_update_objects_before_auxiliary_decryption_share_or_downlink_traffic,False,0.0,0.0,0.0,measured_sum_of_client_protection_plus_server_protected_aggregation_plus_authorized_recovery_or_decryption_ms_per_round,local_training__validation_test_evaluation__transport_latency__serialization_framing_not_explicitly_in_crypto_functions,0.0,0.0,12,12,0,plaintext_update_no_noise,1.0,plain_exact,0,0,False,0,0,False,not_applicable,0,[],0,,True,0.0017204452090867595,0.0020311924643947404,3.9572916666666664,0,0,0,0,0,0,0,0,0,0,0,0,0,12,0,12,0,1,fixed_execution_host_runtime_payload_and_machine_specification__no_unmeasured_absolute_energy_or_carbon_claim,sequential_single_host_wall_clock_and_generated_protocol_object_bytes__machine_specification_recorded__transport_network_facility_energy_not_measured,runtime_payload_measured__energy_not_instrumented,not_reported_without_direct_hardware_energy_instrumentation,not_reported,False,,,,,,,not_reported,0,0.25,not_probed,0,,not_reported__no_valid_colab_network_or_device_energy_scope,,not_reported__no_direct_facility_or_grid_carbon_measurement,1.1762556009998661,Absolute energy and carbon are not reported because direct hardware energy instrumentation is disabled.,False,,,,CRYPTO_TIER
7,T1_Plain_TADP,7,comparative_protocol_experiment,comparative_experiment,main_comparative,Comparative federated-learning and protocol-enforcement experiment.,plain_or_protocol_control,custom_reference_python_prototype,True,2.3-phase1-fixed-threshold-critical-floor-review-profile,47dd2e58be138865a6d591a63329509757be6b563afb2badb96beb09eac726e5,02a004077765517e54657a1072e98c5ff8b30be1276296850f021743aa43481c,eb562985f77fc8a152d2d22d15bfd3f4695b107bdaa4c375fc5dde2be0f10805,T1_BASELINE,C4_RESTRICTED,T4_SAMK,C1_PUBLIC,T1_BASELINE,"{""T2_DF_KS"": 3, ""T3_XMK_CKKS"": 4, ""T4_SAMK"": 5}",False,False,below_unified_session_requirement__benchmark_only_not_deployment,C1_PUBLIC,0,profile_benchmark,C4_RESTRICTED,T4_SAMK,1,declared_profile_benchmark_not_governance_selected,not_applicable,not_applicable_plain_update_path,,,,not_applicable,0,0,0,False,,{},True,,strict_experiment_side_plaintext_oracle_comparison__max_coordinate_and_rmse_numeric_acceptance_envelope__relative_l2_diagnostic_only__no_plaintext_fallback_after_protected_aggregation_failure,custom_reference_prototype_numeric_acceptance_envelope__max_abs_and_rmse_are_acceptance_gates__relative_l2_is_diagnostic_only__not_a_formal_he_security_or_precision_proof,True,False,PASSED_PLAIN_CONTROL_CHECK,0.0,0.0,0.0,0.09963719185454085,0.09963719185454085,,,,True,True,True,True,finite_and_max_abs_and_rmse,0.9988588883817282,0.721030042918455,0.6222222222222222,0.8571428571428571,0.9281229901921376,0.7297700531077194,0.9793793713321006,0.7265867074804477,0.7265867074804477,0.8877551020408163,0.0017937535171637592,0.8877551020408163,0.0017937535171637592,56813,51,14,84,0.0008968767585818796,0.14285714285714285,0.8571428571428571,0.02449535525667706,0.02449535525667706,fpr,0.005,0.9991660997608023,0.7888888888888889,0.7029702970297029,0.8987341772151899,0.9490373458069794,0.7944569329707268,0.9852959754682488,0.8231592809713695,0.8231592809713695,0.8987341772151899,0.0006594856012310398,0.8987341772151899,0.0006594856012310398,45460,30,8,71,0.0006594856012310398,0.10126582278481013,0.8987341772151899,0.02449535525667706,fpr,0.005,1.0,False,A1_TADP_admission_only,NOT_FINAL_ROUND,,,,,,,,,,,,,,,,,,,,False,0.9982795547909132,0.921174166000128,323.1141000005664,183.00887599934867,0.0,0.0,0.0,0.0,240,2880,240.0,2880,2880,5760,,not_modelled__session_or_evaluation_key_material_excluded_from_round_payload,actual_generated_protocol_object_bytes,plain_model_update_uplink_plus_plain_global_update_broadcast,sum_of_actual_generated_client_update_objects_before_auxiliary_decryption_share_or_downlink_traffic,False,0.0,0.0,0.0,measured_sum_of_client_protection_plus_server_protected_aggregation_plus_authorized_recovery_or_decryption_ms_per_round,local_training__validation_test_evaluation__transport_latency__serialization_framing_not_explicitly_in_crypto_functions,0.0,0.0,12,12,0,plaintext_update_no_noise,1.0,plain_exact,0,0,False,0,0,False,not_applicable,0,[],0,,True,0.0017204452090867595,0.0020311924643947404,3.9572916666666664,0,0,0,0,0,0,0,0,0,0,0,0,0,12,0,12,0,1,fixed_execution_host_runtime_payload_and_machine_specification__no_unmeasured_absolute_energy_or_carbon_claim,sequential_single_host_wall_clock_and_generated_protocol_object_bytes__machine_specification_recorded__transport_network_facility_energy_not_measured,runtime_payload_measured__energy_not_instrumented,not_reported_without_direct_hardware_energy_instrumentation,not_reported,False,,,,,,,not_reported,0,0.25,not_probed,0,,not_reported__no_valid_colab_network_or_device_energy_scope,,not_reported__no_direct_facility_or_grid_carbon_measurement,0.9211293019998266,Absolute energy and carbon are not reported because direct hardware energy instrumentation is disabled.,False,,,,CRYPTO_TIER
7,T1_Plain_TADP,8,comparative_protocol_experiment,comparative_experiment,main_comparative,Comparative federated-learning and protocol-enforcement experiment.,plain_or_protocol_control,custom_reference_python_prototype,True,2.3-phase1-fixed-threshold-critical-floor-review-profile,47dd2e58be138865a6d591a63329509757be6b563afb2badb96beb09eac726e5,02a004077765517e54657a1072e98c5ff8b30be1276296850f021743aa43481c,eb562985f77fc8a152d2d22d15bfd3f4695b107bdaa4c375fc5dde2be0f10805,T1_BASELINE,C4_RESTRICTED,T4_SAMK,C1_PUBLIC,T1_BASELINE,"{""T2_DF_KS"": 3, ""T3_XMK_CKKS"": 4, ""T4_SAMK"": 5}",False,False,below_unified_session_requirement__benchmark_only_not_deployment,C1_PUBLIC,0,profile_benchmark,C4_RESTRICTED,T4_SAMK,1,declared_profile_benchmark_not_governance_selected,not_applicable,not_applicable_plain_update_path,,,,not_applicable,0,0,0,False,,{},True,,strict_experiment_side_plaintext_oracle_comparison__max_coordinate_and_rmse_numeric_acceptance_envelope__relative_l2_diagnostic_only__no_plaintext_fallback_after_protected_aggregation_failure,custom_reference_prototype_numeric_acceptance_envelope__max_abs_and_rmse_are_acceptance_gates__relative_l2_is_diagnostic_only__not_a_formal_he_security_or_precision_proof,True,False,PASSED_PLAIN_CONTROL_CHECK,0.0,0.0,0.0,0.06982787314653102,0.06982787314653102,,,,True,True,True,True,finite_and_max_abs_and_rmse,0.9988764439450862,0.7241379310344828,0.6268656716417911,0.8571428571428571,0.9281317831015354,0.7324966133977643,0.9793258960871911,0.7266179859453277,0.7266179859453277,0.8877551020408163,0.001776167698368036,0.8877551020408163,0.001776167698368036,56814,50,14,84,0.0008792909397861565,0.14285714285714285,0.8571428571428571,0.02861765565525903,0.02861765565525903,fpr,0.005,0.9991660997608023,0.7888888888888889,0.7029702970297029,0.8987341772151899,0.9490373458069794,0.7944569329707268,0.9848986145237095,0.8231691152870108,0.8231691152870108,0.8987341772151899,0.0006594856012310398,0.8987341772151899,0.0006594856012310398,45460,30,8,71,0.0006594856012310398,0.10126582278481013,0.8987341772151899,0.02861765565525903,fpr,0.005,1.0,False,A1_TADP_admission_only,NOT_FINAL_ROUND,,,,,,,,,,,,,,,,,,,,False,0.9982795547909132,0.9163290719998258,316.30223700221904,183.59593300010602,0.0,0.0,0.0,0.0,240,2880,240.0,2880,2880,5760,,not_modelled__session_or_evaluation_key_material_excluded_from_round_payload,actual_generated_protocol_object_bytes,plain_model_update_uplink_plus_plain_global_update_broadcast,sum_of_actual_generated_client_update_objects_before_auxiliary_decryption_share_or_downlink_traffic,False,0.0,0.0,0.0,measured_sum_of_client_protection_plus_server_protected_aggregation_plus_authorized_recovery_or_decryption_ms_per_round,local_training__validation_test_evaluation__transport_latency__serialization_framing_not_explicitly_in_crypto_functions,0.0,0.0,12,12,0,plaintext_update_no_noise,1.0,plain_exact,0,0,False,0,0,False,not_applicable,0,[],0,,True,0.0017204452090867595,0.0020311924643947404,3.9572916666666664,0,0,0,0,0,0,0,0,0,0,0,0,0,12,0,12,0,1,fixed_execution_host_runtime_payload_and_machine_specification__no_unmeasured_absolute_energy_or_carbon_claim,sequential_single_host_wall_clock_and_generated_protocol_object_bytes__machine_specification_recorded__transport_network_facility_energy_not_measured,runtime_payload_measured__energy_not_instrumented,not_reported_without_direct_hardware_energy_instrumentation,not_reported,False,,,,,,,not_reported,0,0.25,not_probed,0,,not_reported__no_valid_colab_network_or_device_energy_scope,,not_reported__no_direct_facility_or_grid_carbon_measurement,0.9163017330001821,Absolute energy and carbon are not reported because direct hardware energy instrumentation is disabled.,False,,,,CRYPTO_TIER
7,T1_Plain_TADP,9,comparative_protocol_experiment,comparative_experiment,main_comparative,Comparative federated-learning and protocol-enforcement experiment.,plain_or_protocol_control,custom_reference_python_prototype,True,2.3-phase1-fixed-threshold-critical-floor-review-profile,47dd2e58be138865a6d591a63329509757be6b563afb2badb96beb09eac726e5,02a004077765517e54657a1072e98c5ff8b30be1276296850f021743aa43481c,eb562985f77fc8a152d2d22d15bfd3f4695b107bdaa4c375fc5dde2be0f10805,T1_BASELINE,C4_RESTRICTED,T4_SAMK,C1_PUBLIC,T1_BASELINE,"{""T2_DF_KS"": 3, ""T3_XMK_CKKS"": 4, ""T4_SAMK"": 5}",False,False,below_unified_session_requirement__benchmark_only_not_deployment,C1_PUBLIC,0,profile_benchmark,C4_RESTRICTED,T4_SAMK,1,declared_profile_benchmark_not_governance_selected,not_applicable,not_applicable_plain_update_path,,,,not_applicable,0,0,0,False,,{},True,,strict_experiment_side_plaintext_oracle_comparison__max_coordinate_and_rmse_numeric_acceptance_envelope__relative_l2_diagnostic_only__no_plaintext_fallback_after_protected_aggregation_failure,custom_reference_prototype_numeric_acceptance_envelope__max_abs_and_rmse_are_acceptance_gates__relative_l2_is_diagnostic_only__not_a_formal_he_security_or_precision_proof,True,False,PASSED_PLAIN_CONTROL_CHECK,0.0,0.0,0.0,0.0544198734795623,0.0544198734795623,,,,True,True,True,True,finite_and_max_abs_and_rmse,0.9988588883817282,0.721030042918455,0.6222222222222222,0.8571428571428571,0.9281229901921376,0.7297700531077194,0.9792559117062695,0.7264914403904722,0.7264914403904722,0.8877551020408163,0.001776167698368036,0.8877551020408163,0.001776167698368036,56813,51,14,84,0.0008968767585818796,0.14285714285714285,0.8571428571428571,0.03258150040841267,0.03258150040841267,fpr,0.005,0.9991660997608023,0.7888888888888889,0.7029702970297029,0.8987341772151899,0.9490373458069794,0.7944569329707268,0.9845624716518584,0.8231794355702782,0.8231794355702782,0.8987341772151899,0.0006594856012310398,0.8987341772151899,0.0006594856012310398,45460,30,8,71,0.0006594856012310398,0.10126582278481013,0.8987341772151899,0.03258150040841267,fpr,0.005,1.0,False,A1_TADP_admission_only,NOT_FINAL_ROUND,,,,,,,,,,,,,,,,,,,,False,0.9982795547909132,0.9171720449999157,321.9622759984304,180.02537899974413,0.0,0.0,0.0,0.0,240,2880,240.0,2880,2880,5760,,not_modelled__session_or_evaluation_key_material_excluded_from_round_payload,actual_generated_protocol_object_bytes,plain_model_update_uplink_plus_plain_global_update_broadcast,sum_of_actual_generated_client_update_objects_before_auxiliary_decryption_share_or_downlink_traffic,False,0.0,0.0,0.0,measured_sum_of_client_protection_plus_server_protected_aggregation_plus_authorized_recovery_or_decryption_ms_per_round,local_training__validation_test_evaluation__transport_latency__serialization_framing_not_explicitly_in_crypto_functions,0.0,0.0,12,12,0,plaintext_update_no_noise,1.0,plain_exact,0,0,False,0,0,False,not_applicable,0,[],0,,True,0.0017204452090867595,0.0020311924643947404,3.9572916666666664,0,0,0,0,0,0,0,0,0,0,0,0,0,12,0,12,0,1,fixed_execution_host_runtime_payload_and_machine_specification__no_unmeasured_absolute_energy_or_carbon_claim,sequential_single_host_wall_clock_and_generated_protocol_object_bytes__machine_specification_recorded__transport_network_facility_energy_not_measured,runtime_payload_measured__energy_not_instrumented,not_reported_without_direct_hardware_energy_instrumentation,not_reported,False,,,,,,,not_reported,0,0.25,not_probed,0,,not_reported__no_valid_colab_network_or_device_energy_scope,,not_reported__no_direct_facility_or_grid_carbon_measurement,0.917146535000029,Absolute energy and carbon are not reported because direct hardware energy instrumentation is disabled.,False,,,,CRYPTO_TIER
7,T1_Plain_TADP,10,comparative_protocol_experiment,comparative_experiment,main_comparative,Comparative federated-learning and protocol-enforcement experiment.,plain_or_protocol_control,custom_reference_python_prototype,True,2.3-phase1-fixed-threshold-critical-floor-review-profile,47dd2e58be138865a6d591a63329509757be6b563afb2badb96beb09eac726e5,02a004077765517e54657a1072e98c5ff8b30be1276296850f021743aa43481c,eb562985f77fc8a152d2d22d15bfd3f4695b107bdaa4c375fc5dde2be0f10805,T1_BASELINE,C4_RESTRICTED,T4_SAMK,C1_PUBLIC,T1_BASELINE,"{""T2_DF_KS"": 3, ""T3_XMK_CKKS"": 4, ""T4_SAMK"": 5}",False,False,below_unified_session_requirement__benchmark_only_not_deployment,C1_PUBLIC,0,profile_benchmark,C4_RESTRICTED,T4_SAMK,1,declared_profile_benchmark_not_governance_selected,not_applicable,not_applicable_plain_update_path,,,,not_applicable,0,0,0,False,,{},True,,strict_experiment_side_plaintext_oracle_comparison__max_coordinate_and_rmse_numeric_acceptance_envelope__relative_l2_diagnostic_only__no_plaintext_fallback_after_protected_aggregation_failure,custom_reference_prototype_numeric_acceptance_envelope__max_abs_and_rmse_are_acceptance_gates__relative_l2_is_diagnostic_only__not_a_formal_he_security_or_precision_proof,True,False,PASSED_PLAIN_CONTROL_CHECK,0.0,0.0,0.0,0.04024142787202156,0.04024142787202156,,,,True,True,True,True,finite_and_max_abs_and_rmse,0.9988413328183702,0.717948717948718,0.6176470588235294,0.8571428571428571,0.9281141972827398,0.7270735890776542,0.979197053047443,0.726171719940698,0.726171719940698,0.8877551020408163,0.0017937535171637592,0.8877551020408163,0.0017937535171637592,56812,52,14,84,0.0009144625773776027,0.14285714285714285,0.8571428571428571,0.0359000959734804,0.0359000959734804,fpr,0.005,0.9991441550176655,0.7845303867403315,0.696078431372549,0.8987341772151899,0.9490263543802923,0.7905422865495717,0.9842519290649496,0.8231058353771846,0.8231058353771846,0.8987341772151899,0.0006814684546054077,0.8987341772151899,0.0006814684546054077,45459,31,8,71,0.0006814684546054077,0.10126582278481013,0.8987341772151899,0.0359000959734804,fpr,0.005,1.0,False,A1_TADP_admission_only,NOT_FINAL_ROUND,,,,,,,,,,,,,,,,,,,,False,0.9982795547909132,0.9525707570001032,333.88082799956464,194.09126499976992,0.0,0.0,0.0,0.0,240,2880,240.0,2880,2880,5760,,not_modelled__session_or_evaluation_key_material_excluded_from_round_payload,actual_generated_protocol_object_bytes,plain_model_update_uplink_plus_plain_global_update_broadcast,sum_of_actual_generated_client_update_objects_before_auxiliary_decryption_share_or_downlink_traffic,False,0.0,0.0,0.0,measured_sum_of_client_protection_plus_server_protected_aggregation_plus_authorized_recovery_or_decryption_ms_per_round,local_training__validation_test_evaluation__transport_latency__serialization_framing_not_explicitly_in_crypto_functions,0.0,0.0,12,12,0,plaintext_update_no_noise,1.0,plain_exact,0,0,False,0,0,False,not_applicable,0,[],0,,True,0.0017204452090867595,0.0020311924643947404,3.9572916666666664,0,0,0,0,0,0,0,0,0,0,0,0,0,12,0,12,0,1,fixed_execution_host_runtime_payload_and_machine_specification__no_unmeasured_absolute_energy_or_carbon_claim,sequential_single_host_wall_clock_and_generated_protocol_object_bytes__machine_specification_recorded__transport_network_facility_energy_not_measured,runtime_payload_measured__energy_not_instrumented,not_reported_without_direct_hardware_energy_instrumentation,not_reported,False,,,,,,,not_reported,0,0.25,not_probed,0,,not_reported__no_valid_colab_network_or_device_energy_scope,,not_reported__no_direct_facility_or_grid_carbon_measurement,0.9525445240001318,Absolute energy and carbon are not reported because direct hardware energy instrumentation is disabled.,False,,,,CRYPTO_TIER
7,T1_Plain_TADP,11,comparative_protocol_experiment,comparative_experiment,main_comparative,Comparative federated-learning and protocol-enforcement experiment.,plain_or_protocol_control,custom_reference_python_prototype,True,2.3-phase1-fixed-threshold-critical-floor-review-profile,47dd2e58be138865a6d591a63329509757be6b563afb2badb96beb09eac726e5,02a004077765517e54657a1072e98c5ff8b30be1276296850f021743aa43481c,eb562985f77fc8a152d2d22d15bfd3f4695b107bdaa4c375fc5dde2be0f10805,T1_BASELINE,C4_RESTRICTED,T4_SAMK,C1_PUBLIC,T1_BASELINE,"{""T2_DF_KS"": 3, ""T3_XMK_CKKS"": 4, ""T4_SAMK"": 5}",False,False,below_unified_session_requirement__benchmark_only_not_deployment,C1_PUBLIC,0,profile_benchmark,C4_RESTRICTED,T4_SAMK,1,declared_profile_benchmark_not_governance_selected,not_applicable,not_applicable_plain_update_path,,,,not_applicable,0,0,0,False,,{},True,,strict_experiment_side_plaintext_oracle_comparison__max_coordinate_and_rmse_numeric_acceptance_envelope__relative_l2_diagnostic_only__no_plaintext_fallback_after_protected_aggregation_failure,custom_reference_prototype_numeric_acceptance_envelope__max_abs_and_rmse_are_acceptance_gates__relative_l2_is_diagnostic_only__not_a_formal_he_security_or_precision_proof,True,False,PASSED_PLAIN_CONTROL_CHECK,0.0,0.0,0.0,0.028180602574348325,0.028180602574348325,,,,True,True,True,True,finite_and_max_abs_and_rmse,0.9988237772550121,0.7148936170212766,0.6131386861313869,0.8571428571428571,0.9281054043733419,0.724406671212077,0.9791823383827363,0.7260858361481215,0.7260858361481215,0.8877551020408163,0.0017937535171637592,0.8877551020408163,0.0017937535171637592,56811,53,14,84,0.0009320483961733258,0.14285714285714285,0.8571428571428571,0.03855247960514936,0.03855247960514936,fpr,0.005,0.9991441550176655,0.7845303867403315,0.696078431372549,0.8987341772151899,0.9490263543802923,0.7905422865495717,0.9840334918510398,0.8235008034803413,0.8235008034803413,0.8987341772151899,0.0006814684546054077,0.8987341772151899,0.0006814684546054077,45459,31,8,71,0.0006814684546054077,0.10126582278481013,0.8987341772151899,0.03855247960514936,fpr,0.005,1.0,False,A1_TADP_admission_only,NOT_FINAL_ROUND,,,,,,,,,,,,,,,,,,,,False,0.9982795547909132,0.9404169389999879,335.06197999940923,180.2189849986462,0.0,0.0,0.0,0.0,240,2880,240.0,2880,2880,5760,,not_modelled__session_or_evaluation_key_material_excluded_from_round_payload,actual_generated_protocol_object_bytes,plain_model_update_uplink_plus_plain_global_update_broadcast,sum_of_actual_generated_client_update_objects_before_auxiliary_decryption_share_or_downlink_traffic,False,0.0,0.0,0.0,measured_sum_of_client_protection_plus_server_protected_aggregation_plus_authorized_recovery_or_decryption_ms_per_round,local_training__validation_test_evaluation__transport_latency__serialization_framing_not_explicitly_in_crypto_functions,0.0,0.0,12,12,0,plaintext_update_no_noise,1.0,plain_exact,0,0,False,0,0,False,not_applicable,0,[],0,,True,0.0017204452090867595,0.0020311924643947404,3.9572916666666664,0,0,0,0,0,0,0,0,0,0,0,0,0,12,0,12,0,1,fixed_execution_host_runtime_payload_and_machine_specification__no_unmeasured_absolute_energy_or_carbon_claim,sequential_single_host_wall_clock_and_generated_protocol_object_bytes__machine_specification_recorded__transport_network_facility_energy_not_measured,runtime_payload_measured__energy_not_instrumented,not_reported_without_direct_hardware_energy_instrumentation,not_reported,False,,,,,,,not_reported,0,0.25,not_probed,0,,not_reported__no_valid_colab_network_or_device_energy_scope,,not_reported__no_direct_facility_or_grid_carbon_measurement,0.9403876930000479,Absolute energy and carbon are not reported because direct hardware energy instrumentation is disabled.,False,,,,CRYPTO_TIER
7,T1_Plain_TADP,12,comparative_protocol_experiment,comparative_experiment,main_comparative,Comparative federated-learning and protocol-enforcement experiment.,plain_or_protocol_control,custom_reference_python_prototype,True,2.3-phase1-fixed-threshold-critical-floor-review-profile,47dd2e58be138865a6d591a63329509757be6b563afb2badb96beb09eac726e5,02a004077765517e54657a1072e98c5ff8b30be1276296850f021743aa43481c,eb562985f77fc8a152d2d22d15bfd3f4695b107bdaa4c375fc5dde2be0f10805,T1_BASELINE,C4_RESTRICTED,T4_SAMK,C1_PUBLIC,T1_BASELINE,"{""T2_DF_KS"": 3, ""T3_XMK_CKKS"": 4, ""T4_SAMK"": 5}",False,False,below_unified_session_requirement__benchmark_only_not_deployment,C1_PUBLIC,0,profile_benchmark,C4_RESTRICTED,T4_SAMK,1,declared_profile_benchmark_not_governance_selected,not_applicable,not_applicable_plain_update_path,,,,not_applicable,0,0,0,False,,{},True,,strict_experiment_side_plaintext_oracle_comparison__max_coordinate_and_rmse_numeric_acceptance_envelope__relative_l2_diagnostic_only__no_plaintext_fallback_after_protected_aggregation_failure,custom_reference_prototype_numeric_acceptance_envelope__max_abs_and_rmse_are_acceptance_gates__relative_l2_is_diagnostic_only__not_a_formal_he_security_or_precision_proof,True,False,PASSED_PLAIN_CONTROL_CHECK,0.0,0.0,0.0,0.020844787386553026,0.020844787386553026,,,,True,True,True,True,finite_and_max_abs_and_rmse,0.9988237772550121,0.7148936170212766,0.6131386861313869,0.8571428571428571,0.9281054043733419,0.724406671212077,0.9791401683070527,0.726176939019946,0.726176939019946,0.8877551020408163,0.0017937535171637592,0.8877551020408163,0.0017937535171637592,56811,53,14,84,0.0009320483961733258,0.14285714285714285,0.8571428571428571,0.04060003937444977,0.04060003937444977,fpr,0.005,0.9991441550176655,0.7845303867403315,0.696078431372549,0.8987341772151899,0.9490263543802923,0.7905422865495717,0.9838570724961113,0.8231238700667955,0.8231238700667955,0.8987341772151899,0.0006814684546054077,0.8987341772151899,0.0006814684546054077,45459,31,8,71,0.0006814684546054077,0.10126582278481013,0.8987341772151899,0.04060003937444977,fpr,0.005,1.0,False,A1_TADP_admission_only,NOT_FINAL_ROUND,,,,,,,,,,,,,,,,,,,,False,0.9982795547909132,0.9533704249997754,330.30923499927667,185.57354099948498,0.0,0.0,0.0,0.0,240,2880,240.0,2880,2880,5760,,not_modelled__session_or_evaluation_key_material_excluded_from_round_payload,actual_generated_protocol_object_bytes,plain_model_update_uplink_plus_plain_global_update_broadcast,sum_of_actual_generated_client_update_objects_before_auxiliary_decryption_share_or_downlink_traffic,False,0.0,0.0,0.0,measured_sum_of_client_protection_plus_server_protected_aggregation_plus_authorized_recovery_or_decryption_ms_per_round,local_training__validation_test_evaluation__transport_latency__serialization_framing_not_explicitly_in_crypto_functions,0.0,0.0,12,12,0,plaintext_update_no_noise,1.0,plain_exact,0,0,False,0,0,False,not_applicable,0,[],0,,True,0.0017204452090867595,0.0020311924643947404,3.9572916666666664,0,0,0,0,0,0,0,0,0,0,0,0,0,12,0,12,0,1,fixed_execution_host_runtime_payload_and_machine_specification__no_unmeasured_absolute_energy_or_carbon_claim,sequential_single_host_wall_clock_and_generated_protocol_object_bytes__machine_specification_recorded__transport_network_facility_energy_not_measured,runtime_payload_measured__energy_not_instrumented,not_reported_without_direct_hardware_energy_instrumentation,not_reported,False,,,,,,,not_reported,0,0.25,not_probed,0,,not_reported__no_valid_colab_network_or_device_energy_scope,,not_reported__no_direct_facility_or_grid_carbon_measurement,0.9533424589999413,Absolute energy and carbon are not reported because direct hardware energy instrumentation is disabled.,False,,,,CRYPTO_TIER
7,T1_Plain_TADP,13,comparative_protocol_experiment,comparative_experiment,main_comparative,Comparative federated-learning and protocol-enforcement experiment.,plain_or_protocol_control,custom_reference_python_prototype,True,2.3-phase1-fixed-threshold-critical-floor-review-profile,47dd2e58be138865a6d591a63329509757be6b563afb2badb96beb09eac726e5,02a004077765517e54657a1072e98c5ff8b30be1276296850f021743aa43481c,eb562985f77fc8a152d2d22d15bfd3f4695b107bdaa4c375fc5dde2be0f10805,T1_BASELINE,C4_RESTRICTED,T4_SAMK,C1_PUBLIC,T1_BASELINE,"{""T2_DF_KS"": 3, ""T3_XMK_CKKS"": 4, ""T4_SAMK"": 5}",False,False,below_unified_session_requirement__benchmark_only_not_deployment,C1_PUBLIC,0,profile_benchmark,C4_RESTRICTED,T4_SAMK,1,declared_profile_benchmark_not_governance_selected,not_applicable,not_applicable_plain_update_path,,,,not_applicable,0,0,0,False,,{},True,,strict_experiment_side_plaintext_oracle_comparison__max_coordinate_and_rmse_numeric_acceptance_envelope__relative_l2_diagnostic_only__no_plaintext_fallback_after_protected_aggregation_failure,custom_reference_prototype_numeric_acceptance_envelope__max_abs_and_rmse_are_acceptance_gates__relative_l2_is_diagnostic_only__not_a_formal_he_security_or_precision_proof,True,False,PASSED_PLAIN_CONTROL_CHECK,0.0,0.0,0.0,0.014534338032828541,0.014534338032828541,,,,True,True,True,True,finite_and_max_abs_and_rmse,0.9988237772550121,0.7148936170212766,0.6131386861313869,0.8571428571428571,0.9281054043733419,0.724406671212077,0.9791392710713999,0.726080249225663,0.726080249225663,0.8877551020408163,0.0018113393359594824,0.8877551020408163,0.0018113393359594824,56811,53,14,84,0.0009320483961733258,0.14285714285714285,0.8571428571428571,0.042286488578455746,0.042286488578455746,fpr,0.005,0.9991441550176655,0.7845303867403315,0.696078431372549,0.8987341772151899,0.9490263543802923,0.7905422865495717,0.9836884445322522,0.8231252687633066,0.8231252687633066,0.8987341772151899,0.0006814684546054077,0.8987341772151899,0.0006814684546054077,45459,31,8,71,0.0006814684546054077,0.10126582278481013,0.8987341772151899,0.042286488578455746,fpr,0.005,1.0,False,A1_TADP_admission_only,NOT_FINAL_ROUND,,,,,,,,,,,,,,,,,,,,False,0.9982795547909132,0.9150116089999756,317.7000360005877,183.61534299992854,0.0,0.0,0.0,0.0,240,2880,240.0,2880,2880,5760,,not_modelled__session_or_evaluation_key_material_excluded_from_round_payload,actual_generated_protocol_object_bytes,plain_model_update_uplink_plus_plain_global_update_broadcast,sum_of_actual_generated_client_update_objects_before_auxiliary_decryption_share_or_downlink_traffic,False,0.0,0.0,0.0,measured_sum_of_client_protection_plus_server_protected_aggregation_plus_authorized_recovery_or_decryption_ms_per_round,local_training__validation_test_evaluation__transport_latency__serialization_framing_not_explicitly_in_crypto_functions,0.0,0.0,12,12,0,plaintext_update_no_noise,1.0,plain_exact,0,0,False,0,0,False,not_applicable,0,[],0,,True,0.0017204452090867595,0.0020311924643947404,3.9572916666666664,0,0,0,0,0,0,0,0,0,0,0,0,0,12,0,12,0,1,fixed_execution_host_runtime_payload_and_machine_specification__no_unmeasured_absolute_energy_or_carbon_claim,sequential_single_host_wall_clock_and_generated_protocol_object_bytes__machine_specification_recorded__transport_network_facility_energy_not_measured,runtime_payload_measured__energy_not_instrumented,not_reported_without_direct_hardware_energy_instrumentation,not_reported,False,,,,,,,not_reported,0,0.25,not_probed,0,,not_reported__no_valid_colab_network_or_device_energy_scope,,not_reported__no_direct_facility_or_grid_carbon_measurement,0.9149842350002473,Absolute energy and carbon are not reported because direct hardware energy instrumentation is disabled.,False,,,,CRYPTO_TIER
7,T1_Plain_TADP,14,comparative_protocol_experiment,comparative_experiment,main_comparative,Comparative federated-learning and protocol-enforcement experiment.,plain_or_protocol_control,custom_reference_python_prototype,True,2.3-phase1-fixed-threshold-critical-floor-review-profile,47dd2e58be138865a6d591a63329509757be6b563afb2badb96beb09eac726e5,02a004077765517e54657a1072e98c5ff8b30be1276296850f021743aa43481c,eb562985f77fc8a152d2d22d15bfd3f4695b107bdaa4c375fc5dde2be0f10805,T1_BASELINE,C4_RESTRICTED,T4_SAMK,C1_PUBLIC,T1_BASELINE,"{""T2_DF_KS"": 3, ""T3_XMK_CKKS"": 4, ""T4_SAMK"": 5}",False,False,below_unified_session_requirement__benchmark_only_not_deployment,C1_PUBLIC,0,profile_benchmark,C4_RESTRICTED,T4_SAMK,1,declared_profile_benchmark_not_governance_selected,not_applicable,not_applicable_plain_update_path,,,,not_applicable,0,0,0,False,,{},True,,strict_experiment_side_plaintext_oracle_comparison__max_coordinate_and_rmse_numeric_acceptance_envelope__relative_l2_diagnostic_only__no_plaintext_fallback_after_protected_aggregation_failure,custom_reference_prototype_numeric_acceptance_envelope__max_abs_and_rmse_are_acceptance_gates__relative_l2_is_diagnostic_only__not_a_formal_he_security_or_precision_proof,True,False,PASSED_PLAIN_CONTROL_CHECK,0.0,0.0,0.0,0.010727539301220465,0.010727539301220465,,,,True,True,True,True,finite_and_max_abs_and_rmse,0.9988237772550121,0.7148936170212766,0.6131386861313869,0.8571428571428571,0.9281054043733419,0.724406671212077,0.9791914901863954,0.7260898904539947,0.7260898904539947,0.8877551020408163,0.0018113393359594824,0.8877551020408163,0.0018113393359594824,56811,53,14,84,0.0009320483961733258,0.14285714285714285,0.8571428571428571,0.04340453681316631,0.04340453681316631,fpr,0.005,0.9991441550176655,0.7845303867403315,0.696078431372549,0.8987341772151899,0.9490263543802923,0.7905422865495717,0.9835251035837617,0.8239673341389921,0.8239673341389921,0.8987341772151899,0.0006814684546054077,0.8987341772151899,0.0006814684546054077,45459,31,8,71,0.0006814684546054077,0.10126582278481013,0.8987341772151899,0.04340453681316631,fpr,0.005,1.0,False,A1_TADP_admission_only,NOT_FINAL_ROUND,,,,,,,,,,,,,,,,,,,,False,0.9982795547909132,0.9403233299999556,333.6475290002454,188.05340900053125,0.0,0.0,0.0,0.0,240,2880,240.0,2880,2880,5760,,not_modelled__session_or_evaluation_key_material_excluded_from_round_payload,actual_generated_protocol_object_bytes,plain_model_update_uplink_plus_plain_global_update_broadcast,sum_of_actual_generated_client_update_objects_before_auxiliary_decryption_share_or_downlink_traffic,False,0.0,0.0,0.0,measured_sum_of_client_protection_plus_server_protected_aggregation_plus_authorized_recovery_or_decryption_ms_per_round,local_training__validation_test_evaluation__transport_latency__serialization_framing_not_explicitly_in_crypto_functions,0.0,0.0,12,12,0,plaintext_update_no_noise,1.0,plain_exact,0,0,False,0,0,False,not_applicable,0,[],0,,True,0.0017204452090867595,0.0020311924643947404,3.9572916666666664,0,0,0,0,0,0,0,0,0,0,0,0,0,12,0,12,0,1,fixed_execution_host_runtime_payload_and_machine_specification__no_unmeasured_absolute_energy_or_carbon_claim,sequential_single_host_wall_clock_and_generated_protocol_object_bytes__machine_specification_recorded__transport_network_facility_energy_not_measured,runtime_payload_measured__energy_not_instrumented,not_reported_without_direct_hardware_energy_instrumentation,not_reported,False,,,,,,,not_reported,0,0.25,not_probed,0,,not_reported__no_valid_colab_network_or_device_energy_scope,,not_reported__no_direct_facility_or_grid_carbon_measurement,0.9402973589999419,Absolute energy and carbon are not reported because direct hardware energy instrumentation is disabled.,False,,,,CRYPTO_TIER
7,T1_Plain_TADP,15,comparative_protocol_experiment,comparative_experiment,main_comparative,Comparative federated-learning and protocol-enforcement experiment.,plain_or_protocol_control,custom_reference_python_prototype,True,2.3-phase1-fixed-threshold-critical-floor-review-profile,47dd2e58be138865a6d591a63329509757be6b563afb2badb96beb09eac726e5,02a004077765517e54657a1072e98c5ff8b30be1276296850f021743aa43481c,eb562985f77fc8a152d2d22d15bfd3f4695b107bdaa4c375fc5dde2be0f10805,T1_BASELINE,C4_RESTRICTED,T4_SAMK,C1_PUBLIC,T1_BASELINE,"{""T2_DF_KS"": 3, ""T3_XMK_CKKS"": 4, ""T4_SAMK"": 5}",False,False,below_unified_session_requirement__benchmark_only_not_deployment,C1_PUBLIC,0,profile_benchmark,C4_RESTRICTED,T4_SAMK,1,declared_profile_benchmark_not_governance_selected,not_applicable,not_applicable_plain_update_path,,,,not_applicable,0,0,0,False,,{},True,,strict_experiment_side_plaintext_oracle_comparison__max_coordinate_and_rmse_numeric_acceptance_envelope__relative_l2_diagnostic_only__no_plaintext_fallback_after_protected_aggregation_failure,custom_reference_prototype_numeric_acceptance_envelope__max_abs_and_rmse_are_acceptance_gates__relative_l2_is_diagnostic_only__not_a_formal_he_security_or_precision_proof,True,False,PASSED_PLAIN_CONTROL_CHECK,0.0,0.0,0.0,0.009226556548186307,0.009226556548186307,,,,True,True,True,True,finite_and_max_abs_and_rmse,0.9988413328183702,0.717948717948718,0.6176470588235294,0.8571428571428571,0.9281141972827398,0.7270735890776542,0.9791954380232679,0.7262287574090666,0.7262287574090666,0.8877551020408163,0.001758581879572313,0.8877551020408163,0.001758581879572313,56812,52,14,84,0.0009144625773776027,0.14285714285714285,0.8571428571428571,0.044310340498250965,0.044310340498250965,fpr,0.005,0.9991441550176655,0.7845303867403315,0.696078431372549,0.8987341772151899,0.9490263543802923,0.7905422865495717,0.9834132414691225,0.823843789853809,0.823843789853809,0.8987341772151899,0.0006814684546054077,0.8987341772151899,0.0006814684546054077,45459,31,8,71,0.0006814684546054077,0.10126582278481013,0.8987341772151899,0.044310340498250965,fpr,0.005,1.0,False,A1_TADP_admission_only,NOT_FINAL_ROUND,,,,,,,,,,,,,,,,,,,,False,0.9982795547909132,0.9561200860002828,353.9434559993424,183.08568099973854,0.0,0.0,0.0,0.0,240,2880,240.0,2880,2880,5760,,not_modelled__session_or_evaluation_key_material_excluded_from_round_payload,actual_generated_protocol_object_bytes,plain_model_update_uplink_plus_plain_global_update_broadcast,sum_of_actual_generated_client_update_objects_before_auxiliary_decryption_share_or_downlink_traffic,False,0.0,0.0,0.0,measured_sum_of_client_protection_plus_server_protected_aggregation_plus_authorized_recovery_or_decryption_ms_per_round,local_training__validation_test_evaluation__transport_latency__serialization_framing_not_explicitly_in_crypto_functions,0.0,0.0,12,12,0,plaintext_update_no_noise,1.0,plain_exact,0,0,False,0,0,False,not_applicable,0,[],0,,True,0.0017204452090867595,0.0020311924643947404,3.9572916666666664,0,0,0,0,0,0,0,0,0,0,0,0,0,12,0,12,0,1,fixed_execution_host_runtime_payload_and_machine_specification__no_unmeasured_absolute_energy_or_carbon_claim,sequential_single_host_wall_clock_and_generated_protocol_object_bytes__machine_specification_recorded__transport_network_facility_energy_not_measured,runtime_payload_measured__energy_not_instrumented,not_reported_without_direct_hardware_energy_instrumentation,not_reported,False,,,,,,,not_reported,0,0.25,not_probed,0,,not_reported__no_valid_colab_network_or_device_energy_scope,,not_reported__no_direct_facility_or_grid_carbon_measurement,0.9560937730002479,Absolute energy and carbon are not reported because direct hardware energy instrumentation is disabled.,False,,,,CRYPTO_TIER
7,T1_Plain_TADP,16,comparative_protocol_experiment,comparative_experiment,main_comparative,Comparative federated-learning and protocol-enforcement experiment.,plain_or_protocol_control,custom_reference_python_prototype,True,2.3-phase1-fixed-threshold-critical-floor-review-profile,47dd2e58be138865a6d591a63329509757be6b563afb2badb96beb09eac726e5,02a004077765517e54657a1072e98c5ff8b30be1276296850f021743aa43481c,eb562985f77fc8a152d2d22d15bfd3f4695b107bdaa4c375fc5dde2be0f10805,T1_BASELINE,C4_RESTRICTED,T4_SAMK,C1_PUBLIC,T1_BASELINE,"{""T2_DF_KS"": 3, ""T3_XMK_CKKS"": 4, ""T4_SAMK"": 5}",False,False,below_unified_session_requirement__benchmark_only_not_deployment,C1_PUBLIC,0,profile_benchmark,C4_RESTRICTED,T4_SAMK,1,declared_profile_benchmark_not_governance_selected,not_applicable,not_applicable_plain_update_path,,,,not_applicable,0,0,0,False,,{},True,,strict_experiment_side_plaintext_oracle_comparison__max_coordinate_and_rmse_numeric_acceptance_envelope__relative_l2_diagnostic_only__no_plaintext_fallback_after_protected_aggregation_failure,custom_reference_prototype_numeric_acceptance_envelope__max_abs_and_rmse_are_acceptance_gates__relative_l2_is_diagnostic_only__not_a_formal_he_security_or_precision_proof,True,False,PASSED_PLAIN_CONTROL_CHECK,0.0,0.0,0.0,0.00838157650650905,0.00838157650650905,,,,True,True,True,True,finite_and_max_abs_and_rmse,0.9988413328183702,0.717948717948718,0.6176470588235294,0.8571428571428571,0.9281141972827398,0.7270735890776542,0.9791618814098515,0.7263064755173826,0.7263064755173826,0.8877551020408163,0.001758581879572313,0.8877551020408163,0.001758581879572313,56812,52,14,84,0.0009144625773776027,0.14285714285714285,0.8571428571428571,0.04497014550344407,0.04497014550344407,fpr,0.005,0.9991441550176655,0.7845303867403315,0.696078431372549,0.8987341772151899,0.9490263543802923,0.7905422865495717,0.9833383884620629,0.8238465285902673,0.8238465285902673,0.8987341772151899,0.0006814684546054077,0.8987341772151899,0.0006814684546054077,45459,31,8,71,0.0006814684546054077,0.10126582278481013,0.8987341772151899,0.04497014550344407,fpr,0.005,1.0,False,A1_TADP_admission_only,NOT_FINAL_ROUND,,,,,,,,,,,,,,,,,,,,False,0.9982795547909132,0.9410315740001352,325.1551279981868,198.82038200012175,0.0,0.0,0.0,0.0,240,2880,240.0,2880,2880,5760,,not_modelled__session_or_evaluation_key_material_excluded_from_round_payload,actual_generated_protocol_object_bytes,plain_model_update_uplink_plus_plain_global_update_broadcast,sum_of_actual_generated_client_update_objects_before_auxiliary_decryption_share_or_downlink_traffic,False,0.0,0.0,0.0,measured_sum_of_client_protection_plus_server_protected_aggregation_plus_authorized_recovery_or_decryption_ms_per_round,local_training__validation_test_evaluation__transport_latency__serialization_framing_not_explicitly_in_crypto_functions,0.0,0.0,12,12,0,plaintext_update_no_noise,1.0,plain_exact,0,0,False,0,0,False,not_applicable,0,[],0,,True,0.0017204452090867595,0.0020311924643947404,3.9572916666666664,0,0,0,0,0,0,0,0,0,0,0,0,0,12,0,12,0,1,fixed_execution_host_runtime_payload_and_machine_specification__no_unmeasured_absolute_energy_or_carbon_claim,sequential_single_host_wall_clock_and_generated_protocol_object_bytes__machine_specification_recorded__transport_network_facility_energy_not_measured,runtime_payload_measured__energy_not_instrumented,not_reported_without_direct_hardware_energy_instrumentation,not_reported,False,,,,,,,not_reported,0,0.25,not_probed,0,,not_reported__no_valid_colab_network_or_device_energy_scope,,not_reported__no_direct_facility_or_grid_carbon_measurement,0.9410018460002902,Absolute energy and carbon are not reported because direct hardware energy instrumentation is disabled.,False,,,,CRYPTO_TIER
7,T1_Plain_TADP,17,comparative_protocol_experiment,comparative_experiment,main_comparative,Comparative federated-learning and protocol-enforcement experiment.,plain_or_protocol_control,custom_reference_python_prototype,True,2.3-phase1-fixed-threshold-critical-floor-review-profile,47dd2e58be138865a6d591a63329509757be6b563afb2badb96beb09eac726e5,02a004077765517e54657a1072e98c5ff8b30be1276296850f021743aa43481c,eb562985f77fc8a152d2d22d15bfd3f4695b107bdaa4c375fc5dde2be0f10805,T1_BASELINE,C4_RESTRICTED,T4_SAMK,C1_PUBLIC,T1_BASELINE,"{""T2_DF_KS"": 3, ""T3_XMK_CKKS"": 4, ""T4_SAMK"": 5}",False,False,below_unified_session_requirement__benchmark_only_not_deployment,C1_PUBLIC,0,profile_benchmark,C4_RESTRICTED,T4_SAMK,1,declared_profile_benchmark_not_governance_selected,not_applicable,not_applicable_plain_update_path,,,,not_applicable,0,0,0,False,,{},True,,strict_experiment_side_plaintext_oracle_comparison__max_coordinate_and_rmse_numeric_acceptance_envelope__relative_l2_diagnostic_only__no_plaintext_fallback_after_protected_aggregation_failure,custom_reference_prototype_numeric_acceptance_envelope__max_abs_and_rmse_are_acceptance_gates__relative_l2_is_diagnostic_only__not_a_formal_he_security_or_precision_proof,True,False,PASSED_PLAIN_CONTROL_CHECK,0.0,0.0,0.0,0.006751173496348348,0.006751173496348348,,,,True,True,True,True,finite_and_max_abs_and_rmse,0.9988588883817282,0.721030042918455,0.6222222222222222,0.8571428571428571,0.9281229901921376,0.7297700531077194,0.9791661881409852,0.7263598295300525,0.7263598295300525,0.8877551020408163,0.001776167698368036,0.8877551020408163,0.001776167698368036,56813,51,14,84,0.0008968767585818796,0.14285714285714285,0.8571428571428571,0.045345184955568135,0.045345184955568135,fpr,0.005,0.9991441550176655,0.7845303867403315,0.696078431372549,0.8987341772151899,0.9490263543802923,0.7905422865495717,0.9832777269173083,0.8238461796100317,0.8238461796100317,0.8987341772151899,0.0006814684546054077,0.8987341772151899,0.0006814684546054077,45459,31,8,71,0.0006814684546054077,0.10126582278481013,0.8987341772151899,0.045345184955568135,fpr,0.005,1.0,False,A1_TADP_admission_only,NOT_FINAL_ROUND,,,,,,,,,,,,,,,,,,,,False,0.9982795547909132,1.1511470860000372,408.7361160004548,220.5812249999326,0.0,0.0,0.0,0.0,240,2880,240.0,2880,2880,5760,,not_modelled__session_or_evaluation_key_material_excluded_from_round_payload,actual_generated_protocol_object_bytes,plain_model_update_uplink_plus_plain_global_update_broadcast,sum_of_actual_generated_client_update_objects_before_auxiliary_decryption_share_or_downlink_traffic,False,0.0,0.0,0.0,measured_sum_of_client_protection_plus_server_protected_aggregation_plus_authorized_recovery_or_decryption_ms_per_round,local_training__validation_test_evaluation__transport_latency__serialization_framing_not_explicitly_in_crypto_functions,0.0,0.0,12,12,0,plaintext_update_no_noise,1.0,plain_exact,0,0,False,0,0,False,not_applicable,0,[],0,,True,0.0017204452090867595,0.0020311924643947404,3.9572916666666664,0,0,0,0,0,0,0,0,0,0,0,0,0,12,0,12,0,1,fixed_execution_host_runtime_payload_and_machine_specification__no_unmeasured_absolute_energy_or_carbon_claim,sequential_single_host_wall_clock_and_generated_protocol_object_bytes__machine_specification_recorded__transport_network_facility_energy_not_measured,runtime_payload_measured__energy_not_instrumented,not_reported_without_direct_hardware_energy_instrumentation,not_reported,False,,,,,,,not_reported,0,0.25,not_probed,0,,not_reported__no_valid_colab_network_or_device_energy_scope,,not_reported__no_direct_facility_or_grid_carbon_measurement,1.1511174219999702,Absolute energy and carbon are not reported because direct hardware energy instrumentation is disabled.,False,,,,CRYPTO_TIER
7,T1_Plain_TADP,18,comparative_protocol_experiment,comparative_experiment,main_comparative,Comparative federated-learning and protocol-enforcement experiment.,plain_or_protocol_control,custom_reference_python_prototype,True,2.3-phase1-fixed-threshold-critical-floor-review-profile,47dd2e58be138865a6d591a63329509757be6b563afb2badb96beb09eac726e5,02a004077765517e54657a1072e98c5ff8b30be1276296850f021743aa43481c,eb562985f77fc8a152d2d22d15bfd3f4695b107bdaa4c375fc5dde2be0f10805,T1_BASELINE,C4_RESTRICTED,T4_SAMK,C1_PUBLIC,T1_BASELINE,"{""T2_DF_KS"": 3, ""T3_XMK_CKKS"": 4, ""T4_SAMK"": 5}",False,False,below_unified_session_requirement__benchmark_only_not_deployment,C1_PUBLIC,0,profile_benchmark,C4_RESTRICTED,T4_SAMK,1,declared_profile_benchmark_not_governance_selected,not_applicable,not_applicable_plain_update_path,,,,not_applicable,0,0,0,False,,{},True,,strict_experiment_side_plaintext_oracle_comparison__max_coordinate_and_rmse_numeric_acceptance_envelope__relative_l2_diagnostic_only__no_plaintext_fallback_after_protected_aggregation_failure,custom_reference_prototype_numeric_acceptance_envelope__max_abs_and_rmse_are_acceptance_gates__relative_l2_is_diagnostic_only__not_a_formal_he_security_or_precision_proof,True,False,PASSED_PLAIN_CONTROL_CHECK,0.0,0.0,0.0,0.006950389879661102,0.006950389879661102,,,,True,True,True,True,finite_and_max_abs_and_rmse,0.9988588883817282,0.721030042918455,0.6222222222222222,0.8571428571428571,0.9281229901921376,0.7297700531077194,0.9791532679475842,0.7263416050499951,0.7263416050499951,0.8877551020408163,0.0017937535171637592,0.8877551020408163,0.0017937535171637592,56813,51,14,84,0.0008968767585818796,0.14285714285714285,0.8571428571428571,0.045648081797710585,0.045648081797710585,fpr,0.005,0.9991441550176655,0.7845303867403315,0.696078431372549,0.8987341772151899,0.9490263543802923,0.7905422865495717,0.9832849617804441,0.8237290741276169,0.8237290741276169,0.8987341772151899,0.0006814684546054077,0.8987341772151899,0.0006814684546054077,45459,31,8,71,0.0006814684546054077,0.10126582278481013,0.8987341772151899,0.045648081797710585,fpr,0.005,1.0,False,A1_TADP_admission_only,NOT_FINAL_ROUND,,,,,,,,,,,,,,,,,,,,False,0.9982795547909132,1.2224309580001318,504.75230299980467,211.20714100015903,0.0,0.0,0.0,0.0,240,2880,240.0,2880,2880,5760,,not_modelled__session_or_evaluation_key_material_excluded_from_round_payload,actual_generated_protocol_object_bytes,plain_model_update_uplink_plus_plain_global_update_broadcast,sum_of_actual_generated_client_update_objects_before_auxiliary_decryption_share_or_downlink_traffic,False,0.0,0.0,0.0,measured_sum_of_client_protection_plus_server_protected_aggregation_plus_authorized_recovery_or_decryption_ms_per_round,local_training__validation_test_evaluation__transport_latency__serialization_framing_not_explicitly_in_crypto_functions,0.0,0.0,12,12,0,plaintext_update_no_noise,1.0,plain_exact,0,0,False,0,0,False,not_applicable,0,[],0,,True,0.0017204452090867595,0.0020311924643947404,3.9572916666666664,0,0,0,0,0,0,0,0,0,0,0,0,0,12,0,12,0,1,fixed_execution_host_runtime_payload_and_machine_specification__no_unmeasured_absolute_energy_or_carbon_claim,sequential_single_host_wall_clock_and_generated_protocol_object_bytes__machine_specification_recorded__transport_network_facility_energy_not_measured,runtime_payload_measured__energy_not_instrumented,not_reported_without_direct_hardware_energy_instrumentation,not_reported,False,,,,,,,not_reported,0,0.25,not_probed,0,,not_reported__no_valid_colab_network_or_device_energy_scope,,not_reported__no_direct_facility_or_grid_carbon_measurement,1.2223994000000857,Absolute energy and carbon are not reported because direct hardware energy instrumentation is disabled.,False,,,,CRYPTO_TIER
7,T1_Plain_TADP,19,comparative_protocol_experiment,comparative_experiment,main_comparative,Comparative federated-learning and protocol-enforcement experiment.,plain_or_protocol_control,custom_reference_python_prototype,True,2.3-phase1-fixed-threshold-critical-floor-review-profile,47dd2e58be138865a6d591a63329509757be6b563afb2badb96beb09eac726e5,02a004077765517e54657a1072e98c5ff8b30be1276296850f021743aa43481c,eb562985f77fc8a152d2d22d15bfd3f4695b107bdaa4c375fc5dde2be0f10805,T1_BASELINE,C4_RESTRICTED,T4_SAMK,C1_PUBLIC,T1_BASELINE,"{""T2_DF_KS"": 3, ""T3_XMK_CKKS"": 4, ""T4_SAMK"": 5}",False,False,below_unified_session_requirement__benchmark_only_not_deployment,C1_PUBLIC,0,profile_benchmark,C4_RESTRICTED,T4_SAMK,1,declared_profile_benchmark_not_governance_selected,not_applicable,not_applicable_plain_update_path,,,,not_applicable,0,0,0,False,,{},True,,strict_experiment_side_plaintext_oracle_comparison__max_coordinate_and_rmse_numeric_acceptance_envelope__relative_l2_diagnostic_only__no_plaintext_fallback_after_protected_aggregation_failure,custom_reference_prototype_numeric_acceptance_envelope__max_abs_and_rmse_are_acceptance_gates__relative_l2_is_diagnostic_only__not_a_formal_he_security_or_precision_proof,True,False,PASSED_PLAIN_CONTROL_CHECK,0.0,0.0,0.0,0.007482183811946144,0.007482183811946144,,,,True,True,True,True,finite_and_max_abs_and_rmse,0.9988588883817282,0.721030042918455,0.6222222222222222,0.8571428571428571,0.9281229901921376,0.7297700531077194,0.9791654703524629,0.7267729518123275,0.7267729518123275,0.8877551020408163,0.001776167698368036,0.8877551020408163,0.001776167698368036,56813,51,14,84,0.0008968767585818796,0.14285714285714285,0.8571428571428571,0.045701116156274466,0.045701116156274466,fpr,0.005,0.9991441550176655,0.7845303867403315,0.696078431372549,0.8987341772151899,0.9490263543802923,0.7905422865495717,0.9832557440639339,0.8245201755310599,0.8245201755310599,0.8987341772151899,0.0006814684546054077,0.8987341772151899,0.0006814684546054077,45459,31,8,71,0.0006814684546054077,0.10126582278481013,0.8987341772151899,0.045701116156274466,fpr,0.005,1.0,False,A1_TADP_admission_only,NOT_FINAL_ROUND,,,,,,,,,,,,,,,,,,,,False,0.9982795547909132,1.2786029730000337,537.687010999889,222.5567850000516,0.0,0.0,0.0,0.0,240,2880,240.0,2880,2880,5760,,not_modelled__session_or_evaluation_key_material_excluded_from_round_payload,actual_generated_protocol_object_bytes,plain_model_update_uplink_plus_plain_global_update_broadcast,sum_of_actual_generated_client_update_objects_before_auxiliary_decryption_share_or_downlink_traffic,False,0.0,0.0,0.0,measured_sum_of_client_protection_plus_server_protected_aggregation_plus_authorized_recovery_or_decryption_ms_per_round,local_training__validation_test_evaluation__transport_latency__serialization_framing_not_explicitly_in_crypto_functions,0.0,0.0,12,12,0,plaintext_update_no_noise,1.0,plain_exact,0,0,False,0,0,False,not_applicable,0,[],0,,True,0.0017204452090867595,0.0020311924643947404,3.9572916666666664,0,0,0,0,0,0,0,0,0,0,0,0,0,12,0,12,0,1,fixed_execution_host_runtime_payload_and_machine_specification__no_unmeasured_absolute_energy_or_carbon_claim,sequential_single_host_wall_clock_and_generated_protocol_object_bytes__machine_specification_recorded__transport_network_facility_energy_not_measured,runtime_payload_measured__energy_not_instrumented,not_reported_without_direct_hardware_energy_instrumentation,not_reported,False,,,,,,,not_reported,0,0.25,not_probed,0,,not_reported__no_valid_colab_network_or_device_energy_scope,,not_reported__no_direct_facility_or_grid_carbon_measurement,1.2785727280001993,Absolute energy and carbon are not reported because direct hardware energy instrumentation is disabled.,False,,,,CRYPTO_TIER
7,T1_Plain_TADP,20,comparative_protocol_experiment,comparative_experiment,main_comparative,Comparative federated-learning and protocol-enforcement experiment.,plain_or_protocol_control,custom_reference_python_prototype,True,2.3-phase1-fixed-threshold-critical-floor-review-profile,47dd2e58be138865a6d591a63329509757be6b563afb2badb96beb09eac726e5,02a004077765517e54657a1072e98c5ff8b30be1276296850f021743aa43481c,eb562985f77fc8a152d2d22d15bfd3f4695b107bdaa4c375fc5dde2be0f10805,T1_BASELINE,C4_RESTRICTED,T4_SAMK,C1_PUBLIC,T1_BASELINE,"{""T2_DF_KS"": 3, ""T3_XMK_CKKS"": 4, ""T4_SAMK"": 5}",False,False,below_unified_session_requirement__benchmark_only_not_deployment,C1_PUBLIC,0,profile_benchmark,C4_RESTRICTED,T4_SAMK,1,declared_profile_benchmark_not_governance_selected,not_applicable,not_applicable_plain_update_path,,,,not_applicable,0,0,0,False,,{},True,,strict_experiment_side_plaintext_oracle_comparison__max_coordinate_and_rmse_numeric_acceptance_envelope__relative_l2_diagnostic_only__no_plaintext_fallback_after_protected_aggregation_failure,custom_reference_prototype_numeric_acceptance_envelope__max_abs_and_rmse_are_acceptance_gates__relative_l2_is_diagnostic_only__not_a_formal_he_security_or_precision_proof,True,False,PASSED_PLAIN_CONTROL_CHECK,0.0,0.0,0.0,0.006755201359201097,0.006755201359201097,,,,True,True,True,True,finite_and_max_abs_and_rmse,0.9988588883817282,0.721030042918455,0.6222222222222222,0.8571428571428571,0.9281229901921376,0.7297700531077194,0.9791850300896948,0.7268344329773356,0.7268344329773356,0.8877551020408163,0.001776167698368036,0.8877551020408163,0.001776167698368036,56813,51,14,84,0.0008968767585818796,0.14285714285714285,0.8571428571428571,0.04571984698583504,0.04571984698583504,fpr,0.005,0.9991441550176655,0.7845303867403315,0.696078431372549,0.8987341772151899,0.9490263543802923,0.7905422865495717,0.9832412743376622,0.8245222504392624,0.8245222504392624,0.8987341772151899,0.0006814684546054077,0.8987341772151899,0.0006814684546054077,45459,31,8,71,0.0006814684546054077,0.10126582278481013,0.8987341772151899,0.04571984698583504,fpr,0.005,1.0,True,A1_TADP_admission_only,COMPARED,0.7268344329773356,0.7268344329773356,0.0,0.721030042918455,0.721030042918455,0.0,0.7297700531077194,0.7297700531077194,0.0,0.04571984698583504,0.04571984698583504,0.0,0.0,0.0,0.0,0.0,0.0,0.0,0.0,True,0.9982795547909132,0.9946543780001775,398.19963400032066,176.4526310007568,0.0,0.0,0.0,0.0,240,2880,240.0,2880,2880,5760,,not_modelled__session_or_evaluation_key_material_excluded_from_round_payload,actual_generated_protocol_object_bytes,plain_model_update_uplink_plus_plain_global_update_broadcast,sum_of_actual_generated_client_update_objects_before_auxiliary_decryption_share_or_downlink_traffic,False,0.0,0.0,0.0,measured_sum_of_client_protection_plus_server_protected_aggregation_plus_authorized_recovery_or_decryption_ms_per_round,local_training__validation_test_evaluation__transport_latency__serialization_framing_not_explicitly_in_crypto_functions,0.0,0.0,12,12,0,plaintext_update_no_noise,1.0,plain_exact,0,0,False,0,0,False,not_applicable,0,[],0,,True,0.0017204452090867595,0.0020311924643947404,3.9572916666666664,0,0,0,0,0,0,0,0,0,0,0,0,0,12,0,12,0,1,fixed_execution_host_runtime_payload_and_machine_specification__no_unmeasured_absolute_energy_or_carbon_claim,sequential_single_host_wall_clock_and_generated_protocol_object_bytes__machine_specification_recorded__transport_network_facility_energy_not_measured,runtime_payload_measured__energy_not_instrumented,not_reported_without_direct_hardware_energy_instrumentation,not_reported,False,,,,,,,not_reported,0,0.25,not_probed,0,,not_reported__no_valid_colab_network_or_device_energy_scope,,not_reported__no_direct_facility_or_grid_carbon_measurement,0.9946252360000472,Absolute energy and carbon are not reported because direct hardware energy instrumentation is disabled.,False,,,,CRYPTO_TIER
11,T1_Plain_TADP,1,comparative_protocol_experiment,comparative_experiment,main_comparative,Comparative federated-learning and protocol-enforcement experiment.,plain_or_protocol_control,custom_reference_python_prototype,True,2.3-phase1-fixed-threshold-critical-floor-review-profile,47dd2e58be138865a6d591a63329509757be6b563afb2badb96beb09eac726e5,74e7e496a2965934815498fda15c0fe301c572934d9dad3bd52ab614cd21e31a,eb562985f77fc8a152d2d22d15bfd3f4695b107bdaa4c375fc5dde2be0f10805,T1_BASELINE,C4_RESTRICTED,T4_SAMK,C1_PUBLIC,T1_BASELINE,"{""T2_DF_KS"": 3, ""T3_XMK_CKKS"": 4, ""T4_SAMK"": 5}",False,False,below_unified_session_requirement__benchmark_only_not_deployment,C1_PUBLIC,0,profile_benchmark,C4_RESTRICTED,T4_SAMK,1,declared_profile_benchmark_not_governance_selected,not_applicable,not_applicable_plain_update_path,,,,not_applicable,0,0,0,False,,{},True,,strict_experiment_side_plaintext_oracle_comparison__max_coordinate_and_rmse_numeric_acceptance_envelope__relative_l2_diagnostic_only__no_plaintext_fallback_after_protected_aggregation_failure,custom_reference_prototype_numeric_acceptance_envelope__max_abs_and_rmse_are_acceptance_gates__relative_l2_is_diagnostic_only__not_a_formal_he_security_or_precision_proof,True,False,PASSED_PLAIN_CONTROL_CHECK,0.0,0.0,0.0,0.30747356885201754,0.30747356885201754,,,,True,True,True,True,finite_and_max_abs_and_rmse,0.9991748885221726,0.7751196172248804,0.7297297297297297,0.826530612244898,0.9130015188405132,0.7762164491942695,0.9398749827730755,0.7029945164392256,0.7029945164392256,0.8775510204081632,0.0028313168261114236,0.8775510204081632,0.0028313168261114236,56834,30,17,81,0.0005275745638716939,0.17346938775510204,0.826530612244898,0.0036249618831598815,0.0036249618831598815,fpr,0.005,0.9994074919353069,0.8383233532934131,0.7954545454545454,0.8860759493670886,0.9428401290031749,0.8392515262794016,0.9617562351998352,0.8035942871428478,0.8035942871428478,0.8860759493670886,0.00039569136073862386,0.8860759493670886,0.00039569136073862386,45472,18,9,70,0.00039569136073862386,0.11392405063291139,0.8860759493670886,0.0036249618831598815,fpr,0.005,1.0,False,A1_TADP_admission_only,NOT_FINAL_ROUND,,,,,,,,,,,,,,,,,,,,False,0.9982795547909132,0.9304854599999999,321.5771809996113,181.1497260005126,0.0,0.0,0.0,0.0,240,2880,240.0,2880,2880,5760,,not_modelled__session_or_evaluation_key_material_excluded_from_round_payload,actual_generated_protocol_object_bytes,plain_model_update_uplink_plus_plain_global_update_broadcast,sum_of_actual_generated_client_update_objects_before_auxiliary_decryption_share_or_downlink_traffic,False,0.0,0.0,0.0,measured_sum_of_client_protection_plus_server_protected_aggregation_plus_authorized_recovery_or_decryption_ms_per_round,local_training__validation_test_evaluation__transport_latency__serialization_framing_not_explicitly_in_crypto_functions,0.0,0.0,12,12,0,plaintext_update_no_noise,1.0,plain_exact,0,0,False,0,0,False,not_applicable,0,[],0,,True,0.0017204452090867595,0.0020311924643947404,3.9572916666666664,0,0,0,0,0,0,0,0,0,0,0,0,0,12,0,12,0,1,fixed_execution_host_runtime_payload_and_machine_specification__no_unmeasured_absolute_energy_or_carbon_claim,sequential_single_host_wall_clock_and_generated_protocol_object_bytes__machine_specification_recorded__transport_network_facility_energy_not_measured,runtime_payload_measured__energy_not_instrumented,not_reported_without_direct_hardware_energy_instrumentation,not_reported,False,,,,,,,not_reported,0,0.25,not_probed,0,,not_reported__no_valid_colab_network_or_device_energy_scope,,not_reported__no_direct_facility_or_grid_carbon_measurement,0.9304491910002071,Absolute energy and carbon are not reported because direct hardware energy instrumentation is disabled.,False,,,,CRYPTO_TIER
11,T1_Plain_TADP,2,comparative_protocol_experiment,comparative_experiment,main_comparative,Comparative federated-learning and protocol-enforcement experiment.,plain_or_protocol_control,custom_reference_python_prototype,True,2.3-phase1-fixed-threshold-critical-floor-review-profile,47dd2e58be138865a6d591a63329509757be6b563afb2badb96beb09eac726e5,74e7e496a2965934815498fda15c0fe301c572934d9dad3bd52ab614cd21e31a,eb562985f77fc8a152d2d22d15bfd3f4695b107bdaa4c375fc5dde2be0f10805,T1_BASELINE,C4_RESTRICTED,T4_SAMK,C1_PUBLIC,T1_BASELINE,"{""T2_DF_KS"": 3, ""T3_XMK_CKKS"": 4, ""T4_SAMK"": 5}",False,False,below_unified_session_requirement__benchmark_only_not_deployment,C1_PUBLIC,0,profile_benchmark,C4_RESTRICTED,T4_SAMK,1,declared_profile_benchmark_not_governance_selected,not_applicable,not_applicable_plain_update_path,,,,not_applicable,0,0,0,False,,{},True,,strict_experiment_side_plaintext_oracle_comparison__max_coordinate_and_rmse_numeric_acceptance_envelope__relative_l2_diagnostic_only__no_plaintext_fallback_after_protected_aggregation_failure,custom_reference_prototype_numeric_acceptance_envelope__max_abs_and_rmse_are_acceptance_gates__relative_l2_is_diagnostic_only__not_a_formal_he_security_or_precision_proof,True,False,PASSED_PLAIN_CONTROL_CHECK,0.0,0.0,0.0,0.2827323778066706,0.2827323778066706,,,,True,True,True,True,finite_and_max_abs_and_rmse,0.9980337769039008,0.6056338028169014,0.46236559139784944,0.8775510204081632,0.9378962192642954,0.6362005847193377,0.9572129850814833,0.7173129115135127,0.7173129115135127,0.8775510204081632,0.0008617051209904333,0.8877551020408163,0.005521947101857063,56764,100,12,86,0.001758581879572313,0.12244897959183673,0.8775510204081632,0.0048285749588250475,0.0048285749588250475,fpr,0.005,0.9984419232372885,0.6666666666666666,0.5298507462686567,0.8987341772151899,0.9486746287263024,0.6894223468346307,0.969483347292909,0.8166075975091847,0.8166075975091847,0.8987341772151899,0.0013849197625851834,0.8987341772151899,0.0013849197625851834,45427,63,8,71,0.0013849197625851834,0.10126582278481013,0.8987341772151899,0.0048285749588250475,fpr,0.005,1.0,False,A1_TADP_admission_only,NOT_FINAL_ROUND,,,,,,,,,,,,,,,,,,,,False,0.9982795547909132,0.9067871570000534,314.8698150002929,178.3676430000014,0.0,0.0,0.0,0.0,240,2880,240.0,2880,2880,5760,,not_modelled__session_or_evaluation_key_material_excluded_from_round_payload,actual_generated_protocol_object_bytes,plain_model_update_uplink_plus_plain_global_update_broadcast,sum_of_actual_generated_client_update_objects_before_auxiliary_decryption_share_or_downlink_traffic,False,0.0,0.0,0.0,measured_sum_of_client_protection_plus_server_protected_aggregation_plus_authorized_recovery_or_decryption_ms_per_round,local_training__validation_test_evaluation__transport_latency__serialization_framing_not_explicitly_in_crypto_functions,0.0,0.0,12,12,0,plaintext_update_no_noise,1.0,plain_exact,0,0,False,0,0,False,not_applicable,0,[],0,,True,0.0017204452090867595,0.0020311924643947404,3.9572916666666664,0,0,0,0,0,0,0,0,0,0,0,0,0,12,0,12,0,1,fixed_execution_host_runtime_payload_and_machine_specification__no_unmeasured_absolute_energy_or_carbon_claim,sequential_single_host_wall_clock_and_generated_protocol_object_bytes__machine_specification_recorded__transport_network_facility_energy_not_measured,runtime_payload_measured__energy_not_instrumented,not_reported_without_direct_hardware_energy_instrumentation,not_reported,False,,,,,,,not_reported,0,0.25,not_probed,0,,not_reported__no_valid_colab_network_or_device_energy_scope,,not_reported__no_direct_facility_or_grid_carbon_measurement,0.9067606579997118,Absolute energy and carbon are not reported because direct hardware energy instrumentation is disabled.,False,,,,CRYPTO_TIER
11,T1_Plain_TADP,3,comparative_protocol_experiment,comparative_experiment,main_comparative,Comparative federated-learning and protocol-enforcement experiment.,plain_or_protocol_control,custom_reference_python_prototype,True,2.3-phase1-fixed-threshold-critical-floor-review-profile,47dd2e58be138865a6d591a63329509757be6b563afb2badb96beb09eac726e5,74e7e496a2965934815498fda15c0fe301c572934d9dad3bd52ab614cd21e31a,eb562985f77fc8a152d2d22d15bfd3f4695b107bdaa4c375fc5dde2be0f10805,T1_BASELINE,C4_RESTRICTED,T4_SAMK,C1_PUBLIC,T1_BASELINE,"{""T2_DF_KS"": 3, ""T3_XMK_CKKS"": 4, ""T4_SAMK"": 5}",False,False,below_unified_session_requirement__benchmark_only_not_deployment,C1_PUBLIC,0,profile_benchmark,C4_RESTRICTED,T4_SAMK,1,declared_profile_benchmark_not_governance_selected,not_applicable,not_applicable_plain_update_path,,,,not_applicable,0,0,0,False,,{},True,,strict_experiment_side_plaintext_oracle_comparison__max_coordinate_and_rmse_numeric_acceptance_envelope__relative_l2_diagnostic_only__no_plaintext_fallback_after_protected_aggregation_failure,custom_reference_prototype_numeric_acceptance_envelope__max_abs_and_rmse_are_acceptance_gates__relative_l2_is_diagnostic_only__not_a_formal_he_security_or_precision_proof,True,False,PASSED_PLAIN_CONTROL_CHECK,0.0,0.0,0.0,0.24842772438327973,0.24842772438327973,,,,True,True,True,True,finite_and_max_abs_and_rmse,0.9987886661282961,0.7136929460580913,0.6013986013986014,0.8775510204081632,0.9382743143684036,0.7259269901137303,0.9688862003721015,0.7205834232681169,0.7205834232681169,0.8877551020408163,0.0042381823297692744,0.8877551020408163,0.0042381823297692744,56807,57,12,86,0.0010023916713562183,0.12244897959183673,0.8775510204081632,0.007272868307054751,0.007272868307054751,fpr,0.005,0.9989466523294345,0.7473684210526316,0.6396396396396397,0.8987341772151899,0.9489274315401075,0.7577239277086468,0.9749709909814648,0.8187619653147731,0.8187619653147731,0.8987341772151899,0.0008793141349747197,0.8987341772151899,0.0008793141349747197,45450,40,8,71,0.0008793141349747197,0.10126582278481013,0.8987341772151899,0.007272868307054751,fpr,0.005,1.0,False,A1_TADP_admission_only,NOT_FINAL_ROUND,,,,,,,,,,,,,,,,,,,,False,0.9982795547909132,0.921429495999746,342.7644970001893,174.95656399933068,0.0,0.0,0.0,0.0,240,2880,240.0,2880,2880,5760,,not_modelled__session_or_evaluation_key_material_excluded_from_round_payload,actual_generated_protocol_object_bytes,plain_model_update_uplink_plus_plain_global_update_broadcast,sum_of_actual_generated_client_update_objects_before_auxiliary_decryption_share_or_downlink_traffic,False,0.0,0.0,0.0,measured_sum_of_client_protection_plus_server_protected_aggregation_plus_authorized_recovery_or_decryption_ms_per_round,local_training__validation_test_evaluation__transport_latency__serialization_framing_not_explicitly_in_crypto_functions,0.0,0.0,12,12,0,plaintext_update_no_noise,1.0,plain_exact,0,0,False,0,0,False,not_applicable,0,[],0,,True,0.0017204452090867595,0.0020311924643947404,3.9572916666666664,0,0,0,0,0,0,0,0,0,0,0,0,0,12,0,12,0,1,fixed_execution_host_runtime_payload_and_machine_specification__no_unmeasured_absolute_energy_or_carbon_claim,sequential_single_host_wall_clock_and_generated_protocol_object_bytes__machine_specification_recorded__transport_network_facility_energy_not_measured,runtime_payload_measured__energy_not_instrumented,not_reported_without_direct_hardware_energy_instrumentation,not_reported,False,,,,,,,not_reported,0,0.25,not_probed,0,,not_reported__no_valid_colab_network_or_device_energy_scope,,not_reported__no_direct_facility_or_grid_carbon_measurement,0.9214040370002294,Absolute energy and carbon are not reported because direct hardware energy instrumentation is disabled.,False,,,,CRYPTO_TIER
11,T1_Plain_TADP,4,comparative_protocol_experiment,comparative_experiment,main_comparative,Comparative federated-learning and protocol-enforcement experiment.,plain_or_protocol_control,custom_reference_python_prototype,True,2.3-phase1-fixed-threshold-critical-floor-review-profile,47dd2e58be138865a6d591a63329509757be6b563afb2badb96beb09eac726e5,74e7e496a2965934815498fda15c0fe301c572934d9dad3bd52ab614cd21e31a,eb562985f77fc8a152d2d22d15bfd3f4695b107bdaa4c375fc5dde2be0f10805,T1_BASELINE,C4_RESTRICTED,T4_SAMK,C1_PUBLIC,T1_BASELINE,"{""T2_DF_KS"": 3, ""T3_XMK_CKKS"": 4, ""T4_SAMK"": 5}",False,False,below_unified_session_requirement__benchmark_only_not_deployment,C1_PUBLIC,0,profile_benchmark,C4_RESTRICTED,T4_SAMK,1,declared_profile_benchmark_not_governance_selected,not_applicable,not_applicable_plain_update_path,,,,not_applicable,0,0,0,False,,{},True,,strict_experiment_side_plaintext_oracle_comparison__max_coordinate_and_rmse_numeric_acceptance_envelope__relative_l2_diagnostic_only__no_plaintext_fallback_after_protected_aggregation_failure,custom_reference_prototype_numeric_acceptance_envelope__max_abs_and_rmse_are_acceptance_gates__relative_l2_is_diagnostic_only__not_a_formal_he_security_or_precision_proof,True,False,PASSED_PLAIN_CONTROL_CHECK,0.0,0.0,0.0,0.2044303611272178,0.2044303611272178,,,,True,True,True,True,finite_and_max_abs_and_rmse,0.9988062216916541,0.7166666666666667,0.6056338028169014,0.8775510204081632,0.9382831072778014,0.7284867912883576,0.9749540256451483,0.7210810859103175,0.7210810859103175,0.8877551020408163,0.003974395047833427,0.8877551020408163,0.003974395047833427,56808,56,12,86,0.0009848058525604951,0.12244897959183673,0.8775510204081632,0.010429115951855082,0.010429115951855082,fpr,0.005,0.9990344313019817,0.7634408602150538,0.6635514018691588,0.8987341772151899,0.9489713972468563,0.7717986706821625,0.9804895219703315,0.8195356676216922,0.8195356676216922,0.8987341772151899,0.0007913827214772477,0.8987341772151899,0.0007913827214772477,45454,36,8,71,0.0007913827214772477,0.10126582278481013,0.8987341772151899,0.010429115951855082,fpr,0.005,1.0,False,A1_TADP_admission_only,NOT_FINAL_ROUND,,,,,,,,,,,,,,,,,,,,False,0.9982795547909132,0.9233111820003614,319.9054869996871,186.12628199980463,0.0,0.0,0.0,0.0,240,2880,240.0,2880,2880,5760,,not_modelled__session_or_evaluation_key_material_excluded_from_round_payload,actual_generated_protocol_object_bytes,plain_model_update_uplink_plus_plain_global_update_broadcast,sum_of_actual_generated_client_update_objects_before_auxiliary_decryption_share_or_downlink_traffic,False,0.0,0.0,0.0,measured_sum_of_client_protection_plus_server_protected_aggregation_plus_authorized_recovery_or_decryption_ms_per_round,local_training__validation_test_evaluation__transport_latency__serialization_framing_not_explicitly_in_crypto_functions,0.0,0.0,12,12,0,plaintext_update_no_noise,1.0,plain_exact,0,0,False,0,0,False,not_applicable,0,[],0,,True,0.0017204452090867595,0.0020311924643947404,3.9572916666666664,0,0,0,0,0,0,0,0,0,0,0,0,0,12,0,12,0,1,fixed_execution_host_runtime_payload_and_machine_specification__no_unmeasured_absolute_energy_or_carbon_claim,sequential_single_host_wall_clock_and_generated_protocol_object_bytes__machine_specification_recorded__transport_network_facility_energy_not_measured,runtime_payload_measured__energy_not_instrumented,not_reported_without_direct_hardware_energy_instrumentation,not_reported,False,,,,,,,not_reported,0,0.25,not_probed,0,,not_reported__no_valid_colab_network_or_device_energy_scope,,not_reported__no_direct_facility_or_grid_carbon_measurement,0.9232859829999143,Absolute energy and carbon are not reported because direct hardware energy instrumentation is disabled.,False,,,,CRYPTO_TIER
11,T1_Plain_TADP,5,comparative_protocol_experiment,comparative_experiment,main_comparative,Comparative federated-learning and protocol-enforcement experiment.,plain_or_protocol_control,custom_reference_python_prototype,True,2.3-phase1-fixed-threshold-critical-floor-review-profile,47dd2e58be138865a6d591a63329509757be6b563afb2badb96beb09eac726e5,74e7e496a2965934815498fda15c0fe301c572934d9dad3bd52ab614cd21e31a,eb562985f77fc8a152d2d22d15bfd3f4695b107bdaa4c375fc5dde2be0f10805,T1_BASELINE,C4_RESTRICTED,T4_SAMK,C1_PUBLIC,T1_BASELINE,"{""T2_DF_KS"": 3, ""T3_XMK_CKKS"": 4, ""T4_SAMK"": 5}",False,False,below_unified_session_requirement__benchmark_only_not_deployment,C1_PUBLIC,0,profile_benchmark,C4_RESTRICTED,T4_SAMK,1,declared_profile_benchmark_not_governance_selected,not_applicable,not_applicable_plain_update_path,,,,not_applicable,0,0,0,False,,{},True,,strict_experiment_side_plaintext_oracle_comparison__max_coordinate_and_rmse_numeric_acceptance_envelope__relative_l2_diagnostic_only__no_plaintext_fallback_after_protected_aggregation_failure,custom_reference_prototype_numeric_acceptance_envelope__max_abs_and_rmse_are_acceptance_gates__relative_l2_is_diagnostic_only__not_a_formal_he_security_or_precision_proof,True,False,PASSED_PLAIN_CONTROL_CHECK,0.0,0.0,0.0,0.16499177147654354,0.16499177147654354,,,,True,True,True,True,finite_and_max_abs_and_rmse,0.9987886661282961,0.7136929460580913,0.6013986013986014,0.8775510204081632,0.9382743143684036,0.7259269901137303,0.977247359973815,0.7221973140994912,0.7221973140994912,0.8877551020408163,0.003693021947101857,0.8877551020408163,0.003693021947101857,56807,57,12,86,0.0010023916713562183,0.12244897959183673,0.8775510204081632,0.014255238910383543,0.014255238910383543,fpr,0.005,0.9990563760451184,0.7675675675675676,0.6698113207547169,0.8987341772151899,0.9489823886735436,0.7754411396718406,0.9829145924406811,0.8206024063680065,0.8206024063680065,0.8987341772151899,0.0007693998681028798,0.8987341772151899,0.0007693998681028798,45455,35,8,71,0.0007693998681028798,0.10126582278481013,0.8987341772151899,0.014255238910383543,fpr,0.005,1.0,False,A1_TADP_admission_only,NOT_FINAL_ROUND,,,,,,,,,,,,,,,,,,,,False,0.9982795547909132,0.9097756360001767,319.2142399993827,177.39725799901862,0.0,0.0,0.0,0.0,240,2880,240.0,2880,2880,5760,,not_modelled__session_or_evaluation_key_material_excluded_from_round_payload,actual_generated_protocol_object_bytes,plain_model_update_uplink_plus_plain_global_update_broadcast,sum_of_actual_generated_client_update_objects_before_auxiliary_decryption_share_or_downlink_traffic,False,0.0,0.0,0.0,measured_sum_of_client_protection_plus_server_protected_aggregation_plus_authorized_recovery_or_decryption_ms_per_round,local_training__validation_test_evaluation__transport_latency__serialization_framing_not_explicitly_in_crypto_functions,0.0,0.0,12,12,0,plaintext_update_no_noise,1.0,plain_exact,0,0,False,0,0,False,not_applicable,0,[],0,,True,0.0017204452090867595,0.0020311924643947404,3.9572916666666664,0,0,0,0,0,0,0,0,0,0,0,0,0,12,0,12,0,1,fixed_execution_host_runtime_payload_and_machine_specification__no_unmeasured_absolute_energy_or_carbon_claim,sequential_single_host_wall_clock_and_generated_protocol_object_bytes__machine_specification_recorded__transport_network_facility_energy_not_measured,runtime_payload_measured__energy_not_instrumented,not_reported_without_direct_hardware_energy_instrumentation,not_reported,False,,,,,,,not_reported,0,0.25,not_probed,0,,not_reported__no_valid_colab_network_or_device_energy_scope,,not_reported__no_direct_facility_or_grid_carbon_measurement,0.9097489139999198,Absolute energy and carbon are not reported because direct hardware energy instrumentation is disabled.,False,,,,CRYPTO_TIER
11,T1_Plain_TADP,6,comparative_protocol_experiment,comparative_experiment,main_comparative,Comparative federated-learning and protocol-enforcement experiment.,plain_or_protocol_control,custom_reference_python_prototype,True,2.3-phase1-fixed-threshold-critical-floor-review-profile,47dd2e58be138865a6d591a63329509757be6b563afb2badb96beb09eac726e5,74e7e496a2965934815498fda15c0fe301c572934d9dad3bd52ab614cd21e31a,eb562985f77fc8a152d2d22d15bfd3f4695b107bdaa4c375fc5dde2be0f10805,T1_BASELINE,C4_RESTRICTED,T4_SAMK,C1_PUBLIC,T1_BASELINE,"{""T2_DF_KS"": 3, ""T3_XMK_CKKS"": 4, ""T4_SAMK"": 5}",False,False,below_unified_session_requirement__benchmark_only_not_deployment,C1_PUBLIC,0,profile_benchmark,C4_RESTRICTED,T4_SAMK,1,declared_profile_benchmark_not_governance_selected,not_applicable,not_applicable_plain_update_path,,,,not_applicable,0,0,0,False,,{},True,,strict_experiment_side_plaintext_oracle_comparison__max_coordinate_and_rmse_numeric_acceptance_envelope__relative_l2_diagnostic_only__no_plaintext_fallback_after_protected_aggregation_failure,custom_reference_prototype_numeric_acceptance_envelope__max_abs_and_rmse_are_acceptance_gates__relative_l2_is_diagnostic_only__not_a_formal_he_security_or_precision_proof,True,False,PASSED_PLAIN_CONTROL_CHECK,0.0,0.0,0.0,0.1304579795003655,0.1304579795003655,,,,True,True,True,True,finite_and_max_abs_and_rmse,0.9988062216916541,0.7166666666666667,0.6056338028169014,0.8775510204081632,0.9382831072778014,0.7284867912883576,0.978060255475291,0.7234515227483762,0.7234515227483762,0.8877551020408163,0.003112689926842994,0.8877551020408163,0.003112689926842994,56808,56,12,86,0.0009848058525604951,0.12244897959183673,0.8775510204081632,0.018617176628063174,0.018617176628063174,fpr,0.005,0.9990783207882552,0.7717391304347826,0.6761904761904762,0.8987341772151899,0.9489933801002307,0.7791354710123013,0.9836736965420136,0.8209177302784699,0.8209177302784699,0.8987341772151899,0.0007474170147285117,0.8987341772151899,0.0007474170147285117,45456,34,8,71,0.0007474170147285117,0.10126582278481013,0.8987341772151899,0.018617176628063174,fpr,0.005,1.0,False,A1_TADP_admission_only,NOT_FINAL_ROUND,,,,,,,,,,,,,,,,,,,,False,0.9982795547909132,0.9198179209997761,320.6583969995336,177.9988629991749,0.0,0.0,0.0,0.0,240,2880,240.0,2880,2880,5760,,not_modelled__session_or_evaluation_key_material_excluded_from_round_payload,actual_generated_protocol_object_bytes,plain_model_update_uplink_plus_plain_global_update_broadcast,sum_of_actual_generated_client_update_objects_before_auxiliary_decryption_share_or_downlink_traffic,False,0.0,0.0,0.0,measured_sum_of_client_protection_plus_server_protected_aggregation_plus_authorized_recovery_or_decryption_ms_per_round,local_training__validation_test_evaluation__transport_latency__serialization_framing_not_explicitly_in_crypto_functions,0.0,0.0,12,12,0,plaintext_update_no_noise,1.0,plain_exact,0,0,False,0,0,False,not_applicable,0,[],0,,True,0.0017204452090867595,0.0020311924643947404,3.9572916666666664,0,0,0,0,0,0,0,0,0,0,0,0,0,12,0,12,0,1,fixed_execution_host_runtime_payload_and_machine_specification__no_unmeasured_absolute_energy_or_carbon_claim,sequential_single_host_wall_clock_and_generated_protocol_object_bytes__machine_specification_recorded__transport_network_facility_energy_not_measured,runtime_payload_measured__energy_not_instrumented,not_reported_without_direct_hardware_energy_instrumentation,not_reported,False,,,,,,,not_reported,0,0.25,not_probed,0,,not_reported__no_valid_colab_network_or_device_energy_scope,,not_reported__no_direct_facility_or_grid_carbon_measurement,0.9197928270000375,Absolute energy and carbon are not reported because direct hardware energy instrumentation is disabled.,False,,,,CRYPTO_TIER
11,T1_Plain_TADP,7,comparative_protocol_experiment,comparative_experiment,main_comparative,Comparative federated-learning and protocol-enforcement experiment.,plain_or_protocol_control,custom_reference_python_prototype,True,2.3-phase1-fixed-threshold-critical-floor-review-profile,47dd2e58be138865a6d591a63329509757be6b563afb2badb96beb09eac726e5,74e7e496a2965934815498fda15c0fe301c572934d9dad3bd52ab614cd21e31a,eb562985f77fc8a152d2d22d15bfd3f4695b107bdaa4c375fc5dde2be0f10805,T1_BASELINE,C4_RESTRICTED,T4_SAMK,C1_PUBLIC,T1_BASELINE,"{""T2_DF_KS"": 3, ""T3_XMK_CKKS"": 4, ""T4_SAMK"": 5}",False,False,below_unified_session_requirement__benchmark_only_not_deployment,C1_PUBLIC,0,profile_benchmark,C4_RESTRICTED,T4_SAMK,1,declared_profile_benchmark_not_governance_selected,not_applicable,not_applicable_plain_update_path,,,,not_applicable,0,0,0,False,,{},True,,strict_experiment_side_plaintext_oracle_comparison__max_coordinate_and_rmse_numeric_acceptance_envelope__relative_l2_diagnostic_only__no_plaintext_fallback_after_protected_aggregation_failure,custom_reference_prototype_numeric_acceptance_envelope__max_abs_and_rmse_are_acceptance_gates__relative_l2_is_diagnostic_only__not_a_formal_he_security_or_precision_proof,True,False,PASSED_PLAIN_CONTROL_CHECK,0.0,0.0,0.0,0.09624867253709087,0.09624867253709087,,,,True,True,True,True,finite_and_max_abs_and_rmse,0.9988062216916541,0.7166666666666667,0.6056338028169014,0.8775510204081632,0.9382831072778014,0.7284867912883576,0.9783199154732237,0.7239281653547472,0.7239281653547472,0.8877551020408163,0.0026202870005627463,0.8877551020408163,0.0026202870005627463,56808,56,12,86,0.0009848058525604951,0.12244897959183673,0.8775510204081632,0.022767930748416956,0.022767930748416956,fpr,0.005,0.9990783207882552,0.7717391304347826,0.6761904761904762,0.8987341772151899,0.9489933801002307,0.7791354710123013,0.9837371407264358,0.8214882642557934,0.8214882642557934,0.8987341772151899,0.0007474170147285117,0.8987341772151899,0.0007474170147285117,45456,34,8,71,0.0007474170147285117,0.10126582278481013,0.8987341772151899,0.022767930748416956,fpr,0.005,1.0,False,A1_TADP_admission_only,NOT_FINAL_ROUND,,,,,,,,,,,,,,,,,,,,False,0.9982795547909132,0.9320462909995513,337.7176559997679,181.95954499969957,0.0,0.0,0.0,0.0,240,2880,240.0,2880,2880,5760,,not_modelled__session_or_evaluation_key_material_excluded_from_round_payload,actual_generated_protocol_object_bytes,plain_model_update_uplink_plus_plain_global_update_broadcast,sum_of_actual_generated_client_update_objects_before_auxiliary_decryption_share_or_downlink_traffic,False,0.0,0.0,0.0,measured_sum_of_client_protection_plus_server_protected_aggregation_plus_authorized_recovery_or_decryption_ms_per_round,local_training__validation_test_evaluation__transport_latency__serialization_framing_not_explicitly_in_crypto_functions,0.0,0.0,12,12,0,plaintext_update_no_noise,1.0,plain_exact,0,0,False,0,0,False,not_applicable,0,[],0,,True,0.0017204452090867595,0.0020311924643947404,3.9572916666666664,0,0,0,0,0,0,0,0,0,0,0,0,0,12,0,12,0,1,fixed_execution_host_runtime_payload_and_machine_specification__no_unmeasured_absolute_energy_or_carbon_claim,sequential_single_host_wall_clock_and_generated_protocol_object_bytes__machine_specification_recorded__transport_network_facility_energy_not_measured,runtime_payload_measured__energy_not_instrumented,not_reported_without_direct_hardware_energy_instrumentation,not_reported,False,,,,,,,not_reported,0,0.25,not_probed,0,,not_reported__no_valid_colab_network_or_device_energy_scope,,not_reported__no_direct_facility_or_grid_carbon_measurement,0.9320206960001087,Absolute energy and carbon are not reported because direct hardware energy instrumentation is disabled.,False,,,,CRYPTO_TIER
11,T1_Plain_TADP,8,comparative_protocol_experiment,comparative_experiment,main_comparative,Comparative federated-learning and protocol-enforcement experiment.,plain_or_protocol_control,custom_reference_python_prototype,True,2.3-phase1-fixed-threshold-critical-floor-review-profile,47dd2e58be138865a6d591a63329509757be6b563afb2badb96beb09eac726e5,74e7e496a2965934815498fda15c0fe301c572934d9dad3bd52ab614cd21e31a,eb562985f77fc8a152d2d22d15bfd3f4695b107bdaa4c375fc5dde2be0f10805,T1_BASELINE,C4_RESTRICTED,T4_SAMK,C1_PUBLIC,T1_BASELINE,"{""T2_DF_KS"": 3, ""T3_XMK_CKKS"": 4, ""T4_SAMK"": 5}",False,False,below_unified_session_requirement__benchmark_only_not_deployment,C1_PUBLIC,0,profile_benchmark,C4_RESTRICTED,T4_SAMK,1,declared_profile_benchmark_not_governance_selected,not_applicable,not_applicable_plain_update_path,,,,not_applicable,0,0,0,False,,{},True,,strict_experiment_side_plaintext_oracle_comparison__max_coordinate_and_rmse_numeric_acceptance_envelope__relative_l2_diagnostic_only__no_plaintext_fallback_after_protected_aggregation_failure,custom_reference_prototype_numeric_acceptance_envelope__max_abs_and_rmse_are_acceptance_gates__relative_l2_is_diagnostic_only__not_a_formal_he_security_or_precision_proof,True,False,PASSED_PLAIN_CONTROL_CHECK,0.0,0.0,0.0,0.07178957041692142,0.07178957041692142,,,,True,True,True,True,finite_and_max_abs_and_rmse,0.9988062216916541,0.7166666666666667,0.6056338028169014,0.8775510204081632,0.9382831072778014,0.7284867912883576,0.9784744194526431,0.7244029451482585,0.7244029451482585,0.8877551020408163,0.002198227349465391,0.8877551020408163,0.002198227349465391,56808,56,12,86,0.0009848058525604951,0.12244897959183673,0.8775510204081632,0.026915260840524598,0.026915260840524598,fpr,0.005,0.9990783207882552,0.7717391304347826,0.6761904761904762,0.8987341772151899,0.9489933801002307,0.7791354710123013,0.9836439222975699,0.8219703272762718,0.8219703272762718,0.8987341772151899,0.0007474170147285117,0.8987341772151899,0.0007474170147285117,45456,34,8,71,0.0007474170147285117,0.10126582278481013,0.8987341772151899,0.026915260840524598,fpr,0.005,1.0,False,A1_TADP_admission_only,NOT_FINAL_ROUND,,,,,,,,,,,,,,,,,,,,False,0.9982795547909132,0.9402898749999622,326.91629400005695,186.911875000078,0.0,0.0,0.0,0.0,240,2880,240.0,2880,2880,5760,,not_modelled__session_or_evaluation_key_material_excluded_from_round_payload,actual_generated_protocol_object_bytes,plain_model_update_uplink_plus_plain_global_update_broadcast,sum_of_actual_generated_client_update_objects_before_auxiliary_decryption_share_or_downlink_traffic,False,0.0,0.0,0.0,measured_sum_of_client_protection_plus_server_protected_aggregation_plus_authorized_recovery_or_decryption_ms_per_round,local_training__validation_test_evaluation__transport_latency__serialization_framing_not_explicitly_in_crypto_functions,0.0,0.0,12,12,0,plaintext_update_no_noise,1.0,plain_exact,0,0,False,0,0,False,not_applicable,0,[],0,,True,0.0017204452090867595,0.0020311924643947404,3.9572916666666664,0,0,0,0,0,0,0,0,0,0,0,0,0,12,0,12,0,1,fixed_execution_host_runtime_payload_and_machine_specification__no_unmeasured_absolute_energy_or_carbon_claim,sequential_single_host_wall_clock_and_generated_protocol_object_bytes__machine_specification_recorded__transport_network_facility_energy_not_measured,runtime_payload_measured__energy_not_instrumented,not_reported_without_direct_hardware_energy_instrumentation,not_reported,False,,,,,,,not_reported,0,0.25,not_probed,0,,not_reported__no_valid_colab_network_or_device_energy_scope,,not_reported__no_direct_facility_or_grid_carbon_measurement,0.940264162999938,Absolute energy and carbon are not reported because direct hardware energy instrumentation is disabled.,False,,,,CRYPTO_TIER
11,T1_Plain_TADP,9,comparative_protocol_experiment,comparative_experiment,main_comparative,Comparative federated-learning and protocol-enforcement experiment.,plain_or_protocol_control,custom_reference_python_prototype,True,2.3-phase1-fixed-threshold-critical-floor-review-profile,47dd2e58be138865a6d591a63329509757be6b563afb2badb96beb09eac726e5,74e7e496a2965934815498fda15c0fe301c572934d9dad3bd52ab614cd21e31a,eb562985f77fc8a152d2d22d15bfd3f4695b107bdaa4c375fc5dde2be0f10805,T1_BASELINE,C4_RESTRICTED,T4_SAMK,C1_PUBLIC,T1_BASELINE,"{""T2_DF_KS"": 3, ""T3_XMK_CKKS"": 4, ""T4_SAMK"": 5}",False,False,below_unified_session_requirement__benchmark_only_not_deployment,C1_PUBLIC,0,profile_benchmark,C4_RESTRICTED,T4_SAMK,1,declared_profile_benchmark_not_governance_selected,not_applicable,not_applicable_plain_update_path,,,,not_applicable,0,0,0,False,,{},True,,strict_experiment_side_plaintext_oracle_comparison__max_coordinate_and_rmse_numeric_acceptance_envelope__relative_l2_diagnostic_only__no_plaintext_fallback_after_protected_aggregation_failure,custom_reference_prototype_numeric_acceptance_envelope__max_abs_and_rmse_are_acceptance_gates__relative_l2_is_diagnostic_only__not_a_formal_he_security_or_precision_proof,True,False,PASSED_PLAIN_CONTROL_CHECK,0.0,0.0,0.0,0.057290860715085,0.057290860715085,,,,True,True,True,True,finite_and_max_abs_and_rmse,0.9988062216916541,0.7166666666666667,0.6056338028169014,0.8775510204081632,0.9382831072778014,0.7284867912883576,0.978577242658459,0.7250683782444977,0.7250683782444977,0.8877551020408163,0.002075126617895329,0.8877551020408163,0.002075126617895329,56808,56,12,86,0.0009848058525604951,0.12244897959183673,0.8775510204081632,0.030916539200099846,0.030916539200099846,fpr,0.005,0.999100265531392,0.7759562841530054,0.6826923076923077,0.8987341772151899,0.9490043715269179,0.7828829081845824,0.9834839205166805,0.8218493799789854,0.8218493799789854,0.8987341772151899,0.0007254341613541438,0.8987341772151899,0.0007254341613541438,45457,33,8,71,0.0007254341613541438,0.10126582278481013,0.8987341772151899,0.030916539200099846,fpr,0.005,1.0,False,A1_TADP_admission_only,NOT_FINAL_ROUND,,,,,,,,,,,,,,,,,,,,False,0.9982795547909132,0.944742490000408,328.84944900024493,193.51240000014513,0.0,0.0,0.0,0.0,240,2880,240.0,2880,2880,5760,,not_modelled__session_or_evaluation_key_material_excluded_from_round_payload,actual_generated_protocol_object_bytes,plain_model_update_uplink_plus_plain_global_update_broadcast,sum_of_actual_generated_client_update_objects_before_auxiliary_decryption_share_or_downlink_traffic,False,0.0,0.0,0.0,measured_sum_of_client_protection_plus_server_protected_aggregation_plus_authorized_recovery_or_decryption_ms_per_round,local_training__validation_test_evaluation__transport_latency__serialization_framing_not_explicitly_in_crypto_functions,0.0,0.0,12,12,0,plaintext_update_no_noise,1.0,plain_exact,0,0,False,0,0,False,not_applicable,0,[],0,,True,0.0017204452090867595,0.0020311924643947404,3.9572916666666664,0,0,0,0,0,0,0,0,0,0,0,0,0,12,0,12,0,1,fixed_execution_host_runtime_payload_and_machine_specification__no_unmeasured_absolute_energy_or_carbon_claim,sequential_single_host_wall_clock_and_generated_protocol_object_bytes__machine_specification_recorded__transport_network_facility_energy_not_measured,runtime_payload_measured__energy_not_instrumented,not_reported_without_direct_hardware_energy_instrumentation,not_reported,False,,,,,,,not_reported,0,0.25,not_probed,0,,not_reported__no_valid_colab_network_or_device_energy_scope,,not_reported__no_direct_facility_or_grid_carbon_measurement,0.9447153609999077,Absolute energy and carbon are not reported because direct hardware energy instrumentation is disabled.,False,,,,CRYPTO_TIER
11,T1_Plain_TADP,10,comparative_protocol_experiment,comparative_experiment,main_comparative,Comparative federated-learning and protocol-enforcement experiment.,plain_or_protocol_control,custom_reference_python_prototype,True,2.3-phase1-fixed-threshold-critical-floor-review-profile,47dd2e58be138865a6d591a63329509757be6b563afb2badb96beb09eac726e5,74e7e496a2965934815498fda15c0fe301c572934d9dad3bd52ab614cd21e31a,eb562985f77fc8a152d2d22d15bfd3f4695b107bdaa4c375fc5dde2be0f10805,T1_BASELINE,C4_RESTRICTED,T4_SAMK,C1_PUBLIC,T1_BASELINE,"{""T2_DF_KS"": 3, ""T3_XMK_CKKS"": 4, ""T4_SAMK"": 5}",False,False,below_unified_session_requirement__benchmark_only_not_deployment,C1_PUBLIC,0,profile_benchmark,C4_RESTRICTED,T4_SAMK,1,declared_profile_benchmark_not_governance_selected,not_applicable,not_applicable_plain_update_path,,,,not_applicable,0,0,0,False,,{},True,,strict_experiment_side_plaintext_oracle_comparison__max_coordinate_and_rmse_numeric_acceptance_envelope__relative_l2_diagnostic_only__no_plaintext_fallback_after_protected_aggregation_failure,custom_reference_prototype_numeric_acceptance_envelope__max_abs_and_rmse_are_acceptance_gates__relative_l2_is_diagnostic_only__not_a_formal_he_security_or_precision_proof,True,False,PASSED_PLAIN_CONTROL_CHECK,0.0,0.0,0.0,0.03867333680983487,0.03867333680983487,,,,True,True,True,True,finite_and_max_abs_and_rmse,0.9988237772550121,0.7196652719665272,0.6099290780141844,0.8775510204081632,0.9382919001871992,0.7310737472020886,0.9786660689880905,0.7249849211775022,0.7249849211775022,0.8877551020408163,0.002057540799099606,0.8877551020408163,0.002057540799099606,56809,55,12,86,0.0009672200337647721,0.12244897959183673,0.8775510204081632,0.03403075224975724,0.03403075224975724,fpr,0.005,0.9991222102745287,0.7802197802197802,0.6893203883495146,0.8987341772151899,0.9490153629536051,0.7866847368188982,0.9833459015891655,0.8219448556216148,0.8219448556216148,0.8987341772151899,0.0007034513079797758,0.8987341772151899,0.0007034513079797758,45458,32,8,71,0.0007034513079797758,0.10126582278481013,0.8987341772151899,0.03403075224975724,fpr,0.005,1.0,False,A1_TADP_admission_only,NOT_FINAL_ROUND,,,,,,,,,,,,,,,,,,,,False,0.9982795547909132,1.0203389610001068,325.75492400110306,188.16607100097826,0.0,0.0,0.0,0.0,240,2880,240.0,2880,2880,5760,,not_modelled__session_or_evaluation_key_material_excluded_from_round_payload,actual_generated_protocol_object_bytes,plain_model_update_uplink_plus_plain_global_update_broadcast,sum_of_actual_generated_client_update_objects_before_auxiliary_decryption_share_or_downlink_traffic,False,0.0,0.0,0.0,measured_sum_of_client_protection_plus_server_protected_aggregation_plus_authorized_recovery_or_decryption_ms_per_round,local_training__validation_test_evaluation__transport_latency__serialization_framing_not_explicitly_in_crypto_functions,0.0,0.0,12,12,0,plaintext_update_no_noise,1.0,plain_exact,0,0,False,0,0,False,not_applicable,0,[],0,,True,0.0017204452090867595,0.0020311924643947404,3.9572916666666664,0,0,0,0,0,0,0,0,0,0,0,0,0,12,0,12,0,1,fixed_execution_host_runtime_payload_and_machine_specification__no_unmeasured_absolute_energy_or_carbon_claim,sequential_single_host_wall_clock_and_generated_protocol_object_bytes__machine_specification_recorded__transport_network_facility_energy_not_measured,runtime_payload_measured__energy_not_instrumented,not_reported_without_direct_hardware_energy_instrumentation,not_reported,False,,,,,,,not_reported,0,0.25,not_probed,0,,not_reported__no_valid_colab_network_or_device_energy_scope,,not_reported__no_direct_facility_or_grid_carbon_measurement,1.0203072809999867,Absolute energy and carbon are not reported because direct hardware energy instrumentation is disabled.,False,,,,CRYPTO_TIER
11,T1_Plain_TADP,11,comparative_protocol_experiment,comparative_experiment,main_comparative,Comparative federated-learning and protocol-enforcement experiment.,plain_or_protocol_control,custom_reference_python_prototype,True,2.3-phase1-fixed-threshold-critical-floor-review-profile,47dd2e58be138865a6d591a63329509757be6b563afb2badb96beb09eac726e5,74e7e496a2965934815498fda15c0fe301c572934d9dad3bd52ab614cd21e31a,eb562985f77fc8a152d2d22d15bfd3f4695b107bdaa4c375fc5dde2be0f10805,T1_BASELINE,C4_RESTRICTED,T4_SAMK,C1_PUBLIC,T1_BASELINE,"{""T2_DF_KS"": 3, ""T3_XMK_CKKS"": 4, ""T4_SAMK"": 5}",False,False,below_unified_session_requirement__benchmark_only_not_deployment,C1_PUBLIC,0,profile_benchmark,C4_RESTRICTED,T4_SAMK,1,declared_profile_benchmark_not_governance_selected,not_applicable,not_applicable_plain_update_path,,,,not_applicable,0,0,0,False,,{},True,,strict_experiment_side_plaintext_oracle_comparison__max_coordinate_and_rmse_numeric_acceptance_envelope__relative_l2_diagnostic_only__no_plaintext_fallback_after_protected_aggregation_failure,custom_reference_prototype_numeric_acceptance_envelope__max_abs_and_rmse_are_acceptance_gates__relative_l2_is_diagnostic_only__not_a_formal_he_security_or_precision_proof,True,False,PASSED_PLAIN_CONTROL_CHECK,0.0,0.0,0.0,0.030302144196339788,0.030302144196339788,,,,True,True,True,True,finite_and_max_abs_and_rmse,0.9988062216916541,0.7166666666666667,0.6056338028169014,0.8775510204081632,0.9382831072778014,0.7284867912883576,0.9787523830578939,0.7251375825755666,0.7251375825755666,0.8877551020408163,0.0019871975239167134,0.8877551020408163,0.0019871975239167134,56808,56,12,86,0.0009848058525604951,0.12244897959183673,0.8775510204081632,0.036853176900572826,0.036853176900572826,fpr,0.005,0.9991222102745287,0.7802197802197802,0.6893203883495146,0.8987341772151899,0.9490153629536051,0.7866847368188982,0.9832660398307043,0.8228607166308994,0.8228607166308994,0.8987341772151899,0.0007034513079797758,0.8987341772151899,0.0007034513079797758,45458,32,8,71,0.0007034513079797758,0.10126582278481013,0.8987341772151899,0.036853176900572826,fpr,0.005,1.0,False,A1_TADP_admission_only,NOT_FINAL_ROUND,,,,,,,,,,,,,,,,,,,,False,0.9982795547909132,1.2251520199997685,517.1838100009154,222.74216599953434,0.0,0.0,0.0,0.0,240,2880,240.0,2880,2880,5760,,not_modelled__session_or_evaluation_key_material_excluded_from_round_payload,actual_generated_protocol_object_bytes,plain_model_update_uplink_plus_plain_global_update_broadcast,sum_of_actual_generated_client_update_objects_before_auxiliary_decryption_share_or_downlink_traffic,False,0.0,0.0,0.0,measured_sum_of_client_protection_plus_server_protected_aggregation_plus_authorized_recovery_or_decryption_ms_per_round,local_training__validation_test_evaluation__transport_latency__serialization_framing_not_explicitly_in_crypto_functions,0.0,0.0,12,12,0,plaintext_update_no_noise,1.0,plain_exact,0,0,False,0,0,False,not_applicable,0,[],0,,True,0.0017204452090867595,0.0020311924643947404,3.9572916666666664,0,0,0,0,0,0,0,0,0,0,0,0,0,12,0,12,0,1,fixed_execution_host_runtime_payload_and_machine_specification__no_unmeasured_absolute_energy_or_carbon_claim,sequential_single_host_wall_clock_and_generated_protocol_object_bytes__machine_specification_recorded__transport_network_facility_energy_not_measured,runtime_payload_measured__energy_not_instrumented,not_reported_without_direct_hardware_energy_instrumentation,not_reported,False,,,,,,,not_reported,0,0.25,not_probed,0,,not_reported__no_valid_colab_network_or_device_energy_scope,,not_reported__no_direct_facility_or_grid_carbon_measurement,1.225117481000325,Absolute energy and carbon are not reported because direct hardware energy instrumentation is disabled.,False,,,,CRYPTO_TIER
11,T1_Plain_TADP,12,comparative_protocol_experiment,comparative_experiment,main_comparative,Comparative federated-learning and protocol-enforcement experiment.,plain_or_protocol_control,custom_reference_python_prototype,True,2.3-phase1-fixed-threshold-critical-floor-review-profile,47dd2e58be138865a6d591a63329509757be6b563afb2badb96beb09eac726e5,74e7e496a2965934815498fda15c0fe301c572934d9dad3bd52ab614cd21e31a,eb562985f77fc8a152d2d22d15bfd3f4695b107bdaa4c375fc5dde2be0f10805,T1_BASELINE,C4_RESTRICTED,T4_SAMK,C1_PUBLIC,T1_BASELINE,"{""T2_DF_KS"": 3, ""T3_XMK_CKKS"": 4, ""T4_SAMK"": 5}",False,False,below_unified_session_requirement__benchmark_only_not_deployment,C1_PUBLIC,0,profile_benchmark,C4_RESTRICTED,T4_SAMK,1,declared_profile_benchmark_not_governance_selected,not_applicable,not_applicable_plain_update_path,,,,not_applicable,0,0,0,False,,{},True,,strict_experiment_side_plaintext_oracle_comparison__max_coordinate_and_rmse_numeric_acceptance_envelope__relative_l2_diagnostic_only__no_plaintext_fallback_after_protected_aggregation_failure,custom_reference_prototype_numeric_acceptance_envelope__max_abs_and_rmse_are_acceptance_gates__relative_l2_is_diagnostic_only__not_a_formal_he_security_or_precision_proof,True,False,PASSED_PLAIN_CONTROL_CHECK,0.0,0.0,0.0,0.021659003992824513,0.021659003992824513,,,,True,True,True,True,finite_and_max_abs_and_rmse,0.9988237772550121,0.7172995780590717,0.6115107913669064,0.8673469387755102,0.9331986522802705,0.7277452070988244,0.9788178812605515,0.7246498539144446,0.7246498539144446,0.8877551020408163,0.0019696117051209903,0.8877551020408163,0.0019696117051209903,56810,54,13,85,0.0009496342149690489,0.1326530612244898,0.8673469387755102,0.03891434006201327,0.03891434006201327,fpr,0.005,0.9991222102745287,0.7802197802197802,0.6893203883495146,0.8987341772151899,0.9490153629536051,0.7866847368188982,0.9832023173823152,0.8228610487577586,0.8228610487577586,0.8987341772151899,0.0007034513079797758,0.8987341772151899,0.0007034513079797758,45458,32,8,71,0.0007034513079797758,0.10126582278481013,0.8987341772151899,0.03891434006201327,fpr,0.005,1.0,False,A1_TADP_admission_only,NOT_FINAL_ROUND,,,,,,,,,,,,,,,,,,,,False,0.9982795547909132,1.3628054169998904,508.88017899978877,256.81517599969084,0.0,0.0,0.0,0.0,240,2880,240.0,2880,2880,5760,,not_modelled__session_or_evaluation_key_material_excluded_from_round_payload,actual_generated_protocol_object_bytes,plain_model_update_uplink_plus_plain_global_update_broadcast,sum_of_actual_generated_client_update_objects_before_auxiliary_decryption_share_or_downlink_traffic,False,0.0,0.0,0.0,measured_sum_of_client_protection_plus_server_protected_aggregation_plus_authorized_recovery_or_decryption_ms_per_round,local_training__validation_test_evaluation__transport_latency__serialization_framing_not_explicitly_in_crypto_functions,0.0,0.0,12,12,0,plaintext_update_no_noise,1.0,plain_exact,0,0,False,0,0,False,not_applicable,0,[],0,,True,0.0017204452090867595,0.0020311924643947404,3.9572916666666664,0,0,0,0,0,0,0,0,0,0,0,0,0,12,0,12,0,1,fixed_execution_host_runtime_payload_and_machine_specification__no_unmeasured_absolute_energy_or_carbon_claim,sequential_single_host_wall_clock_and_generated_protocol_object_bytes__machine_specification_recorded__transport_network_facility_energy_not_measured,runtime_payload_measured__energy_not_instrumented,not_reported_without_direct_hardware_energy_instrumentation,not_reported,False,,,,,,,not_reported,0,0.25,not_probed,0,,not_reported__no_valid_colab_network_or_device_energy_scope,,not_reported__no_direct_facility_or_grid_carbon_measurement,1.362772049999876,Absolute energy and carbon are not reported because direct hardware energy instrumentation is disabled.,False,,,,CRYPTO_TIER
11,T1_Plain_TADP,13,comparative_protocol_experiment,comparative_experiment,main_comparative,Comparative federated-learning and protocol-enforcement experiment.,plain_or_protocol_control,custom_reference_python_prototype,True,2.3-phase1-fixed-threshold-critical-floor-review-profile,47dd2e58be138865a6d591a63329509757be6b563afb2badb96beb09eac726e5,74e7e496a2965934815498fda15c0fe301c572934d9dad3bd52ab614cd21e31a,eb562985f77fc8a152d2d22d15bfd3f4695b107bdaa4c375fc5dde2be0f10805,T1_BASELINE,C4_RESTRICTED,T4_SAMK,C1_PUBLIC,T1_BASELINE,"{""T2_DF_KS"": 3, ""T3_XMK_CKKS"": 4, ""T4_SAMK"": 5}",False,False,below_unified_session_requirement__benchmark_only_not_deployment,C1_PUBLIC,0,profile_benchmark,C4_RESTRICTED,T4_SAMK,1,declared_profile_benchmark_not_governance_selected,not_applicable,not_applicable_plain_update_path,,,,not_applicable,0,0,0,False,,{},True,,strict_experiment_side_plaintext_oracle_comparison__max_coordinate_and_rmse_numeric_acceptance_envelope__relative_l2_diagnostic_only__no_plaintext_fallback_after_protected_aggregation_failure,custom_reference_prototype_numeric_acceptance_envelope__max_abs_and_rmse_are_acceptance_gates__relative_l2_is_diagnostic_only__not_a_formal_he_security_or_precision_proof,True,False,PASSED_PLAIN_CONTROL_CHECK,0.0,0.0,0.0,0.015476795596791108,0.015476795596791108,,,,True,True,True,True,finite_and_max_abs_and_rmse,0.9988062216916541,0.711864406779661,0.6086956521739131,0.8571428571428571,0.928096611463944,0.7217687633914018,0.9788512584268372,0.7251774386081612,0.7251774386081612,0.8877551020408163,0.0019344400675295442,0.8877551020408163,0.0019344400675295442,56810,54,14,84,0.0009496342149690489,0.14285714285714285,0.8571428571428571,0.0406090491465535,0.0406090491465535,fpr,0.005,0.9991441550176655,0.7845303867403315,0.696078431372549,0.8987341772151899,0.9490263543802923,0.7905422865495717,0.9831029771461803,0.8229475204815715,0.8229475204815715,0.8987341772151899,0.0006814684546054077,0.8987341772151899,0.0006814684546054077,45459,31,8,71,0.0006814684546054077,0.10126582278481013,0.8987341772151899,0.0406090491465535,fpr,0.005,1.0,False,A1_TADP_admission_only,NOT_FINAL_ROUND,,,,,,,,,,,,,,,,,,,,False,0.9982795547909132,1.1271937520000392,484.35158400070577,211.87262399962492,0.0,0.0,0.0,0.0,240,2880,240.0,2880,2880,5760,,not_modelled__session_or_evaluation_key_material_excluded_from_round_payload,actual_generated_protocol_object_bytes,plain_model_update_uplink_plus_plain_global_update_broadcast,sum_of_actual_generated_client_update_objects_before_auxiliary_decryption_share_or_downlink_traffic,False,0.0,0.0,0.0,measured_sum_of_client_protection_plus_server_protected_aggregation_plus_authorized_recovery_or_decryption_ms_per_round,local_training__validation_test_evaluation__transport_latency__serialization_framing_not_explicitly_in_crypto_functions,0.0,0.0,12,12,0,plaintext_update_no_noise,1.0,plain_exact,0,0,False,0,0,False,not_applicable,0,[],0,,True,0.0017204452090867595,0.0020311924643947404,3.9572916666666664,0,0,0,0,0,0,0,0,0,0,0,0,0,12,0,12,0,1,fixed_execution_host_runtime_payload_and_machine_specification__no_unmeasured_absolute_energy_or_carbon_claim,sequential_single_host_wall_clock_and_generated_protocol_object_bytes__machine_specification_recorded__transport_network_facility_energy_not_measured,runtime_payload_measured__energy_not_instrumented,not_reported_without_direct_hardware_energy_instrumentation,not_reported,False,,,,,,,not_reported,0,0.25,not_probed,0,,not_reported__no_valid_colab_network_or_device_energy_scope,,not_reported__no_direct_facility_or_grid_carbon_measurement,1.1271600640002362,Absolute energy and carbon are not reported because direct hardware energy instrumentation is disabled.,False,,,,CRYPTO_TIER
11,T1_Plain_TADP,14,comparative_protocol_experiment,comparative_experiment,main_comparative,Comparative federated-learning and protocol-enforcement experiment.,plain_or_protocol_control,custom_reference_python_prototype,True,2.3-phase1-fixed-threshold-critical-floor-review-profile,47dd2e58be138865a6d591a63329509757be6b563afb2badb96beb09eac726e5,74e7e496a2965934815498fda15c0fe301c572934d9dad3bd52ab614cd21e31a,eb562985f77fc8a152d2d22d15bfd3f4695b107bdaa4c375fc5dde2be0f10805,T1_BASELINE,C4_RESTRICTED,T4_SAMK,C1_PUBLIC,T1_BASELINE,"{""T2_DF_KS"": 3, ""T3_XMK_CKKS"": 4, ""T4_SAMK"": 5}",False,False,below_unified_session_requirement__benchmark_only_not_deployment,C1_PUBLIC,0,profile_benchmark,C4_RESTRICTED,T4_SAMK,1,declared_profile_benchmark_not_governance_selected,not_applicable,not_applicable_plain_update_path,,,,not_applicable,0,0,0,False,,{},True,,strict_experiment_side_plaintext_oracle_comparison__max_coordinate_and_rmse_numeric_acceptance_envelope__relative_l2_diagnostic_only__no_plaintext_fallback_after_protected_aggregation_failure,custom_reference_prototype_numeric_acceptance_envelope__max_abs_and_rmse_are_acceptance_gates__relative_l2_is_diagnostic_only__not_a_formal_he_security_or_precision_proof,True,False,PASSED_PLAIN_CONTROL_CHECK,0.0,0.0,0.0,0.011222258669288354,0.011222258669288354,,,,True,True,True,True,finite_and_max_abs_and_rmse,0.9988237772550121,0.7148936170212766,0.6131386861313869,0.8571428571428571,0.9281054043733419,0.724406671212077,0.9788984530221767,0.7251260204048741,0.7251260204048741,0.8877551020408163,0.0019520258863252673,0.8877551020408163,0.0019520258863252673,56811,53,14,84,0.0009320483961733258,0.14285714285714285,0.8571428571428571,0.04191493102117315,0.04191493102117315,fpr,0.005,0.9991222102745287,0.7802197802197802,0.6893203883495146,0.8987341772151899,0.9490153629536051,0.7866847368188982,0.9830175501083839,0.822859592853584,0.822859592853584,0.8987341772151899,0.0007034513079797758,0.8987341772151899,0.0007034513079797758,45458,32,8,71,0.0007034513079797758,0.10126582278481013,0.8987341772151899,0.04191493102117315,fpr,0.005,1.0,False,A1_TADP_admission_only,NOT_FINAL_ROUND,,,,,,,,,,,,,,,,,,,,False,0.9982795547909132,0.9524637190002068,353.5327100003087,175.7750189985927,0.0,0.0,0.0,0.0,240,2880,240.0,2880,2880,5760,,not_modelled__session_or_evaluation_key_material_excluded_from_round_payload,actual_generated_protocol_object_bytes,plain_model_update_uplink_plus_plain_global_update_broadcast,sum_of_actual_generated_client_update_objects_before_auxiliary_decryption_share_or_downlink_traffic,False,0.0,0.0,0.0,measured_sum_of_client_protection_plus_server_protected_aggregation_plus_authorized_recovery_or_decryption_ms_per_round,local_training__validation_test_evaluation__transport_latency__serialization_framing_not_explicitly_in_crypto_functions,0.0,0.0,12,12,0,plaintext_update_no_noise,1.0,plain_exact,0,0,False,0,0,False,not_applicable,0,[],0,,True,0.0017204452090867595,0.0020311924643947404,3.9572916666666664,0,0,0,0,0,0,0,0,0,0,0,0,0,12,0,12,0,1,fixed_execution_host_runtime_payload_and_machine_specification__no_unmeasured_absolute_energy_or_carbon_claim,sequential_single_host_wall_clock_and_generated_protocol_object_bytes__machine_specification_recorded__transport_network_facility_energy_not_measured,runtime_payload_measured__energy_not_instrumented,not_reported_without_direct_hardware_energy_instrumentation,not_reported,False,,,,,,,not_reported,0,0.25,not_probed,0,,not_reported__no_valid_colab_network_or_device_energy_scope,,not_reported__no_direct_facility_or_grid_carbon_measurement,0.9524355590001505,Absolute energy and carbon are not reported because direct hardware energy instrumentation is disabled.,False,,,,CRYPTO_TIER
11,T1_Plain_TADP,15,comparative_protocol_experiment,comparative_experiment,main_comparative,Comparative federated-learning and protocol-enforcement experiment.,plain_or_protocol_control,custom_reference_python_prototype,True,2.3-phase1-fixed-threshold-critical-floor-review-profile,47dd2e58be138865a6d591a63329509757be6b563afb2badb96beb09eac726e5,74e7e496a2965934815498fda15c0fe301c572934d9dad3bd52ab614cd21e31a,eb562985f77fc8a152d2d22d15bfd3f4695b107bdaa4c375fc5dde2be0f10805,T1_BASELINE,C4_RESTRICTED,T4_SAMK,C1_PUBLIC,T1_BASELINE,"{""T2_DF_KS"": 3, ""T3_XMK_CKKS"": 4, ""T4_SAMK"": 5}",False,False,below_unified_session_requirement__benchmark_only_not_deployment,C1_PUBLIC,0,profile_benchmark,C4_RESTRICTED,T4_SAMK,1,declared_profile_benchmark_not_governance_selected,not_applicable,not_applicable_plain_update_path,,,,not_applicable,0,0,0,False,,{},True,,strict_experiment_side_plaintext_oracle_comparison__max_coordinate_and_rmse_numeric_acceptance_envelope__relative_l2_diagnostic_only__no_plaintext_fallback_after_protected_aggregation_failure,custom_reference_prototype_numeric_acceptance_envelope__max_abs_and_rmse_are_acceptance_gates__relative_l2_is_diagnostic_only__not_a_formal_he_security_or_precision_proof,True,False,PASSED_PLAIN_CONTROL_CHECK,0.0,0.0,0.0,0.010428984767096592,0.010428984767096592,,,,True,True,True,True,finite_and_max_abs_and_rmse,0.9988237772550121,0.7148936170212766,0.6131386861313869,0.8571428571428571,0.9281054043733419,0.724406671212077,0.9789528255027391,0.725323495235762,0.725323495235762,0.8877551020408163,0.001916854248733821,0.8877551020408163,0.001916854248733821,56811,53,14,84,0.0009320483961733258,0.14285714285714285,0.8571428571428571,0.04282249364437033,0.04282249364437033,fpr,0.005,0.9991441550176655,0.7845303867403315,0.696078431372549,0.8987341772151899,0.9490263543802923,0.7905422865495717,0.982981932320638,0.8229452069265338,0.8229452069265338,0.8987341772151899,0.0006814684546054077,0.8987341772151899,0.0006814684546054077,45459,31,8,71,0.0006814684546054077,0.10126582278481013,0.8987341772151899,0.04282249364437033,fpr,0.005,1.0,False,A1_TADP_admission_only,NOT_FINAL_ROUND,,,,,,,,,,,,,,,,,,,,False,0.9982795547909132,0.9342597390000265,318.0011979993651,184.32038300034037,0.0,0.0,0.0,0.0,240,2880,240.0,2880,2880,5760,,not_modelled__session_or_evaluation_key_material_excluded_from_round_payload,actual_generated_protocol_object_bytes,plain_model_update_uplink_plus_plain_global_update_broadcast,sum_of_actual_generated_client_update_objects_before_auxiliary_decryption_share_or_downlink_traffic,False,0.0,0.0,0.0,measured_sum_of_client_protection_plus_server_protected_aggregation_plus_authorized_recovery_or_decryption_ms_per_round,local_training__validation_test_evaluation__transport_latency__serialization_framing_not_explicitly_in_crypto_functions,0.0,0.0,12,12,0,plaintext_update_no_noise,1.0,plain_exact,0,0,False,0,0,False,not_applicable,0,[],0,,True,0.0017204452090867595,0.0020311924643947404,3.9572916666666664,0,0,0,0,0,0,0,0,0,0,0,0,0,12,0,12,0,1,fixed_execution_host_runtime_payload_and_machine_specification__no_unmeasured_absolute_energy_or_carbon_claim,sequential_single_host_wall_clock_and_generated_protocol_object_bytes__machine_specification_recorded__transport_network_facility_energy_not_measured,runtime_payload_measured__energy_not_instrumented,not_reported_without_direct_hardware_energy_instrumentation,not_reported,False,,,,,,,not_reported,0,0.25,not_probed,0,,not_reported__no_valid_colab_network_or_device_energy_scope,,not_reported__no_direct_facility_or_grid_carbon_measurement,0.9342298960000335,Absolute energy and carbon are not reported because direct hardware energy instrumentation is disabled.,False,,,,CRYPTO_TIER
11,T1_Plain_TADP,16,comparative_protocol_experiment,comparative_experiment,main_comparative,Comparative federated-learning and protocol-enforcement experiment.,plain_or_protocol_control,custom_reference_python_prototype,True,2.3-phase1-fixed-threshold-critical-floor-review-profile,47dd2e58be138865a6d591a63329509757be6b563afb2badb96beb09eac726e5,74e7e496a2965934815498fda15c0fe301c572934d9dad3bd52ab614cd21e31a,eb562985f77fc8a152d2d22d15bfd3f4695b107bdaa4c375fc5dde2be0f10805,T1_BASELINE,C4_RESTRICTED,T4_SAMK,C1_PUBLIC,T1_BASELINE,"{""T2_DF_KS"": 3, ""T3_XMK_CKKS"": 4, ""T4_SAMK"": 5}",False,False,below_unified_session_requirement__benchmark_only_not_deployment,C1_PUBLIC,0,profile_benchmark,C4_RESTRICTED,T4_SAMK,1,declared_profile_benchmark_not_governance_selected,not_applicable,not_applicable_plain_update_path,,,,not_applicable,0,0,0,False,,{},True,,strict_experiment_side_plaintext_oracle_comparison__max_coordinate_and_rmse_numeric_acceptance_envelope__relative_l2_diagnostic_only__no_plaintext_fallback_after_protected_aggregation_failure,custom_reference_prototype_numeric_acceptance_envelope__max_abs_and_rmse_are_acceptance_gates__relative_l2_is_diagnostic_only__not_a_formal_he_security_or_precision_proof,True,False,PASSED_PLAIN_CONTROL_CHECK,0.0,0.0,0.0,0.009006206642335729,0.009006206642335729,,,,True,True,True,True,finite_and_max_abs_and_rmse,0.9988413328183702,0.717948717948718,0.6176470588235294,0.8571428571428571,0.9281141972827398,0.7270735890776542,0.9790167086812214,0.7253885264568635,0.7253885264568635,0.8877551020408163,0.0018816826111423747,0.8877551020408163,0.0018816826111423747,56812,52,14,84,0.0009144625773776027,0.14285714285714285,0.8571428571428571,0.04351607659205504,0.04351607659205504,fpr,0.005,0.9991441550176655,0.7845303867403315,0.696078431372549,0.8987341772151899,0.9490263543802923,0.7905422865495717,0.982951323284294,0.8237898244687896,0.8237898244687896,0.8987341772151899,0.0006814684546054077,0.8987341772151899,0.0006814684546054077,45459,31,8,71,0.0006814684546054077,0.10126582278481013,0.8987341772151899,0.04351607659205504,fpr,0.005,1.0,False,A1_TADP_admission_only,NOT_FINAL_ROUND,,,,,,,,,,,,,,,,,,,,False,0.9982795547909132,0.9120542470000146,317.8334360009103,179.60518999962005,0.0,0.0,0.0,0.0,240,2880,240.0,2880,2880,5760,,not_modelled__session_or_evaluation_key_material_excluded_from_round_payload,actual_generated_protocol_object_bytes,plain_model_update_uplink_plus_plain_global_update_broadcast,sum_of_actual_generated_client_update_objects_before_auxiliary_decryption_share_or_downlink_traffic,False,0.0,0.0,0.0,measured_sum_of_client_protection_plus_server_protected_aggregation_plus_authorized_recovery_or_decryption_ms_per_round,local_training__validation_test_evaluation__transport_latency__serialization_framing_not_explicitly_in_crypto_functions,0.0,0.0,12,12,0,plaintext_update_no_noise,1.0,plain_exact,0,0,False,0,0,False,not_applicable,0,[],0,,True,0.0017204452090867595,0.0020311924643947404,3.9572916666666664,0,0,0,0,0,0,0,0,0,0,0,0,0,12,0,12,0,1,fixed_execution_host_runtime_payload_and_machine_specification__no_unmeasured_absolute_energy_or_carbon_claim,sequential_single_host_wall_clock_and_generated_protocol_object_bytes__machine_specification_recorded__transport_network_facility_energy_not_measured,runtime_payload_measured__energy_not_instrumented,not_reported_without_direct_hardware_energy_instrumentation,not_reported,False,,,,,,,not_reported,0,0.25,not_probed,0,,not_reported__no_valid_colab_network_or_device_energy_scope,,not_reported__no_direct_facility_or_grid_carbon_measurement,0.9120214909999049,Absolute energy and carbon are not reported because direct hardware energy instrumentation is disabled.,False,,,,CRYPTO_TIER
11,T1_Plain_TADP,17,comparative_protocol_experiment,comparative_experiment,main_comparative,Comparative federated-learning and protocol-enforcement experiment.,plain_or_protocol_control,custom_reference_python_prototype,True,2.3-phase1-fixed-threshold-critical-floor-review-profile,47dd2e58be138865a6d591a63329509757be6b563afb2badb96beb09eac726e5,74e7e496a2965934815498fda15c0fe301c572934d9dad3bd52ab614cd21e31a,eb562985f77fc8a152d2d22d15bfd3f4695b107bdaa4c375fc5dde2be0f10805,T1_BASELINE,C4_RESTRICTED,T4_SAMK,C1_PUBLIC,T1_BASELINE,"{""T2_DF_KS"": 3, ""T3_XMK_CKKS"": 4, ""T4_SAMK"": 5}",False,False,below_unified_session_requirement__benchmark_only_not_deployment,C1_PUBLIC,0,profile_benchmark,C4_RESTRICTED,T4_SAMK,1,declared_profile_benchmark_not_governance_selected,not_applicable,not_applicable_plain_update_path,,,,not_applicable,0,0,0,False,,{},True,,strict_experiment_side_plaintext_oracle_comparison__max_coordinate_and_rmse_numeric_acceptance_envelope__relative_l2_diagnostic_only__no_plaintext_fallback_after_protected_aggregation_failure,custom_reference_prototype_numeric_acceptance_envelope__max_abs_and_rmse_are_acceptance_gates__relative_l2_is_diagnostic_only__not_a_formal_he_security_or_precision_proof,True,False,PASSED_PLAIN_CONTROL_CHECK,0.0,0.0,0.0,0.008083750771191391,0.008083750771191391,,,,True,True,True,True,finite_and_max_abs_and_rmse,0.9988413328183702,0.717948717948718,0.6176470588235294,0.8571428571428571,0.9281141972827398,0.7270735890776542,0.9790344739471478,0.7255081420271569,0.7255081420271569,0.8877551020408163,0.0018992684299380979,0.8877551020408163,0.0018992684299380979,56812,52,14,84,0.0009144625773776027,0.14285714285714285,0.8571428571428571,0.0442612260715995,0.0442612260715995,fpr,0.005,0.9991441550176655,0.7845303867403315,0.696078431372549,0.8987341772151899,0.9490263543802923,0.7905422865495717,0.9829215490398502,0.8237922054689335,0.8237922054689335,0.8987341772151899,0.0006814684546054077,0.8987341772151899,0.0006814684546054077,45459,31,8,71,0.0006814684546054077,0.10126582278481013,0.8987341772151899,0.0442612260715995,fpr,0.005,1.0,False,A1_TADP_admission_only,NOT_FINAL_ROUND,,,,,,,,,,,,,,,,,,,,False,0.9982795547909132,0.9363033290001113,324.7839849996126,190.37182800002483,0.0,0.0,0.0,0.0,240,2880,240.0,2880,2880,5760,,not_modelled__session_or_evaluation_key_material_excluded_from_round_payload,actual_generated_protocol_object_bytes,plain_model_update_uplink_plus_plain_global_update_broadcast,sum_of_actual_generated_client_update_objects_before_auxiliary_decryption_share_or_downlink_traffic,False,0.0,0.0,0.0,measured_sum_of_client_protection_plus_server_protected_aggregation_plus_authorized_recovery_or_decryption_ms_per_round,local_training__validation_test_evaluation__transport_latency__serialization_framing_not_explicitly_in_crypto_functions,0.0,0.0,12,12,0,plaintext_update_no_noise,1.0,plain_exact,0,0,False,0,0,False,not_applicable,0,[],0,,True,0.0017204452090867595,0.0020311924643947404,3.9572916666666664,0,0,0,0,0,0,0,0,0,0,0,0,0,12,0,12,0,1,fixed_execution_host_runtime_payload_and_machine_specification__no_unmeasured_absolute_energy_or_carbon_claim,sequential_single_host_wall_clock_and_generated_protocol_object_bytes__machine_specification_recorded__transport_network_facility_energy_not_measured,runtime_payload_measured__energy_not_instrumented,not_reported_without_direct_hardware_energy_instrumentation,not_reported,False,,,,,,,not_reported,0,0.25,not_probed,0,,not_reported__no_valid_colab_network_or_device_energy_scope,,not_reported__no_direct_facility_or_grid_carbon_measurement,0.9362762000000657,Absolute energy and carbon are not reported because direct hardware energy instrumentation is disabled.,False,,,,CRYPTO_TIER
11,T1_Plain_TADP,18,comparative_protocol_experiment,comparative_experiment,main_comparative,Comparative federated-learning and protocol-enforcement experiment.,plain_or_protocol_control,custom_reference_python_prototype,True,2.3-phase1-fixed-threshold-critical-floor-review-profile,47dd2e58be138865a6d591a63329509757be6b563afb2badb96beb09eac726e5,74e7e496a2965934815498fda15c0fe301c572934d9dad3bd52ab614cd21e31a,eb562985f77fc8a152d2d22d15bfd3f4695b107bdaa4c375fc5dde2be0f10805,T1_BASELINE,C4_RESTRICTED,T4_SAMK,C1_PUBLIC,T1_BASELINE,"{""T2_DF_KS"": 3, ""T3_XMK_CKKS"": 4, ""T4_SAMK"": 5}",False,False,below_unified_session_requirement__benchmark_only_not_deployment,C1_PUBLIC,0,profile_benchmark,C4_RESTRICTED,T4_SAMK,1,declared_profile_benchmark_not_governance_selected,not_applicable,not_applicable_plain_update_path,,,,not_applicable,0,0,0,False,,{},True,,strict_experiment_side_plaintext_oracle_comparison__max_coordinate_and_rmse_numeric_acceptance_envelope__relative_l2_diagnostic_only__no_plaintext_fallback_after_protected_aggregation_failure,custom_reference_prototype_numeric_acceptance_envelope__max_abs_and_rmse_are_acceptance_gates__relative_l2_is_diagnostic_only__not_a_formal_he_security_or_precision_proof,True,False,PASSED_PLAIN_CONTROL_CHECK,0.0,0.0,0.0,0.006218412847613337,0.006218412847613337,,,,True,True,True,True,finite_and_max_abs_and_rmse,0.9988413328183702,0.717948717948718,0.6176470588235294,0.8571428571428571,0.9281141972827398,0.7270735890776542,0.9790477530348098,0.725739474586542,0.725739474586542,0.8877551020408163,0.0018640967923466516,0.8877551020408163,0.0018640967923466516,56812,52,14,84,0.0009144625773776027,0.14285714285714285,0.8571428571428571,0.04465581301418733,0.04465581301418733,fpr,0.005,0.9991441550176655,0.7845303867403315,0.696078431372549,0.8987341772151899,0.9490263543802923,0.7905422865495717,0.9828990096585423,0.8237957275927325,0.8237957275927325,0.8987341772151899,0.0006814684546054077,0.8987341772151899,0.0006814684546054077,45459,31,8,71,0.0006814684546054077,0.10126582278481013,0.8987341772151899,0.04465581301418733,fpr,0.005,1.0,False,A1_TADP_admission_only,NOT_FINAL_ROUND,,,,,,,,,,,,,,,,,,,,False,0.9982795547909132,0.9448965999999928,326.71753999966313,189.8594500003128,0.0,0.0,0.0,0.0,240,2880,240.0,2880,2880,5760,,not_modelled__session_or_evaluation_key_material_excluded_from_round_payload,actual_generated_protocol_object_bytes,plain_model_update_uplink_plus_plain_global_update_broadcast,sum_of_actual_generated_client_update_objects_before_auxiliary_decryption_share_or_downlink_traffic,False,0.0,0.0,0.0,measured_sum_of_client_protection_plus_server_protected_aggregation_plus_authorized_recovery_or_decryption_ms_per_round,local_training__validation_test_evaluation__transport_latency__serialization_framing_not_explicitly_in_crypto_functions,0.0,0.0,12,12,0,plaintext_update_no_noise,1.0,plain_exact,0,0,False,0,0,False,not_applicable,0,[],0,,True,0.0017204452090867595,0.0020311924643947404,3.9572916666666664,0,0,0,0,0,0,0,0,0,0,0,0,0,12,0,12,0,1,fixed_execution_host_runtime_payload_and_machine_specification__no_unmeasured_absolute_energy_or_carbon_claim,sequential_single_host_wall_clock_and_generated_protocol_object_bytes__machine_specification_recorded__transport_network_facility_energy_not_measured,runtime_payload_measured__energy_not_instrumented,not_reported_without_direct_hardware_energy_instrumentation,not_reported,False,,,,,,,not_reported,0,0.25,not_probed,0,,not_reported__no_valid_colab_network_or_device_energy_scope,,not_reported__no_direct_facility_or_grid_carbon_measurement,0.944860098999925,Absolute energy and carbon are not reported because direct hardware energy instrumentation is disabled.,False,,,,CRYPTO_TIER
11,T1_Plain_TADP,19,comparative_protocol_experiment,comparative_experiment,main_comparative,Comparative federated-learning and protocol-enforcement experiment.,plain_or_protocol_control,custom_reference_python_prototype,True,2.3-phase1-fixed-threshold-critical-floor-review-profile,47dd2e58be138865a6d591a63329509757be6b563afb2badb96beb09eac726e5,74e7e496a2965934815498fda15c0fe301c572934d9dad3bd52ab614cd21e31a,eb562985f77fc8a152d2d22d15bfd3f4695b107bdaa4c375fc5dde2be0f10805,T1_BASELINE,C4_RESTRICTED,T4_SAMK,C1_PUBLIC,T1_BASELINE,"{""T2_DF_KS"": 3, ""T3_XMK_CKKS"": 4, ""T4_SAMK"": 5}",False,False,below_unified_session_requirement__benchmark_only_not_deployment,C1_PUBLIC,0,profile_benchmark,C4_RESTRICTED,T4_SAMK,1,declared_profile_benchmark_not_governance_selected,not_applicable,not_applicable_plain_update_path,,,,not_applicable,0,0,0,False,,{},True,,strict_experiment_side_plaintext_oracle_comparison__max_coordinate_and_rmse_numeric_acceptance_envelope__relative_l2_diagnostic_only__no_plaintext_fallback_after_protected_aggregation_failure,custom_reference_prototype_numeric_acceptance_envelope__max_abs_and_rmse_are_acceptance_gates__relative_l2_is_diagnostic_only__not_a_formal_he_security_or_precision_proof,True,False,PASSED_PLAIN_CONTROL_CHECK,0.0,0.0,0.0,0.00731782525498588,0.00731782525498588,,,,True,True,True,True,finite_and_max_abs_and_rmse,0.9988237772550121,0.7148936170212766,0.6131386861313869,0.8571428571428571,0.9281054043733419,0.724406671212077,0.9790513419774214,0.7262788456309741,0.7262788456309741,0.8877551020408163,0.0018816826111423747,0.8877551020408163,0.0018816826111423747,56811,53,14,84,0.0009320483961733258,0.14285714285714285,0.8571428571428571,0.0450867090005347,0.0450867090005347,fpr,0.005,0.9991441550176655,0.7845303867403315,0.696078431372549,0.8987341772151899,0.9490263543802923,0.7905422865495717,0.9829390796697564,0.8237990336938446,0.8237990336938446,0.8987341772151899,0.0006814684546054077,0.8987341772151899,0.0006814684546054077,45459,31,8,71,0.0006814684546054077,0.10126582278481013,0.8987341772151899,0.0450867090005347,fpr,0.005,1.0,False,A1_TADP_admission_only,NOT_FINAL_ROUND,,,,,,,,,,,,,,,,,,,,False,0.9982795547909132,0.9447638480000933,320.76429000017015,182.13250999951924,0.0,0.0,0.0,0.0,240,2880,240.0,2880,2880,5760,,not_modelled__session_or_evaluation_key_material_excluded_from_round_payload,actual_generated_protocol_object_bytes,plain_model_update_uplink_plus_plain_global_update_broadcast,sum_of_actual_generated_client_update_objects_before_auxiliary_decryption_share_or_downlink_traffic,False,0.0,0.0,0.0,measured_sum_of_client_protection_plus_server_protected_aggregation_plus_authorized_recovery_or_decryption_ms_per_round,local_training__validation_test_evaluation__transport_latency__serialization_framing_not_explicitly_in_crypto_functions,0.0,0.0,12,12,0,plaintext_update_no_noise,1.0,plain_exact,0,0,False,0,0,False,not_applicable,0,[],0,,True,0.0017204452090867595,0.0020311924643947404,3.9572916666666664,0,0,0,0,0,0,0,0,0,0,0,0,0,12,0,12,0,1,fixed_execution_host_runtime_payload_and_machine_specification__no_unmeasured_absolute_energy_or_carbon_claim,sequential_single_host_wall_clock_and_generated_protocol_object_bytes__machine_specification_recorded__transport_network_facility_energy_not_measured,runtime_payload_measured__energy_not_instrumented,not_reported_without_direct_hardware_energy_instrumentation,not_reported,False,,,,,,,not_reported,0,0.25,not_probed,0,,not_reported__no_valid_colab_network_or_device_energy_scope,,not_reported__no_direct_facility_or_grid_carbon_measurement,0.9447306769998249,Absolute energy and carbon are not reported because direct hardware energy instrumentation is disabled.,False,,,,CRYPTO_TIER
11,T1_Plain_TADP,20,comparative_protocol_experiment,comparative_experiment,main_comparative,Comparative federated-learning and protocol-enforcement experiment.,plain_or_protocol_control,custom_reference_python_prototype,True,2.3-phase1-fixed-threshold-critical-floor-review-profile,47dd2e58be138865a6d591a63329509757be6b563afb2badb96beb09eac726e5,74e7e496a2965934815498fda15c0fe301c572934d9dad3bd52ab614cd21e31a,eb562985f77fc8a152d2d22d15bfd3f4695b107bdaa4c375fc5dde2be0f10805,T1_BASELINE,C4_RESTRICTED,T4_SAMK,C1_PUBLIC,T1_BASELINE,"{""T2_DF_KS"": 3, ""T3_XMK_CKKS"": 4, ""T4_SAMK"": 5}",False,False,below_unified_session_requirement__benchmark_only_not_deployment,C1_PUBLIC,0,profile_benchmark,C4_RESTRICTED,T4_SAMK,1,declared_profile_benchmark_not_governance_selected,not_applicable,not_applicable_plain_update_path,,,,not_applicable,0,0,0,False,,{},True,,strict_experiment_side_plaintext_oracle_comparison__max_coordinate_and_rmse_numeric_acceptance_envelope__relative_l2_diagnostic_only__no_plaintext_fallback_after_protected_aggregation_failure,custom_reference_prototype_numeric_acceptance_envelope__max_abs_and_rmse_are_acceptance_gates__relative_l2_is_diagnostic_only__not_a_formal_he_security_or_precision_proof,True,False,PASSED_PLAIN_CONTROL_CHECK,0.0,0.0,0.0,0.006871964991178887,0.006871964991178887,,,,True,True,True,True,finite_and_max_abs_and_rmse,0.9988413328183702,0.717948717948718,0.6176470588235294,0.8571428571428571,0.9281141972827398,0.7270735890776542,0.9790892053219713,0.7263391760793125,0.7263391760793125,0.8877551020408163,0.0018465109735509285,0.8877551020408163,0.0018465109735509285,56812,52,14,84,0.0009144625773776027,0.14285714285714285,0.8571428571428571,0.04525600783276441,0.04525600783276441,fpr,0.005,0.9991441550176655,0.7845303867403315,0.696078431372549,0.8987341772151899,0.9490263543802923,0.7905422865495717,0.9829763670413026,0.8244768101911787,0.8244768101911787,0.8987341772151899,0.0006814684546054077,0.8987341772151899,0.0006814684546054077,45459,31,8,71,0.0006814684546054077,0.10126582278481013,0.8987341772151899,0.04525600783276441,fpr,0.005,1.0,True,A1_TADP_admission_only,COMPARED,0.7263391760793125,0.7263391760793125,0.0,0.717948717948718,0.717948717948718,0.0,0.7270735890776542,0.7270735890776542,0.0,0.04525600783276441,0.04525600783276441,0.0,0.0,0.0,0.0,0.0,0.0,0.0,0.0,True,0.9982795547909132,0.9235899110003629,318.92222900114575,184.4150109986913,0.0,0.0,0.0,0.0,240,2880,240.0,2880,2880,5760,,not_modelled__session_or_evaluation_key_material_excluded_from_round_payload,actual_generated_protocol_object_bytes,plain_model_update_uplink_plus_plain_global_update_broadcast,sum_of_actual_generated_client_update_objects_before_auxiliary_decryption_share_or_downlink_traffic,False,0.0,0.0,0.0,measured_sum_of_client_protection_plus_server_protected_aggregation_plus_authorized_recovery_or_decryption_ms_per_round,local_training__validation_test_evaluation__transport_latency__serialization_framing_not_explicitly_in_crypto_functions,0.0,0.0,12,12,0,plaintext_update_no_noise,1.0,plain_exact,0,0,False,0,0,False,not_applicable,0,[],0,,True,0.0017204452090867595,0.0020311924643947404,3.9572916666666664,0,0,0,0,0,0,0,0,0,0,0,0,0,12,0,12,0,1,fixed_execution_host_runtime_payload_and_machine_specification__no_unmeasured_absolute_energy_or_carbon_claim,sequential_single_host_wall_clock_and_generated_protocol_object_bytes__machine_specification_recorded__transport_network_facility_energy_not_measured,runtime_payload_measured__energy_not_instrumented,not_reported_without_direct_hardware_energy_instrumentation,not_reported,False,,,,,,,not_reported,0,0.25,not_probed,0,,not_reported__no_valid_colab_network_or_device_energy_scope,,not_reported__no_direct_facility_or_grid_carbon_measurement,0.9235616410001057,Absolute energy and carbon are not reported because direct hardware energy instrumentation is disabled.,False,,,,CRYPTO_TIER
19,T1_Plain_TADP,1,comparative_protocol_experiment,comparative_experiment,main_comparative,Comparative federated-learning and protocol-enforcement experiment.,plain_or_protocol_control,custom_reference_python_prototype,True,2.3-phase1-fixed-threshold-critical-floor-review-profile,47dd2e58be138865a6d591a63329509757be6b563afb2badb96beb09eac726e5,7cfa8b4cccb3826c339933a9968f0ef614429c5143b57b1ef56cef870af3d4eb,eb562985f77fc8a152d2d22d15bfd3f4695b107bdaa4c375fc5dde2be0f10805,T1_BASELINE,C4_RESTRICTED,T4_SAMK,C1_PUBLIC,T1_BASELINE,"{""T2_DF_KS"": 3, ""T3_XMK_CKKS"": 4, ""T4_SAMK"": 5}",False,False,below_unified_session_requirement__benchmark_only_not_deployment,C1_PUBLIC,0,profile_benchmark,C4_RESTRICTED,T4_SAMK,1,declared_profile_benchmark_not_governance_selected,not_applicable,not_applicable_plain_update_path,,,,not_applicable,0,0,0,False,,{},True,,strict_experiment_side_plaintext_oracle_comparison__max_coordinate_and_rmse_numeric_acceptance_envelope__relative_l2_diagnostic_only__no_plaintext_fallback_after_protected_aggregation_failure,custom_reference_prototype_numeric_acceptance_envelope__max_abs_and_rmse_are_acceptance_gates__relative_l2_is_diagnostic_only__not_a_formal_he_security_or_precision_proof,True,False,PASSED_PLAIN_CONTROL_CHECK,0.0,0.0,0.0,0.3062369458356335,0.3062369458356335,,,,True,True,True,True,finite_and_max_abs_and_rmse,0.998139110284049,0.6159420289855072,0.47752808988764045,0.8673469387755102,0.932855728813754,0.642808948864034,0.9624025960975274,0.7060984897849248,0.7060984897849248,0.8775510204081632,0.0018816826111423747,0.8877551020408163,0.009812886888013506,56771,93,13,85,0.001635481148002251,0.1326530612244898,0.8673469387755102,0.0034824339566690127,0.0034824339566690127,fpr,0.005,0.9984858127235621,0.6729857819905213,0.5378787878787878,0.8987341772151899,0.9486966115796767,0.6946443528363763,0.9684554401996822,0.8043186838531067,0.8043186838531067,0.8987341772151899,0.0013409540558364475,0.8987341772151899,0.0013409540558364475,45429,61,8,71,0.0013409540558364475,0.10126582278481013,0.8987341772151899,0.0034824339566690127,fpr,0.005,1.0,False,A1_TADP_admission_only,NOT_FINAL_ROUND,,,,,,,,,,,,,,,,,,,,False,0.9982795547909132,0.9204531669997777,321.7707970002266,183.8969909995285,0.0,0.0,0.0,0.0,240,2880,240.0,2880,2880,5760,,not_modelled__session_or_evaluation_key_material_excluded_from_round_payload,actual_generated_protocol_object_bytes,plain_model_update_uplink_plus_plain_global_update_broadcast,sum_of_actual_generated_client_update_objects_before_auxiliary_decryption_share_or_downlink_traffic,False,0.0,0.0,0.0,measured_sum_of_client_protection_plus_server_protected_aggregation_plus_authorized_recovery_or_decryption_ms_per_round,local_training__validation_test_evaluation__transport_latency__serialization_framing_not_explicitly_in_crypto_functions,0.0,0.0,12,12,0,plaintext_update_no_noise,1.0,plain_exact,0,0,False,0,0,False,not_applicable,0,[],0,,True,0.0017204452090867595,0.0020311924643947404,3.9572916666666664,0,0,0,0,0,0,0,0,0,0,0,0,0,12,0,12,0,1,fixed_execution_host_runtime_payload_and_machine_specification__no_unmeasured_absolute_energy_or_carbon_claim,sequential_single_host_wall_clock_and_generated_protocol_object_bytes__machine_specification_recorded__transport_network_facility_energy_not_measured,runtime_payload_measured__energy_not_instrumented,not_reported_without_direct_hardware_energy_instrumentation,not_reported,False,,,,,,,not_reported,0,0.25,not_probed,0,,not_reported__no_valid_colab_network_or_device_energy_scope,,not_reported__no_direct_facility_or_grid_carbon_measurement,0.920418294999763,Absolute energy and carbon are not reported because direct hardware energy instrumentation is disabled.,False,,,,CRYPTO_TIER
19,T1_Plain_TADP,2,comparative_protocol_experiment,comparative_experiment,main_comparative,Comparative federated-learning and protocol-enforcement experiment.,plain_or_protocol_control,custom_reference_python_prototype,True,2.3-phase1-fixed-threshold-critical-floor-review-profile,47dd2e58be138865a6d591a63329509757be6b563afb2badb96beb09eac726e5,7cfa8b4cccb3826c339933a9968f0ef614429c5143b57b1ef56cef870af3d4eb,eb562985f77fc8a152d2d22d15bfd3f4695b107bdaa4c375fc5dde2be0f10805,T1_BASELINE,C4_RESTRICTED,T4_SAMK,C1_PUBLIC,T1_BASELINE,"{""T2_DF_KS"": 3, ""T3_XMK_CKKS"": 4, ""T4_SAMK"": 5}",False,False,below_unified_session_requirement__benchmark_only_not_deployment,C1_PUBLIC,0,profile_benchmark,C4_RESTRICTED,T4_SAMK,1,declared_profile_benchmark_not_governance_selected,not_applicable,not_applicable_plain_update_path,,,,not_applicable,0,0,0,False,,{},True,,strict_experiment_side_plaintext_oracle_comparison__max_coordinate_and_rmse_numeric_acceptance_envelope__relative_l2_diagnostic_only__no_plaintext_fallback_after_protected_aggregation_failure,custom_reference_prototype_numeric_acceptance_envelope__max_abs_and_rmse_are_acceptance_gates__relative_l2_is_diagnostic_only__not_a_formal_he_security_or_precision_proof,True,False,PASSED_PLAIN_CONTROL_CHECK,0.0,0.0,0.0,0.28221155379086954,0.28221155379086954,,,,True,True,True,True,finite_and_max_abs_and_rmse,0.9988764439450862,0.7264957264957265,0.625,0.8673469387755102,0.9332250310084642,0.7357534045187838,0.9729269908582454,0.7203607273634918,0.7203607273634918,0.8877551020408163,0.0049943725379853685,0.8877551020408163,0.0049943725379853685,56813,51,13,85,0.0008968767585818796,0.1326530612244898,0.8673469387755102,0.005421857338925015,0.005421857338925015,fpr,0.005,0.9990563760451184,0.7675675675675676,0.6698113207547169,0.8987341772151899,0.9489823886735436,0.7754411396718406,0.9756299200547623,0.8201555711270961,0.8201555711270961,0.8987341772151899,0.0007693998681028798,0.8987341772151899,0.0007693998681028798,45455,35,8,71,0.0007693998681028798,0.10126582278481013,0.8987341772151899,0.005421857338925015,fpr,0.005,1.0,False,A1_TADP_admission_only,NOT_FINAL_ROUND,,,,,,,,,,,,,,,,,,,,False,0.9982795547909132,0.9308169740002086,337.65824200008865,181.4616640008353,0.0,0.0,0.0,0.0,240,2880,240.0,2880,2880,5760,,not_modelled__session_or_evaluation_key_material_excluded_from_round_payload,actual_generated_protocol_object_bytes,plain_model_update_uplink_plus_plain_global_update_broadcast,sum_of_actual_generated_client_update_objects_before_auxiliary_decryption_share_or_downlink_traffic,False,0.0,0.0,0.0,measured_sum_of_client_protection_plus_server_protected_aggregation_plus_authorized_recovery_or_decryption_ms_per_round,local_training__validation_test_evaluation__transport_latency__serialization_framing_not_explicitly_in_crypto_functions,0.0,0.0,12,12,0,plaintext_update_no_noise,1.0,plain_exact,0,0,False,0,0,False,not_applicable,0,[],0,,True,0.0017204452090867595,0.0020311924643947404,3.9572916666666664,0,0,0,0,0,0,0,0,0,0,0,0,0,12,0,12,0,1,fixed_execution_host_runtime_payload_and_machine_specification__no_unmeasured_absolute_energy_or_carbon_claim,sequential_single_host_wall_clock_and_generated_protocol_object_bytes__machine_specification_recorded__transport_network_facility_energy_not_measured,runtime_payload_measured__energy_not_instrumented,not_reported_without_direct_hardware_energy_instrumentation,not_reported,False,,,,,,,not_reported,0,0.25,not_probed,0,,not_reported__no_valid_colab_network_or_device_energy_scope,,not_reported__no_direct_facility_or_grid_carbon_measurement,0.9307818510001198,Absolute energy and carbon are not reported because direct hardware energy instrumentation is disabled.,False,,,,CRYPTO_TIER
19,T1_Plain_TADP,3,comparative_protocol_experiment,comparative_experiment,main_comparative,Comparative federated-learning and protocol-enforcement experiment.,plain_or_protocol_control,custom_reference_python_prototype,True,2.3-phase1-fixed-threshold-critical-floor-review-profile,47dd2e58be138865a6d591a63329509757be6b563afb2badb96beb09eac726e5,7cfa8b4cccb3826c339933a9968f0ef614429c5143b57b1ef56cef870af3d4eb,eb562985f77fc8a152d2d22d15bfd3f4695b107bdaa4c375fc5dde2be0f10805,T1_BASELINE,C4_RESTRICTED,T4_SAMK,C1_PUBLIC,T1_BASELINE,"{""T2_DF_KS"": 3, ""T3_XMK_CKKS"": 4, ""T4_SAMK"": 5}",False,False,below_unified_session_requirement__benchmark_only_not_deployment,C1_PUBLIC,0,profile_benchmark,C4_RESTRICTED,T4_SAMK,1,declared_profile_benchmark_not_governance_selected,not_applicable,not_applicable_plain_update_path,,,,not_applicable,0,0,0,False,,{},True,,strict_experiment_side_plaintext_oracle_comparison__max_coordinate_and_rmse_numeric_acceptance_envelope__relative_l2_diagnostic_only__no_plaintext_fallback_after_protected_aggregation_failure,custom_reference_prototype_numeric_acceptance_envelope__max_abs_and_rmse_are_acceptance_gates__relative_l2_is_diagnostic_only__not_a_formal_he_security_or_precision_proof,True,False,PASSED_PLAIN_CONTROL_CHECK,0.0,0.0,0.0,0.24562740148057177,0.24562740148057177,,,,True,True,True,True,finite_and_max_abs_and_rmse,0.9989817773252344,0.7456140350877193,0.6538461538461539,0.8673469387755102,0.9332777884648513,0.7525927260879238,0.9783236838629655,0.7223171817081995,0.7223171817081995,0.8877551020408163,0.004115081598199212,0.8877551020408163,0.004115081598199212,56819,45,13,85,0.0007913618458075408,0.1326530612244898,0.8673469387755102,0.008081458487848709,0.008081458487848709,fpr,0.005,0.9991660997608023,0.7888888888888889,0.7029702970297029,0.8987341772151899,0.9490373458069794,0.7944569329707268,0.9805944274858016,0.8208696467575968,0.8208696467575968,0.8987341772151899,0.0006594856012310398,0.8987341772151899,0.0006594856012310398,45460,30,8,71,0.0006594856012310398,0.10126582278481013,0.8987341772151899,0.008081458487848709,fpr,0.005,1.0,False,A1_TADP_admission_only,NOT_FINAL_ROUND,,,,,,,,,,,,,,,,,,,,False,0.9982795547909132,0.9175834760003454,335.3588939999099,173.85517700085984,0.0,0.0,0.0,0.0,240,2880,240.0,2880,2880,5760,,not_modelled__session_or_evaluation_key_material_excluded_from_round_payload,actual_generated_protocol_object_bytes,plain_model_update_uplink_plus_plain_global_update_broadcast,sum_of_actual_generated_client_update_objects_before_auxiliary_decryption_share_or_downlink_traffic,False,0.0,0.0,0.0,measured_sum_of_client_protection_plus_server_protected_aggregation_plus_authorized_recovery_or_decryption_ms_per_round,local_training__validation_test_evaluation__transport_latency__serialization_framing_not_explicitly_in_crypto_functions,0.0,0.0,12,12,0,plaintext_update_no_noise,1.0,plain_exact,0,0,False,0,0,False,not_applicable,0,[],0,,True,0.0017204452090867595,0.0020311924643947404,3.9572916666666664,0,0,0,0,0,0,0,0,0,0,0,0,0,12,0,12,0,1,fixed_execution_host_runtime_payload_and_machine_specification__no_unmeasured_absolute_energy_or_carbon_claim,sequential_single_host_wall_clock_and_generated_protocol_object_bytes__machine_specification_recorded__transport_network_facility_energy_not_measured,runtime_payload_measured__energy_not_instrumented,not_reported_without_direct_hardware_energy_instrumentation,not_reported,False,,,,,,,not_reported,0,0.25,not_probed,0,,not_reported__no_valid_colab_network_or_device_energy_scope,,not_reported__no_direct_facility_or_grid_carbon_measurement,0.917556814999898,Absolute energy and carbon are not reported because direct hardware energy instrumentation is disabled.,False,,,,CRYPTO_TIER
19,T1_Plain_TADP,4,comparative_protocol_experiment,comparative_experiment,main_comparative,Comparative federated-learning and protocol-enforcement experiment.,plain_or_protocol_control,custom_reference_python_prototype,True,2.3-phase1-fixed-threshold-critical-floor-review-profile,47dd2e58be138865a6d591a63329509757be6b563afb2badb96beb09eac726e5,7cfa8b4cccb3826c339933a9968f0ef614429c5143b57b1ef56cef870af3d4eb,eb562985f77fc8a152d2d22d15bfd3f4695b107bdaa4c375fc5dde2be0f10805,T1_BASELINE,C4_RESTRICTED,T4_SAMK,C1_PUBLIC,T1_BASELINE,"{""T2_DF_KS"": 3, ""T3_XMK_CKKS"": 4, ""T4_SAMK"": 5}",False,False,below_unified_session_requirement__benchmark_only_not_deployment,C1_PUBLIC,0,profile_benchmark,C4_RESTRICTED,T4_SAMK,1,declared_profile_benchmark_not_governance_selected,not_applicable,not_applicable_plain_update_path,,,,not_applicable,0,0,0,False,,{},True,,strict_experiment_side_plaintext_oracle_comparison__max_coordinate_and_rmse_numeric_acceptance_envelope__relative_l2_diagnostic_only__no_plaintext_fallback_after_protected_aggregation_failure,custom_reference_prototype_numeric_acceptance_envelope__max_abs_and_rmse_are_acceptance_gates__relative_l2_is_diagnostic_only__not_a_formal_he_security_or_precision_proof,True,False,PASSED_PLAIN_CONTROL_CHECK,0.0,0.0,0.0,0.20424430316887524,0.20424430316887524,,,,True,True,True,True,finite_and_max_abs_and_rmse,0.9989466661985184,0.7391304347826086,0.6439393939393939,0.8673469387755102,0.9332602026460556,0.7468523321116873,0.9803367217736841,0.7236956321730411,0.7236956321730411,0.8877551020408163,0.003517163759144626,0.8877551020408163,0.003517163759144626,56817,47,13,85,0.000826533483398987,0.1326530612244898,0.8673469387755102,0.011503754583633178,0.011503754583633178,fpr,0.005,0.9992099892470758,0.797752808988764,0.7171717171717171,0.8987341772151899,0.9490593286603538,0.8024632605522288,0.9827267642631152,0.820973197897922,0.820973197897922,0.8987341772151899,0.0006155198944823038,0.8987341772151899,0.0006155198944823038,45462,28,8,71,0.0006155198944823038,0.10126582278481013,0.8987341772151899,0.011503754583633178,fpr,0.005,1.0,False,A1_TADP_admission_only,NOT_FINAL_ROUND,,,,,,,,,,,,,,,,,,,,False,0.9982795547909132,1.231811568000012,485.6967889995758,234.17763299994476,0.0,0.0,0.0,0.0,240,2880,240.0,2880,2880,5760,,not_modelled__session_or_evaluation_key_material_excluded_from_round_payload,actual_generated_protocol_object_bytes,plain_model_update_uplink_plus_plain_global_update_broadcast,sum_of_actual_generated_client_update_objects_before_auxiliary_decryption_share_or_downlink_traffic,False,0.0,0.0,0.0,measured_sum_of_client_protection_plus_server_protected_aggregation_plus_authorized_recovery_or_decryption_ms_per_round,local_training__validation_test_evaluation__transport_latency__serialization_framing_not_explicitly_in_crypto_functions,0.0,0.0,12,12,0,plaintext_update_no_noise,1.0,plain_exact,0,0,False,0,0,False,not_applicable,0,[],0,,True,0.0017204452090867595,0.0020311924643947404,3.9572916666666664,0,0,0,0,0,0,0,0,0,0,0,0,0,12,0,12,0,1,fixed_execution_host_runtime_payload_and_machine_specification__no_unmeasured_absolute_energy_or_carbon_claim,sequential_single_host_wall_clock_and_generated_protocol_object_bytes__machine_specification_recorded__transport_network_facility_energy_not_measured,runtime_payload_measured__energy_not_instrumented,not_reported_without_direct_hardware_energy_instrumentation,not_reported,False,,,,,,,not_reported,0,0.25,not_probed,0,,not_reported__no_valid_colab_network_or_device_energy_scope,,not_reported__no_direct_facility_or_grid_carbon_measurement,1.2317803459995957,Absolute energy and carbon are not reported because direct hardware energy instrumentation is disabled.,False,,,,CRYPTO_TIER
19,T1_Plain_TADP,5,comparative_protocol_experiment,comparative_experiment,main_comparative,Comparative federated-learning and protocol-enforcement experiment.,plain_or_protocol_control,custom_reference_python_prototype,True,2.3-phase1-fixed-threshold-critical-floor-review-profile,47dd2e58be138865a6d591a63329509757be6b563afb2badb96beb09eac726e5,7cfa8b4cccb3826c339933a9968f0ef614429c5143b57b1ef56cef870af3d4eb,eb562985f77fc8a152d2d22d15bfd3f4695b107bdaa4c375fc5dde2be0f10805,T1_BASELINE,C4_RESTRICTED,T4_SAMK,C1_PUBLIC,T1_BASELINE,"{""T2_DF_KS"": 3, ""T3_XMK_CKKS"": 4, ""T4_SAMK"": 5}",False,False,below_unified_session_requirement__benchmark_only_not_deployment,C1_PUBLIC,0,profile_benchmark,C4_RESTRICTED,T4_SAMK,1,declared_profile_benchmark_not_governance_selected,not_applicable,not_applicable_plain_update_path,,,,not_applicable,0,0,0,False,,{},True,,strict_experiment_side_plaintext_oracle_comparison__max_coordinate_and_rmse_numeric_acceptance_envelope__relative_l2_diagnostic_only__no_plaintext_fallback_after_protected_aggregation_failure,custom_reference_prototype_numeric_acceptance_envelope__max_abs_and_rmse_are_acceptance_gates__relative_l2_is_diagnostic_only__not_a_formal_he_security_or_precision_proof,True,False,PASSED_PLAIN_CONTROL_CHECK,0.0,0.0,0.0,0.164116975418608,0.164116975418608,,,,True,True,True,True,finite_and_max_abs_and_rmse,0.9988764439450862,0.7264957264957265,0.625,0.8673469387755102,0.9332250310084642,0.7357534045187838,0.9809154387697679,0.724728010238371,0.724728010238371,0.8877551020408163,0.0030423466516601013,0.8877551020408163,0.0030423466516601013,56813,51,13,85,0.0008968767585818796,0.1326530612244898,0.8673469387755102,0.015614811527107223,0.015614811527107223,fpr,0.005,0.9991441550176655,0.7845303867403315,0.696078431372549,0.8987341772151899,0.9490263543802923,0.7905422865495717,0.9831449950051618,0.8214987486921462,0.8214987486921462,0.8987341772151899,0.0006814684546054077,0.8987341772151899,0.0006814684546054077,45459,31,8,71,0.0006814684546054077,0.10126582278481013,0.8987341772151899,0.015614811527107223,fpr,0.005,1.0,False,A1_TADP_admission_only,NOT_FINAL_ROUND,,,,,,,,,,,,,,,,,,,,False,0.9982795547909132,1.297169163000035,511.0104509994926,221.4553609996983,0.0,0.0,0.0,0.0,240,2880,240.0,2880,2880,5760,,not_modelled__session_or_evaluation_key_material_excluded_from_round_payload,actual_generated_protocol_object_bytes,plain_model_update_uplink_plus_plain_global_update_broadcast,sum_of_actual_generated_client_update_objects_before_auxiliary_decryption_share_or_downlink_traffic,False,0.0,0.0,0.0,measured_sum_of_client_protection_plus_server_protected_aggregation_plus_authorized_recovery_or_decryption_ms_per_round,local_training__validation_test_evaluation__transport_latency__serialization_framing_not_explicitly_in_crypto_functions,0.0,0.0,12,12,0,plaintext_update_no_noise,1.0,plain_exact,0,0,False,0,0,False,not_applicable,0,[],0,,True,0.0017204452090867595,0.0020311924643947404,3.9572916666666664,0,0,0,0,0,0,0,0,0,0,0,0,0,12,0,12,0,1,fixed_execution_host_runtime_payload_and_machine_specification__no_unmeasured_absolute_energy_or_carbon_claim,sequential_single_host_wall_clock_and_generated_protocol_object_bytes__machine_specification_recorded__transport_network_facility_energy_not_measured,runtime_payload_measured__energy_not_instrumented,not_reported_without_direct_hardware_energy_instrumentation,not_reported,False,,,,,,,not_reported,0,0.25,not_probed,0,,not_reported__no_valid_colab_network_or_device_energy_scope,,not_reported__no_direct_facility_or_grid_carbon_measurement,1.2971382529999573,Absolute energy and carbon are not reported because direct hardware energy instrumentation is disabled.,False,,,,CRYPTO_TIER
19,T1_Plain_TADP,6,comparative_protocol_experiment,comparative_experiment,main_comparative,Comparative federated-learning and protocol-enforcement experiment.,plain_or_protocol_control,custom_reference_python_prototype,True,2.3-phase1-fixed-threshold-critical-floor-review-profile,47dd2e58be138865a6d591a63329509757be6b563afb2badb96beb09eac726e5,7cfa8b4cccb3826c339933a9968f0ef614429c5143b57b1ef56cef870af3d4eb,eb562985f77fc8a152d2d22d15bfd3f4695b107bdaa4c375fc5dde2be0f10805,T1_BASELINE,C4_RESTRICTED,T4_SAMK,C1_PUBLIC,T1_BASELINE,"{""T2_DF_KS"": 3, ""T3_XMK_CKKS"": 4, ""T4_SAMK"": 5}",False,False,below_unified_session_requirement__benchmark_only_not_deployment,C1_PUBLIC,0,profile_benchmark,C4_RESTRICTED,T4_SAMK,1,declared_profile_benchmark_not_governance_selected,not_applicable,not_applicable_plain_update_path,,,,not_applicable,0,0,0,False,,{},True,,strict_experiment_side_plaintext_oracle_comparison__max_coordinate_and_rmse_numeric_acceptance_envelope__relative_l2_diagnostic_only__no_plaintext_fallback_after_protected_aggregation_failure,custom_reference_prototype_numeric_acceptance_envelope__max_abs_and_rmse_are_acceptance_gates__relative_l2_is_diagnostic_only__not_a_formal_he_security_or_precision_proof,True,False,PASSED_PLAIN_CONTROL_CHECK,0.0,0.0,0.0,0.12899004617258159,0.12899004617258159,,,,True,True,True,True,finite_and_max_abs_and_rmse,0.9988764439450862,0.7264957264957265,0.625,0.8673469387755102,0.9332250310084642,0.7357534045187838,0.9808499405671103,0.7248357209168029,0.7248357209168029,0.8877551020408163,0.0028313168261114236,0.8877551020408163,0.0028313168261114236,56813,51,13,85,0.0008968767585818796,0.1326530612244898,0.8673469387755102,0.020155349001636142,0.020155349001636142,fpr,0.005,0.9991441550176655,0.7845303867403315,0.696078431372549,0.8987341772151899,0.9490263543802923,0.7905422865495717,0.9832025956462819,0.822623409835641,0.822623409835641,0.8987341772151899,0.0006814684546054077,0.8987341772151899,0.0006814684546054077,45459,31,8,71,0.0006814684546054077,0.10126582278481013,0.8987341772151899,0.020155349001636142,fpr,0.005,1.0,False,A1_TADP_admission_only,NOT_FINAL_ROUND,,,,,,,,,,,,,,,,,,,,False,0.9982795547909132,1.2768970779998199,535.4343189987958,244.90081699923394,0.0,0.0,0.0,0.0,240,2880,240.0,2880,2880,5760,,not_modelled__session_or_evaluation_key_material_excluded_from_round_payload,actual_generated_protocol_object_bytes,plain_model_update_uplink_plus_plain_global_update_broadcast,sum_of_actual_generated_client_update_objects_before_auxiliary_decryption_share_or_downlink_traffic,False,0.0,0.0,0.0,measured_sum_of_client_protection_plus_server_protected_aggregation_plus_authorized_recovery_or_decryption_ms_per_round,local_training__validation_test_evaluation__transport_latency__serialization_framing_not_explicitly_in_crypto_functions,0.0,0.0,12,12,0,plaintext_update_no_noise,1.0,plain_exact,0,0,False,0,0,False,not_applicable,0,[],0,,True,0.0017204452090867595,0.0020311924643947404,3.9572916666666664,0,0,0,0,0,0,0,0,0,0,0,0,0,12,0,12,0,1,fixed_execution_host_runtime_payload_and_machine_specification__no_unmeasured_absolute_energy_or_carbon_claim,sequential_single_host_wall_clock_and_generated_protocol_object_bytes__machine_specification_recorded__transport_network_facility_energy_not_measured,runtime_payload_measured__energy_not_instrumented,not_reported_without_direct_hardware_energy_instrumentation,not_reported,False,,,,,,,not_reported,0,0.25,not_probed,0,,not_reported__no_valid_colab_network_or_device_energy_scope,,not_reported__no_direct_facility_or_grid_carbon_measurement,1.2768675130000702,Absolute energy and carbon are not reported because direct hardware energy instrumentation is disabled.,False,,,,CRYPTO_TIER
19,T1_Plain_TADP,7,comparative_protocol_experiment,comparative_experiment,main_comparative,Comparative federated-learning and protocol-enforcement experiment.,plain_or_protocol_control,custom_reference_python_prototype,True,2.3-phase1-fixed-threshold-critical-floor-review-profile,47dd2e58be138865a6d591a63329509757be6b563afb2badb96beb09eac726e5,7cfa8b4cccb3826c339933a9968f0ef614429c5143b57b1ef56cef870af3d4eb,eb562985f77fc8a152d2d22d15bfd3f4695b107bdaa4c375fc5dde2be0f10805,T1_BASELINE,C4_RESTRICTED,T4_SAMK,C1_PUBLIC,T1_BASELINE,"{""T2_DF_KS"": 3, ""T3_XMK_CKKS"": 4, ""T4_SAMK"": 5}",False,False,below_unified_session_requirement__benchmark_only_not_deployment,C1_PUBLIC,0,profile_benchmark,C4_RESTRICTED,T4_SAMK,1,declared_profile_benchmark_not_governance_selected,not_applicable,not_applicable_plain_update_path,,,,not_applicable,0,0,0,False,,{},True,,strict_experiment_side_plaintext_oracle_comparison__max_coordinate_and_rmse_numeric_acceptance_envelope__relative_l2_diagnostic_only__no_plaintext_fallback_after_protected_aggregation_failure,custom_reference_prototype_numeric_acceptance_envelope__max_abs_and_rmse_are_acceptance_gates__relative_l2_is_diagnostic_only__not_a_formal_he_security_or_precision_proof,True,False,PASSED_PLAIN_CONTROL_CHECK,0.0,0.0,0.0,0.09259327066890498,0.09259327066890498,,,,True,True,True,True,finite_and_max_abs_and_rmse,0.9988939995084443,0.7296137339055794,0.6296296296296297,0.8673469387755102,0.933233823917862,0.7384818800473862,0.9805646196295064,0.7252643504141022,0.7252643504141022,0.8877551020408163,0.002690630275745639,0.8877551020408163,0.002690630275745639,56814,50,13,85,0.0008792909397861565,0.1326530612244898,0.8673469387755102,0.024528105884279682,0.024528105884279682,fpr,0.005,0.9991660997608023,0.7888888888888889,0.7029702970297029,0.8987341772151899,0.9490373458069794,0.7944569329707268,0.9831945259912458,0.8230083298642622,0.8230083298642622,0.8987341772151899,0.0006594856012310398,0.8987341772151899,0.0006594856012310398,45460,30,8,71,0.0006594856012310398,0.10126582278481013,0.8987341772151899,0.024528105884279682,fpr,0.005,1.0,False,A1_TADP_admission_only,NOT_FINAL_ROUND,,,,,,,,,,,,,,,,,,,,False,0.9982795547909132,0.9532664799999111,323.8275250005245,188.90485400106627,0.0,0.0,0.0,0.0,240,2880,240.0,2880,2880,5760,,not_modelled__session_or_evaluation_key_material_excluded_from_round_payload,actual_generated_protocol_object_bytes,plain_model_update_uplink_plus_plain_global_update_broadcast,sum_of_actual_generated_client_update_objects_before_auxiliary_decryption_share_or_downlink_traffic,False,0.0,0.0,0.0,measured_sum_of_client_protection_plus_server_protected_aggregation_plus_authorized_recovery_or_decryption_ms_per_round,local_training__validation_test_evaluation__transport_latency__serialization_framing_not_explicitly_in_crypto_functions,0.0,0.0,12,12,0,plaintext_update_no_noise,1.0,plain_exact,0,0,False,0,0,False,not_applicable,0,[],0,,True,0.0017204452090867595,0.0020311924643947404,3.9572916666666664,0,0,0,0,0,0,0,0,0,0,0,0,0,12,0,12,0,1,fixed_execution_host_runtime_payload_and_machine_specification__no_unmeasured_absolute_energy_or_carbon_claim,sequential_single_host_wall_clock_and_generated_protocol_object_bytes__machine_specification_recorded__transport_network_facility_energy_not_measured,runtime_payload_measured__energy_not_instrumented,not_reported_without_direct_hardware_energy_instrumentation,not_reported,False,,,,,,,not_reported,0,0.25,not_probed,0,,not_reported__no_valid_colab_network_or_device_energy_scope,,not_reported__no_direct_facility_or_grid_carbon_measurement,0.9532382880001933,Absolute energy and carbon are not reported because direct hardware energy instrumentation is disabled.,False,,,,CRYPTO_TIER
19,T1_Plain_TADP,8,comparative_protocol_experiment,comparative_experiment,main_comparative,Comparative federated-learning and protocol-enforcement experiment.,plain_or_protocol_control,custom_reference_python_prototype,True,2.3-phase1-fixed-threshold-critical-floor-review-profile,47dd2e58be138865a6d591a63329509757be6b563afb2badb96beb09eac726e5,7cfa8b4cccb3826c339933a9968f0ef614429c5143b57b1ef56cef870af3d4eb,eb562985f77fc8a152d2d22d15bfd3f4695b107bdaa4c375fc5dde2be0f10805,T1_BASELINE,C4_RESTRICTED,T4_SAMK,C1_PUBLIC,T1_BASELINE,"{""T2_DF_KS"": 3, ""T3_XMK_CKKS"": 4, ""T4_SAMK"": 5}",False,False,below_unified_session_requirement__benchmark_only_not_deployment,C1_PUBLIC,0,profile_benchmark,C4_RESTRICTED,T4_SAMK,1,declared_profile_benchmark_not_governance_selected,not_applicable,not_applicable_plain_update_path,,,,not_applicable,0,0,0,False,,{},True,,strict_experiment_side_plaintext_oracle_comparison__max_coordinate_and_rmse_numeric_acceptance_envelope__relative_l2_diagnostic_only__no_plaintext_fallback_after_protected_aggregation_failure,custom_reference_prototype_numeric_acceptance_envelope__max_abs_and_rmse_are_acceptance_gates__relative_l2_is_diagnostic_only__not_a_formal_he_security_or_precision_proof,True,False,PASSED_PLAIN_CONTROL_CHECK,0.0,0.0,0.0,0.070748706429207,0.070748706429207,,,,True,True,True,True,finite_and_max_abs_and_rmse,0.9988939995084443,0.7296137339055794,0.6296296296296297,0.8673469387755102,0.933233823917862,0.7384818800473862,0.9802728385952018,0.725567473728231,0.725567473728231,0.8877551020408163,0.002444428812605515,0.8877551020408163,0.002444428812605515,56814,50,13,85,0.0008792909397861565,0.1326530612244898,0.8673469387755102,0.028655980480560412,0.028655980480560412,fpr,0.005,0.999188044503939,0.7932960893854749,0.71,0.8987341772151899,0.9490483372336667,0.798430099699276,0.983084611724374,0.8232708632512953,0.8232708632512953,0.8987341772151899,0.0006375027478566718,0.8987341772151899,0.0006375027478566718,45461,29,8,71,0.0006375027478566718,0.10126582278481013,0.8987341772151899,0.028655980480560412,fpr,0.005,1.0,False,A1_TADP_admission_only,NOT_FINAL_ROUND,,,,,,,,,,,,,,,,,,,,False,0.9982795547909132,0.9715439010001319,339.5366079989799,203.49438600032954,0.0,0.0,0.0,0.0,240,2880,240.0,2880,2880,5760,,not_modelled__session_or_evaluation_key_material_excluded_from_round_payload,actual_generated_protocol_object_bytes,plain_model_update_uplink_plus_plain_global_update_broadcast,sum_of_actual_generated_client_update_objects_before_auxiliary_decryption_share_or_downlink_traffic,False,0.0,0.0,0.0,measured_sum_of_client_protection_plus_server_protected_aggregation_plus_authorized_recovery_or_decryption_ms_per_round,local_training__validation_test_evaluation__transport_latency__serialization_framing_not_explicitly_in_crypto_functions,0.0,0.0,12,12,0,plaintext_update_no_noise,1.0,plain_exact,0,0,False,0,0,False,not_applicable,0,[],0,,True,0.0017204452090867595,0.0020311924643947404,3.9572916666666664,0,0,0,0,0,0,0,0,0,0,0,0,0,12,0,12,0,1,fixed_execution_host_runtime_payload_and_machine_specification__no_unmeasured_absolute_energy_or_carbon_claim,sequential_single_host_wall_clock_and_generated_protocol_object_bytes__machine_specification_recorded__transport_network_facility_energy_not_measured,runtime_payload_measured__energy_not_instrumented,not_reported_without_direct_hardware_energy_instrumentation,not_reported,False,,,,,,,not_reported,0,0.25,not_probed,0,,not_reported__no_valid_colab_network_or_device_energy_scope,,not_reported__no_direct_facility_or_grid_carbon_measurement,0.9715171420002662,Absolute energy and carbon are not reported because direct hardware energy instrumentation is disabled.,False,,,,CRYPTO_TIER
19,T1_Plain_TADP,9,comparative_protocol_experiment,comparative_experiment,main_comparative,Comparative federated-learning and protocol-enforcement experiment.,plain_or_protocol_control,custom_reference_python_prototype,True,2.3-phase1-fixed-threshold-critical-floor-review-profile,47dd2e58be138865a6d591a63329509757be6b563afb2badb96beb09eac726e5,7cfa8b4cccb3826c339933a9968f0ef614429c5143b57b1ef56cef870af3d4eb,eb562985f77fc8a152d2d22d15bfd3f4695b107bdaa4c375fc5dde2be0f10805,T1_BASELINE,C4_RESTRICTED,T4_SAMK,C1_PUBLIC,T1_BASELINE,"{""T2_DF_KS"": 3, ""T3_XMK_CKKS"": 4, ""T4_SAMK"": 5}",False,False,below_unified_session_requirement__benchmark_only_not_deployment,C1_PUBLIC,0,profile_benchmark,C4_RESTRICTED,T4_SAMK,1,declared_profile_benchmark_not_governance_selected,not_applicable,not_applicable_plain_update_path,,,,not_applicable,0,0,0,False,,{},True,,strict_experiment_side_plaintext_oracle_comparison__max_coordinate_and_rmse_numeric_acceptance_envelope__relative_l2_diagnostic_only__no_plaintext_fallback_after_protected_aggregation_failure,custom_reference_prototype_numeric_acceptance_envelope__max_abs_and_rmse_are_acceptance_gates__relative_l2_is_diagnostic_only__not_a_formal_he_security_or_precision_proof,True,False,PASSED_PLAIN_CONTROL_CHECK,0.0,0.0,0.0,0.0552826420271803,0.0552826420271803,,,,True,True,True,True,finite_and_max_abs_and_rmse,0.9988939995084443,0.7296137339055794,0.6296296296296297,0.8673469387755102,0.933233823917862,0.7384818800473862,0.9800763439872291,0.7256903527594851,0.7256903527594851,0.8877551020408163,0.0021278840742824986,0.8877551020408163,0.0021278840742824986,56814,50,13,85,0.0008792909397861565,0.1326530612244898,0.8673469387755102,0.032563683302508806,0.032563683302508806,fpr,0.005,0.999188044503939,0.7932960893854749,0.71,0.8987341772151899,0.9490483372336667,0.798430099699276,0.9830487156726614,0.8230657282048967,0.8230657282048967,0.8987341772151899,0.0006375027478566718,0.8987341772151899,0.0006375027478566718,45461,29,8,71,0.0006375027478566718,0.10126582278481013,0.8987341772151899,0.032563683302508806,fpr,0.005,1.0,False,A1_TADP_admission_only,NOT_FINAL_ROUND,,,,,,,,,,,,,,,,,,,,False,0.9982795547909132,0.9520726599998852,322.04868600001646,188.6277940002401,0.0,0.0,0.0,0.0,240,2880,240.0,2880,2880,5760,,not_modelled__session_or_evaluation_key_material_excluded_from_round_payload,actual_generated_protocol_object_bytes,plain_model_update_uplink_plus_plain_global_update_broadcast,sum_of_actual_generated_client_update_objects_before_auxiliary_decryption_share_or_downlink_traffic,False,0.0,0.0,0.0,measured_sum_of_client_protection_plus_server_protected_aggregation_plus_authorized_recovery_or_decryption_ms_per_round,local_training__validation_test_evaluation__transport_latency__serialization_framing_not_explicitly_in_crypto_functions,0.0,0.0,12,12,0,plaintext_update_no_noise,1.0,plain_exact,0,0,False,0,0,False,not_applicable,0,[],0,,True,0.0017204452090867595,0.0020311924643947404,3.9572916666666664,0,0,0,0,0,0,0,0,0,0,0,0,0,12,0,12,0,1,fixed_execution_host_runtime_payload_and_machine_specification__no_unmeasured_absolute_energy_or_carbon_claim,sequential_single_host_wall_clock_and_generated_protocol_object_bytes__machine_specification_recorded__transport_network_facility_energy_not_measured,runtime_payload_measured__energy_not_instrumented,not_reported_without_direct_hardware_energy_instrumentation,not_reported,False,,,,,,,not_reported,0,0.25,not_probed,0,,not_reported__no_valid_colab_network_or_device_energy_scope,,not_reported__no_direct_facility_or_grid_carbon_measurement,0.952047334999861,Absolute energy and carbon are not reported because direct hardware energy instrumentation is disabled.,False,,,,CRYPTO_TIER
19,T1_Plain_TADP,10,comparative_protocol_experiment,comparative_experiment,main_comparative,Comparative federated-learning and protocol-enforcement experiment.,plain_or_protocol_control,custom_reference_python_prototype,True,2.3-phase1-fixed-threshold-critical-floor-review-profile,47dd2e58be138865a6d591a63329509757be6b563afb2badb96beb09eac726e5,7cfa8b4cccb3826c339933a9968f0ef614429c5143b57b1ef56cef870af3d4eb,eb562985f77fc8a152d2d22d15bfd3f4695b107bdaa4c375fc5dde2be0f10805,T1_BASELINE,C4_RESTRICTED,T4_SAMK,C1_PUBLIC,T1_BASELINE,"{""T2_DF_KS"": 3, ""T3_XMK_CKKS"": 4, ""T4_SAMK"": 5}",False,False,below_unified_session_requirement__benchmark_only_not_deployment,C1_PUBLIC,0,profile_benchmark,C4_RESTRICTED,T4_SAMK,1,declared_profile_benchmark_not_governance_selected,not_applicable,not_applicable_plain_update_path,,,,not_applicable,0,0,0,False,,{},True,,strict_experiment_side_plaintext_oracle_comparison__max_coordinate_and_rmse_numeric_acceptance_envelope__relative_l2_diagnostic_only__no_plaintext_fallback_after_protected_aggregation_failure,custom_reference_prototype_numeric_acceptance_envelope__max_abs_and_rmse_are_acceptance_gates__relative_l2_is_diagnostic_only__not_a_formal_he_security_or_precision_proof,True,False,PASSED_PLAIN_CONTROL_CHECK,0.0,0.0,0.0,0.041556827114317234,0.041556827114317234,,,,True,True,True,True,finite_and_max_abs_and_rmse,0.9988939995084443,0.7296137339055794,0.6296296296296297,0.8673469387755102,0.933233823917862,0.7384818800473862,0.979898332433705,0.7258220491163967,0.7258220491163967,0.8877551020408163,0.002075126617895329,0.8877551020408163,0.002075126617895329,56814,50,13,85,0.0008792909397861565,0.1326530612244898,0.8673469387755102,0.035870774782846754,0.035870774782846754,fpr,0.005,0.999188044503939,0.7932960893854749,0.71,0.8987341772151899,0.9490483372336667,0.798430099699276,0.9829810975287377,0.8239733904367565,0.8239733904367565,0.8987341772151899,0.0006375027478566718,0.8987341772151899,0.0006375027478566718,45461,29,8,71,0.0006375027478566718,0.10126582278481013,0.8987341772151899,0.035870774782846754,fpr,0.005,1.0,False,A1_TADP_admission_only,NOT_FINAL_ROUND,,,,,,,,,,,,,,,,,,,,False,0.9982795547909132,0.9692138610002985,323.4828409986221,191.85108800002126,0.0,0.0,0.0,0.0,240,2880,240.0,2880,2880,5760,,not_modelled__session_or_evaluation_key_material_excluded_from_round_payload,actual_generated_protocol_object_bytes,plain_model_update_uplink_plus_plain_global_update_broadcast,sum_of_actual_generated_client_update_objects_before_auxiliary_decryption_share_or_downlink_traffic,False,0.0,0.0,0.0,measured_sum_of_client_protection_plus_server_protected_aggregation_plus_authorized_recovery_or_decryption_ms_per_round,local_training__validation_test_evaluation__transport_latency__serialization_framing_not_explicitly_in_crypto_functions,0.0,0.0,12,12,0,plaintext_update_no_noise,1.0,plain_exact,0,0,False,0,0,False,not_applicable,0,[],0,,True,0.0017204452090867595,0.0020311924643947404,3.9572916666666664,0,0,0,0,0,0,0,0,0,0,0,0,0,12,0,12,0,1,fixed_execution_host_runtime_payload_and_machine_specification__no_unmeasured_absolute_energy_or_carbon_claim,sequential_single_host_wall_clock_and_generated_protocol_object_bytes__machine_specification_recorded__transport_network_facility_energy_not_measured,runtime_payload_measured__energy_not_instrumented,not_reported_without_direct_hardware_energy_instrumentation,not_reported,False,,,,,,,not_reported,0,0.25,not_probed,0,,not_reported__no_valid_colab_network_or_device_energy_scope,,not_reported__no_direct_facility_or_grid_carbon_measurement,0.9691832809999141,Absolute energy and carbon are not reported because direct hardware energy instrumentation is disabled.,False,,,,CRYPTO_TIER
19,T1_Plain_TADP,11,comparative_protocol_experiment,comparative_experiment,main_comparative,Comparative federated-learning and protocol-enforcement experiment.,plain_or_protocol_control,custom_reference_python_prototype,True,2.3-phase1-fixed-threshold-critical-floor-review-profile,47dd2e58be138865a6d591a63329509757be6b563afb2badb96beb09eac726e5,7cfa8b4cccb3826c339933a9968f0ef614429c5143b57b1ef56cef870af3d4eb,eb562985f77fc8a152d2d22d15bfd3f4695b107bdaa4c375fc5dde2be0f10805,T1_BASELINE,C4_RESTRICTED,T4_SAMK,C1_PUBLIC,T1_BASELINE,"{""T2_DF_KS"": 3, ""T3_XMK_CKKS"": 4, ""T4_SAMK"": 5}",False,False,below_unified_session_requirement__benchmark_only_not_deployment,C1_PUBLIC,0,profile_benchmark,C4_RESTRICTED,T4_SAMK,1,declared_profile_benchmark_not_governance_selected,not_applicable,not_applicable_plain_update_path,,,,not_applicable,0,0,0,False,,{},True,,strict_experiment_side_plaintext_oracle_comparison__max_coordinate_and_rmse_numeric_acceptance_envelope__relative_l2_diagnostic_only__no_plaintext_fallback_after_protected_aggregation_failure,custom_reference_prototype_numeric_acceptance_envelope__max_abs_and_rmse_are_acceptance_gates__relative_l2_is_diagnostic_only__not_a_formal_he_security_or_precision_proof,True,False,PASSED_PLAIN_CONTROL_CHECK,0.0,0.0,0.0,0.02895139935979023,0.02895139935979023,,,,True,True,True,True,finite_and_max_abs_and_rmse,0.9988764439450862,0.7241379310344828,0.6268656716417911,0.8571428571428571,0.9281317831015354,0.7324966133977643,0.9798100444454653,0.725873850835699,0.725873850835699,0.8877551020408163,0.0020047833427124366,0.8877551020408163,0.0020047833427124366,56814,50,14,84,0.0008792909397861565,0.14285714285714285,0.8571428571428571,0.03834672603292151,0.03834672603292151,fpr,0.005,0.9991660997608023,0.7888888888888889,0.7029702970297029,0.8987341772151899,0.9490373458069794,0.7944569329707268,0.9829421405733907,0.8235787160632645,0.8235787160632645,0.8987341772151899,0.0006594856012310398,0.8987341772151899,0.0006594856012310398,45460,30,8,71,0.0006594856012310398,0.10126582278481013,0.8987341772151899,0.03834672603292151,fpr,0.005,1.0,False,A1_TADP_admission_only,NOT_FINAL_ROUND,,,,,,,,,,,,,,,,,,,,False,0.9982795547909132,0.9356765990000895,319.0431070001978,189.9883009991754,0.0,0.0,0.0,0.0,240,2880,240.0,2880,2880,5760,,not_modelled__session_or_evaluation_key_material_excluded_from_round_payload,actual_generated_protocol_object_bytes,plain_model_update_uplink_plus_plain_global_update_broadcast,sum_of_actual_generated_client_update_objects_before_auxiliary_decryption_share_or_downlink_traffic,False,0.0,0.0,0.0,measured_sum_of_client_protection_plus_server_protected_aggregation_plus_authorized_recovery_or_decryption_ms_per_round,local_training__validation_test_evaluation__transport_latency__serialization_framing_not_explicitly_in_crypto_functions,0.0,0.0,12,12,0,plaintext_update_no_noise,1.0,plain_exact,0,0,False,0,0,False,not_applicable,0,[],0,,True,0.0017204452090867595,0.0020311924643947404,3.9572916666666664,0,0,0,0,0,0,0,0,0,0,0,0,0,12,0,12,0,1,fixed_execution_host_runtime_payload_and_machine_specification__no_unmeasured_absolute_energy_or_carbon_claim,sequential_single_host_wall_clock_and_generated_protocol_object_bytes__machine_specification_recorded__transport_network_facility_energy_not_measured,runtime_payload_measured__energy_not_instrumented,not_reported_without_direct_hardware_energy_instrumentation,not_reported,False,,,,,,,not_reported,0,0.25,not_probed,0,,not_reported__no_valid_colab_network_or_device_energy_scope,,not_reported__no_direct_facility_or_grid_carbon_measurement,0.935646196000107,Absolute energy and carbon are not reported because direct hardware energy instrumentation is disabled.,False,,,,CRYPTO_TIER
19,T1_Plain_TADP,12,comparative_protocol_experiment,comparative_experiment,main_comparative,Comparative federated-learning and protocol-enforcement experiment.,plain_or_protocol_control,custom_reference_python_prototype,True,2.3-phase1-fixed-threshold-critical-floor-review-profile,47dd2e58be138865a6d591a63329509757be6b563afb2badb96beb09eac726e5,7cfa8b4cccb3826c339933a9968f0ef614429c5143b57b1ef56cef870af3d4eb,eb562985f77fc8a152d2d22d15bfd3f4695b107bdaa4c375fc5dde2be0f10805,T1_BASELINE,C4_RESTRICTED,T4_SAMK,C1_PUBLIC,T1_BASELINE,"{""T2_DF_KS"": 3, ""T3_XMK_CKKS"": 4, ""T4_SAMK"": 5}",False,False,below_unified_session_requirement__benchmark_only_not_deployment,C1_PUBLIC,0,profile_benchmark,C4_RESTRICTED,T4_SAMK,1,declared_profile_benchmark_not_governance_selected,not_applicable,not_applicable_plain_update_path,,,,not_applicable,0,0,0,False,,{},True,,strict_experiment_side_plaintext_oracle_comparison__max_coordinate_and_rmse_numeric_acceptance_envelope__relative_l2_diagnostic_only__no_plaintext_fallback_after_protected_aggregation_failure,custom_reference_prototype_numeric_acceptance_envelope__max_abs_and_rmse_are_acceptance_gates__relative_l2_is_diagnostic_only__not_a_formal_he_security_or_precision_proof,True,False,PASSED_PLAIN_CONTROL_CHECK,0.0,0.0,0.0,0.02196077518578175,0.02196077518578175,,,,True,True,True,True,finite_and_max_abs_and_rmse,0.9988588883817282,0.721030042918455,0.6222222222222222,0.8571428571428571,0.9281229901921376,0.7297700531077194,0.979778102856224,0.7263555606540143,0.7263555606540143,0.8877551020408163,0.002039954980303883,0.8877551020408163,0.002039954980303883,56813,51,14,84,0.0008968767585818796,0.14285714285714285,0.8571428571428571,0.040193439228824734,0.040193439228824734,fpr,0.005,0.9991660997608023,0.7888888888888889,0.7029702970297029,0.8987341772151899,0.9490373458069794,0.7944569329707268,0.9829426971013243,0.8232020659327233,0.8232020659327233,0.8987341772151899,0.0006594856012310398,0.8987341772151899,0.0006594856012310398,45460,30,8,71,0.0006594856012310398,0.10126582278481013,0.8987341772151899,0.040193439228824734,fpr,0.005,1.0,False,A1_TADP_admission_only,NOT_FINAL_ROUND,,,,,,,,,,,,,,,,,,,,False,0.9982795547909132,0.9822885469998255,345.0733859999673,198.04603400052656,0.0,0.0,0.0,0.0,240,2880,240.0,2880,2880,5760,,not_modelled__session_or_evaluation_key_material_excluded_from_round_payload,actual_generated_protocol_object_bytes,plain_model_update_uplink_plus_plain_global_update_broadcast,sum_of_actual_generated_client_update_objects_before_auxiliary_decryption_share_or_downlink_traffic,False,0.0,0.0,0.0,measured_sum_of_client_protection_plus_server_protected_aggregation_plus_authorized_recovery_or_decryption_ms_per_round,local_training__validation_test_evaluation__transport_latency__serialization_framing_not_explicitly_in_crypto_functions,0.0,0.0,12,12,0,plaintext_update_no_noise,1.0,plain_exact,0,0,False,0,0,False,not_applicable,0,[],0,,True,0.0017204452090867595,0.0020311924643947404,3.9572916666666664,0,0,0,0,0,0,0,0,0,0,0,0,0,12,0,12,0,1,fixed_execution_host_runtime_payload_and_machine_specification__no_unmeasured_absolute_energy_or_carbon_claim,sequential_single_host_wall_clock_and_generated_protocol_object_bytes__machine_specification_recorded__transport_network_facility_energy_not_measured,runtime_payload_measured__energy_not_instrumented,not_reported_without_direct_hardware_energy_instrumentation,not_reported,False,,,,,,,not_reported,0,0.25,not_probed,0,,not_reported__no_valid_colab_network_or_device_energy_scope,,not_reported__no_direct_facility_or_grid_carbon_measurement,0.9822621319999598,Absolute energy and carbon are not reported because direct hardware energy instrumentation is disabled.,False,,,,CRYPTO_TIER
19,T1_Plain_TADP,13,comparative_protocol_experiment,comparative_experiment,main_comparative,Comparative federated-learning and protocol-enforcement experiment.,plain_or_protocol_control,custom_reference_python_prototype,True,2.3-phase1-fixed-threshold-critical-floor-review-profile,47dd2e58be138865a6d591a63329509757be6b563afb2badb96beb09eac726e5,7cfa8b4cccb3826c339933a9968f0ef614429c5143b57b1ef56cef870af3d4eb,eb562985f77fc8a152d2d22d15bfd3f4695b107bdaa4c375fc5dde2be0f10805,T1_BASELINE,C4_RESTRICTED,T4_SAMK,C1_PUBLIC,T1_BASELINE,"{""T2_DF_KS"": 3, ""T3_XMK_CKKS"": 4, ""T4_SAMK"": 5}",False,False,below_unified_session_requirement__benchmark_only_not_deployment,C1_PUBLIC,0,profile_benchmark,C4_RESTRICTED,T4_SAMK,1,declared_profile_benchmark_not_governance_selected,not_applicable,not_applicable_plain_update_path,,,,not_applicable,0,0,0,False,,{},True,,strict_experiment_side_plaintext_oracle_comparison__max_coordinate_and_rmse_numeric_acceptance_envelope__relative_l2_diagnostic_only__no_plaintext_fallback_after_protected_aggregation_failure,custom_reference_prototype_numeric_acceptance_envelope__max_abs_and_rmse_are_acceptance_gates__relative_l2_is_diagnostic_only__not_a_formal_he_security_or_precision_proof,True,False,PASSED_PLAIN_CONTROL_CHECK,0.0,0.0,0.0,0.014640435727657353,0.014640435727657353,,,,True,True,True,True,finite_and_max_abs_and_rmse,0.9988413328183702,0.717948717948718,0.6176470588235294,0.8571428571428571,0.9281141972827398,0.7270735890776542,0.9796925065749429,0.7261616465911092,0.7261616465911092,0.8877551020408163,0.0020047833427124366,0.8877551020408163,0.0020047833427124366,56812,52,14,84,0.0009144625773776027,0.14285714285714285,0.8571428571428571,0.041611355185120054,0.041611355185120054,fpr,0.005,0.9991660997608023,0.7888888888888889,0.7029702970297029,0.8987341772151899,0.9490373458069794,0.7944569329707268,0.9829068010496117,0.823201369171198,0.823201369171198,0.8987341772151899,0.0006594856012310398,0.8987341772151899,0.0006594856012310398,45460,30,8,71,0.0006594856012310398,0.10126582278481013,0.8987341772151899,0.041611355185120054,fpr,0.005,1.0,False,A1_TADP_admission_only,NOT_FINAL_ROUND,,,,,,,,,,,,,,,,,,,,False,0.9982795547909132,0.9641366460000427,335.39624300010473,194.19940300076632,0.0,0.0,0.0,0.0,240,2880,240.0,2880,2880,5760,,not_modelled__session_or_evaluation_key_material_excluded_from_round_payload,actual_generated_protocol_object_bytes,plain_model_update_uplink_plus_plain_global_update_broadcast,sum_of_actual_generated_client_update_objects_before_auxiliary_decryption_share_or_downlink_traffic,False,0.0,0.0,0.0,measured_sum_of_client_protection_plus_server_protected_aggregation_plus_authorized_recovery_or_decryption_ms_per_round,local_training__validation_test_evaluation__transport_latency__serialization_framing_not_explicitly_in_crypto_functions,0.0,0.0,12,12,0,plaintext_update_no_noise,1.0,plain_exact,0,0,False,0,0,False,not_applicable,0,[],0,,True,0.0017204452090867595,0.0020311924643947404,3.9572916666666664,0,0,0,0,0,0,0,0,0,0,0,0,0,12,0,12,0,1,fixed_execution_host_runtime_payload_and_machine_specification__no_unmeasured_absolute_energy_or_carbon_claim,sequential_single_host_wall_clock_and_generated_protocol_object_bytes__machine_specification_recorded__transport_network_facility_energy_not_measured,runtime_payload_measured__energy_not_instrumented,not_reported_without_direct_hardware_energy_instrumentation,not_reported,False,,,,,,,not_reported,0,0.25,not_probed,0,,not_reported__no_valid_colab_network_or_device_energy_scope,,not_reported__no_direct_facility_or_grid_carbon_measurement,0.9641096280001875,Absolute energy and carbon are not reported because direct hardware energy instrumentation is disabled.,False,,,,CRYPTO_TIER
19,T1_Plain_TADP,14,comparative_protocol_experiment,comparative_experiment,main_comparative,Comparative federated-learning and protocol-enforcement experiment.,plain_or_protocol_control,custom_reference_python_prototype,True,2.3-phase1-fixed-threshold-critical-floor-review-profile,47dd2e58be138865a6d591a63329509757be6b563afb2badb96beb09eac726e5,7cfa8b4cccb3826c339933a9968f0ef614429c5143b57b1ef56cef870af3d4eb,eb562985f77fc8a152d2d22d15bfd3f4695b107bdaa4c375fc5dde2be0f10805,T1_BASELINE,C4_RESTRICTED,T4_SAMK,C1_PUBLIC,T1_BASELINE,"{""T2_DF_KS"": 3, ""T3_XMK_CKKS"": 4, ""T4_SAMK"": 5}",False,False,below_unified_session_requirement__benchmark_only_not_deployment,C1_PUBLIC,0,profile_benchmark,C4_RESTRICTED,T4_SAMK,1,declared_profile_benchmark_not_governance_selected,not_applicable,not_applicable_plain_update_path,,,,not_applicable,0,0,0,False,,{},True,,strict_experiment_side_plaintext_oracle_comparison__max_coordinate_and_rmse_numeric_acceptance_envelope__relative_l2_diagnostic_only__no_plaintext_fallback_after_protected_aggregation_failure,custom_reference_prototype_numeric_acceptance_envelope__max_abs_and_rmse_are_acceptance_gates__relative_l2_is_diagnostic_only__not_a_formal_he_security_or_precision_proof,True,False,PASSED_PLAIN_CONTROL_CHECK,0.0,0.0,0.0,0.012746047083520604,0.012746047083520604,,,,True,True,True,True,finite_and_max_abs_and_rmse,0.9988588883817282,0.721030042918455,0.6222222222222222,0.8571428571428571,0.9281229901921376,0.7297700531077194,0.97962216329976,0.7262167995936158,0.7262167995936158,0.8877551020408163,0.0019871975239167134,0.8877551020408163,0.0019871975239167134,56813,51,14,84,0.0008968767585818796,0.14285714285714285,0.8571428571428571,0.04289439000311607,0.04289439000311607,fpr,0.005,0.9991660997608023,0.7888888888888889,0.7029702970297029,0.8987341772151899,0.9490373458069794,0.7944569329707268,0.9829644016907318,0.82320324657557,0.82320324657557,0.8987341772151899,0.0006594856012310398,0.8987341772151899,0.0006594856012310398,45460,30,8,71,0.0006594856012310398,0.10126582278481013,0.8987341772151899,0.04289439000311607,fpr,0.005,1.0,False,A1_TADP_admission_only,NOT_FINAL_ROUND,,,,,,,,,,,,,,,,,,,,False,0.9982795547909132,0.9636039659999369,318.71419399931256,196.6554850000648,0.0,0.0,0.0,0.0,240,2880,240.0,2880,2880,5760,,not_modelled__session_or_evaluation_key_material_excluded_from_round_payload,actual_generated_protocol_object_bytes,plain_model_update_uplink_plus_plain_global_update_broadcast,sum_of_actual_generated_client_update_objects_before_auxiliary_decryption_share_or_downlink_traffic,False,0.0,0.0,0.0,measured_sum_of_client_protection_plus_server_protected_aggregation_plus_authorized_recovery_or_decryption_ms_per_round,local_training__validation_test_evaluation__transport_latency__serialization_framing_not_explicitly_in_crypto_functions,0.0,0.0,12,12,0,plaintext_update_no_noise,1.0,plain_exact,0,0,False,0,0,False,not_applicable,0,[],0,,True,0.0017204452090867595,0.0020311924643947404,3.9572916666666664,0,0,0,0,0,0,0,0,0,0,0,0,0,12,0,12,0,1,fixed_execution_host_runtime_payload_and_machine_specification__no_unmeasured_absolute_energy_or_carbon_claim,sequential_single_host_wall_clock_and_generated_protocol_object_bytes__machine_specification_recorded__transport_network_facility_energy_not_measured,runtime_payload_measured__energy_not_instrumented,not_reported_without_direct_hardware_energy_instrumentation,not_reported,False,,,,,,,not_reported,0,0.25,not_probed,0,,not_reported__no_valid_colab_network_or_device_energy_scope,,not_reported__no_direct_facility_or_grid_carbon_measurement,0.9635780129997329,Absolute energy and carbon are not reported because direct hardware energy instrumentation is disabled.,False,,,,CRYPTO_TIER
19,T1_Plain_TADP,15,comparative_protocol_experiment,comparative_experiment,main_comparative,Comparative federated-learning and protocol-enforcement experiment.,plain_or_protocol_control,custom_reference_python_prototype,True,2.3-phase1-fixed-threshold-critical-floor-review-profile,47dd2e58be138865a6d591a63329509757be6b563afb2badb96beb09eac726e5,7cfa8b4cccb3826c339933a9968f0ef614429c5143b57b1ef56cef870af3d4eb,eb562985f77fc8a152d2d22d15bfd3f4695b107bdaa4c375fc5dde2be0f10805,T1_BASELINE,C4_RESTRICTED,T4_SAMK,C1_PUBLIC,T1_BASELINE,"{""T2_DF_KS"": 3, ""T3_XMK_CKKS"": 4, ""T4_SAMK"": 5}",False,False,below_unified_session_requirement__benchmark_only_not_deployment,C1_PUBLIC,0,profile_benchmark,C4_RESTRICTED,T4_SAMK,1,declared_profile_benchmark_not_governance_selected,not_applicable,not_applicable_plain_update_path,,,,not_applicable,0,0,0,False,,{},True,,strict_experiment_side_plaintext_oracle_comparison__max_coordinate_and_rmse_numeric_acceptance_envelope__relative_l2_diagnostic_only__no_plaintext_fallback_after_protected_aggregation_failure,custom_reference_prototype_numeric_acceptance_envelope__max_abs_and_rmse_are_acceptance_gates__relative_l2_is_diagnostic_only__not_a_formal_he_security_or_precision_proof,True,False,PASSED_PLAIN_CONTROL_CHECK,0.0,0.0,0.0,0.009756693057526028,0.009756693057526028,,,,True,True,True,True,finite_and_max_abs_and_rmse,0.9988588883817282,0.721030042918455,0.6222222222222222,0.8571428571428571,0.9281229901921376,0.7297700531077194,0.9795437449037014,0.7260170668506808,0.7260170668506808,0.8877551020408163,0.0019696117051209903,0.8877551020408163,0.0019696117051209903,56813,51,14,84,0.0008968767585818796,0.14285714285714285,0.8571428571428571,0.043935490770589766,0.043935490770589766,fpr,0.005,0.9991660997608023,0.7888888888888889,0.7029702970297029,0.8987341772151899,0.9490373458069794,0.7944569329707268,0.9830453765050603,0.8232088123047724,0.8232088123047724,0.8987341772151899,0.0006594856012310398,0.8987341772151899,0.0006594856012310398,45460,30,8,71,0.0006594856012310398,0.10126582278481013,0.8987341772151899,0.043935490770589766,fpr,0.005,1.0,False,A1_TADP_admission_only,NOT_FINAL_ROUND,,,,,,,,,,,,,,,,,,,,False,0.9982795547909132,0.9522463899998002,335.9434429994508,191.30445299970233,0.0,0.0,0.0,0.0,240,2880,240.0,2880,2880,5760,,not_modelled__session_or_evaluation_key_material_excluded_from_round_payload,actual_generated_protocol_object_bytes,plain_model_update_uplink_plus_plain_global_update_broadcast,sum_of_actual_generated_client_update_objects_before_auxiliary_decryption_share_or_downlink_traffic,False,0.0,0.0,0.0,measured_sum_of_client_protection_plus_server_protected_aggregation_plus_authorized_recovery_or_decryption_ms_per_round,local_training__validation_test_evaluation__transport_latency__serialization_framing_not_explicitly_in_crypto_functions,0.0,0.0,12,12,0,plaintext_update_no_noise,1.0,plain_exact,0,0,False,0,0,False,not_applicable,0,[],0,,True,0.0017204452090867595,0.0020311924643947404,3.9572916666666664,0,0,0,0,0,0,0,0,0,0,0,0,0,12,0,12,0,1,fixed_execution_host_runtime_payload_and_machine_specification__no_unmeasured_absolute_energy_or_carbon_claim,sequential_single_host_wall_clock_and_generated_protocol_object_bytes__machine_specification_recorded__transport_network_facility_energy_not_measured,runtime_payload_measured__energy_not_instrumented,not_reported_without_direct_hardware_energy_instrumentation,not_reported,False,,,,,,,not_reported,0,0.25,not_probed,0,,not_reported__no_valid_colab_network_or_device_energy_scope,,not_reported__no_direct_facility_or_grid_carbon_measurement,0.9522221539996281,Absolute energy and carbon are not reported because direct hardware energy instrumentation is disabled.,False,,,,CRYPTO_TIER
19,T1_Plain_TADP,16,comparative_protocol_experiment,comparative_experiment,main_comparative,Comparative federated-learning and protocol-enforcement experiment.,plain_or_protocol_control,custom_reference_python_prototype,True,2.3-phase1-fixed-threshold-critical-floor-review-profile,47dd2e58be138865a6d591a63329509757be6b563afb2badb96beb09eac726e5,7cfa8b4cccb3826c339933a9968f0ef614429c5143b57b1ef56cef870af3d4eb,eb562985f77fc8a152d2d22d15bfd3f4695b107bdaa4c375fc5dde2be0f10805,T1_BASELINE,C4_RESTRICTED,T4_SAMK,C1_PUBLIC,T1_BASELINE,"{""T2_DF_KS"": 3, ""T3_XMK_CKKS"": 4, ""T4_SAMK"": 5}",False,False,below_unified_session_requirement__benchmark_only_not_deployment,C1_PUBLIC,0,profile_benchmark,C4_RESTRICTED,T4_SAMK,1,declared_profile_benchmark_not_governance_selected,not_applicable,not_applicable_plain_update_path,,,,not_applicable,0,0,0,False,,{},True,,strict_experiment_side_plaintext_oracle_comparison__max_coordinate_and_rmse_numeric_acceptance_envelope__relative_l2_diagnostic_only__no_plaintext_fallback_after_protected_aggregation_failure,custom_reference_prototype_numeric_acceptance_envelope__max_abs_and_rmse_are_acceptance_gates__relative_l2_is_diagnostic_only__not_a_formal_he_security_or_precision_proof,True,False,PASSED_PLAIN_CONTROL_CHECK,0.0,0.0,0.0,0.007822914341308777,0.007822914341308777,,,,True,True,True,True,finite_and_max_abs_and_rmse,0.9988764439450862,0.7241379310344828,0.6268656716417911,0.8571428571428571,0.9281317831015354,0.7324966133977643,0.9794823739850471,0.7260114709783658,0.7260114709783658,0.8877551020408163,0.0019871975239167134,0.8877551020408163,0.0019871975239167134,56814,50,14,84,0.0008792909397861565,0.14285714285714285,0.8571428571428571,0.04439961879527935,0.04439961879527935,fpr,0.005,0.9991441550176655,0.7845303867403315,0.696078431372549,0.8987341772151899,0.9490263543802923,0.7905422865495717,0.9830228371237524,0.8239698227313477,0.8239698227313477,0.8987341772151899,0.0006814684546054077,0.8987341772151899,0.0006814684546054077,45459,31,8,71,0.0006814684546054077,0.10126582278481013,0.8987341772151899,0.04439961879527935,fpr,0.005,1.0,False,A1_TADP_admission_only,NOT_FINAL_ROUND,,,,,,,,,,,,,,,,,,,,False,0.9982795547909132,0.9265755320002427,329.85869699950854,188.92564900079378,0.0,0.0,0.0,0.0,240,2880,240.0,2880,2880,5760,,not_modelled__session_or_evaluation_key_material_excluded_from_round_payload,actual_generated_protocol_object_bytes,plain_model_update_uplink_plus_plain_global_update_broadcast,sum_of_actual_generated_client_update_objects_before_auxiliary_decryption_share_or_downlink_traffic,False,0.0,0.0,0.0,measured_sum_of_client_protection_plus_server_protected_aggregation_plus_authorized_recovery_or_decryption_ms_per_round,local_training__validation_test_evaluation__transport_latency__serialization_framing_not_explicitly_in_crypto_functions,0.0,0.0,12,12,0,plaintext_update_no_noise,1.0,plain_exact,0,0,False,0,0,False,not_applicable,0,[],0,,True,0.0017204452090867595,0.0020311924643947404,3.9572916666666664,0,0,0,0,0,0,0,0,0,0,0,0,0,12,0,12,0,1,fixed_execution_host_runtime_payload_and_machine_specification__no_unmeasured_absolute_energy_or_carbon_claim,sequential_single_host_wall_clock_and_generated_protocol_object_bytes__machine_specification_recorded__transport_network_facility_energy_not_measured,runtime_payload_measured__energy_not_instrumented,not_reported_without_direct_hardware_energy_instrumentation,not_reported,False,,,,,,,not_reported,0,0.25,not_probed,0,,not_reported__no_valid_colab_network_or_device_energy_scope,,not_reported__no_direct_facility_or_grid_carbon_measurement,0.9265484659999856,Absolute energy and carbon are not reported because direct hardware energy instrumentation is disabled.,False,,,,CRYPTO_TIER
19,T1_Plain_TADP,17,comparative_protocol_experiment,comparative_experiment,main_comparative,Comparative federated-learning and protocol-enforcement experiment.,plain_or_protocol_control,custom_reference_python_prototype,True,2.3-phase1-fixed-threshold-critical-floor-review-profile,47dd2e58be138865a6d591a63329509757be6b563afb2badb96beb09eac726e5,7cfa8b4cccb3826c339933a9968f0ef614429c5143b57b1ef56cef870af3d4eb,eb562985f77fc8a152d2d22d15bfd3f4695b107bdaa4c375fc5dde2be0f10805,T1_BASELINE,C4_RESTRICTED,T4_SAMK,C1_PUBLIC,T1_BASELINE,"{""T2_DF_KS"": 3, ""T3_XMK_CKKS"": 4, ""T4_SAMK"": 5}",False,False,below_unified_session_requirement__benchmark_only_not_deployment,C1_PUBLIC,0,profile_benchmark,C4_RESTRICTED,T4_SAMK,1,declared_profile_benchmark_not_governance_selected,not_applicable,not_applicable_plain_update_path,,,,not_applicable,0,0,0,False,,{},True,,strict_experiment_side_plaintext_oracle_comparison__max_coordinate_and_rmse_numeric_acceptance_envelope__relative_l2_diagnostic_only__no_plaintext_fallback_after_protected_aggregation_failure,custom_reference_prototype_numeric_acceptance_envelope__max_abs_and_rmse_are_acceptance_gates__relative_l2_is_diagnostic_only__not_a_formal_he_security_or_precision_proof,True,False,PASSED_PLAIN_CONTROL_CHECK,0.0,0.0,0.0,0.007259455310349435,0.007259455310349435,,,,True,True,True,True,finite_and_max_abs_and_rmse,0.9988764439450862,0.7241379310344828,0.6268656716417911,0.8571428571428571,0.9281317831015354,0.7324966133977643,0.9794111334742113,0.7259569188935103,0.7259569188935103,0.8877551020408163,0.001916854248733821,0.8877551020408163,0.001916854248733821,56814,50,14,84,0.0008792909397861565,0.14285714285714285,0.8571428571428571,0.04488451967219702,0.04488451967219702,fpr,0.005,0.9991441550176655,0.7845303867403315,0.696078431372549,0.8987341772151899,0.9490263543802923,0.7905422865495717,0.9829844366963388,0.8239767495854259,0.8239767495854259,0.8987341772151899,0.0006814684546054077,0.8987341772151899,0.0006814684546054077,45459,31,8,71,0.0006814684546054077,0.10126582278481013,0.8987341772151899,0.04488451967219702,fpr,0.005,1.0,False,A1_TADP_admission_only,NOT_FINAL_ROUND,,,,,,,,,,,,,,,,,,,,False,0.9982795547909132,1.112935557000128,419.7338750000199,211.63988899979813,0.0,0.0,0.0,0.0,240,2880,240.0,2880,2880,5760,,not_modelled__session_or_evaluation_key_material_excluded_from_round_payload,actual_generated_protocol_object_bytes,plain_model_update_uplink_plus_plain_global_update_broadcast,sum_of_actual_generated_client_update_objects_before_auxiliary_decryption_share_or_downlink_traffic,False,0.0,0.0,0.0,measured_sum_of_client_protection_plus_server_protected_aggregation_plus_authorized_recovery_or_decryption_ms_per_round,local_training__validation_test_evaluation__transport_latency__serialization_framing_not_explicitly_in_crypto_functions,0.0,0.0,12,12,0,plaintext_update_no_noise,1.0,plain_exact,0,0,False,0,0,False,not_applicable,0,[],0,,True,0.0017204452090867595,0.0020311924643947404,3.9572916666666664,0,0,0,0,0,0,0,0,0,0,0,0,0,12,0,12,0,1,fixed_execution_host_runtime_payload_and_machine_specification__no_unmeasured_absolute_energy_or_carbon_claim,sequential_single_host_wall_clock_and_generated_protocol_object_bytes__machine_specification_recorded__transport_network_facility_energy_not_measured,runtime_payload_measured__energy_not_instrumented,not_reported_without_direct_hardware_energy_instrumentation,not_reported,False,,,,,,,not_reported,0,0.25,not_probed,0,,not_reported__no_valid_colab_network_or_device_energy_scope,,not_reported__no_direct_facility_or_grid_carbon_measurement,1.1129061070000716,Absolute energy and carbon are not reported because direct hardware energy instrumentation is disabled.,False,,,,CRYPTO_TIER
19,T1_Plain_TADP,18,comparative_protocol_experiment,comparative_experiment,main_comparative,Comparative federated-learning and protocol-enforcement experiment.,plain_or_protocol_control,custom_reference_python_prototype,True,2.3-phase1-fixed-threshold-critical-floor-review-profile,47dd2e58be138865a6d591a63329509757be6b563afb2badb96beb09eac726e5,7cfa8b4cccb3826c339933a9968f0ef614429c5143b57b1ef56cef870af3d4eb,eb562985f77fc8a152d2d22d15bfd3f4695b107bdaa4c375fc5dde2be0f10805,T1_BASELINE,C4_RESTRICTED,T4_SAMK,C1_PUBLIC,T1_BASELINE,"{""T2_DF_KS"": 3, ""T3_XMK_CKKS"": 4, ""T4_SAMK"": 5}",False,False,below_unified_session_requirement__benchmark_only_not_deployment,C1_PUBLIC,0,profile_benchmark,C4_RESTRICTED,T4_SAMK,1,declared_profile_benchmark_not_governance_selected,not_applicable,not_applicable_plain_update_path,,,,not_applicable,0,0,0,False,,{},True,,strict_experiment_side_plaintext_oracle_comparison__max_coordinate_and_rmse_numeric_acceptance_envelope__relative_l2_diagnostic_only__no_plaintext_fallback_after_protected_aggregation_failure,custom_reference_prototype_numeric_acceptance_envelope__max_abs_and_rmse_are_acceptance_gates__relative_l2_is_diagnostic_only__not_a_formal_he_security_or_precision_proof,True,False,PASSED_PLAIN_CONTROL_CHECK,0.0,0.0,0.0,0.0069307954042232755,0.0069307954042232755,,,,True,True,True,True,finite_and_max_abs_and_rmse,0.9988764439450862,0.7241379310344828,0.6268656716417911,0.8571428571428571,0.9281317831015354,0.7324966133977643,0.9793876259001069,0.7259932645676769,0.7259932645676769,0.8877551020408163,0.0018992684299380979,0.8877551020408163,0.0018992684299380979,56814,50,14,84,0.0008792909397861565,0.14285714285714285,0.8571428571428571,0.04513426176250053,0.04513426176250053,fpr,0.005,0.9991441550176655,0.7845303867403315,0.696078431372549,0.8987341772151899,0.9490263543802923,0.7905422865495717,0.9829493754365266,0.8238536391083798,0.8238536391083798,0.8987341772151899,0.0006814684546054077,0.8987341772151899,0.0006814684546054077,45459,31,8,71,0.0006814684546054077,0.10126582278481013,0.8987341772151899,0.04513426176250053,fpr,0.005,1.0,False,A1_TADP_admission_only,NOT_FINAL_ROUND,,,,,,,,,,,,,,,,,,,,False,0.9982795547909132,1.1935389670002223,524.3256219987416,205.34817700081476,0.0,0.0,0.0,0.0,240,2880,240.0,2880,2880,5760,,not_modelled__session_or_evaluation_key_material_excluded_from_round_payload,actual_generated_protocol_object_bytes,plain_model_update_uplink_plus_plain_global_update_broadcast,sum_of_actual_generated_client_update_objects_before_auxiliary_decryption_share_or_downlink_traffic,False,0.0,0.0,0.0,measured_sum_of_client_protection_plus_server_protected_aggregation_plus_authorized_recovery_or_decryption_ms_per_round,local_training__validation_test_evaluation__transport_latency__serialization_framing_not_explicitly_in_crypto_functions,0.0,0.0,12,12,0,plaintext_update_no_noise,1.0,plain_exact,0,0,False,0,0,False,not_applicable,0,[],0,,True,0.0017204452090867595,0.0020311924643947404,3.9572916666666664,0,0,0,0,0,0,0,0,0,0,0,0,0,12,0,12,0,1,fixed_execution_host_runtime_payload_and_machine_specification__no_unmeasured_absolute_energy_or_carbon_claim,sequential_single_host_wall_clock_and_generated_protocol_object_bytes__machine_specification_recorded__transport_network_facility_energy_not_measured,runtime_payload_measured__energy_not_instrumented,not_reported_without_direct_hardware_energy_instrumentation,not_reported,False,,,,,,,not_reported,0,0.25,not_probed,0,,not_reported__no_valid_colab_network_or_device_energy_scope,,not_reported__no_direct_facility_or_grid_carbon_measurement,1.1935051659997953,Absolute energy and carbon are not reported because direct hardware energy instrumentation is disabled.,False,,,,CRYPTO_TIER
19,T1_Plain_TADP,19,comparative_protocol_experiment,comparative_experiment,main_comparative,Comparative federated-learning and protocol-enforcement experiment.,plain_or_protocol_control,custom_reference_python_prototype,True,2.3-phase1-fixed-threshold-critical-floor-review-profile,47dd2e58be138865a6d591a63329509757be6b563afb2badb96beb09eac726e5,7cfa8b4cccb3826c339933a9968f0ef614429c5143b57b1ef56cef870af3d4eb,eb562985f77fc8a152d2d22d15bfd3f4695b107bdaa4c375fc5dde2be0f10805,T1_BASELINE,C4_RESTRICTED,T4_SAMK,C1_PUBLIC,T1_BASELINE,"{""T2_DF_KS"": 3, ""T3_XMK_CKKS"": 4, ""T4_SAMK"": 5}",False,False,below_unified_session_requirement__benchmark_only_not_deployment,C1_PUBLIC,0,profile_benchmark,C4_RESTRICTED,T4_SAMK,1,declared_profile_benchmark_not_governance_selected,not_applicable,not_applicable_plain_update_path,,,,not_applicable,0,0,0,False,,{},True,,strict_experiment_side_plaintext_oracle_comparison__max_coordinate_and_rmse_numeric_acceptance_envelope__relative_l2_diagnostic_only__no_plaintext_fallback_after_protected_aggregation_failure,custom_reference_prototype_numeric_acceptance_envelope__max_abs_and_rmse_are_acceptance_gates__relative_l2_is_diagnostic_only__not_a_formal_he_security_or_precision_proof,True,False,PASSED_PLAIN_CONTROL_CHECK,0.0,0.0,0.0,0.006744543590119847,0.006744543590119847,,,,True,True,True,True,finite_and_max_abs_and_rmse,0.9988588883817282,0.721030042918455,0.6222222222222222,0.8571428571428571,0.9281229901921376,0.7297700531077194,0.9793854725345399,0.726465114674078,0.726465114674078,0.8877551020408163,0.0018640967923466516,0.8877551020408163,0.0018640967923466516,56813,51,14,84,0.0008968767585818796,0.14285714285714285,0.8571428571428571,0.044960159266858285,0.044960159266858285,fpr,0.005,0.9991441550176655,0.7845303867403315,0.696078431372549,0.8987341772151899,0.9490263543802923,0.7905422865495717,0.9829132011208472,0.8238523607544753,0.8238523607544753,0.8987341772151899,0.0006814684546054077,0.8987341772151899,0.0006814684546054077,45459,31,8,71,0.0006814684546054077,0.10126582278481013,0.8987341772151899,0.044960159266858285,fpr,0.005,1.0,False,A1_TADP_admission_only,NOT_FINAL_ROUND,,,,,,,,,,,,,,,,,,,,False,0.9982795547909132,1.2814472390000446,533.2715619992996,248.19637000018702,0.0,0.0,0.0,0.0,240,2880,240.0,2880,2880,5760,,not_modelled__session_or_evaluation_key_material_excluded_from_round_payload,actual_generated_protocol_object_bytes,plain_model_update_uplink_plus_plain_global_update_broadcast,sum_of_actual_generated_client_update_objects_before_auxiliary_decryption_share_or_downlink_traffic,False,0.0,0.0,0.0,measured_sum_of_client_protection_plus_server_protected_aggregation_plus_authorized_recovery_or_decryption_ms_per_round,local_training__validation_test_evaluation__transport_latency__serialization_framing_not_explicitly_in_crypto_functions,0.0,0.0,12,12,0,plaintext_update_no_noise,1.0,plain_exact,0,0,False,0,0,False,not_applicable,0,[],0,,True,0.0017204452090867595,0.0020311924643947404,3.9572916666666664,0,0,0,0,0,0,0,0,0,0,0,0,0,12,0,12,0,1,fixed_execution_host_runtime_payload_and_machine_specification__no_unmeasured_absolute_energy_or_carbon_claim,sequential_single_host_wall_clock_and_generated_protocol_object_bytes__machine_specification_recorded__transport_network_facility_energy_not_measured,runtime_payload_measured__energy_not_instrumented,not_reported_without_direct_hardware_energy_instrumentation,not_reported,False,,,,,,,not_reported,0,0.25,not_probed,0,,not_reported__no_valid_colab_network_or_device_energy_scope,,not_reported__no_direct_facility_or_grid_carbon_measurement,1.2814126759999453,Absolute energy and carbon are not reported because direct hardware energy instrumentation is disabled.,False,,,,CRYPTO_TIER
19,T1_Plain_TADP,20,comparative_protocol_experiment,comparative_experiment,main_comparative,Comparative federated-learning and protocol-enforcement experiment.,plain_or_protocol_control,custom_reference_python_prototype,True,2.3-phase1-fixed-threshold-critical-floor-review-profile,47dd2e58be138865a6d591a63329509757be6b563afb2badb96beb09eac726e5,7cfa8b4cccb3826c339933a9968f0ef614429c5143b57b1ef56cef870af3d4eb,eb562985f77fc8a152d2d22d15bfd3f4695b107bdaa4c375fc5dde2be0f10805,T1_BASELINE,C4_RESTRICTED,T4_SAMK,C1_PUBLIC,T1_BASELINE,"{""T2_DF_KS"": 3, ""T3_XMK_CKKS"": 4, ""T4_SAMK"": 5}",False,False,below_unified_session_requirement__benchmark_only_not_deployment,C1_PUBLIC,0,profile_benchmark,C4_RESTRICTED,T4_SAMK,1,declared_profile_benchmark_not_governance_selected,not_applicable,not_applicable_plain_update_path,,,,not_applicable,0,0,0,False,,{},True,,strict_experiment_side_plaintext_oracle_comparison__max_coordinate_and_rmse_numeric_acceptance_envelope__relative_l2_diagnostic_only__no_plaintext_fallback_after_protected_aggregation_failure,custom_reference_prototype_numeric_acceptance_envelope__max_abs_and_rmse_are_acceptance_gates__relative_l2_is_diagnostic_only__not_a_formal_he_security_or_precision_proof,True,False,PASSED_PLAIN_CONTROL_CHECK,0.0,0.0,0.0,0.007082907331179494,0.007082907331179494,,,,True,True,True,True,finite_and_max_abs_and_rmse,0.9988588883817282,0.721030042918455,0.6222222222222222,0.8571428571428571,0.9281229901921376,0.7297700531077194,0.9793614266190438,0.7265717163273127,0.7265717163273127,0.8877551020408163,0.0018640967923466516,0.8877551020408163,0.0018640967923466516,56813,51,14,84,0.0008968767585818796,0.14285714285714285,0.8571428571428571,0.04499715113681212,0.04499715113681212,fpr,0.005,0.9991441550176655,0.7845303867403315,0.696078431372549,0.8987341772151899,0.9490263543802923,0.7905422865495717,0.9829112532730799,0.8246439363266815,0.8246439363266815,0.8987341772151899,0.0006814684546054077,0.8987341772151899,0.0006814684546054077,45459,31,8,71,0.0006814684546054077,0.10126582278481013,0.8987341772151899,0.04499715113681212,fpr,0.005,1.0,True,A1_TADP_admission_only,COMPARED,0.7265717163273127,0.7265717163273127,0.0,0.721030042918455,0.721030042918455,0.0,0.7297700531077194,0.7297700531077194,0.0,0.04499715113681212,0.04499715113681212,0.0,0.0,0.0,0.0,0.0,0.0,0.0,0.0,True,0.9982795547909132,1.1070498220001355,470.41749499976504,197.64819600004557,0.0,0.0,0.0,0.0,240,2880,240.0,2880,2880,5760,,not_modelled__session_or_evaluation_key_material_excluded_from_round_payload,actual_generated_protocol_object_bytes,plain_model_update_uplink_plus_plain_global_update_broadcast,sum_of_actual_generated_client_update_objects_before_auxiliary_decryption_share_or_downlink_traffic,False,0.0,0.0,0.0,measured_sum_of_client_protection_plus_server_protected_aggregation_plus_authorized_recovery_or_decryption_ms_per_round,local_training__validation_test_evaluation__transport_latency__serialization_framing_not_explicitly_in_crypto_functions,0.0,0.0,12,12,0,plaintext_update_no_noise,1.0,plain_exact,0,0,False,0,0,False,not_applicable,0,[],0,,True,0.0017204452090867595,0.0020311924643947404,3.9572916666666664,0,0,0,0,0,0,0,0,0,0,0,0,0,12,0,12,0,1,fixed_execution_host_runtime_payload_and_machine_specification__no_unmeasured_absolute_energy_or_carbon_claim,sequential_single_host_wall_clock_and_generated_protocol_object_bytes__machine_specification_recorded__transport_network_facility_energy_not_measured,runtime_payload_measured__energy_not_instrumented,not_reported_without_direct_hardware_energy_instrumentation,not_reported,False,,,,,,,not_reported,0,0.25,not_probed,0,,not_reported__no_valid_colab_network_or_device_energy_scope,,not_reported__no_direct_facility_or_grid_carbon_measurement,1.1070190909999837,Absolute energy and carbon are not reported because direct hardware energy instrumentation is disabled.,False,,,,CRYPTO_TIER
23,T1_Plain_TADP,1,comparative_protocol_experiment,comparative_experiment,main_comparative,Comparative federated-learning and protocol-enforcement experiment.,plain_or_protocol_control,custom_reference_python_prototype,True,2.3-phase1-fixed-threshold-critical-floor-review-profile,47dd2e58be138865a6d591a63329509757be6b563afb2badb96beb09eac726e5,30300ae3849b74417402ebea4f2d0b34c8295af994133e740878d4571fd8758e,eb562985f77fc8a152d2d22d15bfd3f4695b107bdaa4c375fc5dde2be0f10805,T1_BASELINE,C4_RESTRICTED,T4_SAMK,C1_PUBLIC,T1_BASELINE,"{""T2_DF_KS"": 3, ""T3_XMK_CKKS"": 4, ""T4_SAMK"": 5}",False,False,below_unified_session_requirement__benchmark_only_not_deployment,C1_PUBLIC,0,profile_benchmark,C4_RESTRICTED,T4_SAMK,1,declared_profile_benchmark_not_governance_selected,not_applicable,not_applicable_plain_update_path,,,,not_applicable,0,0,0,False,,{},True,,strict_experiment_side_plaintext_oracle_comparison__max_coordinate_and_rmse_numeric_acceptance_envelope__relative_l2_diagnostic_only__no_plaintext_fallback_after_protected_aggregation_failure,custom_reference_prototype_numeric_acceptance_envelope__max_abs_and_rmse_are_acceptance_gates__relative_l2_is_diagnostic_only__not_a_formal_he_security_or_precision_proof,True,False,PASSED_PLAIN_CONTROL_CHECK,0.0,0.0,0.0,0.308356783883112,0.308356783883112,,,,True,True,True,True,finite_and_max_abs_and_rmse,0.9948737754994558,0.3706896551724138,0.23497267759562843,0.8775510204081632,0.9363134955726804,0.45261294537362246,0.9608356637534023,0.6972965113305833,0.6972965113305833,0.8775510204081632,0.0022509848058525606,0.8877551020408163,0.005117473269555431,56584,280,12,86,0.004924029262802476,0.12244897959183673,0.8775510204081632,0.003304624277043878,0.003304624277043878,fpr,0.005,0.9952160459961816,0.39779005524861877,0.254416961130742,0.9113924050632911,0.9533770115006497,0.48015981005584546,0.9860973756925295,0.8201816337762521,0.8201816337762521,0.9113924050632911,0.004638382061991646,0.9113924050632911,0.004638382061991646,45279,211,7,72,0.004638382061991646,0.08860759493670886,0.9113924050632911,0.003304624277043878,fpr,0.005,1.0,False,A1_TADP_admission_only,NOT_FINAL_ROUND,,,,,,,,,,,,,,,,,,,,False,0.9982795547909132,0.9198755049997089,330.81933099992966,179.03206200116983,0.0,0.0,0.0,0.0,240,2880,240.0,2880,2880,5760,,not_modelled__session_or_evaluation_key_material_excluded_from_round_payload,actual_generated_protocol_object_bytes,plain_model_update_uplink_plus_plain_global_update_broadcast,sum_of_actual_generated_client_update_objects_before_auxiliary_decryption_share_or_downlink_traffic,False,0.0,0.0,0.0,measured_sum_of_client_protection_plus_server_protected_aggregation_plus_authorized_recovery_or_decryption_ms_per_round,local_training__validation_test_evaluation__transport_latency__serialization_framing_not_explicitly_in_crypto_functions,0.0,0.0,12,12,0,plaintext_update_no_noise,1.0,plain_exact,0,0,False,0,0,False,not_applicable,0,[],0,,True,0.0017204452090867595,0.0020311924643947404,3.9572916666666664,0,0,0,0,0,0,0,0,0,0,0,0,0,12,0,12,0,1,fixed_execution_host_runtime_payload_and_machine_specification__no_unmeasured_absolute_energy_or_carbon_claim,sequential_single_host_wall_clock_and_generated_protocol_object_bytes__machine_specification_recorded__transport_network_facility_energy_not_measured,runtime_payload_measured__energy_not_instrumented,not_reported_without_direct_hardware_energy_instrumentation,not_reported,False,,,,,,,not_reported,0,0.25,not_probed,0,,not_reported__no_valid_colab_network_or_device_energy_scope,,not_reported__no_direct_facility_or_grid_carbon_measurement,0.9198440260001917,Absolute energy and carbon are not reported because direct hardware energy instrumentation is disabled.,False,,,,CRYPTO_TIER
23,T1_Plain_TADP,2,comparative_protocol_experiment,comparative_experiment,main_comparative,Comparative federated-learning and protocol-enforcement experiment.,plain_or_protocol_control,custom_reference_python_prototype,True,2.3-phase1-fixed-threshold-critical-floor-review-profile,47dd2e58be138865a6d591a63329509757be6b563afb2badb96beb09eac726e5,30300ae3849b74417402ebea4f2d0b34c8295af994133e740878d4571fd8758e,eb562985f77fc8a152d2d22d15bfd3f4695b107bdaa4c375fc5dde2be0f10805,T1_BASELINE,C4_RESTRICTED,T4_SAMK,C1_PUBLIC,T1_BASELINE,"{""T2_DF_KS"": 3, ""T3_XMK_CKKS"": 4, ""T4_SAMK"": 5}",False,False,below_unified_session_requirement__benchmark_only_not_deployment,C1_PUBLIC,0,profile_benchmark,C4_RESTRICTED,T4_SAMK,1,declared_profile_benchmark_not_governance_selected,not_applicable,not_applicable_plain_update_path,,,,not_applicable,0,0,0,False,,{},True,,strict_experiment_side_plaintext_oracle_comparison__max_coordinate_and_rmse_numeric_acceptance_envelope__relative_l2_diagnostic_only__no_plaintext_fallback_after_protected_aggregation_failure,custom_reference_prototype_numeric_acceptance_envelope__max_abs_and_rmse_are_acceptance_gates__relative_l2_is_diagnostic_only__not_a_formal_he_security_or_precision_proof,True,False,PASSED_PLAIN_CONTROL_CHECK,0.0,0.0,0.0,0.28137092776514494,0.28137092776514494,,,,True,True,True,True,finite_and_max_abs_and_rmse,0.9985253326779256,0.664,0.5460526315789473,0.8469387755102041,0.9228626770066497,0.6794021279793094,0.96896461876816,0.7195338256760201,0.7195338256760201,0.8877551020408163,0.0014772087788407428,0.8877551020408163,0.0014772087788407428,56795,69,15,83,0.0012134214969048958,0.15306122448979592,0.8469387755102041,0.005472314119386187,0.005472314119386187,fpr,0.005,0.9990124865588448,0.7593582887700535,0.6574074074074074,0.8987341772151899,0.9489604058201692,0.7682068609511581,0.9876136360474272,0.8239888858456268,0.8239888858456268,0.8987341772151899,0.0008133655748516158,0.8987341772151899,0.0008133655748516158,45453,37,8,71,0.0008133655748516158,0.10126582278481013,0.8987341772151899,0.005472314119386187,fpr,0.005,1.0,False,A1_TADP_admission_only,NOT_FINAL_ROUND,,,,,,,,,,,,,,,,,,,,False,0.9982795547909132,0.9482702880000033,327.1058840000478,188.8878770005249,0.0,0.0,0.0,0.0,240,2880,240.0,2880,2880,5760,,not_modelled__session_or_evaluation_key_material_excluded_from_round_payload,actual_generated_protocol_object_bytes,plain_model_update_uplink_plus_plain_global_update_broadcast,sum_of_actual_generated_client_update_objects_before_auxiliary_decryption_share_or_downlink_traffic,False,0.0,0.0,0.0,measured_sum_of_client_protection_plus_server_protected_aggregation_plus_authorized_recovery_or_decryption_ms_per_round,local_training__validation_test_evaluation__transport_latency__serialization_framing_not_explicitly_in_crypto_functions,0.0,0.0,12,12,0,plaintext_update_no_noise,1.0,plain_exact,0,0,False,0,0,False,not_applicable,0,[],0,,True,0.0017204452090867595,0.0020311924643947404,3.9572916666666664,0,0,0,0,0,0,0,0,0,0,0,0,0,12,0,12,0,1,fixed_execution_host_runtime_payload_and_machine_specification__no_unmeasured_absolute_energy_or_carbon_claim,sequential_single_host_wall_clock_and_generated_protocol_object_bytes__machine_specification_recorded__transport_network_facility_energy_not_measured,runtime_payload_measured__energy_not_instrumented,not_reported_without_direct_hardware_energy_instrumentation,not_reported,False,,,,,,,not_reported,0,0.25,not_probed,0,,not_reported__no_valid_colab_network_or_device_energy_scope,,not_reported__no_direct_facility_or_grid_carbon_measurement,0.9482420149997779,Absolute energy and carbon are not reported because direct hardware energy instrumentation is disabled.,False,,,,CRYPTO_TIER
23,T1_Plain_TADP,3,comparative_protocol_experiment,comparative_experiment,main_comparative,Comparative federated-learning and protocol-enforcement experiment.,plain_or_protocol_control,custom_reference_python_prototype,True,2.3-phase1-fixed-threshold-critical-floor-review-profile,47dd2e58be138865a6d591a63329509757be6b563afb2badb96beb09eac726e5,30300ae3849b74417402ebea4f2d0b34c8295af994133e740878d4571fd8758e,eb562985f77fc8a152d2d22d15bfd3f4695b107bdaa4c375fc5dde2be0f10805,T1_BASELINE,C4_RESTRICTED,T4_SAMK,C1_PUBLIC,T1_BASELINE,"{""T2_DF_KS"": 3, ""T3_XMK_CKKS"": 4, ""T4_SAMK"": 5}",False,False,below_unified_session_requirement__benchmark_only_not_deployment,C1_PUBLIC,0,profile_benchmark,C4_RESTRICTED,T4_SAMK,1,declared_profile_benchmark_not_governance_selected,not_applicable,not_applicable_plain_update_path,,,,not_applicable,0,0,0,False,,{},True,,strict_experiment_side_plaintext_oracle_comparison__max_coordinate_and_rmse_numeric_acceptance_envelope__relative_l2_diagnostic_only__no_plaintext_fallback_after_protected_aggregation_failure,custom_reference_prototype_numeric_acceptance_envelope__max_abs_and_rmse_are_acceptance_gates__relative_l2_is_diagnostic_only__not_a_formal_he_security_or_precision_proof,True,False,PASSED_PLAIN_CONTROL_CHECK,0.0,0.0,0.0,0.2479287584562522,0.2479287584562522,,,,True,True,True,True,finite_and_max_abs_and_rmse,0.9985428882412837,0.6666666666666666,0.5496688741721855,0.8469387755102041,0.9228714699160474,0.6816562661743784,0.9731557859497204,0.722421988673019,0.722421988673019,0.8877551020408163,0.0012837647720877884,0.8877551020408163,0.0012837647720877884,56796,68,15,83,0.0011958356781091727,0.15306122448979592,0.8469387755102041,0.008140751548700214,0.008140751548700214,fpr,0.005,0.9990344313019817,0.7634408602150538,0.6635514018691588,0.8987341772151899,0.9489713972468563,0.7717986706821625,0.9875468526954039,0.8237446422719499,0.8237446422719499,0.8987341772151899,0.0007913827214772477,0.8987341772151899,0.0007913827214772477,45454,36,8,71,0.0007913827214772477,0.10126582278481013,0.8987341772151899,0.008140751548700214,fpr,0.005,1.0,False,A1_TADP_admission_only,NOT_FINAL_ROUND,,,,,,,,,,,,,,,,,,,,False,0.9982795547909132,0.9521144730001652,336.82202300042263,177.28907400032767,0.0,0.0,0.0,0.0,240,2880,240.0,2880,2880,5760,,not_modelled__session_or_evaluation_key_material_excluded_from_round_payload,actual_generated_protocol_object_bytes,plain_model_update_uplink_plus_plain_global_update_broadcast,sum_of_actual_generated_client_update_objects_before_auxiliary_decryption_share_or_downlink_traffic,False,0.0,0.0,0.0,measured_sum_of_client_protection_plus_server_protected_aggregation_plus_authorized_recovery_or_decryption_ms_per_round,local_training__validation_test_evaluation__transport_latency__serialization_framing_not_explicitly_in_crypto_functions,0.0,0.0,12,12,0,plaintext_update_no_noise,1.0,plain_exact,0,0,False,0,0,False,not_applicable,0,[],0,,True,0.0017204452090867595,0.0020311924643947404,3.9572916666666664,0,0,0,0,0,0,0,0,0,0,0,0,0,12,0,12,0,1,fixed_execution_host_runtime_payload_and_machine_specification__no_unmeasured_absolute_energy_or_carbon_claim,sequential_single_host_wall_clock_and_generated_protocol_object_bytes__machine_specification_recorded__transport_network_facility_energy_not_measured,runtime_payload_measured__energy_not_instrumented,not_reported_without_direct_hardware_energy_instrumentation,not_reported,False,,,,,,,not_reported,0,0.25,not_probed,0,,not_reported__no_valid_colab_network_or_device_energy_scope,,not_reported__no_direct_facility_or_grid_carbon_measurement,0.952085802000056,Absolute energy and carbon are not reported because direct hardware energy instrumentation is disabled.,False,,,,CRYPTO_TIER
23,T1_Plain_TADP,4,comparative_protocol_experiment,comparative_experiment,main_comparative,Comparative federated-learning and protocol-enforcement experiment.,plain_or_protocol_control,custom_reference_python_prototype,True,2.3-phase1-fixed-threshold-critical-floor-review-profile,47dd2e58be138865a6d591a63329509757be6b563afb2badb96beb09eac726e5,30300ae3849b74417402ebea4f2d0b34c8295af994133e740878d4571fd8758e,eb562985f77fc8a152d2d22d15bfd3f4695b107bdaa4c375fc5dde2be0f10805,T1_BASELINE,C4_RESTRICTED,T4_SAMK,C1_PUBLIC,T1_BASELINE,"{""T2_DF_KS"": 3, ""T3_XMK_CKKS"": 4, ""T4_SAMK"": 5}",False,False,below_unified_session_requirement__benchmark_only_not_deployment,C1_PUBLIC,0,profile_benchmark,C4_RESTRICTED,T4_SAMK,1,declared_profile_benchmark_not_governance_selected,not_applicable,not_applicable_plain_update_path,,,,not_applicable,0,0,0,False,,{},True,,strict_experiment_side_plaintext_oracle_comparison__max_coordinate_and_rmse_numeric_acceptance_envelope__relative_l2_diagnostic_only__no_plaintext_fallback_after_protected_aggregation_failure,custom_reference_prototype_numeric_acceptance_envelope__max_abs_and_rmse_are_acceptance_gates__relative_l2_is_diagnostic_only__not_a_formal_he_security_or_precision_proof,True,False,PASSED_PLAIN_CONTROL_CHECK,0.0,0.0,0.0,0.2088908348022183,0.2088908348022183,,,,True,True,True,True,finite_and_max_abs_and_rmse,0.9986482216214319,0.6831275720164609,0.5724137931034483,0.8469387755102041,0.9229242273724346,0.6956665966785589,0.9753184827673331,0.7240155510598062,0.7240155510598062,0.8877551020408163,0.0013892796848621273,0.8877551020408163,0.0013892796848621273,56802,62,15,83,0.001090320765334834,0.15306122448979592,0.8469387755102041,0.011608638663652141,0.011608638663652141,fpr,0.005,0.9990783207882552,0.7717391304347826,0.6761904761904762,0.8987341772151899,0.9489933801002307,0.7791354710123013,0.987389911818149,0.823844078809005,0.823844078809005,0.8987341772151899,0.0007474170147285117,0.8987341772151899,0.0007474170147285117,45456,34,8,71,0.0007474170147285117,0.10126582278481013,0.8987341772151899,0.011608638663652141,fpr,0.005,1.0,False,A1_TADP_admission_only,NOT_FINAL_ROUND,,,,,,,,,,,,,,,,,,,,False,0.9982795547909132,0.979777500000182,335.7129790001636,185.84701899999345,0.0,0.0,0.0,0.0,240,2880,240.0,2880,2880,5760,,not_modelled__session_or_evaluation_key_material_excluded_from_round_payload,actual_generated_protocol_object_bytes,plain_model_update_uplink_plus_plain_global_update_broadcast,sum_of_actual_generated_client_update_objects_before_auxiliary_decryption_share_or_downlink_traffic,False,0.0,0.0,0.0,measured_sum_of_client_protection_plus_server_protected_aggregation_plus_authorized_recovery_or_decryption_ms_per_round,local_training__validation_test_evaluation__transport_latency__serialization_framing_not_explicitly_in_crypto_functions,0.0,0.0,12,12,0,plaintext_update_no_noise,1.0,plain_exact,0,0,False,0,0,False,not_applicable,0,[],0,,True,0.0017204452090867595,0.0020311924643947404,3.9572916666666664,0,0,0,0,0,0,0,0,0,0,0,0,0,12,0,12,0,1,fixed_execution_host_runtime_payload_and_machine_specification__no_unmeasured_absolute_energy_or_carbon_claim,sequential_single_host_wall_clock_and_generated_protocol_object_bytes__machine_specification_recorded__transport_network_facility_energy_not_measured,runtime_payload_measured__energy_not_instrumented,not_reported_without_direct_hardware_energy_instrumentation,not_reported,False,,,,,,,not_reported,0,0.25,not_probed,0,,not_reported__no_valid_colab_network_or_device_energy_scope,,not_reported__no_direct_facility_or_grid_carbon_measurement,0.9797507580001366,Absolute energy and carbon are not reported because direct hardware energy instrumentation is disabled.,False,,,,CRYPTO_TIER
23,T1_Plain_TADP,5,comparative_protocol_experiment,comparative_experiment,main_comparative,Comparative federated-learning and protocol-enforcement experiment.,plain_or_protocol_control,custom_reference_python_prototype,True,2.3-phase1-fixed-threshold-critical-floor-review-profile,47dd2e58be138865a6d591a63329509757be6b563afb2badb96beb09eac726e5,30300ae3849b74417402ebea4f2d0b34c8295af994133e740878d4571fd8758e,eb562985f77fc8a152d2d22d15bfd3f4695b107bdaa4c375fc5dde2be0f10805,T1_BASELINE,C4_RESTRICTED,T4_SAMK,C1_PUBLIC,T1_BASELINE,"{""T2_DF_KS"": 3, ""T3_XMK_CKKS"": 4, ""T4_SAMK"": 5}",False,False,below_unified_session_requirement__benchmark_only_not_deployment,C1_PUBLIC,0,profile_benchmark,C4_RESTRICTED,T4_SAMK,1,declared_profile_benchmark_not_governance_selected,not_applicable,not_applicable_plain_update_path,,,,not_applicable,0,0,0,False,,{},True,,strict_experiment_side_plaintext_oracle_comparison__max_coordinate_and_rmse_numeric_acceptance_envelope__relative_l2_diagnostic_only__no_plaintext_fallback_after_protected_aggregation_failure,custom_reference_prototype_numeric_acceptance_envelope__max_abs_and_rmse_are_acceptance_gates__relative_l2_is_diagnostic_only__not_a_formal_he_security_or_precision_proof,True,False,PASSED_PLAIN_CONTROL_CHECK,0.0,0.0,0.0,0.16521963465696926,0.16521963465696926,,,,True,True,True,True,finite_and_max_abs_and_rmse,0.9986657771847899,0.6859504132231405,0.5763888888888888,0.8469387755102041,0.9229330202818324,0.6980862969003445,0.9764446929587817,0.7246423188225012,0.7246423188225012,0.8877551020408163,0.0014244513224535734,0.8877551020408163,0.0014244513224535734,56803,61,15,83,0.0010727349465391109,0.15306122448979592,0.8469387755102041,0.015748044210411746,0.015748044210411746,fpr,0.005,0.9990563760451184,0.7675675675675676,0.6698113207547169,0.8987341772151899,0.9489823886735436,0.7754411396718406,0.9867159564906461,0.8240452953770276,0.8240452953770276,0.8987341772151899,0.0007693998681028798,0.8987341772151899,0.0007693998681028798,45455,35,8,71,0.0007693998681028798,0.10126582278481013,0.8987341772151899,0.015748044210411746,fpr,0.005,1.0,False,A1_TADP_admission_only,NOT_FINAL_ROUND,,,,,,,,,,,,,,,,,,,,False,0.9982795547909132,0.9459289819997139,346.27063000061753,185.02862600007575,0.0,0.0,0.0,0.0,240,2880,240.0,2880,2880,5760,,not_modelled__session_or_evaluation_key_material_excluded_from_round_payload,actual_generated_protocol_object_bytes,plain_model_update_uplink_plus_plain_global_update_broadcast,sum_of_actual_generated_client_update_objects_before_auxiliary_decryption_share_or_downlink_traffic,False,0.0,0.0,0.0,measured_sum_of_client_protection_plus_server_protected_aggregation_plus_authorized_recovery_or_decryption_ms_per_round,local_training__validation_test_evaluation__transport_latency__serialization_framing_not_explicitly_in_crypto_functions,0.0,0.0,12,12,0,plaintext_update_no_noise,1.0,plain_exact,0,0,False,0,0,False,not_applicable,0,[],0,,True,0.0017204452090867595,0.0020311924643947404,3.9572916666666664,0,0,0,0,0,0,0,0,0,0,0,0,0,12,0,12,0,1,fixed_execution_host_runtime_payload_and_machine_specification__no_unmeasured_absolute_energy_or_carbon_claim,sequential_single_host_wall_clock_and_generated_protocol_object_bytes__machine_specification_recorded__transport_network_facility_energy_not_measured,runtime_payload_measured__energy_not_instrumented,not_reported_without_direct_hardware_energy_instrumentation,not_reported,False,,,,,,,not_reported,0,0.25,not_probed,0,,not_reported__no_valid_colab_network_or_device_energy_scope,,not_reported__no_direct_facility_or_grid_carbon_measurement,0.9459018920001654,Absolute energy and carbon are not reported because direct hardware energy instrumentation is disabled.,False,,,,CRYPTO_TIER
23,T1_Plain_TADP,6,comparative_protocol_experiment,comparative_experiment,main_comparative,Comparative federated-learning and protocol-enforcement experiment.,plain_or_protocol_control,custom_reference_python_prototype,True,2.3-phase1-fixed-threshold-critical-floor-review-profile,47dd2e58be138865a6d591a63329509757be6b563afb2badb96beb09eac726e5,30300ae3849b74417402ebea4f2d0b34c8295af994133e740878d4571fd8758e,eb562985f77fc8a152d2d22d15bfd3f4695b107bdaa4c375fc5dde2be0f10805,T1_BASELINE,C4_RESTRICTED,T4_SAMK,C1_PUBLIC,T1_BASELINE,"{""T2_DF_KS"": 3, ""T3_XMK_CKKS"": 4, ""T4_SAMK"": 5}",False,False,below_unified_session_requirement__benchmark_only_not_deployment,C1_PUBLIC,0,profile_benchmark,C4_RESTRICTED,T4_SAMK,1,declared_profile_benchmark_not_governance_selected,not_applicable,not_applicable_plain_update_path,,,,not_applicable,0,0,0,False,,{},True,,strict_experiment_side_plaintext_oracle_comparison__max_coordinate_and_rmse_numeric_acceptance_envelope__relative_l2_diagnostic_only__no_plaintext_fallback_after_protected_aggregation_failure,custom_reference_prototype_numeric_acceptance_envelope__max_abs_and_rmse_are_acceptance_gates__relative_l2_is_diagnostic_only__not_a_formal_he_security_or_precision_proof,True,False,PASSED_PLAIN_CONTROL_CHECK,0.0,0.0,0.0,0.12470537610971007,0.12470537610971007,,,,True,True,True,True,finite_and_max_abs_and_rmse,0.9986833327481479,0.6887966804979253,0.5804195804195804,0.8469387755102041,0.9229418131912304,0.700531305115625,0.9771890396563803,0.7246739242744884,0.7246739242744884,0.8877551020408163,0.0014420371412492965,0.8877551020408163,0.0014420371412492965,56804,60,15,83,0.0010551491277433877,0.15306122448979592,0.8469387755102041,0.020191880285188493,0.020191880285188493,fpr,0.005,0.9990783207882552,0.7717391304347826,0.6761904761904762,0.8987341772151899,0.9489933801002307,0.7791354710123013,0.9860436707469439,0.8238856059505738,0.8238856059505738,0.8987341772151899,0.0007474170147285117,0.8987341772151899,0.0007474170147285117,45456,34,8,71,0.0007474170147285117,0.10126582278481013,0.8987341772151899,0.020191880285188493,fpr,0.005,1.0,False,A1_TADP_admission_only,NOT_FINAL_ROUND,,,,,,,,,,,,,,,,,,,,False,0.9982795547909132,0.9118773449999935,320.3034829994067,180.13380099910137,0.0,0.0,0.0,0.0,240,2880,240.0,2880,2880,5760,,not_modelled__session_or_evaluation_key_material_excluded_from_round_payload,actual_generated_protocol_object_bytes,plain_model_update_uplink_plus_plain_global_update_broadcast,sum_of_actual_generated_client_update_objects_before_auxiliary_decryption_share_or_downlink_traffic,False,0.0,0.0,0.0,measured_sum_of_client_protection_plus_server_protected_aggregation_plus_authorized_recovery_or_decryption_ms_per_round,local_training__validation_test_evaluation__transport_latency__serialization_framing_not_explicitly_in_crypto_functions,0.0,0.0,12,12,0,plaintext_update_no_noise,1.0,plain_exact,0,0,False,0,0,False,not_applicable,0,[],0,,True,0.0017204452090867595,0.0020311924643947404,3.9572916666666664,0,0,0,0,0,0,0,0,0,0,0,0,0,12,0,12,0,1,fixed_execution_host_runtime_payload_and_machine_specification__no_unmeasured_absolute_energy_or_carbon_claim,sequential_single_host_wall_clock_and_generated_protocol_object_bytes__machine_specification_recorded__transport_network_facility_energy_not_measured,runtime_payload_measured__energy_not_instrumented,not_reported_without_direct_hardware_energy_instrumentation,not_reported,False,,,,,,,not_reported,0,0.25,not_probed,0,,not_reported__no_valid_colab_network_or_device_energy_scope,,not_reported__no_direct_facility_or_grid_carbon_measurement,0.9118501449997893,Absolute energy and carbon are not reported because direct hardware energy instrumentation is disabled.,False,,,,CRYPTO_TIER
23,T1_Plain_TADP,7,comparative_protocol_experiment,comparative_experiment,main_comparative,Comparative federated-learning and protocol-enforcement experiment.,plain_or_protocol_control,custom_reference_python_prototype,True,2.3-phase1-fixed-threshold-critical-floor-review-profile,47dd2e58be138865a6d591a63329509757be6b563afb2badb96beb09eac726e5,30300ae3849b74417402ebea4f2d0b34c8295af994133e740878d4571fd8758e,eb562985f77fc8a152d2d22d15bfd3f4695b107bdaa4c375fc5dde2be0f10805,T1_BASELINE,C4_RESTRICTED,T4_SAMK,C1_PUBLIC,T1_BASELINE,"{""T2_DF_KS"": 3, ""T3_XMK_CKKS"": 4, ""T4_SAMK"": 5}",False,False,below_unified_session_requirement__benchmark_only_not_deployment,C1_PUBLIC,0,profile_benchmark,C4_RESTRICTED,T4_SAMK,1,declared_profile_benchmark_not_governance_selected,not_applicable,not_applicable_plain_update_path,,,,not_applicable,0,0,0,False,,{},True,,strict_experiment_side_plaintext_oracle_comparison__max_coordinate_and_rmse_numeric_acceptance_envelope__relative_l2_diagnostic_only__no_plaintext_fallback_after_protected_aggregation_failure,custom_reference_prototype_numeric_acceptance_envelope__max_abs_and_rmse_are_acceptance_gates__relative_l2_is_diagnostic_only__not_a_formal_he_security_or_precision_proof,True,False,PASSED_PLAIN_CONTROL_CHECK,0.0,0.0,0.0,0.09783007119407901,0.09783007119407901,,,,True,True,True,True,finite_and_max_abs_and_rmse,0.998735999438222,0.7,0.5915492957746479,0.8571428571428571,0.9280614398263526,0.7114969744332836,0.977770268912292,0.7250143581239282,0.7250143581239282,0.8877551020408163,0.0014420371412492965,0.8877551020408163,0.0014420371412492965,56806,58,14,84,0.0010199774901519414,0.14285714285714285,0.8571428571428571,0.024767419748244503,0.024767419748244503,fpr,0.005,0.9991222102745287,0.7802197802197802,0.6893203883495146,0.8987341772151899,0.9490153629536051,0.7866847368188982,0.9855055082352221,0.8243858127743763,0.8243858127743763,0.8987341772151899,0.0007034513079797758,0.8987341772151899,0.0007034513079797758,45458,32,8,71,0.0007034513079797758,0.10126582278481013,0.8987341772151899,0.024767419748244503,fpr,0.005,1.0,False,A1_TADP_admission_only,NOT_FINAL_ROUND,,,,,,,,,,,,,,,,,,,,False,0.9982795547909132,0.9351404100002583,338.5161999999582,176.19552200039834,0.0,0.0,0.0,0.0,240,2880,240.0,2880,2880,5760,,not_modelled__session_or_evaluation_key_material_excluded_from_round_payload,actual_generated_protocol_object_bytes,plain_model_update_uplink_plus_plain_global_update_broadcast,sum_of_actual_generated_client_update_objects_before_auxiliary_decryption_share_or_downlink_traffic,False,0.0,0.0,0.0,measured_sum_of_client_protection_plus_server_protected_aggregation_plus_authorized_recovery_or_decryption_ms_per_round,local_training__validation_test_evaluation__transport_latency__serialization_framing_not_explicitly_in_crypto_functions,0.0,0.0,12,12,0,plaintext_update_no_noise,1.0,plain_exact,0,0,False,0,0,False,not_applicable,0,[],0,,True,0.0017204452090867595,0.0020311924643947404,3.9572916666666664,0,0,0,0,0,0,0,0,0,0,0,0,0,12,0,12,0,1,fixed_execution_host_runtime_payload_and_machine_specification__no_unmeasured_absolute_energy_or_carbon_claim,sequential_single_host_wall_clock_and_generated_protocol_object_bytes__machine_specification_recorded__transport_network_facility_energy_not_measured,runtime_payload_measured__energy_not_instrumented,not_reported_without_direct_hardware_energy_instrumentation,not_reported,False,,,,,,,not_reported,0,0.25,not_probed,0,,not_reported__no_valid_colab_network_or_device_energy_scope,,not_reported__no_direct_facility_or_grid_carbon_measurement,0.935112632000255,Absolute energy and carbon are not reported because direct hardware energy instrumentation is disabled.,False,,,,CRYPTO_TIER
23,T1_Plain_TADP,8,comparative_protocol_experiment,comparative_experiment,main_comparative,Comparative federated-learning and protocol-enforcement experiment.,plain_or_protocol_control,custom_reference_python_prototype,True,2.3-phase1-fixed-threshold-critical-floor-review-profile,47dd2e58be138865a6d591a63329509757be6b563afb2badb96beb09eac726e5,30300ae3849b74417402ebea4f2d0b34c8295af994133e740878d4571fd8758e,eb562985f77fc8a152d2d22d15bfd3f4695b107bdaa4c375fc5dde2be0f10805,T1_BASELINE,C4_RESTRICTED,T4_SAMK,C1_PUBLIC,T1_BASELINE,"{""T2_DF_KS"": 3, ""T3_XMK_CKKS"": 4, ""T4_SAMK"": 5}",False,False,below_unified_session_requirement__benchmark_only_not_deployment,C1_PUBLIC,0,profile_benchmark,C4_RESTRICTED,T4_SAMK,1,declared_profile_benchmark_not_governance_selected,not_applicable,not_applicable_plain_update_path,,,,not_applicable,0,0,0,False,,{},True,,strict_experiment_side_plaintext_oracle_comparison__max_coordinate_and_rmse_numeric_acceptance_envelope__relative_l2_diagnostic_only__no_plaintext_fallback_after_protected_aggregation_failure,custom_reference_prototype_numeric_acceptance_envelope__max_abs_and_rmse_are_acceptance_gates__relative_l2_is_diagnostic_only__not_a_formal_he_security_or_precision_proof,True,False,PASSED_PLAIN_CONTROL_CHECK,0.0,0.0,0.0,0.07035960213510772,0.07035960213510772,,,,True,True,True,True,finite_and_max_abs_and_rmse,0.9987711105649381,0.7058823529411765,0.6,0.8571428571428571,0.9280790256451483,0.7165779005842429,0.9781200113697701,0.7253499570423255,0.7253499570423255,0.8877551020408163,0.0015651378728193585,0.8877551020408163,0.0015651378728193585,56808,56,14,84,0.0009848058525604951,0.14285714285714285,0.8571428571428571,0.028950227342308767,0.028950227342308767,fpr,0.005,0.9991441550176655,0.7845303867403315,0.696078431372549,0.8987341772151899,0.9490263543802923,0.7905422865495717,0.9850672424875685,0.8246049425577375,0.8246049425577375,0.8987341772151899,0.0006814684546054077,0.8987341772151899,0.0006814684546054077,45459,31,8,71,0.0006814684546054077,0.10126582278481013,0.8987341772151899,0.028950227342308767,fpr,0.005,1.0,False,A1_TADP_admission_only,NOT_FINAL_ROUND,,,,,,,,,,,,,,,,,,,,False,0.9982795547909132,0.9125132609997308,326.63971799956926,180.77724199929435,0.0,0.0,0.0,0.0,240,2880,240.0,2880,2880,5760,,not_modelled__session_or_evaluation_key_material_excluded_from_round_payload,actual_generated_protocol_object_bytes,plain_model_update_uplink_plus_plain_global_update_broadcast,sum_of_actual_generated_client_update_objects_before_auxiliary_decryption_share_or_downlink_traffic,False,0.0,0.0,0.0,measured_sum_of_client_protection_plus_server_protected_aggregation_plus_authorized_recovery_or_decryption_ms_per_round,local_training__validation_test_evaluation__transport_latency__serialization_framing_not_explicitly_in_crypto_functions,0.0,0.0,12,12,0,plaintext_update_no_noise,1.0,plain_exact,0,0,False,0,0,False,not_applicable,0,[],0,,True,0.0017204452090867595,0.0020311924643947404,3.9572916666666664,0,0,0,0,0,0,0,0,0,0,0,0,0,12,0,12,0,1,fixed_execution_host_runtime_payload_and_machine_specification__no_unmeasured_absolute_energy_or_carbon_claim,sequential_single_host_wall_clock_and_generated_protocol_object_bytes__machine_specification_recorded__transport_network_facility_energy_not_measured,runtime_payload_measured__energy_not_instrumented,not_reported_without_direct_hardware_energy_instrumentation,not_reported,False,,,,,,,not_reported,0,0.25,not_probed,0,,not_reported__no_valid_colab_network_or_device_energy_scope,,not_reported__no_direct_facility_or_grid_carbon_measurement,0.912486589999844,Absolute energy and carbon are not reported because direct hardware energy instrumentation is disabled.,False,,,,CRYPTO_TIER
23,T1_Plain_TADP,9,comparative_protocol_experiment,comparative_experiment,main_comparative,Comparative federated-learning and protocol-enforcement experiment.,plain_or_protocol_control,custom_reference_python_prototype,True,2.3-phase1-fixed-threshold-critical-floor-review-profile,47dd2e58be138865a6d591a63329509757be6b563afb2badb96beb09eac726e5,30300ae3849b74417402ebea4f2d0b34c8295af994133e740878d4571fd8758e,eb562985f77fc8a152d2d22d15bfd3f4695b107bdaa4c375fc5dde2be0f10805,T1_BASELINE,C4_RESTRICTED,T4_SAMK,C1_PUBLIC,T1_BASELINE,"{""T2_DF_KS"": 3, ""T3_XMK_CKKS"": 4, ""T4_SAMK"": 5}",False,False,below_unified_session_requirement__benchmark_only_not_deployment,C1_PUBLIC,0,profile_benchmark,C4_RESTRICTED,T4_SAMK,1,declared_profile_benchmark_not_governance_selected,not_applicable,not_applicable_plain_update_path,,,,not_applicable,0,0,0,False,,{},True,,strict_experiment_side_plaintext_oracle_comparison__max_coordinate_and_rmse_numeric_acceptance_envelope__relative_l2_diagnostic_only__no_plaintext_fallback_after_protected_aggregation_failure,custom_reference_prototype_numeric_acceptance_envelope__max_abs_and_rmse_are_acceptance_gates__relative_l2_is_diagnostic_only__not_a_formal_he_security_or_precision_proof,True,False,PASSED_PLAIN_CONTROL_CHECK,0.0,0.0,0.0,0.05426676072810025,0.05426676072810025,,,,True,True,True,True,finite_and_max_abs_and_rmse,0.9987711105649381,0.7058823529411765,0.6,0.8571428571428571,0.9280790256451483,0.7165779005842429,0.9783635211259517,0.7252872163594261,0.7252872163594261,0.8877551020408163,0.001635481148002251,0.8877551020408163,0.001635481148002251,56808,56,14,84,0.0009848058525604951,0.14285714285714285,0.8571428571428571,0.032672967970460896,0.032672967970460896,fpr,0.005,0.9991441550176655,0.7845303867403315,0.696078431372549,0.8987341772151899,0.9490263543802923,0.7905422865495717,0.9846453943139541,0.8245760279851606,0.8245760279851606,0.8987341772151899,0.0006814684546054077,0.8987341772151899,0.0006814684546054077,45459,31,8,71,0.0006814684546054077,0.10126582278481013,0.8987341772151899,0.032672967970460896,fpr,0.005,1.0,False,A1_TADP_admission_only,NOT_FINAL_ROUND,,,,,,,,,,,,,,,,,,,,False,0.9982795547909132,0.9255001299998185,328.49101499959943,188.73163999978715,0.0,0.0,0.0,0.0,240,2880,240.0,2880,2880,5760,,not_modelled__session_or_evaluation_key_material_excluded_from_round_payload,actual_generated_protocol_object_bytes,plain_model_update_uplink_plus_plain_global_update_broadcast,sum_of_actual_generated_client_update_objects_before_auxiliary_decryption_share_or_downlink_traffic,False,0.0,0.0,0.0,measured_sum_of_client_protection_plus_server_protected_aggregation_plus_authorized_recovery_or_decryption_ms_per_round,local_training__validation_test_evaluation__transport_latency__serialization_framing_not_explicitly_in_crypto_functions,0.0,0.0,12,12,0,plaintext_update_no_noise,1.0,plain_exact,0,0,False,0,0,False,not_applicable,0,[],0,,True,0.0017204452090867595,0.0020311924643947404,3.9572916666666664,0,0,0,0,0,0,0,0,0,0,0,0,0,12,0,12,0,1,fixed_execution_host_runtime_payload_and_machine_specification__no_unmeasured_absolute_energy_or_carbon_claim,sequential_single_host_wall_clock_and_generated_protocol_object_bytes__machine_specification_recorded__transport_network_facility_energy_not_measured,runtime_payload_measured__energy_not_instrumented,not_reported_without_direct_hardware_energy_instrumentation,not_reported,False,,,,,,,not_reported,0,0.25,not_probed,0,,not_reported__no_valid_colab_network_or_device_energy_scope,,not_reported__no_direct_facility_or_grid_carbon_measurement,0.9254719179998574,Absolute energy and carbon are not reported because direct hardware energy instrumentation is disabled.,False,,,,CRYPTO_TIER
23,T1_Plain_TADP,10,comparative_protocol_experiment,comparative_experiment,main_comparative,Comparative federated-learning and protocol-enforcement experiment.,plain_or_protocol_control,custom_reference_python_prototype,True,2.3-phase1-fixed-threshold-critical-floor-review-profile,47dd2e58be138865a6d591a63329509757be6b563afb2badb96beb09eac726e5,30300ae3849b74417402ebea4f2d0b34c8295af994133e740878d4571fd8758e,eb562985f77fc8a152d2d22d15bfd3f4695b107bdaa4c375fc5dde2be0f10805,T1_BASELINE,C4_RESTRICTED,T4_SAMK,C1_PUBLIC,T1_BASELINE,"{""T2_DF_KS"": 3, ""T3_XMK_CKKS"": 4, ""T4_SAMK"": 5}",False,False,below_unified_session_requirement__benchmark_only_not_deployment,C1_PUBLIC,0,profile_benchmark,C4_RESTRICTED,T4_SAMK,1,declared_profile_benchmark_not_governance_selected,not_applicable,not_applicable_plain_update_path,,,,not_applicable,0,0,0,False,,{},True,,strict_experiment_side_plaintext_oracle_comparison__max_coordinate_and_rmse_numeric_acceptance_envelope__relative_l2_diagnostic_only__no_plaintext_fallback_after_protected_aggregation_failure,custom_reference_prototype_numeric_acceptance_envelope__max_abs_and_rmse_are_acceptance_gates__relative_l2_is_diagnostic_only__not_a_formal_he_security_or_precision_proof,True,False,PASSED_PLAIN_CONTROL_CHECK,0.0,0.0,0.0,0.036149335539458996,0.036149335539458996,,,,True,True,True,True,finite_and_max_abs_and_rmse,0.9988062216916541,0.711864406779661,0.6086956521739131,0.8571428571428571,0.928096611463944,0.7217687633914018,0.9785517611659184,0.7256043218141064,0.7256043218141064,0.8877551020408163,0.0016178953292065278,0.8877551020408163,0.0016178953292065278,56810,54,14,84,0.0009496342149690489,0.14285714285714285,0.8571428571428571,0.03573367542402384,0.03573367542402384,fpr,0.005,0.9991660997608023,0.7888888888888889,0.7029702970297029,0.8987341772151899,0.9490373458069794,0.7944569329707268,0.9842886599085624,0.8246478861567609,0.8246478861567609,0.8987341772151899,0.0006594856012310398,0.8987341772151899,0.0006594856012310398,45460,30,8,71,0.0006594856012310398,0.10126582278481013,0.8987341772151899,0.03573367542402384,fpr,0.005,1.0,False,A1_TADP_admission_only,NOT_FINAL_ROUND,,,,,,,,,,,,,,,,,,,,False,0.9982795547909132,0.9909505199998421,321.2400500001422,184.58615400049894,0.0,0.0,0.0,0.0,240,2880,240.0,2880,2880,5760,,not_modelled__session_or_evaluation_key_material_excluded_from_round_payload,actual_generated_protocol_object_bytes,plain_model_update_uplink_plus_plain_global_update_broadcast,sum_of_actual_generated_client_update_objects_before_auxiliary_decryption_share_or_downlink_traffic,False,0.0,0.0,0.0,measured_sum_of_client_protection_plus_server_protected_aggregation_plus_authorized_recovery_or_decryption_ms_per_round,local_training__validation_test_evaluation__transport_latency__serialization_framing_not_explicitly_in_crypto_functions,0.0,0.0,12,12,0,plaintext_update_no_noise,1.0,plain_exact,0,0,False,0,0,False,not_applicable,0,[],0,,True,0.0017204452090867595,0.0020311924643947404,3.9572916666666664,0,0,0,0,0,0,0,0,0,0,0,0,0,12,0,12,0,1,fixed_execution_host_runtime_payload_and_machine_specification__no_unmeasured_absolute_energy_or_carbon_claim,sequential_single_host_wall_clock_and_generated_protocol_object_bytes__machine_specification_recorded__transport_network_facility_energy_not_measured,runtime_payload_measured__energy_not_instrumented,not_reported_without_direct_hardware_energy_instrumentation,not_reported,False,,,,,,,not_reported,0,0.25,not_probed,0,,not_reported__no_valid_colab_network_or_device_energy_scope,,not_reported__no_direct_facility_or_grid_carbon_measurement,0.9909208039998703,Absolute energy and carbon are not reported because direct hardware energy instrumentation is disabled.,False,,,,CRYPTO_TIER
23,T1_Plain_TADP,11,comparative_protocol_experiment,comparative_experiment,main_comparative,Comparative federated-learning and protocol-enforcement experiment.,plain_or_protocol_control,custom_reference_python_prototype,True,2.3-phase1-fixed-threshold-critical-floor-review-profile,47dd2e58be138865a6d591a63329509757be6b563afb2badb96beb09eac726e5,30300ae3849b74417402ebea4f2d0b34c8295af994133e740878d4571fd8758e,eb562985f77fc8a152d2d22d15bfd3f4695b107bdaa4c375fc5dde2be0f10805,T1_BASELINE,C4_RESTRICTED,T4_SAMK,C1_PUBLIC,T1_BASELINE,"{""T2_DF_KS"": 3, ""T3_XMK_CKKS"": 4, ""T4_SAMK"": 5}",False,False,below_unified_session_requirement__benchmark_only_not_deployment,C1_PUBLIC,0,profile_benchmark,C4_RESTRICTED,T4_SAMK,1,declared_profile_benchmark_not_governance_selected,not_applicable,not_applicable_plain_update_path,,,,not_applicable,0,0,0,False,,{},True,,strict_experiment_side_plaintext_oracle_comparison__max_coordinate_and_rmse_numeric_acceptance_envelope__relative_l2_diagnostic_only__no_plaintext_fallback_after_protected_aggregation_failure,custom_reference_prototype_numeric_acceptance_envelope__max_abs_and_rmse_are_acceptance_gates__relative_l2_is_diagnostic_only__not_a_formal_he_security_or_precision_proof,True,False,PASSED_PLAIN_CONTROL_CHECK,0.0,0.0,0.0,0.029857786471718134,0.029857786471718134,,,,True,True,True,True,finite_and_max_abs_and_rmse,0.9988062216916541,0.711864406779661,0.6086956521739131,0.8571428571428571,0.928096611463944,0.7217687633914018,0.9786542254774729,0.7254719444851007,0.7254719444851007,0.8877551020408163,0.001635481148002251,0.8877551020408163,0.001635481148002251,56810,54,14,84,0.0009496342149690489,0.14285714285714285,0.8571428571428571,0.03840222438275636,0.03840222438275636,fpr,0.005,0.9991660997608023,0.7888888888888889,0.7029702970297029,0.8987341772151899,0.9490373458069794,0.7944569329707268,0.9840245874041034,0.8246440458214275,0.8246440458214275,0.8987341772151899,0.0006594856012310398,0.8987341772151899,0.0006594856012310398,45460,30,8,71,0.0006594856012310398,0.10126582278481013,0.8987341772151899,0.03840222438275636,fpr,0.005,1.0,False,A1_TADP_admission_only,NOT_FINAL_ROUND,,,,,,,,,,,,,,,,,,,,False,0.9982795547909132,1.2587673279999763,547.1401779991538,217.57542200020907,0.0,0.0,0.0,0.0,240,2880,240.0,2880,2880,5760,,not_modelled__session_or_evaluation_key_material_excluded_from_round_payload,actual_generated_protocol_object_bytes,plain_model_update_uplink_plus_plain_global_update_broadcast,sum_of_actual_generated_client_update_objects_before_auxiliary_decryption_share_or_downlink_traffic,False,0.0,0.0,0.0,measured_sum_of_client_protection_plus_server_protected_aggregation_plus_authorized_recovery_or_decryption_ms_per_round,local_training__validation_test_evaluation__transport_latency__serialization_framing_not_explicitly_in_crypto_functions,0.0,0.0,12,12,0,plaintext_update_no_noise,1.0,plain_exact,0,0,False,0,0,False,not_applicable,0,[],0,,True,0.0017204452090867595,0.0020311924643947404,3.9572916666666664,0,0,0,0,0,0,0,0,0,0,0,0,0,12,0,12,0,1,fixed_execution_host_runtime_payload_and_machine_specification__no_unmeasured_absolute_energy_or_carbon_claim,sequential_single_host_wall_clock_and_generated_protocol_object_bytes__machine_specification_recorded__transport_network_facility_energy_not_measured,runtime_payload_measured__energy_not_instrumented,not_reported_without_direct_hardware_energy_instrumentation,not_reported,False,,,,,,,not_reported,0,0.25,not_probed,0,,not_reported__no_valid_colab_network_or_device_energy_scope,,not_reported__no_direct_facility_or_grid_carbon_measurement,1.2587331499998982,Absolute energy and carbon are not reported because direct hardware energy instrumentation is disabled.,False,,,,CRYPTO_TIER
23,T1_Plain_TADP,12,comparative_protocol_experiment,comparative_experiment,main_comparative,Comparative federated-learning and protocol-enforcement experiment.,plain_or_protocol_control,custom_reference_python_prototype,True,2.3-phase1-fixed-threshold-critical-floor-review-profile,47dd2e58be138865a6d591a63329509757be6b563afb2badb96beb09eac726e5,30300ae3849b74417402ebea4f2d0b34c8295af994133e740878d4571fd8758e,eb562985f77fc8a152d2d22d15bfd3f4695b107bdaa4c375fc5dde2be0f10805,T1_BASELINE,C4_RESTRICTED,T4_SAMK,C1_PUBLIC,T1_BASELINE,"{""T2_DF_KS"": 3, ""T3_XMK_CKKS"": 4, ""T4_SAMK"": 5}",False,False,below_unified_session_requirement__benchmark_only_not_deployment,C1_PUBLIC,0,profile_benchmark,C4_RESTRICTED,T4_SAMK,1,declared_profile_benchmark_not_governance_selected,not_applicable,not_applicable_plain_update_path,,,,not_applicable,0,0,0,False,,{},True,,strict_experiment_side_plaintext_oracle_comparison__max_coordinate_and_rmse_numeric_acceptance_envelope__relative_l2_diagnostic_only__no_plaintext_fallback_after_protected_aggregation_failure,custom_reference_prototype_numeric_acceptance_envelope__max_abs_and_rmse_are_acceptance_gates__relative_l2_is_diagnostic_only__not_a_formal_he_security_or_precision_proof,True,False,PASSED_PLAIN_CONTROL_CHECK,0.0,0.0,0.0,0.02026709958359262,0.02026709958359262,,,,True,True,True,True,finite_and_max_abs_and_rmse,0.9988062216916541,0.711864406779661,0.6086956521739131,0.8571428571428571,0.928096611463944,0.7217687633914018,0.9787496913509355,0.725654231607163,0.725654231607163,0.8877551020408163,0.001635481148002251,0.8877551020408163,0.001635481148002251,56810,54,14,84,0.0009496342149690489,0.14285714285714285,0.8571428571428571,0.04039224024930018,0.04039224024930018,fpr,0.005,0.9991441550176655,0.7845303867403315,0.696078431372549,0.8987341772151899,0.9490263543802923,0.7905422865495717,0.9838412114500057,0.8243895447914764,0.8243895447914764,0.8987341772151899,0.0006814684546054077,0.8987341772151899,0.0006814684546054077,45459,31,8,71,0.0006814684546054077,0.10126582278481013,0.8987341772151899,0.04039224024930018,fpr,0.005,1.0,False,A1_TADP_admission_only,NOT_FINAL_ROUND,,,,,,,,,,,,,,,,,,,,False,0.9982795547909132,1.2878496020002785,537.6634669996747,235.63333300035083,0.0,0.0,0.0,0.0,240,2880,240.0,2880,2880,5760,,not_modelled__session_or_evaluation_key_material_excluded_from_round_payload,actual_generated_protocol_object_bytes,plain_model_update_uplink_plus_plain_global_update_broadcast,sum_of_actual_generated_client_update_objects_before_auxiliary_decryption_share_or_downlink_traffic,False,0.0,0.0,0.0,measured_sum_of_client_protection_plus_server_protected_aggregation_plus_authorized_recovery_or_decryption_ms_per_round,local_training__validation_test_evaluation__transport_latency__serialization_framing_not_explicitly_in_crypto_functions,0.0,0.0,12,12,0,plaintext_update_no_noise,1.0,plain_exact,0,0,False,0,0,False,not_applicable,0,[],0,,True,0.0017204452090867595,0.0020311924643947404,3.9572916666666664,0,0,0,0,0,0,0,0,0,0,0,0,0,12,0,12,0,1,fixed_execution_host_runtime_payload_and_machine_specification__no_unmeasured_absolute_energy_or_carbon_claim,sequential_single_host_wall_clock_and_generated_protocol_object_bytes__machine_specification_recorded__transport_network_facility_energy_not_measured,runtime_payload_measured__energy_not_instrumented,not_reported_without_direct_hardware_energy_instrumentation,not_reported,False,,,,,,,not_reported,0,0.25,not_probed,0,,not_reported__no_valid_colab_network_or_device_energy_scope,,not_reported__no_direct_facility_or_grid_carbon_measurement,1.2878136629997243,Absolute energy and carbon are not reported because direct hardware energy instrumentation is disabled.,False,,,,CRYPTO_TIER
23,T1_Plain_TADP,13,comparative_protocol_experiment,comparative_experiment,main_comparative,Comparative federated-learning and protocol-enforcement experiment.,plain_or_protocol_control,custom_reference_python_prototype,True,2.3-phase1-fixed-threshold-critical-floor-review-profile,47dd2e58be138865a6d591a63329509757be6b563afb2badb96beb09eac726e5,30300ae3849b74417402ebea4f2d0b34c8295af994133e740878d4571fd8758e,eb562985f77fc8a152d2d22d15bfd3f4695b107bdaa4c375fc5dde2be0f10805,T1_BASELINE,C4_RESTRICTED,T4_SAMK,C1_PUBLIC,T1_BASELINE,"{""T2_DF_KS"": 3, ""T3_XMK_CKKS"": 4, ""T4_SAMK"": 5}",False,False,below_unified_session_requirement__benchmark_only_not_deployment,C1_PUBLIC,0,profile_benchmark,C4_RESTRICTED,T4_SAMK,1,declared_profile_benchmark_not_governance_selected,not_applicable,not_applicable_plain_update_path,,,,not_applicable,0,0,0,False,,{},True,,strict_experiment_side_plaintext_oracle_comparison__max_coordinate_and_rmse_numeric_acceptance_envelope__relative_l2_diagnostic_only__no_plaintext_fallback_after_protected_aggregation_failure,custom_reference_prototype_numeric_acceptance_envelope__max_abs_and_rmse_are_acceptance_gates__relative_l2_is_diagnostic_only__not_a_formal_he_security_or_precision_proof,True,False,PASSED_PLAIN_CONTROL_CHECK,0.0,0.0,0.0,0.0140532761656427,0.0140532761656427,,,,True,True,True,True,finite_and_max_abs_and_rmse,0.9988062216916541,0.711864406779661,0.6086956521739131,0.8571428571428571,0.928096611463944,0.7217687633914018,0.978812318399504,0.725467431330271,0.725467431330271,0.8877551020408163,0.001653066966797974,0.8877551020408163,0.001653066966797974,56810,54,14,84,0.0009496342149690489,0.14285714285714285,0.8571428571428571,0.04163187403208455,0.04163187403208455,fpr,0.005,0.9991441550176655,0.7845303867403315,0.696078431372549,0.8987341772151899,0.9490263543802923,0.7905422865495717,0.983708757801826,0.8242343404427693,0.8242343404427693,0.8987341772151899,0.0006814684546054077,0.8987341772151899,0.0006814684546054077,45459,31,8,71,0.0006814684546054077,0.10126582278481013,0.8987341772151899,0.04163187403208455,fpr,0.005,1.0,False,A1_TADP_admission_only,NOT_FINAL_ROUND,,,,,,,,,,,,,,,,,,,,False,0.9982795547909132,1.2402527499998541,530.4685209994204,242.256252999141,0.0,0.0,0.0,0.0,240,2880,240.0,2880,2880,5760,,not_modelled__session_or_evaluation_key_material_excluded_from_round_payload,actual_generated_protocol_object_bytes,plain_model_update_uplink_plus_plain_global_update_broadcast,sum_of_actual_generated_client_update_objects_before_auxiliary_decryption_share_or_downlink_traffic,False,0.0,0.0,0.0,measured_sum_of_client_protection_plus_server_protected_aggregation_plus_authorized_recovery_or_decryption_ms_per_round,local_training__validation_test_evaluation__transport_latency__serialization_framing_not_explicitly_in_crypto_functions,0.0,0.0,12,12,0,plaintext_update_no_noise,1.0,plain_exact,0,0,False,0,0,False,not_applicable,0,[],0,,True,0.0017204452090867595,0.0020311924643947404,3.9572916666666664,0,0,0,0,0,0,0,0,0,0,0,0,0,12,0,12,0,1,fixed_execution_host_runtime_payload_and_machine_specification__no_unmeasured_absolute_energy_or_carbon_claim,sequential_single_host_wall_clock_and_generated_protocol_object_bytes__machine_specification_recorded__transport_network_facility_energy_not_measured,runtime_payload_measured__energy_not_instrumented,not_reported_without_direct_hardware_energy_instrumentation,not_reported,False,,,,,,,not_reported,0,0.25,not_probed,0,,not_reported__no_valid_colab_network_or_device_energy_scope,,not_reported__no_direct_facility_or_grid_carbon_measurement,1.240201357999922,Absolute energy and carbon are not reported because direct hardware energy instrumentation is disabled.,False,,,,CRYPTO_TIER
23,T1_Plain_TADP,14,comparative_protocol_experiment,comparative_experiment,main_comparative,Comparative federated-learning and protocol-enforcement experiment.,plain_or_protocol_control,custom_reference_python_prototype,True,2.3-phase1-fixed-threshold-critical-floor-review-profile,47dd2e58be138865a6d591a63329509757be6b563afb2badb96beb09eac726e5,30300ae3849b74417402ebea4f2d0b34c8295af994133e740878d4571fd8758e,eb562985f77fc8a152d2d22d15bfd3f4695b107bdaa4c375fc5dde2be0f10805,T1_BASELINE,C4_RESTRICTED,T4_SAMK,C1_PUBLIC,T1_BASELINE,"{""T2_DF_KS"": 3, ""T3_XMK_CKKS"": 4, ""T4_SAMK"": 5}",False,False,below_unified_session_requirement__benchmark_only_not_deployment,C1_PUBLIC,0,profile_benchmark,C4_RESTRICTED,T4_SAMK,1,declared_profile_benchmark_not_governance_selected,not_applicable,not_applicable_plain_update_path,,,,not_applicable,0,0,0,False,,{},True,,strict_experiment_side_plaintext_oracle_comparison__max_coordinate_and_rmse_numeric_acceptance_envelope__relative_l2_diagnostic_only__no_plaintext_fallback_after_protected_aggregation_failure,custom_reference_prototype_numeric_acceptance_envelope__max_abs_and_rmse_are_acceptance_gates__relative_l2_is_diagnostic_only__not_a_formal_he_security_or_precision_proof,True,False,PASSED_PLAIN_CONTROL_CHECK,0.0,0.0,0.0,0.013062259146344303,0.013062259146344303,,,,True,True,True,True,finite_and_max_abs_and_rmse,0.9988062216916541,0.711864406779661,0.6086956521739131,0.8571428571428571,0.928096611463944,0.7217687633914018,0.9788598718891046,0.7256021414504847,0.7256021414504847,0.8877551020408163,0.0016706527855936972,0.8877551020408163,0.0016706527855936972,56810,54,14,84,0.0009496342149690489,0.14285714285714285,0.8571428571428571,0.042849002316618645,0.042849002316618645,fpr,0.005,0.9991441550176655,0.7845303867403315,0.696078431372549,0.8987341772151899,0.9490263543802923,0.7905422865495717,0.9835573822039063,0.8238483435941387,0.8238483435941387,0.8987341772151899,0.0006814684546054077,0.8987341772151899,0.0006814684546054077,45459,31,8,71,0.0006814684546054077,0.10126582278481013,0.8987341772151899,0.042849002316618645,fpr,0.005,1.0,False,A1_TADP_admission_only,NOT_FINAL_ROUND,,,,,,,,,,,,,,,,,,,,False,0.9982795547909132,0.9641936040002292,334.514862001015,195.8469850014808,0.0,0.0,0.0,0.0,240,2880,240.0,2880,2880,5760,,not_modelled__session_or_evaluation_key_material_excluded_from_round_payload,actual_generated_protocol_object_bytes,plain_model_update_uplink_plus_plain_global_update_broadcast,sum_of_actual_generated_client_update_objects_before_auxiliary_decryption_share_or_downlink_traffic,False,0.0,0.0,0.0,measured_sum_of_client_protection_plus_server_protected_aggregation_plus_authorized_recovery_or_decryption_ms_per_round,local_training__validation_test_evaluation__transport_latency__serialization_framing_not_explicitly_in_crypto_functions,0.0,0.0,12,12,0,plaintext_update_no_noise,1.0,plain_exact,0,0,False,0,0,False,not_applicable,0,[],0,,True,0.0017204452090867595,0.0020311924643947404,3.9572916666666664,0,0,0,0,0,0,0,0,0,0,0,0,0,12,0,12,0,1,fixed_execution_host_runtime_payload_and_machine_specification__no_unmeasured_absolute_energy_or_carbon_claim,sequential_single_host_wall_clock_and_generated_protocol_object_bytes__machine_specification_recorded__transport_network_facility_energy_not_measured,runtime_payload_measured__energy_not_instrumented,not_reported_without_direct_hardware_energy_instrumentation,not_reported,False,,,,,,,not_reported,0,0.25,not_probed,0,,not_reported__no_valid_colab_network_or_device_energy_scope,,not_reported__no_direct_facility_or_grid_carbon_measurement,0.9641667989999405,Absolute energy and carbon are not reported because direct hardware energy instrumentation is disabled.,False,,,,CRYPTO_TIER
23,T1_Plain_TADP,15,comparative_protocol_experiment,comparative_experiment,main_comparative,Comparative federated-learning and protocol-enforcement experiment.,plain_or_protocol_control,custom_reference_python_prototype,True,2.3-phase1-fixed-threshold-critical-floor-review-profile,47dd2e58be138865a6d591a63329509757be6b563afb2badb96beb09eac726e5,30300ae3849b74417402ebea4f2d0b34c8295af994133e740878d4571fd8758e,eb562985f77fc8a152d2d22d15bfd3f4695b107bdaa4c375fc5dde2be0f10805,T1_BASELINE,C4_RESTRICTED,T4_SAMK,C1_PUBLIC,T1_BASELINE,"{""T2_DF_KS"": 3, ""T3_XMK_CKKS"": 4, ""T4_SAMK"": 5}",False,False,below_unified_session_requirement__benchmark_only_not_deployment,C1_PUBLIC,0,profile_benchmark,C4_RESTRICTED,T4_SAMK,1,declared_profile_benchmark_not_governance_selected,not_applicable,not_applicable_plain_update_path,,,,not_applicable,0,0,0,False,,{},True,,strict_experiment_side_plaintext_oracle_comparison__max_coordinate_and_rmse_numeric_acceptance_envelope__relative_l2_diagnostic_only__no_plaintext_fallback_after_protected_aggregation_failure,custom_reference_prototype_numeric_acceptance_envelope__max_abs_and_rmse_are_acceptance_gates__relative_l2_is_diagnostic_only__not_a_formal_he_security_or_precision_proof,True,False,PASSED_PLAIN_CONTROL_CHECK,0.0,0.0,0.0,0.009672674350873886,0.009672674350873886,,,,True,True,True,True,finite_and_max_abs_and_rmse,0.9988237772550121,0.7148936170212766,0.6131386861313869,0.8571428571428571,0.9281054043733419,0.724406671212077,0.9788885834299956,0.7258695160711028,0.7258695160711028,0.8877551020408163,0.0016706527855936972,0.8877551020408163,0.0016706527855936972,56811,53,14,84,0.0009320483961733258,0.14285714285714285,0.8571428571428571,0.04380849006754258,0.04380849006754258,fpr,0.005,0.9991441550176655,0.7845303867403315,0.696078431372549,0.8987341772151899,0.9490263543802923,0.7905422865495717,0.9834619376633061,0.8238487869563313,0.8238487869563313,0.8987341772151899,0.0006814684546054077,0.8987341772151899,0.0006814684546054077,45459,31,8,71,0.0006814684546054077,0.10126582278481013,0.8987341772151899,0.04380849006754258,fpr,0.005,1.0,False,A1_TADP_admission_only,NOT_FINAL_ROUND,,,,,,,,,,,,,,,,,,,,False,0.9982795547909132,0.9727483609999581,342.22471899829543,192.36491099945852,0.0,0.0,0.0,0.0,240,2880,240.0,2880,2880,5760,,not_modelled__session_or_evaluation_key_material_excluded_from_round_payload,actual_generated_protocol_object_bytes,plain_model_update_uplink_plus_plain_global_update_broadcast,sum_of_actual_generated_client_update_objects_before_auxiliary_decryption_share_or_downlink_traffic,False,0.0,0.0,0.0,measured_sum_of_client_protection_plus_server_protected_aggregation_plus_authorized_recovery_or_decryption_ms_per_round,local_training__validation_test_evaluation__transport_latency__serialization_framing_not_explicitly_in_crypto_functions,0.0,0.0,12,12,0,plaintext_update_no_noise,1.0,plain_exact,0,0,False,0,0,False,not_applicable,0,[],0,,True,0.0017204452090867595,0.0020311924643947404,3.9572916666666664,0,0,0,0,0,0,0,0,0,0,0,0,0,12,0,12,0,1,fixed_execution_host_runtime_payload_and_machine_specification__no_unmeasured_absolute_energy_or_carbon_claim,sequential_single_host_wall_clock_and_generated_protocol_object_bytes__machine_specification_recorded__transport_network_facility_energy_not_measured,runtime_payload_measured__energy_not_instrumented,not_reported_without_direct_hardware_energy_instrumentation,not_reported,False,,,,,,,not_reported,0,0.25,not_probed,0,,not_reported__no_valid_colab_network_or_device_energy_scope,,not_reported__no_direct_facility_or_grid_carbon_measurement,0.9727219579999655,Absolute energy and carbon are not reported because direct hardware energy instrumentation is disabled.,False,,,,CRYPTO_TIER
23,T1_Plain_TADP,16,comparative_protocol_experiment,comparative_experiment,main_comparative,Comparative federated-learning and protocol-enforcement experiment.,plain_or_protocol_control,custom_reference_python_prototype,True,2.3-phase1-fixed-threshold-critical-floor-review-profile,47dd2e58be138865a6d591a63329509757be6b563afb2badb96beb09eac726e5,30300ae3849b74417402ebea4f2d0b34c8295af994133e740878d4571fd8758e,eb562985f77fc8a152d2d22d15bfd3f4695b107bdaa4c375fc5dde2be0f10805,T1_BASELINE,C4_RESTRICTED,T4_SAMK,C1_PUBLIC,T1_BASELINE,"{""T2_DF_KS"": 3, ""T3_XMK_CKKS"": 4, ""T4_SAMK"": 5}",False,False,below_unified_session_requirement__benchmark_only_not_deployment,C1_PUBLIC,0,profile_benchmark,C4_RESTRICTED,T4_SAMK,1,declared_profile_benchmark_not_governance_selected,not_applicable,not_applicable_plain_update_path,,,,not_applicable,0,0,0,False,,{},True,,strict_experiment_side_plaintext_oracle_comparison__max_coordinate_and_rmse_numeric_acceptance_envelope__relative_l2_diagnostic_only__no_plaintext_fallback_after_protected_aggregation_failure,custom_reference_prototype_numeric_acceptance_envelope__max_abs_and_rmse_are_acceptance_gates__relative_l2_is_diagnostic_only__not_a_formal_he_security_or_precision_proof,True,False,PASSED_PLAIN_CONTROL_CHECK,0.0,0.0,0.0,0.008792554208988685,0.008792554208988685,,,,True,True,True,True,finite_and_max_abs_and_rmse,0.9988237772550121,0.7148936170212766,0.6131386861313869,0.8571428571428571,0.9281054043733419,0.724406671212077,0.9789451092761247,0.726633334624182,0.726633334624182,0.8877551020408163,0.001653066966797974,0.8877551020408163,0.001653066966797974,56811,53,14,84,0.0009320483961733258,0.14285714285714285,0.8571428571428571,0.0444786568771332,0.0444786568771332,fpr,0.005,0.9991441550176655,0.7845303867403315,0.696078431372549,0.8987341772151899,0.9490263543802923,0.7905422865495717,0.9833105620653865,0.8246353917941234,0.8246353917941234,0.8987341772151899,0.0006814684546054077,0.8987341772151899,0.0006814684546054077,45459,31,8,71,0.0006814684546054077,0.10126582278481013,0.8987341772151899,0.0444786568771332,fpr,0.005,1.0,False,A1_TADP_admission_only,NOT_FINAL_ROUND,,,,,,,,,,,,,,,,,,,,False,0.9982795547909132,0.9582275759998993,330.3059550003127,191.65831199916283,0.0,0.0,0.0,0.0,240,2880,240.0,2880,2880,5760,,not_modelled__session_or_evaluation_key_material_excluded_from_round_payload,actual_generated_protocol_object_bytes,plain_model_update_uplink_plus_plain_global_update_broadcast,sum_of_actual_generated_client_update_objects_before_auxiliary_decryption_share_or_downlink_traffic,False,0.0,0.0,0.0,measured_sum_of_client_protection_plus_server_protected_aggregation_plus_authorized_recovery_or_decryption_ms_per_round,local_training__validation_test_evaluation__transport_latency__serialization_framing_not_explicitly_in_crypto_functions,0.0,0.0,12,12,0,plaintext_update_no_noise,1.0,plain_exact,0,0,False,0,0,False,not_applicable,0,[],0,,True,0.0017204452090867595,0.0020311924643947404,3.9572916666666664,0,0,0,0,0,0,0,0,0,0,0,0,0,12,0,12,0,1,fixed_execution_host_runtime_payload_and_machine_specification__no_unmeasured_absolute_energy_or_carbon_claim,sequential_single_host_wall_clock_and_generated_protocol_object_bytes__machine_specification_recorded__transport_network_facility_energy_not_measured,runtime_payload_measured__energy_not_instrumented,not_reported_without_direct_hardware_energy_instrumentation,not_reported,False,,,,,,,not_reported,0,0.25,not_probed,0,,not_reported__no_valid_colab_network_or_device_energy_scope,,not_reported__no_direct_facility_or_grid_carbon_measurement,0.9581999050001286,Absolute energy and carbon are not reported because direct hardware energy instrumentation is disabled.,False,,,,CRYPTO_TIER
23,T1_Plain_TADP,17,comparative_protocol_experiment,comparative_experiment,main_comparative,Comparative federated-learning and protocol-enforcement experiment.,plain_or_protocol_control,custom_reference_python_prototype,True,2.3-phase1-fixed-threshold-critical-floor-review-profile,47dd2e58be138865a6d591a63329509757be6b563afb2badb96beb09eac726e5,30300ae3849b74417402ebea4f2d0b34c8295af994133e740878d4571fd8758e,eb562985f77fc8a152d2d22d15bfd3f4695b107bdaa4c375fc5dde2be0f10805,T1_BASELINE,C4_RESTRICTED,T4_SAMK,C1_PUBLIC,T1_BASELINE,"{""T2_DF_KS"": 3, ""T3_XMK_CKKS"": 4, ""T4_SAMK"": 5}",False,False,below_unified_session_requirement__benchmark_only_not_deployment,C1_PUBLIC,0,profile_benchmark,C4_RESTRICTED,T4_SAMK,1,declared_profile_benchmark_not_governance_selected,not_applicable,not_applicable_plain_update_path,,,,not_applicable,0,0,0,False,,{},True,,strict_experiment_side_plaintext_oracle_comparison__max_coordinate_and_rmse_numeric_acceptance_envelope__relative_l2_diagnostic_only__no_plaintext_fallback_after_protected_aggregation_failure,custom_reference_prototype_numeric_acceptance_envelope__max_abs_and_rmse_are_acceptance_gates__relative_l2_is_diagnostic_only__not_a_formal_he_security_or_precision_proof,True,False,PASSED_PLAIN_CONTROL_CHECK,0.0,0.0,0.0,0.008672672926456048,0.008672672926456048,,,,True,True,True,True,finite_and_max_abs_and_rmse,0.9988237772550121,0.7148936170212766,0.6131386861313869,0.8571428571428571,0.9281054043733419,0.724406671212077,0.9789991228624257,0.7266304127233749,0.7266304127233749,0.8877551020408163,0.0016882386043894203,0.8877551020408163,0.0016882386043894203,56811,53,14,84,0.0009320483961733258,0.14285714285714285,0.8571428571428571,0.044798625136694456,0.044798625136694456,fpr,0.005,0.9991441550176655,0.7845303867403315,0.696078431372549,0.8987341772151899,0.9490263543802923,0.7905422865495717,0.9832615876072359,0.8244999044926099,0.8244999044926099,0.8987341772151899,0.0006814684546054077,0.8987341772151899,0.0006814684546054077,45459,31,8,71,0.0006814684546054077,0.10126582278481013,0.8987341772151899,0.044798625136694456,fpr,0.005,1.0,False,A1_TADP_admission_only,NOT_FINAL_ROUND,,,,,,,,,,,,,,,,,,,,False,0.9982795547909132,0.9803649299997232,330.55650899950706,197.08408200085614,0.0,0.0,0.0,0.0,240,2880,240.0,2880,2880,5760,,not_modelled__session_or_evaluation_key_material_excluded_from_round_payload,actual_generated_protocol_object_bytes,plain_model_update_uplink_plus_plain_global_update_broadcast,sum_of_actual_generated_client_update_objects_before_auxiliary_decryption_share_or_downlink_traffic,False,0.0,0.0,0.0,measured_sum_of_client_protection_plus_server_protected_aggregation_plus_authorized_recovery_or_decryption_ms_per_round,local_training__validation_test_evaluation__transport_latency__serialization_framing_not_explicitly_in_crypto_functions,0.0,0.0,12,12,0,plaintext_update_no_noise,1.0,plain_exact,0,0,False,0,0,False,not_applicable,0,[],0,,True,0.0017204452090867595,0.0020311924643947404,3.9572916666666664,0,0,0,0,0,0,0,0,0,0,0,0,0,12,0,12,0,1,fixed_execution_host_runtime_payload_and_machine_specification__no_unmeasured_absolute_energy_or_carbon_claim,sequential_single_host_wall_clock_and_generated_protocol_object_bytes__machine_specification_recorded__transport_network_facility_energy_not_measured,runtime_payload_measured__energy_not_instrumented,not_reported_without_direct_hardware_energy_instrumentation,not_reported,False,,,,,,,not_reported,0,0.25,not_probed,0,,not_reported__no_valid_colab_network_or_device_energy_scope,,not_reported__no_direct_facility_or_grid_carbon_measurement,0.9803378940000584,Absolute energy and carbon are not reported because direct hardware energy instrumentation is disabled.,False,,,,CRYPTO_TIER
23,T1_Plain_TADP,18,comparative_protocol_experiment,comparative_experiment,main_comparative,Comparative federated-learning and protocol-enforcement experiment.,plain_or_protocol_control,custom_reference_python_prototype,True,2.3-phase1-fixed-threshold-critical-floor-review-profile,47dd2e58be138865a6d591a63329509757be6b563afb2badb96beb09eac726e5,30300ae3849b74417402ebea4f2d0b34c8295af994133e740878d4571fd8758e,eb562985f77fc8a152d2d22d15bfd3f4695b107bdaa4c375fc5dde2be0f10805,T1_BASELINE,C4_RESTRICTED,T4_SAMK,C1_PUBLIC,T1_BASELINE,"{""T2_DF_KS"": 3, ""T3_XMK_CKKS"": 4, ""T4_SAMK"": 5}",False,False,below_unified_session_requirement__benchmark_only_not_deployment,C1_PUBLIC,0,profile_benchmark,C4_RESTRICTED,T4_SAMK,1,declared_profile_benchmark_not_governance_selected,not_applicable,not_applicable_plain_update_path,,,,not_applicable,0,0,0,False,,{},True,,strict_experiment_side_plaintext_oracle_comparison__max_coordinate_and_rmse_numeric_acceptance_envelope__relative_l2_diagnostic_only__no_plaintext_fallback_after_protected_aggregation_failure,custom_reference_prototype_numeric_acceptance_envelope__max_abs_and_rmse_are_acceptance_gates__relative_l2_is_diagnostic_only__not_a_formal_he_security_or_precision_proof,True,False,PASSED_PLAIN_CONTROL_CHECK,0.0,0.0,0.0,0.006667761402002642,0.006667761402002642,,,,True,True,True,True,finite_and_max_abs_and_rmse,0.9988237772550121,0.7148936170212766,0.6131386861313869,0.8571428571428571,0.9281054043733419,0.724406671212077,0.9790269371676639,0.7265123790587227,0.7265123790587227,0.8877551020408163,0.0017058244231851435,0.8877551020408163,0.0017058244231851435,56811,53,14,84,0.0009320483961733258,0.14285714285714285,0.8571428571428571,0.04512635147305988,0.04512635147305988,fpr,0.005,0.9991441550176655,0.7845303867403315,0.696078431372549,0.8987341772151899,0.9490263543802923,0.7905422865495717,0.9831711518180376,0.8244975050227777,0.8244975050227777,0.8987341772151899,0.0006814684546054077,0.8987341772151899,0.0006814684546054077,45459,31,8,71,0.0006814684546054077,0.10126582278481013,0.8987341772151899,0.04512635147305988,fpr,0.005,1.0,False,A1_TADP_admission_only,NOT_FINAL_ROUND,,,,,,,,,,,,,,,,,,,,False,0.9982795547909132,0.9573271320000458,325.22235100077523,193.88846899937562,0.0,0.0,0.0,0.0,240,2880,240.0,2880,2880,5760,,not_modelled__session_or_evaluation_key_material_excluded_from_round_payload,actual_generated_protocol_object_bytes,plain_model_update_uplink_plus_plain_global_update_broadcast,sum_of_actual_generated_client_update_objects_before_auxiliary_decryption_share_or_downlink_traffic,False,0.0,0.0,0.0,measured_sum_of_client_protection_plus_server_protected_aggregation_plus_authorized_recovery_or_decryption_ms_per_round,local_training__validation_test_evaluation__transport_latency__serialization_framing_not_explicitly_in_crypto_functions,0.0,0.0,12,12,0,plaintext_update_no_noise,1.0,plain_exact,0,0,False,0,0,False,not_applicable,0,[],0,,True,0.0017204452090867595,0.0020311924643947404,3.9572916666666664,0,0,0,0,0,0,0,0,0,0,0,0,0,12,0,12,0,1,fixed_execution_host_runtime_payload_and_machine_specification__no_unmeasured_absolute_energy_or_carbon_claim,sequential_single_host_wall_clock_and_generated_protocol_object_bytes__machine_specification_recorded__transport_network_facility_energy_not_measured,runtime_payload_measured__energy_not_instrumented,not_reported_without_direct_hardware_energy_instrumentation,not_reported,False,,,,,,,not_reported,0,0.25,not_probed,0,,not_reported__no_valid_colab_network_or_device_energy_scope,,not_reported__no_direct_facility_or_grid_carbon_measurement,0.9573001970002224,Absolute energy and carbon are not reported because direct hardware energy instrumentation is disabled.,False,,,,CRYPTO_TIER
23,T1_Plain_TADP,19,comparative_protocol_experiment,comparative_experiment,main_comparative,Comparative federated-learning and protocol-enforcement experiment.,plain_or_protocol_control,custom_reference_python_prototype,True,2.3-phase1-fixed-threshold-critical-floor-review-profile,47dd2e58be138865a6d591a63329509757be6b563afb2badb96beb09eac726e5,30300ae3849b74417402ebea4f2d0b34c8295af994133e740878d4571fd8758e,eb562985f77fc8a152d2d22d15bfd3f4695b107bdaa4c375fc5dde2be0f10805,T1_BASELINE,C4_RESTRICTED,T4_SAMK,C1_PUBLIC,T1_BASELINE,"{""T2_DF_KS"": 3, ""T3_XMK_CKKS"": 4, ""T4_SAMK"": 5}",False,False,below_unified_session_requirement__benchmark_only_not_deployment,C1_PUBLIC,0,profile_benchmark,C4_RESTRICTED,T4_SAMK,1,declared_profile_benchmark_not_governance_selected,not_applicable,not_applicable_plain_update_path,,,,not_applicable,0,0,0,False,,{},True,,strict_experiment_side_plaintext_oracle_comparison__max_coordinate_and_rmse_numeric_acceptance_envelope__relative_l2_diagnostic_only__no_plaintext_fallback_after_protected_aggregation_failure,custom_reference_prototype_numeric_acceptance_envelope__max_abs_and_rmse_are_acceptance_gates__relative_l2_is_diagnostic_only__not_a_formal_he_security_or_precision_proof,True,False,PASSED_PLAIN_CONTROL_CHECK,0.0,0.0,0.0,0.0074200202505443555,0.0074200202505443555,,,,True,True,True,True,finite_and_max_abs_and_rmse,0.9988237772550121,0.7148936170212766,0.6131386861313869,0.8571428571428571,0.9281054043733419,0.724406671212077,0.9790883080863184,0.7269970710253192,0.7269970710253192,0.8877551020408163,0.0017234102419808666,0.8877551020408163,0.0017234102419808666,56811,53,14,84,0.0009320483961733258,0.14285714285714285,0.8571428571428571,0.04515468242018687,0.04515468242018687,fpr,0.005,0.9991441550176655,0.7845303867403315,0.696078431372549,0.8987341772151899,0.9490263543802923,0.7905422865495717,0.9831858998082761,0.8244977714214592,0.8244977714214592,0.8987341772151899,0.0006814684546054077,0.8987341772151899,0.0006814684546054077,45459,31,8,71,0.0006814684546054077,0.10126582278481013,0.8987341772151899,0.04515468242018687,fpr,0.005,1.0,False,A1_TADP_admission_only,NOT_FINAL_ROUND,,,,,,,,,,,,,,,,,,,,False,0.9982795547909132,0.9637001220003185,329.35114399924714,211.00333699905605,0.0,0.0,0.0,0.0,240,2880,240.0,2880,2880,5760,,not_modelled__session_or_evaluation_key_material_excluded_from_round_payload,actual_generated_protocol_object_bytes,plain_model_update_uplink_plus_plain_global_update_broadcast,sum_of_actual_generated_client_update_objects_before_auxiliary_decryption_share_or_downlink_traffic,False,0.0,0.0,0.0,measured_sum_of_client_protection_plus_server_protected_aggregation_plus_authorized_recovery_or_decryption_ms_per_round,local_training__validation_test_evaluation__transport_latency__serialization_framing_not_explicitly_in_crypto_functions,0.0,0.0,12,12,0,plaintext_update_no_noise,1.0,plain_exact,0,0,False,0,0,False,not_applicable,0,[],0,,True,0.0017204452090867595,0.0020311924643947404,3.9572916666666664,0,0,0,0,0,0,0,0,0,0,0,0,0,12,0,12,0,1,fixed_execution_host_runtime_payload_and_machine_specification__no_unmeasured_absolute_energy_or_carbon_claim,sequential_single_host_wall_clock_and_generated_protocol_object_bytes__machine_specification_recorded__transport_network_facility_energy_not_measured,runtime_payload_measured__energy_not_instrumented,not_reported_without_direct_hardware_energy_instrumentation,not_reported,False,,,,,,,not_reported,0,0.25,not_probed,0,,not_reported__no_valid_colab_network_or_device_energy_scope,,not_reported__no_direct_facility_or_grid_carbon_measurement,0.9636747819999982,Absolute energy and carbon are not reported because direct hardware energy instrumentation is disabled.,False,,,,CRYPTO_TIER
23,T1_Plain_TADP,20,comparative_protocol_experiment,comparative_experiment,main_comparative,Comparative federated-learning and protocol-enforcement experiment.,plain_or_protocol_control,custom_reference_python_prototype,True,2.3-phase1-fixed-threshold-critical-floor-review-profile,47dd2e58be138865a6d591a63329509757be6b563afb2badb96beb09eac726e5,30300ae3849b74417402ebea4f2d0b34c8295af994133e740878d4571fd8758e,eb562985f77fc8a152d2d22d15bfd3f4695b107bdaa4c375fc5dde2be0f10805,T1_BASELINE,C4_RESTRICTED,T4_SAMK,C1_PUBLIC,T1_BASELINE,"{""T2_DF_KS"": 3, ""T3_XMK_CKKS"": 4, ""T4_SAMK"": 5}",False,False,below_unified_session_requirement__benchmark_only_not_deployment,C1_PUBLIC,0,profile_benchmark,C4_RESTRICTED,T4_SAMK,1,declared_profile_benchmark_not_governance_selected,not_applicable,not_applicable_plain_update_path,,,,not_applicable,0,0,0,False,,{},True,,strict_experiment_side_plaintext_oracle_comparison__max_coordinate_and_rmse_numeric_acceptance_envelope__relative_l2_diagnostic_only__no_plaintext_fallback_after_protected_aggregation_failure,custom_reference_prototype_numeric_acceptance_envelope__max_abs_and_rmse_are_acceptance_gates__relative_l2_is_diagnostic_only__not_a_formal_he_security_or_precision_proof,True,False,PASSED_PLAIN_CONTROL_CHECK,0.0,0.0,0.0,0.005925101509125855,0.005925101509125855,,,,True,True,True,True,finite_and_max_abs_and_rmse,0.9988237772550121,0.7148936170212766,0.6131386861313869,0.8571428571428571,0.9281054043733419,0.724406671212077,0.979120967464082,0.7271660226774346,0.7271660226774346,0.8877551020408163,0.0017234102419808666,0.8877551020408163,0.0017234102419808666,56811,53,14,84,0.0009320483961733258,0.14285714285714285,0.8571428571428571,0.045483831450784315,0.045483831450784315,fpr,0.005,0.9991441550176655,0.7845303867403315,0.696078431372549,0.8987341772151899,0.9490263543802923,0.7905422865495717,0.9831658648026691,0.8243710441581961,0.8243710441581961,0.8987341772151899,0.0006814684546054077,0.8987341772151899,0.0006814684546054077,45459,31,8,71,0.0006814684546054077,0.10126582278481013,0.8987341772151899,0.045483831450784315,fpr,0.005,1.0,True,A1_TADP_admission_only,COMPARED,0.7271660226774346,0.7271660226774346,0.0,0.7148936170212766,0.7148936170212766,0.0,0.724406671212077,0.724406671212077,0.0,0.045483831450784315,0.045483831450784315,0.0,0.0,0.0,0.0,0.0,0.0,0.0,0.0,True,0.9982795547909132,0.9363933939998788,342.35996699999305,176.27958399907584,0.0,0.0,0.0,0.0,240,2880,240.0,2880,2880,5760,,not_modelled__session_or_evaluation_key_material_excluded_from_round_payload,actual_generated_protocol_object_bytes,plain_model_update_uplink_plus_plain_global_update_broadcast,sum_of_actual_generated_client_update_objects_before_auxiliary_decryption_share_or_downlink_traffic,False,0.0,0.0,0.0,measured_sum_of_client_protection_plus_server_protected_aggregation_plus_authorized_recovery_or_decryption_ms_per_round,local_training__validation_test_evaluation__transport_latency__serialization_framing_not_explicitly_in_crypto_functions,0.0,0.0,12,12,0,plaintext_update_no_noise,1.0,plain_exact,0,0,False,0,0,False,not_applicable,0,[],0,,True,0.0017204452090867595,0.0020311924643947404,3.9572916666666664,0,0,0,0,0,0,0,0,0,0,0,0,0,12,0,12,0,1,fixed_execution_host_runtime_payload_and_machine_specification__no_unmeasured_absolute_energy_or_carbon_claim,sequential_single_host_wall_clock_and_generated_protocol_object_bytes__machine_specification_recorded__transport_network_facility_energy_not_measured,runtime_payload_measured__energy_not_instrumented,not_reported_without_direct_hardware_energy_instrumentation,not_reported,False,,,,,,,not_reported,0,0.25,not_probed,0,,not_reported__no_valid_colab_network_or_device_energy_scope,,not_reported__no_direct_facility_or_grid_carbon_measurement,0.9363678069998969,Absolute energy and carbon are not reported because direct hardware energy instrumentation is disabled.,False,,,,CRYPTO_TIER
42,T1_Plain_TADP,1,comparative_protocol_experiment,comparative_experiment,main_comparative,Comparative federated-learning and protocol-enforcement experiment.,plain_or_protocol_control,custom_reference_python_prototype,True,2.3-phase1-fixed-threshold-critical-floor-review-profile,47dd2e58be138865a6d591a63329509757be6b563afb2badb96beb09eac726e5,f8309220f1f45e721e8a9f419a375e6f95d94048bf5ffb4f916c98e7b2c1dd07,eb562985f77fc8a152d2d22d15bfd3f4695b107bdaa4c375fc5dde2be0f10805,T1_BASELINE,C4_RESTRICTED,T4_SAMK,C1_PUBLIC,T1_BASELINE,"{""T2_DF_KS"": 3, ""T3_XMK_CKKS"": 4, ""T4_SAMK"": 5}",False,False,below_unified_session_requirement__benchmark_only_not_deployment,C1_PUBLIC,0,profile_benchmark,C4_RESTRICTED,T4_SAMK,1,declared_profile_benchmark_not_governance_selected,not_applicable,not_applicable_plain_update_path,,,,not_applicable,0,0,0,False,,{},True,,strict_experiment_side_plaintext_oracle_comparison__max_coordinate_and_rmse_numeric_acceptance_envelope__relative_l2_diagnostic_only__no_plaintext_fallback_after_protected_aggregation_failure,custom_reference_prototype_numeric_acceptance_envelope__max_abs_and_rmse_are_acceptance_gates__relative_l2_is_diagnostic_only__not_a_formal_he_security_or_precision_proof,True,False,PASSED_PLAIN_CONTROL_CHECK,0.0,0.0,0.0,0.305211282198572,0.305211282198572,,,,True,True,True,True,finite_and_max_abs_and_rmse,0.9983848881710614,0.6434108527131783,0.51875,0.8469387755102041,0.9227923337314667,0.6621357476370923,0.9568424267568593,0.705859821134776,0.705859821134776,0.8877551020408163,0.0026554586381541925,0.8877551020408163,0.0026554586381541925,56787,77,15,83,0.001354108047270681,0.15306122448979592,0.8469387755102041,0.003592593583890879,0.003592593583890879,fpr,0.005,0.9986833154117931,0.7029702970297029,0.5772357723577236,0.8987341772151899,0.9487955344198613,0.7196969279842026,0.9756360418620311,0.8178947349097238,0.8178947349097238,0.8987341772151899,0.0011431083754671356,0.8987341772151899,0.0011431083754671356,45438,52,8,71,0.0011431083754671356,0.10126582278481013,0.8987341772151899,0.003592593583890879,fpr,0.005,1.0,False,A1_TADP_admission_only,NOT_FINAL_ROUND,,,,,,,,,,,,,,,,,,,,False,0.9982795547909132,0.9424455280000075,345.5866889994468,182.97934200018062,0.0,0.0,0.0,0.0,240,2880,240.0,2880,2880,5760,,not_modelled__session_or_evaluation_key_material_excluded_from_round_payload,actual_generated_protocol_object_bytes,plain_model_update_uplink_plus_plain_global_update_broadcast,sum_of_actual_generated_client_update_objects_before_auxiliary_decryption_share_or_downlink_traffic,False,0.0,0.0,0.0,measured_sum_of_client_protection_plus_server_protected_aggregation_plus_authorized_recovery_or_decryption_ms_per_round,local_training__validation_test_evaluation__transport_latency__serialization_framing_not_explicitly_in_crypto_functions,0.0,0.0,12,12,0,plaintext_update_no_noise,1.0,plain_exact,0,0,False,0,0,False,not_applicable,0,[],0,,True,0.0017204452090867595,0.0020311924643947404,3.9572916666666664,0,0,0,0,0,0,0,0,0,0,0,0,0,12,0,12,0,1,fixed_execution_host_runtime_payload_and_machine_specification__no_unmeasured_absolute_energy_or_carbon_claim,sequential_single_host_wall_clock_and_generated_protocol_object_bytes__machine_specification_recorded__transport_network_facility_energy_not_measured,runtime_payload_measured__energy_not_instrumented,not_reported_without_direct_hardware_energy_instrumentation,not_reported,False,,,,,,,not_reported,0,0.25,not_probed,0,,not_reported__no_valid_colab_network_or_device_energy_scope,,not_reported__no_direct_facility_or_grid_carbon_measurement,0.9424093899997388,Absolute energy and carbon are not reported because direct hardware energy instrumentation is disabled.,False,,,,CRYPTO_TIER
42,T1_Plain_TADP,2,comparative_protocol_experiment,comparative_experiment,main_comparative,Comparative federated-learning and protocol-enforcement experiment.,plain_or_protocol_control,custom_reference_python_prototype,True,2.3-phase1-fixed-threshold-critical-floor-review-profile,47dd2e58be138865a6d591a63329509757be6b563afb2badb96beb09eac726e5,f8309220f1f45e721e8a9f419a375e6f95d94048bf5ffb4f916c98e7b2c1dd07,eb562985f77fc8a152d2d22d15bfd3f4695b107bdaa4c375fc5dde2be0f10805,T1_BASELINE,C4_RESTRICTED,T4_SAMK,C1_PUBLIC,T1_BASELINE,"{""T2_DF_KS"": 3, ""T3_XMK_CKKS"": 4, ""T4_SAMK"": 5}",False,False,below_unified_session_requirement__benchmark_only_not_deployment,C1_PUBLIC,0,profile_benchmark,C4_RESTRICTED,T4_SAMK,1,declared_profile_benchmark_not_governance_selected,not_applicable,not_applicable_plain_update_path,,,,not_applicable,0,0,0,False,,{},True,,strict_experiment_side_plaintext_oracle_comparison__max_coordinate_and_rmse_numeric_acceptance_envelope__relative_l2_diagnostic_only__no_plaintext_fallback_after_protected_aggregation_failure,custom_reference_prototype_numeric_acceptance_envelope__max_abs_and_rmse_are_acceptance_gates__relative_l2_is_diagnostic_only__not_a_formal_he_security_or_precision_proof,True,False,PASSED_PLAIN_CONTROL_CHECK,0.0,0.0,0.0,0.2786886298596973,0.2786886298596973,,,,True,True,True,True,finite_and_max_abs_and_rmse,0.9985253326779256,0.664,0.5460526315789473,0.8469387755102041,0.9228626770066497,0.6794021279793094,0.9651056082252822,0.7134650002999267,0.7134650002999267,0.8877551020408163,0.001653066966797974,0.8877551020408163,0.001653066966797974,56795,69,15,83,0.0012134214969048958,0.15306122448979592,0.8469387755102041,0.005565119705217248,0.005565119705217248,fpr,0.005,0.9989466523294345,0.7473684210526316,0.6396396396396397,0.8987341772151899,0.9489274315401075,0.7577239277086468,0.978490195369131,0.8193980182245614,0.8193980182245614,0.8987341772151899,0.0008793141349747197,0.8987341772151899,0.0008793141349747197,45450,40,8,71,0.0008793141349747197,0.10126582278481013,0.8987341772151899,0.005565119705217248,fpr,0.005,1.0,False,A1_TADP_admission_only,NOT_FINAL_ROUND,,,,,,,,,,,,,,,,,,,,False,0.9982795547909132,0.9466240469996592,322.95423699861203,183.82899199923486,0.0,0.0,0.0,0.0,240,2880,240.0,2880,2880,5760,,not_modelled__session_or_evaluation_key_material_excluded_from_round_payload,actual_generated_protocol_object_bytes,plain_model_update_uplink_plus_plain_global_update_broadcast,sum_of_actual_generated_client_update_objects_before_auxiliary_decryption_share_or_downlink_traffic,False,0.0,0.0,0.0,measured_sum_of_client_protection_plus_server_protected_aggregation_plus_authorized_recovery_or_decryption_ms_per_round,local_training__validation_test_evaluation__transport_latency__serialization_framing_not_explicitly_in_crypto_functions,0.0,0.0,12,12,0,plaintext_update_no_noise,1.0,plain_exact,0,0,False,0,0,False,not_applicable,0,[],0,,True,0.0017204452090867595,0.0020311924643947404,3.9572916666666664,0,0,0,0,0,0,0,0,0,0,0,0,0,12,0,12,0,1,fixed_execution_host_runtime_payload_and_machine_specification__no_unmeasured_absolute_energy_or_carbon_claim,sequential_single_host_wall_clock_and_generated_protocol_object_bytes__machine_specification_recorded__transport_network_facility_energy_not_measured,runtime_payload_measured__energy_not_instrumented,not_reported_without_direct_hardware_energy_instrumentation,not_reported,False,,,,,,,not_reported,0,0.25,not_probed,0,,not_reported__no_valid_colab_network_or_device_energy_scope,,not_reported__no_direct_facility_or_grid_carbon_measurement,0.9465913690000889,Absolute energy and carbon are not reported because direct hardware energy instrumentation is disabled.,False,,,,CRYPTO_TIER
42,T1_Plain_TADP,3,comparative_protocol_experiment,comparative_experiment,main_comparative,Comparative federated-learning and protocol-enforcement experiment.,plain_or_protocol_control,custom_reference_python_prototype,True,2.3-phase1-fixed-threshold-critical-floor-review-profile,47dd2e58be138865a6d591a63329509757be6b563afb2badb96beb09eac726e5,f8309220f1f45e721e8a9f419a375e6f95d94048bf5ffb4f916c98e7b2c1dd07,eb562985f77fc8a152d2d22d15bfd3f4695b107bdaa4c375fc5dde2be0f10805,T1_BASELINE,C4_RESTRICTED,T4_SAMK,C1_PUBLIC,T1_BASELINE,"{""T2_DF_KS"": 3, ""T3_XMK_CKKS"": 4, ""T4_SAMK"": 5}",False,False,below_unified_session_requirement__benchmark_only_not_deployment,C1_PUBLIC,0,profile_benchmark,C4_RESTRICTED,T4_SAMK,1,declared_profile_benchmark_not_governance_selected,not_applicable,not_applicable_plain_update_path,,,,not_applicable,0,0,0,False,,{},True,,strict_experiment_side_plaintext_oracle_comparison__max_coordinate_and_rmse_numeric_acceptance_envelope__relative_l2_diagnostic_only__no_plaintext_fallback_after_protected_aggregation_failure,custom_reference_prototype_numeric_acceptance_envelope__max_abs_and_rmse_are_acceptance_gates__relative_l2_is_diagnostic_only__not_a_formal_he_security_or_precision_proof,True,False,PASSED_PLAIN_CONTROL_CHECK,0.0,0.0,0.0,0.24088537882794334,0.24088537882794334,,,,True,True,True,True,finite_and_max_abs_and_rmse,0.9985604438046417,0.672,0.5526315789473685,0.8571428571428571,0.9279735107323739,0.6876135675265054,0.9707456315390535,0.716787561049822,0.716787561049822,0.8877551020408163,0.0015475520540236354,0.8877551020408163,0.0015475520540236354,56796,68,14,84,0.0011958356781091727,0.14285714285714285,0.8571428571428571,0.008253400166761515,0.008253400166761515,fpr,0.005,0.998990541815708,0.7553191489361702,0.6513761467889908,0.8987341772151899,0.948949414393482,0.764664546104422,0.9797418266916362,0.8206398964595648,0.8206398964595648,0.8987341772151899,0.0008353484282259837,0.8987341772151899,0.0008353484282259837,45452,38,8,71,0.0008353484282259837,0.10126582278481013,0.8987341772151899,0.008253400166761515,fpr,0.005,1.0,False,A1_TADP_admission_only,NOT_FINAL_ROUND,,,,,,,,,,,,,,,,,,,,False,0.9982795547909132,0.9385654460002115,317.02940200011653,182.04132700020637,0.0,0.0,0.0,0.0,240,2880,240.0,2880,2880,5760,,not_modelled__session_or_evaluation_key_material_excluded_from_round_payload,actual_generated_protocol_object_bytes,plain_model_update_uplink_plus_plain_global_update_broadcast,sum_of_actual_generated_client_update_objects_before_auxiliary_decryption_share_or_downlink_traffic,False,0.0,0.0,0.0,measured_sum_of_client_protection_plus_server_protected_aggregation_plus_authorized_recovery_or_decryption_ms_per_round,local_training__validation_test_evaluation__transport_latency__serialization_framing_not_explicitly_in_crypto_functions,0.0,0.0,12,12,0,plaintext_update_no_noise,1.0,plain_exact,0,0,False,0,0,False,not_applicable,0,[],0,,True,0.0017204452090867595,0.0020311924643947404,3.9572916666666664,0,0,0,0,0,0,0,0,0,0,0,0,0,12,0,12,0,1,fixed_execution_host_runtime_payload_and_machine_specification__no_unmeasured_absolute_energy_or_carbon_claim,sequential_single_host_wall_clock_and_generated_protocol_object_bytes__machine_specification_recorded__transport_network_facility_energy_not_measured,runtime_payload_measured__energy_not_instrumented,not_reported_without_direct_hardware_energy_instrumentation,not_reported,False,,,,,,,not_reported,0,0.25,not_probed,0,,not_reported__no_valid_colab_network_or_device_energy_scope,,not_reported__no_direct_facility_or_grid_carbon_measurement,0.9385380010003246,Absolute energy and carbon are not reported because direct hardware energy instrumentation is disabled.,False,,,,CRYPTO_TIER
42,T1_Plain_TADP,4,comparative_protocol_experiment,comparative_experiment,main_comparative,Comparative federated-learning and protocol-enforcement experiment.,plain_or_protocol_control,custom_reference_python_prototype,True,2.3-phase1-fixed-threshold-critical-floor-review-profile,47dd2e58be138865a6d591a63329509757be6b563afb2badb96beb09eac726e5,f8309220f1f45e721e8a9f419a375e6f95d94048bf5ffb4f916c98e7b2c1dd07,eb562985f77fc8a152d2d22d15bfd3f4695b107bdaa4c375fc5dde2be0f10805,T1_BASELINE,C4_RESTRICTED,T4_SAMK,C1_PUBLIC,T1_BASELINE,"{""T2_DF_KS"": 3, ""T3_XMK_CKKS"": 4, ""T4_SAMK"": 5}",False,False,below_unified_session_requirement__benchmark_only_not_deployment,C1_PUBLIC,0,profile_benchmark,C4_RESTRICTED,T4_SAMK,1,declared_profile_benchmark_not_governance_selected,not_applicable,not_applicable_plain_update_path,,,,not_applicable,0,0,0,False,,{},True,,strict_experiment_side_plaintext_oracle_comparison__max_coordinate_and_rmse_numeric_acceptance_envelope__relative_l2_diagnostic_only__no_plaintext_fallback_after_protected_aggregation_failure,custom_reference_prototype_numeric_acceptance_envelope__max_abs_and_rmse_are_acceptance_gates__relative_l2_is_diagnostic_only__not_a_formal_he_security_or_precision_proof,True,False,PASSED_PLAIN_CONTROL_CHECK,0.0,0.0,0.0,0.19876246767207711,0.19876246767207711,,,,True,True,True,True,finite_and_max_abs_and_rmse,0.9986131104947158,0.680161943319838,0.5637583892617449,0.8571428571428571,0.9279998894605676,0.6945258231267972,0.9741989121197155,0.7186417027519569,0.7186417027519569,0.8877551020408163,0.0015651378728193585,0.8877551020408163,0.0015651378728193585,56799,65,14,84,0.0011430782217220035,0.14285714285714285,0.8571428571428571,0.011707225493296452,0.011707225493296452,fpr,0.005,0.998990541815708,0.7553191489361702,0.6513761467889908,0.8987341772151899,0.948949414393482,0.764664546104422,0.9804589129339875,0.8210836565964529,0.8210836565964529,0.8987341772151899,0.0008353484282259837,0.8987341772151899,0.0008353484282259837,45452,38,8,71,0.0008353484282259837,0.10126582278481013,0.8987341772151899,0.011707225493296452,fpr,0.005,1.0,False,A1_TADP_admission_only,NOT_FINAL_ROUND,,,,,,,,,,,,,,,,,,,,False,0.9982795547909132,1.2650749949998499,524.3827529993723,222.4701220006864,0.0,0.0,0.0,0.0,240,2880,240.0,2880,2880,5760,,not_modelled__session_or_evaluation_key_material_excluded_from_round_payload,actual_generated_protocol_object_bytes,plain_model_update_uplink_plus_plain_global_update_broadcast,sum_of_actual_generated_client_update_objects_before_auxiliary_decryption_share_or_downlink_traffic,False,0.0,0.0,0.0,measured_sum_of_client_protection_plus_server_protected_aggregation_plus_authorized_recovery_or_decryption_ms_per_round,local_training__validation_test_evaluation__transport_latency__serialization_framing_not_explicitly_in_crypto_functions,0.0,0.0,12,12,0,plaintext_update_no_noise,1.0,plain_exact,0,0,False,0,0,False,not_applicable,0,[],0,,True,0.0017204452090867595,0.0020311924643947404,3.9572916666666664,0,0,0,0,0,0,0,0,0,0,0,0,0,12,0,12,0,1,fixed_execution_host_runtime_payload_and_machine_specification__no_unmeasured_absolute_energy_or_carbon_claim,sequential_single_host_wall_clock_and_generated_protocol_object_bytes__machine_specification_recorded__transport_network_facility_energy_not_measured,runtime_payload_measured__energy_not_instrumented,not_reported_without_direct_hardware_energy_instrumentation,not_reported,False,,,,,,,not_reported,0,0.25,not_probed,0,,not_reported__no_valid_colab_network_or_device_energy_scope,,not_reported__no_direct_facility_or_grid_carbon_measurement,1.2650439879998885,Absolute energy and carbon are not reported because direct hardware energy instrumentation is disabled.,False,,,,CRYPTO_TIER
42,T1_Plain_TADP,5,comparative_protocol_experiment,comparative_experiment,main_comparative,Comparative federated-learning and protocol-enforcement experiment.,plain_or_protocol_control,custom_reference_python_prototype,True,2.3-phase1-fixed-threshold-critical-floor-review-profile,47dd2e58be138865a6d591a63329509757be6b563afb2badb96beb09eac726e5,f8309220f1f45e721e8a9f419a375e6f95d94048bf5ffb4f916c98e7b2c1dd07,eb562985f77fc8a152d2d22d15bfd3f4695b107bdaa4c375fc5dde2be0f10805,T1_BASELINE,C4_RESTRICTED,T4_SAMK,C1_PUBLIC,T1_BASELINE,"{""T2_DF_KS"": 3, ""T3_XMK_CKKS"": 4, ""T4_SAMK"": 5}",False,False,below_unified_session_requirement__benchmark_only_not_deployment,C1_PUBLIC,0,profile_benchmark,C4_RESTRICTED,T4_SAMK,1,declared_profile_benchmark_not_governance_selected,not_applicable,not_applicable_plain_update_path,,,,not_applicable,0,0,0,False,,{},True,,strict_experiment_side_plaintext_oracle_comparison__max_coordinate_and_rmse_numeric_acceptance_envelope__relative_l2_diagnostic_only__no_plaintext_fallback_after_protected_aggregation_failure,custom_reference_prototype_numeric_acceptance_envelope__max_abs_and_rmse_are_acceptance_gates__relative_l2_is_diagnostic_only__not_a_formal_he_security_or_precision_proof,True,False,PASSED_PLAIN_CONTROL_CHECK,0.0,0.0,0.0,0.16178701262023332,0.16178701262023332,,,,True,True,True,True,finite_and_max_abs_and_rmse,0.9986131104947158,0.680161943319838,0.5637583892617449,0.8571428571428571,0.9279998894605676,0.6945258231267972,0.9757199059984152,0.7198286876242923,0.7198286876242923,0.8877551020408163,0.001653066966797974,0.8877551020408163,0.001653066966797974,56799,65,14,84,0.0011430782217220035,0.14285714285714285,0.8571428571428571,0.01587625583668201,0.01587625583668201,fpr,0.005,0.9990124865588448,0.7593582887700535,0.6574074074074074,0.8987341772151899,0.9489604058201692,0.7682068609511581,0.9806456280556862,0.821511920502571,0.821511920502571,0.8987341772151899,0.0008133655748516158,0.8987341772151899,0.0008133655748516158,45453,37,8,71,0.0008133655748516158,0.10126582278481013,0.8987341772151899,0.01587625583668201,fpr,0.005,1.0,False,A1_TADP_admission_only,NOT_FINAL_ROUND,,,,,,,,,,,,,,,,,,,,False,0.9982795547909132,1.260079094000048,534.8517550000906,228.2354260005377,0.0,0.0,0.0,0.0,240,2880,240.0,2880,2880,5760,,not_modelled__session_or_evaluation_key_material_excluded_from_round_payload,actual_generated_protocol_object_bytes,plain_model_update_uplink_plus_plain_global_update_broadcast,sum_of_actual_generated_client_update_objects_before_auxiliary_decryption_share_or_downlink_traffic,False,0.0,0.0,0.0,measured_sum_of_client_protection_plus_server_protected_aggregation_plus_authorized_recovery_or_decryption_ms_per_round,local_training__validation_test_evaluation__transport_latency__serialization_framing_not_explicitly_in_crypto_functions,0.0,0.0,12,12,0,plaintext_update_no_noise,1.0,plain_exact,0,0,False,0,0,False,not_applicable,0,[],0,,True,0.0017204452090867595,0.0020311924643947404,3.9572916666666664,0,0,0,0,0,0,0,0,0,0,0,0,0,12,0,12,0,1,fixed_execution_host_runtime_payload_and_machine_specification__no_unmeasured_absolute_energy_or_carbon_claim,sequential_single_host_wall_clock_and_generated_protocol_object_bytes__machine_specification_recorded__transport_network_facility_energy_not_measured,runtime_payload_measured__energy_not_instrumented,not_reported_without_direct_hardware_energy_instrumentation,not_reported,False,,,,,,,not_reported,0,0.25,not_probed,0,,not_reported__no_valid_colab_network_or_device_energy_scope,,not_reported__no_direct_facility_or_grid_carbon_measurement,1.2600445859998217,Absolute energy and carbon are not reported because direct hardware energy instrumentation is disabled.,False,,,,CRYPTO_TIER
42,T1_Plain_TADP,6,comparative_protocol_experiment,comparative_experiment,main_comparative,Comparative federated-learning and protocol-enforcement experiment.,plain_or_protocol_control,custom_reference_python_prototype,True,2.3-phase1-fixed-threshold-critical-floor-review-profile,47dd2e58be138865a6d591a63329509757be6b563afb2badb96beb09eac726e5,f8309220f1f45e721e8a9f419a375e6f95d94048bf5ffb4f916c98e7b2c1dd07,eb562985f77fc8a152d2d22d15bfd3f4695b107bdaa4c375fc5dde2be0f10805,T1_BASELINE,C4_RESTRICTED,T4_SAMK,C1_PUBLIC,T1_BASELINE,"{""T2_DF_KS"": 3, ""T3_XMK_CKKS"": 4, ""T4_SAMK"": 5}",False,False,below_unified_session_requirement__benchmark_only_not_deployment,C1_PUBLIC,0,profile_benchmark,C4_RESTRICTED,T4_SAMK,1,declared_profile_benchmark_not_governance_selected,not_applicable,not_applicable_plain_update_path,,,,not_applicable,0,0,0,False,,{},True,,strict_experiment_side_plaintext_oracle_comparison__max_coordinate_and_rmse_numeric_acceptance_envelope__relative_l2_diagnostic_only__no_plaintext_fallback_after_protected_aggregation_failure,custom_reference_prototype_numeric_acceptance_envelope__max_abs_and_rmse_are_acceptance_gates__relative_l2_is_diagnostic_only__not_a_formal_he_security_or_precision_proof,True,False,PASSED_PLAIN_CONTROL_CHECK,0.0,0.0,0.0,0.12323695262728128,0.12323695262728128,,,,True,True,True,True,finite_and_max_abs_and_rmse,0.9986482216214319,0.6857142857142857,0.5714285714285714,0.8571428571428571,0.9280174752793633,0.6992509492780894,0.9766218072766529,0.7212273152155363,0.7212273152155363,0.8877551020408163,0.0016882386043894203,0.8877551020408163,0.0016882386043894203,56801,63,14,84,0.0011079065841305572,0.14285714285714285,0.8571428571428571,0.02029315466838227,0.02029315466838227,fpr,0.005,0.9990563760451184,0.7675675675675676,0.6698113207547169,0.8987341772151899,0.9489823886735436,0.7754411396718406,0.9808303953296176,0.8220662054653864,0.8220662054653864,0.8987341772151899,0.0007693998681028798,0.8987341772151899,0.0007693998681028798,45455,35,8,71,0.0007693998681028798,0.10126582278481013,0.8987341772151899,0.02029315466838227,fpr,0.005,1.0,False,A1_TADP_admission_only,NOT_FINAL_ROUND,,,,,,,,,,,,,,,,,,,,False,0.9982795547909132,1.2371225430001687,519.5883490000597,235.410268999658,0.0,0.0,0.0,0.0,240,2880,240.0,2880,2880,5760,,not_modelled__session_or_evaluation_key_material_excluded_from_round_payload,actual_generated_protocol_object_bytes,plain_model_update_uplink_plus_plain_global_update_broadcast,sum_of_actual_generated_client_update_objects_before_auxiliary_decryption_share_or_downlink_traffic,False,0.0,0.0,0.0,measured_sum_of_client_protection_plus_server_protected_aggregation_plus_authorized_recovery_or_decryption_ms_per_round,local_training__validation_test_evaluation__transport_latency__serialization_framing_not_explicitly_in_crypto_functions,0.0,0.0,12,12,0,plaintext_update_no_noise,1.0,plain_exact,0,0,False,0,0,False,not_applicable,0,[],0,,True,0.0017204452090867595,0.0020311924643947404,3.9572916666666664,0,0,0,0,0,0,0,0,0,0,0,0,0,12,0,12,0,1,fixed_execution_host_runtime_payload_and_machine_specification__no_unmeasured_absolute_energy_or_carbon_claim,sequential_single_host_wall_clock_and_generated_protocol_object_bytes__machine_specification_recorded__transport_network_facility_energy_not_measured,runtime_payload_measured__energy_not_instrumented,not_reported_without_direct_hardware_energy_instrumentation,not_reported,False,,,,,,,not_reported,0,0.25,not_probed,0,,not_reported__no_valid_colab_network_or_device_energy_scope,,not_reported__no_direct_facility_or_grid_carbon_measurement,1.2370877170001222,Absolute energy and carbon are not reported because direct hardware energy instrumentation is disabled.,False,,,,CRYPTO_TIER
42,T1_Plain_TADP,7,comparative_protocol_experiment,comparative_experiment,main_comparative,Comparative federated-learning and protocol-enforcement experiment.,plain_or_protocol_control,custom_reference_python_prototype,True,2.3-phase1-fixed-threshold-critical-floor-review-profile,47dd2e58be138865a6d591a63329509757be6b563afb2badb96beb09eac726e5,f8309220f1f45e721e8a9f419a375e6f95d94048bf5ffb4f916c98e7b2c1dd07,eb562985f77fc8a152d2d22d15bfd3f4695b107bdaa4c375fc5dde2be0f10805,T1_BASELINE,C4_RESTRICTED,T4_SAMK,C1_PUBLIC,T1_BASELINE,"{""T2_DF_KS"": 3, ""T3_XMK_CKKS"": 4, ""T4_SAMK"": 5}",False,False,below_unified_session_requirement__benchmark_only_not_deployment,C1_PUBLIC,0,profile_benchmark,C4_RESTRICTED,T4_SAMK,1,declared_profile_benchmark_not_governance_selected,not_applicable,not_applicable_plain_update_path,,,,not_applicable,0,0,0,False,,{},True,,strict_experiment_side_plaintext_oracle_comparison__max_coordinate_and_rmse_numeric_acceptance_envelope__relative_l2_diagnostic_only__no_plaintext_fallback_after_protected_aggregation_failure,custom_reference_prototype_numeric_acceptance_envelope__max_abs_and_rmse_are_acceptance_gates__relative_l2_is_diagnostic_only__not_a_formal_he_security_or_precision_proof,True,False,PASSED_PLAIN_CONTROL_CHECK,0.0,0.0,0.0,0.09560897663801607,0.09560897663801607,,,,True,True,True,True,finite_and_max_abs_and_rmse,0.9987008883115059,0.6942148760330579,0.5833333333333334,0.8571428571428571,0.9280438540075568,0.7065221551061825,0.9771841945838549,0.7230862646146716,0.7230862646146716,0.8877551020408163,0.0017409960607765898,0.8877551020408163,0.0017409960607765898,56804,60,14,84,0.0010551491277433877,0.14285714285714285,0.8571428571428571,0.024834902537666216,0.024834902537666216,fpr,0.005,0.9990783207882552,0.7717391304347826,0.6761904761904762,0.8987341772151899,0.9489933801002307,0.7791354710123013,0.9810694240770681,0.8226210309455392,0.8226210309455392,0.8987341772151899,0.0007474170147285117,0.8987341772151899,0.0007474170147285117,45456,34,8,71,0.0007474170147285117,0.10126582278481013,0.8987341772151899,0.024834902537666216,fpr,0.005,1.0,False,A1_TADP_admission_only,NOT_FINAL_ROUND,,,,,,,,,,,,,,,,,,,,False,0.9982795547909132,0.9460036810000929,325.92691699983334,190.63903500136803,0.0,0.0,0.0,0.0,240,2880,240.0,2880,2880,5760,,not_modelled__session_or_evaluation_key_material_excluded_from_round_payload,actual_generated_protocol_object_bytes,plain_model_update_uplink_plus_plain_global_update_broadcast,sum_of_actual_generated_client_update_objects_before_auxiliary_decryption_share_or_downlink_traffic,False,0.0,0.0,0.0,measured_sum_of_client_protection_plus_server_protected_aggregation_plus_authorized_recovery_or_decryption_ms_per_round,local_training__validation_test_evaluation__transport_latency__serialization_framing_not_explicitly_in_crypto_functions,0.0,0.0,12,12,0,plaintext_update_no_noise,1.0,plain_exact,0,0,False,0,0,False,not_applicable,0,[],0,,True,0.0017204452090867595,0.0020311924643947404,3.9572916666666664,0,0,0,0,0,0,0,0,0,0,0,0,0,12,0,12,0,1,fixed_execution_host_runtime_payload_and_machine_specification__no_unmeasured_absolute_energy_or_carbon_claim,sequential_single_host_wall_clock_and_generated_protocol_object_bytes__machine_specification_recorded__transport_network_facility_energy_not_measured,runtime_payload_measured__energy_not_instrumented,not_reported_without_direct_hardware_energy_instrumentation,not_reported,False,,,,,,,not_reported,0,0.25,not_probed,0,,not_reported__no_valid_colab_network_or_device_energy_scope,,not_reported__no_direct_facility_or_grid_carbon_measurement,0.9459751049998886,Absolute energy and carbon are not reported because direct hardware energy instrumentation is disabled.,False,,,,CRYPTO_TIER
42,T1_Plain_TADP,8,comparative_protocol_experiment,comparative_experiment,main_comparative,Comparative federated-learning and protocol-enforcement experiment.,plain_or_protocol_control,custom_reference_python_prototype,True,2.3-phase1-fixed-threshold-critical-floor-review-profile,47dd2e58be138865a6d591a63329509757be6b563afb2badb96beb09eac726e5,f8309220f1f45e721e8a9f419a375e6f95d94048bf5ffb4f916c98e7b2c1dd07,eb562985f77fc8a152d2d22d15bfd3f4695b107bdaa4c375fc5dde2be0f10805,T1_BASELINE,C4_RESTRICTED,T4_SAMK,C1_PUBLIC,T1_BASELINE,"{""T2_DF_KS"": 3, ""T3_XMK_CKKS"": 4, ""T4_SAMK"": 5}",False,False,below_unified_session_requirement__benchmark_only_not_deployment,C1_PUBLIC,0,profile_benchmark,C4_RESTRICTED,T4_SAMK,1,declared_profile_benchmark_not_governance_selected,not_applicable,not_applicable_plain_update_path,,,,not_applicable,0,0,0,False,,{},True,,strict_experiment_side_plaintext_oracle_comparison__max_coordinate_and_rmse_numeric_acceptance_envelope__relative_l2_diagnostic_only__no_plaintext_fallback_after_protected_aggregation_failure,custom_reference_prototype_numeric_acceptance_envelope__max_abs_and_rmse_are_acceptance_gates__relative_l2_is_diagnostic_only__not_a_formal_he_security_or_precision_proof,True,False,PASSED_PLAIN_CONTROL_CHECK,0.0,0.0,0.0,0.06946069486616797,0.06946069486616797,,,,True,True,True,True,finite_and_max_abs_and_rmse,0.998735999438222,0.7,0.5915492957746479,0.8571428571428571,0.9280614398263526,0.7114969744332836,0.9775176073524514,0.7234372201910203,0.7234372201910203,0.8877551020408163,0.0017937535171637592,0.8877551020408163,0.0017937535171637592,56806,58,14,84,0.0010199774901519414,0.14285714285714285,0.8571428571428571,0.029010301959833333,0.029010301959833333,fpr,0.005,0.9990783207882552,0.7717391304347826,0.6761904761904762,0.8987341772151899,0.9489933801002307,0.7791354710123013,0.9812447303761294,0.8226274242550228,0.8226274242550228,0.8987341772151899,0.0007474170147285117,0.8987341772151899,0.0007474170147285117,45456,34,8,71,0.0007474170147285117,0.10126582278481013,0.8987341772151899,0.029010301959833333,fpr,0.005,1.0,False,A1_TADP_admission_only,NOT_FINAL_ROUND,,,,,,,,,,,,,,,,,,,,False,0.9982795547909132,0.9237072000000808,319.69235199949253,179.86768400032815,0.0,0.0,0.0,0.0,240,2880,240.0,2880,2880,5760,,not_modelled__session_or_evaluation_key_material_excluded_from_round_payload,actual_generated_protocol_object_bytes,plain_model_update_uplink_plus_plain_global_update_broadcast,sum_of_actual_generated_client_update_objects_before_auxiliary_decryption_share_or_downlink_traffic,False,0.0,0.0,0.0,measured_sum_of_client_protection_plus_server_protected_aggregation_plus_authorized_recovery_or_decryption_ms_per_round,local_training__validation_test_evaluation__transport_latency__serialization_framing_not_explicitly_in_crypto_functions,0.0,0.0,12,12,0,plaintext_update_no_noise,1.0,plain_exact,0,0,False,0,0,False,not_applicable,0,[],0,,True,0.0017204452090867595,0.0020311924643947404,3.9572916666666664,0,0,0,0,0,0,0,0,0,0,0,0,0,12,0,12,0,1,fixed_execution_host_runtime_payload_and_machine_specification__no_unmeasured_absolute_energy_or_carbon_claim,sequential_single_host_wall_clock_and_generated_protocol_object_bytes__machine_specification_recorded__transport_network_facility_energy_not_measured,runtime_payload_measured__energy_not_instrumented,not_reported_without_direct_hardware_energy_instrumentation,not_reported,False,,,,,,,not_reported,0,0.25,not_probed,0,,not_reported__no_valid_colab_network_or_device_energy_scope,,not_reported__no_direct_facility_or_grid_carbon_measurement,0.9236809799999719,Absolute energy and carbon are not reported because direct hardware energy instrumentation is disabled.,False,,,,CRYPTO_TIER
42,T1_Plain_TADP,9,comparative_protocol_experiment,comparative_experiment,main_comparative,Comparative federated-learning and protocol-enforcement experiment.,plain_or_protocol_control,custom_reference_python_prototype,True,2.3-phase1-fixed-threshold-critical-floor-review-profile,47dd2e58be138865a6d591a63329509757be6b563afb2badb96beb09eac726e5,f8309220f1f45e721e8a9f419a375e6f95d94048bf5ffb4f916c98e7b2c1dd07,eb562985f77fc8a152d2d22d15bfd3f4695b107bdaa4c375fc5dde2be0f10805,T1_BASELINE,C4_RESTRICTED,T4_SAMK,C1_PUBLIC,T1_BASELINE,"{""T2_DF_KS"": 3, ""T3_XMK_CKKS"": 4, ""T4_SAMK"": 5}",False,False,below_unified_session_requirement__benchmark_only_not_deployment,C1_PUBLIC,0,profile_benchmark,C4_RESTRICTED,T4_SAMK,1,declared_profile_benchmark_not_governance_selected,not_applicable,not_applicable_plain_update_path,,,,not_applicable,0,0,0,False,,{},True,,strict_experiment_side_plaintext_oracle_comparison__max_coordinate_and_rmse_numeric_acceptance_envelope__relative_l2_diagnostic_only__no_plaintext_fallback_after_protected_aggregation_failure,custom_reference_prototype_numeric_acceptance_envelope__max_abs_and_rmse_are_acceptance_gates__relative_l2_is_diagnostic_only__not_a_formal_he_security_or_precision_proof,True,False,PASSED_PLAIN_CONTROL_CHECK,0.0,0.0,0.0,0.053607183637738164,0.053607183637738164,,,,True,True,True,True,finite_and_max_abs_and_rmse,0.99875355500158,0.702928870292887,0.5957446808510638,0.8571428571428571,0.9280702327357504,0.7140239392471787,0.9777813946343872,0.7239865334798872,0.7239865334798872,0.8877551020408163,0.0018113393359594824,0.8877551020408163,0.0018113393359594824,56807,57,14,84,0.0010023916713562183,0.14285714285714285,0.8571428571428571,0.03282765407471384,0.03282765407471384,fpr,0.005,0.9991441550176655,0.7845303867403315,0.696078431372549,0.8987341772151899,0.9490263543802923,0.7905422865495717,0.9814256019545261,0.8228852739259092,0.8228852739259092,0.8987341772151899,0.0006814684546054077,0.8987341772151899,0.0006814684546054077,45459,31,8,71,0.0006814684546054077,0.10126582278481013,0.8987341772151899,0.03282765407471384,fpr,0.005,1.0,False,A1_TADP_admission_only,NOT_FINAL_ROUND,,,,,,,,,,,,,,,,,,,,False,0.9982795547909132,0.9270727920002173,321.593885000766,185.12599099949512,0.0,0.0,0.0,0.0,240,2880,240.0,2880,2880,5760,,not_modelled__session_or_evaluation_key_material_excluded_from_round_payload,actual_generated_protocol_object_bytes,plain_model_update_uplink_plus_plain_global_update_broadcast,sum_of_actual_generated_client_update_objects_before_auxiliary_decryption_share_or_downlink_traffic,False,0.0,0.0,0.0,measured_sum_of_client_protection_plus_server_protected_aggregation_plus_authorized_recovery_or_decryption_ms_per_round,local_training__validation_test_evaluation__transport_latency__serialization_framing_not_explicitly_in_crypto_functions,0.0,0.0,12,12,0,plaintext_update_no_noise,1.0,plain_exact,0,0,False,0,0,False,not_applicable,0,[],0,,True,0.0017204452090867595,0.0020311924643947404,3.9572916666666664,0,0,0,0,0,0,0,0,0,0,0,0,0,12,0,12,0,1,fixed_execution_host_runtime_payload_and_machine_specification__no_unmeasured_absolute_energy_or_carbon_claim,sequential_single_host_wall_clock_and_generated_protocol_object_bytes__machine_specification_recorded__transport_network_facility_energy_not_measured,runtime_payload_measured__energy_not_instrumented,not_reported_without_direct_hardware_energy_instrumentation,not_reported,False,,,,,,,not_reported,0,0.25,not_probed,0,,not_reported__no_valid_colab_network_or_device_energy_scope,,not_reported__no_direct_facility_or_grid_carbon_measurement,0.9270464470000661,Absolute energy and carbon are not reported because direct hardware energy instrumentation is disabled.,False,,,,CRYPTO_TIER
42,T1_Plain_TADP,10,comparative_protocol_experiment,comparative_experiment,main_comparative,Comparative federated-learning and protocol-enforcement experiment.,plain_or_protocol_control,custom_reference_python_prototype,True,2.3-phase1-fixed-threshold-critical-floor-review-profile,47dd2e58be138865a6d591a63329509757be6b563afb2badb96beb09eac726e5,f8309220f1f45e721e8a9f419a375e6f95d94048bf5ffb4f916c98e7b2c1dd07,eb562985f77fc8a152d2d22d15bfd3f4695b107bdaa4c375fc5dde2be0f10805,T1_BASELINE,C4_RESTRICTED,T4_SAMK,C1_PUBLIC,T1_BASELINE,"{""T2_DF_KS"": 3, ""T3_XMK_CKKS"": 4, ""T4_SAMK"": 5}",False,False,below_unified_session_requirement__benchmark_only_not_deployment,C1_PUBLIC,0,profile_benchmark,C4_RESTRICTED,T4_SAMK,1,declared_profile_benchmark_not_governance_selected,not_applicable,not_applicable_plain_update_path,,,,not_applicable,0,0,0,False,,{},True,,strict_experiment_side_plaintext_oracle_comparison__max_coordinate_and_rmse_numeric_acceptance_envelope__relative_l2_diagnostic_only__no_plaintext_fallback_after_protected_aggregation_failure,custom_reference_prototype_numeric_acceptance_envelope__max_abs_and_rmse_are_acceptance_gates__relative_l2_is_diagnostic_only__not_a_formal_he_security_or_precision_proof,True,False,PASSED_PLAIN_CONTROL_CHECK,0.0,0.0,0.0,0.03893479587595562,0.03893479587595562,,,,True,True,True,True,finite_and_max_abs_and_rmse,0.9987711105649381,0.7058823529411765,0.6,0.8571428571428571,0.9280790256451483,0.7165779005842429,0.9779448709703352,0.7240556436135616,0.7240556436135616,0.8877551020408163,0.0018289251547552053,0.8877551020408163,0.0018289251547552053,56808,56,14,84,0.0009848058525604951,0.14285714285714285,0.8571428571428571,0.035995866403583654,0.035995866403583654,fpr,0.005,0.9991441550176655,0.7845303867403315,0.696078431372549,0.8987341772151899,0.9490263543802923,0.7905422865495717,0.9815797601921135,0.8228882937394574,0.8228882937394574,0.8987341772151899,0.0006814684546054077,0.8987341772151899,0.0006814684546054077,45459,31,8,71,0.0006814684546054077,0.10126582278481013,0.8987341772151899,0.035995866403583654,fpr,0.005,1.0,False,A1_TADP_admission_only,NOT_FINAL_ROUND,,,,,,,,,,,,,,,,,,,,False,0.9982795547909132,0.9323094219998893,335.21319999908883,180.94141200072045,0.0,0.0,0.0,0.0,240,2880,240.0,2880,2880,5760,,not_modelled__session_or_evaluation_key_material_excluded_from_round_payload,actual_generated_protocol_object_bytes,plain_model_update_uplink_plus_plain_global_update_broadcast,sum_of_actual_generated_client_update_objects_before_auxiliary_decryption_share_or_downlink_traffic,False,0.0,0.0,0.0,measured_sum_of_client_protection_plus_server_protected_aggregation_plus_authorized_recovery_or_decryption_ms_per_round,local_training__validation_test_evaluation__transport_latency__serialization_framing_not_explicitly_in_crypto_functions,0.0,0.0,12,12,0,plaintext_update_no_noise,1.0,plain_exact,0,0,False,0,0,False,not_applicable,0,[],0,,True,0.0017204452090867595,0.0020311924643947404,3.9572916666666664,0,0,0,0,0,0,0,0,0,0,0,0,0,12,0,12,0,1,fixed_execution_host_runtime_payload_and_machine_specification__no_unmeasured_absolute_energy_or_carbon_claim,sequential_single_host_wall_clock_and_generated_protocol_object_bytes__machine_specification_recorded__transport_network_facility_energy_not_measured,runtime_payload_measured__energy_not_instrumented,not_reported_without_direct_hardware_energy_instrumentation,not_reported,False,,,,,,,not_reported,0,0.25,not_probed,0,,not_reported__no_valid_colab_network_or_device_energy_scope,,not_reported__no_direct_facility_or_grid_carbon_measurement,0.9322810389999177,Absolute energy and carbon are not reported because direct hardware energy instrumentation is disabled.,False,,,,CRYPTO_TIER
42,T1_Plain_TADP,11,comparative_protocol_experiment,comparative_experiment,main_comparative,Comparative federated-learning and protocol-enforcement experiment.,plain_or_protocol_control,custom_reference_python_prototype,True,2.3-phase1-fixed-threshold-critical-floor-review-profile,47dd2e58be138865a6d591a63329509757be6b563afb2badb96beb09eac726e5,f8309220f1f45e721e8a9f419a375e6f95d94048bf5ffb4f916c98e7b2c1dd07,eb562985f77fc8a152d2d22d15bfd3f4695b107bdaa4c375fc5dde2be0f10805,T1_BASELINE,C4_RESTRICTED,T4_SAMK,C1_PUBLIC,T1_BASELINE,"{""T2_DF_KS"": 3, ""T3_XMK_CKKS"": 4, ""T4_SAMK"": 5}",False,False,below_unified_session_requirement__benchmark_only_not_deployment,C1_PUBLIC,0,profile_benchmark,C4_RESTRICTED,T4_SAMK,1,declared_profile_benchmark_not_governance_selected,not_applicable,not_applicable_plain_update_path,,,,not_applicable,0,0,0,False,,{},True,,strict_experiment_side_plaintext_oracle_comparison__max_coordinate_and_rmse_numeric_acceptance_envelope__relative_l2_diagnostic_only__no_plaintext_fallback_after_protected_aggregation_failure,custom_reference_prototype_numeric_acceptance_envelope__max_abs_and_rmse_are_acceptance_gates__relative_l2_is_diagnostic_only__not_a_formal_he_security_or_precision_proof,True,False,PASSED_PLAIN_CONTROL_CHECK,0.0,0.0,0.0,0.02925782066561509,0.02925782066561509,,,,True,True,True,True,finite_and_max_abs_and_rmse,0.9987711105649381,0.7058823529411765,0.6,0.8571428571428571,0.9280790256451483,0.7165779005842429,0.9780936326415766,0.7240407731234646,0.7240407731234646,0.8877551020408163,0.0018113393359594824,0.8877551020408163,0.0018113393359594824,56808,56,14,84,0.0009848058525604951,0.14285714285714285,0.8571428571428571,0.03855583526560604,0.03855583526560604,fpr,0.005,0.9991660997608023,0.7888888888888889,0.7029702970297029,0.8987341772151899,0.9490373458069794,0.7944569329707268,0.9817261270386315,0.8229773355802216,0.8229773355802216,0.8987341772151899,0.0006594856012310398,0.8987341772151899,0.0006594856012310398,45460,30,8,71,0.0006594856012310398,0.10126582278481013,0.8987341772151899,0.03855583526560604,fpr,0.005,1.0,False,A1_TADP_admission_only,NOT_FINAL_ROUND,,,,,,,,,,,,,,,,,,,,False,0.9982795547909132,0.9422972510001273,320.0662670001293,181.00935299889898,0.0,0.0,0.0,0.0,240,2880,240.0,2880,2880,5760,,not_modelled__session_or_evaluation_key_material_excluded_from_round_payload,actual_generated_protocol_object_bytes,plain_model_update_uplink_plus_plain_global_update_broadcast,sum_of_actual_generated_client_update_objects_before_auxiliary_decryption_share_or_downlink_traffic,False,0.0,0.0,0.0,measured_sum_of_client_protection_plus_server_protected_aggregation_plus_authorized_recovery_or_decryption_ms_per_round,local_training__validation_test_evaluation__transport_latency__serialization_framing_not_explicitly_in_crypto_functions,0.0,0.0,12,12,0,plaintext_update_no_noise,1.0,plain_exact,0,0,False,0,0,False,not_applicable,0,[],0,,True,0.0017204452090867595,0.0020311924643947404,3.9572916666666664,0,0,0,0,0,0,0,0,0,0,0,0,0,12,0,12,0,1,fixed_execution_host_runtime_payload_and_machine_specification__no_unmeasured_absolute_energy_or_carbon_claim,sequential_single_host_wall_clock_and_generated_protocol_object_bytes__machine_specification_recorded__transport_network_facility_energy_not_measured,runtime_payload_measured__energy_not_instrumented,not_reported_without_direct_hardware_energy_instrumentation,not_reported,False,,,,,,,not_reported,0,0.25,not_probed,0,,not_reported__no_valid_colab_network_or_device_energy_scope,,not_reported__no_direct_facility_or_grid_carbon_measurement,0.9422692399998596,Absolute energy and carbon are not reported because direct hardware energy instrumentation is disabled.,False,,,,CRYPTO_TIER
42,T1_Plain_TADP,12,comparative_protocol_experiment,comparative_experiment,main_comparative,Comparative federated-learning and protocol-enforcement experiment.,plain_or_protocol_control,custom_reference_python_prototype,True,2.3-phase1-fixed-threshold-critical-floor-review-profile,47dd2e58be138865a6d591a63329509757be6b563afb2badb96beb09eac726e5,f8309220f1f45e721e8a9f419a375e6f95d94048bf5ffb4f916c98e7b2c1dd07,eb562985f77fc8a152d2d22d15bfd3f4695b107bdaa4c375fc5dde2be0f10805,T1_BASELINE,C4_RESTRICTED,T4_SAMK,C1_PUBLIC,T1_BASELINE,"{""T2_DF_KS"": 3, ""T3_XMK_CKKS"": 4, ""T4_SAMK"": 5}",False,False,below_unified_session_requirement__benchmark_only_not_deployment,C1_PUBLIC,0,profile_benchmark,C4_RESTRICTED,T4_SAMK,1,declared_profile_benchmark_not_governance_selected,not_applicable,not_applicable_plain_update_path,,,,not_applicable,0,0,0,False,,{},True,,strict_experiment_side_plaintext_oracle_comparison__max_coordinate_and_rmse_numeric_acceptance_envelope__relative_l2_diagnostic_only__no_plaintext_fallback_after_protected_aggregation_failure,custom_reference_prototype_numeric_acceptance_envelope__max_abs_and_rmse_are_acceptance_gates__relative_l2_is_diagnostic_only__not_a_formal_he_security_or_precision_proof,True,False,PASSED_PLAIN_CONTROL_CHECK,0.0,0.0,0.0,0.022416328687100095,0.022416328687100095,,,,True,True,True,True,finite_and_max_abs_and_rmse,0.9987886661282961,0.7088607594936709,0.60431654676259,0.8571428571428571,0.9280878185545461,0.719159343018692,0.9782181689501912,0.724009400185369,0.724009400185369,0.8877551020408163,0.0018113393359594824,0.8877551020408163,0.0018113393359594824,56809,55,14,84,0.0009672200337647721,0.14285714285714285,0.8571428571428571,0.040629378989104875,0.040629378989104875,fpr,0.005,0.9991660997608023,0.7888888888888889,0.7029702970297029,0.8987341772151899,0.9490373458069794,0.7944569329707268,0.9818777809005179,0.8229849864904124,0.8229849864904124,0.8987341772151899,0.0006594856012310398,0.8987341772151899,0.0006594856012310398,45460,30,8,71,0.0006594856012310398,0.10126582278481013,0.8987341772151899,0.040629378989104875,fpr,0.005,1.0,False,A1_TADP_admission_only,NOT_FINAL_ROUND,,,,,,,,,,,,,,,,,,,,False,0.9982795547909132,0.9172707679999803,318.6990450003577,180.4307509987666,0.0,0.0,0.0,0.0,240,2880,240.0,2880,2880,5760,,not_modelled__session_or_evaluation_key_material_excluded_from_round_payload,actual_generated_protocol_object_bytes,plain_model_update_uplink_plus_plain_global_update_broadcast,sum_of_actual_generated_client_update_objects_before_auxiliary_decryption_share_or_downlink_traffic,False,0.0,0.0,0.0,measured_sum_of_client_protection_plus_server_protected_aggregation_plus_authorized_recovery_or_decryption_ms_per_round,local_training__validation_test_evaluation__transport_latency__serialization_framing_not_explicitly_in_crypto_functions,0.0,0.0,12,12,0,plaintext_update_no_noise,1.0,plain_exact,0,0,False,0,0,False,not_applicable,0,[],0,,True,0.0017204452090867595,0.0020311924643947404,3.9572916666666664,0,0,0,0,0,0,0,0,0,0,0,0,0,12,0,12,0,1,fixed_execution_host_runtime_payload_and_machine_specification__no_unmeasured_absolute_energy_or_carbon_claim,sequential_single_host_wall_clock_and_generated_protocol_object_bytes__machine_specification_recorded__transport_network_facility_energy_not_measured,runtime_payload_measured__energy_not_instrumented,not_reported_without_direct_hardware_energy_instrumentation,not_reported,False,,,,,,,not_reported,0,0.25,not_probed,0,,not_reported__no_valid_colab_network_or_device_energy_scope,,not_reported__no_direct_facility_or_grid_carbon_measurement,0.9172418910002307,Absolute energy and carbon are not reported because direct hardware energy instrumentation is disabled.,False,,,,CRYPTO_TIER
42,T1_Plain_TADP,13,comparative_protocol_experiment,comparative_experiment,main_comparative,Comparative federated-learning and protocol-enforcement experiment.,plain_or_protocol_control,custom_reference_python_prototype,True,2.3-phase1-fixed-threshold-critical-floor-review-profile,47dd2e58be138865a6d591a63329509757be6b563afb2badb96beb09eac726e5,f8309220f1f45e721e8a9f419a375e6f95d94048bf5ffb4f916c98e7b2c1dd07,eb562985f77fc8a152d2d22d15bfd3f4695b107bdaa4c375fc5dde2be0f10805,T1_BASELINE,C4_RESTRICTED,T4_SAMK,C1_PUBLIC,T1_BASELINE,"{""T2_DF_KS"": 3, ""T3_XMK_CKKS"": 4, ""T4_SAMK"": 5}",False,False,below_unified_session_requirement__benchmark_only_not_deployment,C1_PUBLIC,0,profile_benchmark,C4_RESTRICTED,T4_SAMK,1,declared_profile_benchmark_not_governance_selected,not_applicable,not_applicable_plain_update_path,,,,not_applicable,0,0,0,False,,{},True,,strict_experiment_side_plaintext_oracle_comparison__max_coordinate_and_rmse_numeric_acceptance_envelope__relative_l2_diagnostic_only__no_plaintext_fallback_after_protected_aggregation_failure,custom_reference_prototype_numeric_acceptance_envelope__max_abs_and_rmse_are_acceptance_gates__relative_l2_is_diagnostic_only__not_a_formal_he_security_or_precision_proof,True,False,PASSED_PLAIN_CONTROL_CHECK,0.0,0.0,0.0,0.016126844598778483,0.016126844598778483,,,,True,True,True,True,finite_and_max_abs_and_rmse,0.9987886661282961,0.7088607594936709,0.60431654676259,0.8571428571428571,0.9280878185545461,0.719159343018692,0.978343423047328,0.7246838230777138,0.7246838230777138,0.8877551020408163,0.0017937535171637592,0.8877551020408163,0.0017937535171637592,56809,55,14,84,0.0009672200337647721,0.14285714285714285,0.8571428571428571,0.04223350444042513,0.04223350444042513,fpr,0.005,0.9991441550176655,0.7845303867403315,0.696078431372549,0.8987341772151899,0.9490263543802923,0.7905422865495717,0.9819223031352001,0.8238013445013705,0.8238013445013705,0.8987341772151899,0.0006814684546054077,0.8987341772151899,0.0006814684546054077,45459,31,8,71,0.0006814684546054077,0.10126582278481013,0.8987341772151899,0.04223350444042513,fpr,0.005,1.0,False,A1_TADP_admission_only,NOT_FINAL_ROUND,,,,,,,,,,,,,,,,,,,,False,0.9982795547909132,0.9156653879999794,323.78584200023397,179.65586199943573,0.0,0.0,0.0,0.0,240,2880,240.0,2880,2880,5760,,not_modelled__session_or_evaluation_key_material_excluded_from_round_payload,actual_generated_protocol_object_bytes,plain_model_update_uplink_plus_plain_global_update_broadcast,sum_of_actual_generated_client_update_objects_before_auxiliary_decryption_share_or_downlink_traffic,False,0.0,0.0,0.0,measured_sum_of_client_protection_plus_server_protected_aggregation_plus_authorized_recovery_or_decryption_ms_per_round,local_training__validation_test_evaluation__transport_latency__serialization_framing_not_explicitly_in_crypto_functions,0.0,0.0,12,12,0,plaintext_update_no_noise,1.0,plain_exact,0,0,False,0,0,False,not_applicable,0,[],0,,True,0.0017204452090867595,0.0020311924643947404,3.9572916666666664,0,0,0,0,0,0,0,0,0,0,0,0,0,12,0,12,0,1,fixed_execution_host_runtime_payload_and_machine_specification__no_unmeasured_absolute_energy_or_carbon_claim,sequential_single_host_wall_clock_and_generated_protocol_object_bytes__machine_specification_recorded__transport_network_facility_energy_not_measured,runtime_payload_measured__energy_not_instrumented,not_reported_without_direct_hardware_energy_instrumentation,not_reported,False,,,,,,,not_reported,0,0.25,not_probed,0,,not_reported__no_valid_colab_network_or_device_energy_scope,,not_reported__no_direct_facility_or_grid_carbon_measurement,0.915638048999881,Absolute energy and carbon are not reported because direct hardware energy instrumentation is disabled.,False,,,,CRYPTO_TIER
42,T1_Plain_TADP,14,comparative_protocol_experiment,comparative_experiment,main_comparative,Comparative federated-learning and protocol-enforcement experiment.,plain_or_protocol_control,custom_reference_python_prototype,True,2.3-phase1-fixed-threshold-critical-floor-review-profile,47dd2e58be138865a6d591a63329509757be6b563afb2badb96beb09eac726e5,f8309220f1f45e721e8a9f419a375e6f95d94048bf5ffb4f916c98e7b2c1dd07,eb562985f77fc8a152d2d22d15bfd3f4695b107bdaa4c375fc5dde2be0f10805,T1_BASELINE,C4_RESTRICTED,T4_SAMK,C1_PUBLIC,T1_BASELINE,"{""T2_DF_KS"": 3, ""T3_XMK_CKKS"": 4, ""T4_SAMK"": 5}",False,False,below_unified_session_requirement__benchmark_only_not_deployment,C1_PUBLIC,0,profile_benchmark,C4_RESTRICTED,T4_SAMK,1,declared_profile_benchmark_not_governance_selected,not_applicable,not_applicable_plain_update_path,,,,not_applicable,0,0,0,False,,{},True,,strict_experiment_side_plaintext_oracle_comparison__max_coordinate_and_rmse_numeric_acceptance_envelope__relative_l2_diagnostic_only__no_plaintext_fallback_after_protected_aggregation_failure,custom_reference_prototype_numeric_acceptance_envelope__max_abs_and_rmse_are_acceptance_gates__relative_l2_is_diagnostic_only__not_a_formal_he_security_or_precision_proof,True,False,PASSED_PLAIN_CONTROL_CHECK,0.0,0.0,0.0,0.011180494246407635,0.011180494246407635,,,,True,True,True,True,finite_and_max_abs_and_rmse,0.9987886661282961,0.7088607594936709,0.60431654676259,0.8571428571428571,0.9280878185545461,0.719159343018692,0.9784536035854973,0.7246554758828189,0.7246554758828189,0.8877551020408163,0.001776167698368036,0.8877551020408163,0.001776167698368036,56809,55,14,84,0.0009672200337647721,0.14285714285714285,0.8571428571428571,0.043415667764709946,0.043415667764709946,fpr,0.005,0.9991441550176655,0.7845303867403315,0.696078431372549,0.8987341772151899,0.9490263543802923,0.7905422865495717,0.9819918691268912,0.8234892030772385,0.8234892030772385,0.8987341772151899,0.0006814684546054077,0.8987341772151899,0.0006814684546054077,45459,31,8,71,0.0006814684546054077,0.10126582278481013,0.8987341772151899,0.043415667764709946,fpr,0.005,1.0,False,A1_TADP_admission_only,NOT_FINAL_ROUND,,,,,,,,,,,,,,,,,,,,False,0.9982795547909132,0.9238539299999502,341.2590919997456,179.2767330002789,0.0,0.0,0.0,0.0,240,2880,240.0,2880,2880,5760,,not_modelled__session_or_evaluation_key_material_excluded_from_round_payload,actual_generated_protocol_object_bytes,plain_model_update_uplink_plus_plain_global_update_broadcast,sum_of_actual_generated_client_update_objects_before_auxiliary_decryption_share_or_downlink_traffic,False,0.0,0.0,0.0,measured_sum_of_client_protection_plus_server_protected_aggregation_plus_authorized_recovery_or_decryption_ms_per_round,local_training__validation_test_evaluation__transport_latency__serialization_framing_not_explicitly_in_crypto_functions,0.0,0.0,12,12,0,plaintext_update_no_noise,1.0,plain_exact,0,0,False,0,0,False,not_applicable,0,[],0,,True,0.0017204452090867595,0.0020311924643947404,3.9572916666666664,0,0,0,0,0,0,0,0,0,0,0,0,0,12,0,12,0,1,fixed_execution_host_runtime_payload_and_machine_specification__no_unmeasured_absolute_energy_or_carbon_claim,sequential_single_host_wall_clock_and_generated_protocol_object_bytes__machine_specification_recorded__transport_network_facility_energy_not_measured,runtime_payload_measured__energy_not_instrumented,not_reported_without_direct_hardware_energy_instrumentation,not_reported,False,,,,,,,not_reported,0,0.25,not_probed,0,,not_reported__no_valid_colab_network_or_device_energy_scope,,not_reported__no_direct_facility_or_grid_carbon_measurement,0.9238280800000211,Absolute energy and carbon are not reported because direct hardware energy instrumentation is disabled.,False,,,,CRYPTO_TIER
42,T1_Plain_TADP,15,comparative_protocol_experiment,comparative_experiment,main_comparative,Comparative federated-learning and protocol-enforcement experiment.,plain_or_protocol_control,custom_reference_python_prototype,True,2.3-phase1-fixed-threshold-critical-floor-review-profile,47dd2e58be138865a6d591a63329509757be6b563afb2badb96beb09eac726e5,f8309220f1f45e721e8a9f419a375e6f95d94048bf5ffb4f916c98e7b2c1dd07,eb562985f77fc8a152d2d22d15bfd3f4695b107bdaa4c375fc5dde2be0f10805,T1_BASELINE,C4_RESTRICTED,T4_SAMK,C1_PUBLIC,T1_BASELINE,"{""T2_DF_KS"": 3, ""T3_XMK_CKKS"": 4, ""T4_SAMK"": 5}",False,False,below_unified_session_requirement__benchmark_only_not_deployment,C1_PUBLIC,0,profile_benchmark,C4_RESTRICTED,T4_SAMK,1,declared_profile_benchmark_not_governance_selected,not_applicable,not_applicable_plain_update_path,,,,not_applicable,0,0,0,False,,{},True,,strict_experiment_side_plaintext_oracle_comparison__max_coordinate_and_rmse_numeric_acceptance_envelope__relative_l2_diagnostic_only__no_plaintext_fallback_after_protected_aggregation_failure,custom_reference_prototype_numeric_acceptance_envelope__max_abs_and_rmse_are_acceptance_gates__relative_l2_is_diagnostic_only__not_a_formal_he_security_or_precision_proof,True,False,PASSED_PLAIN_CONTROL_CHECK,0.0,0.0,0.0,0.010022499067489156,0.010022499067489156,,,,True,True,True,True,finite_and_max_abs_and_rmse,0.9988062216916541,0.711864406779661,0.6086956521739131,0.8571428571428571,0.928096611463944,0.7217687633914018,0.9785770632113284,0.7246682815365856,0.7246682815365856,0.8877551020408163,0.001776167698368036,0.8877551020408163,0.001776167698368036,56810,54,14,84,0.0009496342149690489,0.14285714285714285,0.8571428571428571,0.04429311087117564,0.04429311087117564,fpr,0.005,0.9991441550176655,0.7845303867403315,0.696078431372549,0.8987341772151899,0.9490263543802923,0.7905422865495717,0.9820689482456848,0.8234882366739182,0.8234882366739182,0.8987341772151899,0.0006814684546054077,0.8987341772151899,0.0006814684546054077,45459,31,8,71,0.0006814684546054077,0.10126582278481013,0.8987341772151899,0.04429311087117564,fpr,0.005,1.0,False,A1_TADP_admission_only,NOT_FINAL_ROUND,,,,,,,,,,,,,,,,,,,,False,0.9982795547909132,0.9177543430000696,316.6227209999306,191.00611200065032,0.0,0.0,0.0,0.0,240,2880,240.0,2880,2880,5760,,not_modelled__session_or_evaluation_key_material_excluded_from_round_payload,actual_generated_protocol_object_bytes,plain_model_update_uplink_plus_plain_global_update_broadcast,sum_of_actual_generated_client_update_objects_before_auxiliary_decryption_share_or_downlink_traffic,False,0.0,0.0,0.0,measured_sum_of_client_protection_plus_server_protected_aggregation_plus_authorized_recovery_or_decryption_ms_per_round,local_training__validation_test_evaluation__transport_latency__serialization_framing_not_explicitly_in_crypto_functions,0.0,0.0,12,12,0,plaintext_update_no_noise,1.0,plain_exact,0,0,False,0,0,False,not_applicable,0,[],0,,True,0.0017204452090867595,0.0020311924643947404,3.9572916666666664,0,0,0,0,0,0,0,0,0,0,0,0,0,12,0,12,0,1,fixed_execution_host_runtime_payload_and_machine_specification__no_unmeasured_absolute_energy_or_carbon_claim,sequential_single_host_wall_clock_and_generated_protocol_object_bytes__machine_specification_recorded__transport_network_facility_energy_not_measured,runtime_payload_measured__energy_not_instrumented,not_reported_without_direct_hardware_energy_instrumentation,not_reported,False,,,,,,,not_reported,0,0.25,not_probed,0,,not_reported__no_valid_colab_network_or_device_energy_scope,,not_reported__no_direct_facility_or_grid_carbon_measurement,0.9177282629998444,Absolute energy and carbon are not reported because direct hardware energy instrumentation is disabled.,False,,,,CRYPTO_TIER
42,T1_Plain_TADP,16,comparative_protocol_experiment,comparative_experiment,main_comparative,Comparative federated-learning and protocol-enforcement experiment.,plain_or_protocol_control,custom_reference_python_prototype,True,2.3-phase1-fixed-threshold-critical-floor-review-profile,47dd2e58be138865a6d591a63329509757be6b563afb2badb96beb09eac726e5,f8309220f1f45e721e8a9f419a375e6f95d94048bf5ffb4f916c98e7b2c1dd07,eb562985f77fc8a152d2d22d15bfd3f4695b107bdaa4c375fc5dde2be0f10805,T1_BASELINE,C4_RESTRICTED,T4_SAMK,C1_PUBLIC,T1_BASELINE,"{""T2_DF_KS"": 3, ""T3_XMK_CKKS"": 4, ""T4_SAMK"": 5}",False,False,below_unified_session_requirement__benchmark_only_not_deployment,C1_PUBLIC,0,profile_benchmark,C4_RESTRICTED,T4_SAMK,1,declared_profile_benchmark_not_governance_selected,not_applicable,not_applicable_plain_update_path,,,,not_applicable,0,0,0,False,,{},True,,strict_experiment_side_plaintext_oracle_comparison__max_coordinate_and_rmse_numeric_acceptance_envelope__relative_l2_diagnostic_only__no_plaintext_fallback_after_protected_aggregation_failure,custom_reference_prototype_numeric_acceptance_envelope__max_abs_and_rmse_are_acceptance_gates__relative_l2_is_diagnostic_only__not_a_formal_he_security_or_precision_proof,True,False,PASSED_PLAIN_CONTROL_CHECK,0.0,0.0,0.0,0.008650527439256784,0.008650527439256784,,,,True,True,True,True,finite_and_max_abs_and_rmse,0.9988237772550121,0.7148936170212766,0.6131386861313869,0.8571428571428571,0.9281054043733419,0.724406671212077,0.9786838342540167,0.7251781873554408,0.7251781873554408,0.8877551020408163,0.001776167698368036,0.8877551020408163,0.001776167698368036,56811,53,14,84,0.0009320483961733258,0.14285714285714285,0.8571428571428571,0.04493223044308938,0.04493223044308938,fpr,0.005,0.9991441550176655,0.7845303867403315,0.696078431372549,0.8987341772151899,0.9490263543802923,0.7905422865495717,0.9821232097192039,0.8234910399357148,0.8234910399357148,0.8987341772151899,0.0006814684546054077,0.8987341772151899,0.0006814684546054077,45459,31,8,71,0.0006814684546054077,0.10126582278481013,0.8987341772151899,0.04493223044308938,fpr,0.005,1.0,False,A1_TADP_admission_only,NOT_FINAL_ROUND,,,,,,,,,,,,,,,,,,,,False,0.9982795547909132,0.9544170949998261,323.1393920004848,175.2438389994495,0.0,0.0,0.0,0.0,240,2880,240.0,2880,2880,5760,,not_modelled__session_or_evaluation_key_material_excluded_from_round_payload,actual_generated_protocol_object_bytes,plain_model_update_uplink_plus_plain_global_update_broadcast,sum_of_actual_generated_client_update_objects_before_auxiliary_decryption_share_or_downlink_traffic,False,0.0,0.0,0.0,measured_sum_of_client_protection_plus_server_protected_aggregation_plus_authorized_recovery_or_decryption_ms_per_round,local_training__validation_test_evaluation__transport_latency__serialization_framing_not_explicitly_in_crypto_functions,0.0,0.0,12,12,0,plaintext_update_no_noise,1.0,plain_exact,0,0,False,0,0,False,not_applicable,0,[],0,,True,0.0017204452090867595,0.0020311924643947404,3.9572916666666664,0,0,0,0,0,0,0,0,0,0,0,0,0,12,0,12,0,1,fixed_execution_host_runtime_payload_and_machine_specification__no_unmeasured_absolute_energy_or_carbon_claim,sequential_single_host_wall_clock_and_generated_protocol_object_bytes__machine_specification_recorded__transport_network_facility_energy_not_measured,runtime_payload_measured__energy_not_instrumented,not_reported_without_direct_hardware_energy_instrumentation,not_reported,False,,,,,,,not_reported,0,0.25,not_probed,0,,not_reported__no_valid_colab_network_or_device_energy_scope,,not_reported__no_direct_facility_or_grid_carbon_measurement,0.9543894019998334,Absolute energy and carbon are not reported because direct hardware energy instrumentation is disabled.,False,,,,CRYPTO_TIER
42,T1_Plain_TADP,17,comparative_protocol_experiment,comparative_experiment,main_comparative,Comparative federated-learning and protocol-enforcement experiment.,plain_or_protocol_control,custom_reference_python_prototype,True,2.3-phase1-fixed-threshold-critical-floor-review-profile,47dd2e58be138865a6d591a63329509757be6b563afb2badb96beb09eac726e5,f8309220f1f45e721e8a9f419a375e6f95d94048bf5ffb4f916c98e7b2c1dd07,eb562985f77fc8a152d2d22d15bfd3f4695b107bdaa4c375fc5dde2be0f10805,T1_BASELINE,C4_RESTRICTED,T4_SAMK,C1_PUBLIC,T1_BASELINE,"{""T2_DF_KS"": 3, ""T3_XMK_CKKS"": 4, ""T4_SAMK"": 5}",False,False,below_unified_session_requirement__benchmark_only_not_deployment,C1_PUBLIC,0,profile_benchmark,C4_RESTRICTED,T4_SAMK,1,declared_profile_benchmark_not_governance_selected,not_applicable,not_applicable_plain_update_path,,,,not_applicable,0,0,0,False,,{},True,,strict_experiment_side_plaintext_oracle_comparison__max_coordinate_and_rmse_numeric_acceptance_envelope__relative_l2_diagnostic_only__no_plaintext_fallback_after_protected_aggregation_failure,custom_reference_prototype_numeric_acceptance_envelope__max_abs_and_rmse_are_acceptance_gates__relative_l2_is_diagnostic_only__not_a_formal_he_security_or_precision_proof,True,False,PASSED_PLAIN_CONTROL_CHECK,0.0,0.0,0.0,0.007547095045426269,0.007547095045426269,,,,True,True,True,True,finite_and_max_abs_and_rmse,0.9988413328183702,0.717948717948718,0.6176470588235294,0.8571428571428571,0.9281141972827398,0.7270735890776542,0.9787635087799893,0.7257546255662417,0.7257546255662417,0.8877551020408163,0.001758581879572313,0.8877551020408163,0.001758581879572313,56812,52,14,84,0.0009144625773776027,0.14285714285714285,0.8571428571428571,0.045278571749100674,0.045278571749100674,fpr,0.005,0.9991441550176655,0.7845303867403315,0.696078431372549,0.8987341772151899,0.9490263543802923,0.7905422865495717,0.982196114878496,0.8234919444571981,0.8234919444571981,0.8987341772151899,0.0006814684546054077,0.8987341772151899,0.0006814684546054077,45459,31,8,71,0.0006814684546054077,0.10126582278481013,0.8987341772151899,0.045278571749100674,fpr,0.005,1.0,False,A1_TADP_admission_only,NOT_FINAL_ROUND,,,,,,,,,,,,,,,,,,,,False,0.9982795547909132,1.1117644619998828,411.8303259997447,201.3598479989014,0.0,0.0,0.0,0.0,240,2880,240.0,2880,2880,5760,,not_modelled__session_or_evaluation_key_material_excluded_from_round_payload,actual_generated_protocol_object_bytes,plain_model_update_uplink_plus_plain_global_update_broadcast,sum_of_actual_generated_client_update_objects_before_auxiliary_decryption_share_or_downlink_traffic,False,0.0,0.0,0.0,measured_sum_of_client_protection_plus_server_protected_aggregation_plus_authorized_recovery_or_decryption_ms_per_round,local_training__validation_test_evaluation__transport_latency__serialization_framing_not_explicitly_in_crypto_functions,0.0,0.0,12,12,0,plaintext_update_no_noise,1.0,plain_exact,0,0,False,0,0,False,not_applicable,0,[],0,,True,0.0017204452090867595,0.0020311924643947404,3.9572916666666664,0,0,0,0,0,0,0,0,0,0,0,0,0,12,0,12,0,1,fixed_execution_host_runtime_payload_and_machine_specification__no_unmeasured_absolute_energy_or_carbon_claim,sequential_single_host_wall_clock_and_generated_protocol_object_bytes__machine_specification_recorded__transport_network_facility_energy_not_measured,runtime_payload_measured__energy_not_instrumented,not_reported_without_direct_hardware_energy_instrumentation,not_reported,False,,,,,,,not_reported,0,0.25,not_probed,0,,not_reported__no_valid_colab_network_or_device_energy_scope,,not_reported__no_direct_facility_or_grid_carbon_measurement,1.1117343040000378,Absolute energy and carbon are not reported because direct hardware energy instrumentation is disabled.,False,,,,CRYPTO_TIER
42,T1_Plain_TADP,18,comparative_protocol_experiment,comparative_experiment,main_comparative,Comparative federated-learning and protocol-enforcement experiment.,plain_or_protocol_control,custom_reference_python_prototype,True,2.3-phase1-fixed-threshold-critical-floor-review-profile,47dd2e58be138865a6d591a63329509757be6b563afb2badb96beb09eac726e5,f8309220f1f45e721e8a9f419a375e6f95d94048bf5ffb4f916c98e7b2c1dd07,eb562985f77fc8a152d2d22d15bfd3f4695b107bdaa4c375fc5dde2be0f10805,T1_BASELINE,C4_RESTRICTED,T4_SAMK,C1_PUBLIC,T1_BASELINE,"{""T2_DF_KS"": 3, ""T3_XMK_CKKS"": 4, ""T4_SAMK"": 5}",False,False,below_unified_session_requirement__benchmark_only_not_deployment,C1_PUBLIC,0,profile_benchmark,C4_RESTRICTED,T4_SAMK,1,declared_profile_benchmark_not_governance_selected,not_applicable,not_applicable_plain_update_path,,,,not_applicable,0,0,0,False,,{},True,,strict_experiment_side_plaintext_oracle_comparison__max_coordinate_and_rmse_numeric_acceptance_envelope__relative_l2_diagnostic_only__no_plaintext_fallback_after_protected_aggregation_failure,custom_reference_prototype_numeric_acceptance_envelope__max_abs_and_rmse_are_acceptance_gates__relative_l2_is_diagnostic_only__not_a_formal_he_security_or_precision_proof,True,False,PASSED_PLAIN_CONTROL_CHECK,0.0,0.0,0.0,0.006525872582810507,0.006525872582810507,,,,True,True,True,True,finite_and_max_abs_and_rmse,0.9988413328183702,0.717948717948718,0.6176470588235294,0.8571428571428571,0.9281141972827398,0.7270735890776542,0.9788528734510125,0.7263798023115411,0.7263798023115411,0.8877551020408163,0.0017409960607765898,0.8877551020408163,0.0017409960607765898,56812,52,14,84,0.0009144625773776027,0.14285714285714285,0.8571428571428571,0.04523137188858861,0.04523137188858861,fpr,0.005,0.9991441550176655,0.7845303867403315,0.696078431372549,0.8987341772151899,0.9490263543802923,0.7905422865495717,0.9823558383954187,0.8231215492929413,0.8231215492929413,0.8987341772151899,0.0006814684546054077,0.8987341772151899,0.0006814684546054077,45459,31,8,71,0.0006814684546054077,0.10126582278481013,0.8987341772151899,0.04523137188858861,fpr,0.005,1.0,False,A1_TADP_admission_only,NOT_FINAL_ROUND,,,,,,,,,,,,,,,,,,,,False,0.9982795547909132,1.1927869969999847,516.5008109997871,215.1688470003137,0.0,0.0,0.0,0.0,240,2880,240.0,2880,2880,5760,,not_modelled__session_or_evaluation_key_material_excluded_from_round_payload,actual_generated_protocol_object_bytes,plain_model_update_uplink_plus_plain_global_update_broadcast,sum_of_actual_generated_client_update_objects_before_auxiliary_decryption_share_or_downlink_traffic,False,0.0,0.0,0.0,measured_sum_of_client_protection_plus_server_protected_aggregation_plus_authorized_recovery_or_decryption_ms_per_round,local_training__validation_test_evaluation__transport_latency__serialization_framing_not_explicitly_in_crypto_functions,0.0,0.0,12,12,0,plaintext_update_no_noise,1.0,plain_exact,0,0,False,0,0,False,not_applicable,0,[],0,,True,0.0017204452090867595,0.0020311924643947404,3.9572916666666664,0,0,0,0,0,0,0,0,0,0,0,0,0,12,0,12,0,1,fixed_execution_host_runtime_payload_and_machine_specification__no_unmeasured_absolute_energy_or_carbon_claim,sequential_single_host_wall_clock_and_generated_protocol_object_bytes__machine_specification_recorded__transport_network_facility_energy_not_measured,runtime_payload_measured__energy_not_instrumented,not_reported_without_direct_hardware_energy_instrumentation,not_reported,False,,,,,,,not_reported,0,0.25,not_probed,0,,not_reported__no_valid_colab_network_or_device_energy_scope,,not_reported__no_direct_facility_or_grid_carbon_measurement,1.1927529069998855,Absolute energy and carbon are not reported because direct hardware energy instrumentation is disabled.,False,,,,CRYPTO_TIER
42,T1_Plain_TADP,19,comparative_protocol_experiment,comparative_experiment,main_comparative,Comparative federated-learning and protocol-enforcement experiment.,plain_or_protocol_control,custom_reference_python_prototype,True,2.3-phase1-fixed-threshold-critical-floor-review-profile,47dd2e58be138865a6d591a63329509757be6b563afb2badb96beb09eac726e5,f8309220f1f45e721e8a9f419a375e6f95d94048bf5ffb4f916c98e7b2c1dd07,eb562985f77fc8a152d2d22d15bfd3f4695b107bdaa4c375fc5dde2be0f10805,T1_BASELINE,C4_RESTRICTED,T4_SAMK,C1_PUBLIC,T1_BASELINE,"{""T2_DF_KS"": 3, ""T3_XMK_CKKS"": 4, ""T4_SAMK"": 5}",False,False,below_unified_session_requirement__benchmark_only_not_deployment,C1_PUBLIC,0,profile_benchmark,C4_RESTRICTED,T4_SAMK,1,declared_profile_benchmark_not_governance_selected,not_applicable,not_applicable_plain_update_path,,,,not_applicable,0,0,0,False,,{},True,,strict_experiment_side_plaintext_oracle_comparison__max_coordinate_and_rmse_numeric_acceptance_envelope__relative_l2_diagnostic_only__no_plaintext_fallback_after_protected_aggregation_failure,custom_reference_prototype_numeric_acceptance_envelope__max_abs_and_rmse_are_acceptance_gates__relative_l2_is_diagnostic_only__not_a_formal_he_security_or_precision_proof,True,False,PASSED_PLAIN_CONTROL_CHECK,0.0,0.0,0.0,0.005574779467180098,0.005574779467180098,,,,True,True,True,True,finite_and_max_abs_and_rmse,0.9988413328183702,0.717948717948718,0.6176470588235294,0.8571428571428571,0.9281141972827398,0.7270735890776542,0.978902939200441,0.7265166012301583,0.7265166012301583,0.8877551020408163,0.001776167698368036,0.8877551020408163,0.001776167698368036,56812,52,14,84,0.0009144625773776027,0.14285714285714285,0.8571428571428571,0.04552579438771545,0.04552579438771545,fpr,0.005,0.9991441550176655,0.7845303867403315,0.696078431372549,0.8987341772151899,0.9490263543802923,0.7905422865495717,0.9823800473605271,0.8231231706375742,0.8231231706375742,0.8987341772151899,0.0006814684546054077,0.8987341772151899,0.0006814684546054077,45459,31,8,71,0.0006814684546054077,0.10126582278481013,0.8987341772151899,0.04552579438771545,fpr,0.005,1.0,False,A1_TADP_admission_only,NOT_FINAL_ROUND,,,,,,,,,,,,,,,,,,,,False,0.9982795547909132,1.3197148660001403,552.6818660000572,223.56089199911366,0.0,0.0,0.0,0.0,240,2880,240.0,2880,2880,5760,,not_modelled__session_or_evaluation_key_material_excluded_from_round_payload,actual_generated_protocol_object_bytes,plain_model_update_uplink_plus_plain_global_update_broadcast,sum_of_actual_generated_client_update_objects_before_auxiliary_decryption_share_or_downlink_traffic,False,0.0,0.0,0.0,measured_sum_of_client_protection_plus_server_protected_aggregation_plus_authorized_recovery_or_decryption_ms_per_round,local_training__validation_test_evaluation__transport_latency__serialization_framing_not_explicitly_in_crypto_functions,0.0,0.0,12,12,0,plaintext_update_no_noise,1.0,plain_exact,0,0,False,0,0,False,not_applicable,0,[],0,,True,0.0017204452090867595,0.0020311924643947404,3.9572916666666664,0,0,0,0,0,0,0,0,0,0,0,0,0,12,0,12,0,1,fixed_execution_host_runtime_payload_and_machine_specification__no_unmeasured_absolute_energy_or_carbon_claim,sequential_single_host_wall_clock_and_generated_protocol_object_bytes__machine_specification_recorded__transport_network_facility_energy_not_measured,runtime_payload_measured__energy_not_instrumented,not_reported_without_direct_hardware_energy_instrumentation,not_reported,False,,,,,,,not_reported,0,0.25,not_probed,0,,not_reported__no_valid_colab_network_or_device_energy_scope,,not_reported__no_direct_facility_or_grid_carbon_measurement,1.319677142999808,Absolute energy and carbon are not reported because direct hardware energy instrumentation is disabled.,False,,,,CRYPTO_TIER
42,T1_Plain_TADP,20,comparative_protocol_experiment,comparative_experiment,main_comparative,Comparative federated-learning and protocol-enforcement experiment.,plain_or_protocol_control,custom_reference_python_prototype,True,2.3-phase1-fixed-threshold-critical-floor-review-profile,47dd2e58be138865a6d591a63329509757be6b563afb2badb96beb09eac726e5,f8309220f1f45e721e8a9f419a375e6f95d94048bf5ffb4f916c98e7b2c1dd07,eb562985f77fc8a152d2d22d15bfd3f4695b107bdaa4c375fc5dde2be0f10805,T1_BASELINE,C4_RESTRICTED,T4_SAMK,C1_PUBLIC,T1_BASELINE,"{""T2_DF_KS"": 3, ""T3_XMK_CKKS"": 4, ""T4_SAMK"": 5}",False,False,below_unified_session_requirement__benchmark_only_not_deployment,C1_PUBLIC,0,profile_benchmark,C4_RESTRICTED,T4_SAMK,1,declared_profile_benchmark_not_governance_selected,not_applicable,not_applicable_plain_update_path,,,,not_applicable,0,0,0,False,,{},True,,strict_experiment_side_plaintext_oracle_comparison__max_coordinate_and_rmse_numeric_acceptance_envelope__relative_l2_diagnostic_only__no_plaintext_fallback_after_protected_aggregation_failure,custom_reference_prototype_numeric_acceptance_envelope__max_abs_and_rmse_are_acceptance_gates__relative_l2_is_diagnostic_only__not_a_formal_he_security_or_precision_proof,True,False,PASSED_PLAIN_CONTROL_CHECK,0.0,0.0,0.0,0.006300502629708819,0.006300502629708819,,,,True,True,True,True,finite_and_max_abs_and_rmse,0.9988413328183702,0.717948717948718,0.6176470588235294,0.8571428571428571,0.9281141972827398,0.7270735890776542,0.9789443914876023,0.7266519334042105,0.7266519334042105,0.8877551020408163,0.001758581879572313,0.8877551020408163,0.001758581879572313,56812,52,14,84,0.0009144625773776027,0.14285714285714285,0.8571428571428571,0.04573113053919442,0.04573113053919442,fpr,0.005,0.9991441550176655,0.7845303867403315,0.696078431372549,0.8987341772151899,0.9490263543802923,0.7905422865495717,0.9824587960631214,0.8229988017865879,0.8229988017865879,0.8987341772151899,0.0006814684546054077,0.8987341772151899,0.0006814684546054077,45459,31,8,71,0.0006814684546054077,0.10126582278481013,0.8987341772151899,0.04573113053919442,fpr,0.005,1.0,True,A1_TADP_admission_only,COMPARED,0.7266519334042105,0.7266519334042105,0.0,0.717948717948718,0.717948717948718,0.0,0.7270735890776542,0.7270735890776542,0.0,0.04573113053919442,0.04573113053919442,0.0,0.0,0.0,0.0,0.0,0.0,0.0,0.0,True,0.9982795547909132,1.0995730380000168,463.21136799997475,200.10850900007426,0.0,0.0,0.0,0.0,240,2880,240.0,2880,2880,5760,,not_modelled__session_or_evaluation_key_material_excluded_from_round_payload,actual_generated_protocol_object_bytes,plain_model_update_uplink_plus_plain_global_update_broadcast,sum_of_actual_generated_client_update_objects_before_auxiliary_decryption_share_or_downlink_traffic,False,0.0,0.0,0.0,measured_sum_of_client_protection_plus_server_protected_aggregation_plus_authorized_recovery_or_decryption_ms_per_round,local_training__validation_test_evaluation__transport_latency__serialization_framing_not_explicitly_in_crypto_functions,0.0,0.0,12,12,0,plaintext_update_no_noise,1.0,plain_exact,0,0,False,0,0,False,not_applicable,0,[],0,,True,0.0017204452090867595,0.0020311924643947404,3.9572916666666664,0,0,0,0,0,0,0,0,0,0,0,0,0,12,0,12,0,1,fixed_execution_host_runtime_payload_and_machine_specification__no_unmeasured_absolute_energy_or_carbon_claim,sequential_single_host_wall_clock_and_generated_protocol_object_bytes__machine_specification_recorded__transport_network_facility_energy_not_measured,runtime_payload_measured__energy_not_instrumented,not_reported_without_direct_hardware_energy_instrumentation,not_reported,False,,,,,,,not_reported,0,0.25,not_probed,0,,not_reported__no_valid_colab_network_or_device_energy_scope,,not_reported__no_direct_facility_or_grid_carbon_measurement,1.0995323650004138,Absolute energy and carbon are not reported because direct hardware energy instrumentation is disabled.,False,,,,CRYPTO_TIER
