sequence,event_id,ledger_id,timestamp,protocol_version,record_type,scenario,approach,mode,transaction_id,client_id,version,template,dataset_version,dataset_commitment,data_summary_hash,evidence_bundle_hash,evidence_bundle_artifact_hash,evidence_bundle_artifact_relpath,validator_version,rubric_version,governance_policy_version,evidence_manifest_hash,evidence_hash,data_manifest_hash,data_manifest_validation_hash,metadata_validation_status,dimension_scores,final_governance_values_hash,pscore,policy_profile_id,hps_accept_threshold,hps_reject_threshold,critical_profile_review_threshold,critical_profile_threshold_applied,critical_profile_threshold_name,critical_dimension_threshold,critical_dimensions,critical_hps,critical_dimension_min,arq_boundary_policy,arq_region,review_policy_id,review_recommendation,review_reason_code,review_reason_text,governance_archetype,risk_archetype,initial_action,final_action,action,review_outcome,manual_review_required,manual_review_disposition,safe_default_applied,current_session_eligibility,reassessment_eligibility,n_samples,position,percentile,cia_confidentiality,cia_integrity,cia_availability,cia_high_water,business_impact,client_required_security_class,client_required_security_tier,security_class,security_tier,computed_strictest_security_class,computed_strictest_security_tier,current_survivor_strictest_class,current_survivor_strictest_tier,session_locked_security_class,session_locked_security_tier,session_profile_locked,admission_receipt_hash,admission_receipt_signature_hash,admission_receipt_artifact_hash,admission_receipt_artifact_relpath,admission_expires_at,session_id,session_epoch,parent_session_id,parent_session_security_decision_hash,session_reform_reason,session_security_decision_hash,session_security_decision_signature_hash,session_decision_artifact_hash,session_decision_artifact_relpath,session_decision_expires_at,risk_assessment_hash,revocation_status,execution_mode,requested_benchmark_tier,round_id,event_status,verification_stage,violation_type,reason_code,violation_details,signature_verified,freshness_verified,pofc_verified,semantic_verified,rate_limit_ok,blocked_before_aggregation,payload_hash,envelope_hash,key_id,signature_hash,global_model_hash,model_schema_hash,crypto_mechanism,crypto_backend,parameter_set_id,key_tag,expanded,ks_applied,shares_available,shares_required,can_finalize,comm_factor,crypto_overhead_ms,noise_std,ciphertext_commitment,evaluation_key_commitment,ciphertext_attestation_artifact_hash,ciphertext_attestation_artifact_relpath,submission_artifact_hash,submission_artifact_relpath,artifact_type,artifact_id,artifact_hash,artifact_relpath,local_ledger_id,local_event_hash,local_ledger_head_hash,crypto_ledger_id,crypto_event_hash,crypto_ledger_head_hash,subledger_manifest_hash,subledger_seal_count,prev_hash,row_hash,bundle_hash,checkpoint_signature
1,93a11b3f20140f6a466c0010f0e05f5c,9009c28128737f7948fb54beb932f446c0ce27d5cbdefb4938dce83226ac7abd,2026-08-24T22:54:41.316758+00:00,TADP-SEC/14.0,CLIENT_ACCEPTED_SUBMISSION,T1_Plain_TADP,,,,client_001,,,,,,,,,,,2.3-phase1-fixed-threshold-critical-floor-review-profile,e910eb11d46f5a33a9f6a7d996c6c242f2a4caa089255874076d8ae12155dc94,2e5e1ea61ea1c71b07c235b309bb618daac98643cb3c0843acb266cd6b876512,cd72ec3b4911418e9899eae9aed63fa15aaf66633d0cb863f54d9ac8508d934e,833c0f503995ec3e68f8d11c30f392b1e756db044036faa02ce898eac71d1c91,VALIDATED_EVIDENCE_BUNDLE,,,,,,,,,,,,,,,,,,,,,,,,UPDATE_SUBMITTED_ENFORCED,,False,NOT_REQUIRED_AUTOMATED_POLICY,False,,,,,,,,,,,,,C1_PUBLIC,1,,,,,,,,6401d449cad49398af2f5e4da9bd6c0fbdde3a2a57f8a422907de7f0354cd145,71adf2c7741ed63f779fe8cebf9b4d1363fd18da1c5a49e39f32ec63cb8262f2,,,2026-08-25T22:32:04.883782+00:00,e878c886c2fce5669a5abdfd2cf12d11,,,,,80467a1951f575569b9d5a1589ff2eaaa2003be9007744f2b34141dde5521ad1,f2b14f9d80c666ab005ad941036b0ad284f2ba09098ec9ba2c48cc2786e88891,,,2026-08-25T22:54:40.997990+00:00,75d46ecd684a2dc4b6a8e27daff7fed8db3fae5cae653b9ddb3099795df8cd6c,active,,,1,ACCEPTED,ALL_BASELINE_CONTROLS,,,,True,True,True,True,True,False,jUv2h49ifsy/F+bQK5vxnRasrPqKIT4owJFj+2/SqrA=,a2237a3018e73a16efe814bfd8a86de101f14cc8af076e85adaf7f488f4b300d,LVS6iX3xyk+AW89N8K7wd5i2P+GtpUmTpzID/3W7LU4=,b52a2e2bffa291d290a1cbf22711ff722cacb1ddf82ddcd92c85dcf19cdb4c5a,MUKy9PXfefybJdPNavwdKZNHJzbHyDxO2GyrtojA/DA=,d2de0eecb364b6ad6dfd68c57fbb2b61edd7f408c047202d5ab95910a24e2627,,,,,,,,,,,,,,,,,42466986acbf42c18f01385079549ea56d716ebbae174bd761d484aa404e81ea,audit_trails/artifacts/accepted_runtime_submissions/T1_Plain_TADP_client_001_r1_a2237a3018e73a16__42466986acbf42c1.json,,,,,,,,,,,,,8a5ff0c390faaeaf1891311803f5da7bcf7586a57fc2afcd89fecdcb60d544c2,65c296a84fc67e278dae442f9fe7af5c7ba2d6b6b9643831e4c3e5c012fc422d,,
2,96abf7f922616e83b786db998f1a2728,9009c28128737f7948fb54beb932f446c0ce27d5cbdefb4938dce83226ac7abd,2026-08-24T22:54:41.335569+00:00,TADP-SEC/14.0,CLIENT_CIPHERTEXT_BINDING,T1_Plain_TADP,,,,client_001,,,,,,,,,,,,,,,,,,,,,,,,,,,,,,,,,,,,,,,,CIPHERTEXT_BOUND_TO_SIGNED_UPDATE,,,,,,,,,,,,,,,,,C1_PUBLIC,1,,,,,,,,,,,,,e878c886c2fce5669a5abdfd2cf12d11,,,,,,,,,,,,,,1,VERIFIED,,,,,True,,,,,False,jUv2h49ifsy/F+bQK5vxnRasrPqKIT4owJFj+2/SqrA=,a2237a3018e73a16efe814bfd8a86de101f14cc8af076e85adaf7f488f4b300d,LVS6iX3xyk+AW89N8K7wd5i2P+GtpUmTpzID/3W7LU4=,2999b656922c1f2bbfa801aae816b3548eb00c98314428b4b2f598cced23fe4f,MUKy9PXfefybJdPNavwdKZNHJzbHyDxO2GyrtojA/DA=,d2de0eecb364b6ad6dfd68c57fbb2b61edd7f408c047202d5ab95910a24e2627,plaintext_update_no_noise,reference_python,n=|logq=|scale=|scheme=plain,plain,,,,,,,,,f6a4a3ed9e1bb33940d4bc422dccaa504d40de41eeb1567aa332589c739d8030,,a3e9582c80fa099b8a7c89f4026cd85df81f3f64cbea600cd02b00c1830771c2,audit_trails/artifacts/ciphertext_attestations/T1_Plain_TADP_client_001_r1_197b8954783a7451__a3e9582c80fa099b.json,,,,,,,,,,,,,,,65c296a84fc67e278dae442f9fe7af5c7ba2d6b6b9643831e4c3e5c012fc422d,5b75832f526d11b32a95ac8846b5a6790c57a821ac965bf05e9627a022044744,,
3,1fbcfad6fb589b98b2008dbb95a619a0,9009c28128737f7948fb54beb932f446c0ce27d5cbdefb4938dce83226ac7abd,2026-08-24T22:54:42.646630+00:00,TADP-SEC/14.0,CLIENT_ACCEPTED_SUBMISSION,T1_Plain_TADP,,,,client_001,,,,,,,,,,,2.3-phase1-fixed-threshold-critical-floor-review-profile,e910eb11d46f5a33a9f6a7d996c6c242f2a4caa089255874076d8ae12155dc94,2e5e1ea61ea1c71b07c235b309bb618daac98643cb3c0843acb266cd6b876512,cd72ec3b4911418e9899eae9aed63fa15aaf66633d0cb863f54d9ac8508d934e,833c0f503995ec3e68f8d11c30f392b1e756db044036faa02ce898eac71d1c91,VALIDATED_EVIDENCE_BUNDLE,,,,,,,,,,,,,,,,,,,,,,,,UPDATE_SUBMITTED_ENFORCED,,False,NOT_REQUIRED_AUTOMATED_POLICY,False,,,,,,,,,,,,,C1_PUBLIC,1,,,,,,,,6401d449cad49398af2f5e4da9bd6c0fbdde3a2a57f8a422907de7f0354cd145,71adf2c7741ed63f779fe8cebf9b4d1363fd18da1c5a49e39f32ec63cb8262f2,,,2026-08-25T22:32:04.883782+00:00,e878c886c2fce5669a5abdfd2cf12d11,,,,,80467a1951f575569b9d5a1589ff2eaaa2003be9007744f2b34141dde5521ad1,f2b14f9d80c666ab005ad941036b0ad284f2ba09098ec9ba2c48cc2786e88891,,,2026-08-25T22:54:40.997990+00:00,75d46ecd684a2dc4b6a8e27daff7fed8db3fae5cae653b9ddb3099795df8cd6c,active,,,2,ACCEPTED,ALL_BASELINE_CONTROLS,,,,True,True,True,True,True,False,PsyQTMeEJG3tHmkefoh1mPqMdFgPpmM8tkzoQN8pEz8=,7233a3d9e86aa9c6dc558bf7bcd13d20bf712ee375a58678345b60a4639945ec,LVS6iX3xyk+AW89N8K7wd5i2P+GtpUmTpzID/3W7LU4=,750bb6db2304f39f6e0b6ea755a66d26ff43e0eaee3ce4cc081c2f7a77d406e2,Mf379fjLP/ouPva07ABfuagSm6OA6v86uWQHOOGuYBU=,d2de0eecb364b6ad6dfd68c57fbb2b61edd7f408c047202d5ab95910a24e2627,,,,,,,,,,,,,,,,,1515d3bf380c194d725f05e13c155cf98a9dce480d7ac486bf21578e3fccc869,audit_trails/artifacts/accepted_runtime_submissions/T1_Plain_TADP_client_001_r2_7233a3d9e86aa9c6__1515d3bf380c194d.json,,,,,,,,,,,,,5b75832f526d11b32a95ac8846b5a6790c57a821ac965bf05e9627a022044744,d33a534c147f80d5d3b1e39c2ad7d0343b95c866d95f7553911ba3d2c238203e,,
4,9092572cc3fc9639149722fdcaee4d56,9009c28128737f7948fb54beb932f446c0ce27d5cbdefb4938dce83226ac7abd,2026-08-24T22:54:42.674739+00:00,TADP-SEC/14.0,CLIENT_CIPHERTEXT_BINDING,T1_Plain_TADP,,,,client_001,,,,,,,,,,,,,,,,,,,,,,,,,,,,,,,,,,,,,,,,CIPHERTEXT_BOUND_TO_SIGNED_UPDATE,,,,,,,,,,,,,,,,,C1_PUBLIC,1,,,,,,,,,,,,,e878c886c2fce5669a5abdfd2cf12d11,,,,,,,,,,,,,,2,VERIFIED,,,,,True,,,,,False,PsyQTMeEJG3tHmkefoh1mPqMdFgPpmM8tkzoQN8pEz8=,7233a3d9e86aa9c6dc558bf7bcd13d20bf712ee375a58678345b60a4639945ec,LVS6iX3xyk+AW89N8K7wd5i2P+GtpUmTpzID/3W7LU4=,ca8130af191e707c82f419a61cbb734014a71eae385ff94cfb06a29a24f173c6,Mf379fjLP/ouPva07ABfuagSm6OA6v86uWQHOOGuYBU=,d2de0eecb364b6ad6dfd68c57fbb2b61edd7f408c047202d5ab95910a24e2627,plaintext_update_no_noise,reference_python,n=|logq=|scale=|scheme=plain,plain,,,,,,,,,f6a4a3ed9e1bb33940d4bc422dccaa504d40de41eeb1567aa332589c739d8030,,ea1b73af26076947a5f56746c9633b355c84d3893d2b07c6b01d06c67ec3a626,audit_trails/artifacts/ciphertext_attestations/T1_Plain_TADP_client_001_r2_5e135849a8583067__ea1b73af26076947.json,,,,,,,,,,,,,,,d33a534c147f80d5d3b1e39c2ad7d0343b95c866d95f7553911ba3d2c238203e,dbe690d31859a05ee4ad8545271c76a29b00386f988b31c23a2e2015db1ea4df,,
5,71ef5ce418338958932d6a6c949eb64d,9009c28128737f7948fb54beb932f446c0ce27d5cbdefb4938dce83226ac7abd,2026-08-24T22:54:44.027414+00:00,TADP-SEC/14.0,CLIENT_ACCEPTED_SUBMISSION,T1_Plain_TADP,,,,client_001,,,,,,,,,,,2.3-phase1-fixed-threshold-critical-floor-review-profile,e910eb11d46f5a33a9f6a7d996c6c242f2a4caa089255874076d8ae12155dc94,2e5e1ea61ea1c71b07c235b309bb618daac98643cb3c0843acb266cd6b876512,cd72ec3b4911418e9899eae9aed63fa15aaf66633d0cb863f54d9ac8508d934e,833c0f503995ec3e68f8d11c30f392b1e756db044036faa02ce898eac71d1c91,VALIDATED_EVIDENCE_BUNDLE,,,,,,,,,,,,,,,,,,,,,,,,UPDATE_SUBMITTED_ENFORCED,,False,NOT_REQUIRED_AUTOMATED_POLICY,False,,,,,,,,,,,,,C1_PUBLIC,1,,,,,,,,6401d449cad49398af2f5e4da9bd6c0fbdde3a2a57f8a422907de7f0354cd145,71adf2c7741ed63f779fe8cebf9b4d1363fd18da1c5a49e39f32ec63cb8262f2,,,2026-08-25T22:32:04.883782+00:00,e878c886c2fce5669a5abdfd2cf12d11,,,,,80467a1951f575569b9d5a1589ff2eaaa2003be9007744f2b34141dde5521ad1,f2b14f9d80c666ab005ad941036b0ad284f2ba09098ec9ba2c48cc2786e88891,,,2026-08-25T22:54:40.997990+00:00,75d46ecd684a2dc4b6a8e27daff7fed8db3fae5cae653b9ddb3099795df8cd6c,active,,,3,ACCEPTED,ALL_BASELINE_CONTROLS,,,,True,True,True,True,True,False,h3mj8TGcxNudhbz555XL5qDmpHHqj2lw8cJSOWvAYNM=,442c8bf39a9ed3ce6409cb1a3aecda25e78a51185828920522125592e3d75acb,LVS6iX3xyk+AW89N8K7wd5i2P+GtpUmTpzID/3W7LU4=,0b5715fa05f96cd0b09bae220abfd7f8087b84100d1a8b5d67960101d6955931,GQ9X2iz65bg5nRoK1e18Q8dkbrEYeMBirHq4yj5VVGM=,d2de0eecb364b6ad6dfd68c57fbb2b61edd7f408c047202d5ab95910a24e2627,,,,,,,,,,,,,,,,,1662edabae3518ed4abfae2665c8cee9850ffa78cfabd403f4d205fd8f37c5d5,audit_trails/artifacts/accepted_runtime_submissions/T1_Plain_TADP_client_001_r3_442c8bf39a9ed3ce__1662edabae3518ed.json,,,,,,,,,,,,,dbe690d31859a05ee4ad8545271c76a29b00386f988b31c23a2e2015db1ea4df,b87c8255257299c0c8c348193518ff6aaac0525d8629a4c8a6192ab899de555f,,
6,5dfa88999522fc90de7ad80ced9e3c05,9009c28128737f7948fb54beb932f446c0ce27d5cbdefb4938dce83226ac7abd,2026-08-24T22:54:44.046315+00:00,TADP-SEC/14.0,CLIENT_CIPHERTEXT_BINDING,T1_Plain_TADP,,,,client_001,,,,,,,,,,,,,,,,,,,,,,,,,,,,,,,,,,,,,,,,CIPHERTEXT_BOUND_TO_SIGNED_UPDATE,,,,,,,,,,,,,,,,,C1_PUBLIC,1,,,,,,,,,,,,,e878c886c2fce5669a5abdfd2cf12d11,,,,,,,,,,,,,,3,VERIFIED,,,,,True,,,,,False,h3mj8TGcxNudhbz555XL5qDmpHHqj2lw8cJSOWvAYNM=,442c8bf39a9ed3ce6409cb1a3aecda25e78a51185828920522125592e3d75acb,LVS6iX3xyk+AW89N8K7wd5i2P+GtpUmTpzID/3W7LU4=,766f560dca130a2320ff1ea7aa0cbfd5bd074f4f96bff802005349edb053dce5,GQ9X2iz65bg5nRoK1e18Q8dkbrEYeMBirHq4yj5VVGM=,d2de0eecb364b6ad6dfd68c57fbb2b61edd7f408c047202d5ab95910a24e2627,plaintext_update_no_noise,reference_python,n=|logq=|scale=|scheme=plain,plain,,,,,,,,,f6a4a3ed9e1bb33940d4bc422dccaa504d40de41eeb1567aa332589c739d8030,,c71324cc2a18a8518162231837c0288d6ed0acde23cd046f47754ed7d1be18db,audit_trails/artifacts/ciphertext_attestations/T1_Plain_TADP_client_001_r3_5cfcab2cabb2974d__c71324cc2a18a851.json,,,,,,,,,,,,,,,b87c8255257299c0c8c348193518ff6aaac0525d8629a4c8a6192ab899de555f,926cf812e765547e6a5e18349357134f7c6b081e13daab8266b96101b9c57843,,
7,26c0f81bcb69993cb1e88fe679e7a5c3,9009c28128737f7948fb54beb932f446c0ce27d5cbdefb4938dce83226ac7abd,2026-08-24T22:54:45.111405+00:00,TADP-SEC/14.0,CLIENT_ACCEPTED_SUBMISSION,T1_Plain_TADP,,,,client_001,,,,,,,,,,,2.3-phase1-fixed-threshold-critical-floor-review-profile,e910eb11d46f5a33a9f6a7d996c6c242f2a4caa089255874076d8ae12155dc94,2e5e1ea61ea1c71b07c235b309bb618daac98643cb3c0843acb266cd6b876512,cd72ec3b4911418e9899eae9aed63fa15aaf66633d0cb863f54d9ac8508d934e,833c0f503995ec3e68f8d11c30f392b1e756db044036faa02ce898eac71d1c91,VALIDATED_EVIDENCE_BUNDLE,,,,,,,,,,,,,,,,,,,,,,,,UPDATE_SUBMITTED_ENFORCED,,False,NOT_REQUIRED_AUTOMATED_POLICY,False,,,,,,,,,,,,,C1_PUBLIC,1,,,,,,,,6401d449cad49398af2f5e4da9bd6c0fbdde3a2a57f8a422907de7f0354cd145,71adf2c7741ed63f779fe8cebf9b4d1363fd18da1c5a49e39f32ec63cb8262f2,,,2026-08-25T22:32:04.883782+00:00,e878c886c2fce5669a5abdfd2cf12d11,,,,,80467a1951f575569b9d5a1589ff2eaaa2003be9007744f2b34141dde5521ad1,f2b14f9d80c666ab005ad941036b0ad284f2ba09098ec9ba2c48cc2786e88891,,,2026-08-25T22:54:40.997990+00:00,75d46ecd684a2dc4b6a8e27daff7fed8db3fae5cae653b9ddb3099795df8cd6c,active,,,4,ACCEPTED,ALL_BASELINE_CONTROLS,,,,True,True,True,True,True,False,uAXBqLc0KGj3rYKubR8EXDsUZwfJWSXm081K3gE9wew=,a901058d8d77df13e09b312f9e12f274e2b55b67d8ee74c270d498c3dd40a52d,LVS6iX3xyk+AW89N8K7wd5i2P+GtpUmTpzID/3W7LU4=,5ecb2e7e0535ec0a5130f783a80a371525101d976dfb0a685af9c0b9c29940b5,3LLe+kHMlj1TjXgwceeCgwOT0R8Po7dRnEjK6xAMavg=,d2de0eecb364b6ad6dfd68c57fbb2b61edd7f408c047202d5ab95910a24e2627,,,,,,,,,,,,,,,,,6f0cef0346d6113f315bc87d637e2430f23c916c70224507e423456430b211cf,audit_trails/artifacts/accepted_runtime_submissions/T1_Plain_TADP_client_001_r4_a901058d8d77df13__6f0cef0346d6113f.json,,,,,,,,,,,,,926cf812e765547e6a5e18349357134f7c6b081e13daab8266b96101b9c57843,40fa8e6f96e5af66b9c195e6a5ed769d49c59091d0389eed67caea135b141df5,,
8,4d6905b674f337a6ec72d29ba432f7bc,9009c28128737f7948fb54beb932f446c0ce27d5cbdefb4938dce83226ac7abd,2026-08-24T22:54:45.130751+00:00,TADP-SEC/14.0,CLIENT_CIPHERTEXT_BINDING,T1_Plain_TADP,,,,client_001,,,,,,,,,,,,,,,,,,,,,,,,,,,,,,,,,,,,,,,,CIPHERTEXT_BOUND_TO_SIGNED_UPDATE,,,,,,,,,,,,,,,,,C1_PUBLIC,1,,,,,,,,,,,,,e878c886c2fce5669a5abdfd2cf12d11,,,,,,,,,,,,,,4,VERIFIED,,,,,True,,,,,False,uAXBqLc0KGj3rYKubR8EXDsUZwfJWSXm081K3gE9wew=,a901058d8d77df13e09b312f9e12f274e2b55b67d8ee74c270d498c3dd40a52d,LVS6iX3xyk+AW89N8K7wd5i2P+GtpUmTpzID/3W7LU4=,7f6db402fc5de74ac104145bca804060073fe027c461625f53d457a5bc4ee088,3LLe+kHMlj1TjXgwceeCgwOT0R8Po7dRnEjK6xAMavg=,d2de0eecb364b6ad6dfd68c57fbb2b61edd7f408c047202d5ab95910a24e2627,plaintext_update_no_noise,reference_python,n=|logq=|scale=|scheme=plain,plain,,,,,,,,,f6a4a3ed9e1bb33940d4bc422dccaa504d40de41eeb1567aa332589c739d8030,,b453ca21ed6808e4e45c138cd22e8bec5514e32b52adf651a3c5c2b9bea40f65,audit_trails/artifacts/ciphertext_attestations/T1_Plain_TADP_client_001_r4_369a323fc9370983__b453ca21ed6808e4.json,,,,,,,,,,,,,,,40fa8e6f96e5af66b9c195e6a5ed769d49c59091d0389eed67caea135b141df5,cf76e4660acacf6ab96eae5708fd1853703ca2c6934e4da790b35020120e2dc0,,
9,e222b1ec9b01db9c0e104d613adbea22,9009c28128737f7948fb54beb932f446c0ce27d5cbdefb4938dce83226ac7abd,2026-08-24T22:54:46.192204+00:00,TADP-SEC/14.0,CLIENT_ACCEPTED_SUBMISSION,T1_Plain_TADP,,,,client_001,,,,,,,,,,,2.3-phase1-fixed-threshold-critical-floor-review-profile,e910eb11d46f5a33a9f6a7d996c6c242f2a4caa089255874076d8ae12155dc94,2e5e1ea61ea1c71b07c235b309bb618daac98643cb3c0843acb266cd6b876512,cd72ec3b4911418e9899eae9aed63fa15aaf66633d0cb863f54d9ac8508d934e,833c0f503995ec3e68f8d11c30f392b1e756db044036faa02ce898eac71d1c91,VALIDATED_EVIDENCE_BUNDLE,,,,,,,,,,,,,,,,,,,,,,,,UPDATE_SUBMITTED_ENFORCED,,False,NOT_REQUIRED_AUTOMATED_POLICY,False,,,,,,,,,,,,,C1_PUBLIC,1,,,,,,,,6401d449cad49398af2f5e4da9bd6c0fbdde3a2a57f8a422907de7f0354cd145,71adf2c7741ed63f779fe8cebf9b4d1363fd18da1c5a49e39f32ec63cb8262f2,,,2026-08-25T22:32:04.883782+00:00,e878c886c2fce5669a5abdfd2cf12d11,,,,,80467a1951f575569b9d5a1589ff2eaaa2003be9007744f2b34141dde5521ad1,f2b14f9d80c666ab005ad941036b0ad284f2ba09098ec9ba2c48cc2786e88891,,,2026-08-25T22:54:40.997990+00:00,75d46ecd684a2dc4b6a8e27daff7fed8db3fae5cae653b9ddb3099795df8cd6c,active,,,5,ACCEPTED,ALL_BASELINE_CONTROLS,,,,True,True,True,True,True,False,rMkz0EfWtYFKPHdJH9FUreCN1vaxzGCRRImwhqXaHVc=,9efed3cf812f1cc0ff0c3fc70f4f22577b2d258559fb4f21af96d6dfcab20527,LVS6iX3xyk+AW89N8K7wd5i2P+GtpUmTpzID/3W7LU4=,62e33586f0db40c71af2339cf711f327efe5cfb166381976fba63a431e3c132d,D2V111VWWDTfQSLkSrlcCoSHCp56LCdqpNUuiXc+3bQ=,d2de0eecb364b6ad6dfd68c57fbb2b61edd7f408c047202d5ab95910a24e2627,,,,,,,,,,,,,,,,,69005488b177f4718f62f420db48d6fe471d2746f0a236b8aae699b1ae549080,audit_trails/artifacts/accepted_runtime_submissions/T1_Plain_TADP_client_001_r5_9efed3cf812f1cc0__69005488b177f471.json,,,,,,,,,,,,,cf76e4660acacf6ab96eae5708fd1853703ca2c6934e4da790b35020120e2dc0,2abaaa72cde172261afceacdae4d9661934cded9d94ceced58d440d261d214d0,,
10,3280a4cbebf82b327c31b631eb9356b2,9009c28128737f7948fb54beb932f446c0ce27d5cbdefb4938dce83226ac7abd,2026-08-24T22:54:46.209126+00:00,TADP-SEC/14.0,CLIENT_CIPHERTEXT_BINDING,T1_Plain_TADP,,,,client_001,,,,,,,,,,,,,,,,,,,,,,,,,,,,,,,,,,,,,,,,CIPHERTEXT_BOUND_TO_SIGNED_UPDATE,,,,,,,,,,,,,,,,,C1_PUBLIC,1,,,,,,,,,,,,,e878c886c2fce5669a5abdfd2cf12d11,,,,,,,,,,,,,,5,VERIFIED,,,,,True,,,,,False,rMkz0EfWtYFKPHdJH9FUreCN1vaxzGCRRImwhqXaHVc=,9efed3cf812f1cc0ff0c3fc70f4f22577b2d258559fb4f21af96d6dfcab20527,LVS6iX3xyk+AW89N8K7wd5i2P+GtpUmTpzID/3W7LU4=,69e4cdf10a6cbaf5df901ec509d3868d2b6309eaf04fd89338543d2e206f1e72,D2V111VWWDTfQSLkSrlcCoSHCp56LCdqpNUuiXc+3bQ=,d2de0eecb364b6ad6dfd68c57fbb2b61edd7f408c047202d5ab95910a24e2627,plaintext_update_no_noise,reference_python,n=|logq=|scale=|scheme=plain,plain,,,,,,,,,f6a4a3ed9e1bb33940d4bc422dccaa504d40de41eeb1567aa332589c739d8030,,569d931ab1670cf4afc9dc087cb0e9e615dd1ce06eaff65c6da3984bd2b8a757,audit_trails/artifacts/ciphertext_attestations/T1_Plain_TADP_client_001_r5_c35748158022e5ac__569d931ab1670cf4.json,,,,,,,,,,,,,,,2abaaa72cde172261afceacdae4d9661934cded9d94ceced58d440d261d214d0,c029d738cdb793fc7fa5a6bce4bd219db774c07f12d93c45b2b25f4092233ced,,
11,9a4a55d8017b458154f302c8daa9740a,9009c28128737f7948fb54beb932f446c0ce27d5cbdefb4938dce83226ac7abd,2026-08-24T22:54:47.255982+00:00,TADP-SEC/14.0,CLIENT_ACCEPTED_SUBMISSION,T1_Plain_TADP,,,,client_001,,,,,,,,,,,2.3-phase1-fixed-threshold-critical-floor-review-profile,e910eb11d46f5a33a9f6a7d996c6c242f2a4caa089255874076d8ae12155dc94,2e5e1ea61ea1c71b07c235b309bb618daac98643cb3c0843acb266cd6b876512,cd72ec3b4911418e9899eae9aed63fa15aaf66633d0cb863f54d9ac8508d934e,833c0f503995ec3e68f8d11c30f392b1e756db044036faa02ce898eac71d1c91,VALIDATED_EVIDENCE_BUNDLE,,,,,,,,,,,,,,,,,,,,,,,,UPDATE_SUBMITTED_ENFORCED,,False,NOT_REQUIRED_AUTOMATED_POLICY,False,,,,,,,,,,,,,C1_PUBLIC,1,,,,,,,,6401d449cad49398af2f5e4da9bd6c0fbdde3a2a57f8a422907de7f0354cd145,71adf2c7741ed63f779fe8cebf9b4d1363fd18da1c5a49e39f32ec63cb8262f2,,,2026-08-25T22:32:04.883782+00:00,e878c886c2fce5669a5abdfd2cf12d11,,,,,80467a1951f575569b9d5a1589ff2eaaa2003be9007744f2b34141dde5521ad1,f2b14f9d80c666ab005ad941036b0ad284f2ba09098ec9ba2c48cc2786e88891,,,2026-08-25T22:54:40.997990+00:00,75d46ecd684a2dc4b6a8e27daff7fed8db3fae5cae653b9ddb3099795df8cd6c,active,,,6,ACCEPTED,ALL_BASELINE_CONTROLS,,,,True,True,True,True,True,False,13t2uOGzQgc5D/AX49F+/nQVt0I4+nGZBBo1qHknmKs=,b7dfe1e6e9db4eb666bdd55d5bc70e3c0f72ef8937ca66ecdfc904019fd398dd,LVS6iX3xyk+AW89N8K7wd5i2P+GtpUmTpzID/3W7LU4=,39ae6c10625e9769dc742016f0478afa9da449a1c400da406dbb37270fa9d4e3,idKmPNwNoycm0twOfAXLAtvX1/BXBlpB5ulKzltqw2Q=,d2de0eecb364b6ad6dfd68c57fbb2b61edd7f408c047202d5ab95910a24e2627,,,,,,,,,,,,,,,,,8f2dcc15b1c8acde64a83a932d510ff53d669b42b7d904c214927cc34eb97310,audit_trails/artifacts/accepted_runtime_submissions/T1_Plain_TADP_client_001_r6_b7dfe1e6e9db4eb6__8f2dcc15b1c8acde.json,,,,,,,,,,,,,c029d738cdb793fc7fa5a6bce4bd219db774c07f12d93c45b2b25f4092233ced,e2078c712e47a9e525e25d3e07b252250408c9642e414e4941b131bfa11ab07a,,
12,17849761bf4a26682a33c896cee40b80,9009c28128737f7948fb54beb932f446c0ce27d5cbdefb4938dce83226ac7abd,2026-08-24T22:54:47.274667+00:00,TADP-SEC/14.0,CLIENT_CIPHERTEXT_BINDING,T1_Plain_TADP,,,,client_001,,,,,,,,,,,,,,,,,,,,,,,,,,,,,,,,,,,,,,,,CIPHERTEXT_BOUND_TO_SIGNED_UPDATE,,,,,,,,,,,,,,,,,C1_PUBLIC,1,,,,,,,,,,,,,e878c886c2fce5669a5abdfd2cf12d11,,,,,,,,,,,,,,6,VERIFIED,,,,,True,,,,,False,13t2uOGzQgc5D/AX49F+/nQVt0I4+nGZBBo1qHknmKs=,b7dfe1e6e9db4eb666bdd55d5bc70e3c0f72ef8937ca66ecdfc904019fd398dd,LVS6iX3xyk+AW89N8K7wd5i2P+GtpUmTpzID/3W7LU4=,7ac6b14c72328a9c128b51233e0cb3b4594cdd7a9e7d2113571374f2c4dc3639,idKmPNwNoycm0twOfAXLAtvX1/BXBlpB5ulKzltqw2Q=,d2de0eecb364b6ad6dfd68c57fbb2b61edd7f408c047202d5ab95910a24e2627,plaintext_update_no_noise,reference_python,n=|logq=|scale=|scheme=plain,plain,,,,,,,,,f6a4a3ed9e1bb33940d4bc422dccaa504d40de41eeb1567aa332589c739d8030,,6a483bc56a6d658cafa99729f855e7472b85e73d03286803e8c27fd3a07ee3aa,audit_trails/artifacts/ciphertext_attestations/T1_Plain_TADP_client_001_r6_6f77c2118b729660__6a483bc56a6d658c.json,,,,,,,,,,,,,,,e2078c712e47a9e525e25d3e07b252250408c9642e414e4941b131bfa11ab07a,187b1a33b7912f80f734921942062160ae46f40646dc8e906f2f94e72761c75c,,
13,edcc095f5ea70b2ef693f0a02d840ca5,9009c28128737f7948fb54beb932f446c0ce27d5cbdefb4938dce83226ac7abd,2026-08-24T22:54:48.317087+00:00,TADP-SEC/14.0,CLIENT_ACCEPTED_SUBMISSION,T1_Plain_TADP,,,,client_001,,,,,,,,,,,2.3-phase1-fixed-threshold-critical-floor-review-profile,e910eb11d46f5a33a9f6a7d996c6c242f2a4caa089255874076d8ae12155dc94,2e5e1ea61ea1c71b07c235b309bb618daac98643cb3c0843acb266cd6b876512,cd72ec3b4911418e9899eae9aed63fa15aaf66633d0cb863f54d9ac8508d934e,833c0f503995ec3e68f8d11c30f392b1e756db044036faa02ce898eac71d1c91,VALIDATED_EVIDENCE_BUNDLE,,,,,,,,,,,,,,,,,,,,,,,,UPDATE_SUBMITTED_ENFORCED,,False,NOT_REQUIRED_AUTOMATED_POLICY,False,,,,,,,,,,,,,C1_PUBLIC,1,,,,,,,,6401d449cad49398af2f5e4da9bd6c0fbdde3a2a57f8a422907de7f0354cd145,71adf2c7741ed63f779fe8cebf9b4d1363fd18da1c5a49e39f32ec63cb8262f2,,,2026-08-25T22:32:04.883782+00:00,e878c886c2fce5669a5abdfd2cf12d11,,,,,80467a1951f575569b9d5a1589ff2eaaa2003be9007744f2b34141dde5521ad1,f2b14f9d80c666ab005ad941036b0ad284f2ba09098ec9ba2c48cc2786e88891,,,2026-08-25T22:54:40.997990+00:00,75d46ecd684a2dc4b6a8e27daff7fed8db3fae5cae653b9ddb3099795df8cd6c,active,,,7,ACCEPTED,ALL_BASELINE_CONTROLS,,,,True,True,True,True,True,False,9TLNkCYXWvTSB/KP2fNVfinisQLlGLLI8qXlYHBeRTM=,eb2e8cfa69399ac01240d2d07dc4db0a8976f716ee3c3b6a52428e824d302cc4,LVS6iX3xyk+AW89N8K7wd5i2P+GtpUmTpzID/3W7LU4=,8e420062dad89a8623a60c4bee52f826787cadc2b413f340672978bd45d61a22,xRx6tUNLKmJBgJeBA7ZN9Fv1K1j5VN+Zdj+MBsQ3QMw=,d2de0eecb364b6ad6dfd68c57fbb2b61edd7f408c047202d5ab95910a24e2627,,,,,,,,,,,,,,,,,0bd94c0f49fe3a0be9e8a7810eb2ddf6240bb3d77f1de6b97318ab0064901198,audit_trails/artifacts/accepted_runtime_submissions/T1_Plain_TADP_client_001_r7_eb2e8cfa69399ac0__0bd94c0f49fe3a0b.json,,,,,,,,,,,,,187b1a33b7912f80f734921942062160ae46f40646dc8e906f2f94e72761c75c,0c5cfcdfaf94a828399e02724a476eb604ef5c3231a9ea6d09f297489a254932,,
14,98e4af12a1e0626b7791e0608344f7a4,9009c28128737f7948fb54beb932f446c0ce27d5cbdefb4938dce83226ac7abd,2026-08-24T22:54:48.335923+00:00,TADP-SEC/14.0,CLIENT_CIPHERTEXT_BINDING,T1_Plain_TADP,,,,client_001,,,,,,,,,,,,,,,,,,,,,,,,,,,,,,,,,,,,,,,,CIPHERTEXT_BOUND_TO_SIGNED_UPDATE,,,,,,,,,,,,,,,,,C1_PUBLIC,1,,,,,,,,,,,,,e878c886c2fce5669a5abdfd2cf12d11,,,,,,,,,,,,,,7,VERIFIED,,,,,True,,,,,False,9TLNkCYXWvTSB/KP2fNVfinisQLlGLLI8qXlYHBeRTM=,eb2e8cfa69399ac01240d2d07dc4db0a8976f716ee3c3b6a52428e824d302cc4,LVS6iX3xyk+AW89N8K7wd5i2P+GtpUmTpzID/3W7LU4=,325cfe7ceeb8768b5eb15bf424fa208d625993c28b5c00fbd77432a924ef98e5,xRx6tUNLKmJBgJeBA7ZN9Fv1K1j5VN+Zdj+MBsQ3QMw=,d2de0eecb364b6ad6dfd68c57fbb2b61edd7f408c047202d5ab95910a24e2627,plaintext_update_no_noise,reference_python,n=|logq=|scale=|scheme=plain,plain,,,,,,,,,f6a4a3ed9e1bb33940d4bc422dccaa504d40de41eeb1567aa332589c739d8030,,702307189d8d14484abf1b041412c5cc85f0ffb841330449d34645c9c5833b54,audit_trails/artifacts/ciphertext_attestations/T1_Plain_TADP_client_001_r7_3f60fcb05b0b1e3d__702307189d8d1448.json,,,,,,,,,,,,,,,0c5cfcdfaf94a828399e02724a476eb604ef5c3231a9ea6d09f297489a254932,034d08ca95629d4d5011fac949fcd4a1b72996706c0b9e39f6bdda0ff84324f9,,
15,db37d73e2b7137622932bb87a89445c0,9009c28128737f7948fb54beb932f446c0ce27d5cbdefb4938dce83226ac7abd,2026-08-24T22:54:49.381122+00:00,TADP-SEC/14.0,CLIENT_ACCEPTED_SUBMISSION,T1_Plain_TADP,,,,client_001,,,,,,,,,,,2.3-phase1-fixed-threshold-critical-floor-review-profile,e910eb11d46f5a33a9f6a7d996c6c242f2a4caa089255874076d8ae12155dc94,2e5e1ea61ea1c71b07c235b309bb618daac98643cb3c0843acb266cd6b876512,cd72ec3b4911418e9899eae9aed63fa15aaf66633d0cb863f54d9ac8508d934e,833c0f503995ec3e68f8d11c30f392b1e756db044036faa02ce898eac71d1c91,VALIDATED_EVIDENCE_BUNDLE,,,,,,,,,,,,,,,,,,,,,,,,UPDATE_SUBMITTED_ENFORCED,,False,NOT_REQUIRED_AUTOMATED_POLICY,False,,,,,,,,,,,,,C1_PUBLIC,1,,,,,,,,6401d449cad49398af2f5e4da9bd6c0fbdde3a2a57f8a422907de7f0354cd145,71adf2c7741ed63f779fe8cebf9b4d1363fd18da1c5a49e39f32ec63cb8262f2,,,2026-08-25T22:32:04.883782+00:00,e878c886c2fce5669a5abdfd2cf12d11,,,,,80467a1951f575569b9d5a1589ff2eaaa2003be9007744f2b34141dde5521ad1,f2b14f9d80c666ab005ad941036b0ad284f2ba09098ec9ba2c48cc2786e88891,,,2026-08-25T22:54:40.997990+00:00,75d46ecd684a2dc4b6a8e27daff7fed8db3fae5cae653b9ddb3099795df8cd6c,active,,,8,ACCEPTED,ALL_BASELINE_CONTROLS,,,,True,True,True,True,True,False,4ecUnw887+0/URVeJrTf9zOlTzjvERGtuiDLHb9E308=,2fe876e536eb7c4570e9579313b489c1b694101b278c73cc43acd71caf4bba3e,LVS6iX3xyk+AW89N8K7wd5i2P+GtpUmTpzID/3W7LU4=,e75e7e2ea20d7c32d1c0f3c605a974b3eb595c796d692c51446acfe9896d5fa8,qWtMCGIpg3T76ysvRrXHtoXLrROcIuHTmWraGR6dYh0=,d2de0eecb364b6ad6dfd68c57fbb2b61edd7f408c047202d5ab95910a24e2627,,,,,,,,,,,,,,,,,f185d031e827603c07e7eaab40a41f9d2d7f439eee3438b1c9bcc1f9751ed58c,audit_trails/artifacts/accepted_runtime_submissions/T1_Plain_TADP_client_001_r8_2fe876e536eb7c45__f185d031e827603c.json,,,,,,,,,,,,,034d08ca95629d4d5011fac949fcd4a1b72996706c0b9e39f6bdda0ff84324f9,b2f26f4496ace40f60523331449fd7807be3845113cccdde1c6e8cf175802368,,
16,8234ca7bfdd3142ac1f682af17465c91,9009c28128737f7948fb54beb932f446c0ce27d5cbdefb4938dce83226ac7abd,2026-08-24T22:54:49.399027+00:00,TADP-SEC/14.0,CLIENT_CIPHERTEXT_BINDING,T1_Plain_TADP,,,,client_001,,,,,,,,,,,,,,,,,,,,,,,,,,,,,,,,,,,,,,,,CIPHERTEXT_BOUND_TO_SIGNED_UPDATE,,,,,,,,,,,,,,,,,C1_PUBLIC,1,,,,,,,,,,,,,e878c886c2fce5669a5abdfd2cf12d11,,,,,,,,,,,,,,8,VERIFIED,,,,,True,,,,,False,4ecUnw887+0/URVeJrTf9zOlTzjvERGtuiDLHb9E308=,2fe876e536eb7c4570e9579313b489c1b694101b278c73cc43acd71caf4bba3e,LVS6iX3xyk+AW89N8K7wd5i2P+GtpUmTpzID/3W7LU4=,5a27a4836f6786f20c0dd225cd8b30f70a1c130cd9be16a5ce767f325b516924,qWtMCGIpg3T76ysvRrXHtoXLrROcIuHTmWraGR6dYh0=,d2de0eecb364b6ad6dfd68c57fbb2b61edd7f408c047202d5ab95910a24e2627,plaintext_update_no_noise,reference_python,n=|logq=|scale=|scheme=plain,plain,,,,,,,,,f6a4a3ed9e1bb33940d4bc422dccaa504d40de41eeb1567aa332589c739d8030,,2410552e617b199635085714015c58eee0ed3a43c11a981da0ba42cde91dd8a2,audit_trails/artifacts/ciphertext_attestations/T1_Plain_TADP_client_001_r8_1ea0751820e7e65b__2410552e617b1996.json,,,,,,,,,,,,,,,b2f26f4496ace40f60523331449fd7807be3845113cccdde1c6e8cf175802368,d4535be3fc96ac7c713d6e5a28723666e15e5baafe85ac0aa0e75fbe99a27149,,
17,ac8404c209bb08a64892ec8176a4fc03,9009c28128737f7948fb54beb932f446c0ce27d5cbdefb4938dce83226ac7abd,2026-08-24T22:54:50.423564+00:00,TADP-SEC/14.0,CLIENT_ACCEPTED_SUBMISSION,T1_Plain_TADP,,,,client_001,,,,,,,,,,,2.3-phase1-fixed-threshold-critical-floor-review-profile,e910eb11d46f5a33a9f6a7d996c6c242f2a4caa089255874076d8ae12155dc94,2e5e1ea61ea1c71b07c235b309bb618daac98643cb3c0843acb266cd6b876512,cd72ec3b4911418e9899eae9aed63fa15aaf66633d0cb863f54d9ac8508d934e,833c0f503995ec3e68f8d11c30f392b1e756db044036faa02ce898eac71d1c91,VALIDATED_EVIDENCE_BUNDLE,,,,,,,,,,,,,,,,,,,,,,,,UPDATE_SUBMITTED_ENFORCED,,False,NOT_REQUIRED_AUTOMATED_POLICY,False,,,,,,,,,,,,,C1_PUBLIC,1,,,,,,,,6401d449cad49398af2f5e4da9bd6c0fbdde3a2a57f8a422907de7f0354cd145,71adf2c7741ed63f779fe8cebf9b4d1363fd18da1c5a49e39f32ec63cb8262f2,,,2026-08-25T22:32:04.883782+00:00,e878c886c2fce5669a5abdfd2cf12d11,,,,,80467a1951f575569b9d5a1589ff2eaaa2003be9007744f2b34141dde5521ad1,f2b14f9d80c666ab005ad941036b0ad284f2ba09098ec9ba2c48cc2786e88891,,,2026-08-25T22:54:40.997990+00:00,75d46ecd684a2dc4b6a8e27daff7fed8db3fae5cae653b9ddb3099795df8cd6c,active,,,9,ACCEPTED,ALL_BASELINE_CONTROLS,,,,True,True,True,True,True,False,mbkYuQt8icMZPbk8MwYCDsfSQFD8ejmJtFZOkAm4Yn8=,d02a2308d3fc22fa8954eb8cf94aa01a1aae913e67ddbff35a4fcd6df15ed016,LVS6iX3xyk+AW89N8K7wd5i2P+GtpUmTpzID/3W7LU4=,fe7a25e0706fa9a5f48b7f4bc61fd967147400e88b1a17eef247971eff9fc552,Lf60qLNyZghIzwhqOZEjbQCh7wnPwiOUNdf8t3YbTn8=,d2de0eecb364b6ad6dfd68c57fbb2b61edd7f408c047202d5ab95910a24e2627,,,,,,,,,,,,,,,,,24808a60a2de94747c486b509f98e626e5ecd4d23584387de7d8670b600478ae,audit_trails/artifacts/accepted_runtime_submissions/T1_Plain_TADP_client_001_r9_d02a2308d3fc22fa__24808a60a2de9474.json,,,,,,,,,,,,,d4535be3fc96ac7c713d6e5a28723666e15e5baafe85ac0aa0e75fbe99a27149,b023e4870acc7b2475c6f0b5c709ba7e57b83a3f43cf16a6c04aa3593c49a306,,
18,f08fdf9fe3e87dfbcb62565dc2326dbb,9009c28128737f7948fb54beb932f446c0ce27d5cbdefb4938dce83226ac7abd,2026-08-24T22:54:50.442053+00:00,TADP-SEC/14.0,CLIENT_CIPHERTEXT_BINDING,T1_Plain_TADP,,,,client_001,,,,,,,,,,,,,,,,,,,,,,,,,,,,,,,,,,,,,,,,CIPHERTEXT_BOUND_TO_SIGNED_UPDATE,,,,,,,,,,,,,,,,,C1_PUBLIC,1,,,,,,,,,,,,,e878c886c2fce5669a5abdfd2cf12d11,,,,,,,,,,,,,,9,VERIFIED,,,,,True,,,,,False,mbkYuQt8icMZPbk8MwYCDsfSQFD8ejmJtFZOkAm4Yn8=,d02a2308d3fc22fa8954eb8cf94aa01a1aae913e67ddbff35a4fcd6df15ed016,LVS6iX3xyk+AW89N8K7wd5i2P+GtpUmTpzID/3W7LU4=,c7e14e05a609c29091d1e99705f60c2a621ea521fd41f86205eddc41856591cb,Lf60qLNyZghIzwhqOZEjbQCh7wnPwiOUNdf8t3YbTn8=,d2de0eecb364b6ad6dfd68c57fbb2b61edd7f408c047202d5ab95910a24e2627,plaintext_update_no_noise,reference_python,n=|logq=|scale=|scheme=plain,plain,,,,,,,,,f6a4a3ed9e1bb33940d4bc422dccaa504d40de41eeb1567aa332589c739d8030,,f28aaddf306bd72a5c41ceb5efab43354aa21c166527edc56b83e7aefba0315e,audit_trails/artifacts/ciphertext_attestations/T1_Plain_TADP_client_001_r9_2eb80595b3f3c74d__f28aaddf306bd72a.json,,,,,,,,,,,,,,,b023e4870acc7b2475c6f0b5c709ba7e57b83a3f43cf16a6c04aa3593c49a306,05733dc8ac209dff92279d97acebfc738cd387a22fa475a67cfe991b485bcc3e,,
19,471a5dd2238b160f0b17503f560894ef,9009c28128737f7948fb54beb932f446c0ce27d5cbdefb4938dce83226ac7abd,2026-08-24T22:54:51.461611+00:00,TADP-SEC/14.0,CLIENT_ACCEPTED_SUBMISSION,T1_Plain_TADP,,,,client_001,,,,,,,,,,,2.3-phase1-fixed-threshold-critical-floor-review-profile,e910eb11d46f5a33a9f6a7d996c6c242f2a4caa089255874076d8ae12155dc94,2e5e1ea61ea1c71b07c235b309bb618daac98643cb3c0843acb266cd6b876512,cd72ec3b4911418e9899eae9aed63fa15aaf66633d0cb863f54d9ac8508d934e,833c0f503995ec3e68f8d11c30f392b1e756db044036faa02ce898eac71d1c91,VALIDATED_EVIDENCE_BUNDLE,,,,,,,,,,,,,,,,,,,,,,,,UPDATE_SUBMITTED_ENFORCED,,False,NOT_REQUIRED_AUTOMATED_POLICY,False,,,,,,,,,,,,,C1_PUBLIC,1,,,,,,,,6401d449cad49398af2f5e4da9bd6c0fbdde3a2a57f8a422907de7f0354cd145,71adf2c7741ed63f779fe8cebf9b4d1363fd18da1c5a49e39f32ec63cb8262f2,,,2026-08-25T22:32:04.883782+00:00,e878c886c2fce5669a5abdfd2cf12d11,,,,,80467a1951f575569b9d5a1589ff2eaaa2003be9007744f2b34141dde5521ad1,f2b14f9d80c666ab005ad941036b0ad284f2ba09098ec9ba2c48cc2786e88891,,,2026-08-25T22:54:40.997990+00:00,75d46ecd684a2dc4b6a8e27daff7fed8db3fae5cae653b9ddb3099795df8cd6c,active,,,10,ACCEPTED,ALL_BASELINE_CONTROLS,,,,True,True,True,True,True,False,OIxeAKAIzpBBYKmPrnbcZbozHakskHTeuPKvjuExewk=,e2209c9fde52fabb1e662ff16199504910d0c3adaedf8999c07c921091a54af0,LVS6iX3xyk+AW89N8K7wd5i2P+GtpUmTpzID/3W7LU4=,0eb340495e6ef3d28e01f2e3d79dd9fa596f2c4e2c6845723fd9e4542110ff7e,aTisBwOvnHPhotMNo8QfPGvDnwDIh5mfI/CO9xRIRMc=,d2de0eecb364b6ad6dfd68c57fbb2b61edd7f408c047202d5ab95910a24e2627,,,,,,,,,,,,,,,,,b7ce02d02d1e0e69e385d96295bc951789b353a866e63be2d66615332bb40ec5,audit_trails/artifacts/accepted_runtime_submissions/T1_Plain_TADP_client_001_r10_e2209c9fde52fabb__b7ce02d02d1e0e69.json,,,,,,,,,,,,,05733dc8ac209dff92279d97acebfc738cd387a22fa475a67cfe991b485bcc3e,70003c0d0302127189fc5653856e51df05fb54c2b90649bbc122eacb9ed532af,,
20,879484fb1cbd24f8d9da4b7b6ca5ffe7,9009c28128737f7948fb54beb932f446c0ce27d5cbdefb4938dce83226ac7abd,2026-08-24T22:54:51.479144+00:00,TADP-SEC/14.0,CLIENT_CIPHERTEXT_BINDING,T1_Plain_TADP,,,,client_001,,,,,,,,,,,,,,,,,,,,,,,,,,,,,,,,,,,,,,,,CIPHERTEXT_BOUND_TO_SIGNED_UPDATE,,,,,,,,,,,,,,,,,C1_PUBLIC,1,,,,,,,,,,,,,e878c886c2fce5669a5abdfd2cf12d11,,,,,,,,,,,,,,10,VERIFIED,,,,,True,,,,,False,OIxeAKAIzpBBYKmPrnbcZbozHakskHTeuPKvjuExewk=,e2209c9fde52fabb1e662ff16199504910d0c3adaedf8999c07c921091a54af0,LVS6iX3xyk+AW89N8K7wd5i2P+GtpUmTpzID/3W7LU4=,11adea33266870b7e7becd41497670866e52d5574d16507609633a84427fa618,aTisBwOvnHPhotMNo8QfPGvDnwDIh5mfI/CO9xRIRMc=,d2de0eecb364b6ad6dfd68c57fbb2b61edd7f408c047202d5ab95910a24e2627,plaintext_update_no_noise,reference_python,n=|logq=|scale=|scheme=plain,plain,,,,,,,,,f6a4a3ed9e1bb33940d4bc422dccaa504d40de41eeb1567aa332589c739d8030,,2434aacac44fdc3d4396aa53ff7f1bf88e2a18182c8b6800691c7d5a84d892a8,audit_trails/artifacts/ciphertext_attestations/T1_Plain_TADP_client_001_r10_1129c6f8413f2393__2434aacac44fdc3d.json,,,,,,,,,,,,,,,70003c0d0302127189fc5653856e51df05fb54c2b90649bbc122eacb9ed532af,7ff3e5f9fe8b1d551d829e15904a62fc5a27e95c35303086d309fbb9aaae2d3d,,
21,f1d10f72bea2ac4ba1d197ba35850bb2,9009c28128737f7948fb54beb932f446c0ce27d5cbdefb4938dce83226ac7abd,2026-08-24T22:54:52.511218+00:00,TADP-SEC/14.0,CLIENT_ACCEPTED_SUBMISSION,T1_Plain_TADP,,,,client_001,,,,,,,,,,,2.3-phase1-fixed-threshold-critical-floor-review-profile,e910eb11d46f5a33a9f6a7d996c6c242f2a4caa089255874076d8ae12155dc94,2e5e1ea61ea1c71b07c235b309bb618daac98643cb3c0843acb266cd6b876512,cd72ec3b4911418e9899eae9aed63fa15aaf66633d0cb863f54d9ac8508d934e,833c0f503995ec3e68f8d11c30f392b1e756db044036faa02ce898eac71d1c91,VALIDATED_EVIDENCE_BUNDLE,,,,,,,,,,,,,,,,,,,,,,,,UPDATE_SUBMITTED_ENFORCED,,False,NOT_REQUIRED_AUTOMATED_POLICY,False,,,,,,,,,,,,,C1_PUBLIC,1,,,,,,,,6401d449cad49398af2f5e4da9bd6c0fbdde3a2a57f8a422907de7f0354cd145,71adf2c7741ed63f779fe8cebf9b4d1363fd18da1c5a49e39f32ec63cb8262f2,,,2026-08-25T22:32:04.883782+00:00,e878c886c2fce5669a5abdfd2cf12d11,,,,,80467a1951f575569b9d5a1589ff2eaaa2003be9007744f2b34141dde5521ad1,f2b14f9d80c666ab005ad941036b0ad284f2ba09098ec9ba2c48cc2786e88891,,,2026-08-25T22:54:40.997990+00:00,75d46ecd684a2dc4b6a8e27daff7fed8db3fae5cae653b9ddb3099795df8cd6c,active,,,11,ACCEPTED,ALL_BASELINE_CONTROLS,,,,True,True,True,True,True,False,8PLyyWbbBiAeLViHMUtNBdBs0Ti9tYP9VRmMj7WIoYU=,9065ea977fb131ba68ca444770a9b0f96bf67e9c78b0873bcc70b79e354c9b96,LVS6iX3xyk+AW89N8K7wd5i2P+GtpUmTpzID/3W7LU4=,ad22a6ac3426b87bb1b272bad380cdb38882aa255471f7cca8592e49c157f90d,78sTzNvwEu/2PuQ+qpM3SDoauU9UvA4MCFdhIHzg62s=,d2de0eecb364b6ad6dfd68c57fbb2b61edd7f408c047202d5ab95910a24e2627,,,,,,,,,,,,,,,,,a78773c6fd6e59ab51df2c3f56c8eebe300577c95ccc6a1ef6f9a2529e33b4f8,audit_trails/artifacts/accepted_runtime_submissions/T1_Plain_TADP_client_001_r11_9065ea977fb131ba__a78773c6fd6e59ab.json,,,,,,,,,,,,,7ff3e5f9fe8b1d551d829e15904a62fc5a27e95c35303086d309fbb9aaae2d3d,fd529a4fdddad99c98a67bf9bd7caaf94059e8d09372350208719ec9b5f1317f,,
22,97484f9a91360122e1fd5370679cbc7b,9009c28128737f7948fb54beb932f446c0ce27d5cbdefb4938dce83226ac7abd,2026-08-24T22:54:52.533278+00:00,TADP-SEC/14.0,CLIENT_CIPHERTEXT_BINDING,T1_Plain_TADP,,,,client_001,,,,,,,,,,,,,,,,,,,,,,,,,,,,,,,,,,,,,,,,CIPHERTEXT_BOUND_TO_SIGNED_UPDATE,,,,,,,,,,,,,,,,,C1_PUBLIC,1,,,,,,,,,,,,,e878c886c2fce5669a5abdfd2cf12d11,,,,,,,,,,,,,,11,VERIFIED,,,,,True,,,,,False,8PLyyWbbBiAeLViHMUtNBdBs0Ti9tYP9VRmMj7WIoYU=,9065ea977fb131ba68ca444770a9b0f96bf67e9c78b0873bcc70b79e354c9b96,LVS6iX3xyk+AW89N8K7wd5i2P+GtpUmTpzID/3W7LU4=,dde1294d8febc49e17ef877168099f4590b0fcd860ade57d01a3f668497ab4e7,78sTzNvwEu/2PuQ+qpM3SDoauU9UvA4MCFdhIHzg62s=,d2de0eecb364b6ad6dfd68c57fbb2b61edd7f408c047202d5ab95910a24e2627,plaintext_update_no_noise,reference_python,n=|logq=|scale=|scheme=plain,plain,,,,,,,,,f6a4a3ed9e1bb33940d4bc422dccaa504d40de41eeb1567aa332589c739d8030,,ce1c84cef4173c606916c200222b6323372e95a1eba1d86c6fd3543ab56e878f,audit_trails/artifacts/ciphertext_attestations/T1_Plain_TADP_client_001_r11_0e0e3d9f5725a4ce__ce1c84cef4173c60.json,,,,,,,,,,,,,,,fd529a4fdddad99c98a67bf9bd7caaf94059e8d09372350208719ec9b5f1317f,f226ddee359004e05816276983cbeb7500b822d90755fb1c1f3f07cb763c7955,,
23,940b9c1b14ac9fc807c530acfb8be462,9009c28128737f7948fb54beb932f446c0ce27d5cbdefb4938dce83226ac7abd,2026-08-24T22:54:53.562754+00:00,TADP-SEC/14.0,CLIENT_ACCEPTED_SUBMISSION,T1_Plain_TADP,,,,client_001,,,,,,,,,,,2.3-phase1-fixed-threshold-critical-floor-review-profile,e910eb11d46f5a33a9f6a7d996c6c242f2a4caa089255874076d8ae12155dc94,2e5e1ea61ea1c71b07c235b309bb618daac98643cb3c0843acb266cd6b876512,cd72ec3b4911418e9899eae9aed63fa15aaf66633d0cb863f54d9ac8508d934e,833c0f503995ec3e68f8d11c30f392b1e756db044036faa02ce898eac71d1c91,VALIDATED_EVIDENCE_BUNDLE,,,,,,,,,,,,,,,,,,,,,,,,UPDATE_SUBMITTED_ENFORCED,,False,NOT_REQUIRED_AUTOMATED_POLICY,False,,,,,,,,,,,,,C1_PUBLIC,1,,,,,,,,6401d449cad49398af2f5e4da9bd6c0fbdde3a2a57f8a422907de7f0354cd145,71adf2c7741ed63f779fe8cebf9b4d1363fd18da1c5a49e39f32ec63cb8262f2,,,2026-08-25T22:32:04.883782+00:00,e878c886c2fce5669a5abdfd2cf12d11,,,,,80467a1951f575569b9d5a1589ff2eaaa2003be9007744f2b34141dde5521ad1,f2b14f9d80c666ab005ad941036b0ad284f2ba09098ec9ba2c48cc2786e88891,,,2026-08-25T22:54:40.997990+00:00,75d46ecd684a2dc4b6a8e27daff7fed8db3fae5cae653b9ddb3099795df8cd6c,active,,,12,ACCEPTED,ALL_BASELINE_CONTROLS,,,,True,True,True,True,True,False,N312Rpa29zXR9YPVEukAFFsaAVSz034wJdlvC77Mc+I=,3a3542a2abeb0388744b295696ddeebf0817eaeefdc664a52d237187c48daf36,LVS6iX3xyk+AW89N8K7wd5i2P+GtpUmTpzID/3W7LU4=,f16434bcca89c4cb38aaa5921d72acc1df7658928a05ac84c259969e6847a22d,EKSt9ub9H2pWYz16xtqQnYlysA8Y/+IKtodR4rX1LN0=,d2de0eecb364b6ad6dfd68c57fbb2b61edd7f408c047202d5ab95910a24e2627,,,,,,,,,,,,,,,,,f5884427667e046696a3e77b9c12e3f2e152481670f1f5c4df7b0f24ecf5b1fe,audit_trails/artifacts/accepted_runtime_submissions/T1_Plain_TADP_client_001_r12_3a3542a2abeb0388__f5884427667e0466.json,,,,,,,,,,,,,f226ddee359004e05816276983cbeb7500b822d90755fb1c1f3f07cb763c7955,5df4ce6ab92036211f01e83b97a0593b8688bb0632b7b469fd4e74319cbc989d,,
24,7a0dece1b9b39745e1d74007849e8798,9009c28128737f7948fb54beb932f446c0ce27d5cbdefb4938dce83226ac7abd,2026-08-24T22:54:53.581435+00:00,TADP-SEC/14.0,CLIENT_CIPHERTEXT_BINDING,T1_Plain_TADP,,,,client_001,,,,,,,,,,,,,,,,,,,,,,,,,,,,,,,,,,,,,,,,CIPHERTEXT_BOUND_TO_SIGNED_UPDATE,,,,,,,,,,,,,,,,,C1_PUBLIC,1,,,,,,,,,,,,,e878c886c2fce5669a5abdfd2cf12d11,,,,,,,,,,,,,,12,VERIFIED,,,,,True,,,,,False,N312Rpa29zXR9YPVEukAFFsaAVSz034wJdlvC77Mc+I=,3a3542a2abeb0388744b295696ddeebf0817eaeefdc664a52d237187c48daf36,LVS6iX3xyk+AW89N8K7wd5i2P+GtpUmTpzID/3W7LU4=,7a6197f2eaf482b93c8f24322e6285b49195a36e5934b9bfa935d98331184105,EKSt9ub9H2pWYz16xtqQnYlysA8Y/+IKtodR4rX1LN0=,d2de0eecb364b6ad6dfd68c57fbb2b61edd7f408c047202d5ab95910a24e2627,plaintext_update_no_noise,reference_python,n=|logq=|scale=|scheme=plain,plain,,,,,,,,,f6a4a3ed9e1bb33940d4bc422dccaa504d40de41eeb1567aa332589c739d8030,,1ca3be4b1c47057d1d41490d6ff18f56c567769625df819290a339c95b8e93dc,audit_trails/artifacts/ciphertext_attestations/T1_Plain_TADP_client_001_r12_bc63269d6205c190__1ca3be4b1c47057d.json,,,,,,,,,,,,,,,5df4ce6ab92036211f01e83b97a0593b8688bb0632b7b469fd4e74319cbc989d,c8b3da251d9b90e5641bc86ccc62abdff4536b1f8846e3f5dc071a4d579822ca,,
25,c9c59f234f60788fc656582a33c3b6a3,9009c28128737f7948fb54beb932f446c0ce27d5cbdefb4938dce83226ac7abd,2026-08-24T22:54:54.873243+00:00,TADP-SEC/14.0,CLIENT_ACCEPTED_SUBMISSION,T1_Plain_TADP,,,,client_001,,,,,,,,,,,2.3-phase1-fixed-threshold-critical-floor-review-profile,e910eb11d46f5a33a9f6a7d996c6c242f2a4caa089255874076d8ae12155dc94,2e5e1ea61ea1c71b07c235b309bb618daac98643cb3c0843acb266cd6b876512,cd72ec3b4911418e9899eae9aed63fa15aaf66633d0cb863f54d9ac8508d934e,833c0f503995ec3e68f8d11c30f392b1e756db044036faa02ce898eac71d1c91,VALIDATED_EVIDENCE_BUNDLE,,,,,,,,,,,,,,,,,,,,,,,,UPDATE_SUBMITTED_ENFORCED,,False,NOT_REQUIRED_AUTOMATED_POLICY,False,,,,,,,,,,,,,C1_PUBLIC,1,,,,,,,,6401d449cad49398af2f5e4da9bd6c0fbdde3a2a57f8a422907de7f0354cd145,71adf2c7741ed63f779fe8cebf9b4d1363fd18da1c5a49e39f32ec63cb8262f2,,,2026-08-25T22:32:04.883782+00:00,e878c886c2fce5669a5abdfd2cf12d11,,,,,80467a1951f575569b9d5a1589ff2eaaa2003be9007744f2b34141dde5521ad1,f2b14f9d80c666ab005ad941036b0ad284f2ba09098ec9ba2c48cc2786e88891,,,2026-08-25T22:54:40.997990+00:00,75d46ecd684a2dc4b6a8e27daff7fed8db3fae5cae653b9ddb3099795df8cd6c,active,,,13,ACCEPTED,ALL_BASELINE_CONTROLS,,,,True,True,True,True,True,False,m4ISqfZzOTKVMwLFeJsMmeaxlaXvi+VnVK8AW63m5VU=,dbe406a363025abc575145ead48ad5a0eadb568dd0dea9aae8951501f139498e,LVS6iX3xyk+AW89N8K7wd5i2P+GtpUmTpzID/3W7LU4=,221231394fa58a1e52274d2da8a0f7050674c27c6440c4fcf230aa17e8f4ea4a,JcSqbOVLKFy3A3Yfd00QP9UQnvPDCc0naCNb/R2fs7I=,d2de0eecb364b6ad6dfd68c57fbb2b61edd7f408c047202d5ab95910a24e2627,,,,,,,,,,,,,,,,,8057e00c173b3c8ae9a3f9c0f08874b25a46fd24c8c9ad0401de8f38ac886252,audit_trails/artifacts/accepted_runtime_submissions/T1_Plain_TADP_client_001_r13_dbe406a363025abc__8057e00c173b3c8a.json,,,,,,,,,,,,,c8b3da251d9b90e5641bc86ccc62abdff4536b1f8846e3f5dc071a4d579822ca,d9c0667cf9cda54b4901aa4692c04994d013400179448e7d0962a0c0fa9f0b39,,
26,f8d71a1bdff2be081fd321ed53e64fcd,9009c28128737f7948fb54beb932f446c0ce27d5cbdefb4938dce83226ac7abd,2026-08-24T22:54:54.892229+00:00,TADP-SEC/14.0,CLIENT_CIPHERTEXT_BINDING,T1_Plain_TADP,,,,client_001,,,,,,,,,,,,,,,,,,,,,,,,,,,,,,,,,,,,,,,,CIPHERTEXT_BOUND_TO_SIGNED_UPDATE,,,,,,,,,,,,,,,,,C1_PUBLIC,1,,,,,,,,,,,,,e878c886c2fce5669a5abdfd2cf12d11,,,,,,,,,,,,,,13,VERIFIED,,,,,True,,,,,False,m4ISqfZzOTKVMwLFeJsMmeaxlaXvi+VnVK8AW63m5VU=,dbe406a363025abc575145ead48ad5a0eadb568dd0dea9aae8951501f139498e,LVS6iX3xyk+AW89N8K7wd5i2P+GtpUmTpzID/3W7LU4=,7bf7d32e15f43810b3bcb71f2fc3c51c2f2167f4671aaf25f83767d7c859e76c,JcSqbOVLKFy3A3Yfd00QP9UQnvPDCc0naCNb/R2fs7I=,d2de0eecb364b6ad6dfd68c57fbb2b61edd7f408c047202d5ab95910a24e2627,plaintext_update_no_noise,reference_python,n=|logq=|scale=|scheme=plain,plain,,,,,,,,,f6a4a3ed9e1bb33940d4bc422dccaa504d40de41eeb1567aa332589c739d8030,,d6e3b83e0016246782da83eb1e0b2eb8351ab0380164cc75841604a883951ed8,audit_trails/artifacts/ciphertext_attestations/T1_Plain_TADP_client_001_r13_ada440c103a72543__d6e3b83e00162467.json,,,,,,,,,,,,,,,d9c0667cf9cda54b4901aa4692c04994d013400179448e7d0962a0c0fa9f0b39,d1da53deab09e22e75e562ef9e9aeeaea8ae33cf2dde808a3dbffd87291b1f3b,,
27,a200e15a36fbb8175c38ce5958de1c28,9009c28128737f7948fb54beb932f446c0ce27d5cbdefb4938dce83226ac7abd,2026-08-24T22:54:56.177754+00:00,TADP-SEC/14.0,CLIENT_ACCEPTED_SUBMISSION,T1_Plain_TADP,,,,client_001,,,,,,,,,,,2.3-phase1-fixed-threshold-critical-floor-review-profile,e910eb11d46f5a33a9f6a7d996c6c242f2a4caa089255874076d8ae12155dc94,2e5e1ea61ea1c71b07c235b309bb618daac98643cb3c0843acb266cd6b876512,cd72ec3b4911418e9899eae9aed63fa15aaf66633d0cb863f54d9ac8508d934e,833c0f503995ec3e68f8d11c30f392b1e756db044036faa02ce898eac71d1c91,VALIDATED_EVIDENCE_BUNDLE,,,,,,,,,,,,,,,,,,,,,,,,UPDATE_SUBMITTED_ENFORCED,,False,NOT_REQUIRED_AUTOMATED_POLICY,False,,,,,,,,,,,,,C1_PUBLIC,1,,,,,,,,6401d449cad49398af2f5e4da9bd6c0fbdde3a2a57f8a422907de7f0354cd145,71adf2c7741ed63f779fe8cebf9b4d1363fd18da1c5a49e39f32ec63cb8262f2,,,2026-08-25T22:32:04.883782+00:00,e878c886c2fce5669a5abdfd2cf12d11,,,,,80467a1951f575569b9d5a1589ff2eaaa2003be9007744f2b34141dde5521ad1,f2b14f9d80c666ab005ad941036b0ad284f2ba09098ec9ba2c48cc2786e88891,,,2026-08-25T22:54:40.997990+00:00,75d46ecd684a2dc4b6a8e27daff7fed8db3fae5cae653b9ddb3099795df8cd6c,active,,,14,ACCEPTED,ALL_BASELINE_CONTROLS,,,,True,True,True,True,True,False,8kQwRJvU5mjL3DrTYwtTK1SwCMANmRx8iswkQClgFnM=,7981cfef19fee04f2c32ec512cda18365989505bfdb461f13092d3ebfb72eba9,LVS6iX3xyk+AW89N8K7wd5i2P+GtpUmTpzID/3W7LU4=,5edec7610d28eac7ac23ff340b4b7cb0ed31bf1fc8c96ab56639087cfeb539f8,qLdZBV+N67QIDcT+3FWw5ELJklgLMkoxpugeNXd3+ok=,d2de0eecb364b6ad6dfd68c57fbb2b61edd7f408c047202d5ab95910a24e2627,,,,,,,,,,,,,,,,,966825514465e2204e14bde3cba15614ac9135cbd26bd194f74bdc65445ec946,audit_trails/artifacts/accepted_runtime_submissions/T1_Plain_TADP_client_001_r14_7981cfef19fee04f__966825514465e220.json,,,,,,,,,,,,,d1da53deab09e22e75e562ef9e9aeeaea8ae33cf2dde808a3dbffd87291b1f3b,24a3b8e3948b78f238ac6add1f2a5304b8aa053669f80e8eb79237f7b17f0b0d,,
28,0573945d8fb8aaa6d7e8cf661d78a872,9009c28128737f7948fb54beb932f446c0ce27d5cbdefb4938dce83226ac7abd,2026-08-24T22:54:56.197150+00:00,TADP-SEC/14.0,CLIENT_CIPHERTEXT_BINDING,T1_Plain_TADP,,,,client_001,,,,,,,,,,,,,,,,,,,,,,,,,,,,,,,,,,,,,,,,CIPHERTEXT_BOUND_TO_SIGNED_UPDATE,,,,,,,,,,,,,,,,,C1_PUBLIC,1,,,,,,,,,,,,,e878c886c2fce5669a5abdfd2cf12d11,,,,,,,,,,,,,,14,VERIFIED,,,,,True,,,,,False,8kQwRJvU5mjL3DrTYwtTK1SwCMANmRx8iswkQClgFnM=,7981cfef19fee04f2c32ec512cda18365989505bfdb461f13092d3ebfb72eba9,LVS6iX3xyk+AW89N8K7wd5i2P+GtpUmTpzID/3W7LU4=,a7040a17bb587457ee778e83ca6a8bf1102351f73450bac0995e326a23ac704e,qLdZBV+N67QIDcT+3FWw5ELJklgLMkoxpugeNXd3+ok=,d2de0eecb364b6ad6dfd68c57fbb2b61edd7f408c047202d5ab95910a24e2627,plaintext_update_no_noise,reference_python,n=|logq=|scale=|scheme=plain,plain,,,,,,,,,f6a4a3ed9e1bb33940d4bc422dccaa504d40de41eeb1567aa332589c739d8030,,a5c4000155330fe03321226e2ec7eab30e4b0b4068b91e14202d71eb4bfea519,audit_trails/artifacts/ciphertext_attestations/T1_Plain_TADP_client_001_r14_6775a6a82d4c8acc__a5c4000155330fe0.json,,,,,,,,,,,,,,,24a3b8e3948b78f238ac6add1f2a5304b8aa053669f80e8eb79237f7b17f0b0d,21e713058d0abecda25b2c8cfd7df5668f923de29a56faf3ae33f63c96843309,,
29,42da7d08a6e290cd84f86b8ebcb43800,9009c28128737f7948fb54beb932f446c0ce27d5cbdefb4938dce83226ac7abd,2026-08-24T22:54:57.595581+00:00,TADP-SEC/14.0,CLIENT_ACCEPTED_SUBMISSION,T1_Plain_TADP,,,,client_001,,,,,,,,,,,2.3-phase1-fixed-threshold-critical-floor-review-profile,e910eb11d46f5a33a9f6a7d996c6c242f2a4caa089255874076d8ae12155dc94,2e5e1ea61ea1c71b07c235b309bb618daac98643cb3c0843acb266cd6b876512,cd72ec3b4911418e9899eae9aed63fa15aaf66633d0cb863f54d9ac8508d934e,833c0f503995ec3e68f8d11c30f392b1e756db044036faa02ce898eac71d1c91,VALIDATED_EVIDENCE_BUNDLE,,,,,,,,,,,,,,,,,,,,,,,,UPDATE_SUBMITTED_ENFORCED,,False,NOT_REQUIRED_AUTOMATED_POLICY,False,,,,,,,,,,,,,C1_PUBLIC,1,,,,,,,,6401d449cad49398af2f5e4da9bd6c0fbdde3a2a57f8a422907de7f0354cd145,71adf2c7741ed63f779fe8cebf9b4d1363fd18da1c5a49e39f32ec63cb8262f2,,,2026-08-25T22:32:04.883782+00:00,e878c886c2fce5669a5abdfd2cf12d11,,,,,80467a1951f575569b9d5a1589ff2eaaa2003be9007744f2b34141dde5521ad1,f2b14f9d80c666ab005ad941036b0ad284f2ba09098ec9ba2c48cc2786e88891,,,2026-08-25T22:54:40.997990+00:00,75d46ecd684a2dc4b6a8e27daff7fed8db3fae5cae653b9ddb3099795df8cd6c,active,,,15,ACCEPTED,ALL_BASELINE_CONTROLS,,,,True,True,True,True,True,False,kHF7+nw11vh01C3RBeAWR77XBUGExFabsm6ZKwWh6R0=,ef712d5f426d0a88ee00fb3ac9fc2427008a4766d839e6290ae4898221ff8b81,LVS6iX3xyk+AW89N8K7wd5i2P+GtpUmTpzID/3W7LU4=,9177b17c338184b58e711db56ffa3df268a2d96fa51abaffc0aadb4f5ce8498a,viz9IKA2hr0D3LlU0bc1P8VT2SAZtAXWiKFNqmCsN58=,d2de0eecb364b6ad6dfd68c57fbb2b61edd7f408c047202d5ab95910a24e2627,,,,,,,,,,,,,,,,,544745d4432f2d6e72e5ebd673d340a7513f0011f2eb233529eae9a98feac04b,audit_trails/artifacts/accepted_runtime_submissions/T1_Plain_TADP_client_001_r15_ef712d5f426d0a88__544745d4432f2d6e.json,,,,,,,,,,,,,21e713058d0abecda25b2c8cfd7df5668f923de29a56faf3ae33f63c96843309,3678d544cbb47ad13950b491f586346e24fa3f29374de61dafcd23aca9051500,,
30,4dcc66b49d341bc14e518a2c209e94a5,9009c28128737f7948fb54beb932f446c0ce27d5cbdefb4938dce83226ac7abd,2026-08-24T22:54:57.615057+00:00,TADP-SEC/14.0,CLIENT_CIPHERTEXT_BINDING,T1_Plain_TADP,,,,client_001,,,,,,,,,,,,,,,,,,,,,,,,,,,,,,,,,,,,,,,,CIPHERTEXT_BOUND_TO_SIGNED_UPDATE,,,,,,,,,,,,,,,,,C1_PUBLIC,1,,,,,,,,,,,,,e878c886c2fce5669a5abdfd2cf12d11,,,,,,,,,,,,,,15,VERIFIED,,,,,True,,,,,False,kHF7+nw11vh01C3RBeAWR77XBUGExFabsm6ZKwWh6R0=,ef712d5f426d0a88ee00fb3ac9fc2427008a4766d839e6290ae4898221ff8b81,LVS6iX3xyk+AW89N8K7wd5i2P+GtpUmTpzID/3W7LU4=,c4423f92a216ae51c3d556c41d886346dab22846c54b72bf366b2c7cbb0a08ae,viz9IKA2hr0D3LlU0bc1P8VT2SAZtAXWiKFNqmCsN58=,d2de0eecb364b6ad6dfd68c57fbb2b61edd7f408c047202d5ab95910a24e2627,plaintext_update_no_noise,reference_python,n=|logq=|scale=|scheme=plain,plain,,,,,,,,,f6a4a3ed9e1bb33940d4bc422dccaa504d40de41eeb1567aa332589c739d8030,,9f5064da634586b6963386c896dd68ce9ce8be342ab101a543733eddc758ad2f,audit_trails/artifacts/ciphertext_attestations/T1_Plain_TADP_client_001_r15_e88cc986c60389e7__9f5064da634586b6.json,,,,,,,,,,,,,,,3678d544cbb47ad13950b491f586346e24fa3f29374de61dafcd23aca9051500,45fe9c9821fb25cb83da2010ea24e0e24ecfe2ec4156138e71d0645841ccd753,,
31,c526435415cf504d61b1c6aa6a48614d,9009c28128737f7948fb54beb932f446c0ce27d5cbdefb4938dce83226ac7abd,2026-08-24T22:54:58.675097+00:00,TADP-SEC/14.0,CLIENT_ACCEPTED_SUBMISSION,T1_Plain_TADP,,,,client_001,,,,,,,,,,,2.3-phase1-fixed-threshold-critical-floor-review-profile,e910eb11d46f5a33a9f6a7d996c6c242f2a4caa089255874076d8ae12155dc94,2e5e1ea61ea1c71b07c235b309bb618daac98643cb3c0843acb266cd6b876512,cd72ec3b4911418e9899eae9aed63fa15aaf66633d0cb863f54d9ac8508d934e,833c0f503995ec3e68f8d11c30f392b1e756db044036faa02ce898eac71d1c91,VALIDATED_EVIDENCE_BUNDLE,,,,,,,,,,,,,,,,,,,,,,,,UPDATE_SUBMITTED_ENFORCED,,False,NOT_REQUIRED_AUTOMATED_POLICY,False,,,,,,,,,,,,,C1_PUBLIC,1,,,,,,,,6401d449cad49398af2f5e4da9bd6c0fbdde3a2a57f8a422907de7f0354cd145,71adf2c7741ed63f779fe8cebf9b4d1363fd18da1c5a49e39f32ec63cb8262f2,,,2026-08-25T22:32:04.883782+00:00,e878c886c2fce5669a5abdfd2cf12d11,,,,,80467a1951f575569b9d5a1589ff2eaaa2003be9007744f2b34141dde5521ad1,f2b14f9d80c666ab005ad941036b0ad284f2ba09098ec9ba2c48cc2786e88891,,,2026-08-25T22:54:40.997990+00:00,75d46ecd684a2dc4b6a8e27daff7fed8db3fae5cae653b9ddb3099795df8cd6c,active,,,16,ACCEPTED,ALL_BASELINE_CONTROLS,,,,True,True,True,True,True,False,5mWKscQ/hc1ZOFdfRRLpyJDgxjh5yegvBnhQOw9V6EA=,31d5fbcd1cc41208fdbd2610f89b1bac5c03e2f8ddafbbf2613248e16f8dc449,LVS6iX3xyk+AW89N8K7wd5i2P+GtpUmTpzID/3W7LU4=,fe7355b0c9a3f10905a4d0d1adba67dd4d66e18fbdb23759100a66f93b1018ac,ultIuWh01LHFdnbYIv6DdTTxygKYtQertNZT1g8Lcrk=,d2de0eecb364b6ad6dfd68c57fbb2b61edd7f408c047202d5ab95910a24e2627,,,,,,,,,,,,,,,,,5d20695683c462b7982392fc0bf9591e07855690f7e5488f215cbadfc95e3a62,audit_trails/artifacts/accepted_runtime_submissions/T1_Plain_TADP_client_001_r16_31d5fbcd1cc41208__5d20695683c462b7.json,,,,,,,,,,,,,45fe9c9821fb25cb83da2010ea24e0e24ecfe2ec4156138e71d0645841ccd753,2ec21008eb3d5504880dd1cde8ba1582e4e6768036180184e0ed103d3ce73a08,,
32,4a11a50ee02059b6dfd68a9fe1268375,9009c28128737f7948fb54beb932f446c0ce27d5cbdefb4938dce83226ac7abd,2026-08-24T22:54:58.693774+00:00,TADP-SEC/14.0,CLIENT_CIPHERTEXT_BINDING,T1_Plain_TADP,,,,client_001,,,,,,,,,,,,,,,,,,,,,,,,,,,,,,,,,,,,,,,,CIPHERTEXT_BOUND_TO_SIGNED_UPDATE,,,,,,,,,,,,,,,,,C1_PUBLIC,1,,,,,,,,,,,,,e878c886c2fce5669a5abdfd2cf12d11,,,,,,,,,,,,,,16,VERIFIED,,,,,True,,,,,False,5mWKscQ/hc1ZOFdfRRLpyJDgxjh5yegvBnhQOw9V6EA=,31d5fbcd1cc41208fdbd2610f89b1bac5c03e2f8ddafbbf2613248e16f8dc449,LVS6iX3xyk+AW89N8K7wd5i2P+GtpUmTpzID/3W7LU4=,03ec93208d659516df4ea51a60064dbc92893456ac1b7bce08b95e4a7d9be96c,ultIuWh01LHFdnbYIv6DdTTxygKYtQertNZT1g8Lcrk=,d2de0eecb364b6ad6dfd68c57fbb2b61edd7f408c047202d5ab95910a24e2627,plaintext_update_no_noise,reference_python,n=|logq=|scale=|scheme=plain,plain,,,,,,,,,f6a4a3ed9e1bb33940d4bc422dccaa504d40de41eeb1567aa332589c739d8030,,187745b152347881a4710b887c3a6cbffdc08b07f7175cc4a4467e0ab29b56c8,audit_trails/artifacts/ciphertext_attestations/T1_Plain_TADP_client_001_r16_51a17788c4d0f1e6__187745b152347881.json,,,,,,,,,,,,,,,2ec21008eb3d5504880dd1cde8ba1582e4e6768036180184e0ed103d3ce73a08,6ea4fb74238c4dbb2c5144e17d8480646d8845bdce786c6fa64fa8acf01f01ca,,
33,35c76785d52024e2d422aaf13da071c2,9009c28128737f7948fb54beb932f446c0ce27d5cbdefb4938dce83226ac7abd,2026-08-24T22:54:59.759928+00:00,TADP-SEC/14.0,CLIENT_ACCEPTED_SUBMISSION,T1_Plain_TADP,,,,client_001,,,,,,,,,,,2.3-phase1-fixed-threshold-critical-floor-review-profile,e910eb11d46f5a33a9f6a7d996c6c242f2a4caa089255874076d8ae12155dc94,2e5e1ea61ea1c71b07c235b309bb618daac98643cb3c0843acb266cd6b876512,cd72ec3b4911418e9899eae9aed63fa15aaf66633d0cb863f54d9ac8508d934e,833c0f503995ec3e68f8d11c30f392b1e756db044036faa02ce898eac71d1c91,VALIDATED_EVIDENCE_BUNDLE,,,,,,,,,,,,,,,,,,,,,,,,UPDATE_SUBMITTED_ENFORCED,,False,NOT_REQUIRED_AUTOMATED_POLICY,False,,,,,,,,,,,,,C1_PUBLIC,1,,,,,,,,6401d449cad49398af2f5e4da9bd6c0fbdde3a2a57f8a422907de7f0354cd145,71adf2c7741ed63f779fe8cebf9b4d1363fd18da1c5a49e39f32ec63cb8262f2,,,2026-08-25T22:32:04.883782+00:00,e878c886c2fce5669a5abdfd2cf12d11,,,,,80467a1951f575569b9d5a1589ff2eaaa2003be9007744f2b34141dde5521ad1,f2b14f9d80c666ab005ad941036b0ad284f2ba09098ec9ba2c48cc2786e88891,,,2026-08-25T22:54:40.997990+00:00,75d46ecd684a2dc4b6a8e27daff7fed8db3fae5cae653b9ddb3099795df8cd6c,active,,,17,ACCEPTED,ALL_BASELINE_CONTROLS,,,,True,True,True,True,True,False,6mVZ1Lqolh9+xQh9o/NifjSkWd0/mknH29AzJCr/hrk=,f9fbc96da6851acd559c42c66a3f9bcf42923b9f49255d46cf3de82f991ae2c4,LVS6iX3xyk+AW89N8K7wd5i2P+GtpUmTpzID/3W7LU4=,5bcd7226da31777852e3d07f8f1b6a9d92b0b8c75010860a100727652b9fc770,fr2vymTf8/vjzy+ssbWoGUySJCjpN1UlmcVdoENEhEE=,d2de0eecb364b6ad6dfd68c57fbb2b61edd7f408c047202d5ab95910a24e2627,,,,,,,,,,,,,,,,,e3fecb6649ddba01a8d7eb4750fb76915864941be2b84b2d4902b3ce2625ab15,audit_trails/artifacts/accepted_runtime_submissions/T1_Plain_TADP_client_001_r17_f9fbc96da6851acd__e3fecb6649ddba01.json,,,,,,,,,,,,,6ea4fb74238c4dbb2c5144e17d8480646d8845bdce786c6fa64fa8acf01f01ca,4e78f9289bfc5ef1c67b7038f03afb082f5c4c3fcba0f7fe0f07743bbba4b4be,,
34,d0ff0fe3ecaf93fb502d8ae479c74014,9009c28128737f7948fb54beb932f446c0ce27d5cbdefb4938dce83226ac7abd,2026-08-24T22:54:59.778138+00:00,TADP-SEC/14.0,CLIENT_CIPHERTEXT_BINDING,T1_Plain_TADP,,,,client_001,,,,,,,,,,,,,,,,,,,,,,,,,,,,,,,,,,,,,,,,CIPHERTEXT_BOUND_TO_SIGNED_UPDATE,,,,,,,,,,,,,,,,,C1_PUBLIC,1,,,,,,,,,,,,,e878c886c2fce5669a5abdfd2cf12d11,,,,,,,,,,,,,,17,VERIFIED,,,,,True,,,,,False,6mVZ1Lqolh9+xQh9o/NifjSkWd0/mknH29AzJCr/hrk=,f9fbc96da6851acd559c42c66a3f9bcf42923b9f49255d46cf3de82f991ae2c4,LVS6iX3xyk+AW89N8K7wd5i2P+GtpUmTpzID/3W7LU4=,657e670211a08f09dc4a58e92ef0a3e09a8dda81f1f4c7ecf2dbfb55fa1b3148,fr2vymTf8/vjzy+ssbWoGUySJCjpN1UlmcVdoENEhEE=,d2de0eecb364b6ad6dfd68c57fbb2b61edd7f408c047202d5ab95910a24e2627,plaintext_update_no_noise,reference_python,n=|logq=|scale=|scheme=plain,plain,,,,,,,,,f6a4a3ed9e1bb33940d4bc422dccaa504d40de41eeb1567aa332589c739d8030,,5f77f8c3c2c972f2321c857f4e2c64d9226a383364505eae3c2287e7cbd1fd81,audit_trails/artifacts/ciphertext_attestations/T1_Plain_TADP_client_001_r17_9aebb8bd950822cb__5f77f8c3c2c972f2.json,,,,,,,,,,,,,,,4e78f9289bfc5ef1c67b7038f03afb082f5c4c3fcba0f7fe0f07743bbba4b4be,1de3ed1d2de3ce29a544a2717f178042f42a78755530c65f7102d6bc66d00c32,,
35,c2f37c9588db495e2dd5f1fa05a4aa32,9009c28128737f7948fb54beb932f446c0ce27d5cbdefb4938dce83226ac7abd,2026-08-24T22:55:00.832789+00:00,TADP-SEC/14.0,CLIENT_ACCEPTED_SUBMISSION,T1_Plain_TADP,,,,client_001,,,,,,,,,,,2.3-phase1-fixed-threshold-critical-floor-review-profile,e910eb11d46f5a33a9f6a7d996c6c242f2a4caa089255874076d8ae12155dc94,2e5e1ea61ea1c71b07c235b309bb618daac98643cb3c0843acb266cd6b876512,cd72ec3b4911418e9899eae9aed63fa15aaf66633d0cb863f54d9ac8508d934e,833c0f503995ec3e68f8d11c30f392b1e756db044036faa02ce898eac71d1c91,VALIDATED_EVIDENCE_BUNDLE,,,,,,,,,,,,,,,,,,,,,,,,UPDATE_SUBMITTED_ENFORCED,,False,NOT_REQUIRED_AUTOMATED_POLICY,False,,,,,,,,,,,,,C1_PUBLIC,1,,,,,,,,6401d449cad49398af2f5e4da9bd6c0fbdde3a2a57f8a422907de7f0354cd145,71adf2c7741ed63f779fe8cebf9b4d1363fd18da1c5a49e39f32ec63cb8262f2,,,2026-08-25T22:32:04.883782+00:00,e878c886c2fce5669a5abdfd2cf12d11,,,,,80467a1951f575569b9d5a1589ff2eaaa2003be9007744f2b34141dde5521ad1,f2b14f9d80c666ab005ad941036b0ad284f2ba09098ec9ba2c48cc2786e88891,,,2026-08-25T22:54:40.997990+00:00,75d46ecd684a2dc4b6a8e27daff7fed8db3fae5cae653b9ddb3099795df8cd6c,active,,,18,ACCEPTED,ALL_BASELINE_CONTROLS,,,,True,True,True,True,True,False,9yhk/8cp5+V22UAMLvUvscr+TZZ3aWN5rLDaAP+LlXc=,c79ab432cc1ab4f042937ff8317da0438736772abd14000d22216d19f259d123,LVS6iX3xyk+AW89N8K7wd5i2P+GtpUmTpzID/3W7LU4=,cb5127eb0224e178cf91015546a6d8fca1aca9f8eb9ccbdf8d357a95bc28df43,FQO4rkE/wG6GNHLhSnHjo4Le3xbHlfx13cpzK0OpWSc=,d2de0eecb364b6ad6dfd68c57fbb2b61edd7f408c047202d5ab95910a24e2627,,,,,,,,,,,,,,,,,e81a4916079f0361bd8eb8633098c9ee414f182daad2c35ab7e9c5b563d2c2fb,audit_trails/artifacts/accepted_runtime_submissions/T1_Plain_TADP_client_001_r18_c79ab432cc1ab4f0__e81a4916079f0361.json,,,,,,,,,,,,,1de3ed1d2de3ce29a544a2717f178042f42a78755530c65f7102d6bc66d00c32,a905073b519ffd89b7f2d3678f5adaf9f60c2d9070f948d00c07ea8d77e470de,,
36,9ce33246cde8106b8baf1ef7cd14a040,9009c28128737f7948fb54beb932f446c0ce27d5cbdefb4938dce83226ac7abd,2026-08-24T22:55:00.851709+00:00,TADP-SEC/14.0,CLIENT_CIPHERTEXT_BINDING,T1_Plain_TADP,,,,client_001,,,,,,,,,,,,,,,,,,,,,,,,,,,,,,,,,,,,,,,,CIPHERTEXT_BOUND_TO_SIGNED_UPDATE,,,,,,,,,,,,,,,,,C1_PUBLIC,1,,,,,,,,,,,,,e878c886c2fce5669a5abdfd2cf12d11,,,,,,,,,,,,,,18,VERIFIED,,,,,True,,,,,False,9yhk/8cp5+V22UAMLvUvscr+TZZ3aWN5rLDaAP+LlXc=,c79ab432cc1ab4f042937ff8317da0438736772abd14000d22216d19f259d123,LVS6iX3xyk+AW89N8K7wd5i2P+GtpUmTpzID/3W7LU4=,3c0fda8fa16f94c42abe70fec54af6bd4773d8aa24149edddaac3fc3caf13257,FQO4rkE/wG6GNHLhSnHjo4Le3xbHlfx13cpzK0OpWSc=,d2de0eecb364b6ad6dfd68c57fbb2b61edd7f408c047202d5ab95910a24e2627,plaintext_update_no_noise,reference_python,n=|logq=|scale=|scheme=plain,plain,,,,,,,,,f6a4a3ed9e1bb33940d4bc422dccaa504d40de41eeb1567aa332589c739d8030,,139157faab340d86a9854fe49b7f9e4e32749c628c7fe44cfc99a06e3aaec5f7,audit_trails/artifacts/ciphertext_attestations/T1_Plain_TADP_client_001_r18_482bb22da2c8d802__139157faab340d86.json,,,,,,,,,,,,,,,a905073b519ffd89b7f2d3678f5adaf9f60c2d9070f948d00c07ea8d77e470de,346481688666503cc1512bc2db98cfcc11acaf47b8348476bc8ecea5baada179,,
37,5886f8ac364aea977ff25c8df3746da5,9009c28128737f7948fb54beb932f446c0ce27d5cbdefb4938dce83226ac7abd,2026-08-24T22:55:01.901665+00:00,TADP-SEC/14.0,CLIENT_ACCEPTED_SUBMISSION,T1_Plain_TADP,,,,client_001,,,,,,,,,,,2.3-phase1-fixed-threshold-critical-floor-review-profile,e910eb11d46f5a33a9f6a7d996c6c242f2a4caa089255874076d8ae12155dc94,2e5e1ea61ea1c71b07c235b309bb618daac98643cb3c0843acb266cd6b876512,cd72ec3b4911418e9899eae9aed63fa15aaf66633d0cb863f54d9ac8508d934e,833c0f503995ec3e68f8d11c30f392b1e756db044036faa02ce898eac71d1c91,VALIDATED_EVIDENCE_BUNDLE,,,,,,,,,,,,,,,,,,,,,,,,UPDATE_SUBMITTED_ENFORCED,,False,NOT_REQUIRED_AUTOMATED_POLICY,False,,,,,,,,,,,,,C1_PUBLIC,1,,,,,,,,6401d449cad49398af2f5e4da9bd6c0fbdde3a2a57f8a422907de7f0354cd145,71adf2c7741ed63f779fe8cebf9b4d1363fd18da1c5a49e39f32ec63cb8262f2,,,2026-08-25T22:32:04.883782+00:00,e878c886c2fce5669a5abdfd2cf12d11,,,,,80467a1951f575569b9d5a1589ff2eaaa2003be9007744f2b34141dde5521ad1,f2b14f9d80c666ab005ad941036b0ad284f2ba09098ec9ba2c48cc2786e88891,,,2026-08-25T22:54:40.997990+00:00,75d46ecd684a2dc4b6a8e27daff7fed8db3fae5cae653b9ddb3099795df8cd6c,active,,,19,ACCEPTED,ALL_BASELINE_CONTROLS,,,,True,True,True,True,True,False,GDcQYa0u62XpXRaUj61rW/9vvYdQG9ZDH7ugg+A+5aA=,0cfe6938a7e4caffee4c13b420f2d8e7a4e91f5a8b7bd6d1e210fff96fa1b0cd,LVS6iX3xyk+AW89N8K7wd5i2P+GtpUmTpzID/3W7LU4=,e85f82e5f9a56e3116695672d22c7cf0838b3b141c94b13bb60eb1f0434771f4,eTM/iLQ8gUD7Hhg3bgTGl8l+DwbCaTt32VkfhJ3qidg=,d2de0eecb364b6ad6dfd68c57fbb2b61edd7f408c047202d5ab95910a24e2627,,,,,,,,,,,,,,,,,bfe3fe48f69307f6b42dd93dd1340a536714623631391d3a0ed6db20c1257f72,audit_trails/artifacts/accepted_runtime_submissions/T1_Plain_TADP_client_001_r19_0cfe6938a7e4caff__bfe3fe48f69307f6.json,,,,,,,,,,,,,346481688666503cc1512bc2db98cfcc11acaf47b8348476bc8ecea5baada179,8d87d7651feb15c7b5de7613e0deb04812597ffa893c17270b465c72d260daa2,,
38,b6fca687d08870a11925f8b99c35c7a2,9009c28128737f7948fb54beb932f446c0ce27d5cbdefb4938dce83226ac7abd,2026-08-24T22:55:01.921105+00:00,TADP-SEC/14.0,CLIENT_CIPHERTEXT_BINDING,T1_Plain_TADP,,,,client_001,,,,,,,,,,,,,,,,,,,,,,,,,,,,,,,,,,,,,,,,CIPHERTEXT_BOUND_TO_SIGNED_UPDATE,,,,,,,,,,,,,,,,,C1_PUBLIC,1,,,,,,,,,,,,,e878c886c2fce5669a5abdfd2cf12d11,,,,,,,,,,,,,,19,VERIFIED,,,,,True,,,,,False,GDcQYa0u62XpXRaUj61rW/9vvYdQG9ZDH7ugg+A+5aA=,0cfe6938a7e4caffee4c13b420f2d8e7a4e91f5a8b7bd6d1e210fff96fa1b0cd,LVS6iX3xyk+AW89N8K7wd5i2P+GtpUmTpzID/3W7LU4=,879fbf35b5f2a2543e557d64b62838295acf70c51e039fa1d5fb921cbb233235,eTM/iLQ8gUD7Hhg3bgTGl8l+DwbCaTt32VkfhJ3qidg=,d2de0eecb364b6ad6dfd68c57fbb2b61edd7f408c047202d5ab95910a24e2627,plaintext_update_no_noise,reference_python,n=|logq=|scale=|scheme=plain,plain,,,,,,,,,f6a4a3ed9e1bb33940d4bc422dccaa504d40de41eeb1567aa332589c739d8030,,abf544a54e1ddc5206d422f91fbee8cb94f00ea9b446b247f02bc63f71abd8b0,audit_trails/artifacts/ciphertext_attestations/T1_Plain_TADP_client_001_r19_c6c1299e0b3cd287__abf544a54e1ddc52.json,,,,,,,,,,,,,,,8d87d7651feb15c7b5de7613e0deb04812597ffa893c17270b465c72d260daa2,1502ff18d9be81028da3aae19686fd33a73a462f12a7a6919e0dcc0f92391734,,
39,e172785a457037e9e9d2e141609c6753,9009c28128737f7948fb54beb932f446c0ce27d5cbdefb4938dce83226ac7abd,2026-08-24T22:55:02.977577+00:00,TADP-SEC/14.0,CLIENT_ACCEPTED_SUBMISSION,T1_Plain_TADP,,,,client_001,,,,,,,,,,,2.3-phase1-fixed-threshold-critical-floor-review-profile,e910eb11d46f5a33a9f6a7d996c6c242f2a4caa089255874076d8ae12155dc94,2e5e1ea61ea1c71b07c235b309bb618daac98643cb3c0843acb266cd6b876512,cd72ec3b4911418e9899eae9aed63fa15aaf66633d0cb863f54d9ac8508d934e,833c0f503995ec3e68f8d11c30f392b1e756db044036faa02ce898eac71d1c91,VALIDATED_EVIDENCE_BUNDLE,,,,,,,,,,,,,,,,,,,,,,,,UPDATE_SUBMITTED_ENFORCED,,False,NOT_REQUIRED_AUTOMATED_POLICY,False,,,,,,,,,,,,,C1_PUBLIC,1,,,,,,,,6401d449cad49398af2f5e4da9bd6c0fbdde3a2a57f8a422907de7f0354cd145,71adf2c7741ed63f779fe8cebf9b4d1363fd18da1c5a49e39f32ec63cb8262f2,,,2026-08-25T22:32:04.883782+00:00,e878c886c2fce5669a5abdfd2cf12d11,,,,,80467a1951f575569b9d5a1589ff2eaaa2003be9007744f2b34141dde5521ad1,f2b14f9d80c666ab005ad941036b0ad284f2ba09098ec9ba2c48cc2786e88891,,,2026-08-25T22:54:40.997990+00:00,75d46ecd684a2dc4b6a8e27daff7fed8db3fae5cae653b9ddb3099795df8cd6c,active,,,20,ACCEPTED,ALL_BASELINE_CONTROLS,,,,True,True,True,True,True,False,HbF2/lIAyynHmuBdGz9pYqMlkTb2CMQaAK3bvZQ2YWQ=,43d22cee2bddf6e6278a2cf13cab05091fe6e0f19a72e6d94b0dc9bbe5aad166,LVS6iX3xyk+AW89N8K7wd5i2P+GtpUmTpzID/3W7LU4=,780f21bf71804d53698164b4debbebbce890825c5bd862e0c5b4896a8274f54d,7qdtpn44LTnc0omJikJlMpvuoKcMbnWBONNSoEJSFcc=,d2de0eecb364b6ad6dfd68c57fbb2b61edd7f408c047202d5ab95910a24e2627,,,,,,,,,,,,,,,,,fdffd9b328da527cc79581790d080424d93f650cc0152934b03985f9e5b1f22b,audit_trails/artifacts/accepted_runtime_submissions/T1_Plain_TADP_client_001_r20_43d22cee2bddf6e6__fdffd9b328da527c.json,,,,,,,,,,,,,1502ff18d9be81028da3aae19686fd33a73a462f12a7a6919e0dcc0f92391734,b49b7781efe8b04f4518fdc6ae67b604b40195c055b12fe3c757b74533169518,,
40,482f869da66e155b6fa5d5edb191e3f8,9009c28128737f7948fb54beb932f446c0ce27d5cbdefb4938dce83226ac7abd,2026-08-24T22:55:02.994874+00:00,TADP-SEC/14.0,CLIENT_CIPHERTEXT_BINDING,T1_Plain_TADP,,,,client_001,,,,,,,,,,,,,,,,,,,,,,,,,,,,,,,,,,,,,,,,CIPHERTEXT_BOUND_TO_SIGNED_UPDATE,,,,,,,,,,,,,,,,,C1_PUBLIC,1,,,,,,,,,,,,,e878c886c2fce5669a5abdfd2cf12d11,,,,,,,,,,,,,,20,VERIFIED,,,,,True,,,,,False,HbF2/lIAyynHmuBdGz9pYqMlkTb2CMQaAK3bvZQ2YWQ=,43d22cee2bddf6e6278a2cf13cab05091fe6e0f19a72e6d94b0dc9bbe5aad166,LVS6iX3xyk+AW89N8K7wd5i2P+GtpUmTpzID/3W7LU4=,309f84e38de251ac02b2fcb5f631600d5f9fe940e75bd710f630e2361949f640,7qdtpn44LTnc0omJikJlMpvuoKcMbnWBONNSoEJSFcc=,d2de0eecb364b6ad6dfd68c57fbb2b61edd7f408c047202d5ab95910a24e2627,plaintext_update_no_noise,reference_python,n=|logq=|scale=|scheme=plain,plain,,,,,,,,,f6a4a3ed9e1bb33940d4bc422dccaa504d40de41eeb1567aa332589c739d8030,,44c56648c3518ba90bdd66141ab32e75eb8e0f37c0346d1c8b642536b31b76f2,audit_trails/artifacts/ciphertext_attestations/T1_Plain_TADP_client_001_r20_565c6db2bc207434__44c56648c3518ba9.json,,,,,,,,,,,,,,,b49b7781efe8b04f4518fdc6ae67b604b40195c055b12fe3c757b74533169518,ac966609c31f50918c30eded94de211710a283179f8bff7aefd185ccd815389f,,
41,72d135bd3a39f3c433704d4d69ecfe06,9009c28128737f7948fb54beb932f446c0ce27d5cbdefb4938dce83226ac7abd,2026-08-24T22:55:04.142788+00:00,TADP-SEC/14.0,CLIENT_ACCEPTED_SUBMISSION,T1_Plain_TADP,,,,client_001,,,,,,,,,,,2.3-phase1-fixed-threshold-critical-floor-review-profile,e910eb11d46f5a33a9f6a7d996c6c242f2a4caa089255874076d8ae12155dc94,2e5e1ea61ea1c71b07c235b309bb618daac98643cb3c0843acb266cd6b876512,cd72ec3b4911418e9899eae9aed63fa15aaf66633d0cb863f54d9ac8508d934e,833c0f503995ec3e68f8d11c30f392b1e756db044036faa02ce898eac71d1c91,VALIDATED_EVIDENCE_BUNDLE,,,,,,,,,,,,,,,,,,,,,,,,UPDATE_SUBMITTED_ENFORCED,,False,NOT_REQUIRED_AUTOMATED_POLICY,False,,,,,,,,,,,,,C1_PUBLIC,1,,,,,,,,6401d449cad49398af2f5e4da9bd6c0fbdde3a2a57f8a422907de7f0354cd145,71adf2c7741ed63f779fe8cebf9b4d1363fd18da1c5a49e39f32ec63cb8262f2,,,2026-08-25T22:32:04.883782+00:00,7899d16d06ff7f40ce8bfe903c6dd92b,,,,,cd2e48bcdce8bf9c57ab6dc86bcb5079f6f48bb6dbb0c6ec2398cfd05abee351,d524484b5f69df153c3fe07cfce7cd9ae22f5305803810dc73072a51c1013838,,,2026-08-25T22:55:03.923720+00:00,75d46ecd684a2dc4b6a8e27daff7fed8db3fae5cae653b9ddb3099795df8cd6c,active,,,1,ACCEPTED,ALL_BASELINE_CONTROLS,,,,True,True,True,True,True,False,RtEKXFvj5XAGtdGkX6ZOnLHv72lqPzX0FJ7c9Q98PoY=,8f1e2fc8e27d2a3269938707cef3d3628f7e1b15e4228fd29240880979b25e13,LVS6iX3xyk+AW89N8K7wd5i2P+GtpUmTpzID/3W7LU4=,3feab1a58bbaa350d26f71d123969bdf4dd20435aaa4aaba2f53ac8213a5ff01,53hSeE1MC452bqLUvMLnrgvKo3CLPNZjslJV1SBeLPk=,d2de0eecb364b6ad6dfd68c57fbb2b61edd7f408c047202d5ab95910a24e2627,,,,,,,,,,,,,,,,,330ca2adc5714d2abf7fc5eaf6e9548b61dcf22125353bfd463f7d9b3e734924,audit_trails/artifacts/accepted_runtime_submissions/T1_Plain_TADP_client_001_r1_8f1e2fc8e27d2a32__330ca2adc5714d2a.json,,,,,,,,,,,,,ac966609c31f50918c30eded94de211710a283179f8bff7aefd185ccd815389f,42e04c6a387d7f1ddccc474bacbcb610915b3a08cb9bc27ea0c3debf9ace5843,,
42,d039dfd15a95620b1e18cb0e7877f08a,9009c28128737f7948fb54beb932f446c0ce27d5cbdefb4938dce83226ac7abd,2026-08-24T22:55:04.161653+00:00,TADP-SEC/14.0,CLIENT_CIPHERTEXT_BINDING,T1_Plain_TADP,,,,client_001,,,,,,,,,,,,,,,,,,,,,,,,,,,,,,,,,,,,,,,,CIPHERTEXT_BOUND_TO_SIGNED_UPDATE,,,,,,,,,,,,,,,,,C1_PUBLIC,1,,,,,,,,,,,,,7899d16d06ff7f40ce8bfe903c6dd92b,,,,,,,,,,,,,,1,VERIFIED,,,,,True,,,,,False,RtEKXFvj5XAGtdGkX6ZOnLHv72lqPzX0FJ7c9Q98PoY=,8f1e2fc8e27d2a3269938707cef3d3628f7e1b15e4228fd29240880979b25e13,LVS6iX3xyk+AW89N8K7wd5i2P+GtpUmTpzID/3W7LU4=,5cde13f57e304368b160ea53a6bc3dde8617fdf91d0ab7eab53a7354d9aca376,53hSeE1MC452bqLUvMLnrgvKo3CLPNZjslJV1SBeLPk=,d2de0eecb364b6ad6dfd68c57fbb2b61edd7f408c047202d5ab95910a24e2627,plaintext_update_no_noise,reference_python,n=|logq=|scale=|scheme=plain,plain,,,,,,,,,f6a4a3ed9e1bb33940d4bc422dccaa504d40de41eeb1567aa332589c739d8030,,2b758b54c8ef783441f6debf16b40ef9adcb443812b573e70fddad8386453d04,audit_trails/artifacts/ciphertext_attestations/T1_Plain_TADP_client_001_r1_47547cb0edf1e595__2b758b54c8ef7834.json,,,,,,,,,,,,,,,42e04c6a387d7f1ddccc474bacbcb610915b3a08cb9bc27ea0c3debf9ace5843,5090f6f2bfc7df015f18b41e08b2c7c45830ad2dcea691d77d5466b7d0145550,,
43,af1932a8992ac31828a34f489ef13d5c,9009c28128737f7948fb54beb932f446c0ce27d5cbdefb4938dce83226ac7abd,2026-08-24T22:55:05.183022+00:00,TADP-SEC/14.0,CLIENT_ACCEPTED_SUBMISSION,T1_Plain_TADP,,,,client_001,,,,,,,,,,,2.3-phase1-fixed-threshold-critical-floor-review-profile,e910eb11d46f5a33a9f6a7d996c6c242f2a4caa089255874076d8ae12155dc94,2e5e1ea61ea1c71b07c235b309bb618daac98643cb3c0843acb266cd6b876512,cd72ec3b4911418e9899eae9aed63fa15aaf66633d0cb863f54d9ac8508d934e,833c0f503995ec3e68f8d11c30f392b1e756db044036faa02ce898eac71d1c91,VALIDATED_EVIDENCE_BUNDLE,,,,,,,,,,,,,,,,,,,,,,,,UPDATE_SUBMITTED_ENFORCED,,False,NOT_REQUIRED_AUTOMATED_POLICY,False,,,,,,,,,,,,,C1_PUBLIC,1,,,,,,,,6401d449cad49398af2f5e4da9bd6c0fbdde3a2a57f8a422907de7f0354cd145,71adf2c7741ed63f779fe8cebf9b4d1363fd18da1c5a49e39f32ec63cb8262f2,,,2026-08-25T22:32:04.883782+00:00,7899d16d06ff7f40ce8bfe903c6dd92b,,,,,cd2e48bcdce8bf9c57ab6dc86bcb5079f6f48bb6dbb0c6ec2398cfd05abee351,d524484b5f69df153c3fe07cfce7cd9ae22f5305803810dc73072a51c1013838,,,2026-08-25T22:55:03.923720+00:00,75d46ecd684a2dc4b6a8e27daff7fed8db3fae5cae653b9ddb3099795df8cd6c,active,,,2,ACCEPTED,ALL_BASELINE_CONTROLS,,,,True,True,True,True,True,False,FAYXU9rX7a12XifgfsjwsRnptrbz0hRADuuPzEA3GvI=,270f86a99c328d0a19214863340002fd8f813a18ff8fa97f17dc38b71267f90c,LVS6iX3xyk+AW89N8K7wd5i2P+GtpUmTpzID/3W7LU4=,36a3a2f3f6dc6839660bd0474002322718a99dcbd5e9d489cada439d99035d17,y2nf9buIfDtLS6s+7g7a1JDLqEahRRgId8jDzOYyNyw=,d2de0eecb364b6ad6dfd68c57fbb2b61edd7f408c047202d5ab95910a24e2627,,,,,,,,,,,,,,,,,3042019c8fd96ccd54c04b2b80f4f3ca1618968e57eb383381cad748b5b13c28,audit_trails/artifacts/accepted_runtime_submissions/T1_Plain_TADP_client_001_r2_270f86a99c328d0a__3042019c8fd96ccd.json,,,,,,,,,,,,,5090f6f2bfc7df015f18b41e08b2c7c45830ad2dcea691d77d5466b7d0145550,6983aae144512a04dac00cf42e7e317b633685d041731168df87a8fcdfb05c0e,,
44,f1e57df9b77e24dc6ccb4e6274c8f5cc,9009c28128737f7948fb54beb932f446c0ce27d5cbdefb4938dce83226ac7abd,2026-08-24T22:55:05.201020+00:00,TADP-SEC/14.0,CLIENT_CIPHERTEXT_BINDING,T1_Plain_TADP,,,,client_001,,,,,,,,,,,,,,,,,,,,,,,,,,,,,,,,,,,,,,,,CIPHERTEXT_BOUND_TO_SIGNED_UPDATE,,,,,,,,,,,,,,,,,C1_PUBLIC,1,,,,,,,,,,,,,7899d16d06ff7f40ce8bfe903c6dd92b,,,,,,,,,,,,,,2,VERIFIED,,,,,True,,,,,False,FAYXU9rX7a12XifgfsjwsRnptrbz0hRADuuPzEA3GvI=,270f86a99c328d0a19214863340002fd8f813a18ff8fa97f17dc38b71267f90c,LVS6iX3xyk+AW89N8K7wd5i2P+GtpUmTpzID/3W7LU4=,865af94d830470eabdbe91cdee443a9413d5860d8b526c8fb7c5a3aef04378ea,y2nf9buIfDtLS6s+7g7a1JDLqEahRRgId8jDzOYyNyw=,d2de0eecb364b6ad6dfd68c57fbb2b61edd7f408c047202d5ab95910a24e2627,plaintext_update_no_noise,reference_python,n=|logq=|scale=|scheme=plain,plain,,,,,,,,,f6a4a3ed9e1bb33940d4bc422dccaa504d40de41eeb1567aa332589c739d8030,,fbb48a21f12f95f111381ac84aac6431a813b44c87ae27a53776131b7c63cebd,audit_trails/artifacts/ciphertext_attestations/T1_Plain_TADP_client_001_r2_5fd83707a1f4e7d2__fbb48a21f12f95f1.json,,,,,,,,,,,,,,,6983aae144512a04dac00cf42e7e317b633685d041731168df87a8fcdfb05c0e,cc5d62c2d3b4e8f653ee212bc3b3920e44141d4be9e9fa8d3e2758313d9ab675,,
45,895c406cd6e42fe13cc277b6ff9626fb,9009c28128737f7948fb54beb932f446c0ce27d5cbdefb4938dce83226ac7abd,2026-08-24T22:55:06.268986+00:00,TADP-SEC/14.0,CLIENT_ACCEPTED_SUBMISSION,T1_Plain_TADP,,,,client_001,,,,,,,,,,,2.3-phase1-fixed-threshold-critical-floor-review-profile,e910eb11d46f5a33a9f6a7d996c6c242f2a4caa089255874076d8ae12155dc94,2e5e1ea61ea1c71b07c235b309bb618daac98643cb3c0843acb266cd6b876512,cd72ec3b4911418e9899eae9aed63fa15aaf66633d0cb863f54d9ac8508d934e,833c0f503995ec3e68f8d11c30f392b1e756db044036faa02ce898eac71d1c91,VALIDATED_EVIDENCE_BUNDLE,,,,,,,,,,,,,,,,,,,,,,,,UPDATE_SUBMITTED_ENFORCED,,False,NOT_REQUIRED_AUTOMATED_POLICY,False,,,,,,,,,,,,,C1_PUBLIC,1,,,,,,,,6401d449cad49398af2f5e4da9bd6c0fbdde3a2a57f8a422907de7f0354cd145,71adf2c7741ed63f779fe8cebf9b4d1363fd18da1c5a49e39f32ec63cb8262f2,,,2026-08-25T22:32:04.883782+00:00,7899d16d06ff7f40ce8bfe903c6dd92b,,,,,cd2e48bcdce8bf9c57ab6dc86bcb5079f6f48bb6dbb0c6ec2398cfd05abee351,d524484b5f69df153c3fe07cfce7cd9ae22f5305803810dc73072a51c1013838,,,2026-08-25T22:55:03.923720+00:00,75d46ecd684a2dc4b6a8e27daff7fed8db3fae5cae653b9ddb3099795df8cd6c,active,,,3,ACCEPTED,ALL_BASELINE_CONTROLS,,,,True,True,True,True,True,False,O9A0GrQ1wkAzzTdlFsT8OLwJ2um8IK6Xz5MLBQgcpME=,f9ed89c8d3fec188675198f0fa5ee35c08c1c65902cd212087b78035ad16eb8e,LVS6iX3xyk+AW89N8K7wd5i2P+GtpUmTpzID/3W7LU4=,3420ab472ce4192b277d015d852094c581a76b05cdf6bce0c42ff552eac63579,0OtOXq2/O2OHFFTJW0uesC3ua/BUEnDFFczTcujwnm4=,d2de0eecb364b6ad6dfd68c57fbb2b61edd7f408c047202d5ab95910a24e2627,,,,,,,,,,,,,,,,,0f142612ded8b22448e1c590ce2df91d3fb5cbf1982715366973a93f7debde1a,audit_trails/artifacts/accepted_runtime_submissions/T1_Plain_TADP_client_001_r3_f9ed89c8d3fec188__0f142612ded8b224.json,,,,,,,,,,,,,cc5d62c2d3b4e8f653ee212bc3b3920e44141d4be9e9fa8d3e2758313d9ab675,746cf7392600998f0cd05d5499c371f5a5ddbd6e592cbcd7288e9e4b42acd305,,
46,ff11204de74d44ffa24b5ee248637d4b,9009c28128737f7948fb54beb932f446c0ce27d5cbdefb4938dce83226ac7abd,2026-08-24T22:55:06.286746+00:00,TADP-SEC/14.0,CLIENT_CIPHERTEXT_BINDING,T1_Plain_TADP,,,,client_001,,,,,,,,,,,,,,,,,,,,,,,,,,,,,,,,,,,,,,,,CIPHERTEXT_BOUND_TO_SIGNED_UPDATE,,,,,,,,,,,,,,,,,C1_PUBLIC,1,,,,,,,,,,,,,7899d16d06ff7f40ce8bfe903c6dd92b,,,,,,,,,,,,,,3,VERIFIED,,,,,True,,,,,False,O9A0GrQ1wkAzzTdlFsT8OLwJ2um8IK6Xz5MLBQgcpME=,f9ed89c8d3fec188675198f0fa5ee35c08c1c65902cd212087b78035ad16eb8e,LVS6iX3xyk+AW89N8K7wd5i2P+GtpUmTpzID/3W7LU4=,24d5e78267577a09cc9e1665ef2e20d37c8f3c59e02581a6024de5115bd6ea57,0OtOXq2/O2OHFFTJW0uesC3ua/BUEnDFFczTcujwnm4=,d2de0eecb364b6ad6dfd68c57fbb2b61edd7f408c047202d5ab95910a24e2627,plaintext_update_no_noise,reference_python,n=|logq=|scale=|scheme=plain,plain,,,,,,,,,f6a4a3ed9e1bb33940d4bc422dccaa504d40de41eeb1567aa332589c739d8030,,9f66798f98c3e04fd932bb5dbbe6218ab64f711ee06c430cdc5adbda56df5909,audit_trails/artifacts/ciphertext_attestations/T1_Plain_TADP_client_001_r3_163b1e6613a557eb__9f66798f98c3e04f.json,,,,,,,,,,,,,,,746cf7392600998f0cd05d5499c371f5a5ddbd6e592cbcd7288e9e4b42acd305,c95c06a64d9e8f2b747c57427b18c68f56147cf94d0359729f03dc6a95a4c82e,,
47,a567cfde8fba8f9e6a53e8d0874783d8,9009c28128737f7948fb54beb932f446c0ce27d5cbdefb4938dce83226ac7abd,2026-08-24T22:55:07.314603+00:00,TADP-SEC/14.0,CLIENT_ACCEPTED_SUBMISSION,T1_Plain_TADP,,,,client_001,,,,,,,,,,,2.3-phase1-fixed-threshold-critical-floor-review-profile,e910eb11d46f5a33a9f6a7d996c6c242f2a4caa089255874076d8ae12155dc94,2e5e1ea61ea1c71b07c235b309bb618daac98643cb3c0843acb266cd6b876512,cd72ec3b4911418e9899eae9aed63fa15aaf66633d0cb863f54d9ac8508d934e,833c0f503995ec3e68f8d11c30f392b1e756db044036faa02ce898eac71d1c91,VALIDATED_EVIDENCE_BUNDLE,,,,,,,,,,,,,,,,,,,,,,,,UPDATE_SUBMITTED_ENFORCED,,False,NOT_REQUIRED_AUTOMATED_POLICY,False,,,,,,,,,,,,,C1_PUBLIC,1,,,,,,,,6401d449cad49398af2f5e4da9bd6c0fbdde3a2a57f8a422907de7f0354cd145,71adf2c7741ed63f779fe8cebf9b4d1363fd18da1c5a49e39f32ec63cb8262f2,,,2026-08-25T22:32:04.883782+00:00,7899d16d06ff7f40ce8bfe903c6dd92b,,,,,cd2e48bcdce8bf9c57ab6dc86bcb5079f6f48bb6dbb0c6ec2398cfd05abee351,d524484b5f69df153c3fe07cfce7cd9ae22f5305803810dc73072a51c1013838,,,2026-08-25T22:55:03.923720+00:00,75d46ecd684a2dc4b6a8e27daff7fed8db3fae5cae653b9ddb3099795df8cd6c,active,,,4,ACCEPTED,ALL_BASELINE_CONTROLS,,,,True,True,True,True,True,False,JypmCC1PSDaRpfL46a0WgojM3xw+aoS/7xrQgkTFtQY=,431fcc6c323a6e6a0a18d469a2bfc03a831fabb7ea4533f9a4962396585483fb,LVS6iX3xyk+AW89N8K7wd5i2P+GtpUmTpzID/3W7LU4=,c17a114a69343614a9f80e1bdaa2cb929ce51ffac147bdf372d21045a008da63,QBaSgflaIFZJbltSA7zOlzp6nicGhHEiKyM69FR3H/Q=,d2de0eecb364b6ad6dfd68c57fbb2b61edd7f408c047202d5ab95910a24e2627,,,,,,,,,,,,,,,,,f6e78d7985d844c825c82c7041d8293e1b77a460ca2c2487a9a6d85fe5354f3b,audit_trails/artifacts/accepted_runtime_submissions/T1_Plain_TADP_client_001_r4_431fcc6c323a6e6a__f6e78d7985d844c8.json,,,,,,,,,,,,,c95c06a64d9e8f2b747c57427b18c68f56147cf94d0359729f03dc6a95a4c82e,87413d822d522d7037f84525f8549df61c67f37190cd487dffae0de5241c8e03,,
48,8400a45555138e30b5a3ff74aa03af60,9009c28128737f7948fb54beb932f446c0ce27d5cbdefb4938dce83226ac7abd,2026-08-24T22:55:07.331386+00:00,TADP-SEC/14.0,CLIENT_CIPHERTEXT_BINDING,T1_Plain_TADP,,,,client_001,,,,,,,,,,,,,,,,,,,,,,,,,,,,,,,,,,,,,,,,CIPHERTEXT_BOUND_TO_SIGNED_UPDATE,,,,,,,,,,,,,,,,,C1_PUBLIC,1,,,,,,,,,,,,,7899d16d06ff7f40ce8bfe903c6dd92b,,,,,,,,,,,,,,4,VERIFIED,,,,,True,,,,,False,JypmCC1PSDaRpfL46a0WgojM3xw+aoS/7xrQgkTFtQY=,431fcc6c323a6e6a0a18d469a2bfc03a831fabb7ea4533f9a4962396585483fb,LVS6iX3xyk+AW89N8K7wd5i2P+GtpUmTpzID/3W7LU4=,ce1513062373c414cf77669f8b52ab6355568edddb0530a8e4a00c3246bb9513,QBaSgflaIFZJbltSA7zOlzp6nicGhHEiKyM69FR3H/Q=,d2de0eecb364b6ad6dfd68c57fbb2b61edd7f408c047202d5ab95910a24e2627,plaintext_update_no_noise,reference_python,n=|logq=|scale=|scheme=plain,plain,,,,,,,,,f6a4a3ed9e1bb33940d4bc422dccaa504d40de41eeb1567aa332589c739d8030,,b4aa08093b1af3270c677f5ca1ee79b8ed28da318f90cb0c42a5fba802dcac11,audit_trails/artifacts/ciphertext_attestations/T1_Plain_TADP_client_001_r4_eb02c08239c3f89f__b4aa08093b1af327.json,,,,,,,,,,,,,,,87413d822d522d7037f84525f8549df61c67f37190cd487dffae0de5241c8e03,d8e9a0e39b9e15cf4e649cd02b1cd26cd73e7312a8a11e4a86a158830b2ac434,,
49,5a8b287e1990db1eac3d5123e4a1ea89,9009c28128737f7948fb54beb932f446c0ce27d5cbdefb4938dce83226ac7abd,2026-08-24T22:55:08.670815+00:00,TADP-SEC/14.0,CLIENT_ACCEPTED_SUBMISSION,T1_Plain_TADP,,,,client_001,,,,,,,,,,,2.3-phase1-fixed-threshold-critical-floor-review-profile,e910eb11d46f5a33a9f6a7d996c6c242f2a4caa089255874076d8ae12155dc94,2e5e1ea61ea1c71b07c235b309bb618daac98643cb3c0843acb266cd6b876512,cd72ec3b4911418e9899eae9aed63fa15aaf66633d0cb863f54d9ac8508d934e,833c0f503995ec3e68f8d11c30f392b1e756db044036faa02ce898eac71d1c91,VALIDATED_EVIDENCE_BUNDLE,,,,,,,,,,,,,,,,,,,,,,,,UPDATE_SUBMITTED_ENFORCED,,False,NOT_REQUIRED_AUTOMATED_POLICY,False,,,,,,,,,,,,,C1_PUBLIC,1,,,,,,,,6401d449cad49398af2f5e4da9bd6c0fbdde3a2a57f8a422907de7f0354cd145,71adf2c7741ed63f779fe8cebf9b4d1363fd18da1c5a49e39f32ec63cb8262f2,,,2026-08-25T22:32:04.883782+00:00,7899d16d06ff7f40ce8bfe903c6dd92b,,,,,cd2e48bcdce8bf9c57ab6dc86bcb5079f6f48bb6dbb0c6ec2398cfd05abee351,d524484b5f69df153c3fe07cfce7cd9ae22f5305803810dc73072a51c1013838,,,2026-08-25T22:55:03.923720+00:00,75d46ecd684a2dc4b6a8e27daff7fed8db3fae5cae653b9ddb3099795df8cd6c,active,,,5,ACCEPTED,ALL_BASELINE_CONTROLS,,,,True,True,True,True,True,False,bIcmgeyH3+UTt1yeDKL526cia5HHQCX9a6NHM6TW6KI=,339bc3e1279e236c8668ed228b51b910019d8894e5d3792fa19466f084b493ef,LVS6iX3xyk+AW89N8K7wd5i2P+GtpUmTpzID/3W7LU4=,bc9080c8989779ed95cbb2594a35a060bd49c11ea476fb00122fc88f43f241ca,eP9PexfqgpK8LXFwP7rxsvEWMrrpBl57LCxT2J+4Aw8=,d2de0eecb364b6ad6dfd68c57fbb2b61edd7f408c047202d5ab95910a24e2627,,,,,,,,,,,,,,,,,db1deec08acd796c4061c65c5e1740a5d39b8f047fa0734fc9bbb1b5fdd3604b,audit_trails/artifacts/accepted_runtime_submissions/T1_Plain_TADP_client_001_r5_339bc3e1279e236c__db1deec08acd796c.json,,,,,,,,,,,,,d8e9a0e39b9e15cf4e649cd02b1cd26cd73e7312a8a11e4a86a158830b2ac434,489d9ac38c2d93e854e7db2f17f10fed75531afa1c003b34b358235323b41cee,,
50,df7bc266261f8a45eebf911d2a6af1b6,9009c28128737f7948fb54beb932f446c0ce27d5cbdefb4938dce83226ac7abd,2026-08-24T22:55:08.689935+00:00,TADP-SEC/14.0,CLIENT_CIPHERTEXT_BINDING,T1_Plain_TADP,,,,client_001,,,,,,,,,,,,,,,,,,,,,,,,,,,,,,,,,,,,,,,,CIPHERTEXT_BOUND_TO_SIGNED_UPDATE,,,,,,,,,,,,,,,,,C1_PUBLIC,1,,,,,,,,,,,,,7899d16d06ff7f40ce8bfe903c6dd92b,,,,,,,,,,,,,,5,VERIFIED,,,,,True,,,,,False,bIcmgeyH3+UTt1yeDKL526cia5HHQCX9a6NHM6TW6KI=,339bc3e1279e236c8668ed228b51b910019d8894e5d3792fa19466f084b493ef,LVS6iX3xyk+AW89N8K7wd5i2P+GtpUmTpzID/3W7LU4=,993a4d3fed972fbc30d26b0c7979f21e1afa5d1faf691403701a7cec7a0b1fdf,eP9PexfqgpK8LXFwP7rxsvEWMrrpBl57LCxT2J+4Aw8=,d2de0eecb364b6ad6dfd68c57fbb2b61edd7f408c047202d5ab95910a24e2627,plaintext_update_no_noise,reference_python,n=|logq=|scale=|scheme=plain,plain,,,,,,,,,f6a4a3ed9e1bb33940d4bc422dccaa504d40de41eeb1567aa332589c739d8030,,34e110c4e7868a556d3ca806922f468a3db124f0f0bbbdd38666cdafa80bb72d,audit_trails/artifacts/ciphertext_attestations/T1_Plain_TADP_client_001_r5_ca0d59b60129f5ca__34e110c4e7868a55.json,,,,,,,,,,,,,,,489d9ac38c2d93e854e7db2f17f10fed75531afa1c003b34b358235323b41cee,e7090601d527f6cecdc1500588032bbd6d57a5a691d4b230078f13a6e7ebf452,,
51,8bd22c1f9803109b3b35e99524239319,9009c28128737f7948fb54beb932f446c0ce27d5cbdefb4938dce83226ac7abd,2026-08-24T22:55:09.968817+00:00,TADP-SEC/14.0,CLIENT_ACCEPTED_SUBMISSION,T1_Plain_TADP,,,,client_001,,,,,,,,,,,2.3-phase1-fixed-threshold-critical-floor-review-profile,e910eb11d46f5a33a9f6a7d996c6c242f2a4caa089255874076d8ae12155dc94,2e5e1ea61ea1c71b07c235b309bb618daac98643cb3c0843acb266cd6b876512,cd72ec3b4911418e9899eae9aed63fa15aaf66633d0cb863f54d9ac8508d934e,833c0f503995ec3e68f8d11c30f392b1e756db044036faa02ce898eac71d1c91,VALIDATED_EVIDENCE_BUNDLE,,,,,,,,,,,,,,,,,,,,,,,,UPDATE_SUBMITTED_ENFORCED,,False,NOT_REQUIRED_AUTOMATED_POLICY,False,,,,,,,,,,,,,C1_PUBLIC,1,,,,,,,,6401d449cad49398af2f5e4da9bd6c0fbdde3a2a57f8a422907de7f0354cd145,71adf2c7741ed63f779fe8cebf9b4d1363fd18da1c5a49e39f32ec63cb8262f2,,,2026-08-25T22:32:04.883782+00:00,7899d16d06ff7f40ce8bfe903c6dd92b,,,,,cd2e48bcdce8bf9c57ab6dc86bcb5079f6f48bb6dbb0c6ec2398cfd05abee351,d524484b5f69df153c3fe07cfce7cd9ae22f5305803810dc73072a51c1013838,,,2026-08-25T22:55:03.923720+00:00,75d46ecd684a2dc4b6a8e27daff7fed8db3fae5cae653b9ddb3099795df8cd6c,active,,,6,ACCEPTED,ALL_BASELINE_CONTROLS,,,,True,True,True,True,True,False,QQ2VteiA/PiiEcChGUdN21e4UbyIzB11VBnU6KkcdAM=,41b65dc6b3d03f5b706af526ceadc80f394ebf0c791505cafbad1b848da21016,LVS6iX3xyk+AW89N8K7wd5i2P+GtpUmTpzID/3W7LU4=,080213763099ada21973b4a7e253b25885da383bd42e1de2eec05f3175705bdd,3+XPeZjl0MT1U4tRcw4qO29uN5VVwGE53jyFZaOy8SE=,d2de0eecb364b6ad6dfd68c57fbb2b61edd7f408c047202d5ab95910a24e2627,,,,,,,,,,,,,,,,,a54fd09bb6b92512ef0ce258b5943263645c355f689de1c710179e1633ede46f,audit_trails/artifacts/accepted_runtime_submissions/T1_Plain_TADP_client_001_r6_41b65dc6b3d03f5b__a54fd09bb6b92512.json,,,,,,,,,,,,,e7090601d527f6cecdc1500588032bbd6d57a5a691d4b230078f13a6e7ebf452,a736f769e131baef2768f078b68ac039779601901afe647618a8e99c6bd27cab,,
52,8e89f269b364d2254772bbde9f85b5e0,9009c28128737f7948fb54beb932f446c0ce27d5cbdefb4938dce83226ac7abd,2026-08-24T22:55:09.994299+00:00,TADP-SEC/14.0,CLIENT_CIPHERTEXT_BINDING,T1_Plain_TADP,,,,client_001,,,,,,,,,,,,,,,,,,,,,,,,,,,,,,,,,,,,,,,,CIPHERTEXT_BOUND_TO_SIGNED_UPDATE,,,,,,,,,,,,,,,,,C1_PUBLIC,1,,,,,,,,,,,,,7899d16d06ff7f40ce8bfe903c6dd92b,,,,,,,,,,,,,,6,VERIFIED,,,,,True,,,,,False,QQ2VteiA/PiiEcChGUdN21e4UbyIzB11VBnU6KkcdAM=,41b65dc6b3d03f5b706af526ceadc80f394ebf0c791505cafbad1b848da21016,LVS6iX3xyk+AW89N8K7wd5i2P+GtpUmTpzID/3W7LU4=,0f9e041438eb9555c91cc063d1f0fc11ba6b72d65e47586754061ebc68ce2628,3+XPeZjl0MT1U4tRcw4qO29uN5VVwGE53jyFZaOy8SE=,d2de0eecb364b6ad6dfd68c57fbb2b61edd7f408c047202d5ab95910a24e2627,plaintext_update_no_noise,reference_python,n=|logq=|scale=|scheme=plain,plain,,,,,,,,,f6a4a3ed9e1bb33940d4bc422dccaa504d40de41eeb1567aa332589c739d8030,,efcacc73bcc480c4d6cc4e0061b20dd26fea79ebfded65d6573fac7637a2692f,audit_trails/artifacts/ciphertext_attestations/T1_Plain_TADP_client_001_r6_e2f6b371c3059f7a__efcacc73bcc480c4.json,,,,,,,,,,,,,,,a736f769e131baef2768f078b68ac039779601901afe647618a8e99c6bd27cab,28c7ba055d497b19aaeeac56af7ff307376422b30fca89614e1f3a8f42b873e8,,
53,521d76cd22637ec93ea33475b1b59d1b,9009c28128737f7948fb54beb932f446c0ce27d5cbdefb4938dce83226ac7abd,2026-08-24T22:55:11.214731+00:00,TADP-SEC/14.0,CLIENT_ACCEPTED_SUBMISSION,T1_Plain_TADP,,,,client_001,,,,,,,,,,,2.3-phase1-fixed-threshold-critical-floor-review-profile,e910eb11d46f5a33a9f6a7d996c6c242f2a4caa089255874076d8ae12155dc94,2e5e1ea61ea1c71b07c235b309bb618daac98643cb3c0843acb266cd6b876512,cd72ec3b4911418e9899eae9aed63fa15aaf66633d0cb863f54d9ac8508d934e,833c0f503995ec3e68f8d11c30f392b1e756db044036faa02ce898eac71d1c91,VALIDATED_EVIDENCE_BUNDLE,,,,,,,,,,,,,,,,,,,,,,,,UPDATE_SUBMITTED_ENFORCED,,False,NOT_REQUIRED_AUTOMATED_POLICY,False,,,,,,,,,,,,,C1_PUBLIC,1,,,,,,,,6401d449cad49398af2f5e4da9bd6c0fbdde3a2a57f8a422907de7f0354cd145,71adf2c7741ed63f779fe8cebf9b4d1363fd18da1c5a49e39f32ec63cb8262f2,,,2026-08-25T22:32:04.883782+00:00,7899d16d06ff7f40ce8bfe903c6dd92b,,,,,cd2e48bcdce8bf9c57ab6dc86bcb5079f6f48bb6dbb0c6ec2398cfd05abee351,d524484b5f69df153c3fe07cfce7cd9ae22f5305803810dc73072a51c1013838,,,2026-08-25T22:55:03.923720+00:00,75d46ecd684a2dc4b6a8e27daff7fed8db3fae5cae653b9ddb3099795df8cd6c,active,,,7,ACCEPTED,ALL_BASELINE_CONTROLS,,,,True,True,True,True,True,False,OD1nF+bmOweC+zWNTkfvnSV6EItOvWOtZZcnwptPFrU=,0b1a505df3d564c069a61a25872832022cc11a070a85314b2d786f8cf141ae05,LVS6iX3xyk+AW89N8K7wd5i2P+GtpUmTpzID/3W7LU4=,99993aa83870af19f9da59aa5eab4d489e2c9ac5b4bd2282cdf8cb6d1801e543,/nIxZTYdtFBtbnEXZHeKmsFUatQa83Qg5PnRlc2M84U=,d2de0eecb364b6ad6dfd68c57fbb2b61edd7f408c047202d5ab95910a24e2627,,,,,,,,,,,,,,,,,26b9154126657512620a8220c8c34763d1e91d88f4a198d676e62cbeb7d963d0,audit_trails/artifacts/accepted_runtime_submissions/T1_Plain_TADP_client_001_r7_0b1a505df3d564c0__26b9154126657512.json,,,,,,,,,,,,,28c7ba055d497b19aaeeac56af7ff307376422b30fca89614e1f3a8f42b873e8,34e737d2ac78e69022c1546f2b91e4f1d14522be668dd59dc781a5e9997027fd,,
54,4752c9e8bd6e52816e2a721b997e5101,9009c28128737f7948fb54beb932f446c0ce27d5cbdefb4938dce83226ac7abd,2026-08-24T22:55:11.231720+00:00,TADP-SEC/14.0,CLIENT_CIPHERTEXT_BINDING,T1_Plain_TADP,,,,client_001,,,,,,,,,,,,,,,,,,,,,,,,,,,,,,,,,,,,,,,,CIPHERTEXT_BOUND_TO_SIGNED_UPDATE,,,,,,,,,,,,,,,,,C1_PUBLIC,1,,,,,,,,,,,,,7899d16d06ff7f40ce8bfe903c6dd92b,,,,,,,,,,,,,,7,VERIFIED,,,,,True,,,,,False,OD1nF+bmOweC+zWNTkfvnSV6EItOvWOtZZcnwptPFrU=,0b1a505df3d564c069a61a25872832022cc11a070a85314b2d786f8cf141ae05,LVS6iX3xyk+AW89N8K7wd5i2P+GtpUmTpzID/3W7LU4=,c1d810cc04774d0c2b2c9a5905cd716f472a2d532ed7e9593eff8d4efee3b0fb,/nIxZTYdtFBtbnEXZHeKmsFUatQa83Qg5PnRlc2M84U=,d2de0eecb364b6ad6dfd68c57fbb2b61edd7f408c047202d5ab95910a24e2627,plaintext_update_no_noise,reference_python,n=|logq=|scale=|scheme=plain,plain,,,,,,,,,f6a4a3ed9e1bb33940d4bc422dccaa504d40de41eeb1567aa332589c739d8030,,b890d85afe129dc9896f27c9fcf50e1a089a0740dca158cb93e49fe89693260d,audit_trails/artifacts/ciphertext_attestations/T1_Plain_TADP_client_001_r7_ca8832d00b1dbb78__b890d85afe129dc9.json,,,,,,,,,,,,,,,34e737d2ac78e69022c1546f2b91e4f1d14522be668dd59dc781a5e9997027fd,1f7e4e9653796a9bc5c39d9afda6d0acad233a11c678ab1b0dca4977e1f9643c,,
55,b68aa3f8eeb08e7f3e161d295428843b,9009c28128737f7948fb54beb932f446c0ce27d5cbdefb4938dce83226ac7abd,2026-08-24T22:55:12.287221+00:00,TADP-SEC/14.0,CLIENT_ACCEPTED_SUBMISSION,T1_Plain_TADP,,,,client_001,,,,,,,,,,,2.3-phase1-fixed-threshold-critical-floor-review-profile,e910eb11d46f5a33a9f6a7d996c6c242f2a4caa089255874076d8ae12155dc94,2e5e1ea61ea1c71b07c235b309bb618daac98643cb3c0843acb266cd6b876512,cd72ec3b4911418e9899eae9aed63fa15aaf66633d0cb863f54d9ac8508d934e,833c0f503995ec3e68f8d11c30f392b1e756db044036faa02ce898eac71d1c91,VALIDATED_EVIDENCE_BUNDLE,,,,,,,,,,,,,,,,,,,,,,,,UPDATE_SUBMITTED_ENFORCED,,False,NOT_REQUIRED_AUTOMATED_POLICY,False,,,,,,,,,,,,,C1_PUBLIC,1,,,,,,,,6401d449cad49398af2f5e4da9bd6c0fbdde3a2a57f8a422907de7f0354cd145,71adf2c7741ed63f779fe8cebf9b4d1363fd18da1c5a49e39f32ec63cb8262f2,,,2026-08-25T22:32:04.883782+00:00,7899d16d06ff7f40ce8bfe903c6dd92b,,,,,cd2e48bcdce8bf9c57ab6dc86bcb5079f6f48bb6dbb0c6ec2398cfd05abee351,d524484b5f69df153c3fe07cfce7cd9ae22f5305803810dc73072a51c1013838,,,2026-08-25T22:55:03.923720+00:00,75d46ecd684a2dc4b6a8e27daff7fed8db3fae5cae653b9ddb3099795df8cd6c,active,,,8,ACCEPTED,ALL_BASELINE_CONTROLS,,,,True,True,True,True,True,False,Cv+nKGiQ0NizJM9y7MniDBKYVa3vWNVxhSF4uwBHf28=,cfb1a0479aa398fdc74a9affe2eac5bcb8fb21a9178abaf15c70f0412b15f81f,LVS6iX3xyk+AW89N8K7wd5i2P+GtpUmTpzID/3W7LU4=,ac677f62881ef5c2b3ec130329e1ce00084f121fe7771165761b01eed3af359b,Zn6RfX1gx8c+0crsU7AF0XRqGLC8gFpnxLP3RhbCDo8=,d2de0eecb364b6ad6dfd68c57fbb2b61edd7f408c047202d5ab95910a24e2627,,,,,,,,,,,,,,,,,e0f766a63a649af17649d84818174b375a3274aadea291a804216c5dbd88b20b,audit_trails/artifacts/accepted_runtime_submissions/T1_Plain_TADP_client_001_r8_cfb1a0479aa398fd__e0f766a63a649af1.json,,,,,,,,,,,,,1f7e4e9653796a9bc5c39d9afda6d0acad233a11c678ab1b0dca4977e1f9643c,acb778485e73725124738921aaacfd62ef0a19b809b70d883542852848515911,,
56,bc45229acf46d7b511ace90f96db12aa,9009c28128737f7948fb54beb932f446c0ce27d5cbdefb4938dce83226ac7abd,2026-08-24T22:55:12.304625+00:00,TADP-SEC/14.0,CLIENT_CIPHERTEXT_BINDING,T1_Plain_TADP,,,,client_001,,,,,,,,,,,,,,,,,,,,,,,,,,,,,,,,,,,,,,,,CIPHERTEXT_BOUND_TO_SIGNED_UPDATE,,,,,,,,,,,,,,,,,C1_PUBLIC,1,,,,,,,,,,,,,7899d16d06ff7f40ce8bfe903c6dd92b,,,,,,,,,,,,,,8,VERIFIED,,,,,True,,,,,False,Cv+nKGiQ0NizJM9y7MniDBKYVa3vWNVxhSF4uwBHf28=,cfb1a0479aa398fdc74a9affe2eac5bcb8fb21a9178abaf15c70f0412b15f81f,LVS6iX3xyk+AW89N8K7wd5i2P+GtpUmTpzID/3W7LU4=,70372fd508ce373edaaae255afbd09ef0081810cd38ecd718c28052debd5c5a3,Zn6RfX1gx8c+0crsU7AF0XRqGLC8gFpnxLP3RhbCDo8=,d2de0eecb364b6ad6dfd68c57fbb2b61edd7f408c047202d5ab95910a24e2627,plaintext_update_no_noise,reference_python,n=|logq=|scale=|scheme=plain,plain,,,,,,,,,f6a4a3ed9e1bb33940d4bc422dccaa504d40de41eeb1567aa332589c739d8030,,4fca722b746f19361b6d544dcfc69a99d2f9d334534ff3eead715f9328b8bb90,audit_trails/artifacts/ciphertext_attestations/T1_Plain_TADP_client_001_r8_7d726a9759dda934__4fca722b746f1936.json,,,,,,,,,,,,,,,acb778485e73725124738921aaacfd62ef0a19b809b70d883542852848515911,3107b98c67d6809aea3f60bb808ccf9c687dec4e775f27629f3ac4111679a4b1,,
57,a19b5723e63602da1f152680c2787d5a,9009c28128737f7948fb54beb932f446c0ce27d5cbdefb4938dce83226ac7abd,2026-08-24T22:55:13.340880+00:00,TADP-SEC/14.0,CLIENT_ACCEPTED_SUBMISSION,T1_Plain_TADP,,,,client_001,,,,,,,,,,,2.3-phase1-fixed-threshold-critical-floor-review-profile,e910eb11d46f5a33a9f6a7d996c6c242f2a4caa089255874076d8ae12155dc94,2e5e1ea61ea1c71b07c235b309bb618daac98643cb3c0843acb266cd6b876512,cd72ec3b4911418e9899eae9aed63fa15aaf66633d0cb863f54d9ac8508d934e,833c0f503995ec3e68f8d11c30f392b1e756db044036faa02ce898eac71d1c91,VALIDATED_EVIDENCE_BUNDLE,,,,,,,,,,,,,,,,,,,,,,,,UPDATE_SUBMITTED_ENFORCED,,False,NOT_REQUIRED_AUTOMATED_POLICY,False,,,,,,,,,,,,,C1_PUBLIC,1,,,,,,,,6401d449cad49398af2f5e4da9bd6c0fbdde3a2a57f8a422907de7f0354cd145,71adf2c7741ed63f779fe8cebf9b4d1363fd18da1c5a49e39f32ec63cb8262f2,,,2026-08-25T22:32:04.883782+00:00,7899d16d06ff7f40ce8bfe903c6dd92b,,,,,cd2e48bcdce8bf9c57ab6dc86bcb5079f6f48bb6dbb0c6ec2398cfd05abee351,d524484b5f69df153c3fe07cfce7cd9ae22f5305803810dc73072a51c1013838,,,2026-08-25T22:55:03.923720+00:00,75d46ecd684a2dc4b6a8e27daff7fed8db3fae5cae653b9ddb3099795df8cd6c,active,,,9,ACCEPTED,ALL_BASELINE_CONTROLS,,,,True,True,True,True,True,False,fbHTRoFFZ2jiljQI8KELAOHBlDGySPfxnxP+JYtIYyw=,0b1b5bb9083eea886a6200b69e02cc3e3cd1aa695053b0580854cccea2d32e2f,LVS6iX3xyk+AW89N8K7wd5i2P+GtpUmTpzID/3W7LU4=,0aec94518cdb2c6fb30d08ffc2ae8ddc1960be58745b4c4c4d7b65473c15e3f6,xHsASWLtuqG2n9IjHGMmJUV3yJXr0lJ0IE3sW2zTvEE=,d2de0eecb364b6ad6dfd68c57fbb2b61edd7f408c047202d5ab95910a24e2627,,,,,,,,,,,,,,,,,2cbaee5a4319898a0ccbd6dabab967327e08bb5fb5470f83100476df6df18a2a,audit_trails/artifacts/accepted_runtime_submissions/T1_Plain_TADP_client_001_r9_0b1b5bb9083eea88__2cbaee5a4319898a.json,,,,,,,,,,,,,3107b98c67d6809aea3f60bb808ccf9c687dec4e775f27629f3ac4111679a4b1,281d4b9380b4dbae33ac1188e09efcd7bc8c4cfbb6b76f3f960afcc270bb6030,,
58,629e7666e5ed200ff6ccb18cf2057375,9009c28128737f7948fb54beb932f446c0ce27d5cbdefb4938dce83226ac7abd,2026-08-24T22:55:13.359710+00:00,TADP-SEC/14.0,CLIENT_CIPHERTEXT_BINDING,T1_Plain_TADP,,,,client_001,,,,,,,,,,,,,,,,,,,,,,,,,,,,,,,,,,,,,,,,CIPHERTEXT_BOUND_TO_SIGNED_UPDATE,,,,,,,,,,,,,,,,,C1_PUBLIC,1,,,,,,,,,,,,,7899d16d06ff7f40ce8bfe903c6dd92b,,,,,,,,,,,,,,9,VERIFIED,,,,,True,,,,,False,fbHTRoFFZ2jiljQI8KELAOHBlDGySPfxnxP+JYtIYyw=,0b1b5bb9083eea886a6200b69e02cc3e3cd1aa695053b0580854cccea2d32e2f,LVS6iX3xyk+AW89N8K7wd5i2P+GtpUmTpzID/3W7LU4=,80c3ca802a2f23f52ca7e7ef5dd416fe3748ce8644e0c616b009065b32cf6825,xHsASWLtuqG2n9IjHGMmJUV3yJXr0lJ0IE3sW2zTvEE=,d2de0eecb364b6ad6dfd68c57fbb2b61edd7f408c047202d5ab95910a24e2627,plaintext_update_no_noise,reference_python,n=|logq=|scale=|scheme=plain,plain,,,,,,,,,f6a4a3ed9e1bb33940d4bc422dccaa504d40de41eeb1567aa332589c739d8030,,fad3585f27c05a8fa337c180cbf69bf10a4dfb71000a834dab198b4c2bff0ac7,audit_trails/artifacts/ciphertext_attestations/T1_Plain_TADP_client_001_r9_526a28f83077cb2a__fad3585f27c05a8f.json,,,,,,,,,,,,,,,281d4b9380b4dbae33ac1188e09efcd7bc8c4cfbb6b76f3f960afcc270bb6030,88268d247fd991a92f176c44a9dc9254406e7c26502c25bc9be623ebf194fad7,,
59,2c13131324a572576313b85c54f89dba,9009c28128737f7948fb54beb932f446c0ce27d5cbdefb4938dce83226ac7abd,2026-08-24T22:55:14.395353+00:00,TADP-SEC/14.0,CLIENT_ACCEPTED_SUBMISSION,T1_Plain_TADP,,,,client_001,,,,,,,,,,,2.3-phase1-fixed-threshold-critical-floor-review-profile,e910eb11d46f5a33a9f6a7d996c6c242f2a4caa089255874076d8ae12155dc94,2e5e1ea61ea1c71b07c235b309bb618daac98643cb3c0843acb266cd6b876512,cd72ec3b4911418e9899eae9aed63fa15aaf66633d0cb863f54d9ac8508d934e,833c0f503995ec3e68f8d11c30f392b1e756db044036faa02ce898eac71d1c91,VALIDATED_EVIDENCE_BUNDLE,,,,,,,,,,,,,,,,,,,,,,,,UPDATE_SUBMITTED_ENFORCED,,False,NOT_REQUIRED_AUTOMATED_POLICY,False,,,,,,,,,,,,,C1_PUBLIC,1,,,,,,,,6401d449cad49398af2f5e4da9bd6c0fbdde3a2a57f8a422907de7f0354cd145,71adf2c7741ed63f779fe8cebf9b4d1363fd18da1c5a49e39f32ec63cb8262f2,,,2026-08-25T22:32:04.883782+00:00,7899d16d06ff7f40ce8bfe903c6dd92b,,,,,cd2e48bcdce8bf9c57ab6dc86bcb5079f6f48bb6dbb0c6ec2398cfd05abee351,d524484b5f69df153c3fe07cfce7cd9ae22f5305803810dc73072a51c1013838,,,2026-08-25T22:55:03.923720+00:00,75d46ecd684a2dc4b6a8e27daff7fed8db3fae5cae653b9ddb3099795df8cd6c,active,,,10,ACCEPTED,ALL_BASELINE_CONTROLS,,,,True,True,True,True,True,False,mVEmPHBIsRmLpKPR/9fmOuVYn+po1VgCvvklCZr0SpY=,13d16173e3039b9ddfb78c17e7dfee589bc5bca5c63603afaf83af8ca88168a0,LVS6iX3xyk+AW89N8K7wd5i2P+GtpUmTpzID/3W7LU4=,359060094d9e5dbac3f1138e6a738e9db2c7bc4e49e2fcde12a7e9d2cc0c5320,lv62AgvXmn/xC3DlKP2RHMiubuDIW3zcL/K6A4rcKU4=,d2de0eecb364b6ad6dfd68c57fbb2b61edd7f408c047202d5ab95910a24e2627,,,,,,,,,,,,,,,,,d120a0ca6366d89ab714804fad08d7bfe0bb86495dc8301bde8e9dc1bce2c560,audit_trails/artifacts/accepted_runtime_submissions/T1_Plain_TADP_client_001_r10_13d16173e3039b9d__d120a0ca6366d89a.json,,,,,,,,,,,,,88268d247fd991a92f176c44a9dc9254406e7c26502c25bc9be623ebf194fad7,d747a02a024bfd8961faa5a3dbd37354615829d246916e3adb4370a18f2792bb,,
60,2ba01197105ae5633ab35d5acea2bef2,9009c28128737f7948fb54beb932f446c0ce27d5cbdefb4938dce83226ac7abd,2026-08-24T22:55:14.414797+00:00,TADP-SEC/14.0,CLIENT_CIPHERTEXT_BINDING,T1_Plain_TADP,,,,client_001,,,,,,,,,,,,,,,,,,,,,,,,,,,,,,,,,,,,,,,,CIPHERTEXT_BOUND_TO_SIGNED_UPDATE,,,,,,,,,,,,,,,,,C1_PUBLIC,1,,,,,,,,,,,,,7899d16d06ff7f40ce8bfe903c6dd92b,,,,,,,,,,,,,,10,VERIFIED,,,,,True,,,,,False,mVEmPHBIsRmLpKPR/9fmOuVYn+po1VgCvvklCZr0SpY=,13d16173e3039b9ddfb78c17e7dfee589bc5bca5c63603afaf83af8ca88168a0,LVS6iX3xyk+AW89N8K7wd5i2P+GtpUmTpzID/3W7LU4=,d93614f529cace2bafcb4a996dba5f5419d53ea33cec660dddd0a90c6c36ad18,lv62AgvXmn/xC3DlKP2RHMiubuDIW3zcL/K6A4rcKU4=,d2de0eecb364b6ad6dfd68c57fbb2b61edd7f408c047202d5ab95910a24e2627,plaintext_update_no_noise,reference_python,n=|logq=|scale=|scheme=plain,plain,,,,,,,,,f6a4a3ed9e1bb33940d4bc422dccaa504d40de41eeb1567aa332589c739d8030,,c78c09a9c9d51dad57846f530e82e6cf009ebd260d4ede4478f99fa87971fda3,audit_trails/artifacts/ciphertext_attestations/T1_Plain_TADP_client_001_r10_a73dbcf65785cfde__c78c09a9c9d51dad.json,,,,,,,,,,,,,,,d747a02a024bfd8961faa5a3dbd37354615829d246916e3adb4370a18f2792bb,4deeec5ed009e481a9056424c54feeccbeafadaaf2295f19b64511d2eb905239,,
61,d21b1e8cee7e016b0977388bcfc343ff,9009c28128737f7948fb54beb932f446c0ce27d5cbdefb4938dce83226ac7abd,2026-08-24T22:55:15.481833+00:00,TADP-SEC/14.0,CLIENT_ACCEPTED_SUBMISSION,T1_Plain_TADP,,,,client_001,,,,,,,,,,,2.3-phase1-fixed-threshold-critical-floor-review-profile,e910eb11d46f5a33a9f6a7d996c6c242f2a4caa089255874076d8ae12155dc94,2e5e1ea61ea1c71b07c235b309bb618daac98643cb3c0843acb266cd6b876512,cd72ec3b4911418e9899eae9aed63fa15aaf66633d0cb863f54d9ac8508d934e,833c0f503995ec3e68f8d11c30f392b1e756db044036faa02ce898eac71d1c91,VALIDATED_EVIDENCE_BUNDLE,,,,,,,,,,,,,,,,,,,,,,,,UPDATE_SUBMITTED_ENFORCED,,False,NOT_REQUIRED_AUTOMATED_POLICY,False,,,,,,,,,,,,,C1_PUBLIC,1,,,,,,,,6401d449cad49398af2f5e4da9bd6c0fbdde3a2a57f8a422907de7f0354cd145,71adf2c7741ed63f779fe8cebf9b4d1363fd18da1c5a49e39f32ec63cb8262f2,,,2026-08-25T22:32:04.883782+00:00,7899d16d06ff7f40ce8bfe903c6dd92b,,,,,cd2e48bcdce8bf9c57ab6dc86bcb5079f6f48bb6dbb0c6ec2398cfd05abee351,d524484b5f69df153c3fe07cfce7cd9ae22f5305803810dc73072a51c1013838,,,2026-08-25T22:55:03.923720+00:00,75d46ecd684a2dc4b6a8e27daff7fed8db3fae5cae653b9ddb3099795df8cd6c,active,,,11,ACCEPTED,ALL_BASELINE_CONTROLS,,,,True,True,True,True,True,False,fO/MMh9jPqzbZKy69+5XpHrDWSFrl/xQVF+MSZP78f0=,8dfb7679295309def23625e6c704e832788d1efcd7511055d94a5c6f3f49265b,LVS6iX3xyk+AW89N8K7wd5i2P+GtpUmTpzID/3W7LU4=,fc2c1f0963a515d47499de09cc1913a19b84598da704b5f19106dca9ce137a33,vTxtBvjIgSFNmuK3pDWqYA14Z4Fv1Muie7Wgs1LJzb8=,d2de0eecb364b6ad6dfd68c57fbb2b61edd7f408c047202d5ab95910a24e2627,,,,,,,,,,,,,,,,,974f0449a81187a1f043f1293adfaf0a22c95b03635b983716efdf78b03df494,audit_trails/artifacts/accepted_runtime_submissions/T1_Plain_TADP_client_001_r11_8dfb7679295309de__974f0449a81187a1.json,,,,,,,,,,,,,4deeec5ed009e481a9056424c54feeccbeafadaaf2295f19b64511d2eb905239,1daadd170a174c8f77f01b3b4c6b9f712696e3bdc1ad00ad55d0abbd32a03701,,
62,9842e1476af980e2dd3bdba036333471,9009c28128737f7948fb54beb932f446c0ce27d5cbdefb4938dce83226ac7abd,2026-08-24T22:55:15.502234+00:00,TADP-SEC/14.0,CLIENT_CIPHERTEXT_BINDING,T1_Plain_TADP,,,,client_001,,,,,,,,,,,,,,,,,,,,,,,,,,,,,,,,,,,,,,,,CIPHERTEXT_BOUND_TO_SIGNED_UPDATE,,,,,,,,,,,,,,,,,C1_PUBLIC,1,,,,,,,,,,,,,7899d16d06ff7f40ce8bfe903c6dd92b,,,,,,,,,,,,,,11,VERIFIED,,,,,True,,,,,False,fO/MMh9jPqzbZKy69+5XpHrDWSFrl/xQVF+MSZP78f0=,8dfb7679295309def23625e6c704e832788d1efcd7511055d94a5c6f3f49265b,LVS6iX3xyk+AW89N8K7wd5i2P+GtpUmTpzID/3W7LU4=,76ca200773b975c4ac366921e0765b66625c48d3fbadbeea4c54227dc0e95d3a,vTxtBvjIgSFNmuK3pDWqYA14Z4Fv1Muie7Wgs1LJzb8=,d2de0eecb364b6ad6dfd68c57fbb2b61edd7f408c047202d5ab95910a24e2627,plaintext_update_no_noise,reference_python,n=|logq=|scale=|scheme=plain,plain,,,,,,,,,f6a4a3ed9e1bb33940d4bc422dccaa504d40de41eeb1567aa332589c739d8030,,36cbd3d79997fc12a105e30e2aa6965b285339a7d22f423860652aee0ac18170,audit_trails/artifacts/ciphertext_attestations/T1_Plain_TADP_client_001_r11_87f8fd7b8f329ec2__36cbd3d79997fc12.json,,,,,,,,,,,,,,,1daadd170a174c8f77f01b3b4c6b9f712696e3bdc1ad00ad55d0abbd32a03701,eb1aff8340c2bb97ec5ed77204833090ecde49db1a6473b4796d5abba8fd1698,,
63,15353a7e29db3685298d9d7062781c8e,9009c28128737f7948fb54beb932f446c0ce27d5cbdefb4938dce83226ac7abd,2026-08-24T22:55:16.562567+00:00,TADP-SEC/14.0,CLIENT_ACCEPTED_SUBMISSION,T1_Plain_TADP,,,,client_001,,,,,,,,,,,2.3-phase1-fixed-threshold-critical-floor-review-profile,e910eb11d46f5a33a9f6a7d996c6c242f2a4caa089255874076d8ae12155dc94,2e5e1ea61ea1c71b07c235b309bb618daac98643cb3c0843acb266cd6b876512,cd72ec3b4911418e9899eae9aed63fa15aaf66633d0cb863f54d9ac8508d934e,833c0f503995ec3e68f8d11c30f392b1e756db044036faa02ce898eac71d1c91,VALIDATED_EVIDENCE_BUNDLE,,,,,,,,,,,,,,,,,,,,,,,,UPDATE_SUBMITTED_ENFORCED,,False,NOT_REQUIRED_AUTOMATED_POLICY,False,,,,,,,,,,,,,C1_PUBLIC,1,,,,,,,,6401d449cad49398af2f5e4da9bd6c0fbdde3a2a57f8a422907de7f0354cd145,71adf2c7741ed63f779fe8cebf9b4d1363fd18da1c5a49e39f32ec63cb8262f2,,,2026-08-25T22:32:04.883782+00:00,7899d16d06ff7f40ce8bfe903c6dd92b,,,,,cd2e48bcdce8bf9c57ab6dc86bcb5079f6f48bb6dbb0c6ec2398cfd05abee351,d524484b5f69df153c3fe07cfce7cd9ae22f5305803810dc73072a51c1013838,,,2026-08-25T22:55:03.923720+00:00,75d46ecd684a2dc4b6a8e27daff7fed8db3fae5cae653b9ddb3099795df8cd6c,active,,,12,ACCEPTED,ALL_BASELINE_CONTROLS,,,,True,True,True,True,True,False,NzpJ+THbA02fy+HAkoONbG1C435JZyadTBBeNrBe+lw=,694149c9d6dec6fabe77e5ba156d30fc6329b00f74a6b55fea789a801ec74b81,LVS6iX3xyk+AW89N8K7wd5i2P+GtpUmTpzID/3W7LU4=,1aaf24c2942ab52e645c8b9fa3759bdc402863ab7666b292707223da6076ece4,4Z/j5JZD3163XFrumBcq1dKFUUwJBrby2t9WXptdmB4=,d2de0eecb364b6ad6dfd68c57fbb2b61edd7f408c047202d5ab95910a24e2627,,,,,,,,,,,,,,,,,9e11d62a0470d4c1c8ae0e19ae20a46c5e78c98c29978a73e31566fe306fe904,audit_trails/artifacts/accepted_runtime_submissions/T1_Plain_TADP_client_001_r12_694149c9d6dec6fa__9e11d62a0470d4c1.json,,,,,,,,,,,,,eb1aff8340c2bb97ec5ed77204833090ecde49db1a6473b4796d5abba8fd1698,e0196b40351f56de4e70b77088f00cf1020cbc75740728f31c2410247ccba9f0,,
64,f3226169b17d998c5380df0f3b8b35c0,9009c28128737f7948fb54beb932f446c0ce27d5cbdefb4938dce83226ac7abd,2026-08-24T22:55:16.581798+00:00,TADP-SEC/14.0,CLIENT_CIPHERTEXT_BINDING,T1_Plain_TADP,,,,client_001,,,,,,,,,,,,,,,,,,,,,,,,,,,,,,,,,,,,,,,,CIPHERTEXT_BOUND_TO_SIGNED_UPDATE,,,,,,,,,,,,,,,,,C1_PUBLIC,1,,,,,,,,,,,,,7899d16d06ff7f40ce8bfe903c6dd92b,,,,,,,,,,,,,,12,VERIFIED,,,,,True,,,,,False,NzpJ+THbA02fy+HAkoONbG1C435JZyadTBBeNrBe+lw=,694149c9d6dec6fabe77e5ba156d30fc6329b00f74a6b55fea789a801ec74b81,LVS6iX3xyk+AW89N8K7wd5i2P+GtpUmTpzID/3W7LU4=,70f0974eae17be3ec949794165ed634727de6e3aef44b1c85dd395143833cc87,4Z/j5JZD3163XFrumBcq1dKFUUwJBrby2t9WXptdmB4=,d2de0eecb364b6ad6dfd68c57fbb2b61edd7f408c047202d5ab95910a24e2627,plaintext_update_no_noise,reference_python,n=|logq=|scale=|scheme=plain,plain,,,,,,,,,f6a4a3ed9e1bb33940d4bc422dccaa504d40de41eeb1567aa332589c739d8030,,4c25d3ac4ec1868e39bb5ba14157c763e3e2582a90a0d7db98743df0c08bcf7c,audit_trails/artifacts/ciphertext_attestations/T1_Plain_TADP_client_001_r12_1c8502544f6f829b__4c25d3ac4ec1868e.json,,,,,,,,,,,,,,,e0196b40351f56de4e70b77088f00cf1020cbc75740728f31c2410247ccba9f0,5713bcd12a0a7b5e9c8fdf1ead6f389cb270188d43448320bc63b900b4281a7e,,fWNKicA6Q44SH0a/43WzOmQ+aZgubM7v00hO4JUIHFGk1myoAP6S5t1X/FWIFSg3op0b++Catq7k3pTbj01/kYUNkliJlxSgaz2S0Yj/JSaN43nkOvOUHxmldZl6Mk9qgwqiASR+aOjftvjkjWcDeB2b2Aj+Rqxax9PnVAFpmvJTnb5lFGSV2NsnXkTJy0gty1kwWB/FQlxS19Vb4kHLIWvb6VFSzw9D0gm5u84BXx8dao/gdHWyLUq9fqBXmAZ8S5LQ59p13wvZa0MOEB/+2I1VntpdiTjHunuj2yHtpTH+2ichJ2QF3ix697NhaQxK9B3/PI7RMxFdtjA9xriKjOO912RLdVTcZX0e1hsRCOGRXTH6MhwecxwcX6LvLYMJOPUAyzl+ZL5gDjvG2AgFFhtsVi0TxuaI+DKzN+EVgUx1nnUXdYuRUe6cEgzoPwJixnbJT989mX6kpmMqeLV2BoVkaSzx/0U5/9cTiKFnzU7jYn03203ygiUZT17lHJSp
65,19ba7144de167faa5a0a92877f3b6848,9009c28128737f7948fb54beb932f446c0ce27d5cbdefb4938dce83226ac7abd,2026-08-24T22:55:17.669339+00:00,TADP-SEC/14.0,CLIENT_ACCEPTED_SUBMISSION,T1_Plain_TADP,,,,client_001,,,,,,,,,,,2.3-phase1-fixed-threshold-critical-floor-review-profile,e910eb11d46f5a33a9f6a7d996c6c242f2a4caa089255874076d8ae12155dc94,2e5e1ea61ea1c71b07c235b309bb618daac98643cb3c0843acb266cd6b876512,cd72ec3b4911418e9899eae9aed63fa15aaf66633d0cb863f54d9ac8508d934e,833c0f503995ec3e68f8d11c30f392b1e756db044036faa02ce898eac71d1c91,VALIDATED_EVIDENCE_BUNDLE,,,,,,,,,,,,,,,,,,,,,,,,UPDATE_SUBMITTED_ENFORCED,,False,NOT_REQUIRED_AUTOMATED_POLICY,False,,,,,,,,,,,,,C1_PUBLIC,1,,,,,,,,6401d449cad49398af2f5e4da9bd6c0fbdde3a2a57f8a422907de7f0354cd145,71adf2c7741ed63f779fe8cebf9b4d1363fd18da1c5a49e39f32ec63cb8262f2,,,2026-08-25T22:32:04.883782+00:00,7899d16d06ff7f40ce8bfe903c6dd92b,,,,,cd2e48bcdce8bf9c57ab6dc86bcb5079f6f48bb6dbb0c6ec2398cfd05abee351,d524484b5f69df153c3fe07cfce7cd9ae22f5305803810dc73072a51c1013838,,,2026-08-25T22:55:03.923720+00:00,75d46ecd684a2dc4b6a8e27daff7fed8db3fae5cae653b9ddb3099795df8cd6c,active,,,13,ACCEPTED,ALL_BASELINE_CONTROLS,,,,True,True,True,True,True,False,NQegU99wbSTZzIbWz5CLh3vlodOALByF9g2bVa6JLeM=,57300dd10e89725459f0524bd63ea207982e72dd103fda138631c83a8d790b98,LVS6iX3xyk+AW89N8K7wd5i2P+GtpUmTpzID/3W7LU4=,8f0c576ed66e4208c60c7525a25e4c0b62dd890ed35642c7fba71be2392ec7ad,KszgyTgGrqP/P65hAV6t+YnPjSnN+TbNCS03ACmnWac=,d2de0eecb364b6ad6dfd68c57fbb2b61edd7f408c047202d5ab95910a24e2627,,,,,,,,,,,,,,,,,8fc148c6e3fb93f36e92b1be37aeec43680ccbd98e45e1a4cff13632e90168f8,audit_trails/artifacts/accepted_runtime_submissions/T1_Plain_TADP_client_001_r13_57300dd10e897254__8fc148c6e3fb93f3.json,,,,,,,,,,,,,5713bcd12a0a7b5e9c8fdf1ead6f389cb270188d43448320bc63b900b4281a7e,a467acf7bdab13983cb9985674a9ac4cb0fe9aca733e45ba9f0e32b601cb6ba8,,
66,d96ffabe7a3750fbe348fe07333a86e6,9009c28128737f7948fb54beb932f446c0ce27d5cbdefb4938dce83226ac7abd,2026-08-24T22:55:17.688542+00:00,TADP-SEC/14.0,CLIENT_CIPHERTEXT_BINDING,T1_Plain_TADP,,,,client_001,,,,,,,,,,,,,,,,,,,,,,,,,,,,,,,,,,,,,,,,CIPHERTEXT_BOUND_TO_SIGNED_UPDATE,,,,,,,,,,,,,,,,,C1_PUBLIC,1,,,,,,,,,,,,,7899d16d06ff7f40ce8bfe903c6dd92b,,,,,,,,,,,,,,13,VERIFIED,,,,,True,,,,,False,NQegU99wbSTZzIbWz5CLh3vlodOALByF9g2bVa6JLeM=,57300dd10e89725459f0524bd63ea207982e72dd103fda138631c83a8d790b98,LVS6iX3xyk+AW89N8K7wd5i2P+GtpUmTpzID/3W7LU4=,5bb3738852523736b523928e287833c85f549a67cd25b9589cce8e11d948fdf3,KszgyTgGrqP/P65hAV6t+YnPjSnN+TbNCS03ACmnWac=,d2de0eecb364b6ad6dfd68c57fbb2b61edd7f408c047202d5ab95910a24e2627,plaintext_update_no_noise,reference_python,n=|logq=|scale=|scheme=plain,plain,,,,,,,,,f6a4a3ed9e1bb33940d4bc422dccaa504d40de41eeb1567aa332589c739d8030,,31ccb3263ef613890201e935f1ffcea5aeebbeff2f3abd42909ce605fbbcd731,audit_trails/artifacts/ciphertext_attestations/T1_Plain_TADP_client_001_r13_c4cbbdda1a05f0c1__31ccb3263ef61389.json,,,,,,,,,,,,,,,a467acf7bdab13983cb9985674a9ac4cb0fe9aca733e45ba9f0e32b601cb6ba8,fac3eb201580f7d5c27ea88a75b6a0abdcf107106fcca614cfa1686db68dfb13,,
67,9933172ba873198eb40e605382277558,9009c28128737f7948fb54beb932f446c0ce27d5cbdefb4938dce83226ac7abd,2026-08-24T22:55:18.749097+00:00,TADP-SEC/14.0,CLIENT_ACCEPTED_SUBMISSION,T1_Plain_TADP,,,,client_001,,,,,,,,,,,2.3-phase1-fixed-threshold-critical-floor-review-profile,e910eb11d46f5a33a9f6a7d996c6c242f2a4caa089255874076d8ae12155dc94,2e5e1ea61ea1c71b07c235b309bb618daac98643cb3c0843acb266cd6b876512,cd72ec3b4911418e9899eae9aed63fa15aaf66633d0cb863f54d9ac8508d934e,833c0f503995ec3e68f8d11c30f392b1e756db044036faa02ce898eac71d1c91,VALIDATED_EVIDENCE_BUNDLE,,,,,,,,,,,,,,,,,,,,,,,,UPDATE_SUBMITTED_ENFORCED,,False,NOT_REQUIRED_AUTOMATED_POLICY,False,,,,,,,,,,,,,C1_PUBLIC,1,,,,,,,,6401d449cad49398af2f5e4da9bd6c0fbdde3a2a57f8a422907de7f0354cd145,71adf2c7741ed63f779fe8cebf9b4d1363fd18da1c5a49e39f32ec63cb8262f2,,,2026-08-25T22:32:04.883782+00:00,7899d16d06ff7f40ce8bfe903c6dd92b,,,,,cd2e48bcdce8bf9c57ab6dc86bcb5079f6f48bb6dbb0c6ec2398cfd05abee351,d524484b5f69df153c3fe07cfce7cd9ae22f5305803810dc73072a51c1013838,,,2026-08-25T22:55:03.923720+00:00,75d46ecd684a2dc4b6a8e27daff7fed8db3fae5cae653b9ddb3099795df8cd6c,active,,,14,ACCEPTED,ALL_BASELINE_CONTROLS,,,,True,True,True,True,True,False,V71sTB38AnDFHWnlI7JQfEsDjKSfc01Ce3wuQy2NMCg=,0e6b4d01693c3f16595d996d9a1bdefd10dea48935c3dc8c8b0ce7df3ad21c0e,LVS6iX3xyk+AW89N8K7wd5i2P+GtpUmTpzID/3W7LU4=,b57ae87d8fefd6771f082dde1be505cebc98fbfda1eec449a33402f17f53dfa2,LAtrqBPJBXE5pZdTrwmh5E0JQK/B/0zdqcnnEdFwJ2c=,d2de0eecb364b6ad6dfd68c57fbb2b61edd7f408c047202d5ab95910a24e2627,,,,,,,,,,,,,,,,,8843fa4cc159017b545a6161b7633e91ef28c1a5fbca4025cb007bf90e0d806d,audit_trails/artifacts/accepted_runtime_submissions/T1_Plain_TADP_client_001_r14_0e6b4d01693c3f16__8843fa4cc159017b.json,,,,,,,,,,,,,fac3eb201580f7d5c27ea88a75b6a0abdcf107106fcca614cfa1686db68dfb13,4d45421e446a64a98f40a8f5d073c308bdb9f79298019a259a1f061fc7a172a7,,
68,e1561732d39fb3bebfb287fc11092b4e,9009c28128737f7948fb54beb932f446c0ce27d5cbdefb4938dce83226ac7abd,2026-08-24T22:55:18.768890+00:00,TADP-SEC/14.0,CLIENT_CIPHERTEXT_BINDING,T1_Plain_TADP,,,,client_001,,,,,,,,,,,,,,,,,,,,,,,,,,,,,,,,,,,,,,,,CIPHERTEXT_BOUND_TO_SIGNED_UPDATE,,,,,,,,,,,,,,,,,C1_PUBLIC,1,,,,,,,,,,,,,7899d16d06ff7f40ce8bfe903c6dd92b,,,,,,,,,,,,,,14,VERIFIED,,,,,True,,,,,False,V71sTB38AnDFHWnlI7JQfEsDjKSfc01Ce3wuQy2NMCg=,0e6b4d01693c3f16595d996d9a1bdefd10dea48935c3dc8c8b0ce7df3ad21c0e,LVS6iX3xyk+AW89N8K7wd5i2P+GtpUmTpzID/3W7LU4=,6d1fd355836b6fa31a66246b4944c3b16ebad42701d3a31775836ae2a85dac6d,LAtrqBPJBXE5pZdTrwmh5E0JQK/B/0zdqcnnEdFwJ2c=,d2de0eecb364b6ad6dfd68c57fbb2b61edd7f408c047202d5ab95910a24e2627,plaintext_update_no_noise,reference_python,n=|logq=|scale=|scheme=plain,plain,,,,,,,,,f6a4a3ed9e1bb33940d4bc422dccaa504d40de41eeb1567aa332589c739d8030,,cc74a097a84c447ffe828b491890d88f7774b5d4c0e97c959618a93ff8b9ec84,audit_trails/artifacts/ciphertext_attestations/T1_Plain_TADP_client_001_r14_fcdd52176fb6f96d__cc74a097a84c447f.json,,,,,,,,,,,,,,,4d45421e446a64a98f40a8f5d073c308bdb9f79298019a259a1f061fc7a172a7,252b0c9bfd88044d35b612b75e313cf1e530f8ec91777692e1f5e35a65a3f151,,
69,0c5b5fbc2b387625e2a76769cd709bc7,9009c28128737f7948fb54beb932f446c0ce27d5cbdefb4938dce83226ac7abd,2026-08-24T22:55:19.803095+00:00,TADP-SEC/14.0,CLIENT_ACCEPTED_SUBMISSION,T1_Plain_TADP,,,,client_001,,,,,,,,,,,2.3-phase1-fixed-threshold-critical-floor-review-profile,e910eb11d46f5a33a9f6a7d996c6c242f2a4caa089255874076d8ae12155dc94,2e5e1ea61ea1c71b07c235b309bb618daac98643cb3c0843acb266cd6b876512,cd72ec3b4911418e9899eae9aed63fa15aaf66633d0cb863f54d9ac8508d934e,833c0f503995ec3e68f8d11c30f392b1e756db044036faa02ce898eac71d1c91,VALIDATED_EVIDENCE_BUNDLE,,,,,,,,,,,,,,,,,,,,,,,,UPDATE_SUBMITTED_ENFORCED,,False,NOT_REQUIRED_AUTOMATED_POLICY,False,,,,,,,,,,,,,C1_PUBLIC,1,,,,,,,,6401d449cad49398af2f5e4da9bd6c0fbdde3a2a57f8a422907de7f0354cd145,71adf2c7741ed63f779fe8cebf9b4d1363fd18da1c5a49e39f32ec63cb8262f2,,,2026-08-25T22:32:04.883782+00:00,7899d16d06ff7f40ce8bfe903c6dd92b,,,,,cd2e48bcdce8bf9c57ab6dc86bcb5079f6f48bb6dbb0c6ec2398cfd05abee351,d524484b5f69df153c3fe07cfce7cd9ae22f5305803810dc73072a51c1013838,,,2026-08-25T22:55:03.923720+00:00,75d46ecd684a2dc4b6a8e27daff7fed8db3fae5cae653b9ddb3099795df8cd6c,active,,,15,ACCEPTED,ALL_BASELINE_CONTROLS,,,,True,True,True,True,True,False,P+UYZ6pkSv8FI2Ntfx2Hd805RphDniIGU0q6gY/fYbk=,8a5b6e9818ac0512817a16134474e33709b57d41b57f0229da56aefb939736d9,LVS6iX3xyk+AW89N8K7wd5i2P+GtpUmTpzID/3W7LU4=,a1bb6ad32f5cbaff084052effe651deb953d88875e32c7b37a07cb415f9d6d6d,xUJYv4MDcML34qTIWnoizMM0aNY0/ZQEAYdr8KEzlN0=,d2de0eecb364b6ad6dfd68c57fbb2b61edd7f408c047202d5ab95910a24e2627,,,,,,,,,,,,,,,,,9d70cae327ff3d0a28cb8e5d61d0e3580e09bb8eb37d439edbc00fcb32e77e3a,audit_trails/artifacts/accepted_runtime_submissions/T1_Plain_TADP_client_001_r15_8a5b6e9818ac0512__9d70cae327ff3d0a.json,,,,,,,,,,,,,252b0c9bfd88044d35b612b75e313cf1e530f8ec91777692e1f5e35a65a3f151,f0a984df85f1432e3005bb298a04a40f4b07e5f5bd058213b04a3aa9e9c8580f,,
70,ec2077b53493b3b288496127244ec6bb,9009c28128737f7948fb54beb932f446c0ce27d5cbdefb4938dce83226ac7abd,2026-08-24T22:55:19.819558+00:00,TADP-SEC/14.0,CLIENT_CIPHERTEXT_BINDING,T1_Plain_TADP,,,,client_001,,,,,,,,,,,,,,,,,,,,,,,,,,,,,,,,,,,,,,,,CIPHERTEXT_BOUND_TO_SIGNED_UPDATE,,,,,,,,,,,,,,,,,C1_PUBLIC,1,,,,,,,,,,,,,7899d16d06ff7f40ce8bfe903c6dd92b,,,,,,,,,,,,,,15,VERIFIED,,,,,True,,,,,False,P+UYZ6pkSv8FI2Ntfx2Hd805RphDniIGU0q6gY/fYbk=,8a5b6e9818ac0512817a16134474e33709b57d41b57f0229da56aefb939736d9,LVS6iX3xyk+AW89N8K7wd5i2P+GtpUmTpzID/3W7LU4=,8ef7564677622a0a525d0ca123e11a9f10e02e92e541b490ade1cc11623a6505,xUJYv4MDcML34qTIWnoizMM0aNY0/ZQEAYdr8KEzlN0=,d2de0eecb364b6ad6dfd68c57fbb2b61edd7f408c047202d5ab95910a24e2627,plaintext_update_no_noise,reference_python,n=|logq=|scale=|scheme=plain,plain,,,,,,,,,f6a4a3ed9e1bb33940d4bc422dccaa504d40de41eeb1567aa332589c739d8030,,6ef3dcc6902466f6edf20877989b8f45f3998be35a3be601bdd7946e09302720,audit_trails/artifacts/ciphertext_attestations/T1_Plain_TADP_client_001_r15_ca9aa92114c55bbc__6ef3dcc6902466f6.json,,,,,,,,,,,,,,,f0a984df85f1432e3005bb298a04a40f4b07e5f5bd058213b04a3aa9e9c8580f,d48662d0ae9991136e6cf729cd64045cf3a1c0c208709db404b11384e392f80b,,
71,1d48b565f8565c95b7230213c01bcf0e,9009c28128737f7948fb54beb932f446c0ce27d5cbdefb4938dce83226ac7abd,2026-08-24T22:55:20.869103+00:00,TADP-SEC/14.0,CLIENT_ACCEPTED_SUBMISSION,T1_Plain_TADP,,,,client_001,,,,,,,,,,,2.3-phase1-fixed-threshold-critical-floor-review-profile,e910eb11d46f5a33a9f6a7d996c6c242f2a4caa089255874076d8ae12155dc94,2e5e1ea61ea1c71b07c235b309bb618daac98643cb3c0843acb266cd6b876512,cd72ec3b4911418e9899eae9aed63fa15aaf66633d0cb863f54d9ac8508d934e,833c0f503995ec3e68f8d11c30f392b1e756db044036faa02ce898eac71d1c91,VALIDATED_EVIDENCE_BUNDLE,,,,,,,,,,,,,,,,,,,,,,,,UPDATE_SUBMITTED_ENFORCED,,False,NOT_REQUIRED_AUTOMATED_POLICY,False,,,,,,,,,,,,,C1_PUBLIC,1,,,,,,,,6401d449cad49398af2f5e4da9bd6c0fbdde3a2a57f8a422907de7f0354cd145,71adf2c7741ed63f779fe8cebf9b4d1363fd18da1c5a49e39f32ec63cb8262f2,,,2026-08-25T22:32:04.883782+00:00,7899d16d06ff7f40ce8bfe903c6dd92b,,,,,cd2e48bcdce8bf9c57ab6dc86bcb5079f6f48bb6dbb0c6ec2398cfd05abee351,d524484b5f69df153c3fe07cfce7cd9ae22f5305803810dc73072a51c1013838,,,2026-08-25T22:55:03.923720+00:00,75d46ecd684a2dc4b6a8e27daff7fed8db3fae5cae653b9ddb3099795df8cd6c,active,,,16,ACCEPTED,ALL_BASELINE_CONTROLS,,,,True,True,True,True,True,False,iMCdZsu5ZFlLi0rQWNCHoexPT4GkAxHcDes36s0y3ds=,1da6a03f6edb2e4336107e48bf4242e71a293ffa268c3ecbadafced0256b5032,LVS6iX3xyk+AW89N8K7wd5i2P+GtpUmTpzID/3W7LU4=,056bc145b30ca7ef21a1447957f6d5b612c19c7b496c8f65d0625784b25de354,p6cR0geKhnec4F0wEDhWhXiM1GRe/aJZdcWaSl2967A=,d2de0eecb364b6ad6dfd68c57fbb2b61edd7f408c047202d5ab95910a24e2627,,,,,,,,,,,,,,,,,eabe7c13e3329ba4cb5833e04ae34662b37565ba1224e4a97348f61e537ef639,audit_trails/artifacts/accepted_runtime_submissions/T1_Plain_TADP_client_001_r16_1da6a03f6edb2e43__eabe7c13e3329ba4.json,,,,,,,,,,,,,d48662d0ae9991136e6cf729cd64045cf3a1c0c208709db404b11384e392f80b,95996b1c4e77a7295ad8ceb3b0351a1b9c0b4b40be6cf0b8094b9be5243087b4,,
72,93c39ce4bb1711c09d987d31feb1be38,9009c28128737f7948fb54beb932f446c0ce27d5cbdefb4938dce83226ac7abd,2026-08-24T22:55:20.885531+00:00,TADP-SEC/14.0,CLIENT_CIPHERTEXT_BINDING,T1_Plain_TADP,,,,client_001,,,,,,,,,,,,,,,,,,,,,,,,,,,,,,,,,,,,,,,,CIPHERTEXT_BOUND_TO_SIGNED_UPDATE,,,,,,,,,,,,,,,,,C1_PUBLIC,1,,,,,,,,,,,,,7899d16d06ff7f40ce8bfe903c6dd92b,,,,,,,,,,,,,,16,VERIFIED,,,,,True,,,,,False,iMCdZsu5ZFlLi0rQWNCHoexPT4GkAxHcDes36s0y3ds=,1da6a03f6edb2e4336107e48bf4242e71a293ffa268c3ecbadafced0256b5032,LVS6iX3xyk+AW89N8K7wd5i2P+GtpUmTpzID/3W7LU4=,31deae1bed275c6e6bb3838ccdb102dd5611e3d209b544c5523a8119b30c1b6d,p6cR0geKhnec4F0wEDhWhXiM1GRe/aJZdcWaSl2967A=,d2de0eecb364b6ad6dfd68c57fbb2b61edd7f408c047202d5ab95910a24e2627,plaintext_update_no_noise,reference_python,n=|logq=|scale=|scheme=plain,plain,,,,,,,,,f6a4a3ed9e1bb33940d4bc422dccaa504d40de41eeb1567aa332589c739d8030,,733f1a8ecaa821d9afdab10dffa16f924cba651c2006be850e2e2326d51df9ea,audit_trails/artifacts/ciphertext_attestations/T1_Plain_TADP_client_001_r16_82fe2befd3b4e3dd__733f1a8ecaa821d9.json,,,,,,,,,,,,,,,95996b1c4e77a7295ad8ceb3b0351a1b9c0b4b40be6cf0b8094b9be5243087b4,6efa2084e861e7b2455c9cc2c089be3d1f908de79565e2f646ce73850e48e190,,
73,003225e43816aa874857173cd0a08526,9009c28128737f7948fb54beb932f446c0ce27d5cbdefb4938dce83226ac7abd,2026-08-24T22:55:22.149971+00:00,TADP-SEC/14.0,CLIENT_ACCEPTED_SUBMISSION,T1_Plain_TADP,,,,client_001,,,,,,,,,,,2.3-phase1-fixed-threshold-critical-floor-review-profile,e910eb11d46f5a33a9f6a7d996c6c242f2a4caa089255874076d8ae12155dc94,2e5e1ea61ea1c71b07c235b309bb618daac98643cb3c0843acb266cd6b876512,cd72ec3b4911418e9899eae9aed63fa15aaf66633d0cb863f54d9ac8508d934e,833c0f503995ec3e68f8d11c30f392b1e756db044036faa02ce898eac71d1c91,VALIDATED_EVIDENCE_BUNDLE,,,,,,,,,,,,,,,,,,,,,,,,UPDATE_SUBMITTED_ENFORCED,,False,NOT_REQUIRED_AUTOMATED_POLICY,False,,,,,,,,,,,,,C1_PUBLIC,1,,,,,,,,6401d449cad49398af2f5e4da9bd6c0fbdde3a2a57f8a422907de7f0354cd145,71adf2c7741ed63f779fe8cebf9b4d1363fd18da1c5a49e39f32ec63cb8262f2,,,2026-08-25T22:32:04.883782+00:00,7899d16d06ff7f40ce8bfe903c6dd92b,,,,,cd2e48bcdce8bf9c57ab6dc86bcb5079f6f48bb6dbb0c6ec2398cfd05abee351,d524484b5f69df153c3fe07cfce7cd9ae22f5305803810dc73072a51c1013838,,,2026-08-25T22:55:03.923720+00:00,75d46ecd684a2dc4b6a8e27daff7fed8db3fae5cae653b9ddb3099795df8cd6c,active,,,17,ACCEPTED,ALL_BASELINE_CONTROLS,,,,True,True,True,True,True,False,A2/W54yqmS7+ddoLhsZ6KNlRp4dAg3lAZ2wCvSCwQpI=,318ef091ee758295b24eb8705c47c061a8abd4332bce2a1900b4584feb64bb52,LVS6iX3xyk+AW89N8K7wd5i2P+GtpUmTpzID/3W7LU4=,78587f86172ec0842353a1b1f767437d6ef868fe488307776ca6e3879691939c,2uFNyMSy72dMOoazyF7yzfSW9ew9yeBCJv3kl0583kw=,d2de0eecb364b6ad6dfd68c57fbb2b61edd7f408c047202d5ab95910a24e2627,,,,,,,,,,,,,,,,,ff10e68277f45f54841b620f87db7621dd3277aabe268e80dc38d40d292a167b,audit_trails/artifacts/accepted_runtime_submissions/T1_Plain_TADP_client_001_r17_318ef091ee758295__ff10e68277f45f54.json,,,,,,,,,,,,,6efa2084e861e7b2455c9cc2c089be3d1f908de79565e2f646ce73850e48e190,047511726b1063892f341c4a0c55a137292dbe5952490de6be9c167565dbc6c5,,
74,a4271be9989c2c85432cdb96e9179669,9009c28128737f7948fb54beb932f446c0ce27d5cbdefb4938dce83226ac7abd,2026-08-24T22:55:22.168675+00:00,TADP-SEC/14.0,CLIENT_CIPHERTEXT_BINDING,T1_Plain_TADP,,,,client_001,,,,,,,,,,,,,,,,,,,,,,,,,,,,,,,,,,,,,,,,CIPHERTEXT_BOUND_TO_SIGNED_UPDATE,,,,,,,,,,,,,,,,,C1_PUBLIC,1,,,,,,,,,,,,,7899d16d06ff7f40ce8bfe903c6dd92b,,,,,,,,,,,,,,17,VERIFIED,,,,,True,,,,,False,A2/W54yqmS7+ddoLhsZ6KNlRp4dAg3lAZ2wCvSCwQpI=,318ef091ee758295b24eb8705c47c061a8abd4332bce2a1900b4584feb64bb52,LVS6iX3xyk+AW89N8K7wd5i2P+GtpUmTpzID/3W7LU4=,31fdd61a1fa3b69a7c6f6d0031dac552df887389dae7596a0210b8b587a03b21,2uFNyMSy72dMOoazyF7yzfSW9ew9yeBCJv3kl0583kw=,d2de0eecb364b6ad6dfd68c57fbb2b61edd7f408c047202d5ab95910a24e2627,plaintext_update_no_noise,reference_python,n=|logq=|scale=|scheme=plain,plain,,,,,,,,,f6a4a3ed9e1bb33940d4bc422dccaa504d40de41eeb1567aa332589c739d8030,,8a36fd5a9a2035205173ea3832bec60766e24fb999c1b51f5a8fd1373260df08,audit_trails/artifacts/ciphertext_attestations/T1_Plain_TADP_client_001_r17_d7ddd840a31c2704__8a36fd5a9a203520.json,,,,,,,,,,,,,,,047511726b1063892f341c4a0c55a137292dbe5952490de6be9c167565dbc6c5,06552845d38838db167422badbf144cb8abb4c119566388def1b6766d63a54b8,,
75,718a7a96d20feaa2a97d9c58f554c4d8,9009c28128737f7948fb54beb932f446c0ce27d5cbdefb4938dce83226ac7abd,2026-08-24T22:55:23.468798+00:00,TADP-SEC/14.0,CLIENT_ACCEPTED_SUBMISSION,T1_Plain_TADP,,,,client_001,,,,,,,,,,,2.3-phase1-fixed-threshold-critical-floor-review-profile,e910eb11d46f5a33a9f6a7d996c6c242f2a4caa089255874076d8ae12155dc94,2e5e1ea61ea1c71b07c235b309bb618daac98643cb3c0843acb266cd6b876512,cd72ec3b4911418e9899eae9aed63fa15aaf66633d0cb863f54d9ac8508d934e,833c0f503995ec3e68f8d11c30f392b1e756db044036faa02ce898eac71d1c91,VALIDATED_EVIDENCE_BUNDLE,,,,,,,,,,,,,,,,,,,,,,,,UPDATE_SUBMITTED_ENFORCED,,False,NOT_REQUIRED_AUTOMATED_POLICY,False,,,,,,,,,,,,,C1_PUBLIC,1,,,,,,,,6401d449cad49398af2f5e4da9bd6c0fbdde3a2a57f8a422907de7f0354cd145,71adf2c7741ed63f779fe8cebf9b4d1363fd18da1c5a49e39f32ec63cb8262f2,,,2026-08-25T22:32:04.883782+00:00,7899d16d06ff7f40ce8bfe903c6dd92b,,,,,cd2e48bcdce8bf9c57ab6dc86bcb5079f6f48bb6dbb0c6ec2398cfd05abee351,d524484b5f69df153c3fe07cfce7cd9ae22f5305803810dc73072a51c1013838,,,2026-08-25T22:55:03.923720+00:00,75d46ecd684a2dc4b6a8e27daff7fed8db3fae5cae653b9ddb3099795df8cd6c,active,,,18,ACCEPTED,ALL_BASELINE_CONTROLS,,,,True,True,True,True,True,False,G3r2eqmka0vQh4onHQIc4uxMxKzKuyaD1NTJaGbrqoQ=,12cac2353cae243e1b35e3e8b5108e1fb6bb32f970fae79f60d057fd3d8d80e9,LVS6iX3xyk+AW89N8K7wd5i2P+GtpUmTpzID/3W7LU4=,be813857882ec9ba42e6863b83b0857c67f9bedfd23ab197238f29407d80f829,JGUtVo5sHBrF2ahPTO0L0+yNSRAurkY8onJNVwhY2qc=,d2de0eecb364b6ad6dfd68c57fbb2b61edd7f408c047202d5ab95910a24e2627,,,,,,,,,,,,,,,,,ff7645ca3182fd785470502525d273b2d4c92631bebaffe4d45ada38c6cf0d5f,audit_trails/artifacts/accepted_runtime_submissions/T1_Plain_TADP_client_001_r18_12cac2353cae243e__ff7645ca3182fd78.json,,,,,,,,,,,,,06552845d38838db167422badbf144cb8abb4c119566388def1b6766d63a54b8,daca8a43340b66c61cfc9e3f77e0a63a492d9749a4050989472fe3f1de921c0b,,
76,0c0fedcc9d13a0bd22979451dbf02a75,9009c28128737f7948fb54beb932f446c0ce27d5cbdefb4938dce83226ac7abd,2026-08-24T22:55:23.493621+00:00,TADP-SEC/14.0,CLIENT_CIPHERTEXT_BINDING,T1_Plain_TADP,,,,client_001,,,,,,,,,,,,,,,,,,,,,,,,,,,,,,,,,,,,,,,,CIPHERTEXT_BOUND_TO_SIGNED_UPDATE,,,,,,,,,,,,,,,,,C1_PUBLIC,1,,,,,,,,,,,,,7899d16d06ff7f40ce8bfe903c6dd92b,,,,,,,,,,,,,,18,VERIFIED,,,,,True,,,,,False,G3r2eqmka0vQh4onHQIc4uxMxKzKuyaD1NTJaGbrqoQ=,12cac2353cae243e1b35e3e8b5108e1fb6bb32f970fae79f60d057fd3d8d80e9,LVS6iX3xyk+AW89N8K7wd5i2P+GtpUmTpzID/3W7LU4=,281cc761b8b5b6ff8bb6d9111d35586fd1751d50be806b304736e058b97d1adc,JGUtVo5sHBrF2ahPTO0L0+yNSRAurkY8onJNVwhY2qc=,d2de0eecb364b6ad6dfd68c57fbb2b61edd7f408c047202d5ab95910a24e2627,plaintext_update_no_noise,reference_python,n=|logq=|scale=|scheme=plain,plain,,,,,,,,,f6a4a3ed9e1bb33940d4bc422dccaa504d40de41eeb1567aa332589c739d8030,,533e0ffa7b07a958edfeafaf0ab765b7e9b5eac5f911b8adf6e6c5ad5a68bd1f,audit_trails/artifacts/ciphertext_attestations/T1_Plain_TADP_client_001_r18_6cfa86fc6ddfa3b1__533e0ffa7b07a958.json,,,,,,,,,,,,,,,daca8a43340b66c61cfc9e3f77e0a63a492d9749a4050989472fe3f1de921c0b,baaef95fcdd1d4e444a6c0a03460fb5d316c69a36ea432250e963652547ffacc,,
77,8dc811624270fc0a280856df69b809b2,9009c28128737f7948fb54beb932f446c0ce27d5cbdefb4938dce83226ac7abd,2026-08-24T22:55:24.698513+00:00,TADP-SEC/14.0,CLIENT_ACCEPTED_SUBMISSION,T1_Plain_TADP,,,,client_001,,,,,,,,,,,2.3-phase1-fixed-threshold-critical-floor-review-profile,e910eb11d46f5a33a9f6a7d996c6c242f2a4caa089255874076d8ae12155dc94,2e5e1ea61ea1c71b07c235b309bb618daac98643cb3c0843acb266cd6b876512,cd72ec3b4911418e9899eae9aed63fa15aaf66633d0cb863f54d9ac8508d934e,833c0f503995ec3e68f8d11c30f392b1e756db044036faa02ce898eac71d1c91,VALIDATED_EVIDENCE_BUNDLE,,,,,,,,,,,,,,,,,,,,,,,,UPDATE_SUBMITTED_ENFORCED,,False,NOT_REQUIRED_AUTOMATED_POLICY,False,,,,,,,,,,,,,C1_PUBLIC,1,,,,,,,,6401d449cad49398af2f5e4da9bd6c0fbdde3a2a57f8a422907de7f0354cd145,71adf2c7741ed63f779fe8cebf9b4d1363fd18da1c5a49e39f32ec63cb8262f2,,,2026-08-25T22:32:04.883782+00:00,7899d16d06ff7f40ce8bfe903c6dd92b,,,,,cd2e48bcdce8bf9c57ab6dc86bcb5079f6f48bb6dbb0c6ec2398cfd05abee351,d524484b5f69df153c3fe07cfce7cd9ae22f5305803810dc73072a51c1013838,,,2026-08-25T22:55:03.923720+00:00,75d46ecd684a2dc4b6a8e27daff7fed8db3fae5cae653b9ddb3099795df8cd6c,active,,,19,ACCEPTED,ALL_BASELINE_CONTROLS,,,,True,True,True,True,True,False,qVYl+A0WiFRsQh4LSSLvJGf8COGGBiSW5vxXooeoX2k=,0cd9234aa8e0d3ce7773390476eeed4774e49d709f706b4cc5837cf965203670,LVS6iX3xyk+AW89N8K7wd5i2P+GtpUmTpzID/3W7LU4=,a35e40b52ee6513faf04e942934665c0f32dfa61d6b404a8d7bfd9cb0c78c15e,GH4jGWrgvfdDplMP/J5utLjDfPxoZzDm/jAHovYxB4A=,d2de0eecb364b6ad6dfd68c57fbb2b61edd7f408c047202d5ab95910a24e2627,,,,,,,,,,,,,,,,,2c17cfc1ef171361ccb7d2a3a89674b52f55d256704b39b7bdbf46773dd25bb7,audit_trails/artifacts/accepted_runtime_submissions/T1_Plain_TADP_client_001_r19_0cd9234aa8e0d3ce__2c17cfc1ef171361.json,,,,,,,,,,,,,baaef95fcdd1d4e444a6c0a03460fb5d316c69a36ea432250e963652547ffacc,0d656f6ecc0ed3b939e84c45cf74d88e394541e4ba132c8787c774cafd5f16ec,,
78,61fe3fa418ca5c32896d2c7009e507e0,9009c28128737f7948fb54beb932f446c0ce27d5cbdefb4938dce83226ac7abd,2026-08-24T22:55:24.717434+00:00,TADP-SEC/14.0,CLIENT_CIPHERTEXT_BINDING,T1_Plain_TADP,,,,client_001,,,,,,,,,,,,,,,,,,,,,,,,,,,,,,,,,,,,,,,,CIPHERTEXT_BOUND_TO_SIGNED_UPDATE,,,,,,,,,,,,,,,,,C1_PUBLIC,1,,,,,,,,,,,,,7899d16d06ff7f40ce8bfe903c6dd92b,,,,,,,,,,,,,,19,VERIFIED,,,,,True,,,,,False,qVYl+A0WiFRsQh4LSSLvJGf8COGGBiSW5vxXooeoX2k=,0cd9234aa8e0d3ce7773390476eeed4774e49d709f706b4cc5837cf965203670,LVS6iX3xyk+AW89N8K7wd5i2P+GtpUmTpzID/3W7LU4=,c7ec3cadd095582355a84c7b5f31faf03722f0d4e1b41f871a3d41523c2708ce,GH4jGWrgvfdDplMP/J5utLjDfPxoZzDm/jAHovYxB4A=,d2de0eecb364b6ad6dfd68c57fbb2b61edd7f408c047202d5ab95910a24e2627,plaintext_update_no_noise,reference_python,n=|logq=|scale=|scheme=plain,plain,,,,,,,,,f6a4a3ed9e1bb33940d4bc422dccaa504d40de41eeb1567aa332589c739d8030,,39755a4f4d11c558b71e75d9f921f9c5f0f9ea3ace83e07a0181eaa65a2a7158,audit_trails/artifacts/ciphertext_attestations/T1_Plain_TADP_client_001_r19_3cb5b10d545f9806__39755a4f4d11c558.json,,,,,,,,,,,,,,,0d656f6ecc0ed3b939e84c45cf74d88e394541e4ba132c8787c774cafd5f16ec,ee1c2e664267b9c812c7edc30554edeeafa97ca8019353f4563c257a1de45164,,
79,5a47efd92b8fc4aceafe0a0041f7f15b,9009c28128737f7948fb54beb932f446c0ce27d5cbdefb4938dce83226ac7abd,2026-08-24T22:55:25.790944+00:00,TADP-SEC/14.0,CLIENT_ACCEPTED_SUBMISSION,T1_Plain_TADP,,,,client_001,,,,,,,,,,,2.3-phase1-fixed-threshold-critical-floor-review-profile,e910eb11d46f5a33a9f6a7d996c6c242f2a4caa089255874076d8ae12155dc94,2e5e1ea61ea1c71b07c235b309bb618daac98643cb3c0843acb266cd6b876512,cd72ec3b4911418e9899eae9aed63fa15aaf66633d0cb863f54d9ac8508d934e,833c0f503995ec3e68f8d11c30f392b1e756db044036faa02ce898eac71d1c91,VALIDATED_EVIDENCE_BUNDLE,,,,,,,,,,,,,,,,,,,,,,,,UPDATE_SUBMITTED_ENFORCED,,False,NOT_REQUIRED_AUTOMATED_POLICY,False,,,,,,,,,,,,,C1_PUBLIC,1,,,,,,,,6401d449cad49398af2f5e4da9bd6c0fbdde3a2a57f8a422907de7f0354cd145,71adf2c7741ed63f779fe8cebf9b4d1363fd18da1c5a49e39f32ec63cb8262f2,,,2026-08-25T22:32:04.883782+00:00,7899d16d06ff7f40ce8bfe903c6dd92b,,,,,cd2e48bcdce8bf9c57ab6dc86bcb5079f6f48bb6dbb0c6ec2398cfd05abee351,d524484b5f69df153c3fe07cfce7cd9ae22f5305803810dc73072a51c1013838,,,2026-08-25T22:55:03.923720+00:00,75d46ecd684a2dc4b6a8e27daff7fed8db3fae5cae653b9ddb3099795df8cd6c,active,,,20,ACCEPTED,ALL_BASELINE_CONTROLS,,,,True,True,True,True,True,False,50EYTnRTY1Pvxc6fWG1hOpEQ1AT3psPfCNboy7NPzME=,c80646a6ca680a64f95e9f26e382e6fabe131ee2edaa98068f0442febe26a9b0,LVS6iX3xyk+AW89N8K7wd5i2P+GtpUmTpzID/3W7LU4=,51a0f8f85fc4446378656a0ae042f52221c13a78610fecc404ed67b55e88f8ec,lao6ZRHF80h5r+AOjDz1p890TAghkGHwy8Todp8Tgts=,d2de0eecb364b6ad6dfd68c57fbb2b61edd7f408c047202d5ab95910a24e2627,,,,,,,,,,,,,,,,,5f05ed3a17522194d28461222bbd050befe3572c1b6110ccca411b41bd4435f9,audit_trails/artifacts/accepted_runtime_submissions/T1_Plain_TADP_client_001_r20_c80646a6ca680a64__5f05ed3a17522194.json,,,,,,,,,,,,,ee1c2e664267b9c812c7edc30554edeeafa97ca8019353f4563c257a1de45164,7f945430135cf9f54f039f50e932757025244128f100ff48aa90c023ab087ef6,,
80,3c29119cd46a8b867c2521f00f374f55,9009c28128737f7948fb54beb932f446c0ce27d5cbdefb4938dce83226ac7abd,2026-08-24T22:55:25.809947+00:00,TADP-SEC/14.0,CLIENT_CIPHERTEXT_BINDING,T1_Plain_TADP,,,,client_001,,,,,,,,,,,,,,,,,,,,,,,,,,,,,,,,,,,,,,,,CIPHERTEXT_BOUND_TO_SIGNED_UPDATE,,,,,,,,,,,,,,,,,C1_PUBLIC,1,,,,,,,,,,,,,7899d16d06ff7f40ce8bfe903c6dd92b,,,,,,,,,,,,,,20,VERIFIED,,,,,True,,,,,False,50EYTnRTY1Pvxc6fWG1hOpEQ1AT3psPfCNboy7NPzME=,c80646a6ca680a64f95e9f26e382e6fabe131ee2edaa98068f0442febe26a9b0,LVS6iX3xyk+AW89N8K7wd5i2P+GtpUmTpzID/3W7LU4=,2c474f658b7375eaa9fec43a2cecaf8948dca3bb41a8ea955f991ebf2e65849d,lao6ZRHF80h5r+AOjDz1p890TAghkGHwy8Todp8Tgts=,d2de0eecb364b6ad6dfd68c57fbb2b61edd7f408c047202d5ab95910a24e2627,plaintext_update_no_noise,reference_python,n=|logq=|scale=|scheme=plain,plain,,,,,,,,,f6a4a3ed9e1bb33940d4bc422dccaa504d40de41eeb1567aa332589c739d8030,,bba754774f4ba27177d05b27b4cffc11a39e2d1d04d15fb7efa14068938386e8,audit_trails/artifacts/ciphertext_attestations/T1_Plain_TADP_client_001_r20_363e35dbac6b5ab6__bba754774f4ba271.json,,,,,,,,,,,,,,,7f945430135cf9f54f039f50e932757025244128f100ff48aa90c023ab087ef6,190f610582ea1fe670040540b26dd5b01f04397fc2c10d3c01e869b97ce6afe5,,
81,fbf08d8b85e84b527592e8d5c3e2f65c,9009c28128737f7948fb54beb932f446c0ce27d5cbdefb4938dce83226ac7abd,2026-08-24T22:55:26.949443+00:00,TADP-SEC/14.0,CLIENT_ACCEPTED_SUBMISSION,T1_Plain_TADP,,,,client_001,,,,,,,,,,,2.3-phase1-fixed-threshold-critical-floor-review-profile,e910eb11d46f5a33a9f6a7d996c6c242f2a4caa089255874076d8ae12155dc94,2e5e1ea61ea1c71b07c235b309bb618daac98643cb3c0843acb266cd6b876512,cd72ec3b4911418e9899eae9aed63fa15aaf66633d0cb863f54d9ac8508d934e,833c0f503995ec3e68f8d11c30f392b1e756db044036faa02ce898eac71d1c91,VALIDATED_EVIDENCE_BUNDLE,,,,,,,,,,,,,,,,,,,,,,,,UPDATE_SUBMITTED_ENFORCED,,False,NOT_REQUIRED_AUTOMATED_POLICY,False,,,,,,,,,,,,,C1_PUBLIC,1,,,,,,,,6401d449cad49398af2f5e4da9bd6c0fbdde3a2a57f8a422907de7f0354cd145,71adf2c7741ed63f779fe8cebf9b4d1363fd18da1c5a49e39f32ec63cb8262f2,,,2026-08-25T22:32:04.883782+00:00,e92a25ee117f09c719671bd0d2e45d43,,,,,9bdd3f6dcb160f76c6c3008bb4f0357b89c8bfaf11e96e33271054d5ccf13d60,e87ccf0a3340c3436029296751dce1a2afff3a407e432dd5fe03b532e6dac61d,,,2026-08-25T22:55:26.724670+00:00,75d46ecd684a2dc4b6a8e27daff7fed8db3fae5cae653b9ddb3099795df8cd6c,active,,,1,ACCEPTED,ALL_BASELINE_CONTROLS,,,,True,True,True,True,True,False,XIgD5woYGPfAfaxKYfj7upO5zUOeqedJHy8+I3SV1Ws=,997f459073eed2c98a7795c501b1ce74ab477e47ad2076f9a1f1e1c53cabeab9,LVS6iX3xyk+AW89N8K7wd5i2P+GtpUmTpzID/3W7LU4=,f9afa0babc28df9899c458c7b771feb11a33097d98708e273b0e9ac18b4836e6,qWGt2rkifN8o8SXwRi1McC0dFoBq5azkZ2R1+pa5fD8=,d2de0eecb364b6ad6dfd68c57fbb2b61edd7f408c047202d5ab95910a24e2627,,,,,,,,,,,,,,,,,652189d73144343357e93535075fb742e049da6b9e84f0b76dbe63252d6dfe71,audit_trails/artifacts/accepted_runtime_submissions/T1_Plain_TADP_client_001_r1_997f459073eed2c9__652189d731443433.json,,,,,,,,,,,,,190f610582ea1fe670040540b26dd5b01f04397fc2c10d3c01e869b97ce6afe5,375d396fe3d35404bfeed3ab10fcd677e7ee48a918c83dd6a556045e1140bc1f,,
82,84a38a3fe5075c82c5649cdde696906e,9009c28128737f7948fb54beb932f446c0ce27d5cbdefb4938dce83226ac7abd,2026-08-24T22:55:26.968171+00:00,TADP-SEC/14.0,CLIENT_CIPHERTEXT_BINDING,T1_Plain_TADP,,,,client_001,,,,,,,,,,,,,,,,,,,,,,,,,,,,,,,,,,,,,,,,CIPHERTEXT_BOUND_TO_SIGNED_UPDATE,,,,,,,,,,,,,,,,,C1_PUBLIC,1,,,,,,,,,,,,,e92a25ee117f09c719671bd0d2e45d43,,,,,,,,,,,,,,1,VERIFIED,,,,,True,,,,,False,XIgD5woYGPfAfaxKYfj7upO5zUOeqedJHy8+I3SV1Ws=,997f459073eed2c98a7795c501b1ce74ab477e47ad2076f9a1f1e1c53cabeab9,LVS6iX3xyk+AW89N8K7wd5i2P+GtpUmTpzID/3W7LU4=,1b6cf8be351b3b45e38d0cf6cf11c0b3b6c27d90c580ebf9bffc8d06ec251ba4,qWGt2rkifN8o8SXwRi1McC0dFoBq5azkZ2R1+pa5fD8=,d2de0eecb364b6ad6dfd68c57fbb2b61edd7f408c047202d5ab95910a24e2627,plaintext_update_no_noise,reference_python,n=|logq=|scale=|scheme=plain,plain,,,,,,,,,f6a4a3ed9e1bb33940d4bc422dccaa504d40de41eeb1567aa332589c739d8030,,2176f27871856e5db62d453017aea258908bd27ec324ea74b795a8f3dce5d51f,audit_trails/artifacts/ciphertext_attestations/T1_Plain_TADP_client_001_r1_f851f225538dc41c__2176f27871856e5d.json,,,,,,,,,,,,,,,375d396fe3d35404bfeed3ab10fcd677e7ee48a918c83dd6a556045e1140bc1f,724686c06367c5b61bcfad5d61391b66cd68fd9dc36390e212307113ef0637f7,,
83,cd6beb21e90ae77fbd69ba6e61d34f9b,9009c28128737f7948fb54beb932f446c0ce27d5cbdefb4938dce83226ac7abd,2026-08-24T22:55:27.993319+00:00,TADP-SEC/14.0,CLIENT_ACCEPTED_SUBMISSION,T1_Plain_TADP,,,,client_001,,,,,,,,,,,2.3-phase1-fixed-threshold-critical-floor-review-profile,e910eb11d46f5a33a9f6a7d996c6c242f2a4caa089255874076d8ae12155dc94,2e5e1ea61ea1c71b07c235b309bb618daac98643cb3c0843acb266cd6b876512,cd72ec3b4911418e9899eae9aed63fa15aaf66633d0cb863f54d9ac8508d934e,833c0f503995ec3e68f8d11c30f392b1e756db044036faa02ce898eac71d1c91,VALIDATED_EVIDENCE_BUNDLE,,,,,,,,,,,,,,,,,,,,,,,,UPDATE_SUBMITTED_ENFORCED,,False,NOT_REQUIRED_AUTOMATED_POLICY,False,,,,,,,,,,,,,C1_PUBLIC,1,,,,,,,,6401d449cad49398af2f5e4da9bd6c0fbdde3a2a57f8a422907de7f0354cd145,71adf2c7741ed63f779fe8cebf9b4d1363fd18da1c5a49e39f32ec63cb8262f2,,,2026-08-25T22:32:04.883782+00:00,e92a25ee117f09c719671bd0d2e45d43,,,,,9bdd3f6dcb160f76c6c3008bb4f0357b89c8bfaf11e96e33271054d5ccf13d60,e87ccf0a3340c3436029296751dce1a2afff3a407e432dd5fe03b532e6dac61d,,,2026-08-25T22:55:26.724670+00:00,75d46ecd684a2dc4b6a8e27daff7fed8db3fae5cae653b9ddb3099795df8cd6c,active,,,2,ACCEPTED,ALL_BASELINE_CONTROLS,,,,True,True,True,True,True,False,bvCIJoF60JjBBlZ37SKPK9RypVfK4ZySZAke31M6Zk0=,b907538854293ab6f10ec574773818ea4c70cc80746a38b2d83bd6c5108ab20f,LVS6iX3xyk+AW89N8K7wd5i2P+GtpUmTpzID/3W7LU4=,f44c14e7c2d59b6cb8fe4098072329eb03d866d098e6c27b81df5cea8d0affc9,cajWVz2HCCj8eP50RU3I2+ljUQein6WrdtRUYxa2T/c=,d2de0eecb364b6ad6dfd68c57fbb2b61edd7f408c047202d5ab95910a24e2627,,,,,,,,,,,,,,,,,c78523b63712e626cfe88ffb413b9d69546184842f62401f36afe673753b53c4,audit_trails/artifacts/accepted_runtime_submissions/T1_Plain_TADP_client_001_r2_b907538854293ab6__c78523b63712e626.json,,,,,,,,,,,,,724686c06367c5b61bcfad5d61391b66cd68fd9dc36390e212307113ef0637f7,30a62f9ce2d7fde5739c5ac117d84cf3e1844f1f1fc0410515da899ddc25f3e5,,
84,6853ca174e9fc1923f3020c8cb39e45e,9009c28128737f7948fb54beb932f446c0ce27d5cbdefb4938dce83226ac7abd,2026-08-24T22:55:28.013614+00:00,TADP-SEC/14.0,CLIENT_CIPHERTEXT_BINDING,T1_Plain_TADP,,,,client_001,,,,,,,,,,,,,,,,,,,,,,,,,,,,,,,,,,,,,,,,CIPHERTEXT_BOUND_TO_SIGNED_UPDATE,,,,,,,,,,,,,,,,,C1_PUBLIC,1,,,,,,,,,,,,,e92a25ee117f09c719671bd0d2e45d43,,,,,,,,,,,,,,2,VERIFIED,,,,,True,,,,,False,bvCIJoF60JjBBlZ37SKPK9RypVfK4ZySZAke31M6Zk0=,b907538854293ab6f10ec574773818ea4c70cc80746a38b2d83bd6c5108ab20f,LVS6iX3xyk+AW89N8K7wd5i2P+GtpUmTpzID/3W7LU4=,a211fa2d706b807ef1955369c5bd1f03838e5b6bcc56b88151ab8076043f16d2,cajWVz2HCCj8eP50RU3I2+ljUQein6WrdtRUYxa2T/c=,d2de0eecb364b6ad6dfd68c57fbb2b61edd7f408c047202d5ab95910a24e2627,plaintext_update_no_noise,reference_python,n=|logq=|scale=|scheme=plain,plain,,,,,,,,,f6a4a3ed9e1bb33940d4bc422dccaa504d40de41eeb1567aa332589c739d8030,,40cd1807098aaa2a21bd607f456d0f7fb248c7d13e367bf02d7479ac10c9ebff,audit_trails/artifacts/ciphertext_attestations/T1_Plain_TADP_client_001_r2_5052c38137af5821__40cd1807098aaa2a.json,,,,,,,,,,,,,,,30a62f9ce2d7fde5739c5ac117d84cf3e1844f1f1fc0410515da899ddc25f3e5,27ece112666242277f993f0f395dad2ac07bca0b36fd9314e652e2cebd78b223,,
85,420e16f07bd2bd789ed93178e97f3678,9009c28128737f7948fb54beb932f446c0ce27d5cbdefb4938dce83226ac7abd,2026-08-24T22:55:29.118734+00:00,TADP-SEC/14.0,CLIENT_ACCEPTED_SUBMISSION,T1_Plain_TADP,,,,client_001,,,,,,,,,,,2.3-phase1-fixed-threshold-critical-floor-review-profile,e910eb11d46f5a33a9f6a7d996c6c242f2a4caa089255874076d8ae12155dc94,2e5e1ea61ea1c71b07c235b309bb618daac98643cb3c0843acb266cd6b876512,cd72ec3b4911418e9899eae9aed63fa15aaf66633d0cb863f54d9ac8508d934e,833c0f503995ec3e68f8d11c30f392b1e756db044036faa02ce898eac71d1c91,VALIDATED_EVIDENCE_BUNDLE,,,,,,,,,,,,,,,,,,,,,,,,UPDATE_SUBMITTED_ENFORCED,,False,NOT_REQUIRED_AUTOMATED_POLICY,False,,,,,,,,,,,,,C1_PUBLIC,1,,,,,,,,6401d449cad49398af2f5e4da9bd6c0fbdde3a2a57f8a422907de7f0354cd145,71adf2c7741ed63f779fe8cebf9b4d1363fd18da1c5a49e39f32ec63cb8262f2,,,2026-08-25T22:32:04.883782+00:00,e92a25ee117f09c719671bd0d2e45d43,,,,,9bdd3f6dcb160f76c6c3008bb4f0357b89c8bfaf11e96e33271054d5ccf13d60,e87ccf0a3340c3436029296751dce1a2afff3a407e432dd5fe03b532e6dac61d,,,2026-08-25T22:55:26.724670+00:00,75d46ecd684a2dc4b6a8e27daff7fed8db3fae5cae653b9ddb3099795df8cd6c,active,,,3,ACCEPTED,ALL_BASELINE_CONTROLS,,,,True,True,True,True,True,False,Mog8f0Ii1It/31lZwBUKWwRKe2yUhxdD9hk1BG2Uhew=,f60deb7ab2467a0f705073c7a6db89c595d54820c86baff5827d473c0d4f8266,LVS6iX3xyk+AW89N8K7wd5i2P+GtpUmTpzID/3W7LU4=,d5f56d39b2ec133914669713822ca6ab3bc791136cc4906a160e03ee5c0851f7,weOGExVYWvC4p4QtJvQvnhhmpXngVwb6r1qIAbCj4Oc=,d2de0eecb364b6ad6dfd68c57fbb2b61edd7f408c047202d5ab95910a24e2627,,,,,,,,,,,,,,,,,059f64f2273b505083ab062284302c184630ae74481c76a9b88cdbc77558368e,audit_trails/artifacts/accepted_runtime_submissions/T1_Plain_TADP_client_001_r3_f60deb7ab2467a0f__059f64f2273b5050.json,,,,,,,,,,,,,27ece112666242277f993f0f395dad2ac07bca0b36fd9314e652e2cebd78b223,33e8748c67eccf1a4447a848aabc46255205a558201bb5403d533479f55ad887,,
86,12aa283fd28606b389b07f4d43babff6,9009c28128737f7948fb54beb932f446c0ce27d5cbdefb4938dce83226ac7abd,2026-08-24T22:55:29.140037+00:00,TADP-SEC/14.0,CLIENT_CIPHERTEXT_BINDING,T1_Plain_TADP,,,,client_001,,,,,,,,,,,,,,,,,,,,,,,,,,,,,,,,,,,,,,,,CIPHERTEXT_BOUND_TO_SIGNED_UPDATE,,,,,,,,,,,,,,,,,C1_PUBLIC,1,,,,,,,,,,,,,e92a25ee117f09c719671bd0d2e45d43,,,,,,,,,,,,,,3,VERIFIED,,,,,True,,,,,False,Mog8f0Ii1It/31lZwBUKWwRKe2yUhxdD9hk1BG2Uhew=,f60deb7ab2467a0f705073c7a6db89c595d54820c86baff5827d473c0d4f8266,LVS6iX3xyk+AW89N8K7wd5i2P+GtpUmTpzID/3W7LU4=,fd168fd71dc27dee4b47a626ef8909c8e91a7e231f5b8de81c16a1546122b851,weOGExVYWvC4p4QtJvQvnhhmpXngVwb6r1qIAbCj4Oc=,d2de0eecb364b6ad6dfd68c57fbb2b61edd7f408c047202d5ab95910a24e2627,plaintext_update_no_noise,reference_python,n=|logq=|scale=|scheme=plain,plain,,,,,,,,,f6a4a3ed9e1bb33940d4bc422dccaa504d40de41eeb1567aa332589c739d8030,,baeb608f645a05aedd93bb4caddb0e179ec93d6569ef1d717b5f1e073ff99f82,audit_trails/artifacts/ciphertext_attestations/T1_Plain_TADP_client_001_r3_464d41de49b1f094__baeb608f645a05ae.json,,,,,,,,,,,,,,,33e8748c67eccf1a4447a848aabc46255205a558201bb5403d533479f55ad887,9a30904f025ceaf7eeee6a35f542ce4e485e37b52882958c6827958880293c25,,
87,f1390b76fe3e167c91496e8d6e5ac8e6,9009c28128737f7948fb54beb932f446c0ce27d5cbdefb4938dce83226ac7abd,2026-08-24T22:55:30.241777+00:00,TADP-SEC/14.0,CLIENT_ACCEPTED_SUBMISSION,T1_Plain_TADP,,,,client_001,,,,,,,,,,,2.3-phase1-fixed-threshold-critical-floor-review-profile,e910eb11d46f5a33a9f6a7d996c6c242f2a4caa089255874076d8ae12155dc94,2e5e1ea61ea1c71b07c235b309bb618daac98643cb3c0843acb266cd6b876512,cd72ec3b4911418e9899eae9aed63fa15aaf66633d0cb863f54d9ac8508d934e,833c0f503995ec3e68f8d11c30f392b1e756db044036faa02ce898eac71d1c91,VALIDATED_EVIDENCE_BUNDLE,,,,,,,,,,,,,,,,,,,,,,,,UPDATE_SUBMITTED_ENFORCED,,False,NOT_REQUIRED_AUTOMATED_POLICY,False,,,,,,,,,,,,,C1_PUBLIC,1,,,,,,,,6401d449cad49398af2f5e4da9bd6c0fbdde3a2a57f8a422907de7f0354cd145,71adf2c7741ed63f779fe8cebf9b4d1363fd18da1c5a49e39f32ec63cb8262f2,,,2026-08-25T22:32:04.883782+00:00,e92a25ee117f09c719671bd0d2e45d43,,,,,9bdd3f6dcb160f76c6c3008bb4f0357b89c8bfaf11e96e33271054d5ccf13d60,e87ccf0a3340c3436029296751dce1a2afff3a407e432dd5fe03b532e6dac61d,,,2026-08-25T22:55:26.724670+00:00,75d46ecd684a2dc4b6a8e27daff7fed8db3fae5cae653b9ddb3099795df8cd6c,active,,,4,ACCEPTED,ALL_BASELINE_CONTROLS,,,,True,True,True,True,True,False,b/kWgeID1SIt+hYI1H92+Eu33AySZFOj03LguADukw8=,7eca4f0796b67668d54052b75ba684b970658ec0f4e1456f8fd90b5b6f1e20d0,LVS6iX3xyk+AW89N8K7wd5i2P+GtpUmTpzID/3W7LU4=,c9dfbdb100f01f4f61abea19e7823644a61da58fed07df6b4bbcc486adad9d9e,KCEiwCbiYt4VoiTthoXX/qXYE9K8Ra9v76iWdZ8mSW0=,d2de0eecb364b6ad6dfd68c57fbb2b61edd7f408c047202d5ab95910a24e2627,,,,,,,,,,,,,,,,,731e50cb1d4a710580c80eca37aa77a1e8fcf99dbe380824f0d6e61a3dd0239d,audit_trails/artifacts/accepted_runtime_submissions/T1_Plain_TADP_client_001_r4_7eca4f0796b67668__731e50cb1d4a7105.json,,,,,,,,,,,,,9a30904f025ceaf7eeee6a35f542ce4e485e37b52882958c6827958880293c25,cb1e465392ef275250a4bb14e98fb26d20dbec855cf82bc255cb4935e364e20a,,
88,65b9219062e1c4fc495a7b318ed2bfdf,9009c28128737f7948fb54beb932f446c0ce27d5cbdefb4938dce83226ac7abd,2026-08-24T22:55:30.262691+00:00,TADP-SEC/14.0,CLIENT_CIPHERTEXT_BINDING,T1_Plain_TADP,,,,client_001,,,,,,,,,,,,,,,,,,,,,,,,,,,,,,,,,,,,,,,,CIPHERTEXT_BOUND_TO_SIGNED_UPDATE,,,,,,,,,,,,,,,,,C1_PUBLIC,1,,,,,,,,,,,,,e92a25ee117f09c719671bd0d2e45d43,,,,,,,,,,,,,,4,VERIFIED,,,,,True,,,,,False,b/kWgeID1SIt+hYI1H92+Eu33AySZFOj03LguADukw8=,7eca4f0796b67668d54052b75ba684b970658ec0f4e1456f8fd90b5b6f1e20d0,LVS6iX3xyk+AW89N8K7wd5i2P+GtpUmTpzID/3W7LU4=,aafb653a334b1a7e30c947d3c14186aa461f910b063e530d31bc8331d7a3fe76,KCEiwCbiYt4VoiTthoXX/qXYE9K8Ra9v76iWdZ8mSW0=,d2de0eecb364b6ad6dfd68c57fbb2b61edd7f408c047202d5ab95910a24e2627,plaintext_update_no_noise,reference_python,n=|logq=|scale=|scheme=plain,plain,,,,,,,,,f6a4a3ed9e1bb33940d4bc422dccaa504d40de41eeb1567aa332589c739d8030,,148e751587641c20c054a49858cc229753f51f6a1770ebf42982e892c95def56,audit_trails/artifacts/ciphertext_attestations/T1_Plain_TADP_client_001_r4_b127c1729344e6d4__148e751587641c20.json,,,,,,,,,,,,,,,cb1e465392ef275250a4bb14e98fb26d20dbec855cf82bc255cb4935e364e20a,63ec990edbc7e45363abccba1bbc229488d689da74c5418afc7f6ee8e20cbab1,,
89,f334d40dd458c18e75f897abbf226881,9009c28128737f7948fb54beb932f446c0ce27d5cbdefb4938dce83226ac7abd,2026-08-24T22:55:31.346944+00:00,TADP-SEC/14.0,CLIENT_ACCEPTED_SUBMISSION,T1_Plain_TADP,,,,client_001,,,,,,,,,,,2.3-phase1-fixed-threshold-critical-floor-review-profile,e910eb11d46f5a33a9f6a7d996c6c242f2a4caa089255874076d8ae12155dc94,2e5e1ea61ea1c71b07c235b309bb618daac98643cb3c0843acb266cd6b876512,cd72ec3b4911418e9899eae9aed63fa15aaf66633d0cb863f54d9ac8508d934e,833c0f503995ec3e68f8d11c30f392b1e756db044036faa02ce898eac71d1c91,VALIDATED_EVIDENCE_BUNDLE,,,,,,,,,,,,,,,,,,,,,,,,UPDATE_SUBMITTED_ENFORCED,,False,NOT_REQUIRED_AUTOMATED_POLICY,False,,,,,,,,,,,,,C1_PUBLIC,1,,,,,,,,6401d449cad49398af2f5e4da9bd6c0fbdde3a2a57f8a422907de7f0354cd145,71adf2c7741ed63f779fe8cebf9b4d1363fd18da1c5a49e39f32ec63cb8262f2,,,2026-08-25T22:32:04.883782+00:00,e92a25ee117f09c719671bd0d2e45d43,,,,,9bdd3f6dcb160f76c6c3008bb4f0357b89c8bfaf11e96e33271054d5ccf13d60,e87ccf0a3340c3436029296751dce1a2afff3a407e432dd5fe03b532e6dac61d,,,2026-08-25T22:55:26.724670+00:00,75d46ecd684a2dc4b6a8e27daff7fed8db3fae5cae653b9ddb3099795df8cd6c,active,,,5,ACCEPTED,ALL_BASELINE_CONTROLS,,,,True,True,True,True,True,False,f0PAozSU6SG1k1Y63Sic0iO19ROSibRd15B8a2DWQF4=,c3e8ae3bfe26a14921532c6f52fb9fbbe46399d1722aa891d295ddad6a19304c,LVS6iX3xyk+AW89N8K7wd5i2P+GtpUmTpzID/3W7LU4=,53f270b0765f0ae1e709a1a8abe96a8c7aac1305b03948ee07ffbb30641113b1,UrxeZtB+BJCvlXBAiY974sjJ4aTTmTyX/YDX1vX0nQE=,d2de0eecb364b6ad6dfd68c57fbb2b61edd7f408c047202d5ab95910a24e2627,,,,,,,,,,,,,,,,,eb8e2cdb1d4383885fc422e20d049ccc679055668aaca1f589f62f68cdad8769,audit_trails/artifacts/accepted_runtime_submissions/T1_Plain_TADP_client_001_r5_c3e8ae3bfe26a149__eb8e2cdb1d438388.json,,,,,,,,,,,,,63ec990edbc7e45363abccba1bbc229488d689da74c5418afc7f6ee8e20cbab1,d792046fe6114793b3483e08a9c325848aa2b5094c210cd150280c1ce8251f32,,
90,83e2a6fc7525d71e6a4dd4a5b98363b2,9009c28128737f7948fb54beb932f446c0ce27d5cbdefb4938dce83226ac7abd,2026-08-24T22:55:31.368431+00:00,TADP-SEC/14.0,CLIENT_CIPHERTEXT_BINDING,T1_Plain_TADP,,,,client_001,,,,,,,,,,,,,,,,,,,,,,,,,,,,,,,,,,,,,,,,CIPHERTEXT_BOUND_TO_SIGNED_UPDATE,,,,,,,,,,,,,,,,,C1_PUBLIC,1,,,,,,,,,,,,,e92a25ee117f09c719671bd0d2e45d43,,,,,,,,,,,,,,5,VERIFIED,,,,,True,,,,,False,f0PAozSU6SG1k1Y63Sic0iO19ROSibRd15B8a2DWQF4=,c3e8ae3bfe26a14921532c6f52fb9fbbe46399d1722aa891d295ddad6a19304c,LVS6iX3xyk+AW89N8K7wd5i2P+GtpUmTpzID/3W7LU4=,8d5064b8e3ae82201c8d223b95481ae46aa26fe762cd8b9d536af963622cd63d,UrxeZtB+BJCvlXBAiY974sjJ4aTTmTyX/YDX1vX0nQE=,d2de0eecb364b6ad6dfd68c57fbb2b61edd7f408c047202d5ab95910a24e2627,plaintext_update_no_noise,reference_python,n=|logq=|scale=|scheme=plain,plain,,,,,,,,,f6a4a3ed9e1bb33940d4bc422dccaa504d40de41eeb1567aa332589c739d8030,,9ab826750db67244bb141829fb28e311ba5914c64185f16d051da971060aa086,audit_trails/artifacts/ciphertext_attestations/T1_Plain_TADP_client_001_r5_c399eaa877fbd1c3__9ab826750db67244.json,,,,,,,,,,,,,,,d792046fe6114793b3483e08a9c325848aa2b5094c210cd150280c1ce8251f32,754d8fa86e9bb862fd8dcb63cacce202cfc0bb138df02e21fb0cd16263ebf4ff,,
91,2ba3339c372656cc04aafb0eea193e4b,9009c28128737f7948fb54beb932f446c0ce27d5cbdefb4938dce83226ac7abd,2026-08-24T22:55:32.480569+00:00,TADP-SEC/14.0,CLIENT_ACCEPTED_SUBMISSION,T1_Plain_TADP,,,,client_001,,,,,,,,,,,2.3-phase1-fixed-threshold-critical-floor-review-profile,e910eb11d46f5a33a9f6a7d996c6c242f2a4caa089255874076d8ae12155dc94,2e5e1ea61ea1c71b07c235b309bb618daac98643cb3c0843acb266cd6b876512,cd72ec3b4911418e9899eae9aed63fa15aaf66633d0cb863f54d9ac8508d934e,833c0f503995ec3e68f8d11c30f392b1e756db044036faa02ce898eac71d1c91,VALIDATED_EVIDENCE_BUNDLE,,,,,,,,,,,,,,,,,,,,,,,,UPDATE_SUBMITTED_ENFORCED,,False,NOT_REQUIRED_AUTOMATED_POLICY,False,,,,,,,,,,,,,C1_PUBLIC,1,,,,,,,,6401d449cad49398af2f5e4da9bd6c0fbdde3a2a57f8a422907de7f0354cd145,71adf2c7741ed63f779fe8cebf9b4d1363fd18da1c5a49e39f32ec63cb8262f2,,,2026-08-25T22:32:04.883782+00:00,e92a25ee117f09c719671bd0d2e45d43,,,,,9bdd3f6dcb160f76c6c3008bb4f0357b89c8bfaf11e96e33271054d5ccf13d60,e87ccf0a3340c3436029296751dce1a2afff3a407e432dd5fe03b532e6dac61d,,,2026-08-25T22:55:26.724670+00:00,75d46ecd684a2dc4b6a8e27daff7fed8db3fae5cae653b9ddb3099795df8cd6c,active,,,6,ACCEPTED,ALL_BASELINE_CONTROLS,,,,True,True,True,True,True,False,SGyNEzdyR7yt4xbqwraKlEC+D5OWu6JyAfEMjMomkck=,f22f0825083e44d7ecafde7da396540ae09fb6ba7377fb7a23116bfbc25d56d8,LVS6iX3xyk+AW89N8K7wd5i2P+GtpUmTpzID/3W7LU4=,f9f620b5dd0cf404a2e000c07df2d4d4af8d5cd19fa4b24667e6ea8368bf82bc,A8925pgkB22xjKPsBzCXO36QPDCQ6R44lzw6FvgVKnQ=,d2de0eecb364b6ad6dfd68c57fbb2b61edd7f408c047202d5ab95910a24e2627,,,,,,,,,,,,,,,,,89f97bc3603372f44f65eee3049ba7a3a8e7c66f3f784aad7188f7eca1862ff5,audit_trails/artifacts/accepted_runtime_submissions/T1_Plain_TADP_client_001_r6_f22f0825083e44d7__89f97bc3603372f4.json,,,,,,,,,,,,,754d8fa86e9bb862fd8dcb63cacce202cfc0bb138df02e21fb0cd16263ebf4ff,0e3a3d459b15b2491b7e0c584961467a29d54943e6aa06516e364f4c2767b778,,
92,74c7584fab4744f8a20d4a584cd68fae,9009c28128737f7948fb54beb932f446c0ce27d5cbdefb4938dce83226ac7abd,2026-08-24T22:55:32.501355+00:00,TADP-SEC/14.0,CLIENT_CIPHERTEXT_BINDING,T1_Plain_TADP,,,,client_001,,,,,,,,,,,,,,,,,,,,,,,,,,,,,,,,,,,,,,,,CIPHERTEXT_BOUND_TO_SIGNED_UPDATE,,,,,,,,,,,,,,,,,C1_PUBLIC,1,,,,,,,,,,,,,e92a25ee117f09c719671bd0d2e45d43,,,,,,,,,,,,,,6,VERIFIED,,,,,True,,,,,False,SGyNEzdyR7yt4xbqwraKlEC+D5OWu6JyAfEMjMomkck=,f22f0825083e44d7ecafde7da396540ae09fb6ba7377fb7a23116bfbc25d56d8,LVS6iX3xyk+AW89N8K7wd5i2P+GtpUmTpzID/3W7LU4=,3c0002dbeac621c66d4942b2d428e1ab0994ae465d9bbe548ab82788ac1b18ba,A8925pgkB22xjKPsBzCXO36QPDCQ6R44lzw6FvgVKnQ=,d2de0eecb364b6ad6dfd68c57fbb2b61edd7f408c047202d5ab95910a24e2627,plaintext_update_no_noise,reference_python,n=|logq=|scale=|scheme=plain,plain,,,,,,,,,f6a4a3ed9e1bb33940d4bc422dccaa504d40de41eeb1567aa332589c739d8030,,b24eec24728776e409c68a48df1478750a2375fc0b85a7afcb0f616688f4b2bc,audit_trails/artifacts/ciphertext_attestations/T1_Plain_TADP_client_001_r6_40248bc3824e2bcf__b24eec24728776e4.json,,,,,,,,,,,,,,,0e3a3d459b15b2491b7e0c584961467a29d54943e6aa06516e364f4c2767b778,8ccbbafe7e2e9c55fe67314ead5ef2a153593d74a6f061dcc378784c472bb108,,
93,27237fe6341bc63f8acadf9a3583f1e9,9009c28128737f7948fb54beb932f446c0ce27d5cbdefb4938dce83226ac7abd,2026-08-24T22:55:33.622518+00:00,TADP-SEC/14.0,CLIENT_ACCEPTED_SUBMISSION,T1_Plain_TADP,,,,client_001,,,,,,,,,,,2.3-phase1-fixed-threshold-critical-floor-review-profile,e910eb11d46f5a33a9f6a7d996c6c242f2a4caa089255874076d8ae12155dc94,2e5e1ea61ea1c71b07c235b309bb618daac98643cb3c0843acb266cd6b876512,cd72ec3b4911418e9899eae9aed63fa15aaf66633d0cb863f54d9ac8508d934e,833c0f503995ec3e68f8d11c30f392b1e756db044036faa02ce898eac71d1c91,VALIDATED_EVIDENCE_BUNDLE,,,,,,,,,,,,,,,,,,,,,,,,UPDATE_SUBMITTED_ENFORCED,,False,NOT_REQUIRED_AUTOMATED_POLICY,False,,,,,,,,,,,,,C1_PUBLIC,1,,,,,,,,6401d449cad49398af2f5e4da9bd6c0fbdde3a2a57f8a422907de7f0354cd145,71adf2c7741ed63f779fe8cebf9b4d1363fd18da1c5a49e39f32ec63cb8262f2,,,2026-08-25T22:32:04.883782+00:00,e92a25ee117f09c719671bd0d2e45d43,,,,,9bdd3f6dcb160f76c6c3008bb4f0357b89c8bfaf11e96e33271054d5ccf13d60,e87ccf0a3340c3436029296751dce1a2afff3a407e432dd5fe03b532e6dac61d,,,2026-08-25T22:55:26.724670+00:00,75d46ecd684a2dc4b6a8e27daff7fed8db3fae5cae653b9ddb3099795df8cd6c,active,,,7,ACCEPTED,ALL_BASELINE_CONTROLS,,,,True,True,True,True,True,False,YpIupWn8HcCOs/uLQtg/c2JYlc9dUWirugeGddNj9yw=,6f6fc6f339b382d7d2bd9b9bdb06dc4244b594f7e77f595bbee1959b965c5683,LVS6iX3xyk+AW89N8K7wd5i2P+GtpUmTpzID/3W7LU4=,745bd69dfe8cb7b927e65c09ce4bcede0cec525eb33587549ad370536778e2ae,5JLulQ0R+B4+UouFlr6W41Ymj/CD1mry7lGdM8lEew8=,d2de0eecb364b6ad6dfd68c57fbb2b61edd7f408c047202d5ab95910a24e2627,,,,,,,,,,,,,,,,,e7592b2a4500880a5508267b21a75a989fc15b5707cf514b247c7f87ce03ad84,audit_trails/artifacts/accepted_runtime_submissions/T1_Plain_TADP_client_001_r7_6f6fc6f339b382d7__e7592b2a4500880a.json,,,,,,,,,,,,,8ccbbafe7e2e9c55fe67314ead5ef2a153593d74a6f061dcc378784c472bb108,c69a47966314cf13b58c921c0c16b6d293eda7989ed9f652ef1581cca930e4e6,,
94,7f7b0082cc6ea926d1b1dc4891fce58f,9009c28128737f7948fb54beb932f446c0ce27d5cbdefb4938dce83226ac7abd,2026-08-24T22:55:33.645330+00:00,TADP-SEC/14.0,CLIENT_CIPHERTEXT_BINDING,T1_Plain_TADP,,,,client_001,,,,,,,,,,,,,,,,,,,,,,,,,,,,,,,,,,,,,,,,CIPHERTEXT_BOUND_TO_SIGNED_UPDATE,,,,,,,,,,,,,,,,,C1_PUBLIC,1,,,,,,,,,,,,,e92a25ee117f09c719671bd0d2e45d43,,,,,,,,,,,,,,7,VERIFIED,,,,,True,,,,,False,YpIupWn8HcCOs/uLQtg/c2JYlc9dUWirugeGddNj9yw=,6f6fc6f339b382d7d2bd9b9bdb06dc4244b594f7e77f595bbee1959b965c5683,LVS6iX3xyk+AW89N8K7wd5i2P+GtpUmTpzID/3W7LU4=,0865a2c6bed5be30345baa5122fe5c9f79de82fc064489a38484795e0f1f52f8,5JLulQ0R+B4+UouFlr6W41Ymj/CD1mry7lGdM8lEew8=,d2de0eecb364b6ad6dfd68c57fbb2b61edd7f408c047202d5ab95910a24e2627,plaintext_update_no_noise,reference_python,n=|logq=|scale=|scheme=plain,plain,,,,,,,,,f6a4a3ed9e1bb33940d4bc422dccaa504d40de41eeb1567aa332589c739d8030,,e79e781b7d4f8c42dd086368f1790fed1c04d2089b1066cc5acda01982d15f26,audit_trails/artifacts/ciphertext_attestations/T1_Plain_TADP_client_001_r7_e7caefbd8f0e2509__e79e781b7d4f8c42.json,,,,,,,,,,,,,,,c69a47966314cf13b58c921c0c16b6d293eda7989ed9f652ef1581cca930e4e6,e29fda4023b5f6bb3cbc82405b58d29328eec0e0f8c103e3eca6dfe0da5698e3,,
95,b3711de8974c70c1be0d88db4a4c58e8,9009c28128737f7948fb54beb932f446c0ce27d5cbdefb4938dce83226ac7abd,2026-08-24T22:55:34.866694+00:00,TADP-SEC/14.0,CLIENT_ACCEPTED_SUBMISSION,T1_Plain_TADP,,,,client_001,,,,,,,,,,,2.3-phase1-fixed-threshold-critical-floor-review-profile,e910eb11d46f5a33a9f6a7d996c6c242f2a4caa089255874076d8ae12155dc94,2e5e1ea61ea1c71b07c235b309bb618daac98643cb3c0843acb266cd6b876512,cd72ec3b4911418e9899eae9aed63fa15aaf66633d0cb863f54d9ac8508d934e,833c0f503995ec3e68f8d11c30f392b1e756db044036faa02ce898eac71d1c91,VALIDATED_EVIDENCE_BUNDLE,,,,,,,,,,,,,,,,,,,,,,,,UPDATE_SUBMITTED_ENFORCED,,False,NOT_REQUIRED_AUTOMATED_POLICY,False,,,,,,,,,,,,,C1_PUBLIC,1,,,,,,,,6401d449cad49398af2f5e4da9bd6c0fbdde3a2a57f8a422907de7f0354cd145,71adf2c7741ed63f779fe8cebf9b4d1363fd18da1c5a49e39f32ec63cb8262f2,,,2026-08-25T22:32:04.883782+00:00,e92a25ee117f09c719671bd0d2e45d43,,,,,9bdd3f6dcb160f76c6c3008bb4f0357b89c8bfaf11e96e33271054d5ccf13d60,e87ccf0a3340c3436029296751dce1a2afff3a407e432dd5fe03b532e6dac61d,,,2026-08-25T22:55:26.724670+00:00,75d46ecd684a2dc4b6a8e27daff7fed8db3fae5cae653b9ddb3099795df8cd6c,active,,,8,ACCEPTED,ALL_BASELINE_CONTROLS,,,,True,True,True,True,True,False,GFZDIZr96EvPERHkSX6EgFMWQbXvm7xMdQ3LXz356dI=,99783dd2e08f9a4220066daa822d399e8e0d3d5bfe58198c2b18f5bb99bb8324,LVS6iX3xyk+AW89N8K7wd5i2P+GtpUmTpzID/3W7LU4=,0a080544d1b0dd9e6b77eae4ee1c10c5f793405896bebb2ba263da4f4b06bab5,AOMCUs1TNL8L87YmpbNA0TZ56X3XxJ14Q2XTdbVEz0o=,d2de0eecb364b6ad6dfd68c57fbb2b61edd7f408c047202d5ab95910a24e2627,,,,,,,,,,,,,,,,,33d7f0ea79f18103e4f226fcffaecd496796b2b268d479c30987d4b1abb32543,audit_trails/artifacts/accepted_runtime_submissions/T1_Plain_TADP_client_001_r8_99783dd2e08f9a42__33d7f0ea79f18103.json,,,,,,,,,,,,,e29fda4023b5f6bb3cbc82405b58d29328eec0e0f8c103e3eca6dfe0da5698e3,3e677f0b5c732a4f6b44c5416c6743219a064392cd027a7d6cd69e65c68f5b4f,,
96,2eee17751ebaa03b28aa069b157eeaca,9009c28128737f7948fb54beb932f446c0ce27d5cbdefb4938dce83226ac7abd,2026-08-24T22:55:34.887691+00:00,TADP-SEC/14.0,CLIENT_CIPHERTEXT_BINDING,T1_Plain_TADP,,,,client_001,,,,,,,,,,,,,,,,,,,,,,,,,,,,,,,,,,,,,,,,CIPHERTEXT_BOUND_TO_SIGNED_UPDATE,,,,,,,,,,,,,,,,,C1_PUBLIC,1,,,,,,,,,,,,,e92a25ee117f09c719671bd0d2e45d43,,,,,,,,,,,,,,8,VERIFIED,,,,,True,,,,,False,GFZDIZr96EvPERHkSX6EgFMWQbXvm7xMdQ3LXz356dI=,99783dd2e08f9a4220066daa822d399e8e0d3d5bfe58198c2b18f5bb99bb8324,LVS6iX3xyk+AW89N8K7wd5i2P+GtpUmTpzID/3W7LU4=,780aa4d8d65e6c404ffb80552778f34cfd066b929181ba6e93068297d0d7bd57,AOMCUs1TNL8L87YmpbNA0TZ56X3XxJ14Q2XTdbVEz0o=,d2de0eecb364b6ad6dfd68c57fbb2b61edd7f408c047202d5ab95910a24e2627,plaintext_update_no_noise,reference_python,n=|logq=|scale=|scheme=plain,plain,,,,,,,,,f6a4a3ed9e1bb33940d4bc422dccaa504d40de41eeb1567aa332589c739d8030,,0bb42447a9c473fb992ff5d92e5dabe0e7833428c5956875989b1ffc8d93967d,audit_trails/artifacts/ciphertext_attestations/T1_Plain_TADP_client_001_r8_b2d6664ed5946f00__0bb42447a9c473fb.json,,,,,,,,,,,,,,,3e677f0b5c732a4f6b44c5416c6743219a064392cd027a7d6cd69e65c68f5b4f,3f893bf170caa8fbc9a3f9c194fe3df24fbeb9eade9f54571a40dfe573b0c6e7,,
97,ae1a4b7b1411a6f30024a67e02373701,9009c28128737f7948fb54beb932f446c0ce27d5cbdefb4938dce83226ac7abd,2026-08-24T22:55:36.292908+00:00,TADP-SEC/14.0,CLIENT_ACCEPTED_SUBMISSION,T1_Plain_TADP,,,,client_001,,,,,,,,,,,2.3-phase1-fixed-threshold-critical-floor-review-profile,e910eb11d46f5a33a9f6a7d996c6c242f2a4caa089255874076d8ae12155dc94,2e5e1ea61ea1c71b07c235b309bb618daac98643cb3c0843acb266cd6b876512,cd72ec3b4911418e9899eae9aed63fa15aaf66633d0cb863f54d9ac8508d934e,833c0f503995ec3e68f8d11c30f392b1e756db044036faa02ce898eac71d1c91,VALIDATED_EVIDENCE_BUNDLE,,,,,,,,,,,,,,,,,,,,,,,,UPDATE_SUBMITTED_ENFORCED,,False,NOT_REQUIRED_AUTOMATED_POLICY,False,,,,,,,,,,,,,C1_PUBLIC,1,,,,,,,,6401d449cad49398af2f5e4da9bd6c0fbdde3a2a57f8a422907de7f0354cd145,71adf2c7741ed63f779fe8cebf9b4d1363fd18da1c5a49e39f32ec63cb8262f2,,,2026-08-25T22:32:04.883782+00:00,e92a25ee117f09c719671bd0d2e45d43,,,,,9bdd3f6dcb160f76c6c3008bb4f0357b89c8bfaf11e96e33271054d5ccf13d60,e87ccf0a3340c3436029296751dce1a2afff3a407e432dd5fe03b532e6dac61d,,,2026-08-25T22:55:26.724670+00:00,75d46ecd684a2dc4b6a8e27daff7fed8db3fae5cae653b9ddb3099795df8cd6c,active,,,9,ACCEPTED,ALL_BASELINE_CONTROLS,,,,True,True,True,True,True,False,1zxYAz1Z9b7s27GEVgD9bg1FYdb3v+i1NxrxyuPn0lo=,a6840851d2488078f0118a0d552cfcab0a3fade76d102f23503bb15f704b68df,LVS6iX3xyk+AW89N8K7wd5i2P+GtpUmTpzID/3W7LU4=,09f03955de3ce378f094e0d264ff3f63b3bb5ee608ff843082afb8fae53cbaba,zCdBrSOQTu/vA7eUT2uXxWX0Irxj06uyLTkCnZfsu18=,d2de0eecb364b6ad6dfd68c57fbb2b61edd7f408c047202d5ab95910a24e2627,,,,,,,,,,,,,,,,,9e96a4ecb2ed454f53efe2c9537a45febef631eb8f3785b73181583fda6c9330,audit_trails/artifacts/accepted_runtime_submissions/T1_Plain_TADP_client_001_r9_a6840851d2488078__9e96a4ecb2ed454f.json,,,,,,,,,,,,,3f893bf170caa8fbc9a3f9c194fe3df24fbeb9eade9f54571a40dfe573b0c6e7,162eb800fcb2d2a058d629424a9cc35a73f238df7b777c44801bb1be3f096326,,
98,877a6b7789f82e1b9cb270155bf64872,9009c28128737f7948fb54beb932f446c0ce27d5cbdefb4938dce83226ac7abd,2026-08-24T22:55:36.310769+00:00,TADP-SEC/14.0,CLIENT_CIPHERTEXT_BINDING,T1_Plain_TADP,,,,client_001,,,,,,,,,,,,,,,,,,,,,,,,,,,,,,,,,,,,,,,,CIPHERTEXT_BOUND_TO_SIGNED_UPDATE,,,,,,,,,,,,,,,,,C1_PUBLIC,1,,,,,,,,,,,,,e92a25ee117f09c719671bd0d2e45d43,,,,,,,,,,,,,,9,VERIFIED,,,,,True,,,,,False,1zxYAz1Z9b7s27GEVgD9bg1FYdb3v+i1NxrxyuPn0lo=,a6840851d2488078f0118a0d552cfcab0a3fade76d102f23503bb15f704b68df,LVS6iX3xyk+AW89N8K7wd5i2P+GtpUmTpzID/3W7LU4=,7d21a268415893f730383544862879bdee154fce24469a1029512d34ce0d4e2e,zCdBrSOQTu/vA7eUT2uXxWX0Irxj06uyLTkCnZfsu18=,d2de0eecb364b6ad6dfd68c57fbb2b61edd7f408c047202d5ab95910a24e2627,plaintext_update_no_noise,reference_python,n=|logq=|scale=|scheme=plain,plain,,,,,,,,,f6a4a3ed9e1bb33940d4bc422dccaa504d40de41eeb1567aa332589c739d8030,,35281ceb40995ad5b6db039925e0fdbc1921f48a210a156d2bcfc9e67cffb7d3,audit_trails/artifacts/ciphertext_attestations/T1_Plain_TADP_client_001_r9_28c6ed7edbcb81af__35281ceb40995ad5.json,,,,,,,,,,,,,,,162eb800fcb2d2a058d629424a9cc35a73f238df7b777c44801bb1be3f096326,8986b9b1a4c623fcdb2609b320990c21ebe1dca5a1ae54ffa393116bcb284320,,
99,79bf37c5bbc98f9663db07fb150436aa,9009c28128737f7948fb54beb932f446c0ce27d5cbdefb4938dce83226ac7abd,2026-08-24T22:55:37.704651+00:00,TADP-SEC/14.0,CLIENT_ACCEPTED_SUBMISSION,T1_Plain_TADP,,,,client_001,,,,,,,,,,,2.3-phase1-fixed-threshold-critical-floor-review-profile,e910eb11d46f5a33a9f6a7d996c6c242f2a4caa089255874076d8ae12155dc94,2e5e1ea61ea1c71b07c235b309bb618daac98643cb3c0843acb266cd6b876512,cd72ec3b4911418e9899eae9aed63fa15aaf66633d0cb863f54d9ac8508d934e,833c0f503995ec3e68f8d11c30f392b1e756db044036faa02ce898eac71d1c91,VALIDATED_EVIDENCE_BUNDLE,,,,,,,,,,,,,,,,,,,,,,,,UPDATE_SUBMITTED_ENFORCED,,False,NOT_REQUIRED_AUTOMATED_POLICY,False,,,,,,,,,,,,,C1_PUBLIC,1,,,,,,,,6401d449cad49398af2f5e4da9bd6c0fbdde3a2a57f8a422907de7f0354cd145,71adf2c7741ed63f779fe8cebf9b4d1363fd18da1c5a49e39f32ec63cb8262f2,,,2026-08-25T22:32:04.883782+00:00,e92a25ee117f09c719671bd0d2e45d43,,,,,9bdd3f6dcb160f76c6c3008bb4f0357b89c8bfaf11e96e33271054d5ccf13d60,e87ccf0a3340c3436029296751dce1a2afff3a407e432dd5fe03b532e6dac61d,,,2026-08-25T22:55:26.724670+00:00,75d46ecd684a2dc4b6a8e27daff7fed8db3fae5cae653b9ddb3099795df8cd6c,active,,,10,ACCEPTED,ALL_BASELINE_CONTROLS,,,,True,True,True,True,True,False,6wSVnWw6r9EJ25JbykBSE9eDw+WWNwJV0/B0pcaeGfc=,6814f314b896e96710dc9dfae813c8c9b40816216fd467f0a1aeed5c6ed66e26,LVS6iX3xyk+AW89N8K7wd5i2P+GtpUmTpzID/3W7LU4=,fe5d9427fc5e34f954bac8e8829970db189192d58ec9113cfd4e27429cf7efc6,QER6WtLWRco4t1I7Ix5ckKWeLQi8LAa9dGc9H4q0Qgo=,d2de0eecb364b6ad6dfd68c57fbb2b61edd7f408c047202d5ab95910a24e2627,,,,,,,,,,,,,,,,,1ace111da4727ac6c93a9bbe8bd0d32c0109990e84262282f5163e0ff8ff606c,audit_trails/artifacts/accepted_runtime_submissions/T1_Plain_TADP_client_001_r10_6814f314b896e967__1ace111da4727ac6.json,,,,,,,,,,,,,8986b9b1a4c623fcdb2609b320990c21ebe1dca5a1ae54ffa393116bcb284320,c8f1b4529d48909384d17f994568275a71f474a1107d715515ab27646f3b5630,,
100,7ff5b7c6feaf58fbbd26afaebe4fe1fd,9009c28128737f7948fb54beb932f446c0ce27d5cbdefb4938dce83226ac7abd,2026-08-24T22:55:37.727270+00:00,TADP-SEC/14.0,CLIENT_CIPHERTEXT_BINDING,T1_Plain_TADP,,,,client_001,,,,,,,,,,,,,,,,,,,,,,,,,,,,,,,,,,,,,,,,CIPHERTEXT_BOUND_TO_SIGNED_UPDATE,,,,,,,,,,,,,,,,,C1_PUBLIC,1,,,,,,,,,,,,,e92a25ee117f09c719671bd0d2e45d43,,,,,,,,,,,,,,10,VERIFIED,,,,,True,,,,,False,6wSVnWw6r9EJ25JbykBSE9eDw+WWNwJV0/B0pcaeGfc=,6814f314b896e96710dc9dfae813c8c9b40816216fd467f0a1aeed5c6ed66e26,LVS6iX3xyk+AW89N8K7wd5i2P+GtpUmTpzID/3W7LU4=,517b2b61aa0e6c0903bcde20c193a7b3161e57b5f5d460baaa91dd5ff8c0b95b,QER6WtLWRco4t1I7Ix5ckKWeLQi8LAa9dGc9H4q0Qgo=,d2de0eecb364b6ad6dfd68c57fbb2b61edd7f408c047202d5ab95910a24e2627,plaintext_update_no_noise,reference_python,n=|logq=|scale=|scheme=plain,plain,,,,,,,,,f6a4a3ed9e1bb33940d4bc422dccaa504d40de41eeb1567aa332589c739d8030,,069ea553f4261179bf6bd93947f7e47d10088aeb166431f76fe61b38ce889452,audit_trails/artifacts/ciphertext_attestations/T1_Plain_TADP_client_001_r10_cdf062c63aba9555__069ea553f4261179.json,,,,,,,,,,,,,,,c8f1b4529d48909384d17f994568275a71f474a1107d715515ab27646f3b5630,382f6d9933fb96657cd56d43df07ff6d1e08d2badb70896efb64eb117702e287,,
101,cadfa1e51bbce89d08c6cf4f60b9e93e,9009c28128737f7948fb54beb932f446c0ce27d5cbdefb4938dce83226ac7abd,2026-08-24T22:55:38.807924+00:00,TADP-SEC/14.0,CLIENT_ACCEPTED_SUBMISSION,T1_Plain_TADP,,,,client_001,,,,,,,,,,,2.3-phase1-fixed-threshold-critical-floor-review-profile,e910eb11d46f5a33a9f6a7d996c6c242f2a4caa089255874076d8ae12155dc94,2e5e1ea61ea1c71b07c235b309bb618daac98643cb3c0843acb266cd6b876512,cd72ec3b4911418e9899eae9aed63fa15aaf66633d0cb863f54d9ac8508d934e,833c0f503995ec3e68f8d11c30f392b1e756db044036faa02ce898eac71d1c91,VALIDATED_EVIDENCE_BUNDLE,,,,,,,,,,,,,,,,,,,,,,,,UPDATE_SUBMITTED_ENFORCED,,False,NOT_REQUIRED_AUTOMATED_POLICY,False,,,,,,,,,,,,,C1_PUBLIC,1,,,,,,,,6401d449cad49398af2f5e4da9bd6c0fbdde3a2a57f8a422907de7f0354cd145,71adf2c7741ed63f779fe8cebf9b4d1363fd18da1c5a49e39f32ec63cb8262f2,,,2026-08-25T22:32:04.883782+00:00,e92a25ee117f09c719671bd0d2e45d43,,,,,9bdd3f6dcb160f76c6c3008bb4f0357b89c8bfaf11e96e33271054d5ccf13d60,e87ccf0a3340c3436029296751dce1a2afff3a407e432dd5fe03b532e6dac61d,,,2026-08-25T22:55:26.724670+00:00,75d46ecd684a2dc4b6a8e27daff7fed8db3fae5cae653b9ddb3099795df8cd6c,active,,,11,ACCEPTED,ALL_BASELINE_CONTROLS,,,,True,True,True,True,True,False,0svN+RcWSAyjtYPoP38DiWj1KSsORD1pAY/v1BWDwrA=,4cb399f351ebfdc44209178594a18903a80e650a9447142a2fd83a97c95d306c,LVS6iX3xyk+AW89N8K7wd5i2P+GtpUmTpzID/3W7LU4=,b7f9108c45eebf52a13afbe44d038e14e0805a3c9cdf0360d117fee4abfd09ad,xFmoJpHr8VmBsvht5X8Qh+DB44WhOYo++sXjnaO9y+U=,d2de0eecb364b6ad6dfd68c57fbb2b61edd7f408c047202d5ab95910a24e2627,,,,,,,,,,,,,,,,,59ebe015cd243816fd8bccd9bc5e31575cbd7995664e21e78b2884b702be7a6b,audit_trails/artifacts/accepted_runtime_submissions/T1_Plain_TADP_client_001_r11_4cb399f351ebfdc4__59ebe015cd243816.json,,,,,,,,,,,,,382f6d9933fb96657cd56d43df07ff6d1e08d2badb70896efb64eb117702e287,507c50069e6ead86aea0632b5e290dbb2ca968798a73b36986bd7b5688b5b3df,,
102,c5139ca44910ce2000624ef4a1906dc6,9009c28128737f7948fb54beb932f446c0ce27d5cbdefb4938dce83226ac7abd,2026-08-24T22:55:38.827535+00:00,TADP-SEC/14.0,CLIENT_CIPHERTEXT_BINDING,T1_Plain_TADP,,,,client_001,,,,,,,,,,,,,,,,,,,,,,,,,,,,,,,,,,,,,,,,CIPHERTEXT_BOUND_TO_SIGNED_UPDATE,,,,,,,,,,,,,,,,,C1_PUBLIC,1,,,,,,,,,,,,,e92a25ee117f09c719671bd0d2e45d43,,,,,,,,,,,,,,11,VERIFIED,,,,,True,,,,,False,0svN+RcWSAyjtYPoP38DiWj1KSsORD1pAY/v1BWDwrA=,4cb399f351ebfdc44209178594a18903a80e650a9447142a2fd83a97c95d306c,LVS6iX3xyk+AW89N8K7wd5i2P+GtpUmTpzID/3W7LU4=,d2b8fba6c22847cb3fae6aea37877b8170b1b168fe7bfea36e5a74dae4990e28,xFmoJpHr8VmBsvht5X8Qh+DB44WhOYo++sXjnaO9y+U=,d2de0eecb364b6ad6dfd68c57fbb2b61edd7f408c047202d5ab95910a24e2627,plaintext_update_no_noise,reference_python,n=|logq=|scale=|scheme=plain,plain,,,,,,,,,f6a4a3ed9e1bb33940d4bc422dccaa504d40de41eeb1567aa332589c739d8030,,1528d510f80024d0c188bb4dc3426601ddc942ce815d66a4be099a18e398296b,audit_trails/artifacts/ciphertext_attestations/T1_Plain_TADP_client_001_r11_2bff2fe9f497fb77__1528d510f80024d0.json,,,,,,,,,,,,,,,507c50069e6ead86aea0632b5e290dbb2ca968798a73b36986bd7b5688b5b3df,cf0f1a49019e8fce6c9bee712c74129c2f06c2bf945bd2eaaf9118b21de2fa2e,,
103,b94865f717a6c54da24042ccadb15bb7,9009c28128737f7948fb54beb932f446c0ce27d5cbdefb4938dce83226ac7abd,2026-08-24T22:55:39.863269+00:00,TADP-SEC/14.0,CLIENT_ACCEPTED_SUBMISSION,T1_Plain_TADP,,,,client_001,,,,,,,,,,,2.3-phase1-fixed-threshold-critical-floor-review-profile,e910eb11d46f5a33a9f6a7d996c6c242f2a4caa089255874076d8ae12155dc94,2e5e1ea61ea1c71b07c235b309bb618daac98643cb3c0843acb266cd6b876512,cd72ec3b4911418e9899eae9aed63fa15aaf66633d0cb863f54d9ac8508d934e,833c0f503995ec3e68f8d11c30f392b1e756db044036faa02ce898eac71d1c91,VALIDATED_EVIDENCE_BUNDLE,,,,,,,,,,,,,,,,,,,,,,,,UPDATE_SUBMITTED_ENFORCED,,False,NOT_REQUIRED_AUTOMATED_POLICY,False,,,,,,,,,,,,,C1_PUBLIC,1,,,,,,,,6401d449cad49398af2f5e4da9bd6c0fbdde3a2a57f8a422907de7f0354cd145,71adf2c7741ed63f779fe8cebf9b4d1363fd18da1c5a49e39f32ec63cb8262f2,,,2026-08-25T22:32:04.883782+00:00,e92a25ee117f09c719671bd0d2e45d43,,,,,9bdd3f6dcb160f76c6c3008bb4f0357b89c8bfaf11e96e33271054d5ccf13d60,e87ccf0a3340c3436029296751dce1a2afff3a407e432dd5fe03b532e6dac61d,,,2026-08-25T22:55:26.724670+00:00,75d46ecd684a2dc4b6a8e27daff7fed8db3fae5cae653b9ddb3099795df8cd6c,active,,,12,ACCEPTED,ALL_BASELINE_CONTROLS,,,,True,True,True,True,True,False,GbsMLd2xK35JuxxaVohkLVgw8+JyUHFB1vc59PRJQt8=,45f7d23c5841886f2fd24283c839aef07577b5f12cd01006be917b478d5823ce,LVS6iX3xyk+AW89N8K7wd5i2P+GtpUmTpzID/3W7LU4=,827678012135e6c3f320bf20663a6e4d17e2c783cb7aa645ff34a1009667d4a5,X596WCZ2wCsekdZudiqLmS4BCmopogFijcAXn4mrpAU=,d2de0eecb364b6ad6dfd68c57fbb2b61edd7f408c047202d5ab95910a24e2627,,,,,,,,,,,,,,,,,365cd82633bc6abbbcaca7111308706613f8a8155bf97b0e48c6efef1c6c7668,audit_trails/artifacts/accepted_runtime_submissions/T1_Plain_TADP_client_001_r12_45f7d23c5841886f__365cd82633bc6abb.json,,,,,,,,,,,,,cf0f1a49019e8fce6c9bee712c74129c2f06c2bf945bd2eaaf9118b21de2fa2e,36d459c295a1ddf33f60ef28754b47841cbce4e6423dd04b91f07a6f8eb318a7,,
104,b817e1e2d94f4df73f9f76bbfb48741d,9009c28128737f7948fb54beb932f446c0ce27d5cbdefb4938dce83226ac7abd,2026-08-24T22:55:39.882835+00:00,TADP-SEC/14.0,CLIENT_CIPHERTEXT_BINDING,T1_Plain_TADP,,,,client_001,,,,,,,,,,,,,,,,,,,,,,,,,,,,,,,,,,,,,,,,CIPHERTEXT_BOUND_TO_SIGNED_UPDATE,,,,,,,,,,,,,,,,,C1_PUBLIC,1,,,,,,,,,,,,,e92a25ee117f09c719671bd0d2e45d43,,,,,,,,,,,,,,12,VERIFIED,,,,,True,,,,,False,GbsMLd2xK35JuxxaVohkLVgw8+JyUHFB1vc59PRJQt8=,45f7d23c5841886f2fd24283c839aef07577b5f12cd01006be917b478d5823ce,LVS6iX3xyk+AW89N8K7wd5i2P+GtpUmTpzID/3W7LU4=,296f2fefac31dc0a1e20dd7879c149ea10d2607323138820751bc1766d9ef30b,X596WCZ2wCsekdZudiqLmS4BCmopogFijcAXn4mrpAU=,d2de0eecb364b6ad6dfd68c57fbb2b61edd7f408c047202d5ab95910a24e2627,plaintext_update_no_noise,reference_python,n=|logq=|scale=|scheme=plain,plain,,,,,,,,,f6a4a3ed9e1bb33940d4bc422dccaa504d40de41eeb1567aa332589c739d8030,,64453edcbf6167241bae7c0700a83df4d0193b606383506de930f16e909e4488,audit_trails/artifacts/ciphertext_attestations/T1_Plain_TADP_client_001_r12_bdb411bae2e1707f__64453edcbf616724.json,,,,,,,,,,,,,,,36d459c295a1ddf33f60ef28754b47841cbce4e6423dd04b91f07a6f8eb318a7,c1b51a14e4629c0969bbfc3064b631218dc12cae19ea46c4578fdc940507eb64,,
105,79f49fa82a90c129b32ab37342abbd22,9009c28128737f7948fb54beb932f446c0ce27d5cbdefb4938dce83226ac7abd,2026-08-24T22:55:40.908260+00:00,TADP-SEC/14.0,CLIENT_ACCEPTED_SUBMISSION,T1_Plain_TADP,,,,client_001,,,,,,,,,,,2.3-phase1-fixed-threshold-critical-floor-review-profile,e910eb11d46f5a33a9f6a7d996c6c242f2a4caa089255874076d8ae12155dc94,2e5e1ea61ea1c71b07c235b309bb618daac98643cb3c0843acb266cd6b876512,cd72ec3b4911418e9899eae9aed63fa15aaf66633d0cb863f54d9ac8508d934e,833c0f503995ec3e68f8d11c30f392b1e756db044036faa02ce898eac71d1c91,VALIDATED_EVIDENCE_BUNDLE,,,,,,,,,,,,,,,,,,,,,,,,UPDATE_SUBMITTED_ENFORCED,,False,NOT_REQUIRED_AUTOMATED_POLICY,False,,,,,,,,,,,,,C1_PUBLIC,1,,,,,,,,6401d449cad49398af2f5e4da9bd6c0fbdde3a2a57f8a422907de7f0354cd145,71adf2c7741ed63f779fe8cebf9b4d1363fd18da1c5a49e39f32ec63cb8262f2,,,2026-08-25T22:32:04.883782+00:00,e92a25ee117f09c719671bd0d2e45d43,,,,,9bdd3f6dcb160f76c6c3008bb4f0357b89c8bfaf11e96e33271054d5ccf13d60,e87ccf0a3340c3436029296751dce1a2afff3a407e432dd5fe03b532e6dac61d,,,2026-08-25T22:55:26.724670+00:00,75d46ecd684a2dc4b6a8e27daff7fed8db3fae5cae653b9ddb3099795df8cd6c,active,,,13,ACCEPTED,ALL_BASELINE_CONTROLS,,,,True,True,True,True,True,False,EicJLXPhNBDooSgr4aye2bUdh8BWoe5CpSwHJYTzm9c=,cac4a6d6033f4d04595788d8112f08987679fa22e489789a3645cafe04cb37d4,LVS6iX3xyk+AW89N8K7wd5i2P+GtpUmTpzID/3W7LU4=,d0602b8c28b4d5bf7ea89b5eb57d9614d2bb6c6c723917815c44fd97cc1ee9c2,baSs5ZuY4C2Zd/TgRtHQJYqpBuocmlVAr7Wr3juvJs4=,d2de0eecb364b6ad6dfd68c57fbb2b61edd7f408c047202d5ab95910a24e2627,,,,,,,,,,,,,,,,,7f9c19e3abfff21e227a5e906ed64ddaf78294101668ce28f7b8869882474792,audit_trails/artifacts/accepted_runtime_submissions/T1_Plain_TADP_client_001_r13_cac4a6d6033f4d04__7f9c19e3abfff21e.json,,,,,,,,,,,,,c1b51a14e4629c0969bbfc3064b631218dc12cae19ea46c4578fdc940507eb64,7b13a982d4682cfe6e751ba2db229d8ce0f5d0f37ba10e7d8980d46a7ce5747f,,
106,49ef21b88d5a27cce00525af66fc68e7,9009c28128737f7948fb54beb932f446c0ce27d5cbdefb4938dce83226ac7abd,2026-08-24T22:55:40.926762+00:00,TADP-SEC/14.0,CLIENT_CIPHERTEXT_BINDING,T1_Plain_TADP,,,,client_001,,,,,,,,,,,,,,,,,,,,,,,,,,,,,,,,,,,,,,,,CIPHERTEXT_BOUND_TO_SIGNED_UPDATE,,,,,,,,,,,,,,,,,C1_PUBLIC,1,,,,,,,,,,,,,e92a25ee117f09c719671bd0d2e45d43,,,,,,,,,,,,,,13,VERIFIED,,,,,True,,,,,False,EicJLXPhNBDooSgr4aye2bUdh8BWoe5CpSwHJYTzm9c=,cac4a6d6033f4d04595788d8112f08987679fa22e489789a3645cafe04cb37d4,LVS6iX3xyk+AW89N8K7wd5i2P+GtpUmTpzID/3W7LU4=,1af43fe079cc15178860cc733e2bd580d08d5cfd0eb410a41a8ee6c1fb51b1cd,baSs5ZuY4C2Zd/TgRtHQJYqpBuocmlVAr7Wr3juvJs4=,d2de0eecb364b6ad6dfd68c57fbb2b61edd7f408c047202d5ab95910a24e2627,plaintext_update_no_noise,reference_python,n=|logq=|scale=|scheme=plain,plain,,,,,,,,,f6a4a3ed9e1bb33940d4bc422dccaa504d40de41eeb1567aa332589c739d8030,,6bf6fde23e6fb0314a54bb872c8e6b5b9aa2fe02bb356741149da58f39d33168,audit_trails/artifacts/ciphertext_attestations/T1_Plain_TADP_client_001_r13_0340e838787e578b__6bf6fde23e6fb031.json,,,,,,,,,,,,,,,7b13a982d4682cfe6e751ba2db229d8ce0f5d0f37ba10e7d8980d46a7ce5747f,3c270c196351b7e7a7145bc96fcfff19c236333b7b0523ad59e0d3eee7bf43d3,,
107,57bc3031af86eefe2d1a29efb51a0b23,9009c28128737f7948fb54beb932f446c0ce27d5cbdefb4938dce83226ac7abd,2026-08-24T22:55:41.959920+00:00,TADP-SEC/14.0,CLIENT_ACCEPTED_SUBMISSION,T1_Plain_TADP,,,,client_001,,,,,,,,,,,2.3-phase1-fixed-threshold-critical-floor-review-profile,e910eb11d46f5a33a9f6a7d996c6c242f2a4caa089255874076d8ae12155dc94,2e5e1ea61ea1c71b07c235b309bb618daac98643cb3c0843acb266cd6b876512,cd72ec3b4911418e9899eae9aed63fa15aaf66633d0cb863f54d9ac8508d934e,833c0f503995ec3e68f8d11c30f392b1e756db044036faa02ce898eac71d1c91,VALIDATED_EVIDENCE_BUNDLE,,,,,,,,,,,,,,,,,,,,,,,,UPDATE_SUBMITTED_ENFORCED,,False,NOT_REQUIRED_AUTOMATED_POLICY,False,,,,,,,,,,,,,C1_PUBLIC,1,,,,,,,,6401d449cad49398af2f5e4da9bd6c0fbdde3a2a57f8a422907de7f0354cd145,71adf2c7741ed63f779fe8cebf9b4d1363fd18da1c5a49e39f32ec63cb8262f2,,,2026-08-25T22:32:04.883782+00:00,e92a25ee117f09c719671bd0d2e45d43,,,,,9bdd3f6dcb160f76c6c3008bb4f0357b89c8bfaf11e96e33271054d5ccf13d60,e87ccf0a3340c3436029296751dce1a2afff3a407e432dd5fe03b532e6dac61d,,,2026-08-25T22:55:26.724670+00:00,75d46ecd684a2dc4b6a8e27daff7fed8db3fae5cae653b9ddb3099795df8cd6c,active,,,14,ACCEPTED,ALL_BASELINE_CONTROLS,,,,True,True,True,True,True,False,D0FbKRNmj+nq+RXGT4AGdJM+QXy/2zgR4o8tRSQOCLI=,128fa030cf51391e10e47820417f8c9b22a53dc20f86ef34ddb314e3c6c81b4d,LVS6iX3xyk+AW89N8K7wd5i2P+GtpUmTpzID/3W7LU4=,1ed8e460ed75be7d6a85011065c527b411351e124c03e2c85837b03f227719be,vwtjedHlf+TN4+Frj6CNTxw8dn7/oy+wTtHYOjhS6uY=,d2de0eecb364b6ad6dfd68c57fbb2b61edd7f408c047202d5ab95910a24e2627,,,,,,,,,,,,,,,,,602eea3dd59483537ef3e98b21f17245ee84f5a0d5316be6416de16afc21d3d7,audit_trails/artifacts/accepted_runtime_submissions/T1_Plain_TADP_client_001_r14_128fa030cf51391e__602eea3dd5948353.json,,,,,,,,,,,,,3c270c196351b7e7a7145bc96fcfff19c236333b7b0523ad59e0d3eee7bf43d3,3cfba63f0a97850ad94bcd8abd9a5e2f58dba02799c46183d83284498a8f5632,,
108,835304fe893e18bb15609e57805a235a,9009c28128737f7948fb54beb932f446c0ce27d5cbdefb4938dce83226ac7abd,2026-08-24T22:55:41.978085+00:00,TADP-SEC/14.0,CLIENT_CIPHERTEXT_BINDING,T1_Plain_TADP,,,,client_001,,,,,,,,,,,,,,,,,,,,,,,,,,,,,,,,,,,,,,,,CIPHERTEXT_BOUND_TO_SIGNED_UPDATE,,,,,,,,,,,,,,,,,C1_PUBLIC,1,,,,,,,,,,,,,e92a25ee117f09c719671bd0d2e45d43,,,,,,,,,,,,,,14,VERIFIED,,,,,True,,,,,False,D0FbKRNmj+nq+RXGT4AGdJM+QXy/2zgR4o8tRSQOCLI=,128fa030cf51391e10e47820417f8c9b22a53dc20f86ef34ddb314e3c6c81b4d,LVS6iX3xyk+AW89N8K7wd5i2P+GtpUmTpzID/3W7LU4=,6e5c824adb3a26cc05b2fd8fa3a70729531e06ce01a5345cf0c640e117236f57,vwtjedHlf+TN4+Frj6CNTxw8dn7/oy+wTtHYOjhS6uY=,d2de0eecb364b6ad6dfd68c57fbb2b61edd7f408c047202d5ab95910a24e2627,plaintext_update_no_noise,reference_python,n=|logq=|scale=|scheme=plain,plain,,,,,,,,,f6a4a3ed9e1bb33940d4bc422dccaa504d40de41eeb1567aa332589c739d8030,,65148fd0cc13fd74a7e79f362ecd414d1d33fa9b7278d71cda95be64729fd024,audit_trails/artifacts/ciphertext_attestations/T1_Plain_TADP_client_001_r14_309e9c9fb550c695__65148fd0cc13fd74.json,,,,,,,,,,,,,,,3cfba63f0a97850ad94bcd8abd9a5e2f58dba02799c46183d83284498a8f5632,e0ec3ecb68dc52c5209ce5d7d0d36c40f6f74da9610a792f1b38033656a69adf,,
109,e983520cfac13010d1bf3a033a0c95cc,9009c28128737f7948fb54beb932f446c0ce27d5cbdefb4938dce83226ac7abd,2026-08-24T22:55:43.033843+00:00,TADP-SEC/14.0,CLIENT_ACCEPTED_SUBMISSION,T1_Plain_TADP,,,,client_001,,,,,,,,,,,2.3-phase1-fixed-threshold-critical-floor-review-profile,e910eb11d46f5a33a9f6a7d996c6c242f2a4caa089255874076d8ae12155dc94,2e5e1ea61ea1c71b07c235b309bb618daac98643cb3c0843acb266cd6b876512,cd72ec3b4911418e9899eae9aed63fa15aaf66633d0cb863f54d9ac8508d934e,833c0f503995ec3e68f8d11c30f392b1e756db044036faa02ce898eac71d1c91,VALIDATED_EVIDENCE_BUNDLE,,,,,,,,,,,,,,,,,,,,,,,,UPDATE_SUBMITTED_ENFORCED,,False,NOT_REQUIRED_AUTOMATED_POLICY,False,,,,,,,,,,,,,C1_PUBLIC,1,,,,,,,,6401d449cad49398af2f5e4da9bd6c0fbdde3a2a57f8a422907de7f0354cd145,71adf2c7741ed63f779fe8cebf9b4d1363fd18da1c5a49e39f32ec63cb8262f2,,,2026-08-25T22:32:04.883782+00:00,e92a25ee117f09c719671bd0d2e45d43,,,,,9bdd3f6dcb160f76c6c3008bb4f0357b89c8bfaf11e96e33271054d5ccf13d60,e87ccf0a3340c3436029296751dce1a2afff3a407e432dd5fe03b532e6dac61d,,,2026-08-25T22:55:26.724670+00:00,75d46ecd684a2dc4b6a8e27daff7fed8db3fae5cae653b9ddb3099795df8cd6c,active,,,15,ACCEPTED,ALL_BASELINE_CONTROLS,,,,True,True,True,True,True,False,ermA2SJ70qjdpBxGBXGx/gOFFT6YYic2HcW0o0qNJJ4=,bf6903d11215a3379954324c61e6a21bada01b680776aa1ff590bea43766824a,LVS6iX3xyk+AW89N8K7wd5i2P+GtpUmTpzID/3W7LU4=,80de3479fc37641b34efd0b45a3f75756a10ec5a7a7ddf7e2c0fa8f805d1ee7e,TkMHoxjK1Uqus4ibEhiYR1V0emNDSP6rZ0M8kmI7d4k=,d2de0eecb364b6ad6dfd68c57fbb2b61edd7f408c047202d5ab95910a24e2627,,,,,,,,,,,,,,,,,f65fe0376060d8a088b01885af9601391d9f1335df7e369fb8c332ddbf85d724,audit_trails/artifacts/accepted_runtime_submissions/T1_Plain_TADP_client_001_r15_bf6903d11215a337__f65fe0376060d8a0.json,,,,,,,,,,,,,e0ec3ecb68dc52c5209ce5d7d0d36c40f6f74da9610a792f1b38033656a69adf,b3993d6b0b81611b510063fff0aae0117dec90387e40be903331b1b380cc166a,,
110,f1240aac2b318d2f9635e23b0963dbff,9009c28128737f7948fb54beb932f446c0ce27d5cbdefb4938dce83226ac7abd,2026-08-24T22:55:43.052444+00:00,TADP-SEC/14.0,CLIENT_CIPHERTEXT_BINDING,T1_Plain_TADP,,,,client_001,,,,,,,,,,,,,,,,,,,,,,,,,,,,,,,,,,,,,,,,CIPHERTEXT_BOUND_TO_SIGNED_UPDATE,,,,,,,,,,,,,,,,,C1_PUBLIC,1,,,,,,,,,,,,,e92a25ee117f09c719671bd0d2e45d43,,,,,,,,,,,,,,15,VERIFIED,,,,,True,,,,,False,ermA2SJ70qjdpBxGBXGx/gOFFT6YYic2HcW0o0qNJJ4=,bf6903d11215a3379954324c61e6a21bada01b680776aa1ff590bea43766824a,LVS6iX3xyk+AW89N8K7wd5i2P+GtpUmTpzID/3W7LU4=,e13aa6c1648a342ff5caa66014521924b786faa14577b44df49ccaf8f67032be,TkMHoxjK1Uqus4ibEhiYR1V0emNDSP6rZ0M8kmI7d4k=,d2de0eecb364b6ad6dfd68c57fbb2b61edd7f408c047202d5ab95910a24e2627,plaintext_update_no_noise,reference_python,n=|logq=|scale=|scheme=plain,plain,,,,,,,,,f6a4a3ed9e1bb33940d4bc422dccaa504d40de41eeb1567aa332589c739d8030,,c01de9bc4ffee4b195a8d375787d3ec2a42d9069cc15b26167e96fcf9c787bbd,audit_trails/artifacts/ciphertext_attestations/T1_Plain_TADP_client_001_r15_b6bae366c78c6b55__c01de9bc4ffee4b1.json,,,,,,,,,,,,,,,b3993d6b0b81611b510063fff0aae0117dec90387e40be903331b1b380cc166a,b87f3d292edb4033b13d62fb9a2953c512d657b0d7ba95da9ca64198b1499c8b,,
111,bb4d4a66bba4487a4c62c9f5986fb916,9009c28128737f7948fb54beb932f446c0ce27d5cbdefb4938dce83226ac7abd,2026-08-24T22:55:44.073024+00:00,TADP-SEC/14.0,CLIENT_ACCEPTED_SUBMISSION,T1_Plain_TADP,,,,client_001,,,,,,,,,,,2.3-phase1-fixed-threshold-critical-floor-review-profile,e910eb11d46f5a33a9f6a7d996c6c242f2a4caa089255874076d8ae12155dc94,2e5e1ea61ea1c71b07c235b309bb618daac98643cb3c0843acb266cd6b876512,cd72ec3b4911418e9899eae9aed63fa15aaf66633d0cb863f54d9ac8508d934e,833c0f503995ec3e68f8d11c30f392b1e756db044036faa02ce898eac71d1c91,VALIDATED_EVIDENCE_BUNDLE,,,,,,,,,,,,,,,,,,,,,,,,UPDATE_SUBMITTED_ENFORCED,,False,NOT_REQUIRED_AUTOMATED_POLICY,False,,,,,,,,,,,,,C1_PUBLIC,1,,,,,,,,6401d449cad49398af2f5e4da9bd6c0fbdde3a2a57f8a422907de7f0354cd145,71adf2c7741ed63f779fe8cebf9b4d1363fd18da1c5a49e39f32ec63cb8262f2,,,2026-08-25T22:32:04.883782+00:00,e92a25ee117f09c719671bd0d2e45d43,,,,,9bdd3f6dcb160f76c6c3008bb4f0357b89c8bfaf11e96e33271054d5ccf13d60,e87ccf0a3340c3436029296751dce1a2afff3a407e432dd5fe03b532e6dac61d,,,2026-08-25T22:55:26.724670+00:00,75d46ecd684a2dc4b6a8e27daff7fed8db3fae5cae653b9ddb3099795df8cd6c,active,,,16,ACCEPTED,ALL_BASELINE_CONTROLS,,,,True,True,True,True,True,False,Wt4Hcjo1cF+9alop9EAz1PZrFe273/w/suNTKWIkHjQ=,b54a4092a3e6860650b6a49315794241953192bee68300da8705df00b22342dc,LVS6iX3xyk+AW89N8K7wd5i2P+GtpUmTpzID/3W7LU4=,3f063c1459f52e40cc051414270c4613b2f206bdd7e6b88dfca7ca95d44b9809,j9T1pbULgnUDR1HYLDNQNvQBLafK9MSlZAM+rWV7r4c=,d2de0eecb364b6ad6dfd68c57fbb2b61edd7f408c047202d5ab95910a24e2627,,,,,,,,,,,,,,,,,cea608ab3bbb1169d636baae6951b330c746d3f13e6e0fd23f5b7035d1b9b867,audit_trails/artifacts/accepted_runtime_submissions/T1_Plain_TADP_client_001_r16_b54a4092a3e68606__cea608ab3bbb1169.json,,,,,,,,,,,,,b87f3d292edb4033b13d62fb9a2953c512d657b0d7ba95da9ca64198b1499c8b,b27963f976777aee498a67a0d6ba2f3a8d84b8f2695cf5204836cbcf80d3075d,,
112,746883baad30e6036bb4acaca9120bc2,9009c28128737f7948fb54beb932f446c0ce27d5cbdefb4938dce83226ac7abd,2026-08-24T22:55:44.090134+00:00,TADP-SEC/14.0,CLIENT_CIPHERTEXT_BINDING,T1_Plain_TADP,,,,client_001,,,,,,,,,,,,,,,,,,,,,,,,,,,,,,,,,,,,,,,,CIPHERTEXT_BOUND_TO_SIGNED_UPDATE,,,,,,,,,,,,,,,,,C1_PUBLIC,1,,,,,,,,,,,,,e92a25ee117f09c719671bd0d2e45d43,,,,,,,,,,,,,,16,VERIFIED,,,,,True,,,,,False,Wt4Hcjo1cF+9alop9EAz1PZrFe273/w/suNTKWIkHjQ=,b54a4092a3e6860650b6a49315794241953192bee68300da8705df00b22342dc,LVS6iX3xyk+AW89N8K7wd5i2P+GtpUmTpzID/3W7LU4=,91ad95dc7a4202674590ec17a78180750adb3fcb873de7d3b38108cd8f9a21df,j9T1pbULgnUDR1HYLDNQNvQBLafK9MSlZAM+rWV7r4c=,d2de0eecb364b6ad6dfd68c57fbb2b61edd7f408c047202d5ab95910a24e2627,plaintext_update_no_noise,reference_python,n=|logq=|scale=|scheme=plain,plain,,,,,,,,,f6a4a3ed9e1bb33940d4bc422dccaa504d40de41eeb1567aa332589c739d8030,,4b88b9b89b487cb42225bb9d504e9fb5220e7b3ff4363f05e6eb1da358ed4a27,audit_trails/artifacts/ciphertext_attestations/T1_Plain_TADP_client_001_r16_5382a1c6d7ba480c__4b88b9b89b487cb4.json,,,,,,,,,,,,,,,b27963f976777aee498a67a0d6ba2f3a8d84b8f2695cf5204836cbcf80d3075d,a366e3c2c2580520c0de4cbfd4e37fd25a71c6da3214e4bcfb2b28bbd26e74e3,,
113,e10f97494a59402da6df34c5336ff6bc,9009c28128737f7948fb54beb932f446c0ce27d5cbdefb4938dce83226ac7abd,2026-08-24T22:55:45.134812+00:00,TADP-SEC/14.0,CLIENT_ACCEPTED_SUBMISSION,T1_Plain_TADP,,,,client_001,,,,,,,,,,,2.3-phase1-fixed-threshold-critical-floor-review-profile,e910eb11d46f5a33a9f6a7d996c6c242f2a4caa089255874076d8ae12155dc94,2e5e1ea61ea1c71b07c235b309bb618daac98643cb3c0843acb266cd6b876512,cd72ec3b4911418e9899eae9aed63fa15aaf66633d0cb863f54d9ac8508d934e,833c0f503995ec3e68f8d11c30f392b1e756db044036faa02ce898eac71d1c91,VALIDATED_EVIDENCE_BUNDLE,,,,,,,,,,,,,,,,,,,,,,,,UPDATE_SUBMITTED_ENFORCED,,False,NOT_REQUIRED_AUTOMATED_POLICY,False,,,,,,,,,,,,,C1_PUBLIC,1,,,,,,,,6401d449cad49398af2f5e4da9bd6c0fbdde3a2a57f8a422907de7f0354cd145,71adf2c7741ed63f779fe8cebf9b4d1363fd18da1c5a49e39f32ec63cb8262f2,,,2026-08-25T22:32:04.883782+00:00,e92a25ee117f09c719671bd0d2e45d43,,,,,9bdd3f6dcb160f76c6c3008bb4f0357b89c8bfaf11e96e33271054d5ccf13d60,e87ccf0a3340c3436029296751dce1a2afff3a407e432dd5fe03b532e6dac61d,,,2026-08-25T22:55:26.724670+00:00,75d46ecd684a2dc4b6a8e27daff7fed8db3fae5cae653b9ddb3099795df8cd6c,active,,,17,ACCEPTED,ALL_BASELINE_CONTROLS,,,,True,True,True,True,True,False,YOSRwdiqveDLGVHlr+SGKgZu/JxLb801hFS4uYhBxLY=,69b896830e78559ec09779b98b1c08ddfdbe5c3b29c34c678732965ae79b0ef9,LVS6iX3xyk+AW89N8K7wd5i2P+GtpUmTpzID/3W7LU4=,d4ec2acb0862aac28cdcf9a3ad80e3799d4db2b23b893cc244f20f38055f34b7,nQI0TgqfyjFghBjSXQPRqY6UCn/l5m1nQD7UJ1fe2p8=,d2de0eecb364b6ad6dfd68c57fbb2b61edd7f408c047202d5ab95910a24e2627,,,,,,,,,,,,,,,,,08e1280df5b67cd54d3c7bf89ca6e65ac8543b691692c694a4af676bbc7def13,audit_trails/artifacts/accepted_runtime_submissions/T1_Plain_TADP_client_001_r17_69b896830e78559e__08e1280df5b67cd5.json,,,,,,,,,,,,,a366e3c2c2580520c0de4cbfd4e37fd25a71c6da3214e4bcfb2b28bbd26e74e3,1c3f8ca4d9e511bd4c147427da9d2e70068aa312986c6c6ceee0dee40b50622b,,
114,ad63a09d6016a322a7809d9e560428c1,9009c28128737f7948fb54beb932f446c0ce27d5cbdefb4938dce83226ac7abd,2026-08-24T22:55:45.154210+00:00,TADP-SEC/14.0,CLIENT_CIPHERTEXT_BINDING,T1_Plain_TADP,,,,client_001,,,,,,,,,,,,,,,,,,,,,,,,,,,,,,,,,,,,,,,,CIPHERTEXT_BOUND_TO_SIGNED_UPDATE,,,,,,,,,,,,,,,,,C1_PUBLIC,1,,,,,,,,,,,,,e92a25ee117f09c719671bd0d2e45d43,,,,,,,,,,,,,,17,VERIFIED,,,,,True,,,,,False,YOSRwdiqveDLGVHlr+SGKgZu/JxLb801hFS4uYhBxLY=,69b896830e78559ec09779b98b1c08ddfdbe5c3b29c34c678732965ae79b0ef9,LVS6iX3xyk+AW89N8K7wd5i2P+GtpUmTpzID/3W7LU4=,d36175eb4da73c6ff41e5d06444266fbc064a3d0cd31dc91f5cd6d81c7a07cd3,nQI0TgqfyjFghBjSXQPRqY6UCn/l5m1nQD7UJ1fe2p8=,d2de0eecb364b6ad6dfd68c57fbb2b61edd7f408c047202d5ab95910a24e2627,plaintext_update_no_noise,reference_python,n=|logq=|scale=|scheme=plain,plain,,,,,,,,,f6a4a3ed9e1bb33940d4bc422dccaa504d40de41eeb1567aa332589c739d8030,,46f9603d804d2d8548ad64d7662d5ac9e97dbf7fed86d77684f5c451a98db0e2,audit_trails/artifacts/ciphertext_attestations/T1_Plain_TADP_client_001_r17_c69e661a8ca76134__46f9603d804d2d85.json,,,,,,,,,,,,,,,1c3f8ca4d9e511bd4c147427da9d2e70068aa312986c6c6ceee0dee40b50622b,5ff2e8a3ab9b7a801cc1471208268ab84f56bce0c634173298acbe5ced602084,,
115,5f89a8dce873124b3246883cd5b11617,9009c28128737f7948fb54beb932f446c0ce27d5cbdefb4938dce83226ac7abd,2026-08-24T22:55:46.216655+00:00,TADP-SEC/14.0,CLIENT_ACCEPTED_SUBMISSION,T1_Plain_TADP,,,,client_001,,,,,,,,,,,2.3-phase1-fixed-threshold-critical-floor-review-profile,e910eb11d46f5a33a9f6a7d996c6c242f2a4caa089255874076d8ae12155dc94,2e5e1ea61ea1c71b07c235b309bb618daac98643cb3c0843acb266cd6b876512,cd72ec3b4911418e9899eae9aed63fa15aaf66633d0cb863f54d9ac8508d934e,833c0f503995ec3e68f8d11c30f392b1e756db044036faa02ce898eac71d1c91,VALIDATED_EVIDENCE_BUNDLE,,,,,,,,,,,,,,,,,,,,,,,,UPDATE_SUBMITTED_ENFORCED,,False,NOT_REQUIRED_AUTOMATED_POLICY,False,,,,,,,,,,,,,C1_PUBLIC,1,,,,,,,,6401d449cad49398af2f5e4da9bd6c0fbdde3a2a57f8a422907de7f0354cd145,71adf2c7741ed63f779fe8cebf9b4d1363fd18da1c5a49e39f32ec63cb8262f2,,,2026-08-25T22:32:04.883782+00:00,e92a25ee117f09c719671bd0d2e45d43,,,,,9bdd3f6dcb160f76c6c3008bb4f0357b89c8bfaf11e96e33271054d5ccf13d60,e87ccf0a3340c3436029296751dce1a2afff3a407e432dd5fe03b532e6dac61d,,,2026-08-25T22:55:26.724670+00:00,75d46ecd684a2dc4b6a8e27daff7fed8db3fae5cae653b9ddb3099795df8cd6c,active,,,18,ACCEPTED,ALL_BASELINE_CONTROLS,,,,True,True,True,True,True,False,g/fv1d+FiHxHCMnt2UuCzM13tNH46HQ1zH09VDtF8uI=,6d95ca98e8c9b49231cb015b95b0a4c07e8a6d7cc3e44fda3dfc63c1b5069f68,LVS6iX3xyk+AW89N8K7wd5i2P+GtpUmTpzID/3W7LU4=,6779e143e07200ced1fd52925a7ff98f5b7cf1129e65bfa37ebcd2a292ac055b,tyDNj4sa1NSH3Tc70PQVLSneiCTnPFSh4Ygh7nZNEAc=,d2de0eecb364b6ad6dfd68c57fbb2b61edd7f408c047202d5ab95910a24e2627,,,,,,,,,,,,,,,,,494f8ba172e8341337bea8c31a7fc9b9a9200ea0cbd46403336bbbd7d63c73dd,audit_trails/artifacts/accepted_runtime_submissions/T1_Plain_TADP_client_001_r18_6d95ca98e8c9b492__494f8ba172e83413.json,,,,,,,,,,,,,5ff2e8a3ab9b7a801cc1471208268ab84f56bce0c634173298acbe5ced602084,a2cff2a90761ed5788ca050c7f1e4ddee6b8f20d0cf8342e3c9df647598fc5fd,,
116,11a382f3f7ca1ae67c001aad6c70846c,9009c28128737f7948fb54beb932f446c0ce27d5cbdefb4938dce83226ac7abd,2026-08-24T22:55:46.236473+00:00,TADP-SEC/14.0,CLIENT_CIPHERTEXT_BINDING,T1_Plain_TADP,,,,client_001,,,,,,,,,,,,,,,,,,,,,,,,,,,,,,,,,,,,,,,,CIPHERTEXT_BOUND_TO_SIGNED_UPDATE,,,,,,,,,,,,,,,,,C1_PUBLIC,1,,,,,,,,,,,,,e92a25ee117f09c719671bd0d2e45d43,,,,,,,,,,,,,,18,VERIFIED,,,,,True,,,,,False,g/fv1d+FiHxHCMnt2UuCzM13tNH46HQ1zH09VDtF8uI=,6d95ca98e8c9b49231cb015b95b0a4c07e8a6d7cc3e44fda3dfc63c1b5069f68,LVS6iX3xyk+AW89N8K7wd5i2P+GtpUmTpzID/3W7LU4=,5abc7fd1c65764c3f1da34e481633268b2700fb6f047e18c94b3da7b5986d3f9,tyDNj4sa1NSH3Tc70PQVLSneiCTnPFSh4Ygh7nZNEAc=,d2de0eecb364b6ad6dfd68c57fbb2b61edd7f408c047202d5ab95910a24e2627,plaintext_update_no_noise,reference_python,n=|logq=|scale=|scheme=plain,plain,,,,,,,,,f6a4a3ed9e1bb33940d4bc422dccaa504d40de41eeb1567aa332589c739d8030,,863ec5c8ac079a91a659fae957c94b9a89f672195e498ef1c463e3275d484baa,audit_trails/artifacts/ciphertext_attestations/T1_Plain_TADP_client_001_r18_013efbe769cbb3a4__863ec5c8ac079a91.json,,,,,,,,,,,,,,,a2cff2a90761ed5788ca050c7f1e4ddee6b8f20d0cf8342e3c9df647598fc5fd,280265a38bef6f42ebc30c2e11a66251f80c1454fd9af48da80c0dd69b259017,,
117,ee4f5a301801e4eb6778d5fcf8b0d6ea,9009c28128737f7948fb54beb932f446c0ce27d5cbdefb4938dce83226ac7abd,2026-08-24T22:55:47.298176+00:00,TADP-SEC/14.0,CLIENT_ACCEPTED_SUBMISSION,T1_Plain_TADP,,,,client_001,,,,,,,,,,,2.3-phase1-fixed-threshold-critical-floor-review-profile,e910eb11d46f5a33a9f6a7d996c6c242f2a4caa089255874076d8ae12155dc94,2e5e1ea61ea1c71b07c235b309bb618daac98643cb3c0843acb266cd6b876512,cd72ec3b4911418e9899eae9aed63fa15aaf66633d0cb863f54d9ac8508d934e,833c0f503995ec3e68f8d11c30f392b1e756db044036faa02ce898eac71d1c91,VALIDATED_EVIDENCE_BUNDLE,,,,,,,,,,,,,,,,,,,,,,,,UPDATE_SUBMITTED_ENFORCED,,False,NOT_REQUIRED_AUTOMATED_POLICY,False,,,,,,,,,,,,,C1_PUBLIC,1,,,,,,,,6401d449cad49398af2f5e4da9bd6c0fbdde3a2a57f8a422907de7f0354cd145,71adf2c7741ed63f779fe8cebf9b4d1363fd18da1c5a49e39f32ec63cb8262f2,,,2026-08-25T22:32:04.883782+00:00,e92a25ee117f09c719671bd0d2e45d43,,,,,9bdd3f6dcb160f76c6c3008bb4f0357b89c8bfaf11e96e33271054d5ccf13d60,e87ccf0a3340c3436029296751dce1a2afff3a407e432dd5fe03b532e6dac61d,,,2026-08-25T22:55:26.724670+00:00,75d46ecd684a2dc4b6a8e27daff7fed8db3fae5cae653b9ddb3099795df8cd6c,active,,,19,ACCEPTED,ALL_BASELINE_CONTROLS,,,,True,True,True,True,True,False,fIN5ODKW/6ldi+10aO1IwKJ3EiKtDPorjK1dH56bQZw=,1e617f8938c03bd5bd3285e05661a3984bbfe6cd9f13e7a95fc60310d750e933,LVS6iX3xyk+AW89N8K7wd5i2P+GtpUmTpzID/3W7LU4=,b1bd5257cde91134529c8c1e6e9c95d31a16c6cc4140ea4ab3d0d007eb5c0ea6,Y2pn7tWl7zsHvAEnkxQoR9fK4VjzeSMytD2b12x5RQI=,d2de0eecb364b6ad6dfd68c57fbb2b61edd7f408c047202d5ab95910a24e2627,,,,,,,,,,,,,,,,,d5ce5f3a81f2e11e360143981df08daa2a0064275ee2525f92bd3763ff0c856a,audit_trails/artifacts/accepted_runtime_submissions/T1_Plain_TADP_client_001_r19_1e617f8938c03bd5__d5ce5f3a81f2e11e.json,,,,,,,,,,,,,280265a38bef6f42ebc30c2e11a66251f80c1454fd9af48da80c0dd69b259017,944e2924c13b972c80afec795ef700671a4f485d1685a207bb0084900a5f2e36,,
118,2df3896ade52afde61d882e3d0964c5f,9009c28128737f7948fb54beb932f446c0ce27d5cbdefb4938dce83226ac7abd,2026-08-24T22:55:47.316901+00:00,TADP-SEC/14.0,CLIENT_CIPHERTEXT_BINDING,T1_Plain_TADP,,,,client_001,,,,,,,,,,,,,,,,,,,,,,,,,,,,,,,,,,,,,,,,CIPHERTEXT_BOUND_TO_SIGNED_UPDATE,,,,,,,,,,,,,,,,,C1_PUBLIC,1,,,,,,,,,,,,,e92a25ee117f09c719671bd0d2e45d43,,,,,,,,,,,,,,19,VERIFIED,,,,,True,,,,,False,fIN5ODKW/6ldi+10aO1IwKJ3EiKtDPorjK1dH56bQZw=,1e617f8938c03bd5bd3285e05661a3984bbfe6cd9f13e7a95fc60310d750e933,LVS6iX3xyk+AW89N8K7wd5i2P+GtpUmTpzID/3W7LU4=,3f272eaa132518da20fc8376357bcae50852b9be1a52d7d06e7a2b83aab15767,Y2pn7tWl7zsHvAEnkxQoR9fK4VjzeSMytD2b12x5RQI=,d2de0eecb364b6ad6dfd68c57fbb2b61edd7f408c047202d5ab95910a24e2627,plaintext_update_no_noise,reference_python,n=|logq=|scale=|scheme=plain,plain,,,,,,,,,f6a4a3ed9e1bb33940d4bc422dccaa504d40de41eeb1567aa332589c739d8030,,ea3bb6062d5ee67d6328b2d0055ee023bd92966af2a45278c2ff4251795202c1,audit_trails/artifacts/ciphertext_attestations/T1_Plain_TADP_client_001_r19_c01b0290e855a032__ea3bb6062d5ee67d.json,,,,,,,,,,,,,,,944e2924c13b972c80afec795ef700671a4f485d1685a207bb0084900a5f2e36,a6bbf45eb1d690cfc6bd54c391ee43452239e70aebdedb39fe346ed54e65546d,,
119,e5282b987f7a8d36e178645bdab33539,9009c28128737f7948fb54beb932f446c0ce27d5cbdefb4938dce83226ac7abd,2026-08-24T22:55:48.565995+00:00,TADP-SEC/14.0,CLIENT_ACCEPTED_SUBMISSION,T1_Plain_TADP,,,,client_001,,,,,,,,,,,2.3-phase1-fixed-threshold-critical-floor-review-profile,e910eb11d46f5a33a9f6a7d996c6c242f2a4caa089255874076d8ae12155dc94,2e5e1ea61ea1c71b07c235b309bb618daac98643cb3c0843acb266cd6b876512,cd72ec3b4911418e9899eae9aed63fa15aaf66633d0cb863f54d9ac8508d934e,833c0f503995ec3e68f8d11c30f392b1e756db044036faa02ce898eac71d1c91,VALIDATED_EVIDENCE_BUNDLE,,,,,,,,,,,,,,,,,,,,,,,,UPDATE_SUBMITTED_ENFORCED,,False,NOT_REQUIRED_AUTOMATED_POLICY,False,,,,,,,,,,,,,C1_PUBLIC,1,,,,,,,,6401d449cad49398af2f5e4da9bd6c0fbdde3a2a57f8a422907de7f0354cd145,71adf2c7741ed63f779fe8cebf9b4d1363fd18da1c5a49e39f32ec63cb8262f2,,,2026-08-25T22:32:04.883782+00:00,e92a25ee117f09c719671bd0d2e45d43,,,,,9bdd3f6dcb160f76c6c3008bb4f0357b89c8bfaf11e96e33271054d5ccf13d60,e87ccf0a3340c3436029296751dce1a2afff3a407e432dd5fe03b532e6dac61d,,,2026-08-25T22:55:26.724670+00:00,75d46ecd684a2dc4b6a8e27daff7fed8db3fae5cae653b9ddb3099795df8cd6c,active,,,20,ACCEPTED,ALL_BASELINE_CONTROLS,,,,True,True,True,True,True,False,D1UyhAX1iKFDC/PwYV1eX6xXkVmsPoPBbJ0fre1xUrM=,4ad51ba0e91969d953114e4d3e69c82ba4ab8d16857d30f746acb9a5c78c2af6,LVS6iX3xyk+AW89N8K7wd5i2P+GtpUmTpzID/3W7LU4=,b33843c931aee7ff68bbeb0ed5050994c4c19b766519eea28255ed368495286f,CG6qUPKzrsJrUwLeWIdYTEP4c2nd1ToY9TO/YiFEZc8=,d2de0eecb364b6ad6dfd68c57fbb2b61edd7f408c047202d5ab95910a24e2627,,,,,,,,,,,,,,,,,4571056961afcd33136002d96eff601807f768a733cc4bc62f5e034f53dd5013,audit_trails/artifacts/accepted_runtime_submissions/T1_Plain_TADP_client_001_r20_4ad51ba0e91969d9__4571056961afcd33.json,,,,,,,,,,,,,a6bbf45eb1d690cfc6bd54c391ee43452239e70aebdedb39fe346ed54e65546d,68b73fb4ee95ef5f7bd5d892b5ebef24781481f7642ee31e583bb9d537e79132,,
120,ae4686ba1057b4bb65a0b95013be680f,9009c28128737f7948fb54beb932f446c0ce27d5cbdefb4938dce83226ac7abd,2026-08-24T22:55:48.585148+00:00,TADP-SEC/14.0,CLIENT_CIPHERTEXT_BINDING,T1_Plain_TADP,,,,client_001,,,,,,,,,,,,,,,,,,,,,,,,,,,,,,,,,,,,,,,,CIPHERTEXT_BOUND_TO_SIGNED_UPDATE,,,,,,,,,,,,,,,,,C1_PUBLIC,1,,,,,,,,,,,,,e92a25ee117f09c719671bd0d2e45d43,,,,,,,,,,,,,,20,VERIFIED,,,,,True,,,,,False,D1UyhAX1iKFDC/PwYV1eX6xXkVmsPoPBbJ0fre1xUrM=,4ad51ba0e91969d953114e4d3e69c82ba4ab8d16857d30f746acb9a5c78c2af6,LVS6iX3xyk+AW89N8K7wd5i2P+GtpUmTpzID/3W7LU4=,d5e56d05f9fa3a399eaab5127ff26a0938f9a20338e194f08a520c4f4e55964e,CG6qUPKzrsJrUwLeWIdYTEP4c2nd1ToY9TO/YiFEZc8=,d2de0eecb364b6ad6dfd68c57fbb2b61edd7f408c047202d5ab95910a24e2627,plaintext_update_no_noise,reference_python,n=|logq=|scale=|scheme=plain,plain,,,,,,,,,f6a4a3ed9e1bb33940d4bc422dccaa504d40de41eeb1567aa332589c739d8030,,d19b62b915aa4a14a68fca845a0adb75a7d23716ea300620dca7867413262326,audit_trails/artifacts/ciphertext_attestations/T1_Plain_TADP_client_001_r20_2945f50480d8130c__d19b62b915aa4a14.json,,,,,,,,,,,,,,,68b73fb4ee95ef5f7bd5d892b5ebef24781481f7642ee31e583bb9d537e79132,71b7eaae69060c791aca6ce6b54edc3caa7e2fa681becc8b26aa2ca32669a195,,
121,df839ecd4ff82d68399d575558593352,9009c28128737f7948fb54beb932f446c0ce27d5cbdefb4938dce83226ac7abd,2026-08-24T22:55:50.070801+00:00,TADP-SEC/14.0,CLIENT_ACCEPTED_SUBMISSION,T1_Plain_TADP,,,,client_001,,,,,,,,,,,2.3-phase1-fixed-threshold-critical-floor-review-profile,e910eb11d46f5a33a9f6a7d996c6c242f2a4caa089255874076d8ae12155dc94,2e5e1ea61ea1c71b07c235b309bb618daac98643cb3c0843acb266cd6b876512,cd72ec3b4911418e9899eae9aed63fa15aaf66633d0cb863f54d9ac8508d934e,833c0f503995ec3e68f8d11c30f392b1e756db044036faa02ce898eac71d1c91,VALIDATED_EVIDENCE_BUNDLE,,,,,,,,,,,,,,,,,,,,,,,,UPDATE_SUBMITTED_ENFORCED,,False,NOT_REQUIRED_AUTOMATED_POLICY,False,,,,,,,,,,,,,C1_PUBLIC,1,,,,,,,,6401d449cad49398af2f5e4da9bd6c0fbdde3a2a57f8a422907de7f0354cd145,71adf2c7741ed63f779fe8cebf9b4d1363fd18da1c5a49e39f32ec63cb8262f2,,,2026-08-25T22:32:04.883782+00:00,fe28523f81347f844e0bb0d1907c05ab,,,,,e969b763da1333ef6f7b885c62d94529da2f140d5a13983897060b6364feac38,63bd805703577763e310a0b920c26eed781ab75acfeaa24db1d180dabcb2e131,,,2026-08-25T22:55:49.750125+00:00,75d46ecd684a2dc4b6a8e27daff7fed8db3fae5cae653b9ddb3099795df8cd6c,active,,,1,ACCEPTED,ALL_BASELINE_CONTROLS,,,,True,True,True,True,True,False,gN4o87DyaGNeRPKytGnYhBi46RUA+eu76J4QDhks84c=,b3508d181323cb03dd211e007fa27045e0f519587a8f35bd36a47576c8486219,LVS6iX3xyk+AW89N8K7wd5i2P+GtpUmTpzID/3W7LU4=,7a50cbd829c18e99460aa3543808b973e0ff034d0e35acbc16dc4d4df31539ee,rNzxa3/25syPKqkKBt59juZmsu3wgt9TloyYt+j4vME=,d2de0eecb364b6ad6dfd68c57fbb2b61edd7f408c047202d5ab95910a24e2627,,,,,,,,,,,,,,,,,535032869c220ddad0c31caff0565a4fe2626fe3f5cac9a13db01d09b3b20193,audit_trails/artifacts/accepted_runtime_submissions/T1_Plain_TADP_client_001_r1_b3508d181323cb03__535032869c220dda.json,,,,,,,,,,,,,71b7eaae69060c791aca6ce6b54edc3caa7e2fa681becc8b26aa2ca32669a195,b43fc662b57408e4513921e4bc783a2ffa7486342182383a1e91654c0284d152,,
122,9509f6417315ad16333e98a960e33add,9009c28128737f7948fb54beb932f446c0ce27d5cbdefb4938dce83226ac7abd,2026-08-24T22:55:50.089816+00:00,TADP-SEC/14.0,CLIENT_CIPHERTEXT_BINDING,T1_Plain_TADP,,,,client_001,,,,,,,,,,,,,,,,,,,,,,,,,,,,,,,,,,,,,,,,CIPHERTEXT_BOUND_TO_SIGNED_UPDATE,,,,,,,,,,,,,,,,,C1_PUBLIC,1,,,,,,,,,,,,,fe28523f81347f844e0bb0d1907c05ab,,,,,,,,,,,,,,1,VERIFIED,,,,,True,,,,,False,gN4o87DyaGNeRPKytGnYhBi46RUA+eu76J4QDhks84c=,b3508d181323cb03dd211e007fa27045e0f519587a8f35bd36a47576c8486219,LVS6iX3xyk+AW89N8K7wd5i2P+GtpUmTpzID/3W7LU4=,6252a6b70fd8bc4ac22a38facab4c920449d28c7472cd8ee49f5360ba5365f32,rNzxa3/25syPKqkKBt59juZmsu3wgt9TloyYt+j4vME=,d2de0eecb364b6ad6dfd68c57fbb2b61edd7f408c047202d5ab95910a24e2627,plaintext_update_no_noise,reference_python,n=|logq=|scale=|scheme=plain,plain,,,,,,,,,f6a4a3ed9e1bb33940d4bc422dccaa504d40de41eeb1567aa332589c739d8030,,f1afcca021b1aef64276037ba7504dfb2d43c622c41a0b7dc322f3a85615ddb2,audit_trails/artifacts/ciphertext_attestations/T1_Plain_TADP_client_001_r1_cc49ba8f08cbc7c1__f1afcca021b1aef6.json,,,,,,,,,,,,,,,b43fc662b57408e4513921e4bc783a2ffa7486342182383a1e91654c0284d152,01d9d5a321b3528f67ee1d7c25e24df9db1af76c8cdf71d3fb3882d6592c326e,,
123,397d33a0e9fff15a80d47c9991719473,9009c28128737f7948fb54beb932f446c0ce27d5cbdefb4938dce83226ac7abd,2026-08-24T22:55:51.496958+00:00,TADP-SEC/14.0,CLIENT_ACCEPTED_SUBMISSION,T1_Plain_TADP,,,,client_001,,,,,,,,,,,2.3-phase1-fixed-threshold-critical-floor-review-profile,e910eb11d46f5a33a9f6a7d996c6c242f2a4caa089255874076d8ae12155dc94,2e5e1ea61ea1c71b07c235b309bb618daac98643cb3c0843acb266cd6b876512,cd72ec3b4911418e9899eae9aed63fa15aaf66633d0cb863f54d9ac8508d934e,833c0f503995ec3e68f8d11c30f392b1e756db044036faa02ce898eac71d1c91,VALIDATED_EVIDENCE_BUNDLE,,,,,,,,,,,,,,,,,,,,,,,,UPDATE_SUBMITTED_ENFORCED,,False,NOT_REQUIRED_AUTOMATED_POLICY,False,,,,,,,,,,,,,C1_PUBLIC,1,,,,,,,,6401d449cad49398af2f5e4da9bd6c0fbdde3a2a57f8a422907de7f0354cd145,71adf2c7741ed63f779fe8cebf9b4d1363fd18da1c5a49e39f32ec63cb8262f2,,,2026-08-25T22:32:04.883782+00:00,fe28523f81347f844e0bb0d1907c05ab,,,,,e969b763da1333ef6f7b885c62d94529da2f140d5a13983897060b6364feac38,63bd805703577763e310a0b920c26eed781ab75acfeaa24db1d180dabcb2e131,,,2026-08-25T22:55:49.750125+00:00,75d46ecd684a2dc4b6a8e27daff7fed8db3fae5cae653b9ddb3099795df8cd6c,active,,,2,ACCEPTED,ALL_BASELINE_CONTROLS,,,,True,True,True,True,True,False,WX45gikuLCNP7eGrQJBh9XggHRcQPsKs+ODDzDQ0OCc=,6fd2f7e3cd879c768bf8cef68a5dc0cc1458e525c599f6d8b06e4743e43be284,LVS6iX3xyk+AW89N8K7wd5i2P+GtpUmTpzID/3W7LU4=,8a1ffa20bcc434e807d36b72c572bbe8808b3351e9372c4e4323619edd82430e,Op5rrdPkgaL5I6eQbmmbF3Oj7ZU4+jwPi9v8x+QGOsY=,d2de0eecb364b6ad6dfd68c57fbb2b61edd7f408c047202d5ab95910a24e2627,,,,,,,,,,,,,,,,,f5e4be7f46ad384306db75cf9ced7789a1f6eee501f0d7f4d5f0a9ee17c26253,audit_trails/artifacts/accepted_runtime_submissions/T1_Plain_TADP_client_001_r2_6fd2f7e3cd879c76__f5e4be7f46ad3843.json,,,,,,,,,,,,,01d9d5a321b3528f67ee1d7c25e24df9db1af76c8cdf71d3fb3882d6592c326e,5879a8005e808e785a440c9a2c42e4224d4e45abd7023999e65ea14545735170,,
124,da0adbb46c5a01733c6e8d574146a650,9009c28128737f7948fb54beb932f446c0ce27d5cbdefb4938dce83226ac7abd,2026-08-24T22:55:51.515094+00:00,TADP-SEC/14.0,CLIENT_CIPHERTEXT_BINDING,T1_Plain_TADP,,,,client_001,,,,,,,,,,,,,,,,,,,,,,,,,,,,,,,,,,,,,,,,CIPHERTEXT_BOUND_TO_SIGNED_UPDATE,,,,,,,,,,,,,,,,,C1_PUBLIC,1,,,,,,,,,,,,,fe28523f81347f844e0bb0d1907c05ab,,,,,,,,,,,,,,2,VERIFIED,,,,,True,,,,,False,WX45gikuLCNP7eGrQJBh9XggHRcQPsKs+ODDzDQ0OCc=,6fd2f7e3cd879c768bf8cef68a5dc0cc1458e525c599f6d8b06e4743e43be284,LVS6iX3xyk+AW89N8K7wd5i2P+GtpUmTpzID/3W7LU4=,ccf79eef57f4bcbca43d8e1cd7d6f531001084cd9471b87e9acc5795825ea188,Op5rrdPkgaL5I6eQbmmbF3Oj7ZU4+jwPi9v8x+QGOsY=,d2de0eecb364b6ad6dfd68c57fbb2b61edd7f408c047202d5ab95910a24e2627,plaintext_update_no_noise,reference_python,n=|logq=|scale=|scheme=plain,plain,,,,,,,,,f6a4a3ed9e1bb33940d4bc422dccaa504d40de41eeb1567aa332589c739d8030,,9d63778f07e78a3f1d7a01931097e7b29b5b10c1cd4ee5b4fdb766f4186006c0,audit_trails/artifacts/ciphertext_attestations/T1_Plain_TADP_client_001_r2_fdb1dcacf62ed13c__9d63778f07e78a3f.json,,,,,,,,,,,,,,,5879a8005e808e785a440c9a2c42e4224d4e45abd7023999e65ea14545735170,6a11860b31591a0f3841af237838b1179602166b9ed9e365f464f71597ef450d,,
125,3f08ce097782574f26586ae7682c52d1,9009c28128737f7948fb54beb932f446c0ce27d5cbdefb4938dce83226ac7abd,2026-08-24T22:55:52.537995+00:00,TADP-SEC/14.0,CLIENT_ACCEPTED_SUBMISSION,T1_Plain_TADP,,,,client_001,,,,,,,,,,,2.3-phase1-fixed-threshold-critical-floor-review-profile,e910eb11d46f5a33a9f6a7d996c6c242f2a4caa089255874076d8ae12155dc94,2e5e1ea61ea1c71b07c235b309bb618daac98643cb3c0843acb266cd6b876512,cd72ec3b4911418e9899eae9aed63fa15aaf66633d0cb863f54d9ac8508d934e,833c0f503995ec3e68f8d11c30f392b1e756db044036faa02ce898eac71d1c91,VALIDATED_EVIDENCE_BUNDLE,,,,,,,,,,,,,,,,,,,,,,,,UPDATE_SUBMITTED_ENFORCED,,False,NOT_REQUIRED_AUTOMATED_POLICY,False,,,,,,,,,,,,,C1_PUBLIC,1,,,,,,,,6401d449cad49398af2f5e4da9bd6c0fbdde3a2a57f8a422907de7f0354cd145,71adf2c7741ed63f779fe8cebf9b4d1363fd18da1c5a49e39f32ec63cb8262f2,,,2026-08-25T22:32:04.883782+00:00,fe28523f81347f844e0bb0d1907c05ab,,,,,e969b763da1333ef6f7b885c62d94529da2f140d5a13983897060b6364feac38,63bd805703577763e310a0b920c26eed781ab75acfeaa24db1d180dabcb2e131,,,2026-08-25T22:55:49.750125+00:00,75d46ecd684a2dc4b6a8e27daff7fed8db3fae5cae653b9ddb3099795df8cd6c,active,,,3,ACCEPTED,ALL_BASELINE_CONTROLS,,,,True,True,True,True,True,False,vA0QGzdK6OlHL9ubbgyTaeu87UDaVP11gwlmr6Lf1w4=,7877fcf15501257eeb31d469af83cbf946075e3003aa9800b8c7432087e5a5ee,LVS6iX3xyk+AW89N8K7wd5i2P+GtpUmTpzID/3W7LU4=,9dea48b30238ca63c38bae9fdfc9be6193f963cb8996f9c6b9907b99094edd5a,QoIOjb+bBSxlr7re6IdsCIxXTDiDaaTXd7Z4ZBeOLs4=,d2de0eecb364b6ad6dfd68c57fbb2b61edd7f408c047202d5ab95910a24e2627,,,,,,,,,,,,,,,,,71daa312e32a6fa92cd3737fd45ae97f3d1de53cb302c0312469539a4f99e2a8,audit_trails/artifacts/accepted_runtime_submissions/T1_Plain_TADP_client_001_r3_7877fcf15501257e__71daa312e32a6fa9.json,,,,,,,,,,,,,6a11860b31591a0f3841af237838b1179602166b9ed9e365f464f71597ef450d,d6adf0560d26a70f79456c049aad97767b56024ff32ce87448b40f78c069c04d,,
126,0528c518645b0a3a4548498d37b88acc,9009c28128737f7948fb54beb932f446c0ce27d5cbdefb4938dce83226ac7abd,2026-08-24T22:55:52.556750+00:00,TADP-SEC/14.0,CLIENT_CIPHERTEXT_BINDING,T1_Plain_TADP,,,,client_001,,,,,,,,,,,,,,,,,,,,,,,,,,,,,,,,,,,,,,,,CIPHERTEXT_BOUND_TO_SIGNED_UPDATE,,,,,,,,,,,,,,,,,C1_PUBLIC,1,,,,,,,,,,,,,fe28523f81347f844e0bb0d1907c05ab,,,,,,,,,,,,,,3,VERIFIED,,,,,True,,,,,False,vA0QGzdK6OlHL9ubbgyTaeu87UDaVP11gwlmr6Lf1w4=,7877fcf15501257eeb31d469af83cbf946075e3003aa9800b8c7432087e5a5ee,LVS6iX3xyk+AW89N8K7wd5i2P+GtpUmTpzID/3W7LU4=,252107112fd68cf8c7f79b652b74ab713c5de55902303d90bd5504d19af8a4a8,QoIOjb+bBSxlr7re6IdsCIxXTDiDaaTXd7Z4ZBeOLs4=,d2de0eecb364b6ad6dfd68c57fbb2b61edd7f408c047202d5ab95910a24e2627,plaintext_update_no_noise,reference_python,n=|logq=|scale=|scheme=plain,plain,,,,,,,,,f6a4a3ed9e1bb33940d4bc422dccaa504d40de41eeb1567aa332589c739d8030,,a9eb8a0685d0e048ea37f12e8c9381f91c206923bd6bcc1311d8f6b11cce1989,audit_trails/artifacts/ciphertext_attestations/T1_Plain_TADP_client_001_r3_09a7e81d825f533d__a9eb8a0685d0e048.json,,,,,,,,,,,,,,,d6adf0560d26a70f79456c049aad97767b56024ff32ce87448b40f78c069c04d,921d15789a1af713995b96d8ab13e28dfba2bb8db19ea9575eb4b48d569aaa12,,
127,0fcd51cfcc8340eb7022803de64f29f5,9009c28128737f7948fb54beb932f446c0ce27d5cbdefb4938dce83226ac7abd,2026-08-24T22:55:53.602448+00:00,TADP-SEC/14.0,CLIENT_ACCEPTED_SUBMISSION,T1_Plain_TADP,,,,client_001,,,,,,,,,,,2.3-phase1-fixed-threshold-critical-floor-review-profile,e910eb11d46f5a33a9f6a7d996c6c242f2a4caa089255874076d8ae12155dc94,2e5e1ea61ea1c71b07c235b309bb618daac98643cb3c0843acb266cd6b876512,cd72ec3b4911418e9899eae9aed63fa15aaf66633d0cb863f54d9ac8508d934e,833c0f503995ec3e68f8d11c30f392b1e756db044036faa02ce898eac71d1c91,VALIDATED_EVIDENCE_BUNDLE,,,,,,,,,,,,,,,,,,,,,,,,UPDATE_SUBMITTED_ENFORCED,,False,NOT_REQUIRED_AUTOMATED_POLICY,False,,,,,,,,,,,,,C1_PUBLIC,1,,,,,,,,6401d449cad49398af2f5e4da9bd6c0fbdde3a2a57f8a422907de7f0354cd145,71adf2c7741ed63f779fe8cebf9b4d1363fd18da1c5a49e39f32ec63cb8262f2,,,2026-08-25T22:32:04.883782+00:00,fe28523f81347f844e0bb0d1907c05ab,,,,,e969b763da1333ef6f7b885c62d94529da2f140d5a13983897060b6364feac38,63bd805703577763e310a0b920c26eed781ab75acfeaa24db1d180dabcb2e131,,,2026-08-25T22:55:49.750125+00:00,75d46ecd684a2dc4b6a8e27daff7fed8db3fae5cae653b9ddb3099795df8cd6c,active,,,4,ACCEPTED,ALL_BASELINE_CONTROLS,,,,True,True,True,True,True,False,HnSvhd+FCBAlt/Sv6K1kJaPfrzHWw3BHIyhBt9beIt8=,777a11f95348b0d7dc19762e91e3f8125461552c467c4dae05d0d5a5d8bd92de,LVS6iX3xyk+AW89N8K7wd5i2P+GtpUmTpzID/3W7LU4=,8e78e079ac3d305edb65702773560a02f2ff543410bf17d9b8f006fa03967309,O15P7w1t5KjDqLbqi48bTrzSQu0myrImDjINMLURZfc=,d2de0eecb364b6ad6dfd68c57fbb2b61edd7f408c047202d5ab95910a24e2627,,,,,,,,,,,,,,,,,7c81eb7c3cd649860b21970ba1c02405aa4e3ceee219c3f6e3e6caf1ebe550a4,audit_trails/artifacts/accepted_runtime_submissions/T1_Plain_TADP_client_001_r4_777a11f95348b0d7__7c81eb7c3cd64986.json,,,,,,,,,,,,,921d15789a1af713995b96d8ab13e28dfba2bb8db19ea9575eb4b48d569aaa12,b2b5a1f963c9aa1cfefabab6fca11afc2ce895677d23aca9d27da785a9a3598b,,
128,9e6434a99a7fb0fcf719d483a0d50ea9,9009c28128737f7948fb54beb932f446c0ce27d5cbdefb4938dce83226ac7abd,2026-08-24T22:55:53.620569+00:00,TADP-SEC/14.0,CLIENT_CIPHERTEXT_BINDING,T1_Plain_TADP,,,,client_001,,,,,,,,,,,,,,,,,,,,,,,,,,,,,,,,,,,,,,,,CIPHERTEXT_BOUND_TO_SIGNED_UPDATE,,,,,,,,,,,,,,,,,C1_PUBLIC,1,,,,,,,,,,,,,fe28523f81347f844e0bb0d1907c05ab,,,,,,,,,,,,,,4,VERIFIED,,,,,True,,,,,False,HnSvhd+FCBAlt/Sv6K1kJaPfrzHWw3BHIyhBt9beIt8=,777a11f95348b0d7dc19762e91e3f8125461552c467c4dae05d0d5a5d8bd92de,LVS6iX3xyk+AW89N8K7wd5i2P+GtpUmTpzID/3W7LU4=,f0e3a0ff59eff2a92087ed8748a0581776a3de172024ac0a4fea3e308c765992,O15P7w1t5KjDqLbqi48bTrzSQu0myrImDjINMLURZfc=,d2de0eecb364b6ad6dfd68c57fbb2b61edd7f408c047202d5ab95910a24e2627,plaintext_update_no_noise,reference_python,n=|logq=|scale=|scheme=plain,plain,,,,,,,,,f6a4a3ed9e1bb33940d4bc422dccaa504d40de41eeb1567aa332589c739d8030,,60777a60545659cfbc45cd7a650b44a27fff465f8bb372a35f950ba14306cf4f,audit_trails/artifacts/ciphertext_attestations/T1_Plain_TADP_client_001_r4_fecd4ab18cc42d10__60777a60545659cf.json,,,,,,,,,,,,,,,b2b5a1f963c9aa1cfefabab6fca11afc2ce895677d23aca9d27da785a9a3598b,635f51de6977f9b6ea4479591ae7d8863e431775867860c9c662d648bfb5e86b,,nNgHpzSliDU391et61nS9+HxoJ5tWAFLseTB5w0MoHWgV6NBKqHd9iBkAo3/5VYZTj9h1oefx8qecV2zHtUtJP7M1+E8YDHlbcUTp+RZ7YlP4ehFZrd1l2uS9qUfgK458mxiZv6iHm45Fv8esKZQDPUEE4QjayxciFK/GDzePrtH3LO3VVOkgwXEAZ6o98ZYYHb9viIX91R6UIYnu4/8Lew9194sBDGgRO9GjggJnjpQsqdHR/ELf3K5/AnFeKxYN8+guBk6+rKS/bQZlwsbKxbCb0tsnp5WnPqTd45dXyhInfSTIAFXOnvc4oLfHs87XlZ5VvUN7jpdhPPX0ZHi+iGglScpm3qY6rB5lOSg80/aYuIKr+E/g/YKGL95Hn5qcc1cH1k2GeL3qy8B3ssrMqmpvNW7mECJkcBnmgF6I5mzAkcEeL0k3ztxJ+/oxCvq80DdM0TlZFMIHraEAdG9hXDa+Cu9kW2iJ0LUfrfFQ9f9CiZ1AjkqWeuLaZvtA5B3
129,8bcda7b414608f72e38d0c49952e57a0,9009c28128737f7948fb54beb932f446c0ce27d5cbdefb4938dce83226ac7abd,2026-08-24T22:55:54.687761+00:00,TADP-SEC/14.0,CLIENT_ACCEPTED_SUBMISSION,T1_Plain_TADP,,,,client_001,,,,,,,,,,,2.3-phase1-fixed-threshold-critical-floor-review-profile,e910eb11d46f5a33a9f6a7d996c6c242f2a4caa089255874076d8ae12155dc94,2e5e1ea61ea1c71b07c235b309bb618daac98643cb3c0843acb266cd6b876512,cd72ec3b4911418e9899eae9aed63fa15aaf66633d0cb863f54d9ac8508d934e,833c0f503995ec3e68f8d11c30f392b1e756db044036faa02ce898eac71d1c91,VALIDATED_EVIDENCE_BUNDLE,,,,,,,,,,,,,,,,,,,,,,,,UPDATE_SUBMITTED_ENFORCED,,False,NOT_REQUIRED_AUTOMATED_POLICY,False,,,,,,,,,,,,,C1_PUBLIC,1,,,,,,,,6401d449cad49398af2f5e4da9bd6c0fbdde3a2a57f8a422907de7f0354cd145,71adf2c7741ed63f779fe8cebf9b4d1363fd18da1c5a49e39f32ec63cb8262f2,,,2026-08-25T22:32:04.883782+00:00,fe28523f81347f844e0bb0d1907c05ab,,,,,e969b763da1333ef6f7b885c62d94529da2f140d5a13983897060b6364feac38,63bd805703577763e310a0b920c26eed781ab75acfeaa24db1d180dabcb2e131,,,2026-08-25T22:55:49.750125+00:00,75d46ecd684a2dc4b6a8e27daff7fed8db3fae5cae653b9ddb3099795df8cd6c,active,,,5,ACCEPTED,ALL_BASELINE_CONTROLS,,,,True,True,True,True,True,False,XMt3ATFATyzqNRdfch8RMvsdZhXMITNtkslX/OAMskY=,c540fd867a43724c4a322d643680b04ab17f1b19db5421de8c6ab703b2f5ab87,LVS6iX3xyk+AW89N8K7wd5i2P+GtpUmTpzID/3W7LU4=,fcccd003a7c9ea1ea8b4cce910391f65e036e8839055894eb7855b32ae516c6a,kPrKP1c4HhVEeO1yOfvWlfs2N8cxNVEDeyk5Bp2atOU=,d2de0eecb364b6ad6dfd68c57fbb2b61edd7f408c047202d5ab95910a24e2627,,,,,,,,,,,,,,,,,3cbddf5ac266364d6b5d092bde4a14bcdad256b41fae0531f2f69a7666766a10,audit_trails/artifacts/accepted_runtime_submissions/T1_Plain_TADP_client_001_r5_c540fd867a43724c__3cbddf5ac266364d.json,,,,,,,,,,,,,635f51de6977f9b6ea4479591ae7d8863e431775867860c9c662d648bfb5e86b,160508b633b2863fef8a8b1a815e3314798f22119ba18bb5aad04906fcd3d336,,
130,915f70b62a956d681bf72ccd20c58666,9009c28128737f7948fb54beb932f446c0ce27d5cbdefb4938dce83226ac7abd,2026-08-24T22:55:54.705600+00:00,TADP-SEC/14.0,CLIENT_CIPHERTEXT_BINDING,T1_Plain_TADP,,,,client_001,,,,,,,,,,,,,,,,,,,,,,,,,,,,,,,,,,,,,,,,CIPHERTEXT_BOUND_TO_SIGNED_UPDATE,,,,,,,,,,,,,,,,,C1_PUBLIC,1,,,,,,,,,,,,,fe28523f81347f844e0bb0d1907c05ab,,,,,,,,,,,,,,5,VERIFIED,,,,,True,,,,,False,XMt3ATFATyzqNRdfch8RMvsdZhXMITNtkslX/OAMskY=,c540fd867a43724c4a322d643680b04ab17f1b19db5421de8c6ab703b2f5ab87,LVS6iX3xyk+AW89N8K7wd5i2P+GtpUmTpzID/3W7LU4=,15a8fd4f329cb695853501c6fb4423b16e0662e40d6560b4ac630f668eea12ca,kPrKP1c4HhVEeO1yOfvWlfs2N8cxNVEDeyk5Bp2atOU=,d2de0eecb364b6ad6dfd68c57fbb2b61edd7f408c047202d5ab95910a24e2627,plaintext_update_no_noise,reference_python,n=|logq=|scale=|scheme=plain,plain,,,,,,,,,f6a4a3ed9e1bb33940d4bc422dccaa504d40de41eeb1567aa332589c739d8030,,333f16f4abf4f09c54840557374fbd404e3b8d32497496062f2ee8e1ee1812dd,audit_trails/artifacts/ciphertext_attestations/T1_Plain_TADP_client_001_r5_058b58f5dad3ada4__333f16f4abf4f09c.json,,,,,,,,,,,,,,,160508b633b2863fef8a8b1a815e3314798f22119ba18bb5aad04906fcd3d336,63855bcd781b6882faa3b112eac786c744b2c2352ebf37da5bb50fa8b7beec2e,,
131,49fe366dceb6cf3343b9a361916d2929,9009c28128737f7948fb54beb932f446c0ce27d5cbdefb4938dce83226ac7abd,2026-08-24T22:55:55.734885+00:00,TADP-SEC/14.0,CLIENT_ACCEPTED_SUBMISSION,T1_Plain_TADP,,,,client_001,,,,,,,,,,,2.3-phase1-fixed-threshold-critical-floor-review-profile,e910eb11d46f5a33a9f6a7d996c6c242f2a4caa089255874076d8ae12155dc94,2e5e1ea61ea1c71b07c235b309bb618daac98643cb3c0843acb266cd6b876512,cd72ec3b4911418e9899eae9aed63fa15aaf66633d0cb863f54d9ac8508d934e,833c0f503995ec3e68f8d11c30f392b1e756db044036faa02ce898eac71d1c91,VALIDATED_EVIDENCE_BUNDLE,,,,,,,,,,,,,,,,,,,,,,,,UPDATE_SUBMITTED_ENFORCED,,False,NOT_REQUIRED_AUTOMATED_POLICY,False,,,,,,,,,,,,,C1_PUBLIC,1,,,,,,,,6401d449cad49398af2f5e4da9bd6c0fbdde3a2a57f8a422907de7f0354cd145,71adf2c7741ed63f779fe8cebf9b4d1363fd18da1c5a49e39f32ec63cb8262f2,,,2026-08-25T22:32:04.883782+00:00,fe28523f81347f844e0bb0d1907c05ab,,,,,e969b763da1333ef6f7b885c62d94529da2f140d5a13983897060b6364feac38,63bd805703577763e310a0b920c26eed781ab75acfeaa24db1d180dabcb2e131,,,2026-08-25T22:55:49.750125+00:00,75d46ecd684a2dc4b6a8e27daff7fed8db3fae5cae653b9ddb3099795df8cd6c,active,,,6,ACCEPTED,ALL_BASELINE_CONTROLS,,,,True,True,True,True,True,False,ngqwJHP/84lt+txE1ttwgCPQuM1NAT2fRdrUZOcGrsA=,86e014003fc09c24aba9381057b93db8cb02a682dbdd718e95998ece4c08e9b7,LVS6iX3xyk+AW89N8K7wd5i2P+GtpUmTpzID/3W7LU4=,a885d2cad5ad92cb8e8a85b0ee025c895e2484f0eadeb8e205a92faeac21c4f8,nwOZg5kd30bnJ2J5vW5BUNVyAJ6e1XK2qL/UgVNlqDo=,d2de0eecb364b6ad6dfd68c57fbb2b61edd7f408c047202d5ab95910a24e2627,,,,,,,,,,,,,,,,,92fad75c272a719108a58064ee299d26967442ca1167cd1ea379d2f343fe3ff8,audit_trails/artifacts/accepted_runtime_submissions/T1_Plain_TADP_client_001_r6_86e014003fc09c24__92fad75c272a7191.json,,,,,,,,,,,,,63855bcd781b6882faa3b112eac786c744b2c2352ebf37da5bb50fa8b7beec2e,12e41c78eb13d809c37ccd9940283544683d7ab1cbfca9370bd9388718089638,,
132,fb2b556a1b59e7b77f4a63f28370cefa,9009c28128737f7948fb54beb932f446c0ce27d5cbdefb4938dce83226ac7abd,2026-08-24T22:55:55.756312+00:00,TADP-SEC/14.0,CLIENT_CIPHERTEXT_BINDING,T1_Plain_TADP,,,,client_001,,,,,,,,,,,,,,,,,,,,,,,,,,,,,,,,,,,,,,,,CIPHERTEXT_BOUND_TO_SIGNED_UPDATE,,,,,,,,,,,,,,,,,C1_PUBLIC,1,,,,,,,,,,,,,fe28523f81347f844e0bb0d1907c05ab,,,,,,,,,,,,,,6,VERIFIED,,,,,True,,,,,False,ngqwJHP/84lt+txE1ttwgCPQuM1NAT2fRdrUZOcGrsA=,86e014003fc09c24aba9381057b93db8cb02a682dbdd718e95998ece4c08e9b7,LVS6iX3xyk+AW89N8K7wd5i2P+GtpUmTpzID/3W7LU4=,b9e5210c8d5a7a50101e306906231009ba2e9d9278d364ce68237a5f783bd537,nwOZg5kd30bnJ2J5vW5BUNVyAJ6e1XK2qL/UgVNlqDo=,d2de0eecb364b6ad6dfd68c57fbb2b61edd7f408c047202d5ab95910a24e2627,plaintext_update_no_noise,reference_python,n=|logq=|scale=|scheme=plain,plain,,,,,,,,,f6a4a3ed9e1bb33940d4bc422dccaa504d40de41eeb1567aa332589c739d8030,,5817215edc86ac88318eb55b9d904ee948c8f716491086674b9f42d3382d0627,audit_trails/artifacts/ciphertext_attestations/T1_Plain_TADP_client_001_r6_4c61b5ef7b1a9150__5817215edc86ac88.json,,,,,,,,,,,,,,,12e41c78eb13d809c37ccd9940283544683d7ab1cbfca9370bd9388718089638,63d818b6062279ad26e231b37daa5913b2273bc652cc629ae750f5d5db46a721,,
133,1dc0d6ab731bf94f2834ee64725ff0aa,9009c28128737f7948fb54beb932f446c0ce27d5cbdefb4938dce83226ac7abd,2026-08-24T22:55:56.785338+00:00,TADP-SEC/14.0,CLIENT_ACCEPTED_SUBMISSION,T1_Plain_TADP,,,,client_001,,,,,,,,,,,2.3-phase1-fixed-threshold-critical-floor-review-profile,e910eb11d46f5a33a9f6a7d996c6c242f2a4caa089255874076d8ae12155dc94,2e5e1ea61ea1c71b07c235b309bb618daac98643cb3c0843acb266cd6b876512,cd72ec3b4911418e9899eae9aed63fa15aaf66633d0cb863f54d9ac8508d934e,833c0f503995ec3e68f8d11c30f392b1e756db044036faa02ce898eac71d1c91,VALIDATED_EVIDENCE_BUNDLE,,,,,,,,,,,,,,,,,,,,,,,,UPDATE_SUBMITTED_ENFORCED,,False,NOT_REQUIRED_AUTOMATED_POLICY,False,,,,,,,,,,,,,C1_PUBLIC,1,,,,,,,,6401d449cad49398af2f5e4da9bd6c0fbdde3a2a57f8a422907de7f0354cd145,71adf2c7741ed63f779fe8cebf9b4d1363fd18da1c5a49e39f32ec63cb8262f2,,,2026-08-25T22:32:04.883782+00:00,fe28523f81347f844e0bb0d1907c05ab,,,,,e969b763da1333ef6f7b885c62d94529da2f140d5a13983897060b6364feac38,63bd805703577763e310a0b920c26eed781ab75acfeaa24db1d180dabcb2e131,,,2026-08-25T22:55:49.750125+00:00,75d46ecd684a2dc4b6a8e27daff7fed8db3fae5cae653b9ddb3099795df8cd6c,active,,,7,ACCEPTED,ALL_BASELINE_CONTROLS,,,,True,True,True,True,True,False,7ECf5ArqzkvXjK5RFXh2AtE3m2q/+UF7UDpF8voN+lA=,4cbf244becfd7bac596ded6976ae6fe5f71da73917312c9d244d33780d7fe622,LVS6iX3xyk+AW89N8K7wd5i2P+GtpUmTpzID/3W7LU4=,ecd0eeef6b845467605db3eddfef8473329b2c0d011b3c8492a5e63e79887a36,slB2rBVTCVF28d7bK+3m6a3TGFNaHQwucQIe49sUTKA=,d2de0eecb364b6ad6dfd68c57fbb2b61edd7f408c047202d5ab95910a24e2627,,,,,,,,,,,,,,,,,b2bbfa2d2f9fdec7b9bd6215c64136e5fb87641477b026ff8b35439fc99dfc30,audit_trails/artifacts/accepted_runtime_submissions/T1_Plain_TADP_client_001_r7_4cbf244becfd7bac__b2bbfa2d2f9fdec7.json,,,,,,,,,,,,,63d818b6062279ad26e231b37daa5913b2273bc652cc629ae750f5d5db46a721,e0da0442b1119d8f1da28d0c905dcf717b14f43055171105e3d8590dbee673fb,,
134,0fe2b0a421d47640b7aa57638a3d8767,9009c28128737f7948fb54beb932f446c0ce27d5cbdefb4938dce83226ac7abd,2026-08-24T22:55:56.803677+00:00,TADP-SEC/14.0,CLIENT_CIPHERTEXT_BINDING,T1_Plain_TADP,,,,client_001,,,,,,,,,,,,,,,,,,,,,,,,,,,,,,,,,,,,,,,,CIPHERTEXT_BOUND_TO_SIGNED_UPDATE,,,,,,,,,,,,,,,,,C1_PUBLIC,1,,,,,,,,,,,,,fe28523f81347f844e0bb0d1907c05ab,,,,,,,,,,,,,,7,VERIFIED,,,,,True,,,,,False,7ECf5ArqzkvXjK5RFXh2AtE3m2q/+UF7UDpF8voN+lA=,4cbf244becfd7bac596ded6976ae6fe5f71da73917312c9d244d33780d7fe622,LVS6iX3xyk+AW89N8K7wd5i2P+GtpUmTpzID/3W7LU4=,e9c03eb03add26e7122cc136e764648a8099f15f24fd6f313eaf22711722d3f0,slB2rBVTCVF28d7bK+3m6a3TGFNaHQwucQIe49sUTKA=,d2de0eecb364b6ad6dfd68c57fbb2b61edd7f408c047202d5ab95910a24e2627,plaintext_update_no_noise,reference_python,n=|logq=|scale=|scheme=plain,plain,,,,,,,,,f6a4a3ed9e1bb33940d4bc422dccaa504d40de41eeb1567aa332589c739d8030,,d2d859f2f07ffe068a35b42d6dda9af671f700450f8e16251c934412f9d4d223,audit_trails/artifacts/ciphertext_attestations/T1_Plain_TADP_client_001_r7_bce743fabf32c78e__d2d859f2f07ffe06.json,,,,,,,,,,,,,,,e0da0442b1119d8f1da28d0c905dcf717b14f43055171105e3d8590dbee673fb,c7183d9fa9ea3718995b4a3414ee24526df6473d615a88f2a431a31e40ec12a4,,
135,1c012cda8bd375d95bc4c5d62b94faac,9009c28128737f7948fb54beb932f446c0ce27d5cbdefb4938dce83226ac7abd,2026-08-24T22:55:57.851340+00:00,TADP-SEC/14.0,CLIENT_ACCEPTED_SUBMISSION,T1_Plain_TADP,,,,client_001,,,,,,,,,,,2.3-phase1-fixed-threshold-critical-floor-review-profile,e910eb11d46f5a33a9f6a7d996c6c242f2a4caa089255874076d8ae12155dc94,2e5e1ea61ea1c71b07c235b309bb618daac98643cb3c0843acb266cd6b876512,cd72ec3b4911418e9899eae9aed63fa15aaf66633d0cb863f54d9ac8508d934e,833c0f503995ec3e68f8d11c30f392b1e756db044036faa02ce898eac71d1c91,VALIDATED_EVIDENCE_BUNDLE,,,,,,,,,,,,,,,,,,,,,,,,UPDATE_SUBMITTED_ENFORCED,,False,NOT_REQUIRED_AUTOMATED_POLICY,False,,,,,,,,,,,,,C1_PUBLIC,1,,,,,,,,6401d449cad49398af2f5e4da9bd6c0fbdde3a2a57f8a422907de7f0354cd145,71adf2c7741ed63f779fe8cebf9b4d1363fd18da1c5a49e39f32ec63cb8262f2,,,2026-08-25T22:32:04.883782+00:00,fe28523f81347f844e0bb0d1907c05ab,,,,,e969b763da1333ef6f7b885c62d94529da2f140d5a13983897060b6364feac38,63bd805703577763e310a0b920c26eed781ab75acfeaa24db1d180dabcb2e131,,,2026-08-25T22:55:49.750125+00:00,75d46ecd684a2dc4b6a8e27daff7fed8db3fae5cae653b9ddb3099795df8cd6c,active,,,8,ACCEPTED,ALL_BASELINE_CONTROLS,,,,True,True,True,True,True,False,UFy1r+Vzqh7AhB6eW4tvxtY9VKuxkjLvXM3d5XIWIrg=,993b5c588c2af0756d3bae0893462489e29fb69cd0cc33dcbaef8063abc22fb9,LVS6iX3xyk+AW89N8K7wd5i2P+GtpUmTpzID/3W7LU4=,e40a0ae6d6cc76e7b5951baa8b6b6ebdfe6a7d6762e310a2c87b1eea8c7066da,KN6wYhlstrLqYr/XwWa9cALnbfZMK/bQ/9m2KV6rMh4=,d2de0eecb364b6ad6dfd68c57fbb2b61edd7f408c047202d5ab95910a24e2627,,,,,,,,,,,,,,,,,61ed7c265b60a5a6e89a63beb697a4a0db97ac1265c79502a566aea34c0d630f,audit_trails/artifacts/accepted_runtime_submissions/T1_Plain_TADP_client_001_r8_993b5c588c2af075__61ed7c265b60a5a6.json,,,,,,,,,,,,,c7183d9fa9ea3718995b4a3414ee24526df6473d615a88f2a431a31e40ec12a4,7b251a5b4cb31c601a392640bddc14e836400e0da9a18168fb3f4da2939773bf,,
136,9d4152cda19acd5d49cc838ce2cc3d35,9009c28128737f7948fb54beb932f446c0ce27d5cbdefb4938dce83226ac7abd,2026-08-24T22:55:57.869146+00:00,TADP-SEC/14.0,CLIENT_CIPHERTEXT_BINDING,T1_Plain_TADP,,,,client_001,,,,,,,,,,,,,,,,,,,,,,,,,,,,,,,,,,,,,,,,CIPHERTEXT_BOUND_TO_SIGNED_UPDATE,,,,,,,,,,,,,,,,,C1_PUBLIC,1,,,,,,,,,,,,,fe28523f81347f844e0bb0d1907c05ab,,,,,,,,,,,,,,8,VERIFIED,,,,,True,,,,,False,UFy1r+Vzqh7AhB6eW4tvxtY9VKuxkjLvXM3d5XIWIrg=,993b5c588c2af0756d3bae0893462489e29fb69cd0cc33dcbaef8063abc22fb9,LVS6iX3xyk+AW89N8K7wd5i2P+GtpUmTpzID/3W7LU4=,f6eabde6e3f86120f5e5e564ca7baf443d597a8e6772ed09030495d61b155003,KN6wYhlstrLqYr/XwWa9cALnbfZMK/bQ/9m2KV6rMh4=,d2de0eecb364b6ad6dfd68c57fbb2b61edd7f408c047202d5ab95910a24e2627,plaintext_update_no_noise,reference_python,n=|logq=|scale=|scheme=plain,plain,,,,,,,,,f6a4a3ed9e1bb33940d4bc422dccaa504d40de41eeb1567aa332589c739d8030,,aea83195be2a1e6da4774a035fc346c960d001387e43d91668f1fd5b8ddcf4c8,audit_trails/artifacts/ciphertext_attestations/T1_Plain_TADP_client_001_r8_95d7ce0f0e3ff966__aea83195be2a1e6d.json,,,,,,,,,,,,,,,7b251a5b4cb31c601a392640bddc14e836400e0da9a18168fb3f4da2939773bf,5058a7d195bd5bdafae01e0895277242ee2196dc221054fb85132e56440b7ceb,,
137,dbb31b8fbea938e0e6197ddf9464e4e2,9009c28128737f7948fb54beb932f446c0ce27d5cbdefb4938dce83226ac7abd,2026-08-24T22:55:58.922646+00:00,TADP-SEC/14.0,CLIENT_ACCEPTED_SUBMISSION,T1_Plain_TADP,,,,client_001,,,,,,,,,,,2.3-phase1-fixed-threshold-critical-floor-review-profile,e910eb11d46f5a33a9f6a7d996c6c242f2a4caa089255874076d8ae12155dc94,2e5e1ea61ea1c71b07c235b309bb618daac98643cb3c0843acb266cd6b876512,cd72ec3b4911418e9899eae9aed63fa15aaf66633d0cb863f54d9ac8508d934e,833c0f503995ec3e68f8d11c30f392b1e756db044036faa02ce898eac71d1c91,VALIDATED_EVIDENCE_BUNDLE,,,,,,,,,,,,,,,,,,,,,,,,UPDATE_SUBMITTED_ENFORCED,,False,NOT_REQUIRED_AUTOMATED_POLICY,False,,,,,,,,,,,,,C1_PUBLIC,1,,,,,,,,6401d449cad49398af2f5e4da9bd6c0fbdde3a2a57f8a422907de7f0354cd145,71adf2c7741ed63f779fe8cebf9b4d1363fd18da1c5a49e39f32ec63cb8262f2,,,2026-08-25T22:32:04.883782+00:00,fe28523f81347f844e0bb0d1907c05ab,,,,,e969b763da1333ef6f7b885c62d94529da2f140d5a13983897060b6364feac38,63bd805703577763e310a0b920c26eed781ab75acfeaa24db1d180dabcb2e131,,,2026-08-25T22:55:49.750125+00:00,75d46ecd684a2dc4b6a8e27daff7fed8db3fae5cae653b9ddb3099795df8cd6c,active,,,9,ACCEPTED,ALL_BASELINE_CONTROLS,,,,True,True,True,True,True,False,3wB8+IYebr8JdyahIvwGtgKJ8zibAbVVuQ7tj3nKrJk=,2aaf0fdd6806166bc23b05bff3c4b449bc855b0e71cc2430a19d77a5aacce256,LVS6iX3xyk+AW89N8K7wd5i2P+GtpUmTpzID/3W7LU4=,5f0300a796108e8953c4524d5fb2134616b39ee2cfea7ea3c8fd26ece1fa5ec7,VEoihLNQqN+gg9ZJdEAuzxg++6q0IJTn0X6QbdywUgA=,d2de0eecb364b6ad6dfd68c57fbb2b61edd7f408c047202d5ab95910a24e2627,,,,,,,,,,,,,,,,,088834947ab4278fa2ce5ec371433fbffa3a5c6bab67dec687e62bba92dd0555,audit_trails/artifacts/accepted_runtime_submissions/T1_Plain_TADP_client_001_r9_2aaf0fdd6806166b__088834947ab4278f.json,,,,,,,,,,,,,5058a7d195bd5bdafae01e0895277242ee2196dc221054fb85132e56440b7ceb,3a6f5ad5082f733c0b4219ed9b89cf405b3a486d382f7972a8e1d02103c27e80,,
138,9154065d49275a51b308a3b234b62767,9009c28128737f7948fb54beb932f446c0ce27d5cbdefb4938dce83226ac7abd,2026-08-24T22:55:58.944391+00:00,TADP-SEC/14.0,CLIENT_CIPHERTEXT_BINDING,T1_Plain_TADP,,,,client_001,,,,,,,,,,,,,,,,,,,,,,,,,,,,,,,,,,,,,,,,CIPHERTEXT_BOUND_TO_SIGNED_UPDATE,,,,,,,,,,,,,,,,,C1_PUBLIC,1,,,,,,,,,,,,,fe28523f81347f844e0bb0d1907c05ab,,,,,,,,,,,,,,9,VERIFIED,,,,,True,,,,,False,3wB8+IYebr8JdyahIvwGtgKJ8zibAbVVuQ7tj3nKrJk=,2aaf0fdd6806166bc23b05bff3c4b449bc855b0e71cc2430a19d77a5aacce256,LVS6iX3xyk+AW89N8K7wd5i2P+GtpUmTpzID/3W7LU4=,4c2797380dd56c6b62945553a594cfd1a8223501b5ac8794be77f2871e581669,VEoihLNQqN+gg9ZJdEAuzxg++6q0IJTn0X6QbdywUgA=,d2de0eecb364b6ad6dfd68c57fbb2b61edd7f408c047202d5ab95910a24e2627,plaintext_update_no_noise,reference_python,n=|logq=|scale=|scheme=plain,plain,,,,,,,,,f6a4a3ed9e1bb33940d4bc422dccaa504d40de41eeb1567aa332589c739d8030,,246b3fbddd5d91d9bd99f3757f7f79b79028e1953cd7fb14bdb6bdc9591b5840,audit_trails/artifacts/ciphertext_attestations/T1_Plain_TADP_client_001_r9_4b59729a9515e844__246b3fbddd5d91d9.json,,,,,,,,,,,,,,,3a6f5ad5082f733c0b4219ed9b89cf405b3a486d382f7972a8e1d02103c27e80,aa54ad94596c4166e237c2dcbbf7696add6de711ad2e435f0144bd5f95b77079,,
139,7d531274c41232862888285be638d0ce,9009c28128737f7948fb54beb932f446c0ce27d5cbdefb4938dce83226ac7abd,2026-08-24T22:55:59.976898+00:00,TADP-SEC/14.0,CLIENT_ACCEPTED_SUBMISSION,T1_Plain_TADP,,,,client_001,,,,,,,,,,,2.3-phase1-fixed-threshold-critical-floor-review-profile,e910eb11d46f5a33a9f6a7d996c6c242f2a4caa089255874076d8ae12155dc94,2e5e1ea61ea1c71b07c235b309bb618daac98643cb3c0843acb266cd6b876512,cd72ec3b4911418e9899eae9aed63fa15aaf66633d0cb863f54d9ac8508d934e,833c0f503995ec3e68f8d11c30f392b1e756db044036faa02ce898eac71d1c91,VALIDATED_EVIDENCE_BUNDLE,,,,,,,,,,,,,,,,,,,,,,,,UPDATE_SUBMITTED_ENFORCED,,False,NOT_REQUIRED_AUTOMATED_POLICY,False,,,,,,,,,,,,,C1_PUBLIC,1,,,,,,,,6401d449cad49398af2f5e4da9bd6c0fbdde3a2a57f8a422907de7f0354cd145,71adf2c7741ed63f779fe8cebf9b4d1363fd18da1c5a49e39f32ec63cb8262f2,,,2026-08-25T22:32:04.883782+00:00,fe28523f81347f844e0bb0d1907c05ab,,,,,e969b763da1333ef6f7b885c62d94529da2f140d5a13983897060b6364feac38,63bd805703577763e310a0b920c26eed781ab75acfeaa24db1d180dabcb2e131,,,2026-08-25T22:55:49.750125+00:00,75d46ecd684a2dc4b6a8e27daff7fed8db3fae5cae653b9ddb3099795df8cd6c,active,,,10,ACCEPTED,ALL_BASELINE_CONTROLS,,,,True,True,True,True,True,False,mVBC/sB6HoiUd24geh6gJcQcbtlX0s4wD1jQNEYw8qQ=,07696cb2b87a41569d9049f9e831d07826e8416fe5f4382965eecd3bc80fa794,LVS6iX3xyk+AW89N8K7wd5i2P+GtpUmTpzID/3W7LU4=,8be6be715495e409489b2453780b6b3aa9d4a1fceee181e1211c9489fa45c6ad,CDXfjGRviyjNaCqARTPuxP77BVC++mZAR+CHNiwKC/4=,d2de0eecb364b6ad6dfd68c57fbb2b61edd7f408c047202d5ab95910a24e2627,,,,,,,,,,,,,,,,,7047267d2389cb4ea1f34dceeca1fdb3bd15691366dd9be65a8dc2f09ce6c7aa,audit_trails/artifacts/accepted_runtime_submissions/T1_Plain_TADP_client_001_r10_07696cb2b87a4156__7047267d2389cb4e.json,,,,,,,,,,,,,aa54ad94596c4166e237c2dcbbf7696add6de711ad2e435f0144bd5f95b77079,724e3b74a07c598aba0d7aa03ee85f547ef1ff600305d56f2f1d0774a0b3582a,,
140,db2bb603900802ef019dbe7a8a81ccde,9009c28128737f7948fb54beb932f446c0ce27d5cbdefb4938dce83226ac7abd,2026-08-24T22:55:59.996707+00:00,TADP-SEC/14.0,CLIENT_CIPHERTEXT_BINDING,T1_Plain_TADP,,,,client_001,,,,,,,,,,,,,,,,,,,,,,,,,,,,,,,,,,,,,,,,CIPHERTEXT_BOUND_TO_SIGNED_UPDATE,,,,,,,,,,,,,,,,,C1_PUBLIC,1,,,,,,,,,,,,,fe28523f81347f844e0bb0d1907c05ab,,,,,,,,,,,,,,10,VERIFIED,,,,,True,,,,,False,mVBC/sB6HoiUd24geh6gJcQcbtlX0s4wD1jQNEYw8qQ=,07696cb2b87a41569d9049f9e831d07826e8416fe5f4382965eecd3bc80fa794,LVS6iX3xyk+AW89N8K7wd5i2P+GtpUmTpzID/3W7LU4=,eac34958e1e13c56866f7257262df3f6f8ca55243f28387e666ec15579cc4f37,CDXfjGRviyjNaCqARTPuxP77BVC++mZAR+CHNiwKC/4=,d2de0eecb364b6ad6dfd68c57fbb2b61edd7f408c047202d5ab95910a24e2627,plaintext_update_no_noise,reference_python,n=|logq=|scale=|scheme=plain,plain,,,,,,,,,f6a4a3ed9e1bb33940d4bc422dccaa504d40de41eeb1567aa332589c739d8030,,f61cee8e5fcc1e6038fe0a4b6e9517df9ed05d626eb8f86f44e830fc3708e24e,audit_trails/artifacts/ciphertext_attestations/T1_Plain_TADP_client_001_r10_d1103f445e6b3454__f61cee8e5fcc1e60.json,,,,,,,,,,,,,,,724e3b74a07c598aba0d7aa03ee85f547ef1ff600305d56f2f1d0774a0b3582a,47a41b5b925bf3a3b582821065767b5ce73bd9d597e2931057912de6c8911810,,
141,0b17de9fdbf54020e73267cc3a1305f1,9009c28128737f7948fb54beb932f446c0ce27d5cbdefb4938dce83226ac7abd,2026-08-24T22:56:01.087372+00:00,TADP-SEC/14.0,CLIENT_ACCEPTED_SUBMISSION,T1_Plain_TADP,,,,client_001,,,,,,,,,,,2.3-phase1-fixed-threshold-critical-floor-review-profile,e910eb11d46f5a33a9f6a7d996c6c242f2a4caa089255874076d8ae12155dc94,2e5e1ea61ea1c71b07c235b309bb618daac98643cb3c0843acb266cd6b876512,cd72ec3b4911418e9899eae9aed63fa15aaf66633d0cb863f54d9ac8508d934e,833c0f503995ec3e68f8d11c30f392b1e756db044036faa02ce898eac71d1c91,VALIDATED_EVIDENCE_BUNDLE,,,,,,,,,,,,,,,,,,,,,,,,UPDATE_SUBMITTED_ENFORCED,,False,NOT_REQUIRED_AUTOMATED_POLICY,False,,,,,,,,,,,,,C1_PUBLIC,1,,,,,,,,6401d449cad49398af2f5e4da9bd6c0fbdde3a2a57f8a422907de7f0354cd145,71adf2c7741ed63f779fe8cebf9b4d1363fd18da1c5a49e39f32ec63cb8262f2,,,2026-08-25T22:32:04.883782+00:00,fe28523f81347f844e0bb0d1907c05ab,,,,,e969b763da1333ef6f7b885c62d94529da2f140d5a13983897060b6364feac38,63bd805703577763e310a0b920c26eed781ab75acfeaa24db1d180dabcb2e131,,,2026-08-25T22:55:49.750125+00:00,75d46ecd684a2dc4b6a8e27daff7fed8db3fae5cae653b9ddb3099795df8cd6c,active,,,11,ACCEPTED,ALL_BASELINE_CONTROLS,,,,True,True,True,True,True,False,Rk/H0sQ9Rs258buz37pIHEPe+E58eopNjys9RrGPZEs=,1f19a11d23a0aa53f237aa716e3d7985bdd4e526e053ff59515c6ca9af3a2467,LVS6iX3xyk+AW89N8K7wd5i2P+GtpUmTpzID/3W7LU4=,eef0d69aa545532d99cf45865d436090ed8555ca9f882851c156c98282bd7f30,a7E4l8Xib8IrMrRb2AM2BS4Kuq7TrPmMOpNoJHdViJo=,d2de0eecb364b6ad6dfd68c57fbb2b61edd7f408c047202d5ab95910a24e2627,,,,,,,,,,,,,,,,,85990f07814bc62873e092155b9af7e07f424fc7ae1bd30528af887f2584fea9,audit_trails/artifacts/accepted_runtime_submissions/T1_Plain_TADP_client_001_r11_1f19a11d23a0aa53__85990f07814bc628.json,,,,,,,,,,,,,47a41b5b925bf3a3b582821065767b5ce73bd9d597e2931057912de6c8911810,bfe76a27d744686f4718e489756deff54cabcad98ae715e62fff8819825c0877,,
142,cf303a5cbc8726c332223f70b8dbf2f8,9009c28128737f7948fb54beb932f446c0ce27d5cbdefb4938dce83226ac7abd,2026-08-24T22:56:01.107672+00:00,TADP-SEC/14.0,CLIENT_CIPHERTEXT_BINDING,T1_Plain_TADP,,,,client_001,,,,,,,,,,,,,,,,,,,,,,,,,,,,,,,,,,,,,,,,CIPHERTEXT_BOUND_TO_SIGNED_UPDATE,,,,,,,,,,,,,,,,,C1_PUBLIC,1,,,,,,,,,,,,,fe28523f81347f844e0bb0d1907c05ab,,,,,,,,,,,,,,11,VERIFIED,,,,,True,,,,,False,Rk/H0sQ9Rs258buz37pIHEPe+E58eopNjys9RrGPZEs=,1f19a11d23a0aa53f237aa716e3d7985bdd4e526e053ff59515c6ca9af3a2467,LVS6iX3xyk+AW89N8K7wd5i2P+GtpUmTpzID/3W7LU4=,10da9071f934586bde332138c58a17efa4d8182f98c846f9172cdc3aa36d823f,a7E4l8Xib8IrMrRb2AM2BS4Kuq7TrPmMOpNoJHdViJo=,d2de0eecb364b6ad6dfd68c57fbb2b61edd7f408c047202d5ab95910a24e2627,plaintext_update_no_noise,reference_python,n=|logq=|scale=|scheme=plain,plain,,,,,,,,,f6a4a3ed9e1bb33940d4bc422dccaa504d40de41eeb1567aa332589c739d8030,,f55ac9849cde3117296f3b2bb7fbbe3efdd2071cd7e2d7d541d11dcbf4b9079b,audit_trails/artifacts/ciphertext_attestations/T1_Plain_TADP_client_001_r11_4a4a7bb2d81c6d7c__f55ac9849cde3117.json,,,,,,,,,,,,,,,bfe76a27d744686f4718e489756deff54cabcad98ae715e62fff8819825c0877,3f1a95677799ed7e5f4c67fe11ad7453650b1a6557bc13103bdef54f9328759b,,
143,781d375f17a6e3135bddc4ca74104d7a,9009c28128737f7948fb54beb932f446c0ce27d5cbdefb4938dce83226ac7abd,2026-08-24T22:56:02.397213+00:00,TADP-SEC/14.0,CLIENT_ACCEPTED_SUBMISSION,T1_Plain_TADP,,,,client_001,,,,,,,,,,,2.3-phase1-fixed-threshold-critical-floor-review-profile,e910eb11d46f5a33a9f6a7d996c6c242f2a4caa089255874076d8ae12155dc94,2e5e1ea61ea1c71b07c235b309bb618daac98643cb3c0843acb266cd6b876512,cd72ec3b4911418e9899eae9aed63fa15aaf66633d0cb863f54d9ac8508d934e,833c0f503995ec3e68f8d11c30f392b1e756db044036faa02ce898eac71d1c91,VALIDATED_EVIDENCE_BUNDLE,,,,,,,,,,,,,,,,,,,,,,,,UPDATE_SUBMITTED_ENFORCED,,False,NOT_REQUIRED_AUTOMATED_POLICY,False,,,,,,,,,,,,,C1_PUBLIC,1,,,,,,,,6401d449cad49398af2f5e4da9bd6c0fbdde3a2a57f8a422907de7f0354cd145,71adf2c7741ed63f779fe8cebf9b4d1363fd18da1c5a49e39f32ec63cb8262f2,,,2026-08-25T22:32:04.883782+00:00,fe28523f81347f844e0bb0d1907c05ab,,,,,e969b763da1333ef6f7b885c62d94529da2f140d5a13983897060b6364feac38,63bd805703577763e310a0b920c26eed781ab75acfeaa24db1d180dabcb2e131,,,2026-08-25T22:55:49.750125+00:00,75d46ecd684a2dc4b6a8e27daff7fed8db3fae5cae653b9ddb3099795df8cd6c,active,,,12,ACCEPTED,ALL_BASELINE_CONTROLS,,,,True,True,True,True,True,False,X7wIX8sPL6kve8CjaQVCOADRrNVtSreL7LKM+H3kO/w=,196bf2e092ff03d3c7e56a9a19a63b5b9173a241cc3af04741a2aea2f06ac5ec,LVS6iX3xyk+AW89N8K7wd5i2P+GtpUmTpzID/3W7LU4=,b01c90be5d000d999d8728a37103ab5817e1b2aa4d01a628413d3dc07e1200ec,Rp/+DgaPykCOFhbFUe1Z3jE8YLrxZeJ8r2SBBaTu/nk=,d2de0eecb364b6ad6dfd68c57fbb2b61edd7f408c047202d5ab95910a24e2627,,,,,,,,,,,,,,,,,2d8560d18833763b559943fe71f2df43f70724cacc216f4b2cea6e2442ecdd1f,audit_trails/artifacts/accepted_runtime_submissions/T1_Plain_TADP_client_001_r12_196bf2e092ff03d3__2d8560d18833763b.json,,,,,,,,,,,,,3f1a95677799ed7e5f4c67fe11ad7453650b1a6557bc13103bdef54f9328759b,01d68d94772c9366194575db48778b202e8b993853da71fa030ecaa057ace50d,,
144,84018418a5a7d037ee21f3eb431f63a2,9009c28128737f7948fb54beb932f446c0ce27d5cbdefb4938dce83226ac7abd,2026-08-24T22:56:02.417207+00:00,TADP-SEC/14.0,CLIENT_CIPHERTEXT_BINDING,T1_Plain_TADP,,,,client_001,,,,,,,,,,,,,,,,,,,,,,,,,,,,,,,,,,,,,,,,CIPHERTEXT_BOUND_TO_SIGNED_UPDATE,,,,,,,,,,,,,,,,,C1_PUBLIC,1,,,,,,,,,,,,,fe28523f81347f844e0bb0d1907c05ab,,,,,,,,,,,,,,12,VERIFIED,,,,,True,,,,,False,X7wIX8sPL6kve8CjaQVCOADRrNVtSreL7LKM+H3kO/w=,196bf2e092ff03d3c7e56a9a19a63b5b9173a241cc3af04741a2aea2f06ac5ec,LVS6iX3xyk+AW89N8K7wd5i2P+GtpUmTpzID/3W7LU4=,2f55ad194a7baa5fafee74c4c6c235d9ff483b1ce072afeaaa76021928c0d366,Rp/+DgaPykCOFhbFUe1Z3jE8YLrxZeJ8r2SBBaTu/nk=,d2de0eecb364b6ad6dfd68c57fbb2b61edd7f408c047202d5ab95910a24e2627,plaintext_update_no_noise,reference_python,n=|logq=|scale=|scheme=plain,plain,,,,,,,,,f6a4a3ed9e1bb33940d4bc422dccaa504d40de41eeb1567aa332589c739d8030,,faeacd19ebea7f21e6ff265d3e912ba1b257fc9d0ff81a43551f51c4105f720f,audit_trails/artifacts/ciphertext_attestations/T1_Plain_TADP_client_001_r12_f273b9258f0b223f__faeacd19ebea7f21.json,,,,,,,,,,,,,,,01d68d94772c9366194575db48778b202e8b993853da71fa030ecaa057ace50d,8ca3626c0989c40f09275ee2658c757d886052b3f77a697dc01d5b820cd36f87,,
145,3b8634f6d31779411042890847c238ea,9009c28128737f7948fb54beb932f446c0ce27d5cbdefb4938dce83226ac7abd,2026-08-24T22:56:03.784624+00:00,TADP-SEC/14.0,CLIENT_ACCEPTED_SUBMISSION,T1_Plain_TADP,,,,client_001,,,,,,,,,,,2.3-phase1-fixed-threshold-critical-floor-review-profile,e910eb11d46f5a33a9f6a7d996c6c242f2a4caa089255874076d8ae12155dc94,2e5e1ea61ea1c71b07c235b309bb618daac98643cb3c0843acb266cd6b876512,cd72ec3b4911418e9899eae9aed63fa15aaf66633d0cb863f54d9ac8508d934e,833c0f503995ec3e68f8d11c30f392b1e756db044036faa02ce898eac71d1c91,VALIDATED_EVIDENCE_BUNDLE,,,,,,,,,,,,,,,,,,,,,,,,UPDATE_SUBMITTED_ENFORCED,,False,NOT_REQUIRED_AUTOMATED_POLICY,False,,,,,,,,,,,,,C1_PUBLIC,1,,,,,,,,6401d449cad49398af2f5e4da9bd6c0fbdde3a2a57f8a422907de7f0354cd145,71adf2c7741ed63f779fe8cebf9b4d1363fd18da1c5a49e39f32ec63cb8262f2,,,2026-08-25T22:32:04.883782+00:00,fe28523f81347f844e0bb0d1907c05ab,,,,,e969b763da1333ef6f7b885c62d94529da2f140d5a13983897060b6364feac38,63bd805703577763e310a0b920c26eed781ab75acfeaa24db1d180dabcb2e131,,,2026-08-25T22:55:49.750125+00:00,75d46ecd684a2dc4b6a8e27daff7fed8db3fae5cae653b9ddb3099795df8cd6c,active,,,13,ACCEPTED,ALL_BASELINE_CONTROLS,,,,True,True,True,True,True,False,K/eJ5H2bgaR79+5zPsQzvX53+b9N0gT9AKuNdy+q4RQ=,4df22bbab2d3172abf3085b7ad44b77519ae1074dbebdc60c9d0795fee463e77,LVS6iX3xyk+AW89N8K7wd5i2P+GtpUmTpzID/3W7LU4=,38c0f056a0d354f73f8aa28c68e9aa49fd3514aea7b39c2564d6b40558918150,f2BOe38TSuKlWaHEwkZVbCbbNk+EXWX8DeGU128ug3k=,d2de0eecb364b6ad6dfd68c57fbb2b61edd7f408c047202d5ab95910a24e2627,,,,,,,,,,,,,,,,,88781548f11be864ee5617e81ea956655c3dea5278cda6181ad4428a069fe883,audit_trails/artifacts/accepted_runtime_submissions/T1_Plain_TADP_client_001_r13_4df22bbab2d3172a__88781548f11be864.json,,,,,,,,,,,,,8ca3626c0989c40f09275ee2658c757d886052b3f77a697dc01d5b820cd36f87,cbc682d8cb5a18d406f7418430cbe00a966c9b042b3c8960bc326b08af67c727,,
146,1ac6ad47704da269715e89b0dd9a269a,9009c28128737f7948fb54beb932f446c0ce27d5cbdefb4938dce83226ac7abd,2026-08-24T22:56:03.807200+00:00,TADP-SEC/14.0,CLIENT_CIPHERTEXT_BINDING,T1_Plain_TADP,,,,client_001,,,,,,,,,,,,,,,,,,,,,,,,,,,,,,,,,,,,,,,,CIPHERTEXT_BOUND_TO_SIGNED_UPDATE,,,,,,,,,,,,,,,,,C1_PUBLIC,1,,,,,,,,,,,,,fe28523f81347f844e0bb0d1907c05ab,,,,,,,,,,,,,,13,VERIFIED,,,,,True,,,,,False,K/eJ5H2bgaR79+5zPsQzvX53+b9N0gT9AKuNdy+q4RQ=,4df22bbab2d3172abf3085b7ad44b77519ae1074dbebdc60c9d0795fee463e77,LVS6iX3xyk+AW89N8K7wd5i2P+GtpUmTpzID/3W7LU4=,1dedfa1dabcb6b7dbd529a2e690f0b3ddd64862132d3d84f61ec7083753f1852,f2BOe38TSuKlWaHEwkZVbCbbNk+EXWX8DeGU128ug3k=,d2de0eecb364b6ad6dfd68c57fbb2b61edd7f408c047202d5ab95910a24e2627,plaintext_update_no_noise,reference_python,n=|logq=|scale=|scheme=plain,plain,,,,,,,,,f6a4a3ed9e1bb33940d4bc422dccaa504d40de41eeb1567aa332589c739d8030,,072ea3c939e0d0d3003389bc2d192afb2eec6ac974b8daf43ebf13cc71eddf4e,audit_trails/artifacts/ciphertext_attestations/T1_Plain_TADP_client_001_r13_691ef96aeec612f9__072ea3c939e0d0d3.json,,,,,,,,,,,,,,,cbc682d8cb5a18d406f7418430cbe00a966c9b042b3c8960bc326b08af67c727,b017ba6bb0208126590852463884c5a6e705959bd9d97e39f7ff417530d5441f,,
147,58c2475418a575080c4c94c7ebff5f77,9009c28128737f7948fb54beb932f446c0ce27d5cbdefb4938dce83226ac7abd,2026-08-24T22:56:05.172012+00:00,TADP-SEC/14.0,CLIENT_ACCEPTED_SUBMISSION,T1_Plain_TADP,,,,client_001,,,,,,,,,,,2.3-phase1-fixed-threshold-critical-floor-review-profile,e910eb11d46f5a33a9f6a7d996c6c242f2a4caa089255874076d8ae12155dc94,2e5e1ea61ea1c71b07c235b309bb618daac98643cb3c0843acb266cd6b876512,cd72ec3b4911418e9899eae9aed63fa15aaf66633d0cb863f54d9ac8508d934e,833c0f503995ec3e68f8d11c30f392b1e756db044036faa02ce898eac71d1c91,VALIDATED_EVIDENCE_BUNDLE,,,,,,,,,,,,,,,,,,,,,,,,UPDATE_SUBMITTED_ENFORCED,,False,NOT_REQUIRED_AUTOMATED_POLICY,False,,,,,,,,,,,,,C1_PUBLIC,1,,,,,,,,6401d449cad49398af2f5e4da9bd6c0fbdde3a2a57f8a422907de7f0354cd145,71adf2c7741ed63f779fe8cebf9b4d1363fd18da1c5a49e39f32ec63cb8262f2,,,2026-08-25T22:32:04.883782+00:00,fe28523f81347f844e0bb0d1907c05ab,,,,,e969b763da1333ef6f7b885c62d94529da2f140d5a13983897060b6364feac38,63bd805703577763e310a0b920c26eed781ab75acfeaa24db1d180dabcb2e131,,,2026-08-25T22:55:49.750125+00:00,75d46ecd684a2dc4b6a8e27daff7fed8db3fae5cae653b9ddb3099795df8cd6c,active,,,14,ACCEPTED,ALL_BASELINE_CONTROLS,,,,True,True,True,True,True,False,YdbBQK97mM/qd0blwXXPR904XfIZqsiAtX/9JpSYDO0=,41a0a249b3291f4a708332cc4662db536a2dded4197c977e19b45d90e6967ba4,LVS6iX3xyk+AW89N8K7wd5i2P+GtpUmTpzID/3W7LU4=,86c8a08f5390903ced0f71888e77203b93f73effb16322a65fdc28212bbb9122,OabfBJkj0ClVeAcRbtxL+kiftpLp15Nn1h9R8LKeezU=,d2de0eecb364b6ad6dfd68c57fbb2b61edd7f408c047202d5ab95910a24e2627,,,,,,,,,,,,,,,,,27dbf4effded01fd85921d2c58333dcae8e0aa6c61ee8fb753c823e4e9e1c5c4,audit_trails/artifacts/accepted_runtime_submissions/T1_Plain_TADP_client_001_r14_41a0a249b3291f4a__27dbf4effded01fd.json,,,,,,,,,,,,,b017ba6bb0208126590852463884c5a6e705959bd9d97e39f7ff417530d5441f,a54e5b67dbf89466d8c0fa079987d0e26ea46420abec69c4d589044d180ef9c6,,
148,f1efb0f9844b7b22ea8c39bcca5791dc,9009c28128737f7948fb54beb932f446c0ce27d5cbdefb4938dce83226ac7abd,2026-08-24T22:56:05.192629+00:00,TADP-SEC/14.0,CLIENT_CIPHERTEXT_BINDING,T1_Plain_TADP,,,,client_001,,,,,,,,,,,,,,,,,,,,,,,,,,,,,,,,,,,,,,,,CIPHERTEXT_BOUND_TO_SIGNED_UPDATE,,,,,,,,,,,,,,,,,C1_PUBLIC,1,,,,,,,,,,,,,fe28523f81347f844e0bb0d1907c05ab,,,,,,,,,,,,,,14,VERIFIED,,,,,True,,,,,False,YdbBQK97mM/qd0blwXXPR904XfIZqsiAtX/9JpSYDO0=,41a0a249b3291f4a708332cc4662db536a2dded4197c977e19b45d90e6967ba4,LVS6iX3xyk+AW89N8K7wd5i2P+GtpUmTpzID/3W7LU4=,cb50f702cabaaeed9ee9b6be548fc67d509033e9145ae02ada2d9b2224af4160,OabfBJkj0ClVeAcRbtxL+kiftpLp15Nn1h9R8LKeezU=,d2de0eecb364b6ad6dfd68c57fbb2b61edd7f408c047202d5ab95910a24e2627,plaintext_update_no_noise,reference_python,n=|logq=|scale=|scheme=plain,plain,,,,,,,,,f6a4a3ed9e1bb33940d4bc422dccaa504d40de41eeb1567aa332589c739d8030,,a7cbb1154b76226e61ae1b0cdc90a0340bf727ac347eb524b8a4db4265eecc96,audit_trails/artifacts/ciphertext_attestations/T1_Plain_TADP_client_001_r14_e65c383af38d7bf9__a7cbb1154b76226e.json,,,,,,,,,,,,,,,a54e5b67dbf89466d8c0fa079987d0e26ea46420abec69c4d589044d180ef9c6,30f5ee016029e6a9f3f3a8cbff81e43c8f5303f92a01fdaed6d72867f6ddc783,,
149,8eb8311134dd3caa9dc2ed9729e4bf60,9009c28128737f7948fb54beb932f446c0ce27d5cbdefb4938dce83226ac7abd,2026-08-24T22:56:06.269855+00:00,TADP-SEC/14.0,CLIENT_ACCEPTED_SUBMISSION,T1_Plain_TADP,,,,client_001,,,,,,,,,,,2.3-phase1-fixed-threshold-critical-floor-review-profile,e910eb11d46f5a33a9f6a7d996c6c242f2a4caa089255874076d8ae12155dc94,2e5e1ea61ea1c71b07c235b309bb618daac98643cb3c0843acb266cd6b876512,cd72ec3b4911418e9899eae9aed63fa15aaf66633d0cb863f54d9ac8508d934e,833c0f503995ec3e68f8d11c30f392b1e756db044036faa02ce898eac71d1c91,VALIDATED_EVIDENCE_BUNDLE,,,,,,,,,,,,,,,,,,,,,,,,UPDATE_SUBMITTED_ENFORCED,,False,NOT_REQUIRED_AUTOMATED_POLICY,False,,,,,,,,,,,,,C1_PUBLIC,1,,,,,,,,6401d449cad49398af2f5e4da9bd6c0fbdde3a2a57f8a422907de7f0354cd145,71adf2c7741ed63f779fe8cebf9b4d1363fd18da1c5a49e39f32ec63cb8262f2,,,2026-08-25T22:32:04.883782+00:00,fe28523f81347f844e0bb0d1907c05ab,,,,,e969b763da1333ef6f7b885c62d94529da2f140d5a13983897060b6364feac38,63bd805703577763e310a0b920c26eed781ab75acfeaa24db1d180dabcb2e131,,,2026-08-25T22:55:49.750125+00:00,75d46ecd684a2dc4b6a8e27daff7fed8db3fae5cae653b9ddb3099795df8cd6c,active,,,15,ACCEPTED,ALL_BASELINE_CONTROLS,,,,True,True,True,True,True,False,3V3WdZqrqvOqbxbbyVEifToCT9l0WkFS7sKiwa5Reh0=,f270fee048061c134062a02d2bdc33abcf54c008b2a228c5fb3cf141f07a86ce,LVS6iX3xyk+AW89N8K7wd5i2P+GtpUmTpzID/3W7LU4=,725567dbd3d042686d4203bf169f4e16a1413e1f8928a3f27ddd6e1586b904f2,kArgDXEGrfjySY1KVM6Gq5V/gINDxkYpYnj+TkLxeho=,d2de0eecb364b6ad6dfd68c57fbb2b61edd7f408c047202d5ab95910a24e2627,,,,,,,,,,,,,,,,,00c03a07ff7e9f4d1a6878b56f3132a8029dfffdbc8fc36a3b18af94528c2b54,audit_trails/artifacts/accepted_runtime_submissions/T1_Plain_TADP_client_001_r15_f270fee048061c13__00c03a07ff7e9f4d.json,,,,,,,,,,,,,30f5ee016029e6a9f3f3a8cbff81e43c8f5303f92a01fdaed6d72867f6ddc783,3bd28d34775ce3dba134c459432eabb56592a2fed48b0e4928a1145947e42fc5,,
150,39ed2b7e2dedff4ccf3704c0e20615c8,9009c28128737f7948fb54beb932f446c0ce27d5cbdefb4938dce83226ac7abd,2026-08-24T22:56:06.289035+00:00,TADP-SEC/14.0,CLIENT_CIPHERTEXT_BINDING,T1_Plain_TADP,,,,client_001,,,,,,,,,,,,,,,,,,,,,,,,,,,,,,,,,,,,,,,,CIPHERTEXT_BOUND_TO_SIGNED_UPDATE,,,,,,,,,,,,,,,,,C1_PUBLIC,1,,,,,,,,,,,,,fe28523f81347f844e0bb0d1907c05ab,,,,,,,,,,,,,,15,VERIFIED,,,,,True,,,,,False,3V3WdZqrqvOqbxbbyVEifToCT9l0WkFS7sKiwa5Reh0=,f270fee048061c134062a02d2bdc33abcf54c008b2a228c5fb3cf141f07a86ce,LVS6iX3xyk+AW89N8K7wd5i2P+GtpUmTpzID/3W7LU4=,e8e7c6fb545bb598138f5ea8a784ef395e6045c9eb3a556e8da95ed123e3e0a5,kArgDXEGrfjySY1KVM6Gq5V/gINDxkYpYnj+TkLxeho=,d2de0eecb364b6ad6dfd68c57fbb2b61edd7f408c047202d5ab95910a24e2627,plaintext_update_no_noise,reference_python,n=|logq=|scale=|scheme=plain,plain,,,,,,,,,f6a4a3ed9e1bb33940d4bc422dccaa504d40de41eeb1567aa332589c739d8030,,c15087e3da6dfef48b9688def789a974ad2eb27b7c3a472aa5683bad64f34f07,audit_trails/artifacts/ciphertext_attestations/T1_Plain_TADP_client_001_r15_2071c9dc26cb505d__c15087e3da6dfef4.json,,,,,,,,,,,,,,,3bd28d34775ce3dba134c459432eabb56592a2fed48b0e4928a1145947e42fc5,b398dde87e90098afefb9cccf04fbd68d8c8d0a88d079a0d2edee8475ca199c9,,
151,be50ed60273dc1352a4255950dfa3f1a,9009c28128737f7948fb54beb932f446c0ce27d5cbdefb4938dce83226ac7abd,2026-08-24T22:56:07.315908+00:00,TADP-SEC/14.0,CLIENT_ACCEPTED_SUBMISSION,T1_Plain_TADP,,,,client_001,,,,,,,,,,,2.3-phase1-fixed-threshold-critical-floor-review-profile,e910eb11d46f5a33a9f6a7d996c6c242f2a4caa089255874076d8ae12155dc94,2e5e1ea61ea1c71b07c235b309bb618daac98643cb3c0843acb266cd6b876512,cd72ec3b4911418e9899eae9aed63fa15aaf66633d0cb863f54d9ac8508d934e,833c0f503995ec3e68f8d11c30f392b1e756db044036faa02ce898eac71d1c91,VALIDATED_EVIDENCE_BUNDLE,,,,,,,,,,,,,,,,,,,,,,,,UPDATE_SUBMITTED_ENFORCED,,False,NOT_REQUIRED_AUTOMATED_POLICY,False,,,,,,,,,,,,,C1_PUBLIC,1,,,,,,,,6401d449cad49398af2f5e4da9bd6c0fbdde3a2a57f8a422907de7f0354cd145,71adf2c7741ed63f779fe8cebf9b4d1363fd18da1c5a49e39f32ec63cb8262f2,,,2026-08-25T22:32:04.883782+00:00,fe28523f81347f844e0bb0d1907c05ab,,,,,e969b763da1333ef6f7b885c62d94529da2f140d5a13983897060b6364feac38,63bd805703577763e310a0b920c26eed781ab75acfeaa24db1d180dabcb2e131,,,2026-08-25T22:55:49.750125+00:00,75d46ecd684a2dc4b6a8e27daff7fed8db3fae5cae653b9ddb3099795df8cd6c,active,,,16,ACCEPTED,ALL_BASELINE_CONTROLS,,,,True,True,True,True,True,False,zikg3Qem6Sz98dvnRShVKXNySuJECw4No2FvOX0lz/k=,9f99cbe7f1209be69662332b627cf4104f42953eed89b5d67ca62395d07a4125,LVS6iX3xyk+AW89N8K7wd5i2P+GtpUmTpzID/3W7LU4=,296bd4964efff339b2aeb66c14b7195b3c8665464b1b00e5842c81b1e4024f02,WfnBYf53cMW6h98n6fs0oENtNJY7W2BqrcFZWpFoK/Y=,d2de0eecb364b6ad6dfd68c57fbb2b61edd7f408c047202d5ab95910a24e2627,,,,,,,,,,,,,,,,,b548878f9d3d2bb620bd8f449573116963f6a4342a915f335427c3121f10c424,audit_trails/artifacts/accepted_runtime_submissions/T1_Plain_TADP_client_001_r16_9f99cbe7f1209be6__b548878f9d3d2bb6.json,,,,,,,,,,,,,b398dde87e90098afefb9cccf04fbd68d8c8d0a88d079a0d2edee8475ca199c9,85f299e87854fab6d6f042283a79f4a85441dd9c00f995a26b9fa5413d33fd54,,
152,faef3f5e5fedf0d3163171bca1ad1e74,9009c28128737f7948fb54beb932f446c0ce27d5cbdefb4938dce83226ac7abd,2026-08-24T22:56:07.334336+00:00,TADP-SEC/14.0,CLIENT_CIPHERTEXT_BINDING,T1_Plain_TADP,,,,client_001,,,,,,,,,,,,,,,,,,,,,,,,,,,,,,,,,,,,,,,,CIPHERTEXT_BOUND_TO_SIGNED_UPDATE,,,,,,,,,,,,,,,,,C1_PUBLIC,1,,,,,,,,,,,,,fe28523f81347f844e0bb0d1907c05ab,,,,,,,,,,,,,,16,VERIFIED,,,,,True,,,,,False,zikg3Qem6Sz98dvnRShVKXNySuJECw4No2FvOX0lz/k=,9f99cbe7f1209be69662332b627cf4104f42953eed89b5d67ca62395d07a4125,LVS6iX3xyk+AW89N8K7wd5i2P+GtpUmTpzID/3W7LU4=,616473a9d63dd71fee09672b602bb4481394f2b25a56eaff395325ae640d0240,WfnBYf53cMW6h98n6fs0oENtNJY7W2BqrcFZWpFoK/Y=,d2de0eecb364b6ad6dfd68c57fbb2b61edd7f408c047202d5ab95910a24e2627,plaintext_update_no_noise,reference_python,n=|logq=|scale=|scheme=plain,plain,,,,,,,,,f6a4a3ed9e1bb33940d4bc422dccaa504d40de41eeb1567aa332589c739d8030,,2fc08085ff05cf7338c9e97b09f5540ee8c4318acb0cbe61c0924f3ccb32665b,audit_trails/artifacts/ciphertext_attestations/T1_Plain_TADP_client_001_r16_f1948ab7fd7f80f2__2fc08085ff05cf73.json,,,,,,,,,,,,,,,85f299e87854fab6d6f042283a79f4a85441dd9c00f995a26b9fa5413d33fd54,6f959ada36b572b26b6c103e9de57c120be2861f6d170208973f31f1e0e7411c,,
153,4d2be0b1222a6d7463280f0c6d3936f3,9009c28128737f7948fb54beb932f446c0ce27d5cbdefb4938dce83226ac7abd,2026-08-24T22:56:08.404083+00:00,TADP-SEC/14.0,CLIENT_ACCEPTED_SUBMISSION,T1_Plain_TADP,,,,client_001,,,,,,,,,,,2.3-phase1-fixed-threshold-critical-floor-review-profile,e910eb11d46f5a33a9f6a7d996c6c242f2a4caa089255874076d8ae12155dc94,2e5e1ea61ea1c71b07c235b309bb618daac98643cb3c0843acb266cd6b876512,cd72ec3b4911418e9899eae9aed63fa15aaf66633d0cb863f54d9ac8508d934e,833c0f503995ec3e68f8d11c30f392b1e756db044036faa02ce898eac71d1c91,VALIDATED_EVIDENCE_BUNDLE,,,,,,,,,,,,,,,,,,,,,,,,UPDATE_SUBMITTED_ENFORCED,,False,NOT_REQUIRED_AUTOMATED_POLICY,False,,,,,,,,,,,,,C1_PUBLIC,1,,,,,,,,6401d449cad49398af2f5e4da9bd6c0fbdde3a2a57f8a422907de7f0354cd145,71adf2c7741ed63f779fe8cebf9b4d1363fd18da1c5a49e39f32ec63cb8262f2,,,2026-08-25T22:32:04.883782+00:00,fe28523f81347f844e0bb0d1907c05ab,,,,,e969b763da1333ef6f7b885c62d94529da2f140d5a13983897060b6364feac38,63bd805703577763e310a0b920c26eed781ab75acfeaa24db1d180dabcb2e131,,,2026-08-25T22:55:49.750125+00:00,75d46ecd684a2dc4b6a8e27daff7fed8db3fae5cae653b9ddb3099795df8cd6c,active,,,17,ACCEPTED,ALL_BASELINE_CONTROLS,,,,True,True,True,True,True,False,tKJQDrAQb2rhHljFsiPy7AJPhH2m61fKzwT+k8b0EiA=,e44c6ad2c71542ad4307c0b819eab9f8a378f20cd2c66c399af36a961acbb5e3,LVS6iX3xyk+AW89N8K7wd5i2P+GtpUmTpzID/3W7LU4=,44e8fcd6cf64c62f96388e72fdd68b609203c40703d271276f63458ed341f418,U0WUyFsO/Pvy8YASMnNEXWxzwPvQ2J5IKg/oHVQebWQ=,d2de0eecb364b6ad6dfd68c57fbb2b61edd7f408c047202d5ab95910a24e2627,,,,,,,,,,,,,,,,,fc58e236dc730fb74240cd63a2adb1cd10ceb1a5ce8c552903ce68d64168d974,audit_trails/artifacts/accepted_runtime_submissions/T1_Plain_TADP_client_001_r17_e44c6ad2c71542ad__fc58e236dc730fb7.json,,,,,,,,,,,,,6f959ada36b572b26b6c103e9de57c120be2861f6d170208973f31f1e0e7411c,35318ed40d908e16a7f3bd071fc69eeaccdabef147bcef88d8c58aa71cc57603,,
154,3850152432bdec09344910e1d6438d6f,9009c28128737f7948fb54beb932f446c0ce27d5cbdefb4938dce83226ac7abd,2026-08-24T22:56:08.428044+00:00,TADP-SEC/14.0,CLIENT_CIPHERTEXT_BINDING,T1_Plain_TADP,,,,client_001,,,,,,,,,,,,,,,,,,,,,,,,,,,,,,,,,,,,,,,,CIPHERTEXT_BOUND_TO_SIGNED_UPDATE,,,,,,,,,,,,,,,,,C1_PUBLIC,1,,,,,,,,,,,,,fe28523f81347f844e0bb0d1907c05ab,,,,,,,,,,,,,,17,VERIFIED,,,,,True,,,,,False,tKJQDrAQb2rhHljFsiPy7AJPhH2m61fKzwT+k8b0EiA=,e44c6ad2c71542ad4307c0b819eab9f8a378f20cd2c66c399af36a961acbb5e3,LVS6iX3xyk+AW89N8K7wd5i2P+GtpUmTpzID/3W7LU4=,e21001a54c594256aaa59ce3cd92a1ba4f2c5944ede436152c4af55a4f4e7641,U0WUyFsO/Pvy8YASMnNEXWxzwPvQ2J5IKg/oHVQebWQ=,d2de0eecb364b6ad6dfd68c57fbb2b61edd7f408c047202d5ab95910a24e2627,plaintext_update_no_noise,reference_python,n=|logq=|scale=|scheme=plain,plain,,,,,,,,,f6a4a3ed9e1bb33940d4bc422dccaa504d40de41eeb1567aa332589c739d8030,,1d316a8af2dc1ad28ef663335e16055fe4c9e23fed38f28e29554421adaf9f57,audit_trails/artifacts/ciphertext_attestations/T1_Plain_TADP_client_001_r17_f64844064cf05020__1d316a8af2dc1ad2.json,,,,,,,,,,,,,,,35318ed40d908e16a7f3bd071fc69eeaccdabef147bcef88d8c58aa71cc57603,3bb77002280800d60a7ab103c68ff642e94fbfb68328ac6d2dfb40f06263fe5f,,
155,5ed462434dfaf2205155b4b850e80b0a,9009c28128737f7948fb54beb932f446c0ce27d5cbdefb4938dce83226ac7abd,2026-08-24T22:56:09.507353+00:00,TADP-SEC/14.0,CLIENT_ACCEPTED_SUBMISSION,T1_Plain_TADP,,,,client_001,,,,,,,,,,,2.3-phase1-fixed-threshold-critical-floor-review-profile,e910eb11d46f5a33a9f6a7d996c6c242f2a4caa089255874076d8ae12155dc94,2e5e1ea61ea1c71b07c235b309bb618daac98643cb3c0843acb266cd6b876512,cd72ec3b4911418e9899eae9aed63fa15aaf66633d0cb863f54d9ac8508d934e,833c0f503995ec3e68f8d11c30f392b1e756db044036faa02ce898eac71d1c91,VALIDATED_EVIDENCE_BUNDLE,,,,,,,,,,,,,,,,,,,,,,,,UPDATE_SUBMITTED_ENFORCED,,False,NOT_REQUIRED_AUTOMATED_POLICY,False,,,,,,,,,,,,,C1_PUBLIC,1,,,,,,,,6401d449cad49398af2f5e4da9bd6c0fbdde3a2a57f8a422907de7f0354cd145,71adf2c7741ed63f779fe8cebf9b4d1363fd18da1c5a49e39f32ec63cb8262f2,,,2026-08-25T22:32:04.883782+00:00,fe28523f81347f844e0bb0d1907c05ab,,,,,e969b763da1333ef6f7b885c62d94529da2f140d5a13983897060b6364feac38,63bd805703577763e310a0b920c26eed781ab75acfeaa24db1d180dabcb2e131,,,2026-08-25T22:55:49.750125+00:00,75d46ecd684a2dc4b6a8e27daff7fed8db3fae5cae653b9ddb3099795df8cd6c,active,,,18,ACCEPTED,ALL_BASELINE_CONTROLS,,,,True,True,True,True,True,False,1dqLLY57zd1u6N3pRe3GndrID4GIHhoBKHKQJnsQGBE=,19554c07f657222e920c73617142970cf6912abcd2a1683ea01e627ec2a3c3bc,LVS6iX3xyk+AW89N8K7wd5i2P+GtpUmTpzID/3W7LU4=,f021fe3706e60a6dbc4da71a193fd3461a93f93e7561114ebeb73e05fb439158,1OD7UkQo4IzrOnfb4D1F98wtzVnuqvOjyU/sFykyV2Q=,d2de0eecb364b6ad6dfd68c57fbb2b61edd7f408c047202d5ab95910a24e2627,,,,,,,,,,,,,,,,,e13cdc6966671c5fa0d8614448781e1effb155be615f02297ff5ef8c79682e68,audit_trails/artifacts/accepted_runtime_submissions/T1_Plain_TADP_client_001_r18_19554c07f657222e__e13cdc6966671c5f.json,,,,,,,,,,,,,3bb77002280800d60a7ab103c68ff642e94fbfb68328ac6d2dfb40f06263fe5f,ec75d3d5e29d34aabf49f2035f446e4f4c9345508bb2d1e9b892be3445a17147,,
156,254b99069a96206a7588d4e0ec3fb08d,9009c28128737f7948fb54beb932f446c0ce27d5cbdefb4938dce83226ac7abd,2026-08-24T22:56:09.526033+00:00,TADP-SEC/14.0,CLIENT_CIPHERTEXT_BINDING,T1_Plain_TADP,,,,client_001,,,,,,,,,,,,,,,,,,,,,,,,,,,,,,,,,,,,,,,,CIPHERTEXT_BOUND_TO_SIGNED_UPDATE,,,,,,,,,,,,,,,,,C1_PUBLIC,1,,,,,,,,,,,,,fe28523f81347f844e0bb0d1907c05ab,,,,,,,,,,,,,,18,VERIFIED,,,,,True,,,,,False,1dqLLY57zd1u6N3pRe3GndrID4GIHhoBKHKQJnsQGBE=,19554c07f657222e920c73617142970cf6912abcd2a1683ea01e627ec2a3c3bc,LVS6iX3xyk+AW89N8K7wd5i2P+GtpUmTpzID/3W7LU4=,99eb4ff8a3f379e6365406d49d59c621833383690459b1c771cd0b220bb33292,1OD7UkQo4IzrOnfb4D1F98wtzVnuqvOjyU/sFykyV2Q=,d2de0eecb364b6ad6dfd68c57fbb2b61edd7f408c047202d5ab95910a24e2627,plaintext_update_no_noise,reference_python,n=|logq=|scale=|scheme=plain,plain,,,,,,,,,f6a4a3ed9e1bb33940d4bc422dccaa504d40de41eeb1567aa332589c739d8030,,5573f0b3f702a765b1d5e25020d7c578cfaa102a929a4714b1f825443a462749,audit_trails/artifacts/ciphertext_attestations/T1_Plain_TADP_client_001_r18_366f84a88436d9ee__5573f0b3f702a765.json,,,,,,,,,,,,,,,ec75d3d5e29d34aabf49f2035f446e4f4c9345508bb2d1e9b892be3445a17147,e3542cdef5a3e3ca624d398f7808292286119895a77589da0c694a81c3c5acbd,,
157,e4dc608fcc88a2890f7465e4191fde9a,9009c28128737f7948fb54beb932f446c0ce27d5cbdefb4938dce83226ac7abd,2026-08-24T22:56:10.603375+00:00,TADP-SEC/14.0,CLIENT_ACCEPTED_SUBMISSION,T1_Plain_TADP,,,,client_001,,,,,,,,,,,2.3-phase1-fixed-threshold-critical-floor-review-profile,e910eb11d46f5a33a9f6a7d996c6c242f2a4caa089255874076d8ae12155dc94,2e5e1ea61ea1c71b07c235b309bb618daac98643cb3c0843acb266cd6b876512,cd72ec3b4911418e9899eae9aed63fa15aaf66633d0cb863f54d9ac8508d934e,833c0f503995ec3e68f8d11c30f392b1e756db044036faa02ce898eac71d1c91,VALIDATED_EVIDENCE_BUNDLE,,,,,,,,,,,,,,,,,,,,,,,,UPDATE_SUBMITTED_ENFORCED,,False,NOT_REQUIRED_AUTOMATED_POLICY,False,,,,,,,,,,,,,C1_PUBLIC,1,,,,,,,,6401d449cad49398af2f5e4da9bd6c0fbdde3a2a57f8a422907de7f0354cd145,71adf2c7741ed63f779fe8cebf9b4d1363fd18da1c5a49e39f32ec63cb8262f2,,,2026-08-25T22:32:04.883782+00:00,fe28523f81347f844e0bb0d1907c05ab,,,,,e969b763da1333ef6f7b885c62d94529da2f140d5a13983897060b6364feac38,63bd805703577763e310a0b920c26eed781ab75acfeaa24db1d180dabcb2e131,,,2026-08-25T22:55:49.750125+00:00,75d46ecd684a2dc4b6a8e27daff7fed8db3fae5cae653b9ddb3099795df8cd6c,active,,,19,ACCEPTED,ALL_BASELINE_CONTROLS,,,,True,True,True,True,True,False,5awBrv9fcemlAzWZbb5kWfZRM4XbZfGuoHXPnHlAwho=,40a8dd79e4f48e96ed66b1efe81f0214d9ca8afce0854abb760e5bd31174dc20,LVS6iX3xyk+AW89N8K7wd5i2P+GtpUmTpzID/3W7LU4=,2f413aad6be8cc987df69dab3d486b01b0bfa18d43ec31c342ce7f327dbdc8bf,X2GnYTpadFGWdJYCw7Bmmz6n15wjNb4U+bYpWgRF30k=,d2de0eecb364b6ad6dfd68c57fbb2b61edd7f408c047202d5ab95910a24e2627,,,,,,,,,,,,,,,,,a8ee5bb3c39fbdb66a2a33e93070f4a9e89d9a3de5cb3b610f5bf5307e46f5e4,audit_trails/artifacts/accepted_runtime_submissions/T1_Plain_TADP_client_001_r19_40a8dd79e4f48e96__a8ee5bb3c39fbdb6.json,,,,,,,,,,,,,e3542cdef5a3e3ca624d398f7808292286119895a77589da0c694a81c3c5acbd,042933895e24837a63245fd6bec3197d59359974a78665a05ce7c7337905c0b4,,
158,1fe6951de6a5423b8ea8958b91dbe49a,9009c28128737f7948fb54beb932f446c0ce27d5cbdefb4938dce83226ac7abd,2026-08-24T22:56:10.621508+00:00,TADP-SEC/14.0,CLIENT_CIPHERTEXT_BINDING,T1_Plain_TADP,,,,client_001,,,,,,,,,,,,,,,,,,,,,,,,,,,,,,,,,,,,,,,,CIPHERTEXT_BOUND_TO_SIGNED_UPDATE,,,,,,,,,,,,,,,,,C1_PUBLIC,1,,,,,,,,,,,,,fe28523f81347f844e0bb0d1907c05ab,,,,,,,,,,,,,,19,VERIFIED,,,,,True,,,,,False,5awBrv9fcemlAzWZbb5kWfZRM4XbZfGuoHXPnHlAwho=,40a8dd79e4f48e96ed66b1efe81f0214d9ca8afce0854abb760e5bd31174dc20,LVS6iX3xyk+AW89N8K7wd5i2P+GtpUmTpzID/3W7LU4=,cfc0c0bc161299542af3059d76522980ab47eaf61ab0ad15c89b8c5fc277cba4,X2GnYTpadFGWdJYCw7Bmmz6n15wjNb4U+bYpWgRF30k=,d2de0eecb364b6ad6dfd68c57fbb2b61edd7f408c047202d5ab95910a24e2627,plaintext_update_no_noise,reference_python,n=|logq=|scale=|scheme=plain,plain,,,,,,,,,f6a4a3ed9e1bb33940d4bc422dccaa504d40de41eeb1567aa332589c739d8030,,01e244c3f0e75a3385388cc73622126b7960b5116c93bc53792e3a58cfcc807d,audit_trails/artifacts/ciphertext_attestations/T1_Plain_TADP_client_001_r19_c3c18ce9e309d8d3__01e244c3f0e75a33.json,,,,,,,,,,,,,,,042933895e24837a63245fd6bec3197d59359974a78665a05ce7c7337905c0b4,57d6b8edd8582bcc4599c76b83b2e018fe6cb2b9085a1d4302998441986cefad,,
159,718e0a8bd7e4e78661c3b291eb37851f,9009c28128737f7948fb54beb932f446c0ce27d5cbdefb4938dce83226ac7abd,2026-08-24T22:56:11.656840+00:00,TADP-SEC/14.0,CLIENT_ACCEPTED_SUBMISSION,T1_Plain_TADP,,,,client_001,,,,,,,,,,,2.3-phase1-fixed-threshold-critical-floor-review-profile,e910eb11d46f5a33a9f6a7d996c6c242f2a4caa089255874076d8ae12155dc94,2e5e1ea61ea1c71b07c235b309bb618daac98643cb3c0843acb266cd6b876512,cd72ec3b4911418e9899eae9aed63fa15aaf66633d0cb863f54d9ac8508d934e,833c0f503995ec3e68f8d11c30f392b1e756db044036faa02ce898eac71d1c91,VALIDATED_EVIDENCE_BUNDLE,,,,,,,,,,,,,,,,,,,,,,,,UPDATE_SUBMITTED_ENFORCED,,False,NOT_REQUIRED_AUTOMATED_POLICY,False,,,,,,,,,,,,,C1_PUBLIC,1,,,,,,,,6401d449cad49398af2f5e4da9bd6c0fbdde3a2a57f8a422907de7f0354cd145,71adf2c7741ed63f779fe8cebf9b4d1363fd18da1c5a49e39f32ec63cb8262f2,,,2026-08-25T22:32:04.883782+00:00,fe28523f81347f844e0bb0d1907c05ab,,,,,e969b763da1333ef6f7b885c62d94529da2f140d5a13983897060b6364feac38,63bd805703577763e310a0b920c26eed781ab75acfeaa24db1d180dabcb2e131,,,2026-08-25T22:55:49.750125+00:00,75d46ecd684a2dc4b6a8e27daff7fed8db3fae5cae653b9ddb3099795df8cd6c,active,,,20,ACCEPTED,ALL_BASELINE_CONTROLS,,,,True,True,True,True,True,False,xrxEYVUCzQikE4hoxkPRGLobyUYlGBwTD1rNmSU78zE=,01872d90025aadbec904920f76a6313c0fd31c0d5d36e12c3aeeccf4d9771976,LVS6iX3xyk+AW89N8K7wd5i2P+GtpUmTpzID/3W7LU4=,1b53abe09884132d3e10ae9a30d2d35462979774890f6b684a63cdf13ea70f14,fWlU4D29ACB6jE+X3pPwSJge27arezHK6VQ9Uso4RsQ=,d2de0eecb364b6ad6dfd68c57fbb2b61edd7f408c047202d5ab95910a24e2627,,,,,,,,,,,,,,,,,a8b40e91a8126ade5cf94d8459e93dd767a8f9e4d54fbc2090c7cd2a70ffd9f1,audit_trails/artifacts/accepted_runtime_submissions/T1_Plain_TADP_client_001_r20_01872d90025aadbe__a8b40e91a8126ade.json,,,,,,,,,,,,,57d6b8edd8582bcc4599c76b83b2e018fe6cb2b9085a1d4302998441986cefad,6cd63b949d9e48862d919331c79c5561d0a397b0fc18ced7ec3e20d57fdf3166,,
160,7d80669d32d94ec584d2e59c9fee3e37,9009c28128737f7948fb54beb932f446c0ce27d5cbdefb4938dce83226ac7abd,2026-08-24T22:56:11.674860+00:00,TADP-SEC/14.0,CLIENT_CIPHERTEXT_BINDING,T1_Plain_TADP,,,,client_001,,,,,,,,,,,,,,,,,,,,,,,,,,,,,,,,,,,,,,,,CIPHERTEXT_BOUND_TO_SIGNED_UPDATE,,,,,,,,,,,,,,,,,C1_PUBLIC,1,,,,,,,,,,,,,fe28523f81347f844e0bb0d1907c05ab,,,,,,,,,,,,,,20,VERIFIED,,,,,True,,,,,False,xrxEYVUCzQikE4hoxkPRGLobyUYlGBwTD1rNmSU78zE=,01872d90025aadbec904920f76a6313c0fd31c0d5d36e12c3aeeccf4d9771976,LVS6iX3xyk+AW89N8K7wd5i2P+GtpUmTpzID/3W7LU4=,620caab968237dfa01551caa46dee2c6beb3bae310fa2a4c7cbc7529bf6db91a,fWlU4D29ACB6jE+X3pPwSJge27arezHK6VQ9Uso4RsQ=,d2de0eecb364b6ad6dfd68c57fbb2b61edd7f408c047202d5ab95910a24e2627,plaintext_update_no_noise,reference_python,n=|logq=|scale=|scheme=plain,plain,,,,,,,,,f6a4a3ed9e1bb33940d4bc422dccaa504d40de41eeb1567aa332589c739d8030,,722483a5dd25b9e2f2f323cc2794259500f1584d9958f28c4488b467b84591a7,audit_trails/artifacts/ciphertext_attestations/T1_Plain_TADP_client_001_r20_8f5044d326ae33c3__722483a5dd25b9e2.json,,,,,,,,,,,,,,,6cd63b949d9e48862d919331c79c5561d0a397b0fc18ced7ec3e20d57fdf3166,73ed62551f564644d2473e1710fa18a4125a2d067230d4a3798ca8aecaea2b8a,,
161,1e1344b772fef28459792a1a0431e64a,9009c28128737f7948fb54beb932f446c0ce27d5cbdefb4938dce83226ac7abd,2026-08-24T22:56:12.837293+00:00,TADP-SEC/14.0,CLIENT_ACCEPTED_SUBMISSION,T1_Plain_TADP,,,,client_001,,,,,,,,,,,2.3-phase1-fixed-threshold-critical-floor-review-profile,e910eb11d46f5a33a9f6a7d996c6c242f2a4caa089255874076d8ae12155dc94,2e5e1ea61ea1c71b07c235b309bb618daac98643cb3c0843acb266cd6b876512,cd72ec3b4911418e9899eae9aed63fa15aaf66633d0cb863f54d9ac8508d934e,833c0f503995ec3e68f8d11c30f392b1e756db044036faa02ce898eac71d1c91,VALIDATED_EVIDENCE_BUNDLE,,,,,,,,,,,,,,,,,,,,,,,,UPDATE_SUBMITTED_ENFORCED,,False,NOT_REQUIRED_AUTOMATED_POLICY,False,,,,,,,,,,,,,C1_PUBLIC,1,,,,,,,,6401d449cad49398af2f5e4da9bd6c0fbdde3a2a57f8a422907de7f0354cd145,71adf2c7741ed63f779fe8cebf9b4d1363fd18da1c5a49e39f32ec63cb8262f2,,,2026-08-25T22:32:04.883782+00:00,e8f409f4de26f36c93e92e3b03bbb88e,,,,,8610fffb4d28551e71563a74263aaca8a72f2a177a14a8d5742f486f9a363d08,3f0f4fb2cb626e179a736c95ffb0d8765883b6abfab219345e1a0082d42ddf95,,,2026-08-25T22:56:12.621072+00:00,75d46ecd684a2dc4b6a8e27daff7fed8db3fae5cae653b9ddb3099795df8cd6c,active,,,1,ACCEPTED,ALL_BASELINE_CONTROLS,,,,True,True,True,True,True,False,hSBtJxplmaaBg9TPt9QBihfiJ+FTwlZqUzT5KgjW19I=,3c0106626b021e56ef1f351eb12cbcdc1265a97c46af06a35e92ccf75fbfea14,LVS6iX3xyk+AW89N8K7wd5i2P+GtpUmTpzID/3W7LU4=,5617acd0a0669076dc5e6666232dc6e232eaa963ba236b90d4d375bd88992f3e,nZlI5+ROpc+vVdC4sfzi2UzEPUGbS1lwGIMLMKaoNKY=,d2de0eecb364b6ad6dfd68c57fbb2b61edd7f408c047202d5ab95910a24e2627,,,,,,,,,,,,,,,,,1e1830e0d6939a564c18f18e361ccff433be184c80979ea89c4126be1479ac29,audit_trails/artifacts/accepted_runtime_submissions/T1_Plain_TADP_client_001_r1_3c0106626b021e56__1e1830e0d6939a56.json,,,,,,,,,,,,,73ed62551f564644d2473e1710fa18a4125a2d067230d4a3798ca8aecaea2b8a,50573c1ae3460d22444935368921045a6ab1cc170df2c8eaa45156e17a1b246b,,
162,1271eb8b741b9020ec0e288d7603e5a4,9009c28128737f7948fb54beb932f446c0ce27d5cbdefb4938dce83226ac7abd,2026-08-24T22:56:12.856786+00:00,TADP-SEC/14.0,CLIENT_CIPHERTEXT_BINDING,T1_Plain_TADP,,,,client_001,,,,,,,,,,,,,,,,,,,,,,,,,,,,,,,,,,,,,,,,CIPHERTEXT_BOUND_TO_SIGNED_UPDATE,,,,,,,,,,,,,,,,,C1_PUBLIC,1,,,,,,,,,,,,,e8f409f4de26f36c93e92e3b03bbb88e,,,,,,,,,,,,,,1,VERIFIED,,,,,True,,,,,False,hSBtJxplmaaBg9TPt9QBihfiJ+FTwlZqUzT5KgjW19I=,3c0106626b021e56ef1f351eb12cbcdc1265a97c46af06a35e92ccf75fbfea14,LVS6iX3xyk+AW89N8K7wd5i2P+GtpUmTpzID/3W7LU4=,e96e091380bdb8616962d81910607d0fa08852eb5724e1b3566d80ef469b3abd,nZlI5+ROpc+vVdC4sfzi2UzEPUGbS1lwGIMLMKaoNKY=,d2de0eecb364b6ad6dfd68c57fbb2b61edd7f408c047202d5ab95910a24e2627,plaintext_update_no_noise,reference_python,n=|logq=|scale=|scheme=plain,plain,,,,,,,,,f6a4a3ed9e1bb33940d4bc422dccaa504d40de41eeb1567aa332589c739d8030,,177e7e140920e7a379e380068a2efaa4a38b9fdad3cf746fc43dfc10b3a22ecf,audit_trails/artifacts/ciphertext_attestations/T1_Plain_TADP_client_001_r1_820160b83cdcfcde__177e7e140920e7a3.json,,,,,,,,,,,,,,,50573c1ae3460d22444935368921045a6ab1cc170df2c8eaa45156e17a1b246b,7f255081fd7206d4e57e3b8bd57fa95de73199313597dcedf76dbbbb2b6647b7,,
163,f1be1b74d3b1bf80938a9c2bca72be64,9009c28128737f7948fb54beb932f446c0ce27d5cbdefb4938dce83226ac7abd,2026-08-24T22:56:13.927505+00:00,TADP-SEC/14.0,CLIENT_ACCEPTED_SUBMISSION,T1_Plain_TADP,,,,client_001,,,,,,,,,,,2.3-phase1-fixed-threshold-critical-floor-review-profile,e910eb11d46f5a33a9f6a7d996c6c242f2a4caa089255874076d8ae12155dc94,2e5e1ea61ea1c71b07c235b309bb618daac98643cb3c0843acb266cd6b876512,cd72ec3b4911418e9899eae9aed63fa15aaf66633d0cb863f54d9ac8508d934e,833c0f503995ec3e68f8d11c30f392b1e756db044036faa02ce898eac71d1c91,VALIDATED_EVIDENCE_BUNDLE,,,,,,,,,,,,,,,,,,,,,,,,UPDATE_SUBMITTED_ENFORCED,,False,NOT_REQUIRED_AUTOMATED_POLICY,False,,,,,,,,,,,,,C1_PUBLIC,1,,,,,,,,6401d449cad49398af2f5e4da9bd6c0fbdde3a2a57f8a422907de7f0354cd145,71adf2c7741ed63f779fe8cebf9b4d1363fd18da1c5a49e39f32ec63cb8262f2,,,2026-08-25T22:32:04.883782+00:00,e8f409f4de26f36c93e92e3b03bbb88e,,,,,8610fffb4d28551e71563a74263aaca8a72f2a177a14a8d5742f486f9a363d08,3f0f4fb2cb626e179a736c95ffb0d8765883b6abfab219345e1a0082d42ddf95,,,2026-08-25T22:56:12.621072+00:00,75d46ecd684a2dc4b6a8e27daff7fed8db3fae5cae653b9ddb3099795df8cd6c,active,,,2,ACCEPTED,ALL_BASELINE_CONTROLS,,,,True,True,True,True,True,False,XObsAa9ukV7UoIeTO01x4pxujrIGL5klTA9y4M15c8Y=,66854101f9ff719d64611687477b45ad28c6deb0f0eafd8558a5030b3e8281e5,LVS6iX3xyk+AW89N8K7wd5i2P+GtpUmTpzID/3W7LU4=,1db9701fa4a5835260c92c6681795194795f43243edbdc16f8e3077a11eb95ef,SXUlMKxJvg3VT6UFQfc3plNKe1TMuMk/DTPKw+suxbw=,d2de0eecb364b6ad6dfd68c57fbb2b61edd7f408c047202d5ab95910a24e2627,,,,,,,,,,,,,,,,,563d327b1eac44f50146887c1ea35a1578ad7958e82e1ebdff91db4078b74213,audit_trails/artifacts/accepted_runtime_submissions/T1_Plain_TADP_client_001_r2_66854101f9ff719d__563d327b1eac44f5.json,,,,,,,,,,,,,7f255081fd7206d4e57e3b8bd57fa95de73199313597dcedf76dbbbb2b6647b7,234fbaaa60f55b00d92c59055489d537a36326fef5103895377d8711c0d96b38,,
164,7d4f41ce4857ed131d1604d3e57adc0f,9009c28128737f7948fb54beb932f446c0ce27d5cbdefb4938dce83226ac7abd,2026-08-24T22:56:13.946375+00:00,TADP-SEC/14.0,CLIENT_CIPHERTEXT_BINDING,T1_Plain_TADP,,,,client_001,,,,,,,,,,,,,,,,,,,,,,,,,,,,,,,,,,,,,,,,CIPHERTEXT_BOUND_TO_SIGNED_UPDATE,,,,,,,,,,,,,,,,,C1_PUBLIC,1,,,,,,,,,,,,,e8f409f4de26f36c93e92e3b03bbb88e,,,,,,,,,,,,,,2,VERIFIED,,,,,True,,,,,False,XObsAa9ukV7UoIeTO01x4pxujrIGL5klTA9y4M15c8Y=,66854101f9ff719d64611687477b45ad28c6deb0f0eafd8558a5030b3e8281e5,LVS6iX3xyk+AW89N8K7wd5i2P+GtpUmTpzID/3W7LU4=,9483686262e3573fe67515e226014430946aa610c56894fd695fae1afed7016f,SXUlMKxJvg3VT6UFQfc3plNKe1TMuMk/DTPKw+suxbw=,d2de0eecb364b6ad6dfd68c57fbb2b61edd7f408c047202d5ab95910a24e2627,plaintext_update_no_noise,reference_python,n=|logq=|scale=|scheme=plain,plain,,,,,,,,,f6a4a3ed9e1bb33940d4bc422dccaa504d40de41eeb1567aa332589c739d8030,,f3dc4a5fdfd9d24c9774f353fb421f901303a0937a2bdc53c120d718f31f4962,audit_trails/artifacts/ciphertext_attestations/T1_Plain_TADP_client_001_r2_15733085cd3ae1ec__f3dc4a5fdfd9d24c.json,,,,,,,,,,,,,,,234fbaaa60f55b00d92c59055489d537a36326fef5103895377d8711c0d96b38,ef0e094f2c1ffb0bf0ba29307a121a37ded1ecd5db9fa6104a2298fe4bbd519c,,
165,48049aa93c5b073931701d746f8027b0,9009c28128737f7948fb54beb932f446c0ce27d5cbdefb4938dce83226ac7abd,2026-08-24T22:56:15.018007+00:00,TADP-SEC/14.0,CLIENT_ACCEPTED_SUBMISSION,T1_Plain_TADP,,,,client_001,,,,,,,,,,,2.3-phase1-fixed-threshold-critical-floor-review-profile,e910eb11d46f5a33a9f6a7d996c6c242f2a4caa089255874076d8ae12155dc94,2e5e1ea61ea1c71b07c235b309bb618daac98643cb3c0843acb266cd6b876512,cd72ec3b4911418e9899eae9aed63fa15aaf66633d0cb863f54d9ac8508d934e,833c0f503995ec3e68f8d11c30f392b1e756db044036faa02ce898eac71d1c91,VALIDATED_EVIDENCE_BUNDLE,,,,,,,,,,,,,,,,,,,,,,,,UPDATE_SUBMITTED_ENFORCED,,False,NOT_REQUIRED_AUTOMATED_POLICY,False,,,,,,,,,,,,,C1_PUBLIC,1,,,,,,,,6401d449cad49398af2f5e4da9bd6c0fbdde3a2a57f8a422907de7f0354cd145,71adf2c7741ed63f779fe8cebf9b4d1363fd18da1c5a49e39f32ec63cb8262f2,,,2026-08-25T22:32:04.883782+00:00,e8f409f4de26f36c93e92e3b03bbb88e,,,,,8610fffb4d28551e71563a74263aaca8a72f2a177a14a8d5742f486f9a363d08,3f0f4fb2cb626e179a736c95ffb0d8765883b6abfab219345e1a0082d42ddf95,,,2026-08-25T22:56:12.621072+00:00,75d46ecd684a2dc4b6a8e27daff7fed8db3fae5cae653b9ddb3099795df8cd6c,active,,,3,ACCEPTED,ALL_BASELINE_CONTROLS,,,,True,True,True,True,True,False,BGEQNCGLSD6ZcjzYuAMhOKdFJMZjMu0Xx/oOki1sUvw=,0874ff11e3fbb972b4800501d5d75ab4116da8e0cda9fe7319de2f8c922e040f,LVS6iX3xyk+AW89N8K7wd5i2P+GtpUmTpzID/3W7LU4=,1d043f5f8c234cb74c0335cc1e8fac77570a6e6bc39fb8557a43cb6da670ae29,C1ErklOhMq6GwaSQaj/4CtNY6iipsM7DQlLZNTYxZjM=,d2de0eecb364b6ad6dfd68c57fbb2b61edd7f408c047202d5ab95910a24e2627,,,,,,,,,,,,,,,,,2867b3a6b6ce33d10e9b4df7081864e42d190461ee027b8ccc094b60a9787e14,audit_trails/artifacts/accepted_runtime_submissions/T1_Plain_TADP_client_001_r3_0874ff11e3fbb972__2867b3a6b6ce33d1.json,,,,,,,,,,,,,ef0e094f2c1ffb0bf0ba29307a121a37ded1ecd5db9fa6104a2298fe4bbd519c,8871f2ff0ae74b32fb458229e72e43953fb52352702936fbe5620bb224a3f975,,
166,f4709248c5945695905b113162401912,9009c28128737f7948fb54beb932f446c0ce27d5cbdefb4938dce83226ac7abd,2026-08-24T22:56:15.042009+00:00,TADP-SEC/14.0,CLIENT_CIPHERTEXT_BINDING,T1_Plain_TADP,,,,client_001,,,,,,,,,,,,,,,,,,,,,,,,,,,,,,,,,,,,,,,,CIPHERTEXT_BOUND_TO_SIGNED_UPDATE,,,,,,,,,,,,,,,,,C1_PUBLIC,1,,,,,,,,,,,,,e8f409f4de26f36c93e92e3b03bbb88e,,,,,,,,,,,,,,3,VERIFIED,,,,,True,,,,,False,BGEQNCGLSD6ZcjzYuAMhOKdFJMZjMu0Xx/oOki1sUvw=,0874ff11e3fbb972b4800501d5d75ab4116da8e0cda9fe7319de2f8c922e040f,LVS6iX3xyk+AW89N8K7wd5i2P+GtpUmTpzID/3W7LU4=,63a690c7a7149cb5b1aef727fde78936f0b042eec3d4e4c14a746101bc3a858a,C1ErklOhMq6GwaSQaj/4CtNY6iipsM7DQlLZNTYxZjM=,d2de0eecb364b6ad6dfd68c57fbb2b61edd7f408c047202d5ab95910a24e2627,plaintext_update_no_noise,reference_python,n=|logq=|scale=|scheme=plain,plain,,,,,,,,,f6a4a3ed9e1bb33940d4bc422dccaa504d40de41eeb1567aa332589c739d8030,,20f448fca911d62e5af355540623a6a577c2217071587a49d3e9bb6d0bdf050c,audit_trails/artifacts/ciphertext_attestations/T1_Plain_TADP_client_001_r3_1278575aff5e52d2__20f448fca911d62e.json,,,,,,,,,,,,,,,8871f2ff0ae74b32fb458229e72e43953fb52352702936fbe5620bb224a3f975,228616c063bc8f02ad0fb1778066763d58805a38af040facc259aeeb0673a2b3,,
167,29f5e214af5dd6dad0d1d00aa173aa02,9009c28128737f7948fb54beb932f446c0ce27d5cbdefb4938dce83226ac7abd,2026-08-24T22:56:16.377355+00:00,TADP-SEC/14.0,CLIENT_ACCEPTED_SUBMISSION,T1_Plain_TADP,,,,client_001,,,,,,,,,,,2.3-phase1-fixed-threshold-critical-floor-review-profile,e910eb11d46f5a33a9f6a7d996c6c242f2a4caa089255874076d8ae12155dc94,2e5e1ea61ea1c71b07c235b309bb618daac98643cb3c0843acb266cd6b876512,cd72ec3b4911418e9899eae9aed63fa15aaf66633d0cb863f54d9ac8508d934e,833c0f503995ec3e68f8d11c30f392b1e756db044036faa02ce898eac71d1c91,VALIDATED_EVIDENCE_BUNDLE,,,,,,,,,,,,,,,,,,,,,,,,UPDATE_SUBMITTED_ENFORCED,,False,NOT_REQUIRED_AUTOMATED_POLICY,False,,,,,,,,,,,,,C1_PUBLIC,1,,,,,,,,6401d449cad49398af2f5e4da9bd6c0fbdde3a2a57f8a422907de7f0354cd145,71adf2c7741ed63f779fe8cebf9b4d1363fd18da1c5a49e39f32ec63cb8262f2,,,2026-08-25T22:32:04.883782+00:00,e8f409f4de26f36c93e92e3b03bbb88e,,,,,8610fffb4d28551e71563a74263aaca8a72f2a177a14a8d5742f486f9a363d08,3f0f4fb2cb626e179a736c95ffb0d8765883b6abfab219345e1a0082d42ddf95,,,2026-08-25T22:56:12.621072+00:00,75d46ecd684a2dc4b6a8e27daff7fed8db3fae5cae653b9ddb3099795df8cd6c,active,,,4,ACCEPTED,ALL_BASELINE_CONTROLS,,,,True,True,True,True,True,False,RgE/pbKekCACNEg31TXenbEDQQLSPN9eiyi0mMurDbg=,bdb0c1180bf8665bc064837421fd9727c8e442495ed186afb08e8cfabf1ecd7f,LVS6iX3xyk+AW89N8K7wd5i2P+GtpUmTpzID/3W7LU4=,8494aad41b5dec361d3f2b39db877fbdfb0d9117dfb341c8a3e3bebf091a3811,bGinZuLUs66oLzZtDygNFj51E5Mvx7VN6qwddLKp0bw=,d2de0eecb364b6ad6dfd68c57fbb2b61edd7f408c047202d5ab95910a24e2627,,,,,,,,,,,,,,,,,04c8598c61edc850abc4a2dd89307ff07308c272bcca536b126adeb51ebfc455,audit_trails/artifacts/accepted_runtime_submissions/T1_Plain_TADP_client_001_r4_bdb0c1180bf8665b__04c8598c61edc850.json,,,,,,,,,,,,,228616c063bc8f02ad0fb1778066763d58805a38af040facc259aeeb0673a2b3,aef133bbd2e30c31d07db53b9388cecc3df8da493080996af01fc743efb847c5,,
168,7335e1a2ec1ff3577d474e78cb5c7638,9009c28128737f7948fb54beb932f446c0ce27d5cbdefb4938dce83226ac7abd,2026-08-24T22:56:16.396608+00:00,TADP-SEC/14.0,CLIENT_CIPHERTEXT_BINDING,T1_Plain_TADP,,,,client_001,,,,,,,,,,,,,,,,,,,,,,,,,,,,,,,,,,,,,,,,CIPHERTEXT_BOUND_TO_SIGNED_UPDATE,,,,,,,,,,,,,,,,,C1_PUBLIC,1,,,,,,,,,,,,,e8f409f4de26f36c93e92e3b03bbb88e,,,,,,,,,,,,,,4,VERIFIED,,,,,True,,,,,False,RgE/pbKekCACNEg31TXenbEDQQLSPN9eiyi0mMurDbg=,bdb0c1180bf8665bc064837421fd9727c8e442495ed186afb08e8cfabf1ecd7f,LVS6iX3xyk+AW89N8K7wd5i2P+GtpUmTpzID/3W7LU4=,d97b02459e2c7dc8b8d1da6e6d7ddfc065c1e3ac00ca353bac0afd4ce79cc035,bGinZuLUs66oLzZtDygNFj51E5Mvx7VN6qwddLKp0bw=,d2de0eecb364b6ad6dfd68c57fbb2b61edd7f408c047202d5ab95910a24e2627,plaintext_update_no_noise,reference_python,n=|logq=|scale=|scheme=plain,plain,,,,,,,,,f6a4a3ed9e1bb33940d4bc422dccaa504d40de41eeb1567aa332589c739d8030,,927dafeeed70e4f9791671c746cb973929befd5890e8633a2d97a3bddbac7cbc,audit_trails/artifacts/ciphertext_attestations/T1_Plain_TADP_client_001_r4_69ba18f91c818a35__927dafeeed70e4f9.json,,,,,,,,,,,,,,,aef133bbd2e30c31d07db53b9388cecc3df8da493080996af01fc743efb847c5,9e9474b2ad20e606e387735ef3604837c1f2c4b3dd071c5b190ea84f3eccc979,,
169,a85f9e5f1d3f85608afd2c8241d36316,9009c28128737f7948fb54beb932f446c0ce27d5cbdefb4938dce83226ac7abd,2026-08-24T22:56:17.750809+00:00,TADP-SEC/14.0,CLIENT_ACCEPTED_SUBMISSION,T1_Plain_TADP,,,,client_001,,,,,,,,,,,2.3-phase1-fixed-threshold-critical-floor-review-profile,e910eb11d46f5a33a9f6a7d996c6c242f2a4caa089255874076d8ae12155dc94,2e5e1ea61ea1c71b07c235b309bb618daac98643cb3c0843acb266cd6b876512,cd72ec3b4911418e9899eae9aed63fa15aaf66633d0cb863f54d9ac8508d934e,833c0f503995ec3e68f8d11c30f392b1e756db044036faa02ce898eac71d1c91,VALIDATED_EVIDENCE_BUNDLE,,,,,,,,,,,,,,,,,,,,,,,,UPDATE_SUBMITTED_ENFORCED,,False,NOT_REQUIRED_AUTOMATED_POLICY,False,,,,,,,,,,,,,C1_PUBLIC,1,,,,,,,,6401d449cad49398af2f5e4da9bd6c0fbdde3a2a57f8a422907de7f0354cd145,71adf2c7741ed63f779fe8cebf9b4d1363fd18da1c5a49e39f32ec63cb8262f2,,,2026-08-25T22:32:04.883782+00:00,e8f409f4de26f36c93e92e3b03bbb88e,,,,,8610fffb4d28551e71563a74263aaca8a72f2a177a14a8d5742f486f9a363d08,3f0f4fb2cb626e179a736c95ffb0d8765883b6abfab219345e1a0082d42ddf95,,,2026-08-25T22:56:12.621072+00:00,75d46ecd684a2dc4b6a8e27daff7fed8db3fae5cae653b9ddb3099795df8cd6c,active,,,5,ACCEPTED,ALL_BASELINE_CONTROLS,,,,True,True,True,True,True,False,ZnbsNl/bbFTyC3th2hP6YvSTbHawXFNLnhuWBg8igt4=,b7dd879d33f77275687cfd350f93edc8c1ee0b164fab9d82c4122179483595be,LVS6iX3xyk+AW89N8K7wd5i2P+GtpUmTpzID/3W7LU4=,b45b15d70f8f01774e0aca5ca06ed2f3ddddbe42830cf45308ee1e927e430ed2,zMWTmgJcCfQbWN5RXyrWmAqzyi9Zu1Bng8m18LI42d4=,d2de0eecb364b6ad6dfd68c57fbb2b61edd7f408c047202d5ab95910a24e2627,,,,,,,,,,,,,,,,,c6b6d5b10af18a45e102cfd7cc14cacaaad19116d169ebfa2b9f9e727d8c8e44,audit_trails/artifacts/accepted_runtime_submissions/T1_Plain_TADP_client_001_r5_b7dd879d33f77275__c6b6d5b10af18a45.json,,,,,,,,,,,,,9e9474b2ad20e606e387735ef3604837c1f2c4b3dd071c5b190ea84f3eccc979,132070973b363e9ccd1631580b0751825a5f222c2fc3a8c7038de4eaefb188a1,,
170,d7393616fc8f9abb8c906570d524d9bd,9009c28128737f7948fb54beb932f446c0ce27d5cbdefb4938dce83226ac7abd,2026-08-24T22:56:17.769402+00:00,TADP-SEC/14.0,CLIENT_CIPHERTEXT_BINDING,T1_Plain_TADP,,,,client_001,,,,,,,,,,,,,,,,,,,,,,,,,,,,,,,,,,,,,,,,CIPHERTEXT_BOUND_TO_SIGNED_UPDATE,,,,,,,,,,,,,,,,,C1_PUBLIC,1,,,,,,,,,,,,,e8f409f4de26f36c93e92e3b03bbb88e,,,,,,,,,,,,,,5,VERIFIED,,,,,True,,,,,False,ZnbsNl/bbFTyC3th2hP6YvSTbHawXFNLnhuWBg8igt4=,b7dd879d33f77275687cfd350f93edc8c1ee0b164fab9d82c4122179483595be,LVS6iX3xyk+AW89N8K7wd5i2P+GtpUmTpzID/3W7LU4=,5ce2435ee9e59702d9d58af7175c5f19bbf1eccfb16b659b31b52fb11f745db9,zMWTmgJcCfQbWN5RXyrWmAqzyi9Zu1Bng8m18LI42d4=,d2de0eecb364b6ad6dfd68c57fbb2b61edd7f408c047202d5ab95910a24e2627,plaintext_update_no_noise,reference_python,n=|logq=|scale=|scheme=plain,plain,,,,,,,,,f6a4a3ed9e1bb33940d4bc422dccaa504d40de41eeb1567aa332589c739d8030,,6ab65e2d47c142c1ed2e014956cc4dfbb314fb609fd3d455c93e82b974d19cf7,audit_trails/artifacts/ciphertext_attestations/T1_Plain_TADP_client_001_r5_128abe57f487fa76__6ab65e2d47c142c1.json,,,,,,,,,,,,,,,132070973b363e9ccd1631580b0751825a5f222c2fc3a8c7038de4eaefb188a1,01c4633d7c57c235f01b84f353b8f5ebc24db5cc05280071ccbb2f94074f10d3,,
171,531c26b70e0524e2a319378b63c8d0f2,9009c28128737f7948fb54beb932f446c0ce27d5cbdefb4938dce83226ac7abd,2026-08-24T22:56:18.957511+00:00,TADP-SEC/14.0,CLIENT_ACCEPTED_SUBMISSION,T1_Plain_TADP,,,,client_001,,,,,,,,,,,2.3-phase1-fixed-threshold-critical-floor-review-profile,e910eb11d46f5a33a9f6a7d996c6c242f2a4caa089255874076d8ae12155dc94,2e5e1ea61ea1c71b07c235b309bb618daac98643cb3c0843acb266cd6b876512,cd72ec3b4911418e9899eae9aed63fa15aaf66633d0cb863f54d9ac8508d934e,833c0f503995ec3e68f8d11c30f392b1e756db044036faa02ce898eac71d1c91,VALIDATED_EVIDENCE_BUNDLE,,,,,,,,,,,,,,,,,,,,,,,,UPDATE_SUBMITTED_ENFORCED,,False,NOT_REQUIRED_AUTOMATED_POLICY,False,,,,,,,,,,,,,C1_PUBLIC,1,,,,,,,,6401d449cad49398af2f5e4da9bd6c0fbdde3a2a57f8a422907de7f0354cd145,71adf2c7741ed63f779fe8cebf9b4d1363fd18da1c5a49e39f32ec63cb8262f2,,,2026-08-25T22:32:04.883782+00:00,e8f409f4de26f36c93e92e3b03bbb88e,,,,,8610fffb4d28551e71563a74263aaca8a72f2a177a14a8d5742f486f9a363d08,3f0f4fb2cb626e179a736c95ffb0d8765883b6abfab219345e1a0082d42ddf95,,,2026-08-25T22:56:12.621072+00:00,75d46ecd684a2dc4b6a8e27daff7fed8db3fae5cae653b9ddb3099795df8cd6c,active,,,6,ACCEPTED,ALL_BASELINE_CONTROLS,,,,True,True,True,True,True,False,LIdNRzBkehqXH8437xrsCryzdNjnY0NT83pBcUU+DT0=,fd2398f411f25b9506db25cd6995e6d7cb4396fd1064d062b0d9a8e1725a83a7,LVS6iX3xyk+AW89N8K7wd5i2P+GtpUmTpzID/3W7LU4=,4e585852f82cdcb3d8756d5f7d854066fddd25ceed07608fbcd59b7c2a7d187b,Y4tTmhiT3hCoz4ZoebjKIIIH1aLLBQaAaigsanUN7vc=,d2de0eecb364b6ad6dfd68c57fbb2b61edd7f408c047202d5ab95910a24e2627,,,,,,,,,,,,,,,,,3c7e0337cac857698de6eccc4d3b3524534bc75cdc9e7d82636d4570bc791111,audit_trails/artifacts/accepted_runtime_submissions/T1_Plain_TADP_client_001_r6_fd2398f411f25b95__3c7e0337cac85769.json,,,,,,,,,,,,,01c4633d7c57c235f01b84f353b8f5ebc24db5cc05280071ccbb2f94074f10d3,ee02a651a737a562ae839ae21fe79353a1c1ac16fb149f375c45aac7d12d79bd,,
172,e3ee7666706f97e3fd99a9584b1f8e11,9009c28128737f7948fb54beb932f446c0ce27d5cbdefb4938dce83226ac7abd,2026-08-24T22:56:18.976438+00:00,TADP-SEC/14.0,CLIENT_CIPHERTEXT_BINDING,T1_Plain_TADP,,,,client_001,,,,,,,,,,,,,,,,,,,,,,,,,,,,,,,,,,,,,,,,CIPHERTEXT_BOUND_TO_SIGNED_UPDATE,,,,,,,,,,,,,,,,,C1_PUBLIC,1,,,,,,,,,,,,,e8f409f4de26f36c93e92e3b03bbb88e,,,,,,,,,,,,,,6,VERIFIED,,,,,True,,,,,False,LIdNRzBkehqXH8437xrsCryzdNjnY0NT83pBcUU+DT0=,fd2398f411f25b9506db25cd6995e6d7cb4396fd1064d062b0d9a8e1725a83a7,LVS6iX3xyk+AW89N8K7wd5i2P+GtpUmTpzID/3W7LU4=,4a2842d79578dd765fa0eda0ea85e81f25ad6e6f00ee5518b27b4fcc09b6d9cd,Y4tTmhiT3hCoz4ZoebjKIIIH1aLLBQaAaigsanUN7vc=,d2de0eecb364b6ad6dfd68c57fbb2b61edd7f408c047202d5ab95910a24e2627,plaintext_update_no_noise,reference_python,n=|logq=|scale=|scheme=plain,plain,,,,,,,,,f6a4a3ed9e1bb33940d4bc422dccaa504d40de41eeb1567aa332589c739d8030,,8d2dd1ef53d324f84559108079d3aa3f63c9259289b7000e4cc18237a1cef71b,audit_trails/artifacts/ciphertext_attestations/T1_Plain_TADP_client_001_r6_73565846a81e0467__8d2dd1ef53d324f8.json,,,,,,,,,,,,,,,ee02a651a737a562ae839ae21fe79353a1c1ac16fb149f375c45aac7d12d79bd,550e8826622c134f181818b8e4b8a1eedaf986ef60c36fb4da7ac547bad2be64,,
173,279450144559cdde00094110771a7954,9009c28128737f7948fb54beb932f446c0ce27d5cbdefb4938dce83226ac7abd,2026-08-24T22:56:20.032879+00:00,TADP-SEC/14.0,CLIENT_ACCEPTED_SUBMISSION,T1_Plain_TADP,,,,client_001,,,,,,,,,,,2.3-phase1-fixed-threshold-critical-floor-review-profile,e910eb11d46f5a33a9f6a7d996c6c242f2a4caa089255874076d8ae12155dc94,2e5e1ea61ea1c71b07c235b309bb618daac98643cb3c0843acb266cd6b876512,cd72ec3b4911418e9899eae9aed63fa15aaf66633d0cb863f54d9ac8508d934e,833c0f503995ec3e68f8d11c30f392b1e756db044036faa02ce898eac71d1c91,VALIDATED_EVIDENCE_BUNDLE,,,,,,,,,,,,,,,,,,,,,,,,UPDATE_SUBMITTED_ENFORCED,,False,NOT_REQUIRED_AUTOMATED_POLICY,False,,,,,,,,,,,,,C1_PUBLIC,1,,,,,,,,6401d449cad49398af2f5e4da9bd6c0fbdde3a2a57f8a422907de7f0354cd145,71adf2c7741ed63f779fe8cebf9b4d1363fd18da1c5a49e39f32ec63cb8262f2,,,2026-08-25T22:32:04.883782+00:00,e8f409f4de26f36c93e92e3b03bbb88e,,,,,8610fffb4d28551e71563a74263aaca8a72f2a177a14a8d5742f486f9a363d08,3f0f4fb2cb626e179a736c95ffb0d8765883b6abfab219345e1a0082d42ddf95,,,2026-08-25T22:56:12.621072+00:00,75d46ecd684a2dc4b6a8e27daff7fed8db3fae5cae653b9ddb3099795df8cd6c,active,,,7,ACCEPTED,ALL_BASELINE_CONTROLS,,,,True,True,True,True,True,False,X+1arafRy6MaLf3FcFT1hTyQAX8Z/rRQ446NmYKEtV4=,c008a5d8d9ab0a14d46feab646fb72cff6214640bf920559a4c5257af90a0114,LVS6iX3xyk+AW89N8K7wd5i2P+GtpUmTpzID/3W7LU4=,9cb77d896084245d692c8844ba00a55734ada01372be536fd20e0ae1cc383ffb,YIKPWfQBE4Jpg93KaJjmydbt/8WAWbIc6jB2j7+N+gw=,d2de0eecb364b6ad6dfd68c57fbb2b61edd7f408c047202d5ab95910a24e2627,,,,,,,,,,,,,,,,,38fd70809dee96b07b5bc622710c45ac63a2344c0bcbccf69f90401973ec8661,audit_trails/artifacts/accepted_runtime_submissions/T1_Plain_TADP_client_001_r7_c008a5d8d9ab0a14__38fd70809dee96b0.json,,,,,,,,,,,,,550e8826622c134f181818b8e4b8a1eedaf986ef60c36fb4da7ac547bad2be64,43f5eecaded6b1427e0b64a11d572932605ad1bfaf6ffaab74ef43cfe4258c61,,
174,92755f5419b0d8cdfbd564450abd973f,9009c28128737f7948fb54beb932f446c0ce27d5cbdefb4938dce83226ac7abd,2026-08-24T22:56:20.051496+00:00,TADP-SEC/14.0,CLIENT_CIPHERTEXT_BINDING,T1_Plain_TADP,,,,client_001,,,,,,,,,,,,,,,,,,,,,,,,,,,,,,,,,,,,,,,,CIPHERTEXT_BOUND_TO_SIGNED_UPDATE,,,,,,,,,,,,,,,,,C1_PUBLIC,1,,,,,,,,,,,,,e8f409f4de26f36c93e92e3b03bbb88e,,,,,,,,,,,,,,7,VERIFIED,,,,,True,,,,,False,X+1arafRy6MaLf3FcFT1hTyQAX8Z/rRQ446NmYKEtV4=,c008a5d8d9ab0a14d46feab646fb72cff6214640bf920559a4c5257af90a0114,LVS6iX3xyk+AW89N8K7wd5i2P+GtpUmTpzID/3W7LU4=,fb027ed250afea14018bd46547d33d2f5b09dbeca3db6fd934a455f3db166b63,YIKPWfQBE4Jpg93KaJjmydbt/8WAWbIc6jB2j7+N+gw=,d2de0eecb364b6ad6dfd68c57fbb2b61edd7f408c047202d5ab95910a24e2627,plaintext_update_no_noise,reference_python,n=|logq=|scale=|scheme=plain,plain,,,,,,,,,f6a4a3ed9e1bb33940d4bc422dccaa504d40de41eeb1567aa332589c739d8030,,a4655017417c4ba9f9a293f9c806a33b7d94a68d8b7ef74a7d67896d3bf9d3d3,audit_trails/artifacts/ciphertext_attestations/T1_Plain_TADP_client_001_r7_b485cfe6cb775d4a__a4655017417c4ba9.json,,,,,,,,,,,,,,,43f5eecaded6b1427e0b64a11d572932605ad1bfaf6ffaab74ef43cfe4258c61,1d525002534342ced2550927ec312d8409257a68ba1d20e55d43681f6f1fc866,,
175,f195ce0280fa83fa64a3c1e5dee78f46,9009c28128737f7948fb54beb932f446c0ce27d5cbdefb4938dce83226ac7abd,2026-08-24T22:56:21.092527+00:00,TADP-SEC/14.0,CLIENT_ACCEPTED_SUBMISSION,T1_Plain_TADP,,,,client_001,,,,,,,,,,,2.3-phase1-fixed-threshold-critical-floor-review-profile,e910eb11d46f5a33a9f6a7d996c6c242f2a4caa089255874076d8ae12155dc94,2e5e1ea61ea1c71b07c235b309bb618daac98643cb3c0843acb266cd6b876512,cd72ec3b4911418e9899eae9aed63fa15aaf66633d0cb863f54d9ac8508d934e,833c0f503995ec3e68f8d11c30f392b1e756db044036faa02ce898eac71d1c91,VALIDATED_EVIDENCE_BUNDLE,,,,,,,,,,,,,,,,,,,,,,,,UPDATE_SUBMITTED_ENFORCED,,False,NOT_REQUIRED_AUTOMATED_POLICY,False,,,,,,,,,,,,,C1_PUBLIC,1,,,,,,,,6401d449cad49398af2f5e4da9bd6c0fbdde3a2a57f8a422907de7f0354cd145,71adf2c7741ed63f779fe8cebf9b4d1363fd18da1c5a49e39f32ec63cb8262f2,,,2026-08-25T22:32:04.883782+00:00,e8f409f4de26f36c93e92e3b03bbb88e,,,,,8610fffb4d28551e71563a74263aaca8a72f2a177a14a8d5742f486f9a363d08,3f0f4fb2cb626e179a736c95ffb0d8765883b6abfab219345e1a0082d42ddf95,,,2026-08-25T22:56:12.621072+00:00,75d46ecd684a2dc4b6a8e27daff7fed8db3fae5cae653b9ddb3099795df8cd6c,active,,,8,ACCEPTED,ALL_BASELINE_CONTROLS,,,,True,True,True,True,True,False,Xj5uzDdbYpxbWQ4hKb+q4vUCC4kyq7R+3Ob3D+NwpJE=,ee50abbafcfe3a6375f3c206f8d05c9ad1a5300c5ed55ada2298cce19c7b3bad,LVS6iX3xyk+AW89N8K7wd5i2P+GtpUmTpzID/3W7LU4=,48a7955a7895aa5c4e651caf83565f5ee03343c8e3b44c69063cf14aad140d63,izZeaIrdzyb4dbsn/SjmLLcEbvOl999vlW/nIQYhaR4=,d2de0eecb364b6ad6dfd68c57fbb2b61edd7f408c047202d5ab95910a24e2627,,,,,,,,,,,,,,,,,d7320281be4d7f260680f0bf9e72fd6e4ed2489b6a3b6dff112868b3517b4d88,audit_trails/artifacts/accepted_runtime_submissions/T1_Plain_TADP_client_001_r8_ee50abbafcfe3a63__d7320281be4d7f26.json,,,,,,,,,,,,,1d525002534342ced2550927ec312d8409257a68ba1d20e55d43681f6f1fc866,23b82c68c4e8bc87a4c78736914d4c96d929124474f4b1a08641eaf58f5caad1,,
176,f170e118dd9feb0267896af10c631d01,9009c28128737f7948fb54beb932f446c0ce27d5cbdefb4938dce83226ac7abd,2026-08-24T22:56:21.111721+00:00,TADP-SEC/14.0,CLIENT_CIPHERTEXT_BINDING,T1_Plain_TADP,,,,client_001,,,,,,,,,,,,,,,,,,,,,,,,,,,,,,,,,,,,,,,,CIPHERTEXT_BOUND_TO_SIGNED_UPDATE,,,,,,,,,,,,,,,,,C1_PUBLIC,1,,,,,,,,,,,,,e8f409f4de26f36c93e92e3b03bbb88e,,,,,,,,,,,,,,8,VERIFIED,,,,,True,,,,,False,Xj5uzDdbYpxbWQ4hKb+q4vUCC4kyq7R+3Ob3D+NwpJE=,ee50abbafcfe3a6375f3c206f8d05c9ad1a5300c5ed55ada2298cce19c7b3bad,LVS6iX3xyk+AW89N8K7wd5i2P+GtpUmTpzID/3W7LU4=,3a7425e5ae7454caf73188e9a04ec0bb6844e9fbdd87b6f103446d338a34105b,izZeaIrdzyb4dbsn/SjmLLcEbvOl999vlW/nIQYhaR4=,d2de0eecb364b6ad6dfd68c57fbb2b61edd7f408c047202d5ab95910a24e2627,plaintext_update_no_noise,reference_python,n=|logq=|scale=|scheme=plain,plain,,,,,,,,,f6a4a3ed9e1bb33940d4bc422dccaa504d40de41eeb1567aa332589c739d8030,,5dc86feacb6c7560f3d88857ed17f78014d51219e3678de3a8798f2b0e2436f8,audit_trails/artifacts/ciphertext_attestations/T1_Plain_TADP_client_001_r8_1cb580e4ac5b467e__5dc86feacb6c7560.json,,,,,,,,,,,,,,,23b82c68c4e8bc87a4c78736914d4c96d929124474f4b1a08641eaf58f5caad1,5dc42e86e933c64f6bb0a6237571e3d2cf1dc042ab9b8e6767c6dc04222fe630,,
177,df45624f851e70d9d5bfad6852b695ae,9009c28128737f7948fb54beb932f446c0ce27d5cbdefb4938dce83226ac7abd,2026-08-24T22:56:22.165290+00:00,TADP-SEC/14.0,CLIENT_ACCEPTED_SUBMISSION,T1_Plain_TADP,,,,client_001,,,,,,,,,,,2.3-phase1-fixed-threshold-critical-floor-review-profile,e910eb11d46f5a33a9f6a7d996c6c242f2a4caa089255874076d8ae12155dc94,2e5e1ea61ea1c71b07c235b309bb618daac98643cb3c0843acb266cd6b876512,cd72ec3b4911418e9899eae9aed63fa15aaf66633d0cb863f54d9ac8508d934e,833c0f503995ec3e68f8d11c30f392b1e756db044036faa02ce898eac71d1c91,VALIDATED_EVIDENCE_BUNDLE,,,,,,,,,,,,,,,,,,,,,,,,UPDATE_SUBMITTED_ENFORCED,,False,NOT_REQUIRED_AUTOMATED_POLICY,False,,,,,,,,,,,,,C1_PUBLIC,1,,,,,,,,6401d449cad49398af2f5e4da9bd6c0fbdde3a2a57f8a422907de7f0354cd145,71adf2c7741ed63f779fe8cebf9b4d1363fd18da1c5a49e39f32ec63cb8262f2,,,2026-08-25T22:32:04.883782+00:00,e8f409f4de26f36c93e92e3b03bbb88e,,,,,8610fffb4d28551e71563a74263aaca8a72f2a177a14a8d5742f486f9a363d08,3f0f4fb2cb626e179a736c95ffb0d8765883b6abfab219345e1a0082d42ddf95,,,2026-08-25T22:56:12.621072+00:00,75d46ecd684a2dc4b6a8e27daff7fed8db3fae5cae653b9ddb3099795df8cd6c,active,,,9,ACCEPTED,ALL_BASELINE_CONTROLS,,,,True,True,True,True,True,False,2TA3SGpafO3wpv7oitx3guU34fcYVe05lgYWGBtk+eI=,2d2b04841dcf49461a4561946ee2561f8d9c2d4061d20f8f9f881e8787b8b277,LVS6iX3xyk+AW89N8K7wd5i2P+GtpUmTpzID/3W7LU4=,9b27d5030f0e3ea94832c5e51aa918f5031014c481995889b2d870e8e32aecbb,vp+jYkoylaoFEzjBwEz9htpSAvt52G1VuvR01VpxVAE=,d2de0eecb364b6ad6dfd68c57fbb2b61edd7f408c047202d5ab95910a24e2627,,,,,,,,,,,,,,,,,48738b135540671a2759a83c980179abd36985ecc63491455675b8e0a8a9d284,audit_trails/artifacts/accepted_runtime_submissions/T1_Plain_TADP_client_001_r9_2d2b04841dcf4946__48738b135540671a.json,,,,,,,,,,,,,5dc42e86e933c64f6bb0a6237571e3d2cf1dc042ab9b8e6767c6dc04222fe630,530b0f6ba850364310b58ae1c8d9853f5d2dd2f5ecc57641b55525cc18b44641,,
178,48b469613ba81f77cc2442f162c3436c,9009c28128737f7948fb54beb932f446c0ce27d5cbdefb4938dce83226ac7abd,2026-08-24T22:56:22.183210+00:00,TADP-SEC/14.0,CLIENT_CIPHERTEXT_BINDING,T1_Plain_TADP,,,,client_001,,,,,,,,,,,,,,,,,,,,,,,,,,,,,,,,,,,,,,,,CIPHERTEXT_BOUND_TO_SIGNED_UPDATE,,,,,,,,,,,,,,,,,C1_PUBLIC,1,,,,,,,,,,,,,e8f409f4de26f36c93e92e3b03bbb88e,,,,,,,,,,,,,,9,VERIFIED,,,,,True,,,,,False,2TA3SGpafO3wpv7oitx3guU34fcYVe05lgYWGBtk+eI=,2d2b04841dcf49461a4561946ee2561f8d9c2d4061d20f8f9f881e8787b8b277,LVS6iX3xyk+AW89N8K7wd5i2P+GtpUmTpzID/3W7LU4=,c37b50d1c58483a668363542adcead7157b09b1e0025de23bbe6730ec1d4a39d,vp+jYkoylaoFEzjBwEz9htpSAvt52G1VuvR01VpxVAE=,d2de0eecb364b6ad6dfd68c57fbb2b61edd7f408c047202d5ab95910a24e2627,plaintext_update_no_noise,reference_python,n=|logq=|scale=|scheme=plain,plain,,,,,,,,,f6a4a3ed9e1bb33940d4bc422dccaa504d40de41eeb1567aa332589c739d8030,,b0a8c7cd562633c49fbd3f35ab0bf204d2abad2d267ab57406108986ef3e1d89,audit_trails/artifacts/ciphertext_attestations/T1_Plain_TADP_client_001_r9_ec6dabc6583a06f0__b0a8c7cd562633c4.json,,,,,,,,,,,,,,,530b0f6ba850364310b58ae1c8d9853f5d2dd2f5ecc57641b55525cc18b44641,8b8784ba102bd983efce509c717b713c3a84f62b6212a89b4512e36e4d1e6e77,,
179,fd884df1f78c5e2488ae100f8f75bb0a,9009c28128737f7948fb54beb932f446c0ce27d5cbdefb4938dce83226ac7abd,2026-08-24T22:56:23.231624+00:00,TADP-SEC/14.0,CLIENT_ACCEPTED_SUBMISSION,T1_Plain_TADP,,,,client_001,,,,,,,,,,,2.3-phase1-fixed-threshold-critical-floor-review-profile,e910eb11d46f5a33a9f6a7d996c6c242f2a4caa089255874076d8ae12155dc94,2e5e1ea61ea1c71b07c235b309bb618daac98643cb3c0843acb266cd6b876512,cd72ec3b4911418e9899eae9aed63fa15aaf66633d0cb863f54d9ac8508d934e,833c0f503995ec3e68f8d11c30f392b1e756db044036faa02ce898eac71d1c91,VALIDATED_EVIDENCE_BUNDLE,,,,,,,,,,,,,,,,,,,,,,,,UPDATE_SUBMITTED_ENFORCED,,False,NOT_REQUIRED_AUTOMATED_POLICY,False,,,,,,,,,,,,,C1_PUBLIC,1,,,,,,,,6401d449cad49398af2f5e4da9bd6c0fbdde3a2a57f8a422907de7f0354cd145,71adf2c7741ed63f779fe8cebf9b4d1363fd18da1c5a49e39f32ec63cb8262f2,,,2026-08-25T22:32:04.883782+00:00,e8f409f4de26f36c93e92e3b03bbb88e,,,,,8610fffb4d28551e71563a74263aaca8a72f2a177a14a8d5742f486f9a363d08,3f0f4fb2cb626e179a736c95ffb0d8765883b6abfab219345e1a0082d42ddf95,,,2026-08-25T22:56:12.621072+00:00,75d46ecd684a2dc4b6a8e27daff7fed8db3fae5cae653b9ddb3099795df8cd6c,active,,,10,ACCEPTED,ALL_BASELINE_CONTROLS,,,,True,True,True,True,True,False,NhX8wpf5wRb1enoBR7SZj6HYjGkR3fFbsx6SKeASFMo=,88a5d71594537d957744924387916d97cbbe6a2e0a83e3a9c1fb60597ddf1336,LVS6iX3xyk+AW89N8K7wd5i2P+GtpUmTpzID/3W7LU4=,7ce191b0036c80950bf6f3612f45327c8477ab50926e213f78a5993f828e8e6e,5oHu85t5wfM3aU4Icqiq7SX8m9cjKC0YUZmAs8/sW90=,d2de0eecb364b6ad6dfd68c57fbb2b61edd7f408c047202d5ab95910a24e2627,,,,,,,,,,,,,,,,,fa1db4495eff028eeed76e64c727791ebfc897f401c0db52d0ab0f994f3e6d91,audit_trails/artifacts/accepted_runtime_submissions/T1_Plain_TADP_client_001_r10_88a5d71594537d95__fa1db4495eff028e.json,,,,,,,,,,,,,8b8784ba102bd983efce509c717b713c3a84f62b6212a89b4512e36e4d1e6e77,df289c06b7f4061a4dccd89a5aeb8704da3fe5bbb505d0f87654ea881e8512c8,,
180,240281c83d1555a8820da5357a61b5fe,9009c28128737f7948fb54beb932f446c0ce27d5cbdefb4938dce83226ac7abd,2026-08-24T22:56:23.250753+00:00,TADP-SEC/14.0,CLIENT_CIPHERTEXT_BINDING,T1_Plain_TADP,,,,client_001,,,,,,,,,,,,,,,,,,,,,,,,,,,,,,,,,,,,,,,,CIPHERTEXT_BOUND_TO_SIGNED_UPDATE,,,,,,,,,,,,,,,,,C1_PUBLIC,1,,,,,,,,,,,,,e8f409f4de26f36c93e92e3b03bbb88e,,,,,,,,,,,,,,10,VERIFIED,,,,,True,,,,,False,NhX8wpf5wRb1enoBR7SZj6HYjGkR3fFbsx6SKeASFMo=,88a5d71594537d957744924387916d97cbbe6a2e0a83e3a9c1fb60597ddf1336,LVS6iX3xyk+AW89N8K7wd5i2P+GtpUmTpzID/3W7LU4=,46daf700f8d795864ce99bf93b73fbf6972a086a8368a0b029656089ce17a2c9,5oHu85t5wfM3aU4Icqiq7SX8m9cjKC0YUZmAs8/sW90=,d2de0eecb364b6ad6dfd68c57fbb2b61edd7f408c047202d5ab95910a24e2627,plaintext_update_no_noise,reference_python,n=|logq=|scale=|scheme=plain,plain,,,,,,,,,f6a4a3ed9e1bb33940d4bc422dccaa504d40de41eeb1567aa332589c739d8030,,3439288610a505af9a2fac989b98416ad6c1d218d0ff59dd066d0dd480abdaa0,audit_trails/artifacts/ciphertext_attestations/T1_Plain_TADP_client_001_r10_ca2ccce0672c71c7__3439288610a505af.json,,,,,,,,,,,,,,,df289c06b7f4061a4dccd89a5aeb8704da3fe5bbb505d0f87654ea881e8512c8,47a7c99270c4dd7739936ed6ed6a9b1305ebfb73732f5abbe8fc55fadcd6613b,,
181,48a8995fa814b9f8e98f7f8be8a9e4eb,9009c28128737f7948fb54beb932f446c0ce27d5cbdefb4938dce83226ac7abd,2026-08-24T22:56:24.299589+00:00,TADP-SEC/14.0,CLIENT_ACCEPTED_SUBMISSION,T1_Plain_TADP,,,,client_001,,,,,,,,,,,2.3-phase1-fixed-threshold-critical-floor-review-profile,e910eb11d46f5a33a9f6a7d996c6c242f2a4caa089255874076d8ae12155dc94,2e5e1ea61ea1c71b07c235b309bb618daac98643cb3c0843acb266cd6b876512,cd72ec3b4911418e9899eae9aed63fa15aaf66633d0cb863f54d9ac8508d934e,833c0f503995ec3e68f8d11c30f392b1e756db044036faa02ce898eac71d1c91,VALIDATED_EVIDENCE_BUNDLE,,,,,,,,,,,,,,,,,,,,,,,,UPDATE_SUBMITTED_ENFORCED,,False,NOT_REQUIRED_AUTOMATED_POLICY,False,,,,,,,,,,,,,C1_PUBLIC,1,,,,,,,,6401d449cad49398af2f5e4da9bd6c0fbdde3a2a57f8a422907de7f0354cd145,71adf2c7741ed63f779fe8cebf9b4d1363fd18da1c5a49e39f32ec63cb8262f2,,,2026-08-25T22:32:04.883782+00:00,e8f409f4de26f36c93e92e3b03bbb88e,,,,,8610fffb4d28551e71563a74263aaca8a72f2a177a14a8d5742f486f9a363d08,3f0f4fb2cb626e179a736c95ffb0d8765883b6abfab219345e1a0082d42ddf95,,,2026-08-25T22:56:12.621072+00:00,75d46ecd684a2dc4b6a8e27daff7fed8db3fae5cae653b9ddb3099795df8cd6c,active,,,11,ACCEPTED,ALL_BASELINE_CONTROLS,,,,True,True,True,True,True,False,RXfl2u6HzdyBEa8PmFsBVYnwtncTVBr3ieJ9prVnOwU=,767311115f2bcaff99cadc52dee42c9c71b0ebf101628b9ff14fe3c805197784,LVS6iX3xyk+AW89N8K7wd5i2P+GtpUmTpzID/3W7LU4=,2e72ce348ecd4c641038f4a88f683ebb079edfb3cb25af27c19930644c72a4cb,PBAgnGOTrsLuCD8bc8GduwZBaz78cZhIinBmGpry8ak=,d2de0eecb364b6ad6dfd68c57fbb2b61edd7f408c047202d5ab95910a24e2627,,,,,,,,,,,,,,,,,7dc87c3216e786cb6a279a067709ec900c4b23c6bae6992f78ba4dae2ff08aa2,audit_trails/artifacts/accepted_runtime_submissions/T1_Plain_TADP_client_001_r11_767311115f2bcaff__7dc87c3216e786cb.json,,,,,,,,,,,,,47a7c99270c4dd7739936ed6ed6a9b1305ebfb73732f5abbe8fc55fadcd6613b,29e409697ec87d4db22b66ad43790d6c1270815d1081f741e0e91592068a112d,,
182,ce951c26d4cdf952fb472ffc1cc4c98d,9009c28128737f7948fb54beb932f446c0ce27d5cbdefb4938dce83226ac7abd,2026-08-24T22:56:24.318262+00:00,TADP-SEC/14.0,CLIENT_CIPHERTEXT_BINDING,T1_Plain_TADP,,,,client_001,,,,,,,,,,,,,,,,,,,,,,,,,,,,,,,,,,,,,,,,CIPHERTEXT_BOUND_TO_SIGNED_UPDATE,,,,,,,,,,,,,,,,,C1_PUBLIC,1,,,,,,,,,,,,,e8f409f4de26f36c93e92e3b03bbb88e,,,,,,,,,,,,,,11,VERIFIED,,,,,True,,,,,False,RXfl2u6HzdyBEa8PmFsBVYnwtncTVBr3ieJ9prVnOwU=,767311115f2bcaff99cadc52dee42c9c71b0ebf101628b9ff14fe3c805197784,LVS6iX3xyk+AW89N8K7wd5i2P+GtpUmTpzID/3W7LU4=,a7eb1b4d17c480658d67859ab8cc5e43d197a0c627da2f567939c349b9f9e9bb,PBAgnGOTrsLuCD8bc8GduwZBaz78cZhIinBmGpry8ak=,d2de0eecb364b6ad6dfd68c57fbb2b61edd7f408c047202d5ab95910a24e2627,plaintext_update_no_noise,reference_python,n=|logq=|scale=|scheme=plain,plain,,,,,,,,,f6a4a3ed9e1bb33940d4bc422dccaa504d40de41eeb1567aa332589c739d8030,,f4c1c546946a04792db72cc0be437165b08f66f77b65df62a9ac46516e312e83,audit_trails/artifacts/ciphertext_attestations/T1_Plain_TADP_client_001_r11_7e5ce7a2ea14f694__f4c1c546946a0479.json,,,,,,,,,,,,,,,29e409697ec87d4db22b66ad43790d6c1270815d1081f741e0e91592068a112d,c0899a248555e918e5ffd3674a2f95b6417cf128f8ef9a93815e96529ab99e6a,,
183,6ad0916906a70eb8dd4eac84e0efa1cd,9009c28128737f7948fb54beb932f446c0ce27d5cbdefb4938dce83226ac7abd,2026-08-24T22:56:25.373012+00:00,TADP-SEC/14.0,CLIENT_ACCEPTED_SUBMISSION,T1_Plain_TADP,,,,client_001,,,,,,,,,,,2.3-phase1-fixed-threshold-critical-floor-review-profile,e910eb11d46f5a33a9f6a7d996c6c242f2a4caa089255874076d8ae12155dc94,2e5e1ea61ea1c71b07c235b309bb618daac98643cb3c0843acb266cd6b876512,cd72ec3b4911418e9899eae9aed63fa15aaf66633d0cb863f54d9ac8508d934e,833c0f503995ec3e68f8d11c30f392b1e756db044036faa02ce898eac71d1c91,VALIDATED_EVIDENCE_BUNDLE,,,,,,,,,,,,,,,,,,,,,,,,UPDATE_SUBMITTED_ENFORCED,,False,NOT_REQUIRED_AUTOMATED_POLICY,False,,,,,,,,,,,,,C1_PUBLIC,1,,,,,,,,6401d449cad49398af2f5e4da9bd6c0fbdde3a2a57f8a422907de7f0354cd145,71adf2c7741ed63f779fe8cebf9b4d1363fd18da1c5a49e39f32ec63cb8262f2,,,2026-08-25T22:32:04.883782+00:00,e8f409f4de26f36c93e92e3b03bbb88e,,,,,8610fffb4d28551e71563a74263aaca8a72f2a177a14a8d5742f486f9a363d08,3f0f4fb2cb626e179a736c95ffb0d8765883b6abfab219345e1a0082d42ddf95,,,2026-08-25T22:56:12.621072+00:00,75d46ecd684a2dc4b6a8e27daff7fed8db3fae5cae653b9ddb3099795df8cd6c,active,,,12,ACCEPTED,ALL_BASELINE_CONTROLS,,,,True,True,True,True,True,False,LXys3IBfmCa3pBN4W6jZUlsQhiQJ4+frmZvpVc8emow=,c54378da5ddd98755313600d00ff1a72f6fc1bb3a0fd6477374ee7e3b3818a32,LVS6iX3xyk+AW89N8K7wd5i2P+GtpUmTpzID/3W7LU4=,a3dc0e4dd9374666a11dca286c18cad0920828a7205fc0332b91bacae86d90a8,guXhK5HleE8wpe4Ji2hpTAz5SkjYt0M6QLNJMTmU/kw=,d2de0eecb364b6ad6dfd68c57fbb2b61edd7f408c047202d5ab95910a24e2627,,,,,,,,,,,,,,,,,3354fe668c89e2eab23384ead55c7f42cef8b5a25c112ee8e1fb60e7764d7181,audit_trails/artifacts/accepted_runtime_submissions/T1_Plain_TADP_client_001_r12_c54378da5ddd9875__3354fe668c89e2ea.json,,,,,,,,,,,,,c0899a248555e918e5ffd3674a2f95b6417cf128f8ef9a93815e96529ab99e6a,8b82480cdc5bd9aa2d2c30b83b7ea420fc4ccf01ddc70acb32287b0f17843773,,
184,1509b185d760d87054a00ed926b28db9,9009c28128737f7948fb54beb932f446c0ce27d5cbdefb4938dce83226ac7abd,2026-08-24T22:56:25.392532+00:00,TADP-SEC/14.0,CLIENT_CIPHERTEXT_BINDING,T1_Plain_TADP,,,,client_001,,,,,,,,,,,,,,,,,,,,,,,,,,,,,,,,,,,,,,,,CIPHERTEXT_BOUND_TO_SIGNED_UPDATE,,,,,,,,,,,,,,,,,C1_PUBLIC,1,,,,,,,,,,,,,e8f409f4de26f36c93e92e3b03bbb88e,,,,,,,,,,,,,,12,VERIFIED,,,,,True,,,,,False,LXys3IBfmCa3pBN4W6jZUlsQhiQJ4+frmZvpVc8emow=,c54378da5ddd98755313600d00ff1a72f6fc1bb3a0fd6477374ee7e3b3818a32,LVS6iX3xyk+AW89N8K7wd5i2P+GtpUmTpzID/3W7LU4=,8d2a0b411178d722cc1c751b3e59367600a89f88176840f94ea0660d03218f17,guXhK5HleE8wpe4Ji2hpTAz5SkjYt0M6QLNJMTmU/kw=,d2de0eecb364b6ad6dfd68c57fbb2b61edd7f408c047202d5ab95910a24e2627,plaintext_update_no_noise,reference_python,n=|logq=|scale=|scheme=plain,plain,,,,,,,,,f6a4a3ed9e1bb33940d4bc422dccaa504d40de41eeb1567aa332589c739d8030,,e52614acf7f3c6357d2eed9f9829e3a897a57d0191c46aa1ee3e9ec54ddb8e2c,audit_trails/artifacts/ciphertext_attestations/T1_Plain_TADP_client_001_r12_d0e5f09ebe077aa9__e52614acf7f3c635.json,,,,,,,,,,,,,,,8b82480cdc5bd9aa2d2c30b83b7ea420fc4ccf01ddc70acb32287b0f17843773,01df03a77ab3c6e1e50d3e8298ded36cb9c5b9f538cdd6124f34b8b9580cd19c,,
185,caead2fd13cca5d071a98ef303feb1ef,9009c28128737f7948fb54beb932f446c0ce27d5cbdefb4938dce83226ac7abd,2026-08-24T22:56:26.455975+00:00,TADP-SEC/14.0,CLIENT_ACCEPTED_SUBMISSION,T1_Plain_TADP,,,,client_001,,,,,,,,,,,2.3-phase1-fixed-threshold-critical-floor-review-profile,e910eb11d46f5a33a9f6a7d996c6c242f2a4caa089255874076d8ae12155dc94,2e5e1ea61ea1c71b07c235b309bb618daac98643cb3c0843acb266cd6b876512,cd72ec3b4911418e9899eae9aed63fa15aaf66633d0cb863f54d9ac8508d934e,833c0f503995ec3e68f8d11c30f392b1e756db044036faa02ce898eac71d1c91,VALIDATED_EVIDENCE_BUNDLE,,,,,,,,,,,,,,,,,,,,,,,,UPDATE_SUBMITTED_ENFORCED,,False,NOT_REQUIRED_AUTOMATED_POLICY,False,,,,,,,,,,,,,C1_PUBLIC,1,,,,,,,,6401d449cad49398af2f5e4da9bd6c0fbdde3a2a57f8a422907de7f0354cd145,71adf2c7741ed63f779fe8cebf9b4d1363fd18da1c5a49e39f32ec63cb8262f2,,,2026-08-25T22:32:04.883782+00:00,e8f409f4de26f36c93e92e3b03bbb88e,,,,,8610fffb4d28551e71563a74263aaca8a72f2a177a14a8d5742f486f9a363d08,3f0f4fb2cb626e179a736c95ffb0d8765883b6abfab219345e1a0082d42ddf95,,,2026-08-25T22:56:12.621072+00:00,75d46ecd684a2dc4b6a8e27daff7fed8db3fae5cae653b9ddb3099795df8cd6c,active,,,13,ACCEPTED,ALL_BASELINE_CONTROLS,,,,True,True,True,True,True,False,dscNujmPE9rUo7BOECadDcow2bM5R9FThJOdxEN8Rj0=,0291e3b1b463cecf62bc771e3a6b5f62948cafe93b043f84b45edbb5a4108804,LVS6iX3xyk+AW89N8K7wd5i2P+GtpUmTpzID/3W7LU4=,0914709bd08fe0d76f85d8c865c93b4895ff89839ae2dfaeb4addba478150b6f,x5lhE+0mSbPBKGMH4XiKH3yiXpPsrxZHDCUrsVwdmno=,d2de0eecb364b6ad6dfd68c57fbb2b61edd7f408c047202d5ab95910a24e2627,,,,,,,,,,,,,,,,,621edf5bfde77094c3c08fc99a22b257090eb16436b652eca0d647532574128f,audit_trails/artifacts/accepted_runtime_submissions/T1_Plain_TADP_client_001_r13_0291e3b1b463cecf__621edf5bfde77094.json,,,,,,,,,,,,,01df03a77ab3c6e1e50d3e8298ded36cb9c5b9f538cdd6124f34b8b9580cd19c,6f1f88a21a9d745e6ef0b4f4813e68b2c5bb9f60531698f4cf9d100b44634944,,
186,a1dc2dd234846815d14d3c1045d9399a,9009c28128737f7948fb54beb932f446c0ce27d5cbdefb4938dce83226ac7abd,2026-08-24T22:56:26.475448+00:00,TADP-SEC/14.0,CLIENT_CIPHERTEXT_BINDING,T1_Plain_TADP,,,,client_001,,,,,,,,,,,,,,,,,,,,,,,,,,,,,,,,,,,,,,,,CIPHERTEXT_BOUND_TO_SIGNED_UPDATE,,,,,,,,,,,,,,,,,C1_PUBLIC,1,,,,,,,,,,,,,e8f409f4de26f36c93e92e3b03bbb88e,,,,,,,,,,,,,,13,VERIFIED,,,,,True,,,,,False,dscNujmPE9rUo7BOECadDcow2bM5R9FThJOdxEN8Rj0=,0291e3b1b463cecf62bc771e3a6b5f62948cafe93b043f84b45edbb5a4108804,LVS6iX3xyk+AW89N8K7wd5i2P+GtpUmTpzID/3W7LU4=,c833e3dffdc84e2d0fec53a5a29af9b57c66ba84cec5ead5f078cb6778ac1a91,x5lhE+0mSbPBKGMH4XiKH3yiXpPsrxZHDCUrsVwdmno=,d2de0eecb364b6ad6dfd68c57fbb2b61edd7f408c047202d5ab95910a24e2627,plaintext_update_no_noise,reference_python,n=|logq=|scale=|scheme=plain,plain,,,,,,,,,f6a4a3ed9e1bb33940d4bc422dccaa504d40de41eeb1567aa332589c739d8030,,7bd878de0df1d099d3d59414072b1326bb091a8b1c0d4e116b2dac2f5ffa224f,audit_trails/artifacts/ciphertext_attestations/T1_Plain_TADP_client_001_r13_f6899802256d099b__7bd878de0df1d099.json,,,,,,,,,,,,,,,6f1f88a21a9d745e6ef0b4f4813e68b2c5bb9f60531698f4cf9d100b44634944,cad98606c906cd853965365b8592ddc92cea948c664e1879ec61f59faabb2d00,,
187,35d5b0147c4f47b7b4c66ede8199fac1,9009c28128737f7948fb54beb932f446c0ce27d5cbdefb4938dce83226ac7abd,2026-08-24T22:56:27.531866+00:00,TADP-SEC/14.0,CLIENT_ACCEPTED_SUBMISSION,T1_Plain_TADP,,,,client_001,,,,,,,,,,,2.3-phase1-fixed-threshold-critical-floor-review-profile,e910eb11d46f5a33a9f6a7d996c6c242f2a4caa089255874076d8ae12155dc94,2e5e1ea61ea1c71b07c235b309bb618daac98643cb3c0843acb266cd6b876512,cd72ec3b4911418e9899eae9aed63fa15aaf66633d0cb863f54d9ac8508d934e,833c0f503995ec3e68f8d11c30f392b1e756db044036faa02ce898eac71d1c91,VALIDATED_EVIDENCE_BUNDLE,,,,,,,,,,,,,,,,,,,,,,,,UPDATE_SUBMITTED_ENFORCED,,False,NOT_REQUIRED_AUTOMATED_POLICY,False,,,,,,,,,,,,,C1_PUBLIC,1,,,,,,,,6401d449cad49398af2f5e4da9bd6c0fbdde3a2a57f8a422907de7f0354cd145,71adf2c7741ed63f779fe8cebf9b4d1363fd18da1c5a49e39f32ec63cb8262f2,,,2026-08-25T22:32:04.883782+00:00,e8f409f4de26f36c93e92e3b03bbb88e,,,,,8610fffb4d28551e71563a74263aaca8a72f2a177a14a8d5742f486f9a363d08,3f0f4fb2cb626e179a736c95ffb0d8765883b6abfab219345e1a0082d42ddf95,,,2026-08-25T22:56:12.621072+00:00,75d46ecd684a2dc4b6a8e27daff7fed8db3fae5cae653b9ddb3099795df8cd6c,active,,,14,ACCEPTED,ALL_BASELINE_CONTROLS,,,,True,True,True,True,True,False,tXDixhtZI+aS1Udw3TnOmnFqRdhIh013Zg9akLuXOdA=,b7cbe7d460a35b163d3b3700c6b2fede5a05e618829fe61dbd84cf99d50f08b5,LVS6iX3xyk+AW89N8K7wd5i2P+GtpUmTpzID/3W7LU4=,41c080fbb347074bf8e0404aea163d02f62f06a9c00ded60cc3d94e394794430,1gxBfru5YyuRP5oKGItiRK6Uf2mRuQvwNWLKUOT4TMU=,d2de0eecb364b6ad6dfd68c57fbb2b61edd7f408c047202d5ab95910a24e2627,,,,,,,,,,,,,,,,,0f8f75ce84f9cdf38a14a4ddd730314fba6983e879217b3965a91a202b4e9228,audit_trails/artifacts/accepted_runtime_submissions/T1_Plain_TADP_client_001_r14_b7cbe7d460a35b16__0f8f75ce84f9cdf3.json,,,,,,,,,,,,,cad98606c906cd853965365b8592ddc92cea948c664e1879ec61f59faabb2d00,b9a0dc4deb6cdf226d16abe0b0454f385ba8150a213f07e2b85d2bfe23cee60c,,
188,d70057a541d81b01e417843f48c52bfe,9009c28128737f7948fb54beb932f446c0ce27d5cbdefb4938dce83226ac7abd,2026-08-24T22:56:27.552173+00:00,TADP-SEC/14.0,CLIENT_CIPHERTEXT_BINDING,T1_Plain_TADP,,,,client_001,,,,,,,,,,,,,,,,,,,,,,,,,,,,,,,,,,,,,,,,CIPHERTEXT_BOUND_TO_SIGNED_UPDATE,,,,,,,,,,,,,,,,,C1_PUBLIC,1,,,,,,,,,,,,,e8f409f4de26f36c93e92e3b03bbb88e,,,,,,,,,,,,,,14,VERIFIED,,,,,True,,,,,False,tXDixhtZI+aS1Udw3TnOmnFqRdhIh013Zg9akLuXOdA=,b7cbe7d460a35b163d3b3700c6b2fede5a05e618829fe61dbd84cf99d50f08b5,LVS6iX3xyk+AW89N8K7wd5i2P+GtpUmTpzID/3W7LU4=,37fbc4cf4d01a18838567c4df11ce7b8c456e28d8ab1d1fe1f2d0efe65c98f6b,1gxBfru5YyuRP5oKGItiRK6Uf2mRuQvwNWLKUOT4TMU=,d2de0eecb364b6ad6dfd68c57fbb2b61edd7f408c047202d5ab95910a24e2627,plaintext_update_no_noise,reference_python,n=|logq=|scale=|scheme=plain,plain,,,,,,,,,f6a4a3ed9e1bb33940d4bc422dccaa504d40de41eeb1567aa332589c739d8030,,c4e58768af94c1f2df39ecfd4ed8f124603c17126fc34934efb73496fd804b89,audit_trails/artifacts/ciphertext_attestations/T1_Plain_TADP_client_001_r14_e05b977f7f264cce__c4e58768af94c1f2.json,,,,,,,,,,,,,,,b9a0dc4deb6cdf226d16abe0b0454f385ba8150a213f07e2b85d2bfe23cee60c,55e7a1e27fba9560a24794408c13ce17e79ea4af6ea20fe67686bf17f51fc4c4,,
189,168e9d292880a5129362908ab2b3b0a1,9009c28128737f7948fb54beb932f446c0ce27d5cbdefb4938dce83226ac7abd,2026-08-24T22:56:28.760596+00:00,TADP-SEC/14.0,CLIENT_ACCEPTED_SUBMISSION,T1_Plain_TADP,,,,client_001,,,,,,,,,,,2.3-phase1-fixed-threshold-critical-floor-review-profile,e910eb11d46f5a33a9f6a7d996c6c242f2a4caa089255874076d8ae12155dc94,2e5e1ea61ea1c71b07c235b309bb618daac98643cb3c0843acb266cd6b876512,cd72ec3b4911418e9899eae9aed63fa15aaf66633d0cb863f54d9ac8508d934e,833c0f503995ec3e68f8d11c30f392b1e756db044036faa02ce898eac71d1c91,VALIDATED_EVIDENCE_BUNDLE,,,,,,,,,,,,,,,,,,,,,,,,UPDATE_SUBMITTED_ENFORCED,,False,NOT_REQUIRED_AUTOMATED_POLICY,False,,,,,,,,,,,,,C1_PUBLIC,1,,,,,,,,6401d449cad49398af2f5e4da9bd6c0fbdde3a2a57f8a422907de7f0354cd145,71adf2c7741ed63f779fe8cebf9b4d1363fd18da1c5a49e39f32ec63cb8262f2,,,2026-08-25T22:32:04.883782+00:00,e8f409f4de26f36c93e92e3b03bbb88e,,,,,8610fffb4d28551e71563a74263aaca8a72f2a177a14a8d5742f486f9a363d08,3f0f4fb2cb626e179a736c95ffb0d8765883b6abfab219345e1a0082d42ddf95,,,2026-08-25T22:56:12.621072+00:00,75d46ecd684a2dc4b6a8e27daff7fed8db3fae5cae653b9ddb3099795df8cd6c,active,,,15,ACCEPTED,ALL_BASELINE_CONTROLS,,,,True,True,True,True,True,False,jURY3/D+IiX1CV0fO9vL+mxzAXgliahewT/lqBWL39Y=,deb5b03ebd2f1ad8b1e9d2a7402637117acaff6a5b6fca6e3d70483bc579f16d,LVS6iX3xyk+AW89N8K7wd5i2P+GtpUmTpzID/3W7LU4=,aba78458905f7df53c6a37cf879830edf4fd3a7ab9c12866b7fa035ce9f36694,nTPssV/L7GsA9zIjLT2+2solkmYjgy/wNjZceHfl1Qw=,d2de0eecb364b6ad6dfd68c57fbb2b61edd7f408c047202d5ab95910a24e2627,,,,,,,,,,,,,,,,,8b206fa96a9749b9407a294c6732d5bfcf9cbdb5fb7f45359cb4b698b9496a25,audit_trails/artifacts/accepted_runtime_submissions/T1_Plain_TADP_client_001_r15_deb5b03ebd2f1ad8__8b206fa96a9749b9.json,,,,,,,,,,,,,55e7a1e27fba9560a24794408c13ce17e79ea4af6ea20fe67686bf17f51fc4c4,0e47598150da6a7847a67a07e456dd3b6c8fc84c66b0341e13936fb5573bcd17,,
190,6942cf332c3aa57a03b108964efe1246,9009c28128737f7948fb54beb932f446c0ce27d5cbdefb4938dce83226ac7abd,2026-08-24T22:56:28.783224+00:00,TADP-SEC/14.0,CLIENT_CIPHERTEXT_BINDING,T1_Plain_TADP,,,,client_001,,,,,,,,,,,,,,,,,,,,,,,,,,,,,,,,,,,,,,,,CIPHERTEXT_BOUND_TO_SIGNED_UPDATE,,,,,,,,,,,,,,,,,C1_PUBLIC,1,,,,,,,,,,,,,e8f409f4de26f36c93e92e3b03bbb88e,,,,,,,,,,,,,,15,VERIFIED,,,,,True,,,,,False,jURY3/D+IiX1CV0fO9vL+mxzAXgliahewT/lqBWL39Y=,deb5b03ebd2f1ad8b1e9d2a7402637117acaff6a5b6fca6e3d70483bc579f16d,LVS6iX3xyk+AW89N8K7wd5i2P+GtpUmTpzID/3W7LU4=,72b5090aad2c9d358d2e28a9af9d2fa8c473eeaf04575654fb6b4f6e21eaa6e3,nTPssV/L7GsA9zIjLT2+2solkmYjgy/wNjZceHfl1Qw=,d2de0eecb364b6ad6dfd68c57fbb2b61edd7f408c047202d5ab95910a24e2627,plaintext_update_no_noise,reference_python,n=|logq=|scale=|scheme=plain,plain,,,,,,,,,f6a4a3ed9e1bb33940d4bc422dccaa504d40de41eeb1567aa332589c739d8030,,6f78334eae7383401afcf38776abdd3cfb5590c009215d4e0765fea594f5de55,audit_trails/artifacts/ciphertext_attestations/T1_Plain_TADP_client_001_r15_f500e71bcec4c982__6f78334eae738340.json,,,,,,,,,,,,,,,0e47598150da6a7847a67a07e456dd3b6c8fc84c66b0341e13936fb5573bcd17,52abc6e0727d0115b2891dc0ab2268523eb1a3e59feb0de660e1818a880c7ad0,,
191,c13f48a31003aa72f7451e701b4ae5ea,9009c28128737f7948fb54beb932f446c0ce27d5cbdefb4938dce83226ac7abd,2026-08-24T22:56:30.097539+00:00,TADP-SEC/14.0,CLIENT_ACCEPTED_SUBMISSION,T1_Plain_TADP,,,,client_001,,,,,,,,,,,2.3-phase1-fixed-threshold-critical-floor-review-profile,e910eb11d46f5a33a9f6a7d996c6c242f2a4caa089255874076d8ae12155dc94,2e5e1ea61ea1c71b07c235b309bb618daac98643cb3c0843acb266cd6b876512,cd72ec3b4911418e9899eae9aed63fa15aaf66633d0cb863f54d9ac8508d934e,833c0f503995ec3e68f8d11c30f392b1e756db044036faa02ce898eac71d1c91,VALIDATED_EVIDENCE_BUNDLE,,,,,,,,,,,,,,,,,,,,,,,,UPDATE_SUBMITTED_ENFORCED,,False,NOT_REQUIRED_AUTOMATED_POLICY,False,,,,,,,,,,,,,C1_PUBLIC,1,,,,,,,,6401d449cad49398af2f5e4da9bd6c0fbdde3a2a57f8a422907de7f0354cd145,71adf2c7741ed63f779fe8cebf9b4d1363fd18da1c5a49e39f32ec63cb8262f2,,,2026-08-25T22:32:04.883782+00:00,e8f409f4de26f36c93e92e3b03bbb88e,,,,,8610fffb4d28551e71563a74263aaca8a72f2a177a14a8d5742f486f9a363d08,3f0f4fb2cb626e179a736c95ffb0d8765883b6abfab219345e1a0082d42ddf95,,,2026-08-25T22:56:12.621072+00:00,75d46ecd684a2dc4b6a8e27daff7fed8db3fae5cae653b9ddb3099795df8cd6c,active,,,16,ACCEPTED,ALL_BASELINE_CONTROLS,,,,True,True,True,True,True,False,MlgllHDJIw/iF1SunB0OX/wDTdtHF08INUvmiJ+XvMs=,b6bac81220eeeb624d4e1f2fbacffd177743b10c973c43fcc221ddf10227a2fe,LVS6iX3xyk+AW89N8K7wd5i2P+GtpUmTpzID/3W7LU4=,6dbac2d0f3954b93fff8611da8ef115cfa7fb646da682bda8072a51dbbf2801b,P7AHV1+jtNArtxGLaxUKWwU3h5dIx2MoXTSurGxQvIw=,d2de0eecb364b6ad6dfd68c57fbb2b61edd7f408c047202d5ab95910a24e2627,,,,,,,,,,,,,,,,,667bbb8a5eb28ff0ee41f31f66ae46c64aef8b63f5f8269016229e281153450b,audit_trails/artifacts/accepted_runtime_submissions/T1_Plain_TADP_client_001_r16_b6bac81220eeeb62__667bbb8a5eb28ff0.json,,,,,,,,,,,,,52abc6e0727d0115b2891dc0ab2268523eb1a3e59feb0de660e1818a880c7ad0,3507c870b15181e712e80d75fa1ff11c6bcdeeea4a1bc29149114fd943ebc909,,
192,ac5f6fc10eba1fba8370e154d704aad1,9009c28128737f7948fb54beb932f446c0ce27d5cbdefb4938dce83226ac7abd,2026-08-24T22:56:30.116801+00:00,TADP-SEC/14.0,CLIENT_CIPHERTEXT_BINDING,T1_Plain_TADP,,,,client_001,,,,,,,,,,,,,,,,,,,,,,,,,,,,,,,,,,,,,,,,CIPHERTEXT_BOUND_TO_SIGNED_UPDATE,,,,,,,,,,,,,,,,,C1_PUBLIC,1,,,,,,,,,,,,,e8f409f4de26f36c93e92e3b03bbb88e,,,,,,,,,,,,,,16,VERIFIED,,,,,True,,,,,False,MlgllHDJIw/iF1SunB0OX/wDTdtHF08INUvmiJ+XvMs=,b6bac81220eeeb624d4e1f2fbacffd177743b10c973c43fcc221ddf10227a2fe,LVS6iX3xyk+AW89N8K7wd5i2P+GtpUmTpzID/3W7LU4=,aca4f40796a3af852b85c162af61a6b2411a26d271841281af958fdd03f4ef00,P7AHV1+jtNArtxGLaxUKWwU3h5dIx2MoXTSurGxQvIw=,d2de0eecb364b6ad6dfd68c57fbb2b61edd7f408c047202d5ab95910a24e2627,plaintext_update_no_noise,reference_python,n=|logq=|scale=|scheme=plain,plain,,,,,,,,,f6a4a3ed9e1bb33940d4bc422dccaa504d40de41eeb1567aa332589c739d8030,,f279215a1fa6ce0a525cfbfaddd1bbf36fcdaa0ef9f5e0b0fd76bb9e80e94613,audit_trails/artifacts/ciphertext_attestations/T1_Plain_TADP_client_001_r16_40c40cb050f26e4f__f279215a1fa6ce0a.json,,,,,,,,,,,,,,,3507c870b15181e712e80d75fa1ff11c6bcdeeea4a1bc29149114fd943ebc909,973bb14f6cc7862f3d37abf22aa4dbc747b0fdb4d86c91e4b41b0bd53e417da0,,hOaQRwWP6ESSDDsZOgrHvPhGCOvUXEf3/LRhpnWxWT78cfrmrb5CgrpvemRmVvPAefJ5q1++kISZsNueQkB2elucOSE8viuc7sAnVZWEksucksMgvgxDGC+cvc/V5yEr9NMOFXpyqSPQdaEjMYhRhZX5T05gAyT331ePv1wz+Om2kVLpybPPBrINLz5Gyv+kP0CGw6eLSL5hcWHbNMg2WhvBC3loVgT9Qd0iFoCx5yHZxilFyW2HetEfEjb5nLw28+ito+P0sSlmmreDi1MeRjFLsTK1jPLC/UW5U0/caI7zibEtKSQjG6GTz64rVQFGm0n8yEBSBvZMD7WujAKwyFI5OcocdQmSNm+PM6TqSvZRcBmJvJxsn8bVb2NBInqxGYVci83FKZTaxcfSeTBbj/Jm1BYzbQxnqMW6z7IyS5E7vN1o2tZL2cVdD4F0G8WoxyizfI2VjiZdO0Rx81hAR0OMcuM5BHA5mlPvzPnI5qw/fbFeWlkRPWKL/zyvrai6
193,e21f68b58317577694152040465b90a2,9009c28128737f7948fb54beb932f446c0ce27d5cbdefb4938dce83226ac7abd,2026-08-24T22:56:31.674239+00:00,TADP-SEC/14.0,CLIENT_ACCEPTED_SUBMISSION,T1_Plain_TADP,,,,client_001,,,,,,,,,,,2.3-phase1-fixed-threshold-critical-floor-review-profile,e910eb11d46f5a33a9f6a7d996c6c242f2a4caa089255874076d8ae12155dc94,2e5e1ea61ea1c71b07c235b309bb618daac98643cb3c0843acb266cd6b876512,cd72ec3b4911418e9899eae9aed63fa15aaf66633d0cb863f54d9ac8508d934e,833c0f503995ec3e68f8d11c30f392b1e756db044036faa02ce898eac71d1c91,VALIDATED_EVIDENCE_BUNDLE,,,,,,,,,,,,,,,,,,,,,,,,UPDATE_SUBMITTED_ENFORCED,,False,NOT_REQUIRED_AUTOMATED_POLICY,False,,,,,,,,,,,,,C1_PUBLIC,1,,,,,,,,6401d449cad49398af2f5e4da9bd6c0fbdde3a2a57f8a422907de7f0354cd145,71adf2c7741ed63f779fe8cebf9b4d1363fd18da1c5a49e39f32ec63cb8262f2,,,2026-08-25T22:32:04.883782+00:00,e8f409f4de26f36c93e92e3b03bbb88e,,,,,8610fffb4d28551e71563a74263aaca8a72f2a177a14a8d5742f486f9a363d08,3f0f4fb2cb626e179a736c95ffb0d8765883b6abfab219345e1a0082d42ddf95,,,2026-08-25T22:56:12.621072+00:00,75d46ecd684a2dc4b6a8e27daff7fed8db3fae5cae653b9ddb3099795df8cd6c,active,,,17,ACCEPTED,ALL_BASELINE_CONTROLS,,,,True,True,True,True,True,False,AUzVYqGvV0fyE/LDBbibLm7RiMr8nBeF5n3WVh/Ugyg=,5fec994bc0fabd3547aa37215ce9db0b4cb5910d5201d7e3bf0399a00dc53a09,LVS6iX3xyk+AW89N8K7wd5i2P+GtpUmTpzID/3W7LU4=,33e11bef42e051d64ba94b8c03c654dceee588ff0399eb703156622e9fd24d94,LaO812JYeHs7c/rd/WE3fjeQoTsUb9EqbtkyhQINlVg=,d2de0eecb364b6ad6dfd68c57fbb2b61edd7f408c047202d5ab95910a24e2627,,,,,,,,,,,,,,,,,9bd69589ec15aed0f732b64a0822622b54f49135ddb6f1af34913d08fe22ea0a,audit_trails/artifacts/accepted_runtime_submissions/T1_Plain_TADP_client_001_r17_5fec994bc0fabd35__9bd69589ec15aed0.json,,,,,,,,,,,,,973bb14f6cc7862f3d37abf22aa4dbc747b0fdb4d86c91e4b41b0bd53e417da0,c1de009a3dfd719f560bd5ec6e8ea0c4acc6518345adbab4c79ed56dff01a0fc,,
194,cd35bf9711fb61b13130158194270475,9009c28128737f7948fb54beb932f446c0ce27d5cbdefb4938dce83226ac7abd,2026-08-24T22:56:31.692962+00:00,TADP-SEC/14.0,CLIENT_CIPHERTEXT_BINDING,T1_Plain_TADP,,,,client_001,,,,,,,,,,,,,,,,,,,,,,,,,,,,,,,,,,,,,,,,CIPHERTEXT_BOUND_TO_SIGNED_UPDATE,,,,,,,,,,,,,,,,,C1_PUBLIC,1,,,,,,,,,,,,,e8f409f4de26f36c93e92e3b03bbb88e,,,,,,,,,,,,,,17,VERIFIED,,,,,True,,,,,False,AUzVYqGvV0fyE/LDBbibLm7RiMr8nBeF5n3WVh/Ugyg=,5fec994bc0fabd3547aa37215ce9db0b4cb5910d5201d7e3bf0399a00dc53a09,LVS6iX3xyk+AW89N8K7wd5i2P+GtpUmTpzID/3W7LU4=,3aee9758d7fe56aefcc1a8cbd6d4adcaaa7901043fdc95d96752f65bf3a3bc63,LaO812JYeHs7c/rd/WE3fjeQoTsUb9EqbtkyhQINlVg=,d2de0eecb364b6ad6dfd68c57fbb2b61edd7f408c047202d5ab95910a24e2627,plaintext_update_no_noise,reference_python,n=|logq=|scale=|scheme=plain,plain,,,,,,,,,f6a4a3ed9e1bb33940d4bc422dccaa504d40de41eeb1567aa332589c739d8030,,5dbec8b605ec5f9e0cd1329105a1cead73acae11de9d3ac42eacfd3a6ee9124a,audit_trails/artifacts/ciphertext_attestations/T1_Plain_TADP_client_001_r17_672f1260473b53b0__5dbec8b605ec5f9e.json,,,,,,,,,,,,,,,c1de009a3dfd719f560bd5ec6e8ea0c4acc6518345adbab4c79ed56dff01a0fc,7f3b6ca9aaaff3ce213008af72f432ab8ed04eb81a42398ad8529dd8f9570848,,
195,7aab57fda21174b1080a099b117b6788,9009c28128737f7948fb54beb932f446c0ce27d5cbdefb4938dce83226ac7abd,2026-08-24T22:56:32.804651+00:00,TADP-SEC/14.0,CLIENT_ACCEPTED_SUBMISSION,T1_Plain_TADP,,,,client_001,,,,,,,,,,,2.3-phase1-fixed-threshold-critical-floor-review-profile,e910eb11d46f5a33a9f6a7d996c6c242f2a4caa089255874076d8ae12155dc94,2e5e1ea61ea1c71b07c235b309bb618daac98643cb3c0843acb266cd6b876512,cd72ec3b4911418e9899eae9aed63fa15aaf66633d0cb863f54d9ac8508d934e,833c0f503995ec3e68f8d11c30f392b1e756db044036faa02ce898eac71d1c91,VALIDATED_EVIDENCE_BUNDLE,,,,,,,,,,,,,,,,,,,,,,,,UPDATE_SUBMITTED_ENFORCED,,False,NOT_REQUIRED_AUTOMATED_POLICY,False,,,,,,,,,,,,,C1_PUBLIC,1,,,,,,,,6401d449cad49398af2f5e4da9bd6c0fbdde3a2a57f8a422907de7f0354cd145,71adf2c7741ed63f779fe8cebf9b4d1363fd18da1c5a49e39f32ec63cb8262f2,,,2026-08-25T22:32:04.883782+00:00,e8f409f4de26f36c93e92e3b03bbb88e,,,,,8610fffb4d28551e71563a74263aaca8a72f2a177a14a8d5742f486f9a363d08,3f0f4fb2cb626e179a736c95ffb0d8765883b6abfab219345e1a0082d42ddf95,,,2026-08-25T22:56:12.621072+00:00,75d46ecd684a2dc4b6a8e27daff7fed8db3fae5cae653b9ddb3099795df8cd6c,active,,,18,ACCEPTED,ALL_BASELINE_CONTROLS,,,,True,True,True,True,True,False,tiQNTtRRq65OrHqYlxsEthDMSB/XkTX1hJpA4iq1vvQ=,e5bf02149ea275f837013344cc19cda6ff9a43300361bc7aaafd7c30808eeb34,LVS6iX3xyk+AW89N8K7wd5i2P+GtpUmTpzID/3W7LU4=,8b2966b7044ce6b0c7de3982e00ecb30fe925fd30e5bffada53979a3c534385f,V8oVEA7sB/x5f85VWIs7WC72bWhhbBTlyN192JieAAE=,d2de0eecb364b6ad6dfd68c57fbb2b61edd7f408c047202d5ab95910a24e2627,,,,,,,,,,,,,,,,,cbcf50dc6f806a6a0bba7c3c62e58bf065fd1069f2e1ad8e0f7586e78261aafe,audit_trails/artifacts/accepted_runtime_submissions/T1_Plain_TADP_client_001_r18_e5bf02149ea275f8__cbcf50dc6f806a6a.json,,,,,,,,,,,,,7f3b6ca9aaaff3ce213008af72f432ab8ed04eb81a42398ad8529dd8f9570848,7faa25a6aaad3cd7d522753764914fc6947f324987e202ce3bcfbcd8ba2a4f98,,
196,401cc885e9568df8fcf415d028d72571,9009c28128737f7948fb54beb932f446c0ce27d5cbdefb4938dce83226ac7abd,2026-08-24T22:56:32.822930+00:00,TADP-SEC/14.0,CLIENT_CIPHERTEXT_BINDING,T1_Plain_TADP,,,,client_001,,,,,,,,,,,,,,,,,,,,,,,,,,,,,,,,,,,,,,,,CIPHERTEXT_BOUND_TO_SIGNED_UPDATE,,,,,,,,,,,,,,,,,C1_PUBLIC,1,,,,,,,,,,,,,e8f409f4de26f36c93e92e3b03bbb88e,,,,,,,,,,,,,,18,VERIFIED,,,,,True,,,,,False,tiQNTtRRq65OrHqYlxsEthDMSB/XkTX1hJpA4iq1vvQ=,e5bf02149ea275f837013344cc19cda6ff9a43300361bc7aaafd7c30808eeb34,LVS6iX3xyk+AW89N8K7wd5i2P+GtpUmTpzID/3W7LU4=,f349b9fb50d09e6f256830c48a7b9870f1acb1d39dc1e49a8f02a4e34b3fb2a4,V8oVEA7sB/x5f85VWIs7WC72bWhhbBTlyN192JieAAE=,d2de0eecb364b6ad6dfd68c57fbb2b61edd7f408c047202d5ab95910a24e2627,plaintext_update_no_noise,reference_python,n=|logq=|scale=|scheme=plain,plain,,,,,,,,,f6a4a3ed9e1bb33940d4bc422dccaa504d40de41eeb1567aa332589c739d8030,,377d35787f3fa5923c45b99be77b60b076d06f7fbed6002bffb891b6d6c4ec88,audit_trails/artifacts/ciphertext_attestations/T1_Plain_TADP_client_001_r18_9dbe5902a3907936__377d35787f3fa592.json,,,,,,,,,,,,,,,7faa25a6aaad3cd7d522753764914fc6947f324987e202ce3bcfbcd8ba2a4f98,90f015076ed740337302248f4d07641a382b7557f26aa4929b7d461da41b5d3b,,
197,a916ea24c075ba6dc93cdc7ced968b50,9009c28128737f7948fb54beb932f446c0ce27d5cbdefb4938dce83226ac7abd,2026-08-24T22:56:33.889755+00:00,TADP-SEC/14.0,CLIENT_ACCEPTED_SUBMISSION,T1_Plain_TADP,,,,client_001,,,,,,,,,,,2.3-phase1-fixed-threshold-critical-floor-review-profile,e910eb11d46f5a33a9f6a7d996c6c242f2a4caa089255874076d8ae12155dc94,2e5e1ea61ea1c71b07c235b309bb618daac98643cb3c0843acb266cd6b876512,cd72ec3b4911418e9899eae9aed63fa15aaf66633d0cb863f54d9ac8508d934e,833c0f503995ec3e68f8d11c30f392b1e756db044036faa02ce898eac71d1c91,VALIDATED_EVIDENCE_BUNDLE,,,,,,,,,,,,,,,,,,,,,,,,UPDATE_SUBMITTED_ENFORCED,,False,NOT_REQUIRED_AUTOMATED_POLICY,False,,,,,,,,,,,,,C1_PUBLIC,1,,,,,,,,6401d449cad49398af2f5e4da9bd6c0fbdde3a2a57f8a422907de7f0354cd145,71adf2c7741ed63f779fe8cebf9b4d1363fd18da1c5a49e39f32ec63cb8262f2,,,2026-08-25T22:32:04.883782+00:00,e8f409f4de26f36c93e92e3b03bbb88e,,,,,8610fffb4d28551e71563a74263aaca8a72f2a177a14a8d5742f486f9a363d08,3f0f4fb2cb626e179a736c95ffb0d8765883b6abfab219345e1a0082d42ddf95,,,2026-08-25T22:56:12.621072+00:00,75d46ecd684a2dc4b6a8e27daff7fed8db3fae5cae653b9ddb3099795df8cd6c,active,,,19,ACCEPTED,ALL_BASELINE_CONTROLS,,,,True,True,True,True,True,False,4LmgAlA1WKwuLBdymRA5AQfZoBvTcImP3h5w906Mz7k=,b002084347e1ffc3ae7cdebf23555ab4f31dd4a5435a6bad0758feeff0542126,LVS6iX3xyk+AW89N8K7wd5i2P+GtpUmTpzID/3W7LU4=,07247e627ece0ffd5c0d3843dbda01de7a2ee78c5850bf563a27c9c7b718c358,JF+BxR4P9E9XwBLd07weMlR6s2D8uT/oqn+15WjC43M=,d2de0eecb364b6ad6dfd68c57fbb2b61edd7f408c047202d5ab95910a24e2627,,,,,,,,,,,,,,,,,fbb9fd78c46d205ff4a080fe054827669cd06c78320ae4e1f633e5f3897afc24,audit_trails/artifacts/accepted_runtime_submissions/T1_Plain_TADP_client_001_r19_b002084347e1ffc3__fbb9fd78c46d205f.json,,,,,,,,,,,,,90f015076ed740337302248f4d07641a382b7557f26aa4929b7d461da41b5d3b,89391ee7c7ea256f6b2d703d6de7028eeeddbd1993e860287c0275a7dda0e3b9,,
198,cf94c9404e4fb944ba5d1beb8b375838,9009c28128737f7948fb54beb932f446c0ce27d5cbdefb4938dce83226ac7abd,2026-08-24T22:56:33.911055+00:00,TADP-SEC/14.0,CLIENT_CIPHERTEXT_BINDING,T1_Plain_TADP,,,,client_001,,,,,,,,,,,,,,,,,,,,,,,,,,,,,,,,,,,,,,,,CIPHERTEXT_BOUND_TO_SIGNED_UPDATE,,,,,,,,,,,,,,,,,C1_PUBLIC,1,,,,,,,,,,,,,e8f409f4de26f36c93e92e3b03bbb88e,,,,,,,,,,,,,,19,VERIFIED,,,,,True,,,,,False,4LmgAlA1WKwuLBdymRA5AQfZoBvTcImP3h5w906Mz7k=,b002084347e1ffc3ae7cdebf23555ab4f31dd4a5435a6bad0758feeff0542126,LVS6iX3xyk+AW89N8K7wd5i2P+GtpUmTpzID/3W7LU4=,9d44884ee9038b20c7777725a6308a674a3deebb339e3f8d425d57cc756e08c7,JF+BxR4P9E9XwBLd07weMlR6s2D8uT/oqn+15WjC43M=,d2de0eecb364b6ad6dfd68c57fbb2b61edd7f408c047202d5ab95910a24e2627,plaintext_update_no_noise,reference_python,n=|logq=|scale=|scheme=plain,plain,,,,,,,,,f6a4a3ed9e1bb33940d4bc422dccaa504d40de41eeb1567aa332589c739d8030,,a241d3b47a4e7299945cde0517615bc869e2245a761915b8e7f6ae1e60f513b9,audit_trails/artifacts/ciphertext_attestations/T1_Plain_TADP_client_001_r19_901bcc42a1f283e1__a241d3b47a4e7299.json,,,,,,,,,,,,,,,89391ee7c7ea256f6b2d703d6de7028eeeddbd1993e860287c0275a7dda0e3b9,a253ca5c64344538cfe9e42e536f0c56c9f67fdcf2b6c49d819a4ff7aafae671,,
199,7d9ae5fd2cc09571f6104ac265f90ea0,9009c28128737f7948fb54beb932f446c0ce27d5cbdefb4938dce83226ac7abd,2026-08-24T22:56:34.993846+00:00,TADP-SEC/14.0,CLIENT_ACCEPTED_SUBMISSION,T1_Plain_TADP,,,,client_001,,,,,,,,,,,2.3-phase1-fixed-threshold-critical-floor-review-profile,e910eb11d46f5a33a9f6a7d996c6c242f2a4caa089255874076d8ae12155dc94,2e5e1ea61ea1c71b07c235b309bb618daac98643cb3c0843acb266cd6b876512,cd72ec3b4911418e9899eae9aed63fa15aaf66633d0cb863f54d9ac8508d934e,833c0f503995ec3e68f8d11c30f392b1e756db044036faa02ce898eac71d1c91,VALIDATED_EVIDENCE_BUNDLE,,,,,,,,,,,,,,,,,,,,,,,,UPDATE_SUBMITTED_ENFORCED,,False,NOT_REQUIRED_AUTOMATED_POLICY,False,,,,,,,,,,,,,C1_PUBLIC,1,,,,,,,,6401d449cad49398af2f5e4da9bd6c0fbdde3a2a57f8a422907de7f0354cd145,71adf2c7741ed63f779fe8cebf9b4d1363fd18da1c5a49e39f32ec63cb8262f2,,,2026-08-25T22:32:04.883782+00:00,e8f409f4de26f36c93e92e3b03bbb88e,,,,,8610fffb4d28551e71563a74263aaca8a72f2a177a14a8d5742f486f9a363d08,3f0f4fb2cb626e179a736c95ffb0d8765883b6abfab219345e1a0082d42ddf95,,,2026-08-25T22:56:12.621072+00:00,75d46ecd684a2dc4b6a8e27daff7fed8db3fae5cae653b9ddb3099795df8cd6c,active,,,20,ACCEPTED,ALL_BASELINE_CONTROLS,,,,True,True,True,True,True,False,zwee/v5MmY0y/8/zx7pbBZ1s0x97M2ADdX/JFiJc0yA=,8aeced71451ff1f86431c61bf53f77c543f779aed83bea42b66c63f9b71fa491,LVS6iX3xyk+AW89N8K7wd5i2P+GtpUmTpzID/3W7LU4=,6cebb505e55796bb37317041c2e6062a1021ff462bd11cc2240768da82825725,KBqxfIyFEQI015EbY3kuQRSttdjVX3N+oxgxDsyI62M=,d2de0eecb364b6ad6dfd68c57fbb2b61edd7f408c047202d5ab95910a24e2627,,,,,,,,,,,,,,,,,b594b2a2abe47fd0b4775024fdcfa6fdbf8d1c89e248a2a9ebff572d5c47a7d4,audit_trails/artifacts/accepted_runtime_submissions/T1_Plain_TADP_client_001_r20_8aeced71451ff1f8__b594b2a2abe47fd0.json,,,,,,,,,,,,,a253ca5c64344538cfe9e42e536f0c56c9f67fdcf2b6c49d819a4ff7aafae671,ad1a7e0b9fca8e8556db7af8a9d2d29fd621442a5dacdfc617c4a116247790e6,,
200,3093f819c875ca11e8dfafb744e84e5a,9009c28128737f7948fb54beb932f446c0ce27d5cbdefb4938dce83226ac7abd,2026-08-24T22:56:35.013835+00:00,TADP-SEC/14.0,CLIENT_CIPHERTEXT_BINDING,T1_Plain_TADP,,,,client_001,,,,,,,,,,,,,,,,,,,,,,,,,,,,,,,,,,,,,,,,CIPHERTEXT_BOUND_TO_SIGNED_UPDATE,,,,,,,,,,,,,,,,,C1_PUBLIC,1,,,,,,,,,,,,,e8f409f4de26f36c93e92e3b03bbb88e,,,,,,,,,,,,,,20,VERIFIED,,,,,True,,,,,False,zwee/v5MmY0y/8/zx7pbBZ1s0x97M2ADdX/JFiJc0yA=,8aeced71451ff1f86431c61bf53f77c543f779aed83bea42b66c63f9b71fa491,LVS6iX3xyk+AW89N8K7wd5i2P+GtpUmTpzID/3W7LU4=,d252284be69aea214e3f0d155ed706aac937342b354a999490ee678e3e2412ce,KBqxfIyFEQI015EbY3kuQRSttdjVX3N+oxgxDsyI62M=,d2de0eecb364b6ad6dfd68c57fbb2b61edd7f408c047202d5ab95910a24e2627,plaintext_update_no_noise,reference_python,n=|logq=|scale=|scheme=plain,plain,,,,,,,,,f6a4a3ed9e1bb33940d4bc422dccaa504d40de41eeb1567aa332589c739d8030,,acf6b0178336b821a2875c39a9210511102e963806fbe840f8375f5a997c5e6a,audit_trails/artifacts/ciphertext_attestations/T1_Plain_TADP_client_001_r20_2819660664b45d7b__acf6b0178336b821.json,,,,,,,,,,,,,,,ad1a7e0b9fca8e8556db7af8a9d2d29fd621442a5dacdfc617c4a116247790e6,946f5587fbff4f8d49904f30d3efd55249d03f7912cab15e4482259bddd14f7c,,
201,8a326352012157aaf82fbf7a7bf02f59,9009c28128737f7948fb54beb932f446c0ce27d5cbdefb4938dce83226ac7abd,2026-08-24T22:56:40.255110+00:00,TADP-SEC/14.0,CLIENT_ACCEPTED_SUBMISSION,T2_DF_KS_TADP,,,,client_001,,,,,,,,,,,2.3-phase1-fixed-threshold-critical-floor-review-profile,e910eb11d46f5a33a9f6a7d996c6c242f2a4caa089255874076d8ae12155dc94,2e5e1ea61ea1c71b07c235b309bb618daac98643cb3c0843acb266cd6b876512,cd72ec3b4911418e9899eae9aed63fa15aaf66633d0cb863f54d9ac8508d934e,833c0f503995ec3e68f8d11c30f392b1e756db044036faa02ce898eac71d1c91,VALIDATED_EVIDENCE_BUNDLE,,,,,,,,,,,,,,,,,,,,,,,,UPDATE_SUBMITTED_ENFORCED,,False,NOT_REQUIRED_AUTOMATED_POLICY,False,,,,,,,,,,,,,C2_INTERNAL,2,,,,,,,,6401d449cad49398af2f5e4da9bd6c0fbdde3a2a57f8a422907de7f0354cd145,71adf2c7741ed63f779fe8cebf9b4d1363fd18da1c5a49e39f32ec63cb8262f2,,,2026-08-25T22:32:04.883782+00:00,6256f7bf5ddd223bb3303d8721515102,,,,,99ec8cac3d73a5bb7e04497bbfabfc2fcfc8f1b1222d3a58898ebd4218ddddbe,19702da2dda213cdf98c0d1cfd8cb6d1e2d7d87ab877636216fbea1113f5716e,,,2026-08-25T22:56:39.483475+00:00,75d46ecd684a2dc4b6a8e27daff7fed8db3fae5cae653b9ddb3099795df8cd6c,active,,,1,ACCEPTED,ALL_BASELINE_CONTROLS,,,,True,True,True,True,True,False,jUv2h49ifsy/F+bQK5vxnRasrPqKIT4owJFj+2/SqrA=,cd40c0624f15fa053e9b2508b81e0a2fb969c29a41cef9cbadc4e308ba5ebaaa,LVS6iX3xyk+AW89N8K7wd5i2P+GtpUmTpzID/3W7LU4=,eb86b577ae9400e0947394e8e3f522f878128717677ae89d022ec9a0b3189880,MUKy9PXfefybJdPNavwdKZNHJzbHyDxO2GyrtojA/DA=,d2de0eecb364b6ad6dfd68c57fbb2b61edd7f408c047202d5ab95910a24e2627,,,,,,,,,,,,,,,,,ec0368f570b3b08bc03d86fd3f1f839720ff65b4c0c93735b7a0d78fab40bfaf,audit_trails/artifacts/accepted_runtime_submissions/T2_DF_KS_TADP_client_001_r1_cd40c0624f15fa05__ec0368f570b3b08b.json,,,,,,,,,,,,,946f5587fbff4f8d49904f30d3efd55249d03f7912cab15e4482259bddd14f7c,8ad50e1e8d763edabd9edcb4a0e03ec440fbf6807a77765512413b9e120c275b,,
202,f6c354470875f598ed5c5bb6bea66cb3,9009c28128737f7948fb54beb932f446c0ce27d5cbdefb4938dce83226ac7abd,2026-08-24T22:56:40.283969+00:00,TADP-SEC/14.0,CLIENT_CIPHERTEXT_BINDING,T2_DF_KS_TADP,,,,client_001,,,,,,,,,,,,,,,,,,,,,,,,,,,,,,,,,,,,,,,,CIPHERTEXT_BOUND_TO_SIGNED_UPDATE,,,,,,,,,,,,,,,,,C2_INTERNAL,2,,,,,,,,,,,,,6256f7bf5ddd223bb3303d8721515102,,,,,,,,,,,,,,1,VERIFIED,,,,,True,,,,,False,jUv2h49ifsy/F+bQK5vxnRasrPqKIT4owJFj+2/SqrA=,cd40c0624f15fa053e9b2508b81e0a2fb969c29a41cef9cbadc4e308ba5ebaaa,LVS6iX3xyk+AW89N8K7wd5i2P+GtpUmTpzID/3W7LU4=,236878b14171f4f020e23eb4c5cd0de31483cc290afc35549583aee127888710,MUKy9PXfefybJdPNavwdKZNHJzbHyDxO2GyrtojA/DA=,d2de0eecb364b6ad6dfd68c57fbb2b61edd7f408c047202d5ab95910a24e2627,T2: Modified-DF client encryption; Cloud multiplication/expansion and matrix-M KS after upload,reference_python,DFKS|d=25|lambda=10|m_prime_bits=80|m_bits=800|scale=1000000,df_client:client_001,,,,,,,,,36fafe21ae6f788044bdf5c53c5f24682158f80059b3c55128c8768321ae0d42,,8cd6b7ae41d53102a198494ec4fb4754c088c5d50f27e0d9a2082009b8af1543,audit_trails/artifacts/ciphertext_attestations/T2_DF_KS_TADP_client_001_r1_206e4f7278d202cd__8cd6b7ae41d53102.json,,,,,,,,,,,,,,,8ad50e1e8d763edabd9edcb4a0e03ec440fbf6807a77765512413b9e120c275b,460b7dc03ef44548bbb9c734f9ff34b05c1697c42f7c9be0c9bd891cfc2f8a9f,,
203,5079f384a88ebb77685a16f20ae3fe8f,9009c28128737f7948fb54beb932f446c0ce27d5cbdefb4938dce83226ac7abd,2026-08-24T22:56:46.695648+00:00,TADP-SEC/14.0,CLIENT_ACCEPTED_SUBMISSION,T2_DF_KS_TADP,,,,client_001,,,,,,,,,,,2.3-phase1-fixed-threshold-critical-floor-review-profile,e910eb11d46f5a33a9f6a7d996c6c242f2a4caa089255874076d8ae12155dc94,2e5e1ea61ea1c71b07c235b309bb618daac98643cb3c0843acb266cd6b876512,cd72ec3b4911418e9899eae9aed63fa15aaf66633d0cb863f54d9ac8508d934e,833c0f503995ec3e68f8d11c30f392b1e756db044036faa02ce898eac71d1c91,VALIDATED_EVIDENCE_BUNDLE,,,,,,,,,,,,,,,,,,,,,,,,UPDATE_SUBMITTED_ENFORCED,,False,NOT_REQUIRED_AUTOMATED_POLICY,False,,,,,,,,,,,,,C2_INTERNAL,2,,,,,,,,6401d449cad49398af2f5e4da9bd6c0fbdde3a2a57f8a422907de7f0354cd145,71adf2c7741ed63f779fe8cebf9b4d1363fd18da1c5a49e39f32ec63cb8262f2,,,2026-08-25T22:32:04.883782+00:00,6256f7bf5ddd223bb3303d8721515102,,,,,99ec8cac3d73a5bb7e04497bbfabfc2fcfc8f1b1222d3a58898ebd4218ddddbe,19702da2dda213cdf98c0d1cfd8cb6d1e2d7d87ab877636216fbea1113f5716e,,,2026-08-25T22:56:39.483475+00:00,75d46ecd684a2dc4b6a8e27daff7fed8db3fae5cae653b9ddb3099795df8cd6c,active,,,2,ACCEPTED,ALL_BASELINE_CONTROLS,,,,True,True,True,True,True,False,6Lg1kH0dpOOewac5eAOIMXXnHw+nzf3Kh68h/O1Ktik=,0e645c5be3e3b0c55d4049447d6934a4548860d7f4878fa075e7b05a7e8a8be4,LVS6iX3xyk+AW89N8K7wd5i2P+GtpUmTpzID/3W7LU4=,9bedf1a536343a3621c53eaec0787112f31d7636e8bd63b50e3ca9e73c2d1fc9,zOBKU7PSo6087bRbacqzow1c1tul5Fuqaur2IA1Clr4=,d2de0eecb364b6ad6dfd68c57fbb2b61edd7f408c047202d5ab95910a24e2627,,,,,,,,,,,,,,,,,db09cee038e12c9f735a231c2db4327df85d027f1c18896441c974c917875d71,audit_trails/artifacts/accepted_runtime_submissions/T2_DF_KS_TADP_client_001_r2_0e645c5be3e3b0c5__db09cee038e12c9f.json,,,,,,,,,,,,,460b7dc03ef44548bbb9c734f9ff34b05c1697c42f7c9be0c9bd891cfc2f8a9f,664f39e7f0d6e12f79288a20b7e8fd0683d233288b91e066a9b2e99743d1210c,,
204,7847e380edba621467ed216be21d5137,9009c28128737f7948fb54beb932f446c0ce27d5cbdefb4938dce83226ac7abd,2026-08-24T22:56:46.722540+00:00,TADP-SEC/14.0,CLIENT_CIPHERTEXT_BINDING,T2_DF_KS_TADP,,,,client_001,,,,,,,,,,,,,,,,,,,,,,,,,,,,,,,,,,,,,,,,CIPHERTEXT_BOUND_TO_SIGNED_UPDATE,,,,,,,,,,,,,,,,,C2_INTERNAL,2,,,,,,,,,,,,,6256f7bf5ddd223bb3303d8721515102,,,,,,,,,,,,,,2,VERIFIED,,,,,True,,,,,False,6Lg1kH0dpOOewac5eAOIMXXnHw+nzf3Kh68h/O1Ktik=,0e645c5be3e3b0c55d4049447d6934a4548860d7f4878fa075e7b05a7e8a8be4,LVS6iX3xyk+AW89N8K7wd5i2P+GtpUmTpzID/3W7LU4=,5dadd139b1311ac453593905b3f75768fe1f28d1497ecd1abc7147a3c8a1884f,zOBKU7PSo6087bRbacqzow1c1tul5Fuqaur2IA1Clr4=,d2de0eecb364b6ad6dfd68c57fbb2b61edd7f408c047202d5ab95910a24e2627,T2: Modified-DF client encryption; Cloud multiplication/expansion and matrix-M KS after upload,reference_python,DFKS|d=25|lambda=10|m_prime_bits=80|m_bits=800|scale=1000000,df_client:client_001,,,,,,,,,4648f7388efb03ddff7aaf29e91e8cf0ce652d6a0a5c114285da22aeed5956d1,,4c198be4e61cd2d816599bc0cacad474852a0d2215eb01723eb97b999e0b62b1,audit_trails/artifacts/ciphertext_attestations/T2_DF_KS_TADP_client_001_r2_5b4ce7dcbc8fc6a2__4c198be4e61cd2d8.json,,,,,,,,,,,,,,,664f39e7f0d6e12f79288a20b7e8fd0683d233288b91e066a9b2e99743d1210c,fb29f3d532c944be31f003d0afc0a738be5047fa2a7300b0de43f13fb0ad7912,,
205,9d85f7064f92fbf6b9164f18da7b9a6e,9009c28128737f7948fb54beb932f446c0ce27d5cbdefb4938dce83226ac7abd,2026-08-24T22:56:51.435802+00:00,TADP-SEC/14.0,CLIENT_ACCEPTED_SUBMISSION,T2_DF_KS_TADP,,,,client_001,,,,,,,,,,,2.3-phase1-fixed-threshold-critical-floor-review-profile,e910eb11d46f5a33a9f6a7d996c6c242f2a4caa089255874076d8ae12155dc94,2e5e1ea61ea1c71b07c235b309bb618daac98643cb3c0843acb266cd6b876512,cd72ec3b4911418e9899eae9aed63fa15aaf66633d0cb863f54d9ac8508d934e,833c0f503995ec3e68f8d11c30f392b1e756db044036faa02ce898eac71d1c91,VALIDATED_EVIDENCE_BUNDLE,,,,,,,,,,,,,,,,,,,,,,,,UPDATE_SUBMITTED_ENFORCED,,False,NOT_REQUIRED_AUTOMATED_POLICY,False,,,,,,,,,,,,,C2_INTERNAL,2,,,,,,,,6401d449cad49398af2f5e4da9bd6c0fbdde3a2a57f8a422907de7f0354cd145,71adf2c7741ed63f779fe8cebf9b4d1363fd18da1c5a49e39f32ec63cb8262f2,,,2026-08-25T22:32:04.883782+00:00,6256f7bf5ddd223bb3303d8721515102,,,,,99ec8cac3d73a5bb7e04497bbfabfc2fcfc8f1b1222d3a58898ebd4218ddddbe,19702da2dda213cdf98c0d1cfd8cb6d1e2d7d87ab877636216fbea1113f5716e,,,2026-08-25T22:56:39.483475+00:00,75d46ecd684a2dc4b6a8e27daff7fed8db3fae5cae653b9ddb3099795df8cd6c,active,,,3,ACCEPTED,ALL_BASELINE_CONTROLS,,,,True,True,True,True,True,False,73Y+oVLRI1z/432Vgh2EzbJS+JHtarZlqGTyYFlQpZg=,d1a8a737ad45e31b6b78a973f9cf4cc4f8ea2420f2c8fd21af5830f41a6f92a8,LVS6iX3xyk+AW89N8K7wd5i2P+GtpUmTpzID/3W7LU4=,550cb2f58aa96f6e593782be94d1272c339e28514bac328f356ff97c4a6f2025,vS+Jv+pIiqwoTLs/PvhDBxvXnJQVA/WYL4Rch5Ixaxc=,d2de0eecb364b6ad6dfd68c57fbb2b61edd7f408c047202d5ab95910a24e2627,,,,,,,,,,,,,,,,,d01f260a587bfe4153c6c97099c35929cc460d7384bcb2b491901bc7425bc542,audit_trails/artifacts/accepted_runtime_submissions/T2_DF_KS_TADP_client_001_r3_d1a8a737ad45e31b__d01f260a587bfe41.json,,,,,,,,,,,,,fb29f3d532c944be31f003d0afc0a738be5047fa2a7300b0de43f13fb0ad7912,33e0b7b1425a073e255b7effb385912f063ba5fe24045227e664029c3f07f38c,,
206,da67cebd1858ba3ec43d39ca8461bcc8,9009c28128737f7948fb54beb932f446c0ce27d5cbdefb4938dce83226ac7abd,2026-08-24T22:56:51.470843+00:00,TADP-SEC/14.0,CLIENT_CIPHERTEXT_BINDING,T2_DF_KS_TADP,,,,client_001,,,,,,,,,,,,,,,,,,,,,,,,,,,,,,,,,,,,,,,,CIPHERTEXT_BOUND_TO_SIGNED_UPDATE,,,,,,,,,,,,,,,,,C2_INTERNAL,2,,,,,,,,,,,,,6256f7bf5ddd223bb3303d8721515102,,,,,,,,,,,,,,3,VERIFIED,,,,,True,,,,,False,73Y+oVLRI1z/432Vgh2EzbJS+JHtarZlqGTyYFlQpZg=,d1a8a737ad45e31b6b78a973f9cf4cc4f8ea2420f2c8fd21af5830f41a6f92a8,LVS6iX3xyk+AW89N8K7wd5i2P+GtpUmTpzID/3W7LU4=,6cb5b864c19d3abf8a6752e77f6deff3bbb6d8fbb71743b7fe71f268e1441f2f,vS+Jv+pIiqwoTLs/PvhDBxvXnJQVA/WYL4Rch5Ixaxc=,d2de0eecb364b6ad6dfd68c57fbb2b61edd7f408c047202d5ab95910a24e2627,T2: Modified-DF client encryption; Cloud multiplication/expansion and matrix-M KS after upload,reference_python,DFKS|d=25|lambda=10|m_prime_bits=80|m_bits=800|scale=1000000,df_client:client_001,,,,,,,,,a0f5d728e13b56b178072964e7c30e6c49c8adb13a28f8fbdf8f396ffa57f40a,,ec628b397f32f531171f38b9fca0eecf95a4317a3560625a604b3f1aa020ad5b,audit_trails/artifacts/ciphertext_attestations/T2_DF_KS_TADP_client_001_r3_2dabbf8b67bbcf8f__ec628b397f32f531.json,,,,,,,,,,,,,,,33e0b7b1425a073e255b7effb385912f063ba5fe24045227e664029c3f07f38c,c07b4bd187603386b2430bb715fe504e3cdc59f385c684750017a331860f6725,,
207,5630f01110f76384690208e5582ca494,9009c28128737f7948fb54beb932f446c0ce27d5cbdefb4938dce83226ac7abd,2026-08-24T22:56:56.482093+00:00,TADP-SEC/14.0,CLIENT_ACCEPTED_SUBMISSION,T2_DF_KS_TADP,,,,client_001,,,,,,,,,,,2.3-phase1-fixed-threshold-critical-floor-review-profile,e910eb11d46f5a33a9f6a7d996c6c242f2a4caa089255874076d8ae12155dc94,2e5e1ea61ea1c71b07c235b309bb618daac98643cb3c0843acb266cd6b876512,cd72ec3b4911418e9899eae9aed63fa15aaf66633d0cb863f54d9ac8508d934e,833c0f503995ec3e68f8d11c30f392b1e756db044036faa02ce898eac71d1c91,VALIDATED_EVIDENCE_BUNDLE,,,,,,,,,,,,,,,,,,,,,,,,UPDATE_SUBMITTED_ENFORCED,,False,NOT_REQUIRED_AUTOMATED_POLICY,False,,,,,,,,,,,,,C2_INTERNAL,2,,,,,,,,6401d449cad49398af2f5e4da9bd6c0fbdde3a2a57f8a422907de7f0354cd145,71adf2c7741ed63f779fe8cebf9b4d1363fd18da1c5a49e39f32ec63cb8262f2,,,2026-08-25T22:32:04.883782+00:00,6256f7bf5ddd223bb3303d8721515102,,,,,99ec8cac3d73a5bb7e04497bbfabfc2fcfc8f1b1222d3a58898ebd4218ddddbe,19702da2dda213cdf98c0d1cfd8cb6d1e2d7d87ab877636216fbea1113f5716e,,,2026-08-25T22:56:39.483475+00:00,75d46ecd684a2dc4b6a8e27daff7fed8db3fae5cae653b9ddb3099795df8cd6c,active,,,4,ACCEPTED,ALL_BASELINE_CONTROLS,,,,True,True,True,True,True,False,PmOwPty8PG6UnXPJaLb+N08WU1k9kXLGYVf7v6RaHDU=,acc57cb2625726093283db7c48ce2fd85750351e742bff2a6e180d6a055350e7,LVS6iX3xyk+AW89N8K7wd5i2P+GtpUmTpzID/3W7LU4=,9662480a86af3cd15ce9a2f1828870870460cf27772737606d68618d6fb799a5,lsK5H9IfL/Lts7xdZcu5Q0TK+TxensRxZ2cIHqizVMI=,d2de0eecb364b6ad6dfd68c57fbb2b61edd7f408c047202d5ab95910a24e2627,,,,,,,,,,,,,,,,,5cfa213735395b330d1ac6a28670018731e54a80965b0f7bd864733fbf86eedc,audit_trails/artifacts/accepted_runtime_submissions/T2_DF_KS_TADP_client_001_r4_acc57cb262572609__5cfa213735395b33.json,,,,,,,,,,,,,c07b4bd187603386b2430bb715fe504e3cdc59f385c684750017a331860f6725,848c4f9f01ceed45581e2d1d22f3c81d6276e47fe365165a5d90a41c0c7089ca,,
208,fda59ef636c7913156b4ae61f5fb7e23,9009c28128737f7948fb54beb932f446c0ce27d5cbdefb4938dce83226ac7abd,2026-08-24T22:56:56.514162+00:00,TADP-SEC/14.0,CLIENT_CIPHERTEXT_BINDING,T2_DF_KS_TADP,,,,client_001,,,,,,,,,,,,,,,,,,,,,,,,,,,,,,,,,,,,,,,,CIPHERTEXT_BOUND_TO_SIGNED_UPDATE,,,,,,,,,,,,,,,,,C2_INTERNAL,2,,,,,,,,,,,,,6256f7bf5ddd223bb3303d8721515102,,,,,,,,,,,,,,4,VERIFIED,,,,,True,,,,,False,PmOwPty8PG6UnXPJaLb+N08WU1k9kXLGYVf7v6RaHDU=,acc57cb2625726093283db7c48ce2fd85750351e742bff2a6e180d6a055350e7,LVS6iX3xyk+AW89N8K7wd5i2P+GtpUmTpzID/3W7LU4=,66ac8c6cd792bf387a392090064d0025d37ac887d30611dc37e7719a2f37e328,lsK5H9IfL/Lts7xdZcu5Q0TK+TxensRxZ2cIHqizVMI=,d2de0eecb364b6ad6dfd68c57fbb2b61edd7f408c047202d5ab95910a24e2627,T2: Modified-DF client encryption; Cloud multiplication/expansion and matrix-M KS after upload,reference_python,DFKS|d=25|lambda=10|m_prime_bits=80|m_bits=800|scale=1000000,df_client:client_001,,,,,,,,,f8ef8410892a16e17a9396c730a7b5151fda3c1dd90adb2cc0a26facb4a41292,,02569580d20db26bef2012c1520d1408bd2c2d6af4bb25d1ff06a19a547a0aab,audit_trails/artifacts/ciphertext_attestations/T2_DF_KS_TADP_client_001_r4_bb904f434b1c8e93__02569580d20db26b.json,,,,,,,,,,,,,,,848c4f9f01ceed45581e2d1d22f3c81d6276e47fe365165a5d90a41c0c7089ca,3cfb07f8c2967b3775f19c78e141ba33ed36ad8e76bb7b40dd2413ef995a8cf9,,
209,954ab57a5e6667bdc05e1190da46dc1c,9009c28128737f7948fb54beb932f446c0ce27d5cbdefb4938dce83226ac7abd,2026-08-24T22:57:02.093624+00:00,TADP-SEC/14.0,CLIENT_ACCEPTED_SUBMISSION,T2_DF_KS_TADP,,,,client_001,,,,,,,,,,,2.3-phase1-fixed-threshold-critical-floor-review-profile,e910eb11d46f5a33a9f6a7d996c6c242f2a4caa089255874076d8ae12155dc94,2e5e1ea61ea1c71b07c235b309bb618daac98643cb3c0843acb266cd6b876512,cd72ec3b4911418e9899eae9aed63fa15aaf66633d0cb863f54d9ac8508d934e,833c0f503995ec3e68f8d11c30f392b1e756db044036faa02ce898eac71d1c91,VALIDATED_EVIDENCE_BUNDLE,,,,,,,,,,,,,,,,,,,,,,,,UPDATE_SUBMITTED_ENFORCED,,False,NOT_REQUIRED_AUTOMATED_POLICY,False,,,,,,,,,,,,,C2_INTERNAL,2,,,,,,,,6401d449cad49398af2f5e4da9bd6c0fbdde3a2a57f8a422907de7f0354cd145,71adf2c7741ed63f779fe8cebf9b4d1363fd18da1c5a49e39f32ec63cb8262f2,,,2026-08-25T22:32:04.883782+00:00,6256f7bf5ddd223bb3303d8721515102,,,,,99ec8cac3d73a5bb7e04497bbfabfc2fcfc8f1b1222d3a58898ebd4218ddddbe,19702da2dda213cdf98c0d1cfd8cb6d1e2d7d87ab877636216fbea1113f5716e,,,2026-08-25T22:56:39.483475+00:00,75d46ecd684a2dc4b6a8e27daff7fed8db3fae5cae653b9ddb3099795df8cd6c,active,,,5,ACCEPTED,ALL_BASELINE_CONTROLS,,,,True,True,True,True,True,False,Bzizq4uQ504stmM/XVDKMskir+QHRF4Q5tT3ChqtZE4=,94fd6a286d9130ac36871dd77b832e4539b54fb9cf08a19e84f0ab6a7ee2b20a,LVS6iX3xyk+AW89N8K7wd5i2P+GtpUmTpzID/3W7LU4=,e170440165c4541214192212d293a07161ca2a337467f1917ce260b460c9a919,l677Rh/SC9LnfOOG/zewGWFzsN7U7EphZK73UH1NNtY=,d2de0eecb364b6ad6dfd68c57fbb2b61edd7f408c047202d5ab95910a24e2627,,,,,,,,,,,,,,,,,076d6f0c2f5231a5ac8ed8ce1c0d7c12336c9c7e90ab25edabab5ec6cf80f11d,audit_trails/artifacts/accepted_runtime_submissions/T2_DF_KS_TADP_client_001_r5_94fd6a286d9130ac__076d6f0c2f5231a5.json,,,,,,,,,,,,,3cfb07f8c2967b3775f19c78e141ba33ed36ad8e76bb7b40dd2413ef995a8cf9,dbdde9fce0c6221eefe979b33834c9338edaa7109def06413723d83813b042f3,,
210,eaa3de955be387e7b36f2d86831cb7ea,9009c28128737f7948fb54beb932f446c0ce27d5cbdefb4938dce83226ac7abd,2026-08-24T22:57:02.120624+00:00,TADP-SEC/14.0,CLIENT_CIPHERTEXT_BINDING,T2_DF_KS_TADP,,,,client_001,,,,,,,,,,,,,,,,,,,,,,,,,,,,,,,,,,,,,,,,CIPHERTEXT_BOUND_TO_SIGNED_UPDATE,,,,,,,,,,,,,,,,,C2_INTERNAL,2,,,,,,,,,,,,,6256f7bf5ddd223bb3303d8721515102,,,,,,,,,,,,,,5,VERIFIED,,,,,True,,,,,False,Bzizq4uQ504stmM/XVDKMskir+QHRF4Q5tT3ChqtZE4=,94fd6a286d9130ac36871dd77b832e4539b54fb9cf08a19e84f0ab6a7ee2b20a,LVS6iX3xyk+AW89N8K7wd5i2P+GtpUmTpzID/3W7LU4=,b9b84bc2a07310221b673b670c68f9d4e76708deeb9ba42ff7ced4163b610807,l677Rh/SC9LnfOOG/zewGWFzsN7U7EphZK73UH1NNtY=,d2de0eecb364b6ad6dfd68c57fbb2b61edd7f408c047202d5ab95910a24e2627,T2: Modified-DF client encryption; Cloud multiplication/expansion and matrix-M KS after upload,reference_python,DFKS|d=25|lambda=10|m_prime_bits=80|m_bits=800|scale=1000000,df_client:client_001,,,,,,,,,843d93ed21040ddee08af2193c9b8ca3e9edb012de9eb4432b55ec2ffbcf989d,,314aa1396418c92d4ca53a0802f83cad2adf08d336f33eb11dea65c259e84540,audit_trails/artifacts/ciphertext_attestations/T2_DF_KS_TADP_client_001_r5_6d815018134d3f5d__314aa1396418c92d.json,,,,,,,,,,,,,,,dbdde9fce0c6221eefe979b33834c9338edaa7109def06413723d83813b042f3,44dfd1fb2401ecbf6c5f1895bc07a4bf8f351b63f45909cca229f631631892da,,
211,bd129821cd945f09f6fc4dbd3f0dfe81,9009c28128737f7948fb54beb932f446c0ce27d5cbdefb4938dce83226ac7abd,2026-08-24T22:57:06.886431+00:00,TADP-SEC/14.0,CLIENT_ACCEPTED_SUBMISSION,T2_DF_KS_TADP,,,,client_001,,,,,,,,,,,2.3-phase1-fixed-threshold-critical-floor-review-profile,e910eb11d46f5a33a9f6a7d996c6c242f2a4caa089255874076d8ae12155dc94,2e5e1ea61ea1c71b07c235b309bb618daac98643cb3c0843acb266cd6b876512,cd72ec3b4911418e9899eae9aed63fa15aaf66633d0cb863f54d9ac8508d934e,833c0f503995ec3e68f8d11c30f392b1e756db044036faa02ce898eac71d1c91,VALIDATED_EVIDENCE_BUNDLE,,,,,,,,,,,,,,,,,,,,,,,,UPDATE_SUBMITTED_ENFORCED,,False,NOT_REQUIRED_AUTOMATED_POLICY,False,,,,,,,,,,,,,C2_INTERNAL,2,,,,,,,,6401d449cad49398af2f5e4da9bd6c0fbdde3a2a57f8a422907de7f0354cd145,71adf2c7741ed63f779fe8cebf9b4d1363fd18da1c5a49e39f32ec63cb8262f2,,,2026-08-25T22:32:04.883782+00:00,6256f7bf5ddd223bb3303d8721515102,,,,,99ec8cac3d73a5bb7e04497bbfabfc2fcfc8f1b1222d3a58898ebd4218ddddbe,19702da2dda213cdf98c0d1cfd8cb6d1e2d7d87ab877636216fbea1113f5716e,,,2026-08-25T22:56:39.483475+00:00,75d46ecd684a2dc4b6a8e27daff7fed8db3fae5cae653b9ddb3099795df8cd6c,active,,,6,ACCEPTED,ALL_BASELINE_CONTROLS,,,,True,True,True,True,True,False,SUMwAaG1aaDEtlrPXIS1TODNJW0ai0lLIzJ7B+kBpOU=,9f71b127d320975c2de8d15826229465738b6e36daa478c234273c068b2e51a3,LVS6iX3xyk+AW89N8K7wd5i2P+GtpUmTpzID/3W7LU4=,fabf2e45784b5d2a408efba6efb0594538b9860262aaa0f2d0d5a10c1eb5a8e5,khPlghF2+A5KFQhLb1xiZJeISsm1Gs3ZRlc8Can4vQU=,d2de0eecb364b6ad6dfd68c57fbb2b61edd7f408c047202d5ab95910a24e2627,,,,,,,,,,,,,,,,,0153136b354feff29279a6352df6dfd089da4d98808ec29c33158781001e0f88,audit_trails/artifacts/accepted_runtime_submissions/T2_DF_KS_TADP_client_001_r6_9f71b127d320975c__0153136b354feff2.json,,,,,,,,,,,,,44dfd1fb2401ecbf6c5f1895bc07a4bf8f351b63f45909cca229f631631892da,9edce0e53214e7474316001d0fa59205d43680794080178497e96d1a7a34d6c2,,
212,9e2eb9a62e0ba2abc06e3c1a157f37ea,9009c28128737f7948fb54beb932f446c0ce27d5cbdefb4938dce83226ac7abd,2026-08-24T22:57:06.912773+00:00,TADP-SEC/14.0,CLIENT_CIPHERTEXT_BINDING,T2_DF_KS_TADP,,,,client_001,,,,,,,,,,,,,,,,,,,,,,,,,,,,,,,,,,,,,,,,CIPHERTEXT_BOUND_TO_SIGNED_UPDATE,,,,,,,,,,,,,,,,,C2_INTERNAL,2,,,,,,,,,,,,,6256f7bf5ddd223bb3303d8721515102,,,,,,,,,,,,,,6,VERIFIED,,,,,True,,,,,False,SUMwAaG1aaDEtlrPXIS1TODNJW0ai0lLIzJ7B+kBpOU=,9f71b127d320975c2de8d15826229465738b6e36daa478c234273c068b2e51a3,LVS6iX3xyk+AW89N8K7wd5i2P+GtpUmTpzID/3W7LU4=,7aac9e98e7e7f7898049747f51c08f5be0f80c5fabcaf75cec7d22edc6cd22ff,khPlghF2+A5KFQhLb1xiZJeISsm1Gs3ZRlc8Can4vQU=,d2de0eecb364b6ad6dfd68c57fbb2b61edd7f408c047202d5ab95910a24e2627,T2: Modified-DF client encryption; Cloud multiplication/expansion and matrix-M KS after upload,reference_python,DFKS|d=25|lambda=10|m_prime_bits=80|m_bits=800|scale=1000000,df_client:client_001,,,,,,,,,ac398f8089575c311c515253c15e86b6fc56877d2fa4c6844afde6738f7cee1c,,91d07f571b850804873da6d95262099d2748c99b4094351990a54eaff5760da0,audit_trails/artifacts/ciphertext_attestations/T2_DF_KS_TADP_client_001_r6_549d053bf90a0984__91d07f571b850804.json,,,,,,,,,,,,,,,9edce0e53214e7474316001d0fa59205d43680794080178497e96d1a7a34d6c2,0b6ac7c840560d5b80ac26e059f8e69c803b9f22fcb1e1bc322c42549dbdec90,,
213,909127aadb9025145439636ce8c5324c,9009c28128737f7948fb54beb932f446c0ce27d5cbdefb4938dce83226ac7abd,2026-08-24T22:57:13.187593+00:00,TADP-SEC/14.0,CLIENT_ACCEPTED_SUBMISSION,T2_DF_KS_TADP,,,,client_001,,,,,,,,,,,2.3-phase1-fixed-threshold-critical-floor-review-profile,e910eb11d46f5a33a9f6a7d996c6c242f2a4caa089255874076d8ae12155dc94,2e5e1ea61ea1c71b07c235b309bb618daac98643cb3c0843acb266cd6b876512,cd72ec3b4911418e9899eae9aed63fa15aaf66633d0cb863f54d9ac8508d934e,833c0f503995ec3e68f8d11c30f392b1e756db044036faa02ce898eac71d1c91,VALIDATED_EVIDENCE_BUNDLE,,,,,,,,,,,,,,,,,,,,,,,,UPDATE_SUBMITTED_ENFORCED,,False,NOT_REQUIRED_AUTOMATED_POLICY,False,,,,,,,,,,,,,C2_INTERNAL,2,,,,,,,,6401d449cad49398af2f5e4da9bd6c0fbdde3a2a57f8a422907de7f0354cd145,71adf2c7741ed63f779fe8cebf9b4d1363fd18da1c5a49e39f32ec63cb8262f2,,,2026-08-25T22:32:04.883782+00:00,6256f7bf5ddd223bb3303d8721515102,,,,,99ec8cac3d73a5bb7e04497bbfabfc2fcfc8f1b1222d3a58898ebd4218ddddbe,19702da2dda213cdf98c0d1cfd8cb6d1e2d7d87ab877636216fbea1113f5716e,,,2026-08-25T22:56:39.483475+00:00,75d46ecd684a2dc4b6a8e27daff7fed8db3fae5cae653b9ddb3099795df8cd6c,active,,,7,ACCEPTED,ALL_BASELINE_CONTROLS,,,,True,True,True,True,True,False,fDLRB9+VJ7saxw2Qr2FhfxB7Y0vw6sG+yZF09Keyq5k=,cc0117e732b19c60979861515096305b03540374db66ac66361f7cae92c5e7ed,LVS6iX3xyk+AW89N8K7wd5i2P+GtpUmTpzID/3W7LU4=,b10f854df87157d4f51176748e50f0430f70df290b091a988dec18be4112bf09,N0qbOP+7aHAhXJa87yYFj3o21u6R1XTMDxKhuQzyfXw=,d2de0eecb364b6ad6dfd68c57fbb2b61edd7f408c047202d5ab95910a24e2627,,,,,,,,,,,,,,,,,5bcc65b969401143b8e899684db28b5c76d52909069e0a268907d51d0455a077,audit_trails/artifacts/accepted_runtime_submissions/T2_DF_KS_TADP_client_001_r7_cc0117e732b19c60__5bcc65b969401143.json,,,,,,,,,,,,,0b6ac7c840560d5b80ac26e059f8e69c803b9f22fcb1e1bc322c42549dbdec90,286469907789dde2358f6b331bf0ed68f3e5496de7366626742e38619833d440,,
214,831b4d5d38530177c424f195513a6281,9009c28128737f7948fb54beb932f446c0ce27d5cbdefb4938dce83226ac7abd,2026-08-24T22:57:13.214217+00:00,TADP-SEC/14.0,CLIENT_CIPHERTEXT_BINDING,T2_DF_KS_TADP,,,,client_001,,,,,,,,,,,,,,,,,,,,,,,,,,,,,,,,,,,,,,,,CIPHERTEXT_BOUND_TO_SIGNED_UPDATE,,,,,,,,,,,,,,,,,C2_INTERNAL,2,,,,,,,,,,,,,6256f7bf5ddd223bb3303d8721515102,,,,,,,,,,,,,,7,VERIFIED,,,,,True,,,,,False,fDLRB9+VJ7saxw2Qr2FhfxB7Y0vw6sG+yZF09Keyq5k=,cc0117e732b19c60979861515096305b03540374db66ac66361f7cae92c5e7ed,LVS6iX3xyk+AW89N8K7wd5i2P+GtpUmTpzID/3W7LU4=,ade43dda2c85c9af7ab09b312155476c7af56d2fb127026321b754e01e2a632b,N0qbOP+7aHAhXJa87yYFj3o21u6R1XTMDxKhuQzyfXw=,d2de0eecb364b6ad6dfd68c57fbb2b61edd7f408c047202d5ab95910a24e2627,T2: Modified-DF client encryption; Cloud multiplication/expansion and matrix-M KS after upload,reference_python,DFKS|d=25|lambda=10|m_prime_bits=80|m_bits=800|scale=1000000,df_client:client_001,,,,,,,,,3e999aa524db9a69cbb11df98e4e07bc912e9c8eaf5f6ed0388f1cb9fbe6bada,,9c3db93a659cc9489c6f4846b1db0a00c137c20c4157f938a6b9231a78c44b8a,audit_trails/artifacts/ciphertext_attestations/T2_DF_KS_TADP_client_001_r7_8a435a8d55fec651__9c3db93a659cc948.json,,,,,,,,,,,,,,,286469907789dde2358f6b331bf0ed68f3e5496de7366626742e38619833d440,13cebebec5eaf87fbae4004be5a8f4e24eae71a5cb2314dec68df645d650a413,,
215,fbe68aba24b047606a0bcf0b8b79b3a7,9009c28128737f7948fb54beb932f446c0ce27d5cbdefb4938dce83226ac7abd,2026-08-24T22:57:17.914144+00:00,TADP-SEC/14.0,CLIENT_ACCEPTED_SUBMISSION,T2_DF_KS_TADP,,,,client_001,,,,,,,,,,,2.3-phase1-fixed-threshold-critical-floor-review-profile,e910eb11d46f5a33a9f6a7d996c6c242f2a4caa089255874076d8ae12155dc94,2e5e1ea61ea1c71b07c235b309bb618daac98643cb3c0843acb266cd6b876512,cd72ec3b4911418e9899eae9aed63fa15aaf66633d0cb863f54d9ac8508d934e,833c0f503995ec3e68f8d11c30f392b1e756db044036faa02ce898eac71d1c91,VALIDATED_EVIDENCE_BUNDLE,,,,,,,,,,,,,,,,,,,,,,,,UPDATE_SUBMITTED_ENFORCED,,False,NOT_REQUIRED_AUTOMATED_POLICY,False,,,,,,,,,,,,,C2_INTERNAL,2,,,,,,,,6401d449cad49398af2f5e4da9bd6c0fbdde3a2a57f8a422907de7f0354cd145,71adf2c7741ed63f779fe8cebf9b4d1363fd18da1c5a49e39f32ec63cb8262f2,,,2026-08-25T22:32:04.883782+00:00,6256f7bf5ddd223bb3303d8721515102,,,,,99ec8cac3d73a5bb7e04497bbfabfc2fcfc8f1b1222d3a58898ebd4218ddddbe,19702da2dda213cdf98c0d1cfd8cb6d1e2d7d87ab877636216fbea1113f5716e,,,2026-08-25T22:56:39.483475+00:00,75d46ecd684a2dc4b6a8e27daff7fed8db3fae5cae653b9ddb3099795df8cd6c,active,,,8,ACCEPTED,ALL_BASELINE_CONTROLS,,,,True,True,True,True,True,False,5/5bKu9ubqJZixcWeNlHOKrE3NbUbBECBcSmydnJzrQ=,aaed6fef3bc4ae25fd5e179b8da5610b18f8bfe26af45a0a9f93df2f39317ec3,LVS6iX3xyk+AW89N8K7wd5i2P+GtpUmTpzID/3W7LU4=,71ca103d0ee8d8e684ed2cce17d5c57cfa74b20599ba9a94ea6d2398821c85f8,J2y7tjJ8AKobXj7IYfK7l2zmbdjZ+OgeShPSNbOdkk4=,d2de0eecb364b6ad6dfd68c57fbb2b61edd7f408c047202d5ab95910a24e2627,,,,,,,,,,,,,,,,,8aa4b518d0266cde09ff57b43d2615dab15ccbca9a33c2723d205422c9594ddd,audit_trails/artifacts/accepted_runtime_submissions/T2_DF_KS_TADP_client_001_r8_aaed6fef3bc4ae25__8aa4b518d0266cde.json,,,,,,,,,,,,,13cebebec5eaf87fbae4004be5a8f4e24eae71a5cb2314dec68df645d650a413,7d84062b72ea44911b7ec4ff0b26630049c7d29b20364c9e3093b383afffd151,,
216,bebce8310590889a92fd96725b2571b7,9009c28128737f7948fb54beb932f446c0ce27d5cbdefb4938dce83226ac7abd,2026-08-24T22:57:17.941858+00:00,TADP-SEC/14.0,CLIENT_CIPHERTEXT_BINDING,T2_DF_KS_TADP,,,,client_001,,,,,,,,,,,,,,,,,,,,,,,,,,,,,,,,,,,,,,,,CIPHERTEXT_BOUND_TO_SIGNED_UPDATE,,,,,,,,,,,,,,,,,C2_INTERNAL,2,,,,,,,,,,,,,6256f7bf5ddd223bb3303d8721515102,,,,,,,,,,,,,,8,VERIFIED,,,,,True,,,,,False,5/5bKu9ubqJZixcWeNlHOKrE3NbUbBECBcSmydnJzrQ=,aaed6fef3bc4ae25fd5e179b8da5610b18f8bfe26af45a0a9f93df2f39317ec3,LVS6iX3xyk+AW89N8K7wd5i2P+GtpUmTpzID/3W7LU4=,d2e017fc7781df05209528de70cb76f31d4ace5a2060b8220e8210ebcd01db71,J2y7tjJ8AKobXj7IYfK7l2zmbdjZ+OgeShPSNbOdkk4=,d2de0eecb364b6ad6dfd68c57fbb2b61edd7f408c047202d5ab95910a24e2627,T2: Modified-DF client encryption; Cloud multiplication/expansion and matrix-M KS after upload,reference_python,DFKS|d=25|lambda=10|m_prime_bits=80|m_bits=800|scale=1000000,df_client:client_001,,,,,,,,,096571a947c56a02aa32f9a01e78d5c69d95b60ee0c867d1a629ed086b60e33a,,ba34c8a55b5ad5d0cef04cc1abe8b3d42f281f37f6b630e0ec9e3e88fc421775,audit_trails/artifacts/ciphertext_attestations/T2_DF_KS_TADP_client_001_r8_0752fdb798e7d14d__ba34c8a55b5ad5d0.json,,,,,,,,,,,,,,,7d84062b72ea44911b7ec4ff0b26630049c7d29b20364c9e3093b383afffd151,3f0cb3345180c89f9a1e7d729cff71276130acf4282d981d51d4bd525ac6a621,,
217,22b12040d35e56d056d46756de578198,9009c28128737f7948fb54beb932f446c0ce27d5cbdefb4938dce83226ac7abd,2026-08-24T22:57:22.763167+00:00,TADP-SEC/14.0,CLIENT_ACCEPTED_SUBMISSION,T2_DF_KS_TADP,,,,client_001,,,,,,,,,,,2.3-phase1-fixed-threshold-critical-floor-review-profile,e910eb11d46f5a33a9f6a7d996c6c242f2a4caa089255874076d8ae12155dc94,2e5e1ea61ea1c71b07c235b309bb618daac98643cb3c0843acb266cd6b876512,cd72ec3b4911418e9899eae9aed63fa15aaf66633d0cb863f54d9ac8508d934e,833c0f503995ec3e68f8d11c30f392b1e756db044036faa02ce898eac71d1c91,VALIDATED_EVIDENCE_BUNDLE,,,,,,,,,,,,,,,,,,,,,,,,UPDATE_SUBMITTED_ENFORCED,,False,NOT_REQUIRED_AUTOMATED_POLICY,False,,,,,,,,,,,,,C2_INTERNAL,2,,,,,,,,6401d449cad49398af2f5e4da9bd6c0fbdde3a2a57f8a422907de7f0354cd145,71adf2c7741ed63f779fe8cebf9b4d1363fd18da1c5a49e39f32ec63cb8262f2,,,2026-08-25T22:32:04.883782+00:00,6256f7bf5ddd223bb3303d8721515102,,,,,99ec8cac3d73a5bb7e04497bbfabfc2fcfc8f1b1222d3a58898ebd4218ddddbe,19702da2dda213cdf98c0d1cfd8cb6d1e2d7d87ab877636216fbea1113f5716e,,,2026-08-25T22:56:39.483475+00:00,75d46ecd684a2dc4b6a8e27daff7fed8db3fae5cae653b9ddb3099795df8cd6c,active,,,9,ACCEPTED,ALL_BASELINE_CONTROLS,,,,True,True,True,True,True,False,fzpwe+x6I3/skeP2+Z6O2dVZ3NDkAH3i84lCSUa/hoA=,e4987376c4a161e719734eb9e0dfe2370c42bc520f426d0456af7ee6fd12ae53,LVS6iX3xyk+AW89N8K7wd5i2P+GtpUmTpzID/3W7LU4=,87abc5a4bd86f847513a29d2cd5105d46dc4cd4f4c112ac2d7084c14f1315d24,FyYevzxvm3VCTnvOGUrbDtwuYEVQ498LN/3Glkc5KXM=,d2de0eecb364b6ad6dfd68c57fbb2b61edd7f408c047202d5ab95910a24e2627,,,,,,,,,,,,,,,,,64ee1aa8f377a2c848910018f951517371ca484a69ee181e2cad8cfa2d0f8d39,audit_trails/artifacts/accepted_runtime_submissions/T2_DF_KS_TADP_client_001_r9_e4987376c4a161e7__64ee1aa8f377a2c8.json,,,,,,,,,,,,,3f0cb3345180c89f9a1e7d729cff71276130acf4282d981d51d4bd525ac6a621,29dfdd7f0956cdd2913399429a49259ae0c0de1702decb50825b418a0336fd54,,
218,90b79f4c81939fa98fd7c3c092abcd1a,9009c28128737f7948fb54beb932f446c0ce27d5cbdefb4938dce83226ac7abd,2026-08-24T22:57:22.804899+00:00,TADP-SEC/14.0,CLIENT_CIPHERTEXT_BINDING,T2_DF_KS_TADP,,,,client_001,,,,,,,,,,,,,,,,,,,,,,,,,,,,,,,,,,,,,,,,CIPHERTEXT_BOUND_TO_SIGNED_UPDATE,,,,,,,,,,,,,,,,,C2_INTERNAL,2,,,,,,,,,,,,,6256f7bf5ddd223bb3303d8721515102,,,,,,,,,,,,,,9,VERIFIED,,,,,True,,,,,False,fzpwe+x6I3/skeP2+Z6O2dVZ3NDkAH3i84lCSUa/hoA=,e4987376c4a161e719734eb9e0dfe2370c42bc520f426d0456af7ee6fd12ae53,LVS6iX3xyk+AW89N8K7wd5i2P+GtpUmTpzID/3W7LU4=,38d4a476e3994635cdff27cb9ee8ed9898b9fd2ffa9a3b79fba0637d44a259e4,FyYevzxvm3VCTnvOGUrbDtwuYEVQ498LN/3Glkc5KXM=,d2de0eecb364b6ad6dfd68c57fbb2b61edd7f408c047202d5ab95910a24e2627,T2: Modified-DF client encryption; Cloud multiplication/expansion and matrix-M KS after upload,reference_python,DFKS|d=25|lambda=10|m_prime_bits=80|m_bits=800|scale=1000000,df_client:client_001,,,,,,,,,613e112b75750c85192dbdc35199171dbf2bebf323c20ec3b032004392b4fcab,,1ee8615ffb083602d6ffcb24ddfc9316bb0bcae9ebc35d159dda98f4521bdb21,audit_trails/artifacts/ciphertext_attestations/T2_DF_KS_TADP_client_001_r9_9735cfe9a3816fcd__1ee8615ffb083602.json,,,,,,,,,,,,,,,29dfdd7f0956cdd2913399429a49259ae0c0de1702decb50825b418a0336fd54,e42846773c3191ef74144e58a6a489333e02885da4b056f21f151fed7402aee9,,
219,6fb30024a9c3c7df5abbc9bbe676278b,9009c28128737f7948fb54beb932f446c0ce27d5cbdefb4938dce83226ac7abd,2026-08-24T22:57:28.754699+00:00,TADP-SEC/14.0,CLIENT_ACCEPTED_SUBMISSION,T2_DF_KS_TADP,,,,client_001,,,,,,,,,,,2.3-phase1-fixed-threshold-critical-floor-review-profile,e910eb11d46f5a33a9f6a7d996c6c242f2a4caa089255874076d8ae12155dc94,2e5e1ea61ea1c71b07c235b309bb618daac98643cb3c0843acb266cd6b876512,cd72ec3b4911418e9899eae9aed63fa15aaf66633d0cb863f54d9ac8508d934e,833c0f503995ec3e68f8d11c30f392b1e756db044036faa02ce898eac71d1c91,VALIDATED_EVIDENCE_BUNDLE,,,,,,,,,,,,,,,,,,,,,,,,UPDATE_SUBMITTED_ENFORCED,,False,NOT_REQUIRED_AUTOMATED_POLICY,False,,,,,,,,,,,,,C2_INTERNAL,2,,,,,,,,6401d449cad49398af2f5e4da9bd6c0fbdde3a2a57f8a422907de7f0354cd145,71adf2c7741ed63f779fe8cebf9b4d1363fd18da1c5a49e39f32ec63cb8262f2,,,2026-08-25T22:32:04.883782+00:00,6256f7bf5ddd223bb3303d8721515102,,,,,99ec8cac3d73a5bb7e04497bbfabfc2fcfc8f1b1222d3a58898ebd4218ddddbe,19702da2dda213cdf98c0d1cfd8cb6d1e2d7d87ab877636216fbea1113f5716e,,,2026-08-25T22:56:39.483475+00:00,75d46ecd684a2dc4b6a8e27daff7fed8db3fae5cae653b9ddb3099795df8cd6c,active,,,10,ACCEPTED,ALL_BASELINE_CONTROLS,,,,True,True,True,True,True,False,c2KL51x08LpCA7FD1aUtzQhsWpMnBXn7VkTKwRNYLHs=,5fb17d08e551d9a2b3bf7aae2262ebdeefb2b93465e1086b0d6b9fa7c974f685,LVS6iX3xyk+AW89N8K7wd5i2P+GtpUmTpzID/3W7LU4=,af5afc27649df719d295f99ea923d39b6c53dc5e11bb70783ece06191512d89c,TTcXlFVIMZXJglntjXU8+avbRCpRHfDy5Pv5dQvFxII=,d2de0eecb364b6ad6dfd68c57fbb2b61edd7f408c047202d5ab95910a24e2627,,,,,,,,,,,,,,,,,3d7dae961f298c41e62409163bdaecd24960b2701c0d516c14fdc3dcfd800cca,audit_trails/artifacts/accepted_runtime_submissions/T2_DF_KS_TADP_client_001_r10_5fb17d08e551d9a2__3d7dae961f298c41.json,,,,,,,,,,,,,e42846773c3191ef74144e58a6a489333e02885da4b056f21f151fed7402aee9,2ba590ec8ca05a67e389613400f4b2381d4766dbeeec730f0eb0a3d7f81a603f,,
220,a318b53a6ad515549f2ddf3f31de69ed,9009c28128737f7948fb54beb932f446c0ce27d5cbdefb4938dce83226ac7abd,2026-08-24T22:57:28.783808+00:00,TADP-SEC/14.0,CLIENT_CIPHERTEXT_BINDING,T2_DF_KS_TADP,,,,client_001,,,,,,,,,,,,,,,,,,,,,,,,,,,,,,,,,,,,,,,,CIPHERTEXT_BOUND_TO_SIGNED_UPDATE,,,,,,,,,,,,,,,,,C2_INTERNAL,2,,,,,,,,,,,,,6256f7bf5ddd223bb3303d8721515102,,,,,,,,,,,,,,10,VERIFIED,,,,,True,,,,,False,c2KL51x08LpCA7FD1aUtzQhsWpMnBXn7VkTKwRNYLHs=,5fb17d08e551d9a2b3bf7aae2262ebdeefb2b93465e1086b0d6b9fa7c974f685,LVS6iX3xyk+AW89N8K7wd5i2P+GtpUmTpzID/3W7LU4=,38ab4861f3f3ee099d09d210d57e8b8786e75747b43145009fc045772421eedd,TTcXlFVIMZXJglntjXU8+avbRCpRHfDy5Pv5dQvFxII=,d2de0eecb364b6ad6dfd68c57fbb2b61edd7f408c047202d5ab95910a24e2627,T2: Modified-DF client encryption; Cloud multiplication/expansion and matrix-M KS after upload,reference_python,DFKS|d=25|lambda=10|m_prime_bits=80|m_bits=800|scale=1000000,df_client:client_001,,,,,,,,,a633febde70bb51601a2bc7f6be14a44216ccfea8ec3747c5bbda6fe90417dfe,,abc0d5e89c11f8d250b7e9cc1b61d890c4b2cb751c804d37108cf75ce01aba57,audit_trails/artifacts/ciphertext_attestations/T2_DF_KS_TADP_client_001_r10_f1e5afc2187b0bfd__abc0d5e89c11f8d2.json,,,,,,,,,,,,,,,2ba590ec8ca05a67e389613400f4b2381d4766dbeeec730f0eb0a3d7f81a603f,c09994786c8f717ea8a634a8beda13f6eef5b7478f2be3b6405de2382bea0742,,
221,2488aaf4372f76665c60ec6e8d7ea73d,9009c28128737f7948fb54beb932f446c0ce27d5cbdefb4938dce83226ac7abd,2026-08-24T22:57:33.479180+00:00,TADP-SEC/14.0,CLIENT_ACCEPTED_SUBMISSION,T2_DF_KS_TADP,,,,client_001,,,,,,,,,,,2.3-phase1-fixed-threshold-critical-floor-review-profile,e910eb11d46f5a33a9f6a7d996c6c242f2a4caa089255874076d8ae12155dc94,2e5e1ea61ea1c71b07c235b309bb618daac98643cb3c0843acb266cd6b876512,cd72ec3b4911418e9899eae9aed63fa15aaf66633d0cb863f54d9ac8508d934e,833c0f503995ec3e68f8d11c30f392b1e756db044036faa02ce898eac71d1c91,VALIDATED_EVIDENCE_BUNDLE,,,,,,,,,,,,,,,,,,,,,,,,UPDATE_SUBMITTED_ENFORCED,,False,NOT_REQUIRED_AUTOMATED_POLICY,False,,,,,,,,,,,,,C2_INTERNAL,2,,,,,,,,6401d449cad49398af2f5e4da9bd6c0fbdde3a2a57f8a422907de7f0354cd145,71adf2c7741ed63f779fe8cebf9b4d1363fd18da1c5a49e39f32ec63cb8262f2,,,2026-08-25T22:32:04.883782+00:00,6256f7bf5ddd223bb3303d8721515102,,,,,99ec8cac3d73a5bb7e04497bbfabfc2fcfc8f1b1222d3a58898ebd4218ddddbe,19702da2dda213cdf98c0d1cfd8cb6d1e2d7d87ab877636216fbea1113f5716e,,,2026-08-25T22:56:39.483475+00:00,75d46ecd684a2dc4b6a8e27daff7fed8db3fae5cae653b9ddb3099795df8cd6c,active,,,11,ACCEPTED,ALL_BASELINE_CONTROLS,,,,True,True,True,True,True,False,tXoA38pRHD9p0pGeYLx3pAIuyEgrTADgfge4gv5I9TM=,9244e470865283ccbdb503a289946133f5a12e1637e67fd63937cfdad480fb7e,LVS6iX3xyk+AW89N8K7wd5i2P+GtpUmTpzID/3W7LU4=,a7449a603e87dc677c7485bb9197ff3ad713cdb37b32d6d7bae14b3ebaba8cc4,3Yq/ermza5yhoz2vSGjzNnHdroejg3Ww7TInevDhuNc=,d2de0eecb364b6ad6dfd68c57fbb2b61edd7f408c047202d5ab95910a24e2627,,,,,,,,,,,,,,,,,d643b58eecf77717d8db213481a7858f7358bf5bcda64f7bbc1ec8af73d7aa09,audit_trails/artifacts/accepted_runtime_submissions/T2_DF_KS_TADP_client_001_r11_9244e470865283cc__d643b58eecf77717.json,,,,,,,,,,,,,c09994786c8f717ea8a634a8beda13f6eef5b7478f2be3b6405de2382bea0742,29bfad75ad18061df4842120bcf5d41a3400ba3b9f32ab301cecb3c64f981729,,
222,88e849e684e59d5855a2d19c8e20b378,9009c28128737f7948fb54beb932f446c0ce27d5cbdefb4938dce83226ac7abd,2026-08-24T22:57:33.505729+00:00,TADP-SEC/14.0,CLIENT_CIPHERTEXT_BINDING,T2_DF_KS_TADP,,,,client_001,,,,,,,,,,,,,,,,,,,,,,,,,,,,,,,,,,,,,,,,CIPHERTEXT_BOUND_TO_SIGNED_UPDATE,,,,,,,,,,,,,,,,,C2_INTERNAL,2,,,,,,,,,,,,,6256f7bf5ddd223bb3303d8721515102,,,,,,,,,,,,,,11,VERIFIED,,,,,True,,,,,False,tXoA38pRHD9p0pGeYLx3pAIuyEgrTADgfge4gv5I9TM=,9244e470865283ccbdb503a289946133f5a12e1637e67fd63937cfdad480fb7e,LVS6iX3xyk+AW89N8K7wd5i2P+GtpUmTpzID/3W7LU4=,2bb1c81210abc80f23dfdde082ca642f02473fe95914598ee5e80491748fc466,3Yq/ermza5yhoz2vSGjzNnHdroejg3Ww7TInevDhuNc=,d2de0eecb364b6ad6dfd68c57fbb2b61edd7f408c047202d5ab95910a24e2627,T2: Modified-DF client encryption; Cloud multiplication/expansion and matrix-M KS after upload,reference_python,DFKS|d=25|lambda=10|m_prime_bits=80|m_bits=800|scale=1000000,df_client:client_001,,,,,,,,,840c7344fea28faf7a593824b76da11dfff6f487f29cdd4fb2eb6e5f0852784a,,0b41c44e9212effa62cfd8ccdb1f2c8b1f70c88815a3bfd83e5f57373aed3f73,audit_trails/artifacts/ciphertext_attestations/T2_DF_KS_TADP_client_001_r11_8cb01b6a5ac76334__0b41c44e9212effa.json,,,,,,,,,,,,,,,29bfad75ad18061df4842120bcf5d41a3400ba3b9f32ab301cecb3c64f981729,3429f68a81b155282a115c31f572e9c51704da061fa914b21e863c034f8f47f8,,
223,89748631fb32f9655e24564ae7462b02,9009c28128737f7948fb54beb932f446c0ce27d5cbdefb4938dce83226ac7abd,2026-08-24T22:57:39.875105+00:00,TADP-SEC/14.0,CLIENT_ACCEPTED_SUBMISSION,T2_DF_KS_TADP,,,,client_001,,,,,,,,,,,2.3-phase1-fixed-threshold-critical-floor-review-profile,e910eb11d46f5a33a9f6a7d996c6c242f2a4caa089255874076d8ae12155dc94,2e5e1ea61ea1c71b07c235b309bb618daac98643cb3c0843acb266cd6b876512,cd72ec3b4911418e9899eae9aed63fa15aaf66633d0cb863f54d9ac8508d934e,833c0f503995ec3e68f8d11c30f392b1e756db044036faa02ce898eac71d1c91,VALIDATED_EVIDENCE_BUNDLE,,,,,,,,,,,,,,,,,,,,,,,,UPDATE_SUBMITTED_ENFORCED,,False,NOT_REQUIRED_AUTOMATED_POLICY,False,,,,,,,,,,,,,C2_INTERNAL,2,,,,,,,,6401d449cad49398af2f5e4da9bd6c0fbdde3a2a57f8a422907de7f0354cd145,71adf2c7741ed63f779fe8cebf9b4d1363fd18da1c5a49e39f32ec63cb8262f2,,,2026-08-25T22:32:04.883782+00:00,6256f7bf5ddd223bb3303d8721515102,,,,,99ec8cac3d73a5bb7e04497bbfabfc2fcfc8f1b1222d3a58898ebd4218ddddbe,19702da2dda213cdf98c0d1cfd8cb6d1e2d7d87ab877636216fbea1113f5716e,,,2026-08-25T22:56:39.483475+00:00,75d46ecd684a2dc4b6a8e27daff7fed8db3fae5cae653b9ddb3099795df8cd6c,active,,,12,ACCEPTED,ALL_BASELINE_CONTROLS,,,,True,True,True,True,True,False,jX3aZV3XN5AS9YczWeFrE/w+aQco8CMY0a34APCR+YY=,b21530369e752114b4b067e29347cb772a37aebb85cb8f24a7097ffcd7fd5efa,LVS6iX3xyk+AW89N8K7wd5i2P+GtpUmTpzID/3W7LU4=,f92744673c61560133aed45b23f60462f18cd4a7a54e160bfd8aca860caf84df,2cvfacard+UJMwmQrgSzjGDVCipnkxKnLFkrcgrSJ6M=,d2de0eecb364b6ad6dfd68c57fbb2b61edd7f408c047202d5ab95910a24e2627,,,,,,,,,,,,,,,,,d34505bfa2e0d87c71365fc24ebe2ec0a4e13d17504870d02902398c7326f30e,audit_trails/artifacts/accepted_runtime_submissions/T2_DF_KS_TADP_client_001_r12_b21530369e752114__d34505bfa2e0d87c.json,,,,,,,,,,,,,3429f68a81b155282a115c31f572e9c51704da061fa914b21e863c034f8f47f8,a570dc2a2af7ccd554a4639aa9ee7afd89873b820100008b85de37b69995b133,,
224,6f1fb0d419abb0e5f74549bc3d474f14,9009c28128737f7948fb54beb932f446c0ce27d5cbdefb4938dce83226ac7abd,2026-08-24T22:57:39.904675+00:00,TADP-SEC/14.0,CLIENT_CIPHERTEXT_BINDING,T2_DF_KS_TADP,,,,client_001,,,,,,,,,,,,,,,,,,,,,,,,,,,,,,,,,,,,,,,,CIPHERTEXT_BOUND_TO_SIGNED_UPDATE,,,,,,,,,,,,,,,,,C2_INTERNAL,2,,,,,,,,,,,,,6256f7bf5ddd223bb3303d8721515102,,,,,,,,,,,,,,12,VERIFIED,,,,,True,,,,,False,jX3aZV3XN5AS9YczWeFrE/w+aQco8CMY0a34APCR+YY=,b21530369e752114b4b067e29347cb772a37aebb85cb8f24a7097ffcd7fd5efa,LVS6iX3xyk+AW89N8K7wd5i2P+GtpUmTpzID/3W7LU4=,12547dcfeb9d8a3a96d704eb71f87770ff002bcf06294541520d379223a24796,2cvfacard+UJMwmQrgSzjGDVCipnkxKnLFkrcgrSJ6M=,d2de0eecb364b6ad6dfd68c57fbb2b61edd7f408c047202d5ab95910a24e2627,T2: Modified-DF client encryption; Cloud multiplication/expansion and matrix-M KS after upload,reference_python,DFKS|d=25|lambda=10|m_prime_bits=80|m_bits=800|scale=1000000,df_client:client_001,,,,,,,,,7616b95173d89a641d703dbd65c1cfa62d5710f894a1c09c2c3b516479df5c28,,00dea1453ea53da75acfb0973c59a446680f2857e2796e02eb69f5928978b100,audit_trails/artifacts/ciphertext_attestations/T2_DF_KS_TADP_client_001_r12_0d1065b67f56e7fa__00dea1453ea53da7.json,,,,,,,,,,,,,,,a570dc2a2af7ccd554a4639aa9ee7afd89873b820100008b85de37b69995b133,b3760a1bad73448868142529e6b550fd40f0f8e9f93e759505177aa4c807ab68,,
225,014151bfbe2784987af00f1e1cdb83e6,9009c28128737f7948fb54beb932f446c0ce27d5cbdefb4938dce83226ac7abd,2026-08-24T22:57:44.628781+00:00,TADP-SEC/14.0,CLIENT_ACCEPTED_SUBMISSION,T2_DF_KS_TADP,,,,client_001,,,,,,,,,,,2.3-phase1-fixed-threshold-critical-floor-review-profile,e910eb11d46f5a33a9f6a7d996c6c242f2a4caa089255874076d8ae12155dc94,2e5e1ea61ea1c71b07c235b309bb618daac98643cb3c0843acb266cd6b876512,cd72ec3b4911418e9899eae9aed63fa15aaf66633d0cb863f54d9ac8508d934e,833c0f503995ec3e68f8d11c30f392b1e756db044036faa02ce898eac71d1c91,VALIDATED_EVIDENCE_BUNDLE,,,,,,,,,,,,,,,,,,,,,,,,UPDATE_SUBMITTED_ENFORCED,,False,NOT_REQUIRED_AUTOMATED_POLICY,False,,,,,,,,,,,,,C2_INTERNAL,2,,,,,,,,6401d449cad49398af2f5e4da9bd6c0fbdde3a2a57f8a422907de7f0354cd145,71adf2c7741ed63f779fe8cebf9b4d1363fd18da1c5a49e39f32ec63cb8262f2,,,2026-08-25T22:32:04.883782+00:00,6256f7bf5ddd223bb3303d8721515102,,,,,99ec8cac3d73a5bb7e04497bbfabfc2fcfc8f1b1222d3a58898ebd4218ddddbe,19702da2dda213cdf98c0d1cfd8cb6d1e2d7d87ab877636216fbea1113f5716e,,,2026-08-25T22:56:39.483475+00:00,75d46ecd684a2dc4b6a8e27daff7fed8db3fae5cae653b9ddb3099795df8cd6c,active,,,13,ACCEPTED,ALL_BASELINE_CONTROLS,,,,True,True,True,True,True,False,azbZFE0OM+Y1REKPdEoGDiVtiYUDcdDvmYWzV7pjLq8=,347db2c130f31f70b617c69e020815b7163f742f4ebdb77e76c94fe931a0b5e9,LVS6iX3xyk+AW89N8K7wd5i2P+GtpUmTpzID/3W7LU4=,4ce985de81bf03e026a0e91eec7a48359fbec5e0a2816aeeb680924f3309575d,mPF++HzTQUCfCo3nYrH8FAcPFaW9hYzW9mjFVm7FuPk=,d2de0eecb364b6ad6dfd68c57fbb2b61edd7f408c047202d5ab95910a24e2627,,,,,,,,,,,,,,,,,b1118bda12d129cf4c859d74fa2018fcfb086686a1ff330381c4aaa25b877556,audit_trails/artifacts/accepted_runtime_submissions/T2_DF_KS_TADP_client_001_r13_347db2c130f31f70__b1118bda12d129cf.json,,,,,,,,,,,,,b3760a1bad73448868142529e6b550fd40f0f8e9f93e759505177aa4c807ab68,c6eb22c8291d4bc945608cd695ef1e9f3a8fba07cf2bf58c4ec6d991d83fa6f6,,
226,548fc946903c304c5c92815b6f9de596,9009c28128737f7948fb54beb932f446c0ce27d5cbdefb4938dce83226ac7abd,2026-08-24T22:57:44.661979+00:00,TADP-SEC/14.0,CLIENT_CIPHERTEXT_BINDING,T2_DF_KS_TADP,,,,client_001,,,,,,,,,,,,,,,,,,,,,,,,,,,,,,,,,,,,,,,,CIPHERTEXT_BOUND_TO_SIGNED_UPDATE,,,,,,,,,,,,,,,,,C2_INTERNAL,2,,,,,,,,,,,,,6256f7bf5ddd223bb3303d8721515102,,,,,,,,,,,,,,13,VERIFIED,,,,,True,,,,,False,azbZFE0OM+Y1REKPdEoGDiVtiYUDcdDvmYWzV7pjLq8=,347db2c130f31f70b617c69e020815b7163f742f4ebdb77e76c94fe931a0b5e9,LVS6iX3xyk+AW89N8K7wd5i2P+GtpUmTpzID/3W7LU4=,917845aebb82fca891fea67d84740efd0e6fb5b1fa4310ebf61007aeca2a54cf,mPF++HzTQUCfCo3nYrH8FAcPFaW9hYzW9mjFVm7FuPk=,d2de0eecb364b6ad6dfd68c57fbb2b61edd7f408c047202d5ab95910a24e2627,T2: Modified-DF client encryption; Cloud multiplication/expansion and matrix-M KS after upload,reference_python,DFKS|d=25|lambda=10|m_prime_bits=80|m_bits=800|scale=1000000,df_client:client_001,,,,,,,,,e3be9f9bab170b62ff07e6a8ff6666ca8449cceeba07ff0467fde6fdac375b9c,,cc219b39a758f0047f21d3b99dfb78a1fc461b0f927ce3b500b147f7cf8b84c7,audit_trails/artifacts/ciphertext_attestations/T2_DF_KS_TADP_client_001_r13_d8a1e8c080f0e2ce__cc219b39a758f004.json,,,,,,,,,,,,,,,c6eb22c8291d4bc945608cd695ef1e9f3a8fba07cf2bf58c4ec6d991d83fa6f6,a9b3350bc4f78b4033e061406df166cfaf72b9c7c4fe7ce856d315879102b1b1,,
227,57f3bf20b97c0214e8d2efc961f42e17,9009c28128737f7948fb54beb932f446c0ce27d5cbdefb4938dce83226ac7abd,2026-08-24T22:57:49.450226+00:00,TADP-SEC/14.0,CLIENT_ACCEPTED_SUBMISSION,T2_DF_KS_TADP,,,,client_001,,,,,,,,,,,2.3-phase1-fixed-threshold-critical-floor-review-profile,e910eb11d46f5a33a9f6a7d996c6c242f2a4caa089255874076d8ae12155dc94,2e5e1ea61ea1c71b07c235b309bb618daac98643cb3c0843acb266cd6b876512,cd72ec3b4911418e9899eae9aed63fa15aaf66633d0cb863f54d9ac8508d934e,833c0f503995ec3e68f8d11c30f392b1e756db044036faa02ce898eac71d1c91,VALIDATED_EVIDENCE_BUNDLE,,,,,,,,,,,,,,,,,,,,,,,,UPDATE_SUBMITTED_ENFORCED,,False,NOT_REQUIRED_AUTOMATED_POLICY,False,,,,,,,,,,,,,C2_INTERNAL,2,,,,,,,,6401d449cad49398af2f5e4da9bd6c0fbdde3a2a57f8a422907de7f0354cd145,71adf2c7741ed63f779fe8cebf9b4d1363fd18da1c5a49e39f32ec63cb8262f2,,,2026-08-25T22:32:04.883782+00:00,6256f7bf5ddd223bb3303d8721515102,,,,,99ec8cac3d73a5bb7e04497bbfabfc2fcfc8f1b1222d3a58898ebd4218ddddbe,19702da2dda213cdf98c0d1cfd8cb6d1e2d7d87ab877636216fbea1113f5716e,,,2026-08-25T22:56:39.483475+00:00,75d46ecd684a2dc4b6a8e27daff7fed8db3fae5cae653b9ddb3099795df8cd6c,active,,,14,ACCEPTED,ALL_BASELINE_CONTROLS,,,,True,True,True,True,True,False,qjZohdN0J7qi70C/ceWc57e8mYGzRvHpdXyF+AeE9Tc=,1ba7b9860eda34e07e985c0739a8dbe93372b7bba4e532fa3ebe629f444195c4,LVS6iX3xyk+AW89N8K7wd5i2P+GtpUmTpzID/3W7LU4=,0dccae86cb4db4cdf3714eab9fbb513478b7eb6fc4dce8e44eea16a0a52bc871,DWeqr1bIT/t9mNvCfOsxToNbx3sihgItgQ0JI0PV1zA=,d2de0eecb364b6ad6dfd68c57fbb2b61edd7f408c047202d5ab95910a24e2627,,,,,,,,,,,,,,,,,2b38338913b6714fdf16dd0a6462fb23b9bc34225816ad44ab474605cd9eaa78,audit_trails/artifacts/accepted_runtime_submissions/T2_DF_KS_TADP_client_001_r14_1ba7b9860eda34e0__2b38338913b6714f.json,,,,,,,,,,,,,a9b3350bc4f78b4033e061406df166cfaf72b9c7c4fe7ce856d315879102b1b1,18db2cdc5a1df03d7f35a1ebc2f385e6a2591179690054ff0c6dfa8b490b4cf5,,
228,abdd2f9e69e2322e831b605ac19f4e00,9009c28128737f7948fb54beb932f446c0ce27d5cbdefb4938dce83226ac7abd,2026-08-24T22:57:49.477292+00:00,TADP-SEC/14.0,CLIENT_CIPHERTEXT_BINDING,T2_DF_KS_TADP,,,,client_001,,,,,,,,,,,,,,,,,,,,,,,,,,,,,,,,,,,,,,,,CIPHERTEXT_BOUND_TO_SIGNED_UPDATE,,,,,,,,,,,,,,,,,C2_INTERNAL,2,,,,,,,,,,,,,6256f7bf5ddd223bb3303d8721515102,,,,,,,,,,,,,,14,VERIFIED,,,,,True,,,,,False,qjZohdN0J7qi70C/ceWc57e8mYGzRvHpdXyF+AeE9Tc=,1ba7b9860eda34e07e985c0739a8dbe93372b7bba4e532fa3ebe629f444195c4,LVS6iX3xyk+AW89N8K7wd5i2P+GtpUmTpzID/3W7LU4=,e910cde32bb87ed775436fb0db9b205e0e02d697e3d43bcfe932f159ba542de9,DWeqr1bIT/t9mNvCfOsxToNbx3sihgItgQ0JI0PV1zA=,d2de0eecb364b6ad6dfd68c57fbb2b61edd7f408c047202d5ab95910a24e2627,T2: Modified-DF client encryption; Cloud multiplication/expansion and matrix-M KS after upload,reference_python,DFKS|d=25|lambda=10|m_prime_bits=80|m_bits=800|scale=1000000,df_client:client_001,,,,,,,,,a812bff2830ced027620ca7f4b82f59cffd754fdc15fa161399ccb1931df30cd,,e9ad61bb149776556ca9098dfac06931d2743a77ff532c7072759d019f980317,audit_trails/artifacts/ciphertext_attestations/T2_DF_KS_TADP_client_001_r14_889620d09185f576__e9ad61bb14977655.json,,,,,,,,,,,,,,,18db2cdc5a1df03d7f35a1ebc2f385e6a2591179690054ff0c6dfa8b490b4cf5,d24ec2f7732488fb0bada2aa0a8aaaca29d9c60b6b67b2124ac005332d41c20b,,
229,7540e6167f0c17797efa884a9dfada82,9009c28128737f7948fb54beb932f446c0ce27d5cbdefb4938dce83226ac7abd,2026-08-24T22:57:55.553050+00:00,TADP-SEC/14.0,CLIENT_ACCEPTED_SUBMISSION,T2_DF_KS_TADP,,,,client_001,,,,,,,,,,,2.3-phase1-fixed-threshold-critical-floor-review-profile,e910eb11d46f5a33a9f6a7d996c6c242f2a4caa089255874076d8ae12155dc94,2e5e1ea61ea1c71b07c235b309bb618daac98643cb3c0843acb266cd6b876512,cd72ec3b4911418e9899eae9aed63fa15aaf66633d0cb863f54d9ac8508d934e,833c0f503995ec3e68f8d11c30f392b1e756db044036faa02ce898eac71d1c91,VALIDATED_EVIDENCE_BUNDLE,,,,,,,,,,,,,,,,,,,,,,,,UPDATE_SUBMITTED_ENFORCED,,False,NOT_REQUIRED_AUTOMATED_POLICY,False,,,,,,,,,,,,,C2_INTERNAL,2,,,,,,,,6401d449cad49398af2f5e4da9bd6c0fbdde3a2a57f8a422907de7f0354cd145,71adf2c7741ed63f779fe8cebf9b4d1363fd18da1c5a49e39f32ec63cb8262f2,,,2026-08-25T22:32:04.883782+00:00,6256f7bf5ddd223bb3303d8721515102,,,,,99ec8cac3d73a5bb7e04497bbfabfc2fcfc8f1b1222d3a58898ebd4218ddddbe,19702da2dda213cdf98c0d1cfd8cb6d1e2d7d87ab877636216fbea1113f5716e,,,2026-08-25T22:56:39.483475+00:00,75d46ecd684a2dc4b6a8e27daff7fed8db3fae5cae653b9ddb3099795df8cd6c,active,,,15,ACCEPTED,ALL_BASELINE_CONTROLS,,,,True,True,True,True,True,False,lm1pZyyxqPbfD0LW64/IEpzR4CuOmzqe9YvpafV6RVE=,cf4d334d1163c0d66538212ef578c17a5d72b6ed7fd4969b9ece7fd67c047882,LVS6iX3xyk+AW89N8K7wd5i2P+GtpUmTpzID/3W7LU4=,02fff4e29105d5c3bacbcbc382cdc76c73997f5087bfc12cb292df525a26812a,7se3ZTC5kD2maxkE2BDH2jqEDYLaYFXNLeBQj1xP3hA=,d2de0eecb364b6ad6dfd68c57fbb2b61edd7f408c047202d5ab95910a24e2627,,,,,,,,,,,,,,,,,cfef65c91297aed2fad1ebdc2f1da91be1f042a4def138d4ae4436fb322ae370,audit_trails/artifacts/accepted_runtime_submissions/T2_DF_KS_TADP_client_001_r15_cf4d334d1163c0d6__cfef65c91297aed2.json,,,,,,,,,,,,,d24ec2f7732488fb0bada2aa0a8aaaca29d9c60b6b67b2124ac005332d41c20b,231657517cdc71188e0f5da9638f448bd8df1a6ef968ed35b0c3f4a06d0f4e4c,,
230,8824e12df6c1361157e48b68d19e7613,9009c28128737f7948fb54beb932f446c0ce27d5cbdefb4938dce83226ac7abd,2026-08-24T22:57:55.582300+00:00,TADP-SEC/14.0,CLIENT_CIPHERTEXT_BINDING,T2_DF_KS_TADP,,,,client_001,,,,,,,,,,,,,,,,,,,,,,,,,,,,,,,,,,,,,,,,CIPHERTEXT_BOUND_TO_SIGNED_UPDATE,,,,,,,,,,,,,,,,,C2_INTERNAL,2,,,,,,,,,,,,,6256f7bf5ddd223bb3303d8721515102,,,,,,,,,,,,,,15,VERIFIED,,,,,True,,,,,False,lm1pZyyxqPbfD0LW64/IEpzR4CuOmzqe9YvpafV6RVE=,cf4d334d1163c0d66538212ef578c17a5d72b6ed7fd4969b9ece7fd67c047882,LVS6iX3xyk+AW89N8K7wd5i2P+GtpUmTpzID/3W7LU4=,c9306f2acd717cac91dd49e3b2edcbe94e0305cf0c7f5d7dfaa77fe5c9ca3f33,7se3ZTC5kD2maxkE2BDH2jqEDYLaYFXNLeBQj1xP3hA=,d2de0eecb364b6ad6dfd68c57fbb2b61edd7f408c047202d5ab95910a24e2627,T2: Modified-DF client encryption; Cloud multiplication/expansion and matrix-M KS after upload,reference_python,DFKS|d=25|lambda=10|m_prime_bits=80|m_bits=800|scale=1000000,df_client:client_001,,,,,,,,,a2479982954a18d0231cbcd3ca01cc008253c629e6b38f432a7e9f198d7c8913,,1f91e5a7f3d1d7448a34ae446f4212c79bbecdec513f9ef8f08e5ce96e756792,audit_trails/artifacts/ciphertext_attestations/T2_DF_KS_TADP_client_001_r15_c7255e9330bd3b21__1f91e5a7f3d1d744.json,,,,,,,,,,,,,,,231657517cdc71188e0f5da9638f448bd8df1a6ef968ed35b0c3f4a06d0f4e4c,2cd67d4246129a44c4e09b8ccdaf7e58b5fa324c72fa65b231854342a7f13192,,
231,ec3b895c5a992aaf9faa25ab412bdda0,9009c28128737f7948fb54beb932f446c0ce27d5cbdefb4938dce83226ac7abd,2026-08-24T22:58:00.332836+00:00,TADP-SEC/14.0,CLIENT_ACCEPTED_SUBMISSION,T2_DF_KS_TADP,,,,client_001,,,,,,,,,,,2.3-phase1-fixed-threshold-critical-floor-review-profile,e910eb11d46f5a33a9f6a7d996c6c242f2a4caa089255874076d8ae12155dc94,2e5e1ea61ea1c71b07c235b309bb618daac98643cb3c0843acb266cd6b876512,cd72ec3b4911418e9899eae9aed63fa15aaf66633d0cb863f54d9ac8508d934e,833c0f503995ec3e68f8d11c30f392b1e756db044036faa02ce898eac71d1c91,VALIDATED_EVIDENCE_BUNDLE,,,,,,,,,,,,,,,,,,,,,,,,UPDATE_SUBMITTED_ENFORCED,,False,NOT_REQUIRED_AUTOMATED_POLICY,False,,,,,,,,,,,,,C2_INTERNAL,2,,,,,,,,6401d449cad49398af2f5e4da9bd6c0fbdde3a2a57f8a422907de7f0354cd145,71adf2c7741ed63f779fe8cebf9b4d1363fd18da1c5a49e39f32ec63cb8262f2,,,2026-08-25T22:32:04.883782+00:00,6256f7bf5ddd223bb3303d8721515102,,,,,99ec8cac3d73a5bb7e04497bbfabfc2fcfc8f1b1222d3a58898ebd4218ddddbe,19702da2dda213cdf98c0d1cfd8cb6d1e2d7d87ab877636216fbea1113f5716e,,,2026-08-25T22:56:39.483475+00:00,75d46ecd684a2dc4b6a8e27daff7fed8db3fae5cae653b9ddb3099795df8cd6c,active,,,16,ACCEPTED,ALL_BASELINE_CONTROLS,,,,True,True,True,True,True,False,yepmxelOUi62VJZ3n3Kw+MTunuYopkyPRRa64qi0bc4=,f7d668339dc68cb9053961db58431b618f60662da895fe4fa75596efb7eb97fb,LVS6iX3xyk+AW89N8K7wd5i2P+GtpUmTpzID/3W7LU4=,470371af178dd028c4a677ce94369a47aa442a5b40d387b259c22de5e5603504,icQplAGQketL30c9pRJxW7sl8yWVERglcJsB+8pNFU8=,d2de0eecb364b6ad6dfd68c57fbb2b61edd7f408c047202d5ab95910a24e2627,,,,,,,,,,,,,,,,,a4dda03f631ca0251951300d8fe9f5dea5ddf72d09ea4ad3120e219bf8840a6b,audit_trails/artifacts/accepted_runtime_submissions/T2_DF_KS_TADP_client_001_r16_f7d668339dc68cb9__a4dda03f631ca025.json,,,,,,,,,,,,,2cd67d4246129a44c4e09b8ccdaf7e58b5fa324c72fa65b231854342a7f13192,147a6c5652a10092447b6ead2f6a68d331fe582fd255e5726cf536b8edf34444,,
232,1ee8ee334014f6d2cfc49a91a32599a2,9009c28128737f7948fb54beb932f446c0ce27d5cbdefb4938dce83226ac7abd,2026-08-24T22:58:00.362232+00:00,TADP-SEC/14.0,CLIENT_CIPHERTEXT_BINDING,T2_DF_KS_TADP,,,,client_001,,,,,,,,,,,,,,,,,,,,,,,,,,,,,,,,,,,,,,,,CIPHERTEXT_BOUND_TO_SIGNED_UPDATE,,,,,,,,,,,,,,,,,C2_INTERNAL,2,,,,,,,,,,,,,6256f7bf5ddd223bb3303d8721515102,,,,,,,,,,,,,,16,VERIFIED,,,,,True,,,,,False,yepmxelOUi62VJZ3n3Kw+MTunuYopkyPRRa64qi0bc4=,f7d668339dc68cb9053961db58431b618f60662da895fe4fa75596efb7eb97fb,LVS6iX3xyk+AW89N8K7wd5i2P+GtpUmTpzID/3W7LU4=,4b90c6081d35a6629a6ab2f021ab401fbab247bb73704010c5be4fef7ad928fa,icQplAGQketL30c9pRJxW7sl8yWVERglcJsB+8pNFU8=,d2de0eecb364b6ad6dfd68c57fbb2b61edd7f408c047202d5ab95910a24e2627,T2: Modified-DF client encryption; Cloud multiplication/expansion and matrix-M KS after upload,reference_python,DFKS|d=25|lambda=10|m_prime_bits=80|m_bits=800|scale=1000000,df_client:client_001,,,,,,,,,7408705a55f105f96543a2efb25744c79b9e60b8ad88afed0518514ad3dea4d5,,108fb9b1f1a276c7c51c4ac8128f78cc2247b1f5ee7a98b8c974b6a3445ccc19,audit_trails/artifacts/ciphertext_attestations/T2_DF_KS_TADP_client_001_r16_22654d07debfea19__108fb9b1f1a276c7.json,,,,,,,,,,,,,,,147a6c5652a10092447b6ead2f6a68d331fe582fd255e5726cf536b8edf34444,db5fff71e2c73b81aa6cba46656df3a06e83de8554166dfd372d893d1e64a60f,,
233,ae1da08b45af2a729b679d4309f808d3,9009c28128737f7948fb54beb932f446c0ce27d5cbdefb4938dce83226ac7abd,2026-08-24T22:58:06.601487+00:00,TADP-SEC/14.0,CLIENT_ACCEPTED_SUBMISSION,T2_DF_KS_TADP,,,,client_001,,,,,,,,,,,2.3-phase1-fixed-threshold-critical-floor-review-profile,e910eb11d46f5a33a9f6a7d996c6c242f2a4caa089255874076d8ae12155dc94,2e5e1ea61ea1c71b07c235b309bb618daac98643cb3c0843acb266cd6b876512,cd72ec3b4911418e9899eae9aed63fa15aaf66633d0cb863f54d9ac8508d934e,833c0f503995ec3e68f8d11c30f392b1e756db044036faa02ce898eac71d1c91,VALIDATED_EVIDENCE_BUNDLE,,,,,,,,,,,,,,,,,,,,,,,,UPDATE_SUBMITTED_ENFORCED,,False,NOT_REQUIRED_AUTOMATED_POLICY,False,,,,,,,,,,,,,C2_INTERNAL,2,,,,,,,,6401d449cad49398af2f5e4da9bd6c0fbdde3a2a57f8a422907de7f0354cd145,71adf2c7741ed63f779fe8cebf9b4d1363fd18da1c5a49e39f32ec63cb8262f2,,,2026-08-25T22:32:04.883782+00:00,6256f7bf5ddd223bb3303d8721515102,,,,,99ec8cac3d73a5bb7e04497bbfabfc2fcfc8f1b1222d3a58898ebd4218ddddbe,19702da2dda213cdf98c0d1cfd8cb6d1e2d7d87ab877636216fbea1113f5716e,,,2026-08-25T22:56:39.483475+00:00,75d46ecd684a2dc4b6a8e27daff7fed8db3fae5cae653b9ddb3099795df8cd6c,active,,,17,ACCEPTED,ALL_BASELINE_CONTROLS,,,,True,True,True,True,True,False,irYjtk9Mr3kzER0/qaGaF4xAwsjMSxKkxbOe7vW+mEE=,32ab9deaa286266d7e1278d333f2f3ee6a390499936852bc2efb29154f2964cf,LVS6iX3xyk+AW89N8K7wd5i2P+GtpUmTpzID/3W7LU4=,5f99ce0cb7faffd2bd921caf9252d997050f17f49d3dfbd5fb2073c3808b5b5f,2MciU7EPMIVS5Da87OD83b/ooKDbjHx3dwvm5MVP+oQ=,d2de0eecb364b6ad6dfd68c57fbb2b61edd7f408c047202d5ab95910a24e2627,,,,,,,,,,,,,,,,,929738f6c8fc8c9cadba21dea8b3f5df49d523b2a3869eea1e89fdb980b5413a,audit_trails/artifacts/accepted_runtime_submissions/T2_DF_KS_TADP_client_001_r17_32ab9deaa286266d__929738f6c8fc8c9c.json,,,,,,,,,,,,,db5fff71e2c73b81aa6cba46656df3a06e83de8554166dfd372d893d1e64a60f,bac39fb9f96b15769d85e68a5ce4126187c93890cc3998fea4628ac4d83c68c2,,
234,c292112089452f6f216a0adfe4d02b2b,9009c28128737f7948fb54beb932f446c0ce27d5cbdefb4938dce83226ac7abd,2026-08-24T22:58:06.629957+00:00,TADP-SEC/14.0,CLIENT_CIPHERTEXT_BINDING,T2_DF_KS_TADP,,,,client_001,,,,,,,,,,,,,,,,,,,,,,,,,,,,,,,,,,,,,,,,CIPHERTEXT_BOUND_TO_SIGNED_UPDATE,,,,,,,,,,,,,,,,,C2_INTERNAL,2,,,,,,,,,,,,,6256f7bf5ddd223bb3303d8721515102,,,,,,,,,,,,,,17,VERIFIED,,,,,True,,,,,False,irYjtk9Mr3kzER0/qaGaF4xAwsjMSxKkxbOe7vW+mEE=,32ab9deaa286266d7e1278d333f2f3ee6a390499936852bc2efb29154f2964cf,LVS6iX3xyk+AW89N8K7wd5i2P+GtpUmTpzID/3W7LU4=,0886f6def75d2c6281efaa9a5827e5c1aaff09f0644c91b323435c0c0b16ae64,2MciU7EPMIVS5Da87OD83b/ooKDbjHx3dwvm5MVP+oQ=,d2de0eecb364b6ad6dfd68c57fbb2b61edd7f408c047202d5ab95910a24e2627,T2: Modified-DF client encryption; Cloud multiplication/expansion and matrix-M KS after upload,reference_python,DFKS|d=25|lambda=10|m_prime_bits=80|m_bits=800|scale=1000000,df_client:client_001,,,,,,,,,9028c0a1239acca67f851e6fa21f1f1e9b385c947f8407b87667c54c3a894824,,6c4c095cb729c5b866fd33a411b7a1e9a6afc5b043a36e0588326eaea58b6952,audit_trails/artifacts/ciphertext_attestations/T2_DF_KS_TADP_client_001_r17_349e0819d00ceabb__6c4c095cb729c5b8.json,,,,,,,,,,,,,,,bac39fb9f96b15769d85e68a5ce4126187c93890cc3998fea4628ac4d83c68c2,d829aa15247dcda167b9ea6c94bc4e1a25b71f42d2ad90a4d868be15714f7b4e,,
235,8ac6046d697d1818e6fd4b954ad83cee,9009c28128737f7948fb54beb932f446c0ce27d5cbdefb4938dce83226ac7abd,2026-08-24T22:58:11.361428+00:00,TADP-SEC/14.0,CLIENT_ACCEPTED_SUBMISSION,T2_DF_KS_TADP,,,,client_001,,,,,,,,,,,2.3-phase1-fixed-threshold-critical-floor-review-profile,e910eb11d46f5a33a9f6a7d996c6c242f2a4caa089255874076d8ae12155dc94,2e5e1ea61ea1c71b07c235b309bb618daac98643cb3c0843acb266cd6b876512,cd72ec3b4911418e9899eae9aed63fa15aaf66633d0cb863f54d9ac8508d934e,833c0f503995ec3e68f8d11c30f392b1e756db044036faa02ce898eac71d1c91,VALIDATED_EVIDENCE_BUNDLE,,,,,,,,,,,,,,,,,,,,,,,,UPDATE_SUBMITTED_ENFORCED,,False,NOT_REQUIRED_AUTOMATED_POLICY,False,,,,,,,,,,,,,C2_INTERNAL,2,,,,,,,,6401d449cad49398af2f5e4da9bd6c0fbdde3a2a57f8a422907de7f0354cd145,71adf2c7741ed63f779fe8cebf9b4d1363fd18da1c5a49e39f32ec63cb8262f2,,,2026-08-25T22:32:04.883782+00:00,6256f7bf5ddd223bb3303d8721515102,,,,,99ec8cac3d73a5bb7e04497bbfabfc2fcfc8f1b1222d3a58898ebd4218ddddbe,19702da2dda213cdf98c0d1cfd8cb6d1e2d7d87ab877636216fbea1113f5716e,,,2026-08-25T22:56:39.483475+00:00,75d46ecd684a2dc4b6a8e27daff7fed8db3fae5cae653b9ddb3099795df8cd6c,active,,,18,ACCEPTED,ALL_BASELINE_CONTROLS,,,,True,True,True,True,True,False,HgwNcdUPTbLZME49OtSXArVlmX00y+yI6afWWHGNw4s=,94389ff6f70a4e3c3f6f34beb29ccb23181202dfdf1d9a2c85077381cad732aa,LVS6iX3xyk+AW89N8K7wd5i2P+GtpUmTpzID/3W7LU4=,715507f424b329faf41904dbab9bbb977c1663698a6aac0ca88c4c0d8d0c52c5,uxddlk8k36Rwkm5AlvaoCMCb2x7BE814X69l6/qmxGs=,d2de0eecb364b6ad6dfd68c57fbb2b61edd7f408c047202d5ab95910a24e2627,,,,,,,,,,,,,,,,,cb2ae4b6d57f6d29647821f19c0d8b1f8c434aa25c77430eb4776de356f640da,audit_trails/artifacts/accepted_runtime_submissions/T2_DF_KS_TADP_client_001_r18_94389ff6f70a4e3c__cb2ae4b6d57f6d29.json,,,,,,,,,,,,,d829aa15247dcda167b9ea6c94bc4e1a25b71f42d2ad90a4d868be15714f7b4e,e1038d8609dbd7c49c2f7693bfd5e7642cfa16d7b7be35532c2317c7214194ef,,
236,8239f4a149edffe5fd995ade1aca55cd,9009c28128737f7948fb54beb932f446c0ce27d5cbdefb4938dce83226ac7abd,2026-08-24T22:58:11.390956+00:00,TADP-SEC/14.0,CLIENT_CIPHERTEXT_BINDING,T2_DF_KS_TADP,,,,client_001,,,,,,,,,,,,,,,,,,,,,,,,,,,,,,,,,,,,,,,,CIPHERTEXT_BOUND_TO_SIGNED_UPDATE,,,,,,,,,,,,,,,,,C2_INTERNAL,2,,,,,,,,,,,,,6256f7bf5ddd223bb3303d8721515102,,,,,,,,,,,,,,18,VERIFIED,,,,,True,,,,,False,HgwNcdUPTbLZME49OtSXArVlmX00y+yI6afWWHGNw4s=,94389ff6f70a4e3c3f6f34beb29ccb23181202dfdf1d9a2c85077381cad732aa,LVS6iX3xyk+AW89N8K7wd5i2P+GtpUmTpzID/3W7LU4=,50cb053626b395fb230c824abe1692a254936cbe2a95c2fd9e2cd7b0f369ad26,uxddlk8k36Rwkm5AlvaoCMCb2x7BE814X69l6/qmxGs=,d2de0eecb364b6ad6dfd68c57fbb2b61edd7f408c047202d5ab95910a24e2627,T2: Modified-DF client encryption; Cloud multiplication/expansion and matrix-M KS after upload,reference_python,DFKS|d=25|lambda=10|m_prime_bits=80|m_bits=800|scale=1000000,df_client:client_001,,,,,,,,,c5402cbe3452391ed0d38f2c6b2000ad0530e393ccd0b7cdd509f8f43745d114,,15b4f87c9cf8def5dafb709919cbe851820c06c071656e7c7e0cc1990cbd2617,audit_trails/artifacts/ciphertext_attestations/T2_DF_KS_TADP_client_001_r18_fcf9f0dc0744573f__15b4f87c9cf8def5.json,,,,,,,,,,,,,,,e1038d8609dbd7c49c2f7693bfd5e7642cfa16d7b7be35532c2317c7214194ef,c7d3399a1271212dcb0b834f29a47c29bd237b1ef90728b9b4ac4531d99af460,,
237,ec19e73c20371b20b5041b8897c1843e,9009c28128737f7948fb54beb932f446c0ce27d5cbdefb4938dce83226ac7abd,2026-08-24T22:58:16.110075+00:00,TADP-SEC/14.0,CLIENT_ACCEPTED_SUBMISSION,T2_DF_KS_TADP,,,,client_001,,,,,,,,,,,2.3-phase1-fixed-threshold-critical-floor-review-profile,e910eb11d46f5a33a9f6a7d996c6c242f2a4caa089255874076d8ae12155dc94,2e5e1ea61ea1c71b07c235b309bb618daac98643cb3c0843acb266cd6b876512,cd72ec3b4911418e9899eae9aed63fa15aaf66633d0cb863f54d9ac8508d934e,833c0f503995ec3e68f8d11c30f392b1e756db044036faa02ce898eac71d1c91,VALIDATED_EVIDENCE_BUNDLE,,,,,,,,,,,,,,,,,,,,,,,,UPDATE_SUBMITTED_ENFORCED,,False,NOT_REQUIRED_AUTOMATED_POLICY,False,,,,,,,,,,,,,C2_INTERNAL,2,,,,,,,,6401d449cad49398af2f5e4da9bd6c0fbdde3a2a57f8a422907de7f0354cd145,71adf2c7741ed63f779fe8cebf9b4d1363fd18da1c5a49e39f32ec63cb8262f2,,,2026-08-25T22:32:04.883782+00:00,6256f7bf5ddd223bb3303d8721515102,,,,,99ec8cac3d73a5bb7e04497bbfabfc2fcfc8f1b1222d3a58898ebd4218ddddbe,19702da2dda213cdf98c0d1cfd8cb6d1e2d7d87ab877636216fbea1113f5716e,,,2026-08-25T22:56:39.483475+00:00,75d46ecd684a2dc4b6a8e27daff7fed8db3fae5cae653b9ddb3099795df8cd6c,active,,,19,ACCEPTED,ALL_BASELINE_CONTROLS,,,,True,True,True,True,True,False,2UeLAUNzl93bsJqCPgnufa4ikRXAFcXOmWCYC4vXBuw=,b6bf1c18b8b3bab91f4162e25dd52712bcfc654592921d46195c2a78d0489cf5,LVS6iX3xyk+AW89N8K7wd5i2P+GtpUmTpzID/3W7LU4=,cc84ea3eaf390a9deb72079deaa539f43476193cc4e206f935cf0f9cc1491072,slN65g4a4XxZXi9+8Ul99FdRvpJVfJvCgJlzTALj8Z4=,d2de0eecb364b6ad6dfd68c57fbb2b61edd7f408c047202d5ab95910a24e2627,,,,,,,,,,,,,,,,,cc8c4356d7b0c6191feb5bdafd7fc37d24c69422ff6ee4fa611d0b56919e4f66,audit_trails/artifacts/accepted_runtime_submissions/T2_DF_KS_TADP_client_001_r19_b6bf1c18b8b3bab9__cc8c4356d7b0c619.json,,,,,,,,,,,,,c7d3399a1271212dcb0b834f29a47c29bd237b1ef90728b9b4ac4531d99af460,21b346d90358a73935b303e063795414e3dee10904e37aef74565d802447e622,,
238,ccf42d06c036c20a1e586d588a8cf313,9009c28128737f7948fb54beb932f446c0ce27d5cbdefb4938dce83226ac7abd,2026-08-24T22:58:16.140806+00:00,TADP-SEC/14.0,CLIENT_CIPHERTEXT_BINDING,T2_DF_KS_TADP,,,,client_001,,,,,,,,,,,,,,,,,,,,,,,,,,,,,,,,,,,,,,,,CIPHERTEXT_BOUND_TO_SIGNED_UPDATE,,,,,,,,,,,,,,,,,C2_INTERNAL,2,,,,,,,,,,,,,6256f7bf5ddd223bb3303d8721515102,,,,,,,,,,,,,,19,VERIFIED,,,,,True,,,,,False,2UeLAUNzl93bsJqCPgnufa4ikRXAFcXOmWCYC4vXBuw=,b6bf1c18b8b3bab91f4162e25dd52712bcfc654592921d46195c2a78d0489cf5,LVS6iX3xyk+AW89N8K7wd5i2P+GtpUmTpzID/3W7LU4=,4e30d49a2ba9280329df2507ce8565c8c865f087310e089319ecb4ffb009da01,slN65g4a4XxZXi9+8Ul99FdRvpJVfJvCgJlzTALj8Z4=,d2de0eecb364b6ad6dfd68c57fbb2b61edd7f408c047202d5ab95910a24e2627,T2: Modified-DF client encryption; Cloud multiplication/expansion and matrix-M KS after upload,reference_python,DFKS|d=25|lambda=10|m_prime_bits=80|m_bits=800|scale=1000000,df_client:client_001,,,,,,,,,6e07a5b381654ae2732af190af46e43a336a771be6af04d6572cbc241565cb13,,cd3e908e3d5520e2daa937f677e40d8e2b7c431f9f3ce52cc638e29ce9b1aa16,audit_trails/artifacts/ciphertext_attestations/T2_DF_KS_TADP_client_001_r19_3d7dcba7710ff3de__cd3e908e3d5520e2.json,,,,,,,,,,,,,,,21b346d90358a73935b303e063795414e3dee10904e37aef74565d802447e622,1a4dd489523ab5af0b9102b57448f4a10e888ebeb40f9cfdc2780f820bbab1d9,,
239,6bda2db072bc5f42fd34ba99514e66c2,9009c28128737f7948fb54beb932f446c0ce27d5cbdefb4938dce83226ac7abd,2026-08-24T22:58:22.310606+00:00,TADP-SEC/14.0,CLIENT_ACCEPTED_SUBMISSION,T2_DF_KS_TADP,,,,client_001,,,,,,,,,,,2.3-phase1-fixed-threshold-critical-floor-review-profile,e910eb11d46f5a33a9f6a7d996c6c242f2a4caa089255874076d8ae12155dc94,2e5e1ea61ea1c71b07c235b309bb618daac98643cb3c0843acb266cd6b876512,cd72ec3b4911418e9899eae9aed63fa15aaf66633d0cb863f54d9ac8508d934e,833c0f503995ec3e68f8d11c30f392b1e756db044036faa02ce898eac71d1c91,VALIDATED_EVIDENCE_BUNDLE,,,,,,,,,,,,,,,,,,,,,,,,UPDATE_SUBMITTED_ENFORCED,,False,NOT_REQUIRED_AUTOMATED_POLICY,False,,,,,,,,,,,,,C2_INTERNAL,2,,,,,,,,6401d449cad49398af2f5e4da9bd6c0fbdde3a2a57f8a422907de7f0354cd145,71adf2c7741ed63f779fe8cebf9b4d1363fd18da1c5a49e39f32ec63cb8262f2,,,2026-08-25T22:32:04.883782+00:00,6256f7bf5ddd223bb3303d8721515102,,,,,99ec8cac3d73a5bb7e04497bbfabfc2fcfc8f1b1222d3a58898ebd4218ddddbe,19702da2dda213cdf98c0d1cfd8cb6d1e2d7d87ab877636216fbea1113f5716e,,,2026-08-25T22:56:39.483475+00:00,75d46ecd684a2dc4b6a8e27daff7fed8db3fae5cae653b9ddb3099795df8cd6c,active,,,20,ACCEPTED,ALL_BASELINE_CONTROLS,,,,True,True,True,True,True,False,LB3+eadlZteBnDhhIIdf4q8TLOqDe4dcywWuSe/ikfo=,475204541e601f5f347beefff7e97fb3ff91a29d09a9d9dcc60ebc769b11fb53,LVS6iX3xyk+AW89N8K7wd5i2P+GtpUmTpzID/3W7LU4=,cfb774573296fc53dc8f20900307a08d78eddc19493a7dd08cee998921085d76,nY6W8KLaWP26vYKVJYBXMgKutvxfujRPyNfkI/tWXqo=,d2de0eecb364b6ad6dfd68c57fbb2b61edd7f408c047202d5ab95910a24e2627,,,,,,,,,,,,,,,,,b205134a311066925aa6c8b5b903a25909a48e91406b8d9762c0cdb68ded7b80,audit_trails/artifacts/accepted_runtime_submissions/T2_DF_KS_TADP_client_001_r20_475204541e601f5f__b205134a31106692.json,,,,,,,,,,,,,1a4dd489523ab5af0b9102b57448f4a10e888ebeb40f9cfdc2780f820bbab1d9,3fb1cbc4aaa574c76dd3f788d5986d7fbb500a7ad9675d02c6a3efe4c7423446,,
240,ff6d83c1c88407586f0246f49830fdd0,9009c28128737f7948fb54beb932f446c0ce27d5cbdefb4938dce83226ac7abd,2026-08-24T22:58:22.337290+00:00,TADP-SEC/14.0,CLIENT_CIPHERTEXT_BINDING,T2_DF_KS_TADP,,,,client_001,,,,,,,,,,,,,,,,,,,,,,,,,,,,,,,,,,,,,,,,CIPHERTEXT_BOUND_TO_SIGNED_UPDATE,,,,,,,,,,,,,,,,,C2_INTERNAL,2,,,,,,,,,,,,,6256f7bf5ddd223bb3303d8721515102,,,,,,,,,,,,,,20,VERIFIED,,,,,True,,,,,False,LB3+eadlZteBnDhhIIdf4q8TLOqDe4dcywWuSe/ikfo=,475204541e601f5f347beefff7e97fb3ff91a29d09a9d9dcc60ebc769b11fb53,LVS6iX3xyk+AW89N8K7wd5i2P+GtpUmTpzID/3W7LU4=,d3d9af2168745a62d3021663fe60313b566e42a850da98155295a86663780fe0,nY6W8KLaWP26vYKVJYBXMgKutvxfujRPyNfkI/tWXqo=,d2de0eecb364b6ad6dfd68c57fbb2b61edd7f408c047202d5ab95910a24e2627,T2: Modified-DF client encryption; Cloud multiplication/expansion and matrix-M KS after upload,reference_python,DFKS|d=25|lambda=10|m_prime_bits=80|m_bits=800|scale=1000000,df_client:client_001,,,,,,,,,ad9b9dce4b0e98622bbd51474fe433fc0c61c259a0ad9ab208beee6dbde57ce4,,99976f853e71db2955226da594e13a0b93531f905c30eaa5d97e74b87cd17521,audit_trails/artifacts/ciphertext_attestations/T2_DF_KS_TADP_client_001_r20_610bbefff90e67d7__99976f853e71db29.json,,,,,,,,,,,,,,,3fb1cbc4aaa574c76dd3f788d5986d7fbb500a7ad9675d02c6a3efe4c7423446,6d21ad9667ff1be3e42dc3ee393e200a3637be2e3af300a5d67f7ccddc9de80b,,
241,f898f7c122888fc16a82f3e844e136e1,9009c28128737f7948fb54beb932f446c0ce27d5cbdefb4938dce83226ac7abd,2026-08-24T22:58:27.683770+00:00,TADP-SEC/14.0,CLIENT_ACCEPTED_SUBMISSION,T2_DF_KS_TADP,,,,client_001,,,,,,,,,,,2.3-phase1-fixed-threshold-critical-floor-review-profile,e910eb11d46f5a33a9f6a7d996c6c242f2a4caa089255874076d8ae12155dc94,2e5e1ea61ea1c71b07c235b309bb618daac98643cb3c0843acb266cd6b876512,cd72ec3b4911418e9899eae9aed63fa15aaf66633d0cb863f54d9ac8508d934e,833c0f503995ec3e68f8d11c30f392b1e756db044036faa02ce898eac71d1c91,VALIDATED_EVIDENCE_BUNDLE,,,,,,,,,,,,,,,,,,,,,,,,UPDATE_SUBMITTED_ENFORCED,,False,NOT_REQUIRED_AUTOMATED_POLICY,False,,,,,,,,,,,,,C2_INTERNAL,2,,,,,,,,6401d449cad49398af2f5e4da9bd6c0fbdde3a2a57f8a422907de7f0354cd145,71adf2c7741ed63f779fe8cebf9b4d1363fd18da1c5a49e39f32ec63cb8262f2,,,2026-08-25T22:32:04.883782+00:00,5d3a97e6ac73e51e85b6bf0bd776bfaa,,,,,b9f0fff5bfff39392f202fe3e0f036cf81c8a8c2c375e750bd012826252f7844,6ac2c265a024ed71c7e9a026e3c1d3e07a7162a1d9a044963677b511bcd05fac,,,2026-08-25T22:58:26.925711+00:00,75d46ecd684a2dc4b6a8e27daff7fed8db3fae5cae653b9ddb3099795df8cd6c,active,,,1,ACCEPTED,ALL_BASELINE_CONTROLS,,,,True,True,True,True,True,False,RtEKXFvj5XAGtdGkX6ZOnLHv72lqPzX0FJ7c9Q98PoY=,a3f63cb055e336685357dc7dc5546d02f1efa9053ee93e20efba763063232a09,LVS6iX3xyk+AW89N8K7wd5i2P+GtpUmTpzID/3W7LU4=,001a2806adff221ffabf28522412b00b5d1ae4fb1c34b7d0a59ad5197be3ac84,53hSeE1MC452bqLUvMLnrgvKo3CLPNZjslJV1SBeLPk=,d2de0eecb364b6ad6dfd68c57fbb2b61edd7f408c047202d5ab95910a24e2627,,,,,,,,,,,,,,,,,744e85e98f3e86f6aed6a673b86adaeec8a6b978f190062c6728ced4a086ea02,audit_trails/artifacts/accepted_runtime_submissions/T2_DF_KS_TADP_client_001_r1_a3f63cb055e33668__744e85e98f3e86f6.json,,,,,,,,,,,,,6d21ad9667ff1be3e42dc3ee393e200a3637be2e3af300a5d67f7ccddc9de80b,a152e9951e55ca891f0dad8a543b9770a2be5c15de3f14e6e8a3f4b5e6c819e6,,
242,dc7b93f338903b37a7a67ce1a8a9a9b8,9009c28128737f7948fb54beb932f446c0ce27d5cbdefb4938dce83226ac7abd,2026-08-24T22:58:27.712063+00:00,TADP-SEC/14.0,CLIENT_CIPHERTEXT_BINDING,T2_DF_KS_TADP,,,,client_001,,,,,,,,,,,,,,,,,,,,,,,,,,,,,,,,,,,,,,,,CIPHERTEXT_BOUND_TO_SIGNED_UPDATE,,,,,,,,,,,,,,,,,C2_INTERNAL,2,,,,,,,,,,,,,5d3a97e6ac73e51e85b6bf0bd776bfaa,,,,,,,,,,,,,,1,VERIFIED,,,,,True,,,,,False,RtEKXFvj5XAGtdGkX6ZOnLHv72lqPzX0FJ7c9Q98PoY=,a3f63cb055e336685357dc7dc5546d02f1efa9053ee93e20efba763063232a09,LVS6iX3xyk+AW89N8K7wd5i2P+GtpUmTpzID/3W7LU4=,733014315d525a254f09c87afe2dad9cc755dae2136033916b4b6dd5fd608500,53hSeE1MC452bqLUvMLnrgvKo3CLPNZjslJV1SBeLPk=,d2de0eecb364b6ad6dfd68c57fbb2b61edd7f408c047202d5ab95910a24e2627,T2: Modified-DF client encryption; Cloud multiplication/expansion and matrix-M KS after upload,reference_python,DFKS|d=25|lambda=10|m_prime_bits=80|m_bits=800|scale=1000000,df_client:client_001,,,,,,,,,c3fd1b6414e50f93e85895fe1f857d84eedf19dbc0b05793daba312eb3cad8ed,,df7f323906f05518d3c7198e02aa2cc62c99b5d78a148a5b490b8f84ded6a5b4,audit_trails/artifacts/ciphertext_attestations/T2_DF_KS_TADP_client_001_r1_64abe5d1f7def9de__df7f323906f05518.json,,,,,,,,,,,,,,,a152e9951e55ca891f0dad8a543b9770a2be5c15de3f14e6e8a3f4b5e6c819e6,16d0c0d612e6fa1d201bb774756b36ed9951bea775f587fa31ef0a7f12745323,,
243,fa6a36f0cf76c470b92d2b54ecd4c4d8,9009c28128737f7948fb54beb932f446c0ce27d5cbdefb4938dce83226ac7abd,2026-08-24T22:58:34.081367+00:00,TADP-SEC/14.0,CLIENT_ACCEPTED_SUBMISSION,T2_DF_KS_TADP,,,,client_001,,,,,,,,,,,2.3-phase1-fixed-threshold-critical-floor-review-profile,e910eb11d46f5a33a9f6a7d996c6c242f2a4caa089255874076d8ae12155dc94,2e5e1ea61ea1c71b07c235b309bb618daac98643cb3c0843acb266cd6b876512,cd72ec3b4911418e9899eae9aed63fa15aaf66633d0cb863f54d9ac8508d934e,833c0f503995ec3e68f8d11c30f392b1e756db044036faa02ce898eac71d1c91,VALIDATED_EVIDENCE_BUNDLE,,,,,,,,,,,,,,,,,,,,,,,,UPDATE_SUBMITTED_ENFORCED,,False,NOT_REQUIRED_AUTOMATED_POLICY,False,,,,,,,,,,,,,C2_INTERNAL,2,,,,,,,,6401d449cad49398af2f5e4da9bd6c0fbdde3a2a57f8a422907de7f0354cd145,71adf2c7741ed63f779fe8cebf9b4d1363fd18da1c5a49e39f32ec63cb8262f2,,,2026-08-25T22:32:04.883782+00:00,5d3a97e6ac73e51e85b6bf0bd776bfaa,,,,,b9f0fff5bfff39392f202fe3e0f036cf81c8a8c2c375e750bd012826252f7844,6ac2c265a024ed71c7e9a026e3c1d3e07a7162a1d9a044963677b511bcd05fac,,,2026-08-25T22:58:26.925711+00:00,75d46ecd684a2dc4b6a8e27daff7fed8db3fae5cae653b9ddb3099795df8cd6c,active,,,2,ACCEPTED,ALL_BASELINE_CONTROLS,,,,True,True,True,True,True,False,H3+lx91aJNr1QXRs5FLBOY3DnwvbVt+Bv5q6UiqP+bI=,c0a8be21de0043b71b86bf12129731f96e3baaf2eae4cb7220aa24b6791f4803,LVS6iX3xyk+AW89N8K7wd5i2P+GtpUmTpzID/3W7LU4=,3c148910dccde4d580e38417a992f540b6ea7e52b775b990b99cd4e2b587abcc,oIBjSzo9/Si6LyGLLT8HkQ/bryiRkAhp2jZvJxTLjFM=,d2de0eecb364b6ad6dfd68c57fbb2b61edd7f408c047202d5ab95910a24e2627,,,,,,,,,,,,,,,,,a19bdee5ddaff30da700a8ab4dfb14bb972fd6aa75b8351e631d8c0ec42cedef,audit_trails/artifacts/accepted_runtime_submissions/T2_DF_KS_TADP_client_001_r2_c0a8be21de0043b7__a19bdee5ddaff30d.json,,,,,,,,,,,,,16d0c0d612e6fa1d201bb774756b36ed9951bea775f587fa31ef0a7f12745323,d5b893695a80f31fc47c0bcbc943ddf1ff22f3e01426cdb8725ca2c2c6c64b56,,
244,f24a199c5bf17d9ce832914d81c57a34,9009c28128737f7948fb54beb932f446c0ce27d5cbdefb4938dce83226ac7abd,2026-08-24T22:58:34.109496+00:00,TADP-SEC/14.0,CLIENT_CIPHERTEXT_BINDING,T2_DF_KS_TADP,,,,client_001,,,,,,,,,,,,,,,,,,,,,,,,,,,,,,,,,,,,,,,,CIPHERTEXT_BOUND_TO_SIGNED_UPDATE,,,,,,,,,,,,,,,,,C2_INTERNAL,2,,,,,,,,,,,,,5d3a97e6ac73e51e85b6bf0bd776bfaa,,,,,,,,,,,,,,2,VERIFIED,,,,,True,,,,,False,H3+lx91aJNr1QXRs5FLBOY3DnwvbVt+Bv5q6UiqP+bI=,c0a8be21de0043b71b86bf12129731f96e3baaf2eae4cb7220aa24b6791f4803,LVS6iX3xyk+AW89N8K7wd5i2P+GtpUmTpzID/3W7LU4=,b159b0a644f39a593c0f45ecaca4969c5fff77fd1ac7e79aff2bed0b649ed764,oIBjSzo9/Si6LyGLLT8HkQ/bryiRkAhp2jZvJxTLjFM=,d2de0eecb364b6ad6dfd68c57fbb2b61edd7f408c047202d5ab95910a24e2627,T2: Modified-DF client encryption; Cloud multiplication/expansion and matrix-M KS after upload,reference_python,DFKS|d=25|lambda=10|m_prime_bits=80|m_bits=800|scale=1000000,df_client:client_001,,,,,,,,,66ce608ed6923249530c9b00eec413ad75a96ae76f11971b6ef2dcc00f4a3119,,ee40da7058ed33ab45aa1b26daf8c88a430fc4968763764a1512cf42a43a7e8d,audit_trails/artifacts/ciphertext_attestations/T2_DF_KS_TADP_client_001_r2_5c661406a18b0c7a__ee40da7058ed33ab.json,,,,,,,,,,,,,,,d5b893695a80f31fc47c0bcbc943ddf1ff22f3e01426cdb8725ca2c2c6c64b56,e9d3b6f21283f945be62e0ab2fa300388658c0964e327be1715e426ef46ea025,,
245,41860427f244c5635ac0a5683aca130a,9009c28128737f7948fb54beb932f446c0ce27d5cbdefb4938dce83226ac7abd,2026-08-24T22:58:38.819644+00:00,TADP-SEC/14.0,CLIENT_ACCEPTED_SUBMISSION,T2_DF_KS_TADP,,,,client_001,,,,,,,,,,,2.3-phase1-fixed-threshold-critical-floor-review-profile,e910eb11d46f5a33a9f6a7d996c6c242f2a4caa089255874076d8ae12155dc94,2e5e1ea61ea1c71b07c235b309bb618daac98643cb3c0843acb266cd6b876512,cd72ec3b4911418e9899eae9aed63fa15aaf66633d0cb863f54d9ac8508d934e,833c0f503995ec3e68f8d11c30f392b1e756db044036faa02ce898eac71d1c91,VALIDATED_EVIDENCE_BUNDLE,,,,,,,,,,,,,,,,,,,,,,,,UPDATE_SUBMITTED_ENFORCED,,False,NOT_REQUIRED_AUTOMATED_POLICY,False,,,,,,,,,,,,,C2_INTERNAL,2,,,,,,,,6401d449cad49398af2f5e4da9bd6c0fbdde3a2a57f8a422907de7f0354cd145,71adf2c7741ed63f779fe8cebf9b4d1363fd18da1c5a49e39f32ec63cb8262f2,,,2026-08-25T22:32:04.883782+00:00,5d3a97e6ac73e51e85b6bf0bd776bfaa,,,,,b9f0fff5bfff39392f202fe3e0f036cf81c8a8c2c375e750bd012826252f7844,6ac2c265a024ed71c7e9a026e3c1d3e07a7162a1d9a044963677b511bcd05fac,,,2026-08-25T22:58:26.925711+00:00,75d46ecd684a2dc4b6a8e27daff7fed8db3fae5cae653b9ddb3099795df8cd6c,active,,,3,ACCEPTED,ALL_BASELINE_CONTROLS,,,,True,True,True,True,True,False,M66tBrjns9QvG7mPGv1fwRcCfHExRvltE3Bvz1KzOC8=,ccc21a04fd2fe18a3223a7e21a27d764b80348a5bb9f42697727b41a203eaa76,LVS6iX3xyk+AW89N8K7wd5i2P+GtpUmTpzID/3W7LU4=,584fc887d7cd0ba3b1f2765be57078d054d2c69b02bbf25a0122f180951e0819,I3BPlw9LI4tQS8HkDZSu5iYTHQ+SXFCaiObYaeaTGic=,d2de0eecb364b6ad6dfd68c57fbb2b61edd7f408c047202d5ab95910a24e2627,,,,,,,,,,,,,,,,,a43d1f819429c87a174cccf9e7ff5bcdf5c7a90fb1be59e0d68a65dcb26da858,audit_trails/artifacts/accepted_runtime_submissions/T2_DF_KS_TADP_client_001_r3_ccc21a04fd2fe18a__a43d1f819429c87a.json,,,,,,,,,,,,,e9d3b6f21283f945be62e0ab2fa300388658c0964e327be1715e426ef46ea025,3be9fa6a11788b4b398159b1df433e25c5f49f2de472075896e0aabb17f8411a,,
246,82bf1d8bc818d4c1e28f0dc07af88ebc,9009c28128737f7948fb54beb932f446c0ce27d5cbdefb4938dce83226ac7abd,2026-08-24T22:58:38.847015+00:00,TADP-SEC/14.0,CLIENT_CIPHERTEXT_BINDING,T2_DF_KS_TADP,,,,client_001,,,,,,,,,,,,,,,,,,,,,,,,,,,,,,,,,,,,,,,,CIPHERTEXT_BOUND_TO_SIGNED_UPDATE,,,,,,,,,,,,,,,,,C2_INTERNAL,2,,,,,,,,,,,,,5d3a97e6ac73e51e85b6bf0bd776bfaa,,,,,,,,,,,,,,3,VERIFIED,,,,,True,,,,,False,M66tBrjns9QvG7mPGv1fwRcCfHExRvltE3Bvz1KzOC8=,ccc21a04fd2fe18a3223a7e21a27d764b80348a5bb9f42697727b41a203eaa76,LVS6iX3xyk+AW89N8K7wd5i2P+GtpUmTpzID/3W7LU4=,d94e8e6ede1fa186c115e44c9d0e6ba2f9e5b601e2fbaf39e87c2929151166d6,I3BPlw9LI4tQS8HkDZSu5iYTHQ+SXFCaiObYaeaTGic=,d2de0eecb364b6ad6dfd68c57fbb2b61edd7f408c047202d5ab95910a24e2627,T2: Modified-DF client encryption; Cloud multiplication/expansion and matrix-M KS after upload,reference_python,DFKS|d=25|lambda=10|m_prime_bits=80|m_bits=800|scale=1000000,df_client:client_001,,,,,,,,,63daf5a1fa53835580b8146c7b12c3dc93560af30699c8a501149c084c28ab46,,b2306d97469e093fadfa0490ea902a7b1c338d7c1e864e8b6d5eaf0e022c6ad6,audit_trails/artifacts/ciphertext_attestations/T2_DF_KS_TADP_client_001_r3_a6a3038f38dd72a4__b2306d97469e093f.json,,,,,,,,,,,,,,,3be9fa6a11788b4b398159b1df433e25c5f49f2de472075896e0aabb17f8411a,93751488b5f33becc87fd319ceae239b108f995fc6496c1d76a22b4158a7004d,,
247,9d1267069d666846a02c41d332746abf,9009c28128737f7948fb54beb932f446c0ce27d5cbdefb4938dce83226ac7abd,2026-08-24T22:58:43.583317+00:00,TADP-SEC/14.0,CLIENT_ACCEPTED_SUBMISSION,T2_DF_KS_TADP,,,,client_001,,,,,,,,,,,2.3-phase1-fixed-threshold-critical-floor-review-profile,e910eb11d46f5a33a9f6a7d996c6c242f2a4caa089255874076d8ae12155dc94,2e5e1ea61ea1c71b07c235b309bb618daac98643cb3c0843acb266cd6b876512,cd72ec3b4911418e9899eae9aed63fa15aaf66633d0cb863f54d9ac8508d934e,833c0f503995ec3e68f8d11c30f392b1e756db044036faa02ce898eac71d1c91,VALIDATED_EVIDENCE_BUNDLE,,,,,,,,,,,,,,,,,,,,,,,,UPDATE_SUBMITTED_ENFORCED,,False,NOT_REQUIRED_AUTOMATED_POLICY,False,,,,,,,,,,,,,C2_INTERNAL,2,,,,,,,,6401d449cad49398af2f5e4da9bd6c0fbdde3a2a57f8a422907de7f0354cd145,71adf2c7741ed63f779fe8cebf9b4d1363fd18da1c5a49e39f32ec63cb8262f2,,,2026-08-25T22:32:04.883782+00:00,5d3a97e6ac73e51e85b6bf0bd776bfaa,,,,,b9f0fff5bfff39392f202fe3e0f036cf81c8a8c2c375e750bd012826252f7844,6ac2c265a024ed71c7e9a026e3c1d3e07a7162a1d9a044963677b511bcd05fac,,,2026-08-25T22:58:26.925711+00:00,75d46ecd684a2dc4b6a8e27daff7fed8db3fae5cae653b9ddb3099795df8cd6c,active,,,4,ACCEPTED,ALL_BASELINE_CONTROLS,,,,True,True,True,True,True,False,Wxby88tQ7Eed1HcnmpA2JEHUHak8i3HHFtZ52INLh8w=,18430ef4826efa601c56d0115768433c30f6c42e93b5c56bf766cd39da5621a8,LVS6iX3xyk+AW89N8K7wd5i2P+GtpUmTpzID/3W7LU4=,9c0bfeda464e95d6e80b1ba299a7d857148a07d40fdf69049b1f73685868809d,36UifbSgVbJwsYcbobcAyI1SutBIIXB4pVMqvfMQ0pI=,d2de0eecb364b6ad6dfd68c57fbb2b61edd7f408c047202d5ab95910a24e2627,,,,,,,,,,,,,,,,,5af46bb686da51eddd1e2bf1cdb7621345d4cf5fa994ed74d9dc62a046a5f5eb,audit_trails/artifacts/accepted_runtime_submissions/T2_DF_KS_TADP_client_001_r4_18430ef4826efa60__5af46bb686da51ed.json,,,,,,,,,,,,,93751488b5f33becc87fd319ceae239b108f995fc6496c1d76a22b4158a7004d,c2f46992b7117fdcc926ac01dad40badea799d61a36a4768c04a2ccee734dafc,,
248,732a7d839049f29d2014cab3ea905914,9009c28128737f7948fb54beb932f446c0ce27d5cbdefb4938dce83226ac7abd,2026-08-24T22:58:43.612854+00:00,TADP-SEC/14.0,CLIENT_CIPHERTEXT_BINDING,T2_DF_KS_TADP,,,,client_001,,,,,,,,,,,,,,,,,,,,,,,,,,,,,,,,,,,,,,,,CIPHERTEXT_BOUND_TO_SIGNED_UPDATE,,,,,,,,,,,,,,,,,C2_INTERNAL,2,,,,,,,,,,,,,5d3a97e6ac73e51e85b6bf0bd776bfaa,,,,,,,,,,,,,,4,VERIFIED,,,,,True,,,,,False,Wxby88tQ7Eed1HcnmpA2JEHUHak8i3HHFtZ52INLh8w=,18430ef4826efa601c56d0115768433c30f6c42e93b5c56bf766cd39da5621a8,LVS6iX3xyk+AW89N8K7wd5i2P+GtpUmTpzID/3W7LU4=,53d6d996358e676f481ef5f06999442e8c9d22af914ee569215f2c7989fc7b1d,36UifbSgVbJwsYcbobcAyI1SutBIIXB4pVMqvfMQ0pI=,d2de0eecb364b6ad6dfd68c57fbb2b61edd7f408c047202d5ab95910a24e2627,T2: Modified-DF client encryption; Cloud multiplication/expansion and matrix-M KS after upload,reference_python,DFKS|d=25|lambda=10|m_prime_bits=80|m_bits=800|scale=1000000,df_client:client_001,,,,,,,,,07b1bb3bc36be93adfdf865b91832720d6a92b3980889c6ae04635cf2ffb5101,,8f005eff2884da613583b8ffe931b17a6830c18aba3db94dcc0ad8f57cb1eb72,audit_trails/artifacts/ciphertext_attestations/T2_DF_KS_TADP_client_001_r4_d7360350cedc5903__8f005eff2884da61.json,,,,,,,,,,,,,,,c2f46992b7117fdcc926ac01dad40badea799d61a36a4768c04a2ccee734dafc,efcf56873a7086bc758f646f1edc7751a22990c07f96f7d8c734422986f570bb,,
249,5e9293b0114e374507e2925793ae70a6,9009c28128737f7948fb54beb932f446c0ce27d5cbdefb4938dce83226ac7abd,2026-08-24T22:58:49.662368+00:00,TADP-SEC/14.0,CLIENT_ACCEPTED_SUBMISSION,T2_DF_KS_TADP,,,,client_001,,,,,,,,,,,2.3-phase1-fixed-threshold-critical-floor-review-profile,e910eb11d46f5a33a9f6a7d996c6c242f2a4caa089255874076d8ae12155dc94,2e5e1ea61ea1c71b07c235b309bb618daac98643cb3c0843acb266cd6b876512,cd72ec3b4911418e9899eae9aed63fa15aaf66633d0cb863f54d9ac8508d934e,833c0f503995ec3e68f8d11c30f392b1e756db044036faa02ce898eac71d1c91,VALIDATED_EVIDENCE_BUNDLE,,,,,,,,,,,,,,,,,,,,,,,,UPDATE_SUBMITTED_ENFORCED,,False,NOT_REQUIRED_AUTOMATED_POLICY,False,,,,,,,,,,,,,C2_INTERNAL,2,,,,,,,,6401d449cad49398af2f5e4da9bd6c0fbdde3a2a57f8a422907de7f0354cd145,71adf2c7741ed63f779fe8cebf9b4d1363fd18da1c5a49e39f32ec63cb8262f2,,,2026-08-25T22:32:04.883782+00:00,5d3a97e6ac73e51e85b6bf0bd776bfaa,,,,,b9f0fff5bfff39392f202fe3e0f036cf81c8a8c2c375e750bd012826252f7844,6ac2c265a024ed71c7e9a026e3c1d3e07a7162a1d9a044963677b511bcd05fac,,,2026-08-25T22:58:26.925711+00:00,75d46ecd684a2dc4b6a8e27daff7fed8db3fae5cae653b9ddb3099795df8cd6c,active,,,5,ACCEPTED,ALL_BASELINE_CONTROLS,,,,True,True,True,True,True,False,IlpaIFlBmNikB1Wg5qd0kfbzhUfqM1SRHN4tcR8Iw3Q=,38b4cc551aae6d249f8db3b57eeb0f0b54ef70ec8330b27ab44669250173c307,LVS6iX3xyk+AW89N8K7wd5i2P+GtpUmTpzID/3W7LU4=,3bf2b1e7c629dc5cb7d6cff504dc4a90f8fe3ccd42b684b847556d0aa411cf3b,XPy+fyMorrgl7GK8Wubllu4uekbzMsN16mgyTOcCD4M=,d2de0eecb364b6ad6dfd68c57fbb2b61edd7f408c047202d5ab95910a24e2627,,,,,,,,,,,,,,,,,b117fe830e615198a7c69b2fecc00728bb6cc37d56ebe3930f777d685fa31f74,audit_trails/artifacts/accepted_runtime_submissions/T2_DF_KS_TADP_client_001_r5_38b4cc551aae6d24__b117fe830e615198.json,,,,,,,,,,,,,efcf56873a7086bc758f646f1edc7751a22990c07f96f7d8c734422986f570bb,95058c58189ca861586757436ae1d29a4f6ac82b2563d2ccb4170adf7b74ddcc,,
250,154dc7378007ecde939caaca495f465d,9009c28128737f7948fb54beb932f446c0ce27d5cbdefb4938dce83226ac7abd,2026-08-24T22:58:49.698679+00:00,TADP-SEC/14.0,CLIENT_CIPHERTEXT_BINDING,T2_DF_KS_TADP,,,,client_001,,,,,,,,,,,,,,,,,,,,,,,,,,,,,,,,,,,,,,,,CIPHERTEXT_BOUND_TO_SIGNED_UPDATE,,,,,,,,,,,,,,,,,C2_INTERNAL,2,,,,,,,,,,,,,5d3a97e6ac73e51e85b6bf0bd776bfaa,,,,,,,,,,,,,,5,VERIFIED,,,,,True,,,,,False,IlpaIFlBmNikB1Wg5qd0kfbzhUfqM1SRHN4tcR8Iw3Q=,38b4cc551aae6d249f8db3b57eeb0f0b54ef70ec8330b27ab44669250173c307,LVS6iX3xyk+AW89N8K7wd5i2P+GtpUmTpzID/3W7LU4=,3689b218e818a40f279feb02c2a7a3bbf9e84d790a6cdb0f45ff0132ba885ded,XPy+fyMorrgl7GK8Wubllu4uekbzMsN16mgyTOcCD4M=,d2de0eecb364b6ad6dfd68c57fbb2b61edd7f408c047202d5ab95910a24e2627,T2: Modified-DF client encryption; Cloud multiplication/expansion and matrix-M KS after upload,reference_python,DFKS|d=25|lambda=10|m_prime_bits=80|m_bits=800|scale=1000000,df_client:client_001,,,,,,,,,d8452baacd1eb46ceadfcdc7f559057ea842ea1a799e2b420b2ffc7d3a27c7c4,,1daf64be141e513824b2248c0aba8347403899fe64d03fd04fa0e12d8b7e8db3,audit_trails/artifacts/ciphertext_attestations/T2_DF_KS_TADP_client_001_r5_f8f191dd4da38603__1daf64be141e5138.json,,,,,,,,,,,,,,,95058c58189ca861586757436ae1d29a4f6ac82b2563d2ccb4170adf7b74ddcc,e95b7cd7ba5e9c3c7eaaf6981a3855eef77f71e47d4bebe6d175683e60f9b086,,
251,00f651e06550c5d3e026f75555d070de,9009c28128737f7948fb54beb932f446c0ce27d5cbdefb4938dce83226ac7abd,2026-08-24T22:58:54.491819+00:00,TADP-SEC/14.0,CLIENT_ACCEPTED_SUBMISSION,T2_DF_KS_TADP,,,,client_001,,,,,,,,,,,2.3-phase1-fixed-threshold-critical-floor-review-profile,e910eb11d46f5a33a9f6a7d996c6c242f2a4caa089255874076d8ae12155dc94,2e5e1ea61ea1c71b07c235b309bb618daac98643cb3c0843acb266cd6b876512,cd72ec3b4911418e9899eae9aed63fa15aaf66633d0cb863f54d9ac8508d934e,833c0f503995ec3e68f8d11c30f392b1e756db044036faa02ce898eac71d1c91,VALIDATED_EVIDENCE_BUNDLE,,,,,,,,,,,,,,,,,,,,,,,,UPDATE_SUBMITTED_ENFORCED,,False,NOT_REQUIRED_AUTOMATED_POLICY,False,,,,,,,,,,,,,C2_INTERNAL,2,,,,,,,,6401d449cad49398af2f5e4da9bd6c0fbdde3a2a57f8a422907de7f0354cd145,71adf2c7741ed63f779fe8cebf9b4d1363fd18da1c5a49e39f32ec63cb8262f2,,,2026-08-25T22:32:04.883782+00:00,5d3a97e6ac73e51e85b6bf0bd776bfaa,,,,,b9f0fff5bfff39392f202fe3e0f036cf81c8a8c2c375e750bd012826252f7844,6ac2c265a024ed71c7e9a026e3c1d3e07a7162a1d9a044963677b511bcd05fac,,,2026-08-25T22:58:26.925711+00:00,75d46ecd684a2dc4b6a8e27daff7fed8db3fae5cae653b9ddb3099795df8cd6c,active,,,6,ACCEPTED,ALL_BASELINE_CONTROLS,,,,True,True,True,True,True,False,bQITyzKRzqgH+6uAh19GPcN+A66rYzxJJfhI8l0bugg=,eee20a6f716392f5122cb573c71c4a675d94d4cb0b5fa333842a7732e3134f8f,LVS6iX3xyk+AW89N8K7wd5i2P+GtpUmTpzID/3W7LU4=,f0a1c6293aac8faa479fd1fc5b70598f5a75c868aa6b1ad0e8babd4c888a0d63,9UgXh0+M7qHhtMFVxETLZaOWxfY0lQl82Tf98IhVaC0=,d2de0eecb364b6ad6dfd68c57fbb2b61edd7f408c047202d5ab95910a24e2627,,,,,,,,,,,,,,,,,ca40d23438f86b7466be78639c9749d0a7833dd6ccff77364095498114e15114,audit_trails/artifacts/accepted_runtime_submissions/T2_DF_KS_TADP_client_001_r6_eee20a6f716392f5__ca40d23438f86b74.json,,,,,,,,,,,,,e95b7cd7ba5e9c3c7eaaf6981a3855eef77f71e47d4bebe6d175683e60f9b086,793bdcd3fecbbed1a6892501c31a9a21f2caf6c676969564af8cb969cc21131f,,
252,2da0c7f0b26cf166691cd6761d7dbc4c,9009c28128737f7948fb54beb932f446c0ce27d5cbdefb4938dce83226ac7abd,2026-08-24T22:58:54.519719+00:00,TADP-SEC/14.0,CLIENT_CIPHERTEXT_BINDING,T2_DF_KS_TADP,,,,client_001,,,,,,,,,,,,,,,,,,,,,,,,,,,,,,,,,,,,,,,,CIPHERTEXT_BOUND_TO_SIGNED_UPDATE,,,,,,,,,,,,,,,,,C2_INTERNAL,2,,,,,,,,,,,,,5d3a97e6ac73e51e85b6bf0bd776bfaa,,,,,,,,,,,,,,6,VERIFIED,,,,,True,,,,,False,bQITyzKRzqgH+6uAh19GPcN+A66rYzxJJfhI8l0bugg=,eee20a6f716392f5122cb573c71c4a675d94d4cb0b5fa333842a7732e3134f8f,LVS6iX3xyk+AW89N8K7wd5i2P+GtpUmTpzID/3W7LU4=,38c5d0225c9d12fbbe299d45b690a3fe3fbe4777877104fe521f95bdac032f17,9UgXh0+M7qHhtMFVxETLZaOWxfY0lQl82Tf98IhVaC0=,d2de0eecb364b6ad6dfd68c57fbb2b61edd7f408c047202d5ab95910a24e2627,T2: Modified-DF client encryption; Cloud multiplication/expansion and matrix-M KS after upload,reference_python,DFKS|d=25|lambda=10|m_prime_bits=80|m_bits=800|scale=1000000,df_client:client_001,,,,,,,,,7e5d5d08f7bf0c8b4cbf2c57158b7c285fa626ea885740760e4f05d8b2607a6a,,238fe7b5880e85439823f612f279fcfd4a051390bf5c9ef93dab32c198a69c20,audit_trails/artifacts/ciphertext_attestations/T2_DF_KS_TADP_client_001_r6_c41f663f2f20df79__238fe7b5880e8543.json,,,,,,,,,,,,,,,793bdcd3fecbbed1a6892501c31a9a21f2caf6c676969564af8cb969cc21131f,84f528de68d9dad481f00c5f84f619604a4d9e217774e446fae84a3a70fd8156,,
253,90c5216503b8c3fc00d57a9fa882436d,9009c28128737f7948fb54beb932f446c0ce27d5cbdefb4938dce83226ac7abd,2026-08-24T22:59:00.864798+00:00,TADP-SEC/14.0,CLIENT_ACCEPTED_SUBMISSION,T2_DF_KS_TADP,,,,client_001,,,,,,,,,,,2.3-phase1-fixed-threshold-critical-floor-review-profile,e910eb11d46f5a33a9f6a7d996c6c242f2a4caa089255874076d8ae12155dc94,2e5e1ea61ea1c71b07c235b309bb618daac98643cb3c0843acb266cd6b876512,cd72ec3b4911418e9899eae9aed63fa15aaf66633d0cb863f54d9ac8508d934e,833c0f503995ec3e68f8d11c30f392b1e756db044036faa02ce898eac71d1c91,VALIDATED_EVIDENCE_BUNDLE,,,,,,,,,,,,,,,,,,,,,,,,UPDATE_SUBMITTED_ENFORCED,,False,NOT_REQUIRED_AUTOMATED_POLICY,False,,,,,,,,,,,,,C2_INTERNAL,2,,,,,,,,6401d449cad49398af2f5e4da9bd6c0fbdde3a2a57f8a422907de7f0354cd145,71adf2c7741ed63f779fe8cebf9b4d1363fd18da1c5a49e39f32ec63cb8262f2,,,2026-08-25T22:32:04.883782+00:00,5d3a97e6ac73e51e85b6bf0bd776bfaa,,,,,b9f0fff5bfff39392f202fe3e0f036cf81c8a8c2c375e750bd012826252f7844,6ac2c265a024ed71c7e9a026e3c1d3e07a7162a1d9a044963677b511bcd05fac,,,2026-08-25T22:58:26.925711+00:00,75d46ecd684a2dc4b6a8e27daff7fed8db3fae5cae653b9ddb3099795df8cd6c,active,,,7,ACCEPTED,ALL_BASELINE_CONTROLS,,,,True,True,True,True,True,False,ImChlsJy1Pefcv7Y36AFtV7Aq4XkjMXjGM3onjUrD2A=,fe1a6ebfc8fa6143fd5aed9164bdf02ff42094e36f38953e235cf3d137824e3a,LVS6iX3xyk+AW89N8K7wd5i2P+GtpUmTpzID/3W7LU4=,2df09e09cb75fd85c5fd5bdbacffd69d9be76bc1f61e05605ebb3695c30134fd,UWhUwFPu+95gjHoPTMo1u4Ig5blN8tCxMx2AzwJomoo=,d2de0eecb364b6ad6dfd68c57fbb2b61edd7f408c047202d5ab95910a24e2627,,,,,,,,,,,,,,,,,b4e7e802c1e823e808d64b4248959263972ba1b45b80d4ce19de9cb637e8ef3d,audit_trails/artifacts/accepted_runtime_submissions/T2_DF_KS_TADP_client_001_r7_fe1a6ebfc8fa6143__b4e7e802c1e823e8.json,,,,,,,,,,,,,84f528de68d9dad481f00c5f84f619604a4d9e217774e446fae84a3a70fd8156,d8be2d7f0d8d4e76749b80e81b74ec8530bc49d8ed41253ca07a709687969e81,,
254,9ca27d4c9b802266ed587ef05aaa6181,9009c28128737f7948fb54beb932f446c0ce27d5cbdefb4938dce83226ac7abd,2026-08-24T22:59:00.892627+00:00,TADP-SEC/14.0,CLIENT_CIPHERTEXT_BINDING,T2_DF_KS_TADP,,,,client_001,,,,,,,,,,,,,,,,,,,,,,,,,,,,,,,,,,,,,,,,CIPHERTEXT_BOUND_TO_SIGNED_UPDATE,,,,,,,,,,,,,,,,,C2_INTERNAL,2,,,,,,,,,,,,,5d3a97e6ac73e51e85b6bf0bd776bfaa,,,,,,,,,,,,,,7,VERIFIED,,,,,True,,,,,False,ImChlsJy1Pefcv7Y36AFtV7Aq4XkjMXjGM3onjUrD2A=,fe1a6ebfc8fa6143fd5aed9164bdf02ff42094e36f38953e235cf3d137824e3a,LVS6iX3xyk+AW89N8K7wd5i2P+GtpUmTpzID/3W7LU4=,d188686e304a28d86e73cbf25ff45946c08b2886bd892a561049847f929acb91,UWhUwFPu+95gjHoPTMo1u4Ig5blN8tCxMx2AzwJomoo=,d2de0eecb364b6ad6dfd68c57fbb2b61edd7f408c047202d5ab95910a24e2627,T2: Modified-DF client encryption; Cloud multiplication/expansion and matrix-M KS after upload,reference_python,DFKS|d=25|lambda=10|m_prime_bits=80|m_bits=800|scale=1000000,df_client:client_001,,,,,,,,,737f13f36f9bcbed80f308d12224eb5928df1e98aec176659663c8b7db063771,,63fe51b312d56cb997e53ea8f3f492341aeb9598f4c7be91213b6c6ba9f74299,audit_trails/artifacts/ciphertext_attestations/T2_DF_KS_TADP_client_001_r7_243861c4117928d9__63fe51b312d56cb9.json,,,,,,,,,,,,,,,d8be2d7f0d8d4e76749b80e81b74ec8530bc49d8ed41253ca07a709687969e81,edd371b49275bb15505ea82f2ef9530534290dff448a2752f7505bb5a0b6d79c,,
255,e1514536fdd65a508763b53b6a9fcd5c,9009c28128737f7948fb54beb932f446c0ce27d5cbdefb4938dce83226ac7abd,2026-08-24T22:59:05.608664+00:00,TADP-SEC/14.0,CLIENT_ACCEPTED_SUBMISSION,T2_DF_KS_TADP,,,,client_001,,,,,,,,,,,2.3-phase1-fixed-threshold-critical-floor-review-profile,e910eb11d46f5a33a9f6a7d996c6c242f2a4caa089255874076d8ae12155dc94,2e5e1ea61ea1c71b07c235b309bb618daac98643cb3c0843acb266cd6b876512,cd72ec3b4911418e9899eae9aed63fa15aaf66633d0cb863f54d9ac8508d934e,833c0f503995ec3e68f8d11c30f392b1e756db044036faa02ce898eac71d1c91,VALIDATED_EVIDENCE_BUNDLE,,,,,,,,,,,,,,,,,,,,,,,,UPDATE_SUBMITTED_ENFORCED,,False,NOT_REQUIRED_AUTOMATED_POLICY,False,,,,,,,,,,,,,C2_INTERNAL,2,,,,,,,,6401d449cad49398af2f5e4da9bd6c0fbdde3a2a57f8a422907de7f0354cd145,71adf2c7741ed63f779fe8cebf9b4d1363fd18da1c5a49e39f32ec63cb8262f2,,,2026-08-25T22:32:04.883782+00:00,5d3a97e6ac73e51e85b6bf0bd776bfaa,,,,,b9f0fff5bfff39392f202fe3e0f036cf81c8a8c2c375e750bd012826252f7844,6ac2c265a024ed71c7e9a026e3c1d3e07a7162a1d9a044963677b511bcd05fac,,,2026-08-25T22:58:26.925711+00:00,75d46ecd684a2dc4b6a8e27daff7fed8db3fae5cae653b9ddb3099795df8cd6c,active,,,8,ACCEPTED,ALL_BASELINE_CONTROLS,,,,True,True,True,True,True,False,xi8/TACF4L5UL5Nsm5FQYORFRv+nj7kgk90u4/3OBks=,e0804b84ef26966d9aa625c1c044ea1e569b4236d400bf77cc767a8830a3b6a5,LVS6iX3xyk+AW89N8K7wd5i2P+GtpUmTpzID/3W7LU4=,2f5b550ff205e7a2604a1663cd133e4051c1d8fce12a7c530f710c1a015b1ce5,0jQJyBlJ8lvV1DygiXXQLasecLbxV0Wqvw88TMGZM7w=,d2de0eecb364b6ad6dfd68c57fbb2b61edd7f408c047202d5ab95910a24e2627,,,,,,,,,,,,,,,,,fbd805f695c3df7dd48a981c1248d6f7bff45db591f421450fc065962e74440d,audit_trails/artifacts/accepted_runtime_submissions/T2_DF_KS_TADP_client_001_r8_e0804b84ef26966d__fbd805f695c3df7d.json,,,,,,,,,,,,,edd371b49275bb15505ea82f2ef9530534290dff448a2752f7505bb5a0b6d79c,a9e687138189db2c3be243b4ee7d16cbdd867cd5329c73dd9b8cd5c23d21cb39,,
256,eb9dd8302ec3a6c8231a450ad016b0bd,9009c28128737f7948fb54beb932f446c0ce27d5cbdefb4938dce83226ac7abd,2026-08-24T22:59:05.635207+00:00,TADP-SEC/14.0,CLIENT_CIPHERTEXT_BINDING,T2_DF_KS_TADP,,,,client_001,,,,,,,,,,,,,,,,,,,,,,,,,,,,,,,,,,,,,,,,CIPHERTEXT_BOUND_TO_SIGNED_UPDATE,,,,,,,,,,,,,,,,,C2_INTERNAL,2,,,,,,,,,,,,,5d3a97e6ac73e51e85b6bf0bd776bfaa,,,,,,,,,,,,,,8,VERIFIED,,,,,True,,,,,False,xi8/TACF4L5UL5Nsm5FQYORFRv+nj7kgk90u4/3OBks=,e0804b84ef26966d9aa625c1c044ea1e569b4236d400bf77cc767a8830a3b6a5,LVS6iX3xyk+AW89N8K7wd5i2P+GtpUmTpzID/3W7LU4=,c013603ac99996c363e3f72cfe4e16441c600c6d6762c5d9be119a4e0dd4dacc,0jQJyBlJ8lvV1DygiXXQLasecLbxV0Wqvw88TMGZM7w=,d2de0eecb364b6ad6dfd68c57fbb2b61edd7f408c047202d5ab95910a24e2627,T2: Modified-DF client encryption; Cloud multiplication/expansion and matrix-M KS after upload,reference_python,DFKS|d=25|lambda=10|m_prime_bits=80|m_bits=800|scale=1000000,df_client:client_001,,,,,,,,,58772e679deda115dfcf75bd9aece584970fe7ba970de23ffa853f29f3139531,,a69880e9ff26f42cbdd6ef08d4330148706129dee0f4c8d06cec594ff4f4ae6b,audit_trails/artifacts/ciphertext_attestations/T2_DF_KS_TADP_client_001_r8_9ca9ce12de0305dc__a69880e9ff26f42c.json,,,,,,,,,,,,,,,a9e687138189db2c3be243b4ee7d16cbdd867cd5329c73dd9b8cd5c23d21cb39,f3328f39b9c63ace8555b2378b43cdad2b37a4582ffa7e8c3f40d1d8cb79e4e3,,g8PzGGGeO6opy9JzLYhksOfWav1DneiUz+hqNveKlix8lYdLS0kvxPMAkWtuPISKM9qc3xYpxi54CJAmlKJf6chQzOEiS5LRB53xuXpIEu5+9Iv0Cn/IwKYlPybuJVdxIYl8gFnPY3mnLkDzCw4SgVJ74UW4B2MHhXzrINQtv66NtWm9T2pylP4QeEni76xs+VBLfK4ceITUcZM1rfW/yRNOCJq8TBbbMPxvIXDVo5ZCkdcv2vj1A7TCRcYO9fexSeZ/pYOjnZSa9Wf0nbjaZIgtuaMF0N6or4DSe1zb/yTQ8QtJ49EL6xg6RUTos27DNV67UNzombWJVgcdOdN+EobcDk2CRm+MBdQAuMljnUXe7PcgM8+9CInVCj5rIDRaeswGMDni+BQCtOb0g0PvWR/g80aEgfx4HFZj7hWWmOESOu9LtZOxmHOMOy1bbGLx+4iwp3Oz/KSpH36/9FdV42JR93Kw6mxMbORuMCVl410lNdNw1CQ2ZAxLN8bm1NiU
257,bca0b1585a8e6c0a6bd6ba7942436d21,9009c28128737f7948fb54beb932f446c0ce27d5cbdefb4938dce83226ac7abd,2026-08-24T22:59:10.349652+00:00,TADP-SEC/14.0,CLIENT_ACCEPTED_SUBMISSION,T2_DF_KS_TADP,,,,client_001,,,,,,,,,,,2.3-phase1-fixed-threshold-critical-floor-review-profile,e910eb11d46f5a33a9f6a7d996c6c242f2a4caa089255874076d8ae12155dc94,2e5e1ea61ea1c71b07c235b309bb618daac98643cb3c0843acb266cd6b876512,cd72ec3b4911418e9899eae9aed63fa15aaf66633d0cb863f54d9ac8508d934e,833c0f503995ec3e68f8d11c30f392b1e756db044036faa02ce898eac71d1c91,VALIDATED_EVIDENCE_BUNDLE,,,,,,,,,,,,,,,,,,,,,,,,UPDATE_SUBMITTED_ENFORCED,,False,NOT_REQUIRED_AUTOMATED_POLICY,False,,,,,,,,,,,,,C2_INTERNAL,2,,,,,,,,6401d449cad49398af2f5e4da9bd6c0fbdde3a2a57f8a422907de7f0354cd145,71adf2c7741ed63f779fe8cebf9b4d1363fd18da1c5a49e39f32ec63cb8262f2,,,2026-08-25T22:32:04.883782+00:00,5d3a97e6ac73e51e85b6bf0bd776bfaa,,,,,b9f0fff5bfff39392f202fe3e0f036cf81c8a8c2c375e750bd012826252f7844,6ac2c265a024ed71c7e9a026e3c1d3e07a7162a1d9a044963677b511bcd05fac,,,2026-08-25T22:58:26.925711+00:00,75d46ecd684a2dc4b6a8e27daff7fed8db3fae5cae653b9ddb3099795df8cd6c,active,,,9,ACCEPTED,ALL_BASELINE_CONTROLS,,,,True,True,True,True,True,False,Qya7OKnaY/8NuJ6v893LGmmKwbGhR/JhwBLtXG8INWs=,22223dcaacc04aac04fd762a6715b70c6cfe74a9e7469b3361340f099f5ef718,LVS6iX3xyk+AW89N8K7wd5i2P+GtpUmTpzID/3W7LU4=,8e538c938c25106b3d38d41f9cc11cbd9faa74b94ddc01a525e9290a2c9b7638,34wnRbMTsAy3rRL5oYrSItj6eeYRMjVuK2v93BAtxIs=,d2de0eecb364b6ad6dfd68c57fbb2b61edd7f408c047202d5ab95910a24e2627,,,,,,,,,,,,,,,,,086e6eda46e60948dcb5aeb85d7e24d8675b4225ba0a3dfcce756d676433f011,audit_trails/artifacts/accepted_runtime_submissions/T2_DF_KS_TADP_client_001_r9_22223dcaacc04aac__086e6eda46e60948.json,,,,,,,,,,,,,f3328f39b9c63ace8555b2378b43cdad2b37a4582ffa7e8c3f40d1d8cb79e4e3,9b887360510f3fb20187668036b1f96f5e64604db3e9ff32a4dea7a43d9a7fb7,,
258,e926d7b2342cea677da1bc843f34ef06,9009c28128737f7948fb54beb932f446c0ce27d5cbdefb4938dce83226ac7abd,2026-08-24T22:59:10.377792+00:00,TADP-SEC/14.0,CLIENT_CIPHERTEXT_BINDING,T2_DF_KS_TADP,,,,client_001,,,,,,,,,,,,,,,,,,,,,,,,,,,,,,,,,,,,,,,,CIPHERTEXT_BOUND_TO_SIGNED_UPDATE,,,,,,,,,,,,,,,,,C2_INTERNAL,2,,,,,,,,,,,,,5d3a97e6ac73e51e85b6bf0bd776bfaa,,,,,,,,,,,,,,9,VERIFIED,,,,,True,,,,,False,Qya7OKnaY/8NuJ6v893LGmmKwbGhR/JhwBLtXG8INWs=,22223dcaacc04aac04fd762a6715b70c6cfe74a9e7469b3361340f099f5ef718,LVS6iX3xyk+AW89N8K7wd5i2P+GtpUmTpzID/3W7LU4=,0d3e1b099bc0d969789ae60e13419b0098f07e2a5599715ac7b709a23d23a0eb,34wnRbMTsAy3rRL5oYrSItj6eeYRMjVuK2v93BAtxIs=,d2de0eecb364b6ad6dfd68c57fbb2b61edd7f408c047202d5ab95910a24e2627,T2: Modified-DF client encryption; Cloud multiplication/expansion and matrix-M KS after upload,reference_python,DFKS|d=25|lambda=10|m_prime_bits=80|m_bits=800|scale=1000000,df_client:client_001,,,,,,,,,0c8659ae1d4217faf12ace336aa264947faf7ec21fbef9eec7c2e214b1dfb161,,68b45921dfeae0a7b2de71fa2e72da188fb2cd729cf7c9ab490de5a526b1ba99,audit_trails/artifacts/ciphertext_attestations/T2_DF_KS_TADP_client_001_r9_39cc931cf3ac2d66__68b45921dfeae0a7.json,,,,,,,,,,,,,,,9b887360510f3fb20187668036b1f96f5e64604db3e9ff32a4dea7a43d9a7fb7,d16ccda69f101fb992b7212028bbbad9b11da1602bc5d7899705a8f0127816bf,,
259,762072153f52230538e2166afa268b7d,9009c28128737f7948fb54beb932f446c0ce27d5cbdefb4938dce83226ac7abd,2026-08-24T22:59:16.426809+00:00,TADP-SEC/14.0,CLIENT_ACCEPTED_SUBMISSION,T2_DF_KS_TADP,,,,client_001,,,,,,,,,,,2.3-phase1-fixed-threshold-critical-floor-review-profile,e910eb11d46f5a33a9f6a7d996c6c242f2a4caa089255874076d8ae12155dc94,2e5e1ea61ea1c71b07c235b309bb618daac98643cb3c0843acb266cd6b876512,cd72ec3b4911418e9899eae9aed63fa15aaf66633d0cb863f54d9ac8508d934e,833c0f503995ec3e68f8d11c30f392b1e756db044036faa02ce898eac71d1c91,VALIDATED_EVIDENCE_BUNDLE,,,,,,,,,,,,,,,,,,,,,,,,UPDATE_SUBMITTED_ENFORCED,,False,NOT_REQUIRED_AUTOMATED_POLICY,False,,,,,,,,,,,,,C2_INTERNAL,2,,,,,,,,6401d449cad49398af2f5e4da9bd6c0fbdde3a2a57f8a422907de7f0354cd145,71adf2c7741ed63f779fe8cebf9b4d1363fd18da1c5a49e39f32ec63cb8262f2,,,2026-08-25T22:32:04.883782+00:00,5d3a97e6ac73e51e85b6bf0bd776bfaa,,,,,b9f0fff5bfff39392f202fe3e0f036cf81c8a8c2c375e750bd012826252f7844,6ac2c265a024ed71c7e9a026e3c1d3e07a7162a1d9a044963677b511bcd05fac,,,2026-08-25T22:58:26.925711+00:00,75d46ecd684a2dc4b6a8e27daff7fed8db3fae5cae653b9ddb3099795df8cd6c,active,,,10,ACCEPTED,ALL_BASELINE_CONTROLS,,,,True,True,True,True,True,False,H0gQIKFt8E+qRMxOoIEscUy3fIobFOjy3s81q7XRrsw=,a41edbd43be3280c5559fb813d6dd54b9a185224e1b0643d7e77c3eb79e018d8,LVS6iX3xyk+AW89N8K7wd5i2P+GtpUmTpzID/3W7LU4=,4028ac271b0004f820550b1bdfcff4cecc78300fd83f672decf23f9137ebc59a,uGi9yVvlL+JpLj5BGmR4K3SPiHCK9gs0DDyYwazaTrc=,d2de0eecb364b6ad6dfd68c57fbb2b61edd7f408c047202d5ab95910a24e2627,,,,,,,,,,,,,,,,,9f1b545e40e94683836dc0414aeedd304a9b5ff62f34f4454de7bcf68cbb0bbf,audit_trails/artifacts/accepted_runtime_submissions/T2_DF_KS_TADP_client_001_r10_a41edbd43be3280c__9f1b545e40e94683.json,,,,,,,,,,,,,d16ccda69f101fb992b7212028bbbad9b11da1602bc5d7899705a8f0127816bf,527c687c8303d56ab4d2938c15ca6a125df8dd746143f5e5205c32cacdca3668,,
260,a16a1a6b76f6ed7158835d8a04f950f0,9009c28128737f7948fb54beb932f446c0ce27d5cbdefb4938dce83226ac7abd,2026-08-24T22:59:16.454975+00:00,TADP-SEC/14.0,CLIENT_CIPHERTEXT_BINDING,T2_DF_KS_TADP,,,,client_001,,,,,,,,,,,,,,,,,,,,,,,,,,,,,,,,,,,,,,,,CIPHERTEXT_BOUND_TO_SIGNED_UPDATE,,,,,,,,,,,,,,,,,C2_INTERNAL,2,,,,,,,,,,,,,5d3a97e6ac73e51e85b6bf0bd776bfaa,,,,,,,,,,,,,,10,VERIFIED,,,,,True,,,,,False,H0gQIKFt8E+qRMxOoIEscUy3fIobFOjy3s81q7XRrsw=,a41edbd43be3280c5559fb813d6dd54b9a185224e1b0643d7e77c3eb79e018d8,LVS6iX3xyk+AW89N8K7wd5i2P+GtpUmTpzID/3W7LU4=,382cf3a2414b9f1eb2e64d3ef845d472d1ab2ab78c1a3be92a98f0d8dcf95acc,uGi9yVvlL+JpLj5BGmR4K3SPiHCK9gs0DDyYwazaTrc=,d2de0eecb364b6ad6dfd68c57fbb2b61edd7f408c047202d5ab95910a24e2627,T2: Modified-DF client encryption; Cloud multiplication/expansion and matrix-M KS after upload,reference_python,DFKS|d=25|lambda=10|m_prime_bits=80|m_bits=800|scale=1000000,df_client:client_001,,,,,,,,,e2cc8d254628065857d2a6baba02c77a614496340ba22c96f3b081b461282e0d,,ad94cebee5432abc8c4bdc54e05eaa64ff3bb40c203fd8946a09c57daf5589bc,audit_trails/artifacts/ciphertext_attestations/T2_DF_KS_TADP_client_001_r10_4ff539a05b6c280a__ad94cebee5432abc.json,,,,,,,,,,,,,,,527c687c8303d56ab4d2938c15ca6a125df8dd746143f5e5205c32cacdca3668,3cda9c3b72564e1746476d29bbec17257226add99c82b5bbadd5b1f7b858616f,,
261,e1596a0f40243e717337db931fe198fa,9009c28128737f7948fb54beb932f446c0ce27d5cbdefb4938dce83226ac7abd,2026-08-24T22:59:21.191194+00:00,TADP-SEC/14.0,CLIENT_ACCEPTED_SUBMISSION,T2_DF_KS_TADP,,,,client_001,,,,,,,,,,,2.3-phase1-fixed-threshold-critical-floor-review-profile,e910eb11d46f5a33a9f6a7d996c6c242f2a4caa089255874076d8ae12155dc94,2e5e1ea61ea1c71b07c235b309bb618daac98643cb3c0843acb266cd6b876512,cd72ec3b4911418e9899eae9aed63fa15aaf66633d0cb863f54d9ac8508d934e,833c0f503995ec3e68f8d11c30f392b1e756db044036faa02ce898eac71d1c91,VALIDATED_EVIDENCE_BUNDLE,,,,,,,,,,,,,,,,,,,,,,,,UPDATE_SUBMITTED_ENFORCED,,False,NOT_REQUIRED_AUTOMATED_POLICY,False,,,,,,,,,,,,,C2_INTERNAL,2,,,,,,,,6401d449cad49398af2f5e4da9bd6c0fbdde3a2a57f8a422907de7f0354cd145,71adf2c7741ed63f779fe8cebf9b4d1363fd18da1c5a49e39f32ec63cb8262f2,,,2026-08-25T22:32:04.883782+00:00,5d3a97e6ac73e51e85b6bf0bd776bfaa,,,,,b9f0fff5bfff39392f202fe3e0f036cf81c8a8c2c375e750bd012826252f7844,6ac2c265a024ed71c7e9a026e3c1d3e07a7162a1d9a044963677b511bcd05fac,,,2026-08-25T22:58:26.925711+00:00,75d46ecd684a2dc4b6a8e27daff7fed8db3fae5cae653b9ddb3099795df8cd6c,active,,,11,ACCEPTED,ALL_BASELINE_CONTROLS,,,,True,True,True,True,True,False,8aLSTj+jbYpwWhRhHi0Uvi2lBlEgY8LwEaXWOiAqDUs=,092e99659cadded38ea55431913713b3685b734aa1362b61843de063ea452d25,LVS6iX3xyk+AW89N8K7wd5i2P+GtpUmTpzID/3W7LU4=,8bc858b62710cdc2122658e37fe88a337d6eec290e0b77922105e113a51b8b3d,/Hr+yMc6bfMTXJm+LGdUYReTJKKpS7KFftzqt1s1lP4=,d2de0eecb364b6ad6dfd68c57fbb2b61edd7f408c047202d5ab95910a24e2627,,,,,,,,,,,,,,,,,cc955f32023635631476f98c0341a80417de344ec97380971ad77fa523deca99,audit_trails/artifacts/accepted_runtime_submissions/T2_DF_KS_TADP_client_001_r11_092e99659cadded3__cc955f3202363563.json,,,,,,,,,,,,,3cda9c3b72564e1746476d29bbec17257226add99c82b5bbadd5b1f7b858616f,dad593257aa48794d3dc69bf4bd57fcb909de57e006b4e6125315a67db965d86,,
262,15cfe3f2dde40478e878ca4297cccc3a,9009c28128737f7948fb54beb932f446c0ce27d5cbdefb4938dce83226ac7abd,2026-08-24T22:59:21.220024+00:00,TADP-SEC/14.0,CLIENT_CIPHERTEXT_BINDING,T2_DF_KS_TADP,,,,client_001,,,,,,,,,,,,,,,,,,,,,,,,,,,,,,,,,,,,,,,,CIPHERTEXT_BOUND_TO_SIGNED_UPDATE,,,,,,,,,,,,,,,,,C2_INTERNAL,2,,,,,,,,,,,,,5d3a97e6ac73e51e85b6bf0bd776bfaa,,,,,,,,,,,,,,11,VERIFIED,,,,,True,,,,,False,8aLSTj+jbYpwWhRhHi0Uvi2lBlEgY8LwEaXWOiAqDUs=,092e99659cadded38ea55431913713b3685b734aa1362b61843de063ea452d25,LVS6iX3xyk+AW89N8K7wd5i2P+GtpUmTpzID/3W7LU4=,6f4d0894ca40b1790d6ed953f629a256868beac5f330c345e42a28e86bedaa63,/Hr+yMc6bfMTXJm+LGdUYReTJKKpS7KFftzqt1s1lP4=,d2de0eecb364b6ad6dfd68c57fbb2b61edd7f408c047202d5ab95910a24e2627,T2: Modified-DF client encryption; Cloud multiplication/expansion and matrix-M KS after upload,reference_python,DFKS|d=25|lambda=10|m_prime_bits=80|m_bits=800|scale=1000000,df_client:client_001,,,,,,,,,3b91bce16bcb92b0c8bc80c16e803d8a3243195bfc6addc5aec262b6c837d955,,e88d8f945ff75670f10099d2fbf6b7133c18b0529fab671854fe1ec81bd744f9,audit_trails/artifacts/ciphertext_attestations/T2_DF_KS_TADP_client_001_r11_58c86f3b432b16fc__e88d8f945ff75670.json,,,,,,,,,,,,,,,dad593257aa48794d3dc69bf4bd57fcb909de57e006b4e6125315a67db965d86,7052c936a2e85f372887420a411842ed7b3d028d18679b469ff46ca09872adf8,,
263,4be9ffb2c89104059a877ac295f8f26a,9009c28128737f7948fb54beb932f446c0ce27d5cbdefb4938dce83226ac7abd,2026-08-24T22:59:27.415630+00:00,TADP-SEC/14.0,CLIENT_ACCEPTED_SUBMISSION,T2_DF_KS_TADP,,,,client_001,,,,,,,,,,,2.3-phase1-fixed-threshold-critical-floor-review-profile,e910eb11d46f5a33a9f6a7d996c6c242f2a4caa089255874076d8ae12155dc94,2e5e1ea61ea1c71b07c235b309bb618daac98643cb3c0843acb266cd6b876512,cd72ec3b4911418e9899eae9aed63fa15aaf66633d0cb863f54d9ac8508d934e,833c0f503995ec3e68f8d11c30f392b1e756db044036faa02ce898eac71d1c91,VALIDATED_EVIDENCE_BUNDLE,,,,,,,,,,,,,,,,,,,,,,,,UPDATE_SUBMITTED_ENFORCED,,False,NOT_REQUIRED_AUTOMATED_POLICY,False,,,,,,,,,,,,,C2_INTERNAL,2,,,,,,,,6401d449cad49398af2f5e4da9bd6c0fbdde3a2a57f8a422907de7f0354cd145,71adf2c7741ed63f779fe8cebf9b4d1363fd18da1c5a49e39f32ec63cb8262f2,,,2026-08-25T22:32:04.883782+00:00,5d3a97e6ac73e51e85b6bf0bd776bfaa,,,,,b9f0fff5bfff39392f202fe3e0f036cf81c8a8c2c375e750bd012826252f7844,6ac2c265a024ed71c7e9a026e3c1d3e07a7162a1d9a044963677b511bcd05fac,,,2026-08-25T22:58:26.925711+00:00,75d46ecd684a2dc4b6a8e27daff7fed8db3fae5cae653b9ddb3099795df8cd6c,active,,,12,ACCEPTED,ALL_BASELINE_CONTROLS,,,,True,True,True,True,True,False,xDsIvT318noolAux7hpbzeSmKVY/u76w5LWebcrAlrg=,01ddc41ec3d44e36adc7e3028be6f3948970d5f53aa5adecddad3d7334a8b1ba,LVS6iX3xyk+AW89N8K7wd5i2P+GtpUmTpzID/3W7LU4=,ce43f2a661c6deb10b3ddb5f97bc40b2563da15b962cd5df11d1f99a782ced1b,I8wQ5NP/8cDBUtE/Az1ddeuAH5RfAIhYznj+y3BAeKo=,d2de0eecb364b6ad6dfd68c57fbb2b61edd7f408c047202d5ab95910a24e2627,,,,,,,,,,,,,,,,,42eb085bfd5464501951953736aec8ed9f19cd35124cb1e0718e5f84f3550fc0,audit_trails/artifacts/accepted_runtime_submissions/T2_DF_KS_TADP_client_001_r12_01ddc41ec3d44e36__42eb085bfd546450.json,,,,,,,,,,,,,7052c936a2e85f372887420a411842ed7b3d028d18679b469ff46ca09872adf8,301c409c47d2a6159eefaee3f8c0c4f60f80c8e40f8a36048bbb0cef743d158a,,
264,b4cc96cf01bd59de9bd05f2d934b6237,9009c28128737f7948fb54beb932f446c0ce27d5cbdefb4938dce83226ac7abd,2026-08-24T22:59:27.453124+00:00,TADP-SEC/14.0,CLIENT_CIPHERTEXT_BINDING,T2_DF_KS_TADP,,,,client_001,,,,,,,,,,,,,,,,,,,,,,,,,,,,,,,,,,,,,,,,CIPHERTEXT_BOUND_TO_SIGNED_UPDATE,,,,,,,,,,,,,,,,,C2_INTERNAL,2,,,,,,,,,,,,,5d3a97e6ac73e51e85b6bf0bd776bfaa,,,,,,,,,,,,,,12,VERIFIED,,,,,True,,,,,False,xDsIvT318noolAux7hpbzeSmKVY/u76w5LWebcrAlrg=,01ddc41ec3d44e36adc7e3028be6f3948970d5f53aa5adecddad3d7334a8b1ba,LVS6iX3xyk+AW89N8K7wd5i2P+GtpUmTpzID/3W7LU4=,f25e91a1b0379ab0ab77c5b456f748752d6044a43536f12eb470a396072d0ed4,I8wQ5NP/8cDBUtE/Az1ddeuAH5RfAIhYznj+y3BAeKo=,d2de0eecb364b6ad6dfd68c57fbb2b61edd7f408c047202d5ab95910a24e2627,T2: Modified-DF client encryption; Cloud multiplication/expansion and matrix-M KS after upload,reference_python,DFKS|d=25|lambda=10|m_prime_bits=80|m_bits=800|scale=1000000,df_client:client_001,,,,,,,,,3857501a087c9db60a80951c019cb26e50358494f132d0c356c975b342262894,,e78053cae2d389b62aa0f9e9a00d4a1f2255cb745516e5b7d696cb72d9886c1c,audit_trails/artifacts/ciphertext_attestations/T2_DF_KS_TADP_client_001_r12_c59ca460fe5077d1__e78053cae2d389b6.json,,,,,,,,,,,,,,,301c409c47d2a6159eefaee3f8c0c4f60f80c8e40f8a36048bbb0cef743d158a,9a7ed36a97e0524bb81826ed4a1571c030c6957592b1bd0b841f76ba594ca0f5,,
265,5143eb351b996df01743010bf5af3be2,9009c28128737f7948fb54beb932f446c0ce27d5cbdefb4938dce83226ac7abd,2026-08-24T22:59:32.165314+00:00,TADP-SEC/14.0,CLIENT_ACCEPTED_SUBMISSION,T2_DF_KS_TADP,,,,client_001,,,,,,,,,,,2.3-phase1-fixed-threshold-critical-floor-review-profile,e910eb11d46f5a33a9f6a7d996c6c242f2a4caa089255874076d8ae12155dc94,2e5e1ea61ea1c71b07c235b309bb618daac98643cb3c0843acb266cd6b876512,cd72ec3b4911418e9899eae9aed63fa15aaf66633d0cb863f54d9ac8508d934e,833c0f503995ec3e68f8d11c30f392b1e756db044036faa02ce898eac71d1c91,VALIDATED_EVIDENCE_BUNDLE,,,,,,,,,,,,,,,,,,,,,,,,UPDATE_SUBMITTED_ENFORCED,,False,NOT_REQUIRED_AUTOMATED_POLICY,False,,,,,,,,,,,,,C2_INTERNAL,2,,,,,,,,6401d449cad49398af2f5e4da9bd6c0fbdde3a2a57f8a422907de7f0354cd145,71adf2c7741ed63f779fe8cebf9b4d1363fd18da1c5a49e39f32ec63cb8262f2,,,2026-08-25T22:32:04.883782+00:00,5d3a97e6ac73e51e85b6bf0bd776bfaa,,,,,b9f0fff5bfff39392f202fe3e0f036cf81c8a8c2c375e750bd012826252f7844,6ac2c265a024ed71c7e9a026e3c1d3e07a7162a1d9a044963677b511bcd05fac,,,2026-08-25T22:58:26.925711+00:00,75d46ecd684a2dc4b6a8e27daff7fed8db3fae5cae653b9ddb3099795df8cd6c,active,,,13,ACCEPTED,ALL_BASELINE_CONTROLS,,,,True,True,True,True,True,False,W47NpsL79YjZtAmvKYf9bWPQs8+C9UB4Fj+oaiLS8og=,08b2c2c8c82d728e0dcbf8501a127fbaac9b098394268980ce06e9322de31141,LVS6iX3xyk+AW89N8K7wd5i2P+GtpUmTpzID/3W7LU4=,8e2d4a18eed2eec466b35e801c948093aa670a113a7eaead61f8ae2d181cb5b4,oBEdw6J5ZU5eTG8pewCxDicJOwkeeFAXNgNTa+tauBE=,d2de0eecb364b6ad6dfd68c57fbb2b61edd7f408c047202d5ab95910a24e2627,,,,,,,,,,,,,,,,,b43df9be392786f8162cb0e16c4bbddb5b443bd2ff09f7014f87efa6a5f44928,audit_trails/artifacts/accepted_runtime_submissions/T2_DF_KS_TADP_client_001_r13_08b2c2c8c82d728e__b43df9be392786f8.json,,,,,,,,,,,,,9a7ed36a97e0524bb81826ed4a1571c030c6957592b1bd0b841f76ba594ca0f5,5ac197837ed238d296cd5e77f3333bdb34391fa083079820875f8b237e78ba2e,,
266,4beec46004552244c6d46468eb1fc732,9009c28128737f7948fb54beb932f446c0ce27d5cbdefb4938dce83226ac7abd,2026-08-24T22:59:32.192832+00:00,TADP-SEC/14.0,CLIENT_CIPHERTEXT_BINDING,T2_DF_KS_TADP,,,,client_001,,,,,,,,,,,,,,,,,,,,,,,,,,,,,,,,,,,,,,,,CIPHERTEXT_BOUND_TO_SIGNED_UPDATE,,,,,,,,,,,,,,,,,C2_INTERNAL,2,,,,,,,,,,,,,5d3a97e6ac73e51e85b6bf0bd776bfaa,,,,,,,,,,,,,,13,VERIFIED,,,,,True,,,,,False,W47NpsL79YjZtAmvKYf9bWPQs8+C9UB4Fj+oaiLS8og=,08b2c2c8c82d728e0dcbf8501a127fbaac9b098394268980ce06e9322de31141,LVS6iX3xyk+AW89N8K7wd5i2P+GtpUmTpzID/3W7LU4=,4a11a603af2ca08b8e17df93f9d089c454935b51f06f82c3b0e63402e46c90bc,oBEdw6J5ZU5eTG8pewCxDicJOwkeeFAXNgNTa+tauBE=,d2de0eecb364b6ad6dfd68c57fbb2b61edd7f408c047202d5ab95910a24e2627,T2: Modified-DF client encryption; Cloud multiplication/expansion and matrix-M KS after upload,reference_python,DFKS|d=25|lambda=10|m_prime_bits=80|m_bits=800|scale=1000000,df_client:client_001,,,,,,,,,79ccb37db4942795fdb2ec1c39a2805efd33f47368285e141c6becd8275013a8,,1292f9165e559e81e88113585e5e5fa91821fd2d8a11d9f84202b40bd8d31008,audit_trails/artifacts/ciphertext_attestations/T2_DF_KS_TADP_client_001_r13_4790c601c38a3ce0__1292f9165e559e81.json,,,,,,,,,,,,,,,5ac197837ed238d296cd5e77f3333bdb34391fa083079820875f8b237e78ba2e,8aa6e957e0ab9f8a09a96d6f51d01cd750b27d369778473bc08fd86799c5cdd0,,
267,d8e8e6740e100e27af34003fa272055a,9009c28128737f7948fb54beb932f446c0ce27d5cbdefb4938dce83226ac7abd,2026-08-24T22:59:36.983708+00:00,TADP-SEC/14.0,CLIENT_ACCEPTED_SUBMISSION,T2_DF_KS_TADP,,,,client_001,,,,,,,,,,,2.3-phase1-fixed-threshold-critical-floor-review-profile,e910eb11d46f5a33a9f6a7d996c6c242f2a4caa089255874076d8ae12155dc94,2e5e1ea61ea1c71b07c235b309bb618daac98643cb3c0843acb266cd6b876512,cd72ec3b4911418e9899eae9aed63fa15aaf66633d0cb863f54d9ac8508d934e,833c0f503995ec3e68f8d11c30f392b1e756db044036faa02ce898eac71d1c91,VALIDATED_EVIDENCE_BUNDLE,,,,,,,,,,,,,,,,,,,,,,,,UPDATE_SUBMITTED_ENFORCED,,False,NOT_REQUIRED_AUTOMATED_POLICY,False,,,,,,,,,,,,,C2_INTERNAL,2,,,,,,,,6401d449cad49398af2f5e4da9bd6c0fbdde3a2a57f8a422907de7f0354cd145,71adf2c7741ed63f779fe8cebf9b4d1363fd18da1c5a49e39f32ec63cb8262f2,,,2026-08-25T22:32:04.883782+00:00,5d3a97e6ac73e51e85b6bf0bd776bfaa,,,,,b9f0fff5bfff39392f202fe3e0f036cf81c8a8c2c375e750bd012826252f7844,6ac2c265a024ed71c7e9a026e3c1d3e07a7162a1d9a044963677b511bcd05fac,,,2026-08-25T22:58:26.925711+00:00,75d46ecd684a2dc4b6a8e27daff7fed8db3fae5cae653b9ddb3099795df8cd6c,active,,,14,ACCEPTED,ALL_BASELINE_CONTROLS,,,,True,True,True,True,True,False,sG08Z5hydyu/9bDrECwnfztWgS7qEX1Nv0gnX4db18Q=,8d657c80405ecc24a7af06e5575ef662daa16edd2b61f4aabb71f63320828943,LVS6iX3xyk+AW89N8K7wd5i2P+GtpUmTpzID/3W7LU4=,9ce2f8cbd07c10a28175833e1629eccad8b4b0dde449e525fb048130fe553865,olI7jV+avbrMD3T+cSwQmRtIkiGNN1FECj5U5QLSq/c=,d2de0eecb364b6ad6dfd68c57fbb2b61edd7f408c047202d5ab95910a24e2627,,,,,,,,,,,,,,,,,e773ac310d9e00f6cc5bcff73e4cd41f4ac289459bff33dbcef9b44d54ce53e2,audit_trails/artifacts/accepted_runtime_submissions/T2_DF_KS_TADP_client_001_r14_8d657c80405ecc24__e773ac310d9e00f6.json,,,,,,,,,,,,,8aa6e957e0ab9f8a09a96d6f51d01cd750b27d369778473bc08fd86799c5cdd0,6e1516e5cf7e136acb9fdb4c7c92c495ee380257eb37f90233926f9617e9aa89,,
268,d81ef848b0c002cc4f695efd60bf45f2,9009c28128737f7948fb54beb932f446c0ce27d5cbdefb4938dce83226ac7abd,2026-08-24T22:59:37.011643+00:00,TADP-SEC/14.0,CLIENT_CIPHERTEXT_BINDING,T2_DF_KS_TADP,,,,client_001,,,,,,,,,,,,,,,,,,,,,,,,,,,,,,,,,,,,,,,,CIPHERTEXT_BOUND_TO_SIGNED_UPDATE,,,,,,,,,,,,,,,,,C2_INTERNAL,2,,,,,,,,,,,,,5d3a97e6ac73e51e85b6bf0bd776bfaa,,,,,,,,,,,,,,14,VERIFIED,,,,,True,,,,,False,sG08Z5hydyu/9bDrECwnfztWgS7qEX1Nv0gnX4db18Q=,8d657c80405ecc24a7af06e5575ef662daa16edd2b61f4aabb71f63320828943,LVS6iX3xyk+AW89N8K7wd5i2P+GtpUmTpzID/3W7LU4=,273a6b584bdacfd0e9ff32e2d52e1abbcd89ae60fed14f79925bf955ae92ae54,olI7jV+avbrMD3T+cSwQmRtIkiGNN1FECj5U5QLSq/c=,d2de0eecb364b6ad6dfd68c57fbb2b61edd7f408c047202d5ab95910a24e2627,T2: Modified-DF client encryption; Cloud multiplication/expansion and matrix-M KS after upload,reference_python,DFKS|d=25|lambda=10|m_prime_bits=80|m_bits=800|scale=1000000,df_client:client_001,,,,,,,,,77696397b4d8ff5b86ce17323e76a5cd6d6c01316a5eed024a44880722ec6b77,,e0691836b1641d820ba0ef4f6e597aacaf5466f8e069ee935aaab543017d725c,audit_trails/artifacts/ciphertext_attestations/T2_DF_KS_TADP_client_001_r14_0e4367b0a078c454__e0691836b1641d82.json,,,,,,,,,,,,,,,6e1516e5cf7e136acb9fdb4c7c92c495ee380257eb37f90233926f9617e9aa89,7a56b52fa3126ab4c361e8d65942986bc50e563ab462012e99d964bf0d8cdd86,,
269,856ee3d019298ad9e2b5538019bcac0c,9009c28128737f7948fb54beb932f446c0ce27d5cbdefb4938dce83226ac7abd,2026-08-24T22:59:43.197182+00:00,TADP-SEC/14.0,CLIENT_ACCEPTED_SUBMISSION,T2_DF_KS_TADP,,,,client_001,,,,,,,,,,,2.3-phase1-fixed-threshold-critical-floor-review-profile,e910eb11d46f5a33a9f6a7d996c6c242f2a4caa089255874076d8ae12155dc94,2e5e1ea61ea1c71b07c235b309bb618daac98643cb3c0843acb266cd6b876512,cd72ec3b4911418e9899eae9aed63fa15aaf66633d0cb863f54d9ac8508d934e,833c0f503995ec3e68f8d11c30f392b1e756db044036faa02ce898eac71d1c91,VALIDATED_EVIDENCE_BUNDLE,,,,,,,,,,,,,,,,,,,,,,,,UPDATE_SUBMITTED_ENFORCED,,False,NOT_REQUIRED_AUTOMATED_POLICY,False,,,,,,,,,,,,,C2_INTERNAL,2,,,,,,,,6401d449cad49398af2f5e4da9bd6c0fbdde3a2a57f8a422907de7f0354cd145,71adf2c7741ed63f779fe8cebf9b4d1363fd18da1c5a49e39f32ec63cb8262f2,,,2026-08-25T22:32:04.883782+00:00,5d3a97e6ac73e51e85b6bf0bd776bfaa,,,,,b9f0fff5bfff39392f202fe3e0f036cf81c8a8c2c375e750bd012826252f7844,6ac2c265a024ed71c7e9a026e3c1d3e07a7162a1d9a044963677b511bcd05fac,,,2026-08-25T22:58:26.925711+00:00,75d46ecd684a2dc4b6a8e27daff7fed8db3fae5cae653b9ddb3099795df8cd6c,active,,,15,ACCEPTED,ALL_BASELINE_CONTROLS,,,,True,True,True,True,True,False,b+EoJ+inEiDVZCjXZuNJNUIzlnPWTDlk9XjtR/L3vsU=,17d294aeca2cd37c0a479867939aed6bcabc0bb63b223439f4185eb21d143c14,LVS6iX3xyk+AW89N8K7wd5i2P+GtpUmTpzID/3W7LU4=,8881fceacb2c78405b070e35b4a4a79c17893ed300094203e82f0d36a4f61de3,Xth8cvfXndc8KSq5QHqPp2wbWHxdXAi8bVaM33rj7Xg=,d2de0eecb364b6ad6dfd68c57fbb2b61edd7f408c047202d5ab95910a24e2627,,,,,,,,,,,,,,,,,228df3823eb0aff4c29e551aacdff2954e479a1bc4c5101c8b0d315c8daec1c0,audit_trails/artifacts/accepted_runtime_submissions/T2_DF_KS_TADP_client_001_r15_17d294aeca2cd37c__228df3823eb0aff4.json,,,,,,,,,,,,,7a56b52fa3126ab4c361e8d65942986bc50e563ab462012e99d964bf0d8cdd86,e21ff7df1b590f331a4fdb792369005ca33adb454b56c5f037bee1866541e220,,
270,ae939970b46f6ced36c39dc84343e836,9009c28128737f7948fb54beb932f446c0ce27d5cbdefb4938dce83226ac7abd,2026-08-24T22:59:43.224524+00:00,TADP-SEC/14.0,CLIENT_CIPHERTEXT_BINDING,T2_DF_KS_TADP,,,,client_001,,,,,,,,,,,,,,,,,,,,,,,,,,,,,,,,,,,,,,,,CIPHERTEXT_BOUND_TO_SIGNED_UPDATE,,,,,,,,,,,,,,,,,C2_INTERNAL,2,,,,,,,,,,,,,5d3a97e6ac73e51e85b6bf0bd776bfaa,,,,,,,,,,,,,,15,VERIFIED,,,,,True,,,,,False,b+EoJ+inEiDVZCjXZuNJNUIzlnPWTDlk9XjtR/L3vsU=,17d294aeca2cd37c0a479867939aed6bcabc0bb63b223439f4185eb21d143c14,LVS6iX3xyk+AW89N8K7wd5i2P+GtpUmTpzID/3W7LU4=,80a5676eed5f814f0cf362034be8ab3aead18a2a23df742eb6b70f3b3c833e41,Xth8cvfXndc8KSq5QHqPp2wbWHxdXAi8bVaM33rj7Xg=,d2de0eecb364b6ad6dfd68c57fbb2b61edd7f408c047202d5ab95910a24e2627,T2: Modified-DF client encryption; Cloud multiplication/expansion and matrix-M KS after upload,reference_python,DFKS|d=25|lambda=10|m_prime_bits=80|m_bits=800|scale=1000000,df_client:client_001,,,,,,,,,733ae3328b4990df3306257e38d6736b8bd3ee3482439f03d0d31bc2743451e0,,9734b8233a9e3ce98f086e571e40c65ed835ef4213a79f6945cb3c8a0d7245ab,audit_trails/artifacts/ciphertext_attestations/T2_DF_KS_TADP_client_001_r15_0310931c4733c6b4__9734b8233a9e3ce9.json,,,,,,,,,,,,,,,e21ff7df1b590f331a4fdb792369005ca33adb454b56c5f037bee1866541e220,2d4f376e485ca856c0ad3f7830bd4da04d9446d3eab93292d72cb8d764a19165,,
271,1eefcf48b5a6e74ab92862b125214bc6,9009c28128737f7948fb54beb932f446c0ce27d5cbdefb4938dce83226ac7abd,2026-08-24T22:59:47.870831+00:00,TADP-SEC/14.0,CLIENT_ACCEPTED_SUBMISSION,T2_DF_KS_TADP,,,,client_001,,,,,,,,,,,2.3-phase1-fixed-threshold-critical-floor-review-profile,e910eb11d46f5a33a9f6a7d996c6c242f2a4caa089255874076d8ae12155dc94,2e5e1ea61ea1c71b07c235b309bb618daac98643cb3c0843acb266cd6b876512,cd72ec3b4911418e9899eae9aed63fa15aaf66633d0cb863f54d9ac8508d934e,833c0f503995ec3e68f8d11c30f392b1e756db044036faa02ce898eac71d1c91,VALIDATED_EVIDENCE_BUNDLE,,,,,,,,,,,,,,,,,,,,,,,,UPDATE_SUBMITTED_ENFORCED,,False,NOT_REQUIRED_AUTOMATED_POLICY,False,,,,,,,,,,,,,C2_INTERNAL,2,,,,,,,,6401d449cad49398af2f5e4da9bd6c0fbdde3a2a57f8a422907de7f0354cd145,71adf2c7741ed63f779fe8cebf9b4d1363fd18da1c5a49e39f32ec63cb8262f2,,,2026-08-25T22:32:04.883782+00:00,5d3a97e6ac73e51e85b6bf0bd776bfaa,,,,,b9f0fff5bfff39392f202fe3e0f036cf81c8a8c2c375e750bd012826252f7844,6ac2c265a024ed71c7e9a026e3c1d3e07a7162a1d9a044963677b511bcd05fac,,,2026-08-25T22:58:26.925711+00:00,75d46ecd684a2dc4b6a8e27daff7fed8db3fae5cae653b9ddb3099795df8cd6c,active,,,16,ACCEPTED,ALL_BASELINE_CONTROLS,,,,True,True,True,True,True,False,7jbDlKyyaBMtEAwm7mAYHk2xSJ0J/c/PnkNah6M5aRc=,44614cc4e86e6fee345d6503d2646420e285601c05b6e7909af29fe3c45746d7,LVS6iX3xyk+AW89N8K7wd5i2P+GtpUmTpzID/3W7LU4=,424f05c6d7efe1dabcf66caba6e2a43cceddde3b32f3f8fab3e41dcc4c12e4e9,zDb4CSYJV6bXEWOXv4Ns643sqrKF8IEKGaNOtYSKrVY=,d2de0eecb364b6ad6dfd68c57fbb2b61edd7f408c047202d5ab95910a24e2627,,,,,,,,,,,,,,,,,cf2bc81ad0b52bcb96fd53d66195e1edbdd3657c2499d73ae7efea1195b0e64e,audit_trails/artifacts/accepted_runtime_submissions/T2_DF_KS_TADP_client_001_r16_44614cc4e86e6fee__cf2bc81ad0b52bcb.json,,,,,,,,,,,,,2d4f376e485ca856c0ad3f7830bd4da04d9446d3eab93292d72cb8d764a19165,5f8372a287d92da6a4f9a2583f5ba4a6e6a8f57a3996f4a711d5b8a5e84f6da3,,
272,b2cea820f89743e31eb3f722d90b60f9,9009c28128737f7948fb54beb932f446c0ce27d5cbdefb4938dce83226ac7abd,2026-08-24T22:59:47.896543+00:00,TADP-SEC/14.0,CLIENT_CIPHERTEXT_BINDING,T2_DF_KS_TADP,,,,client_001,,,,,,,,,,,,,,,,,,,,,,,,,,,,,,,,,,,,,,,,CIPHERTEXT_BOUND_TO_SIGNED_UPDATE,,,,,,,,,,,,,,,,,C2_INTERNAL,2,,,,,,,,,,,,,5d3a97e6ac73e51e85b6bf0bd776bfaa,,,,,,,,,,,,,,16,VERIFIED,,,,,True,,,,,False,7jbDlKyyaBMtEAwm7mAYHk2xSJ0J/c/PnkNah6M5aRc=,44614cc4e86e6fee345d6503d2646420e285601c05b6e7909af29fe3c45746d7,LVS6iX3xyk+AW89N8K7wd5i2P+GtpUmTpzID/3W7LU4=,06cb49167e7cf61439549a087ff15d5074d1f3c72c5674b2863cc5202ab10b90,zDb4CSYJV6bXEWOXv4Ns643sqrKF8IEKGaNOtYSKrVY=,d2de0eecb364b6ad6dfd68c57fbb2b61edd7f408c047202d5ab95910a24e2627,T2: Modified-DF client encryption; Cloud multiplication/expansion and matrix-M KS after upload,reference_python,DFKS|d=25|lambda=10|m_prime_bits=80|m_bits=800|scale=1000000,df_client:client_001,,,,,,,,,d69492c0c1b2c37594e7eb38315b4ff43270b54fe797f576cb2d149efd43638d,,3c341da426e2bcd32d37e60e967b6bfa78dc86a1cb95f8f4990a0b13665c74ae,audit_trails/artifacts/ciphertext_attestations/T2_DF_KS_TADP_client_001_r16_3655c767377837ed__3c341da426e2bcd3.json,,,,,,,,,,,,,,,5f8372a287d92da6a4f9a2583f5ba4a6e6a8f57a3996f4a711d5b8a5e84f6da3,b072912e13f1c67de97fffca40b963710aae22524b6f7e610b9fb5a454fb97fc,,
273,f2ae20cafccfa88f5c4f20fecb867e28,9009c28128737f7948fb54beb932f446c0ce27d5cbdefb4938dce83226ac7abd,2026-08-24T22:59:53.749361+00:00,TADP-SEC/14.0,CLIENT_ACCEPTED_SUBMISSION,T2_DF_KS_TADP,,,,client_001,,,,,,,,,,,2.3-phase1-fixed-threshold-critical-floor-review-profile,e910eb11d46f5a33a9f6a7d996c6c242f2a4caa089255874076d8ae12155dc94,2e5e1ea61ea1c71b07c235b309bb618daac98643cb3c0843acb266cd6b876512,cd72ec3b4911418e9899eae9aed63fa15aaf66633d0cb863f54d9ac8508d934e,833c0f503995ec3e68f8d11c30f392b1e756db044036faa02ce898eac71d1c91,VALIDATED_EVIDENCE_BUNDLE,,,,,,,,,,,,,,,,,,,,,,,,UPDATE_SUBMITTED_ENFORCED,,False,NOT_REQUIRED_AUTOMATED_POLICY,False,,,,,,,,,,,,,C2_INTERNAL,2,,,,,,,,6401d449cad49398af2f5e4da9bd6c0fbdde3a2a57f8a422907de7f0354cd145,71adf2c7741ed63f779fe8cebf9b4d1363fd18da1c5a49e39f32ec63cb8262f2,,,2026-08-25T22:32:04.883782+00:00,5d3a97e6ac73e51e85b6bf0bd776bfaa,,,,,b9f0fff5bfff39392f202fe3e0f036cf81c8a8c2c375e750bd012826252f7844,6ac2c265a024ed71c7e9a026e3c1d3e07a7162a1d9a044963677b511bcd05fac,,,2026-08-25T22:58:26.925711+00:00,75d46ecd684a2dc4b6a8e27daff7fed8db3fae5cae653b9ddb3099795df8cd6c,active,,,17,ACCEPTED,ALL_BASELINE_CONTROLS,,,,True,True,True,True,True,False,RZdFYFFEe4J+DwCiFGUF8H77p761Qlro/OU9ZVJPDTM=,7854b26eb994c0167485b946a070c670de4e6637f8dbfca783ef169b76da999b,LVS6iX3xyk+AW89N8K7wd5i2P+GtpUmTpzID/3W7LU4=,d115459e572e7bee80ab14515af68934978fe702b0581b460521ad1834b1e25a,unezuuTfKy728di7ybp6zOyvbLk5UBXSmpV8ac3iO3g=,d2de0eecb364b6ad6dfd68c57fbb2b61edd7f408c047202d5ab95910a24e2627,,,,,,,,,,,,,,,,,11ba222b613c0ac08c35d00cefaff0412fcc397f1953e9bde660d7486055e88a,audit_trails/artifacts/accepted_runtime_submissions/T2_DF_KS_TADP_client_001_r17_7854b26eb994c016__11ba222b613c0ac0.json,,,,,,,,,,,,,b072912e13f1c67de97fffca40b963710aae22524b6f7e610b9fb5a454fb97fc,d0d6fe9e08ee4e97322194219344e4e101b896b845f4a9791d9ed9da28c8622d,,
274,d655791068e95153c221e2f21a784baf,9009c28128737f7948fb54beb932f446c0ce27d5cbdefb4938dce83226ac7abd,2026-08-24T22:59:53.787100+00:00,TADP-SEC/14.0,CLIENT_CIPHERTEXT_BINDING,T2_DF_KS_TADP,,,,client_001,,,,,,,,,,,,,,,,,,,,,,,,,,,,,,,,,,,,,,,,CIPHERTEXT_BOUND_TO_SIGNED_UPDATE,,,,,,,,,,,,,,,,,C2_INTERNAL,2,,,,,,,,,,,,,5d3a97e6ac73e51e85b6bf0bd776bfaa,,,,,,,,,,,,,,17,VERIFIED,,,,,True,,,,,False,RZdFYFFEe4J+DwCiFGUF8H77p761Qlro/OU9ZVJPDTM=,7854b26eb994c0167485b946a070c670de4e6637f8dbfca783ef169b76da999b,LVS6iX3xyk+AW89N8K7wd5i2P+GtpUmTpzID/3W7LU4=,e9c5497acb15688487c962b2c2a2c825d5c4252a58ef4a7bdbc76ab6d04b02e5,unezuuTfKy728di7ybp6zOyvbLk5UBXSmpV8ac3iO3g=,d2de0eecb364b6ad6dfd68c57fbb2b61edd7f408c047202d5ab95910a24e2627,T2: Modified-DF client encryption; Cloud multiplication/expansion and matrix-M KS after upload,reference_python,DFKS|d=25|lambda=10|m_prime_bits=80|m_bits=800|scale=1000000,df_client:client_001,,,,,,,,,cf45eaa9efcbf50f960a22878b92ae2ee0333ba131eb7a9daafd563dcea86536,,81a655e395c2d041e4459ac5da1bbda17f3cf506362bd87f26c57bf6cd76ccc8,audit_trails/artifacts/ciphertext_attestations/T2_DF_KS_TADP_client_001_r17_a067d80a6bfe2ab5__81a655e395c2d041.json,,,,,,,,,,,,,,,d0d6fe9e08ee4e97322194219344e4e101b896b845f4a9791d9ed9da28c8622d,2be3d9c5e088d24036ccb8011e0d8570f71df039964e2a8dd88b8e6c311697fc,,
275,360a241baa05249f0f292d07f75ac257,9009c28128737f7948fb54beb932f446c0ce27d5cbdefb4938dce83226ac7abd,2026-08-24T22:59:58.700317+00:00,TADP-SEC/14.0,CLIENT_ACCEPTED_SUBMISSION,T2_DF_KS_TADP,,,,client_001,,,,,,,,,,,2.3-phase1-fixed-threshold-critical-floor-review-profile,e910eb11d46f5a33a9f6a7d996c6c242f2a4caa089255874076d8ae12155dc94,2e5e1ea61ea1c71b07c235b309bb618daac98643cb3c0843acb266cd6b876512,cd72ec3b4911418e9899eae9aed63fa15aaf66633d0cb863f54d9ac8508d934e,833c0f503995ec3e68f8d11c30f392b1e756db044036faa02ce898eac71d1c91,VALIDATED_EVIDENCE_BUNDLE,,,,,,,,,,,,,,,,,,,,,,,,UPDATE_SUBMITTED_ENFORCED,,False,NOT_REQUIRED_AUTOMATED_POLICY,False,,,,,,,,,,,,,C2_INTERNAL,2,,,,,,,,6401d449cad49398af2f5e4da9bd6c0fbdde3a2a57f8a422907de7f0354cd145,71adf2c7741ed63f779fe8cebf9b4d1363fd18da1c5a49e39f32ec63cb8262f2,,,2026-08-25T22:32:04.883782+00:00,5d3a97e6ac73e51e85b6bf0bd776bfaa,,,,,b9f0fff5bfff39392f202fe3e0f036cf81c8a8c2c375e750bd012826252f7844,6ac2c265a024ed71c7e9a026e3c1d3e07a7162a1d9a044963677b511bcd05fac,,,2026-08-25T22:58:26.925711+00:00,75d46ecd684a2dc4b6a8e27daff7fed8db3fae5cae653b9ddb3099795df8cd6c,active,,,18,ACCEPTED,ALL_BASELINE_CONTROLS,,,,True,True,True,True,True,False,xRY4Q3hFIFFuWO3y1y6QN8zZRRUeJO+BtoTXLUfRrYg=,5880facf88690fdf1d6496719eeae8e062c9e8205156fe28223865120c962fb6,LVS6iX3xyk+AW89N8K7wd5i2P+GtpUmTpzID/3W7LU4=,10222436a1397e61641b3b56b539754f9e0c20440a766cbebc79bc4ee11e19ee,CiiCaZbZYTkKitPOGDBqonzu8EqJH+U7UGWI6pJThXM=,d2de0eecb364b6ad6dfd68c57fbb2b61edd7f408c047202d5ab95910a24e2627,,,,,,,,,,,,,,,,,c97c8953f293107925fa2f485c4d7feee7b3bf884614d10150ce4a2abe908701,audit_trails/artifacts/accepted_runtime_submissions/T2_DF_KS_TADP_client_001_r18_5880facf88690fdf__c97c8953f2931079.json,,,,,,,,,,,,,2be3d9c5e088d24036ccb8011e0d8570f71df039964e2a8dd88b8e6c311697fc,cac4fdca1c55133c24069292767cca82855320e1e0213833b7e4f1b6628a9e51,,
276,b19303712ba1e8c70fa42dada5a61d68,9009c28128737f7948fb54beb932f446c0ce27d5cbdefb4938dce83226ac7abd,2026-08-24T22:59:58.731927+00:00,TADP-SEC/14.0,CLIENT_CIPHERTEXT_BINDING,T2_DF_KS_TADP,,,,client_001,,,,,,,,,,,,,,,,,,,,,,,,,,,,,,,,,,,,,,,,CIPHERTEXT_BOUND_TO_SIGNED_UPDATE,,,,,,,,,,,,,,,,,C2_INTERNAL,2,,,,,,,,,,,,,5d3a97e6ac73e51e85b6bf0bd776bfaa,,,,,,,,,,,,,,18,VERIFIED,,,,,True,,,,,False,xRY4Q3hFIFFuWO3y1y6QN8zZRRUeJO+BtoTXLUfRrYg=,5880facf88690fdf1d6496719eeae8e062c9e8205156fe28223865120c962fb6,LVS6iX3xyk+AW89N8K7wd5i2P+GtpUmTpzID/3W7LU4=,9e8a9db9d7801b9803e57450392d05145963852d727599215cc4aad7c01e4f90,CiiCaZbZYTkKitPOGDBqonzu8EqJH+U7UGWI6pJThXM=,d2de0eecb364b6ad6dfd68c57fbb2b61edd7f408c047202d5ab95910a24e2627,T2: Modified-DF client encryption; Cloud multiplication/expansion and matrix-M KS after upload,reference_python,DFKS|d=25|lambda=10|m_prime_bits=80|m_bits=800|scale=1000000,df_client:client_001,,,,,,,,,08692289150a39db1cb92d02085bc52fb6740426dbda9678a1da866293aadb78,,eda93014d7eaf4a45a09967efccee1bcef09707b12f4b9ce8f9b6255d15f2559,audit_trails/artifacts/ciphertext_attestations/T2_DF_KS_TADP_client_001_r18_59fae81333772461__eda93014d7eaf4a4.json,,,,,,,,,,,,,,,cac4fdca1c55133c24069292767cca82855320e1e0213833b7e4f1b6628a9e51,ad5ab10305b48e764ddfaac96db99c76e745e5306ea4ca6b187cd8e6d4a502ef,,
277,1805d037873adc0aad442241f3508178,9009c28128737f7948fb54beb932f446c0ce27d5cbdefb4938dce83226ac7abd,2026-08-24T23:00:03.450573+00:00,TADP-SEC/14.0,CLIENT_ACCEPTED_SUBMISSION,T2_DF_KS_TADP,,,,client_001,,,,,,,,,,,2.3-phase1-fixed-threshold-critical-floor-review-profile,e910eb11d46f5a33a9f6a7d996c6c242f2a4caa089255874076d8ae12155dc94,2e5e1ea61ea1c71b07c235b309bb618daac98643cb3c0843acb266cd6b876512,cd72ec3b4911418e9899eae9aed63fa15aaf66633d0cb863f54d9ac8508d934e,833c0f503995ec3e68f8d11c30f392b1e756db044036faa02ce898eac71d1c91,VALIDATED_EVIDENCE_BUNDLE,,,,,,,,,,,,,,,,,,,,,,,,UPDATE_SUBMITTED_ENFORCED,,False,NOT_REQUIRED_AUTOMATED_POLICY,False,,,,,,,,,,,,,C2_INTERNAL,2,,,,,,,,6401d449cad49398af2f5e4da9bd6c0fbdde3a2a57f8a422907de7f0354cd145,71adf2c7741ed63f779fe8cebf9b4d1363fd18da1c5a49e39f32ec63cb8262f2,,,2026-08-25T22:32:04.883782+00:00,5d3a97e6ac73e51e85b6bf0bd776bfaa,,,,,b9f0fff5bfff39392f202fe3e0f036cf81c8a8c2c375e750bd012826252f7844,6ac2c265a024ed71c7e9a026e3c1d3e07a7162a1d9a044963677b511bcd05fac,,,2026-08-25T22:58:26.925711+00:00,75d46ecd684a2dc4b6a8e27daff7fed8db3fae5cae653b9ddb3099795df8cd6c,active,,,19,ACCEPTED,ALL_BASELINE_CONTROLS,,,,True,True,True,True,True,False,8nqQhPbT26hciLSPs3J3/AOYD7BfQ9EoyJ8rtI0BTJE=,0f032b1d707af8cd504327f0414b01f7752991058763c231a85d71fce37ef6cd,LVS6iX3xyk+AW89N8K7wd5i2P+GtpUmTpzID/3W7LU4=,87d4a2ca6e6d77debbe888711b4a80c9f4a2280626777b1b5b0e462f2c73388e,k9N17leHWLfQ//fyWA23py8nnjJ2Oz53K4dOE4hIx04=,d2de0eecb364b6ad6dfd68c57fbb2b61edd7f408c047202d5ab95910a24e2627,,,,,,,,,,,,,,,,,4f3a53caef947f3743340e6c43a7e27c15698a7635b3f81e5acf63809d24b0cd,audit_trails/artifacts/accepted_runtime_submissions/T2_DF_KS_TADP_client_001_r19_0f032b1d707af8cd__4f3a53caef947f37.json,,,,,,,,,,,,,ad5ab10305b48e764ddfaac96db99c76e745e5306ea4ca6b187cd8e6d4a502ef,beec4897ba195566d6b7a64e5bd5b0d3f74facda8ab8c0d43f467bc5fc1d2123,,
278,f221df7faffd13ea5d803d33a689e3e1,9009c28128737f7948fb54beb932f446c0ce27d5cbdefb4938dce83226ac7abd,2026-08-24T23:00:03.480035+00:00,TADP-SEC/14.0,CLIENT_CIPHERTEXT_BINDING,T2_DF_KS_TADP,,,,client_001,,,,,,,,,,,,,,,,,,,,,,,,,,,,,,,,,,,,,,,,CIPHERTEXT_BOUND_TO_SIGNED_UPDATE,,,,,,,,,,,,,,,,,C2_INTERNAL,2,,,,,,,,,,,,,5d3a97e6ac73e51e85b6bf0bd776bfaa,,,,,,,,,,,,,,19,VERIFIED,,,,,True,,,,,False,8nqQhPbT26hciLSPs3J3/AOYD7BfQ9EoyJ8rtI0BTJE=,0f032b1d707af8cd504327f0414b01f7752991058763c231a85d71fce37ef6cd,LVS6iX3xyk+AW89N8K7wd5i2P+GtpUmTpzID/3W7LU4=,26070a64403e0e35ec7f477f208e50a1f7b94fe1b6ad61ac2deeb89293ca7327,k9N17leHWLfQ//fyWA23py8nnjJ2Oz53K4dOE4hIx04=,d2de0eecb364b6ad6dfd68c57fbb2b61edd7f408c047202d5ab95910a24e2627,T2: Modified-DF client encryption; Cloud multiplication/expansion and matrix-M KS after upload,reference_python,DFKS|d=25|lambda=10|m_prime_bits=80|m_bits=800|scale=1000000,df_client:client_001,,,,,,,,,a2ae0e8c91c00e6912e515f9483e6439a58697691d4c5aff067d58b2a63562cc,,8ba737f85798b6d802373816a40aec14b56a0faf8dd169568f6f2648287b54af,audit_trails/artifacts/ciphertext_attestations/T2_DF_KS_TADP_client_001_r19_1ee3c8c93e129518__8ba737f85798b6d8.json,,,,,,,,,,,,,,,beec4897ba195566d6b7a64e5bd5b0d3f74facda8ab8c0d43f467bc5fc1d2123,9cff7f27fe6808764568b5ded8585496076938331ed7f55398e3b4f4182770ad,,
279,9e6a9b44757748d6077ec638099fe9c5,9009c28128737f7948fb54beb932f446c0ce27d5cbdefb4938dce83226ac7abd,2026-08-24T23:00:09.775617+00:00,TADP-SEC/14.0,CLIENT_ACCEPTED_SUBMISSION,T2_DF_KS_TADP,,,,client_001,,,,,,,,,,,2.3-phase1-fixed-threshold-critical-floor-review-profile,e910eb11d46f5a33a9f6a7d996c6c242f2a4caa089255874076d8ae12155dc94,2e5e1ea61ea1c71b07c235b309bb618daac98643cb3c0843acb266cd6b876512,cd72ec3b4911418e9899eae9aed63fa15aaf66633d0cb863f54d9ac8508d934e,833c0f503995ec3e68f8d11c30f392b1e756db044036faa02ce898eac71d1c91,VALIDATED_EVIDENCE_BUNDLE,,,,,,,,,,,,,,,,,,,,,,,,UPDATE_SUBMITTED_ENFORCED,,False,NOT_REQUIRED_AUTOMATED_POLICY,False,,,,,,,,,,,,,C2_INTERNAL,2,,,,,,,,6401d449cad49398af2f5e4da9bd6c0fbdde3a2a57f8a422907de7f0354cd145,71adf2c7741ed63f779fe8cebf9b4d1363fd18da1c5a49e39f32ec63cb8262f2,,,2026-08-25T22:32:04.883782+00:00,5d3a97e6ac73e51e85b6bf0bd776bfaa,,,,,b9f0fff5bfff39392f202fe3e0f036cf81c8a8c2c375e750bd012826252f7844,6ac2c265a024ed71c7e9a026e3c1d3e07a7162a1d9a044963677b511bcd05fac,,,2026-08-25T22:58:26.925711+00:00,75d46ecd684a2dc4b6a8e27daff7fed8db3fae5cae653b9ddb3099795df8cd6c,active,,,20,ACCEPTED,ALL_BASELINE_CONTROLS,,,,True,True,True,True,True,False,EPmTZT5cFyrDmB2KVcz3KJaTK/5ef/xMVXY30r3Zw8U=,61d85f4b193c2f3618b19703cc7f975d5edaf8c3719576922238d0d8c1278d29,LVS6iX3xyk+AW89N8K7wd5i2P+GtpUmTpzID/3W7LU4=,b1ffe288f273d83af17e48438ea6cd27e857b7e25ec0ed932f6f0a88bd00e5f1,Hvmb63Rhc8oGNP+jKk18CP/ZYdOrRNWRKbPvc+oxxdI=,d2de0eecb364b6ad6dfd68c57fbb2b61edd7f408c047202d5ab95910a24e2627,,,,,,,,,,,,,,,,,eeb2d44a4bf8276396491eb063f3488c33e202fd4b1b782ee9ec6a68b165e994,audit_trails/artifacts/accepted_runtime_submissions/T2_DF_KS_TADP_client_001_r20_61d85f4b193c2f36__eeb2d44a4bf82763.json,,,,,,,,,,,,,9cff7f27fe6808764568b5ded8585496076938331ed7f55398e3b4f4182770ad,ea5eefa358bb9fe61ca09b498d8067ac30594bcb61cf5d7e26073a402316b0f0,,
280,545c821035db3c08f02b0e6712fe804a,9009c28128737f7948fb54beb932f446c0ce27d5cbdefb4938dce83226ac7abd,2026-08-24T23:00:09.801422+00:00,TADP-SEC/14.0,CLIENT_CIPHERTEXT_BINDING,T2_DF_KS_TADP,,,,client_001,,,,,,,,,,,,,,,,,,,,,,,,,,,,,,,,,,,,,,,,CIPHERTEXT_BOUND_TO_SIGNED_UPDATE,,,,,,,,,,,,,,,,,C2_INTERNAL,2,,,,,,,,,,,,,5d3a97e6ac73e51e85b6bf0bd776bfaa,,,,,,,,,,,,,,20,VERIFIED,,,,,True,,,,,False,EPmTZT5cFyrDmB2KVcz3KJaTK/5ef/xMVXY30r3Zw8U=,61d85f4b193c2f3618b19703cc7f975d5edaf8c3719576922238d0d8c1278d29,LVS6iX3xyk+AW89N8K7wd5i2P+GtpUmTpzID/3W7LU4=,140cf8afb7ebcedbc38426d4e8adf46a387a45cb9c14f21faf87297cb9dafac7,Hvmb63Rhc8oGNP+jKk18CP/ZYdOrRNWRKbPvc+oxxdI=,d2de0eecb364b6ad6dfd68c57fbb2b61edd7f408c047202d5ab95910a24e2627,T2: Modified-DF client encryption; Cloud multiplication/expansion and matrix-M KS after upload,reference_python,DFKS|d=25|lambda=10|m_prime_bits=80|m_bits=800|scale=1000000,df_client:client_001,,,,,,,,,d9f603effeec60d678151f8d573a6aba7cd12e16b139a96dd2bc9be43a4617be,,8c407c2385020d7f23a22ec3faa4482108c6632307a2cf88168a42c9427404ba,audit_trails/artifacts/ciphertext_attestations/T2_DF_KS_TADP_client_001_r20_150e1233007d4cf3__8c407c2385020d7f.json,,,,,,,,,,,,,,,ea5eefa358bb9fe61ca09b498d8067ac30594bcb61cf5d7e26073a402316b0f0,e4aeaeedbf2ca8664a95b27410309c56f8307734f4f6d7ca9c877c160149eac7,,
281,5cfd8aad27a52cd08795acac23f2d12f,9009c28128737f7948fb54beb932f446c0ce27d5cbdefb4938dce83226ac7abd,2026-08-24T23:00:15.073485+00:00,TADP-SEC/14.0,CLIENT_ACCEPTED_SUBMISSION,T2_DF_KS_TADP,,,,client_001,,,,,,,,,,,2.3-phase1-fixed-threshold-critical-floor-review-profile,e910eb11d46f5a33a9f6a7d996c6c242f2a4caa089255874076d8ae12155dc94,2e5e1ea61ea1c71b07c235b309bb618daac98643cb3c0843acb266cd6b876512,cd72ec3b4911418e9899eae9aed63fa15aaf66633d0cb863f54d9ac8508d934e,833c0f503995ec3e68f8d11c30f392b1e756db044036faa02ce898eac71d1c91,VALIDATED_EVIDENCE_BUNDLE,,,,,,,,,,,,,,,,,,,,,,,,UPDATE_SUBMITTED_ENFORCED,,False,NOT_REQUIRED_AUTOMATED_POLICY,False,,,,,,,,,,,,,C2_INTERNAL,2,,,,,,,,6401d449cad49398af2f5e4da9bd6c0fbdde3a2a57f8a422907de7f0354cd145,71adf2c7741ed63f779fe8cebf9b4d1363fd18da1c5a49e39f32ec63cb8262f2,,,2026-08-25T22:32:04.883782+00:00,aa74d7695f9e8bd89441ed8dea9f7ecb,,,,,beca5a2faeb4324a455342aa30c9925a2c2b74aa747b0cddcc57a3e52c7d0f0d,09ce595490f3aae9b61d9835a452da1dd5ddf14a16d18f3688634bc0cfbcd4a3,,,2026-08-25T23:00:14.343209+00:00,75d46ecd684a2dc4b6a8e27daff7fed8db3fae5cae653b9ddb3099795df8cd6c,active,,,1,ACCEPTED,ALL_BASELINE_CONTROLS,,,,True,True,True,True,True,False,XIgD5woYGPfAfaxKYfj7upO5zUOeqedJHy8+I3SV1Ws=,fecfa77791d859a0d054a278282117afc11d44e22ca2c9f2243d615be58e080c,LVS6iX3xyk+AW89N8K7wd5i2P+GtpUmTpzID/3W7LU4=,1d3ae7f4b087cae60c51444a90144320f6e2db0036c89c54bdeded5fbd83cd41,qWGt2rkifN8o8SXwRi1McC0dFoBq5azkZ2R1+pa5fD8=,d2de0eecb364b6ad6dfd68c57fbb2b61edd7f408c047202d5ab95910a24e2627,,,,,,,,,,,,,,,,,d380b59105c35df6fc8e217b6a52728177f6f141c58c16399a94708c00d2e3af,audit_trails/artifacts/accepted_runtime_submissions/T2_DF_KS_TADP_client_001_r1_fecfa77791d859a0__d380b59105c35df6.json,,,,,,,,,,,,,e4aeaeedbf2ca8664a95b27410309c56f8307734f4f6d7ca9c877c160149eac7,3e3b057caecf03d5aac11320b07e6266ff4bd736630b8255c5f632281c8405f7,,
282,01920b1d03136b8c2f3690391b186854,9009c28128737f7948fb54beb932f446c0ce27d5cbdefb4938dce83226ac7abd,2026-08-24T23:00:15.101934+00:00,TADP-SEC/14.0,CLIENT_CIPHERTEXT_BINDING,T2_DF_KS_TADP,,,,client_001,,,,,,,,,,,,,,,,,,,,,,,,,,,,,,,,,,,,,,,,CIPHERTEXT_BOUND_TO_SIGNED_UPDATE,,,,,,,,,,,,,,,,,C2_INTERNAL,2,,,,,,,,,,,,,aa74d7695f9e8bd89441ed8dea9f7ecb,,,,,,,,,,,,,,1,VERIFIED,,,,,True,,,,,False,XIgD5woYGPfAfaxKYfj7upO5zUOeqedJHy8+I3SV1Ws=,fecfa77791d859a0d054a278282117afc11d44e22ca2c9f2243d615be58e080c,LVS6iX3xyk+AW89N8K7wd5i2P+GtpUmTpzID/3W7LU4=,0d8c00c214d02c3bf227ca1dcf3ddfa6fbe594d69795f160559617209cd17e39,qWGt2rkifN8o8SXwRi1McC0dFoBq5azkZ2R1+pa5fD8=,d2de0eecb364b6ad6dfd68c57fbb2b61edd7f408c047202d5ab95910a24e2627,T2: Modified-DF client encryption; Cloud multiplication/expansion and matrix-M KS after upload,reference_python,DFKS|d=25|lambda=10|m_prime_bits=80|m_bits=800|scale=1000000,df_client:client_001,,,,,,,,,27bf7bbe83ff36df35d720f25104f7731614a5687a520d8d867fd5639e7b18dc,,60e1b99e4b17c01778d3927f7a5d16b86bbf47799d18df7aca61acba4a95afa6,audit_trails/artifacts/ciphertext_attestations/T2_DF_KS_TADP_client_001_r1_3bc2e6aef27b9144__60e1b99e4b17c017.json,,,,,,,,,,,,,,,3e3b057caecf03d5aac11320b07e6266ff4bd736630b8255c5f632281c8405f7,1d6672247dd9268cfef533205e125a72b96c519977e22847ffbf2edec3a9e5f3,,
283,ba11fe3d198c524d571a955061802c18,9009c28128737f7948fb54beb932f446c0ce27d5cbdefb4938dce83226ac7abd,2026-08-24T23:00:21.172191+00:00,TADP-SEC/14.0,CLIENT_ACCEPTED_SUBMISSION,T2_DF_KS_TADP,,,,client_001,,,,,,,,,,,2.3-phase1-fixed-threshold-critical-floor-review-profile,e910eb11d46f5a33a9f6a7d996c6c242f2a4caa089255874076d8ae12155dc94,2e5e1ea61ea1c71b07c235b309bb618daac98643cb3c0843acb266cd6b876512,cd72ec3b4911418e9899eae9aed63fa15aaf66633d0cb863f54d9ac8508d934e,833c0f503995ec3e68f8d11c30f392b1e756db044036faa02ce898eac71d1c91,VALIDATED_EVIDENCE_BUNDLE,,,,,,,,,,,,,,,,,,,,,,,,UPDATE_SUBMITTED_ENFORCED,,False,NOT_REQUIRED_AUTOMATED_POLICY,False,,,,,,,,,,,,,C2_INTERNAL,2,,,,,,,,6401d449cad49398af2f5e4da9bd6c0fbdde3a2a57f8a422907de7f0354cd145,71adf2c7741ed63f779fe8cebf9b4d1363fd18da1c5a49e39f32ec63cb8262f2,,,2026-08-25T22:32:04.883782+00:00,aa74d7695f9e8bd89441ed8dea9f7ecb,,,,,beca5a2faeb4324a455342aa30c9925a2c2b74aa747b0cddcc57a3e52c7d0f0d,09ce595490f3aae9b61d9835a452da1dd5ddf14a16d18f3688634bc0cfbcd4a3,,,2026-08-25T23:00:14.343209+00:00,75d46ecd684a2dc4b6a8e27daff7fed8db3fae5cae653b9ddb3099795df8cd6c,active,,,2,ACCEPTED,ALL_BASELINE_CONTROLS,,,,True,True,True,True,True,False,YG7yiqW8m25iXy+M/j84dN1go6jC6r1cNhPDyIrgxNc=,494bc28c152e32702bbb298c2133e3c33af3cff4fa223dc310cf5109f3f1ace5,LVS6iX3xyk+AW89N8K7wd5i2P+GtpUmTpzID/3W7LU4=,2fca24a08206b5a023cd4447a6c4f6a0e64f0cfd1d4d093daaa44f030931d4ca,DE6GXdbntdiejIYOEP959wpwalCj3eMzMc+00GVpIs0=,d2de0eecb364b6ad6dfd68c57fbb2b61edd7f408c047202d5ab95910a24e2627,,,,,,,,,,,,,,,,,f18896066b99eccfef2cf27a447f22bcdfa7915d019c7d1138baee9d95261e1a,audit_trails/artifacts/accepted_runtime_submissions/T2_DF_KS_TADP_client_001_r2_494bc28c152e3270__f18896066b99eccf.json,,,,,,,,,,,,,1d6672247dd9268cfef533205e125a72b96c519977e22847ffbf2edec3a9e5f3,f913b459e7130a95a1751f94b795cbb643afc8079526c0c1d3926b439535e74c,,
284,b3f853e1a5062b780279ebf166509580,9009c28128737f7948fb54beb932f446c0ce27d5cbdefb4938dce83226ac7abd,2026-08-24T23:00:21.208285+00:00,TADP-SEC/14.0,CLIENT_CIPHERTEXT_BINDING,T2_DF_KS_TADP,,,,client_001,,,,,,,,,,,,,,,,,,,,,,,,,,,,,,,,,,,,,,,,CIPHERTEXT_BOUND_TO_SIGNED_UPDATE,,,,,,,,,,,,,,,,,C2_INTERNAL,2,,,,,,,,,,,,,aa74d7695f9e8bd89441ed8dea9f7ecb,,,,,,,,,,,,,,2,VERIFIED,,,,,True,,,,,False,YG7yiqW8m25iXy+M/j84dN1go6jC6r1cNhPDyIrgxNc=,494bc28c152e32702bbb298c2133e3c33af3cff4fa223dc310cf5109f3f1ace5,LVS6iX3xyk+AW89N8K7wd5i2P+GtpUmTpzID/3W7LU4=,55d36c9a88c9784f08283906314c1eab1667f14c038fe0038aaa044846a3725e,DE6GXdbntdiejIYOEP959wpwalCj3eMzMc+00GVpIs0=,d2de0eecb364b6ad6dfd68c57fbb2b61edd7f408c047202d5ab95910a24e2627,T2: Modified-DF client encryption; Cloud multiplication/expansion and matrix-M KS after upload,reference_python,DFKS|d=25|lambda=10|m_prime_bits=80|m_bits=800|scale=1000000,df_client:client_001,,,,,,,,,98417ce27d77fb893c12e4b7733de34d70d0e38572efb3278c794f1f200fdd8a,,b439eb1d6b17e5669d43a70d1fa048abdfcd969acfe522f50e5acd00e86fc0df,audit_trails/artifacts/ciphertext_attestations/T2_DF_KS_TADP_client_001_r2_bd67972715fc9fc2__b439eb1d6b17e566.json,,,,,,,,,,,,,,,f913b459e7130a95a1751f94b795cbb643afc8079526c0c1d3926b439535e74c,a6ec594a5a6968892446be995dd9f90fb27616a31942beca895428629d6e1696,,
285,03cd3bf026e7771e0dd56d8de8ceba8b,9009c28128737f7948fb54beb932f446c0ce27d5cbdefb4938dce83226ac7abd,2026-08-24T23:00:26.105034+00:00,TADP-SEC/14.0,CLIENT_ACCEPTED_SUBMISSION,T2_DF_KS_TADP,,,,client_001,,,,,,,,,,,2.3-phase1-fixed-threshold-critical-floor-review-profile,e910eb11d46f5a33a9f6a7d996c6c242f2a4caa089255874076d8ae12155dc94,2e5e1ea61ea1c71b07c235b309bb618daac98643cb3c0843acb266cd6b876512,cd72ec3b4911418e9899eae9aed63fa15aaf66633d0cb863f54d9ac8508d934e,833c0f503995ec3e68f8d11c30f392b1e756db044036faa02ce898eac71d1c91,VALIDATED_EVIDENCE_BUNDLE,,,,,,,,,,,,,,,,,,,,,,,,UPDATE_SUBMITTED_ENFORCED,,False,NOT_REQUIRED_AUTOMATED_POLICY,False,,,,,,,,,,,,,C2_INTERNAL,2,,,,,,,,6401d449cad49398af2f5e4da9bd6c0fbdde3a2a57f8a422907de7f0354cd145,71adf2c7741ed63f779fe8cebf9b4d1363fd18da1c5a49e39f32ec63cb8262f2,,,2026-08-25T22:32:04.883782+00:00,aa74d7695f9e8bd89441ed8dea9f7ecb,,,,,beca5a2faeb4324a455342aa30c9925a2c2b74aa747b0cddcc57a3e52c7d0f0d,09ce595490f3aae9b61d9835a452da1dd5ddf14a16d18f3688634bc0cfbcd4a3,,,2026-08-25T23:00:14.343209+00:00,75d46ecd684a2dc4b6a8e27daff7fed8db3fae5cae653b9ddb3099795df8cd6c,active,,,3,ACCEPTED,ALL_BASELINE_CONTROLS,,,,True,True,True,True,True,False,piAIFZGcvhWOdFICWORAVf5nPX5Kas0QZYxOKEoHCEw=,2b32ca246d9f9c47f3045677ddff26e2952ae5a49bf803e11dadc9e15209c778,LVS6iX3xyk+AW89N8K7wd5i2P+GtpUmTpzID/3W7LU4=,c9544436857cb71c51eb5d742d5b495d223e97afa5b1e7b5742c36b7ae561993,r+s9SllGYBwnvreKm9r1D9Qw5y5EG8CQfjUe+cFGIws=,d2de0eecb364b6ad6dfd68c57fbb2b61edd7f408c047202d5ab95910a24e2627,,,,,,,,,,,,,,,,,500888fe008d5097c790e5c075c21fbbd921fcd2e2754b866581da63d6a09e25,audit_trails/artifacts/accepted_runtime_submissions/T2_DF_KS_TADP_client_001_r3_2b32ca246d9f9c47__500888fe008d5097.json,,,,,,,,,,,,,a6ec594a5a6968892446be995dd9f90fb27616a31942beca895428629d6e1696,12c804c3252cb840d08d56164c5872befae6a40b6712a68b7ad99fce57ace1f0,,
286,5ac899932acafd70be8d2fdd5e03df42,9009c28128737f7948fb54beb932f446c0ce27d5cbdefb4938dce83226ac7abd,2026-08-24T23:00:26.133650+00:00,TADP-SEC/14.0,CLIENT_CIPHERTEXT_BINDING,T2_DF_KS_TADP,,,,client_001,,,,,,,,,,,,,,,,,,,,,,,,,,,,,,,,,,,,,,,,CIPHERTEXT_BOUND_TO_SIGNED_UPDATE,,,,,,,,,,,,,,,,,C2_INTERNAL,2,,,,,,,,,,,,,aa74d7695f9e8bd89441ed8dea9f7ecb,,,,,,,,,,,,,,3,VERIFIED,,,,,True,,,,,False,piAIFZGcvhWOdFICWORAVf5nPX5Kas0QZYxOKEoHCEw=,2b32ca246d9f9c47f3045677ddff26e2952ae5a49bf803e11dadc9e15209c778,LVS6iX3xyk+AW89N8K7wd5i2P+GtpUmTpzID/3W7LU4=,6d5a472f201985bffb0907b7f5d1d8d17fc82f32de710a944dd3d2bfe639b3f7,r+s9SllGYBwnvreKm9r1D9Qw5y5EG8CQfjUe+cFGIws=,d2de0eecb364b6ad6dfd68c57fbb2b61edd7f408c047202d5ab95910a24e2627,T2: Modified-DF client encryption; Cloud multiplication/expansion and matrix-M KS after upload,reference_python,DFKS|d=25|lambda=10|m_prime_bits=80|m_bits=800|scale=1000000,df_client:client_001,,,,,,,,,787374dc30f2acb4fd53bd0c802a455651accac31a7de6145b888d1f1c4b54fe,,a846b8503cec9d5c162b1ac8d5ef912733ec8ff0bdce47fffc04f78ba09ad6e6,audit_trails/artifacts/ciphertext_attestations/T2_DF_KS_TADP_client_001_r3_75f09237a4653353__a846b8503cec9d5c.json,,,,,,,,,,,,,,,12c804c3252cb840d08d56164c5872befae6a40b6712a68b7ad99fce57ace1f0,7119935cabdcdc95a5d0bf3262e87bb07d606cbf2236d1074cf07637e7ae5605,,
287,98968e44e9c5fc4c0bc9b881b24ec810,9009c28128737f7948fb54beb932f446c0ce27d5cbdefb4938dce83226ac7abd,2026-08-24T23:00:30.881301+00:00,TADP-SEC/14.0,CLIENT_ACCEPTED_SUBMISSION,T2_DF_KS_TADP,,,,client_001,,,,,,,,,,,2.3-phase1-fixed-threshold-critical-floor-review-profile,e910eb11d46f5a33a9f6a7d996c6c242f2a4caa089255874076d8ae12155dc94,2e5e1ea61ea1c71b07c235b309bb618daac98643cb3c0843acb266cd6b876512,cd72ec3b4911418e9899eae9aed63fa15aaf66633d0cb863f54d9ac8508d934e,833c0f503995ec3e68f8d11c30f392b1e756db044036faa02ce898eac71d1c91,VALIDATED_EVIDENCE_BUNDLE,,,,,,,,,,,,,,,,,,,,,,,,UPDATE_SUBMITTED_ENFORCED,,False,NOT_REQUIRED_AUTOMATED_POLICY,False,,,,,,,,,,,,,C2_INTERNAL,2,,,,,,,,6401d449cad49398af2f5e4da9bd6c0fbdde3a2a57f8a422907de7f0354cd145,71adf2c7741ed63f779fe8cebf9b4d1363fd18da1c5a49e39f32ec63cb8262f2,,,2026-08-25T22:32:04.883782+00:00,aa74d7695f9e8bd89441ed8dea9f7ecb,,,,,beca5a2faeb4324a455342aa30c9925a2c2b74aa747b0cddcc57a3e52c7d0f0d,09ce595490f3aae9b61d9835a452da1dd5ddf14a16d18f3688634bc0cfbcd4a3,,,2026-08-25T23:00:14.343209+00:00,75d46ecd684a2dc4b6a8e27daff7fed8db3fae5cae653b9ddb3099795df8cd6c,active,,,4,ACCEPTED,ALL_BASELINE_CONTROLS,,,,True,True,True,True,True,False,+DlB9W0C8do+/8iowqy2Q9qt4dwY50kS0A2mfBjDMvw=,5b6a71294b859eabbba6540e97395e7c7ef2469ef96baab521e47a6144a04da9,LVS6iX3xyk+AW89N8K7wd5i2P+GtpUmTpzID/3W7LU4=,57452dd528ad77b8ff5d620920b855fcedf30eeb876ec026e26ea45bdf8e5e9b,5pitICLvx9Mam+kJcmfiTXRR9yQmpR3KPVt2GvU5piQ=,d2de0eecb364b6ad6dfd68c57fbb2b61edd7f408c047202d5ab95910a24e2627,,,,,,,,,,,,,,,,,641edeeacd331551f3b73ba700838ad0d421ab028aee51c8f9b31adaf9f79672,audit_trails/artifacts/accepted_runtime_submissions/T2_DF_KS_TADP_client_001_r4_5b6a71294b859eab__641edeeacd331551.json,,,,,,,,,,,,,7119935cabdcdc95a5d0bf3262e87bb07d606cbf2236d1074cf07637e7ae5605,27f8350d84674e4d4e49436fa50ce239d3fba7f583042023ace7a20bafba4b51,,
288,c697659f1bf8e10b6b33b3b56c0fe7aa,9009c28128737f7948fb54beb932f446c0ce27d5cbdefb4938dce83226ac7abd,2026-08-24T23:00:30.909846+00:00,TADP-SEC/14.0,CLIENT_CIPHERTEXT_BINDING,T2_DF_KS_TADP,,,,client_001,,,,,,,,,,,,,,,,,,,,,,,,,,,,,,,,,,,,,,,,CIPHERTEXT_BOUND_TO_SIGNED_UPDATE,,,,,,,,,,,,,,,,,C2_INTERNAL,2,,,,,,,,,,,,,aa74d7695f9e8bd89441ed8dea9f7ecb,,,,,,,,,,,,,,4,VERIFIED,,,,,True,,,,,False,+DlB9W0C8do+/8iowqy2Q9qt4dwY50kS0A2mfBjDMvw=,5b6a71294b859eabbba6540e97395e7c7ef2469ef96baab521e47a6144a04da9,LVS6iX3xyk+AW89N8K7wd5i2P+GtpUmTpzID/3W7LU4=,317c3258d1f289fc425d2f638c4e59f4021faa1df9bd69f24178e48e7303e69e,5pitICLvx9Mam+kJcmfiTXRR9yQmpR3KPVt2GvU5piQ=,d2de0eecb364b6ad6dfd68c57fbb2b61edd7f408c047202d5ab95910a24e2627,T2: Modified-DF client encryption; Cloud multiplication/expansion and matrix-M KS after upload,reference_python,DFKS|d=25|lambda=10|m_prime_bits=80|m_bits=800|scale=1000000,df_client:client_001,,,,,,,,,27f5bd35bb256fc76e89e35e701904980fada6e69e15636ab9ef7fac1c943021,,c8393ad2c922fd93fdf433e3ee442281f9d50c2620dca158a1b6d96239f2fd4d,audit_trails/artifacts/ciphertext_attestations/T2_DF_KS_TADP_client_001_r4_63defd1db9c3ed40__c8393ad2c922fd93.json,,,,,,,,,,,,,,,27f8350d84674e4d4e49436fa50ce239d3fba7f583042023ace7a20bafba4b51,5e679a81e0f08847f49aa5fa755af0baf2fe6345ab04c43a0f107aa5feec5d2a,,
289,a858f14de8236a210cda46b179fe7c46,9009c28128737f7948fb54beb932f446c0ce27d5cbdefb4938dce83226ac7abd,2026-08-24T23:00:37.316933+00:00,TADP-SEC/14.0,CLIENT_ACCEPTED_SUBMISSION,T2_DF_KS_TADP,,,,client_001,,,,,,,,,,,2.3-phase1-fixed-threshold-critical-floor-review-profile,e910eb11d46f5a33a9f6a7d996c6c242f2a4caa089255874076d8ae12155dc94,2e5e1ea61ea1c71b07c235b309bb618daac98643cb3c0843acb266cd6b876512,cd72ec3b4911418e9899eae9aed63fa15aaf66633d0cb863f54d9ac8508d934e,833c0f503995ec3e68f8d11c30f392b1e756db044036faa02ce898eac71d1c91,VALIDATED_EVIDENCE_BUNDLE,,,,,,,,,,,,,,,,,,,,,,,,UPDATE_SUBMITTED_ENFORCED,,False,NOT_REQUIRED_AUTOMATED_POLICY,False,,,,,,,,,,,,,C2_INTERNAL,2,,,,,,,,6401d449cad49398af2f5e4da9bd6c0fbdde3a2a57f8a422907de7f0354cd145,71adf2c7741ed63f779fe8cebf9b4d1363fd18da1c5a49e39f32ec63cb8262f2,,,2026-08-25T22:32:04.883782+00:00,aa74d7695f9e8bd89441ed8dea9f7ecb,,,,,beca5a2faeb4324a455342aa30c9925a2c2b74aa747b0cddcc57a3e52c7d0f0d,09ce595490f3aae9b61d9835a452da1dd5ddf14a16d18f3688634bc0cfbcd4a3,,,2026-08-25T23:00:14.343209+00:00,75d46ecd684a2dc4b6a8e27daff7fed8db3fae5cae653b9ddb3099795df8cd6c,active,,,5,ACCEPTED,ALL_BASELINE_CONTROLS,,,,True,True,True,True,True,False,9ONtjBl4rW7YCoCo/aysPD0ywhv2D2R0g/ZmsQCiuMc=,0a5a3f36833fc0dc52f5fb7fed0293083ef717fbff4cadf2bca415e9f3024d90,LVS6iX3xyk+AW89N8K7wd5i2P+GtpUmTpzID/3W7LU4=,6a67230e07b20b4b70c8e52e81c0208e38ace3d0a85b2ddd82ce83628ad1b8dd,3fQVJPCe/ybxjTPzcYLf6v9O9j4Dx/e4sNIgEgOeA5o=,d2de0eecb364b6ad6dfd68c57fbb2b61edd7f408c047202d5ab95910a24e2627,,,,,,,,,,,,,,,,,05632f5ad806c3b0dab4902cfa5f787ed99ace74ca1fa2e2c6d1509f5d04f7ab,audit_trails/artifacts/accepted_runtime_submissions/T2_DF_KS_TADP_client_001_r5_0a5a3f36833fc0dc__05632f5ad806c3b0.json,,,,,,,,,,,,,5e679a81e0f08847f49aa5fa755af0baf2fe6345ab04c43a0f107aa5feec5d2a,703ff90fd5231ec01075e2a30599235ae978b35483658b5d3e638ebe1a234dca,,
290,9eeec43a3f23597858d5b2bfb096e2f1,9009c28128737f7948fb54beb932f446c0ce27d5cbdefb4938dce83226ac7abd,2026-08-24T23:00:37.344259+00:00,TADP-SEC/14.0,CLIENT_CIPHERTEXT_BINDING,T2_DF_KS_TADP,,,,client_001,,,,,,,,,,,,,,,,,,,,,,,,,,,,,,,,,,,,,,,,CIPHERTEXT_BOUND_TO_SIGNED_UPDATE,,,,,,,,,,,,,,,,,C2_INTERNAL,2,,,,,,,,,,,,,aa74d7695f9e8bd89441ed8dea9f7ecb,,,,,,,,,,,,,,5,VERIFIED,,,,,True,,,,,False,9ONtjBl4rW7YCoCo/aysPD0ywhv2D2R0g/ZmsQCiuMc=,0a5a3f36833fc0dc52f5fb7fed0293083ef717fbff4cadf2bca415e9f3024d90,LVS6iX3xyk+AW89N8K7wd5i2P+GtpUmTpzID/3W7LU4=,63347623c56a5694aad45016a0fd54f41932ee4fc40d948ed74edea670624ffe,3fQVJPCe/ybxjTPzcYLf6v9O9j4Dx/e4sNIgEgOeA5o=,d2de0eecb364b6ad6dfd68c57fbb2b61edd7f408c047202d5ab95910a24e2627,T2: Modified-DF client encryption; Cloud multiplication/expansion and matrix-M KS after upload,reference_python,DFKS|d=25|lambda=10|m_prime_bits=80|m_bits=800|scale=1000000,df_client:client_001,,,,,,,,,1aabad538d9d0cf7f1db5ad674012020d0baa279a7010dfa48d656c0f2157384,,ce3fba0b5802965cee4c4d0ceb6d533735696799206353ab0c19fa99e3f43ab8,audit_trails/artifacts/ciphertext_attestations/T2_DF_KS_TADP_client_001_r5_81fb5eef16d4c746__ce3fba0b5802965c.json,,,,,,,,,,,,,,,703ff90fd5231ec01075e2a30599235ae978b35483658b5d3e638ebe1a234dca,f0cc54e844ea6b7eb3795364651df03767b1188c4b1e6196dc60489648dce0c4,,
291,95d42a332e851e2c3c4deb66847a70d1,9009c28128737f7948fb54beb932f446c0ce27d5cbdefb4938dce83226ac7abd,2026-08-24T23:00:42.171320+00:00,TADP-SEC/14.0,CLIENT_ACCEPTED_SUBMISSION,T2_DF_KS_TADP,,,,client_001,,,,,,,,,,,2.3-phase1-fixed-threshold-critical-floor-review-profile,e910eb11d46f5a33a9f6a7d996c6c242f2a4caa089255874076d8ae12155dc94,2e5e1ea61ea1c71b07c235b309bb618daac98643cb3c0843acb266cd6b876512,cd72ec3b4911418e9899eae9aed63fa15aaf66633d0cb863f54d9ac8508d934e,833c0f503995ec3e68f8d11c30f392b1e756db044036faa02ce898eac71d1c91,VALIDATED_EVIDENCE_BUNDLE,,,,,,,,,,,,,,,,,,,,,,,,UPDATE_SUBMITTED_ENFORCED,,False,NOT_REQUIRED_AUTOMATED_POLICY,False,,,,,,,,,,,,,C2_INTERNAL,2,,,,,,,,6401d449cad49398af2f5e4da9bd6c0fbdde3a2a57f8a422907de7f0354cd145,71adf2c7741ed63f779fe8cebf9b4d1363fd18da1c5a49e39f32ec63cb8262f2,,,2026-08-25T22:32:04.883782+00:00,aa74d7695f9e8bd89441ed8dea9f7ecb,,,,,beca5a2faeb4324a455342aa30c9925a2c2b74aa747b0cddcc57a3e52c7d0f0d,09ce595490f3aae9b61d9835a452da1dd5ddf14a16d18f3688634bc0cfbcd4a3,,,2026-08-25T23:00:14.343209+00:00,75d46ecd684a2dc4b6a8e27daff7fed8db3fae5cae653b9ddb3099795df8cd6c,active,,,6,ACCEPTED,ALL_BASELINE_CONTROLS,,,,True,True,True,True,True,False,SAh/RwWowyymhawHRZ6IgHVXuMYnt49ya399WMMwUqA=,46f58388e562c519d233a9f4b5029cf8ad1aab7c367fddddcfb5a227187d751e,LVS6iX3xyk+AW89N8K7wd5i2P+GtpUmTpzID/3W7LU4=,d6f8cc6d1001d9e252ede8e05f3de2a313ce16c21374967b772a34011460d945,qESESONeQUfrU24VR6HdoizQMZ09xQJXZd53bB9D0w0=,d2de0eecb364b6ad6dfd68c57fbb2b61edd7f408c047202d5ab95910a24e2627,,,,,,,,,,,,,,,,,3aebcd432a045d9ee2fb53ef43164d363aad9e5c6d92900a5abf4770a2e08585,audit_trails/artifacts/accepted_runtime_submissions/T2_DF_KS_TADP_client_001_r6_46f58388e562c519__3aebcd432a045d9e.json,,,,,,,,,,,,,f0cc54e844ea6b7eb3795364651df03767b1188c4b1e6196dc60489648dce0c4,d468f8094c9f7af140f2be862d5de7377f44e9dfffc352adb278b9a11170e6b0,,
292,b102e8bcc40b3762b7e45ce1bbf70a5f,9009c28128737f7948fb54beb932f446c0ce27d5cbdefb4938dce83226ac7abd,2026-08-24T23:00:42.199255+00:00,TADP-SEC/14.0,CLIENT_CIPHERTEXT_BINDING,T2_DF_KS_TADP,,,,client_001,,,,,,,,,,,,,,,,,,,,,,,,,,,,,,,,,,,,,,,,CIPHERTEXT_BOUND_TO_SIGNED_UPDATE,,,,,,,,,,,,,,,,,C2_INTERNAL,2,,,,,,,,,,,,,aa74d7695f9e8bd89441ed8dea9f7ecb,,,,,,,,,,,,,,6,VERIFIED,,,,,True,,,,,False,SAh/RwWowyymhawHRZ6IgHVXuMYnt49ya399WMMwUqA=,46f58388e562c519d233a9f4b5029cf8ad1aab7c367fddddcfb5a227187d751e,LVS6iX3xyk+AW89N8K7wd5i2P+GtpUmTpzID/3W7LU4=,30842df3e4a8d616b3806eb07d3d3f5e80f7d63a2fc39b71aa0624c5e51dbdd0,qESESONeQUfrU24VR6HdoizQMZ09xQJXZd53bB9D0w0=,d2de0eecb364b6ad6dfd68c57fbb2b61edd7f408c047202d5ab95910a24e2627,T2: Modified-DF client encryption; Cloud multiplication/expansion and matrix-M KS after upload,reference_python,DFKS|d=25|lambda=10|m_prime_bits=80|m_bits=800|scale=1000000,df_client:client_001,,,,,,,,,826e5ea7a7c9bed8ac4626cfe75ef03de7b6c9dddc4edcb19931e083699e9151,,4bf41daf2c7c2b3bb0f55fe46366642b722cd9afcc99cbceacfa2c85cc3b2186,audit_trails/artifacts/ciphertext_attestations/T2_DF_KS_TADP_client_001_r6_5a3675b1e4093a05__4bf41daf2c7c2b3b.json,,,,,,,,,,,,,,,d468f8094c9f7af140f2be862d5de7377f44e9dfffc352adb278b9a11170e6b0,a6d118f1e91e7df55fc15fb0657df3463dfea1f7dd7a2d77b39b4ebb49538aad,,
293,6587dd020634918aaec833906cc3945c,9009c28128737f7948fb54beb932f446c0ce27d5cbdefb4938dce83226ac7abd,2026-08-24T23:00:48.431770+00:00,TADP-SEC/14.0,CLIENT_ACCEPTED_SUBMISSION,T2_DF_KS_TADP,,,,client_001,,,,,,,,,,,2.3-phase1-fixed-threshold-critical-floor-review-profile,e910eb11d46f5a33a9f6a7d996c6c242f2a4caa089255874076d8ae12155dc94,2e5e1ea61ea1c71b07c235b309bb618daac98643cb3c0843acb266cd6b876512,cd72ec3b4911418e9899eae9aed63fa15aaf66633d0cb863f54d9ac8508d934e,833c0f503995ec3e68f8d11c30f392b1e756db044036faa02ce898eac71d1c91,VALIDATED_EVIDENCE_BUNDLE,,,,,,,,,,,,,,,,,,,,,,,,UPDATE_SUBMITTED_ENFORCED,,False,NOT_REQUIRED_AUTOMATED_POLICY,False,,,,,,,,,,,,,C2_INTERNAL,2,,,,,,,,6401d449cad49398af2f5e4da9bd6c0fbdde3a2a57f8a422907de7f0354cd145,71adf2c7741ed63f779fe8cebf9b4d1363fd18da1c5a49e39f32ec63cb8262f2,,,2026-08-25T22:32:04.883782+00:00,aa74d7695f9e8bd89441ed8dea9f7ecb,,,,,beca5a2faeb4324a455342aa30c9925a2c2b74aa747b0cddcc57a3e52c7d0f0d,09ce595490f3aae9b61d9835a452da1dd5ddf14a16d18f3688634bc0cfbcd4a3,,,2026-08-25T23:00:14.343209+00:00,75d46ecd684a2dc4b6a8e27daff7fed8db3fae5cae653b9ddb3099795df8cd6c,active,,,7,ACCEPTED,ALL_BASELINE_CONTROLS,,,,True,True,True,True,True,False,X/K++8qjCxyf6qsy2T0nlv5gkpejigYdusj+ol1C+W4=,f47b7c6f91e52cae15cc3a1293d4dd5bd0dfd8142c57f20ebdfb319dd5a0e2c4,LVS6iX3xyk+AW89N8K7wd5i2P+GtpUmTpzID/3W7LU4=,4cf6ed7444a1a37bb6a79d056472d48de88565e61c03005e03d59f3093648c4c,KCvf8ipQV/eQRhf4pi1qi+/K6tuBtFkYyYjtXb5qj0c=,d2de0eecb364b6ad6dfd68c57fbb2b61edd7f408c047202d5ab95910a24e2627,,,,,,,,,,,,,,,,,bfd79e90f8d1c48f1719ee8b9745343b771e9b9aef1b48707b9d57e6166ab9f4,audit_trails/artifacts/accepted_runtime_submissions/T2_DF_KS_TADP_client_001_r7_f47b7c6f91e52cae__bfd79e90f8d1c48f.json,,,,,,,,,,,,,a6d118f1e91e7df55fc15fb0657df3463dfea1f7dd7a2d77b39b4ebb49538aad,fff2a2c42a282c41d40f22da00488ef18befa6df5d64e465d3df2cebf07104cd,,
294,9b5cff67ebecd927a2a3ebab17104465,9009c28128737f7948fb54beb932f446c0ce27d5cbdefb4938dce83226ac7abd,2026-08-24T23:00:48.468484+00:00,TADP-SEC/14.0,CLIENT_CIPHERTEXT_BINDING,T2_DF_KS_TADP,,,,client_001,,,,,,,,,,,,,,,,,,,,,,,,,,,,,,,,,,,,,,,,CIPHERTEXT_BOUND_TO_SIGNED_UPDATE,,,,,,,,,,,,,,,,,C2_INTERNAL,2,,,,,,,,,,,,,aa74d7695f9e8bd89441ed8dea9f7ecb,,,,,,,,,,,,,,7,VERIFIED,,,,,True,,,,,False,X/K++8qjCxyf6qsy2T0nlv5gkpejigYdusj+ol1C+W4=,f47b7c6f91e52cae15cc3a1293d4dd5bd0dfd8142c57f20ebdfb319dd5a0e2c4,LVS6iX3xyk+AW89N8K7wd5i2P+GtpUmTpzID/3W7LU4=,dc79731953bda53102f96dd6e99849fe4930929b49008da7647504d3bd587356,KCvf8ipQV/eQRhf4pi1qi+/K6tuBtFkYyYjtXb5qj0c=,d2de0eecb364b6ad6dfd68c57fbb2b61edd7f408c047202d5ab95910a24e2627,T2: Modified-DF client encryption; Cloud multiplication/expansion and matrix-M KS after upload,reference_python,DFKS|d=25|lambda=10|m_prime_bits=80|m_bits=800|scale=1000000,df_client:client_001,,,,,,,,,0cb0d52a48aa8cab143b3e8773849a5da63a35ca3395ddd2ac24c3eeb6c04209,,97b7a727768cf279ab8e3587d9de616beb1752e7b714de641d492065654be46d,audit_trails/artifacts/ciphertext_attestations/T2_DF_KS_TADP_client_001_r7_3bd584a520594441__97b7a727768cf279.json,,,,,,,,,,,,,,,fff2a2c42a282c41d40f22da00488ef18befa6df5d64e465d3df2cebf07104cd,6b52efd62c5f0e11fe75f530cd763df7723778c3cc4cb51c1e2b19253125785c,,
295,e747376dceeb9d5eab15569a33cb33c1,9009c28128737f7948fb54beb932f446c0ce27d5cbdefb4938dce83226ac7abd,2026-08-24T23:00:53.392547+00:00,TADP-SEC/14.0,CLIENT_ACCEPTED_SUBMISSION,T2_DF_KS_TADP,,,,client_001,,,,,,,,,,,2.3-phase1-fixed-threshold-critical-floor-review-profile,e910eb11d46f5a33a9f6a7d996c6c242f2a4caa089255874076d8ae12155dc94,2e5e1ea61ea1c71b07c235b309bb618daac98643cb3c0843acb266cd6b876512,cd72ec3b4911418e9899eae9aed63fa15aaf66633d0cb863f54d9ac8508d934e,833c0f503995ec3e68f8d11c30f392b1e756db044036faa02ce898eac71d1c91,VALIDATED_EVIDENCE_BUNDLE,,,,,,,,,,,,,,,,,,,,,,,,UPDATE_SUBMITTED_ENFORCED,,False,NOT_REQUIRED_AUTOMATED_POLICY,False,,,,,,,,,,,,,C2_INTERNAL,2,,,,,,,,6401d449cad49398af2f5e4da9bd6c0fbdde3a2a57f8a422907de7f0354cd145,71adf2c7741ed63f779fe8cebf9b4d1363fd18da1c5a49e39f32ec63cb8262f2,,,2026-08-25T22:32:04.883782+00:00,aa74d7695f9e8bd89441ed8dea9f7ecb,,,,,beca5a2faeb4324a455342aa30c9925a2c2b74aa747b0cddcc57a3e52c7d0f0d,09ce595490f3aae9b61d9835a452da1dd5ddf14a16d18f3688634bc0cfbcd4a3,,,2026-08-25T23:00:14.343209+00:00,75d46ecd684a2dc4b6a8e27daff7fed8db3fae5cae653b9ddb3099795df8cd6c,active,,,8,ACCEPTED,ALL_BASELINE_CONTROLS,,,,True,True,True,True,True,False,fKW9JrdAr5CvG5S3dhPBSuker4nCZClp2rnsO16pJjE=,1910eb9c3751f8087ddefd5739bcee1cd52ef4dbef2fe048647464930a0041d3,LVS6iX3xyk+AW89N8K7wd5i2P+GtpUmTpzID/3W7LU4=,22044916471115c9865a7a4098919ae11e64fe2fd37602cb991a75b9b23e4d1b,tECbiRgH3KrqkkyBau8VlvJTYkleYvIrj8WBeca49ko=,d2de0eecb364b6ad6dfd68c57fbb2b61edd7f408c047202d5ab95910a24e2627,,,,,,,,,,,,,,,,,568e3d310f5f050077703d36c223d6044dea4c66d902bf1202d88c6b88350bcb,audit_trails/artifacts/accepted_runtime_submissions/T2_DF_KS_TADP_client_001_r8_1910eb9c3751f808__568e3d310f5f0500.json,,,,,,,,,,,,,6b52efd62c5f0e11fe75f530cd763df7723778c3cc4cb51c1e2b19253125785c,4727f5423df4716190923c431228bb2bdb6dc70a543bb18d5cc92bb6a7ab7e8d,,
296,f4bbe665a1b8c92a30db0b1bfc371515,9009c28128737f7948fb54beb932f446c0ce27d5cbdefb4938dce83226ac7abd,2026-08-24T23:00:53.421306+00:00,TADP-SEC/14.0,CLIENT_CIPHERTEXT_BINDING,T2_DF_KS_TADP,,,,client_001,,,,,,,,,,,,,,,,,,,,,,,,,,,,,,,,,,,,,,,,CIPHERTEXT_BOUND_TO_SIGNED_UPDATE,,,,,,,,,,,,,,,,,C2_INTERNAL,2,,,,,,,,,,,,,aa74d7695f9e8bd89441ed8dea9f7ecb,,,,,,,,,,,,,,8,VERIFIED,,,,,True,,,,,False,fKW9JrdAr5CvG5S3dhPBSuker4nCZClp2rnsO16pJjE=,1910eb9c3751f8087ddefd5739bcee1cd52ef4dbef2fe048647464930a0041d3,LVS6iX3xyk+AW89N8K7wd5i2P+GtpUmTpzID/3W7LU4=,550919e1fa8502f09eb7b4c6d65d43c782f88fa90240448765286705cf6d5d5b,tECbiRgH3KrqkkyBau8VlvJTYkleYvIrj8WBeca49ko=,d2de0eecb364b6ad6dfd68c57fbb2b61edd7f408c047202d5ab95910a24e2627,T2: Modified-DF client encryption; Cloud multiplication/expansion and matrix-M KS after upload,reference_python,DFKS|d=25|lambda=10|m_prime_bits=80|m_bits=800|scale=1000000,df_client:client_001,,,,,,,,,3837494e1523a087d95ca6293bc4d34dc5d9b6824aaefc5a2ba097ba91a4fb6a,,1ee662fdbcb95c7c1363fe77cf0348fa47cccfcfcad40bc06fe263406c836882,audit_trails/artifacts/ciphertext_attestations/T2_DF_KS_TADP_client_001_r8_6dde0411ede7ac9c__1ee662fdbcb95c7c.json,,,,,,,,,,,,,,,4727f5423df4716190923c431228bb2bdb6dc70a543bb18d5cc92bb6a7ab7e8d,a834ca4543455b42fe06709f2ab84d1b764f2e6e5780f70fd2ad0616927133b0,,
297,0449216f00f01560df742eb5c73c9d8e,9009c28128737f7948fb54beb932f446c0ce27d5cbdefb4938dce83226ac7abd,2026-08-24T23:00:58.326246+00:00,TADP-SEC/14.0,CLIENT_ACCEPTED_SUBMISSION,T2_DF_KS_TADP,,,,client_001,,,,,,,,,,,2.3-phase1-fixed-threshold-critical-floor-review-profile,e910eb11d46f5a33a9f6a7d996c6c242f2a4caa089255874076d8ae12155dc94,2e5e1ea61ea1c71b07c235b309bb618daac98643cb3c0843acb266cd6b876512,cd72ec3b4911418e9899eae9aed63fa15aaf66633d0cb863f54d9ac8508d934e,833c0f503995ec3e68f8d11c30f392b1e756db044036faa02ce898eac71d1c91,VALIDATED_EVIDENCE_BUNDLE,,,,,,,,,,,,,,,,,,,,,,,,UPDATE_SUBMITTED_ENFORCED,,False,NOT_REQUIRED_AUTOMATED_POLICY,False,,,,,,,,,,,,,C2_INTERNAL,2,,,,,,,,6401d449cad49398af2f5e4da9bd6c0fbdde3a2a57f8a422907de7f0354cd145,71adf2c7741ed63f779fe8cebf9b4d1363fd18da1c5a49e39f32ec63cb8262f2,,,2026-08-25T22:32:04.883782+00:00,aa74d7695f9e8bd89441ed8dea9f7ecb,,,,,beca5a2faeb4324a455342aa30c9925a2c2b74aa747b0cddcc57a3e52c7d0f0d,09ce595490f3aae9b61d9835a452da1dd5ddf14a16d18f3688634bc0cfbcd4a3,,,2026-08-25T23:00:14.343209+00:00,75d46ecd684a2dc4b6a8e27daff7fed8db3fae5cae653b9ddb3099795df8cd6c,active,,,9,ACCEPTED,ALL_BASELINE_CONTROLS,,,,True,True,True,True,True,False,HE0Tpejj77kDyvpvee6UFJEZ+yycGwJldHuEMQSaUH8=,b37d25e973af5d76c5e3502833d148ebf1b7f559cfd43ef5ec1b77e1e05d91c0,LVS6iX3xyk+AW89N8K7wd5i2P+GtpUmTpzID/3W7LU4=,ec4be910f5b3637bedec65c3f7e7e18f23fb29e69e53678b9699a154b9feb6d4,VPjrqlneuYn6uJ6LNaEtSGMW4/Q1tuvds30r4YejG3E=,d2de0eecb364b6ad6dfd68c57fbb2b61edd7f408c047202d5ab95910a24e2627,,,,,,,,,,,,,,,,,2209e6532d89150752caca32bb3ae4cefb9e28bd82ccc2908624e1f2bcc67b1f,audit_trails/artifacts/accepted_runtime_submissions/T2_DF_KS_TADP_client_001_r9_b37d25e973af5d76__2209e6532d891507.json,,,,,,,,,,,,,a834ca4543455b42fe06709f2ab84d1b764f2e6e5780f70fd2ad0616927133b0,0f7aa2878ce367f51c6bc0804047b9520fb31264eb40e30ae42baac5ad3f9fc9,,
298,902e164267ab03ebaf9c46c9ccab8d23,9009c28128737f7948fb54beb932f446c0ce27d5cbdefb4938dce83226ac7abd,2026-08-24T23:00:58.357419+00:00,TADP-SEC/14.0,CLIENT_CIPHERTEXT_BINDING,T2_DF_KS_TADP,,,,client_001,,,,,,,,,,,,,,,,,,,,,,,,,,,,,,,,,,,,,,,,CIPHERTEXT_BOUND_TO_SIGNED_UPDATE,,,,,,,,,,,,,,,,,C2_INTERNAL,2,,,,,,,,,,,,,aa74d7695f9e8bd89441ed8dea9f7ecb,,,,,,,,,,,,,,9,VERIFIED,,,,,True,,,,,False,HE0Tpejj77kDyvpvee6UFJEZ+yycGwJldHuEMQSaUH8=,b37d25e973af5d76c5e3502833d148ebf1b7f559cfd43ef5ec1b77e1e05d91c0,LVS6iX3xyk+AW89N8K7wd5i2P+GtpUmTpzID/3W7LU4=,348f72265f36d1503c3b3181e569c5d4621ae1dfbddfb037492afa0db311568a,VPjrqlneuYn6uJ6LNaEtSGMW4/Q1tuvds30r4YejG3E=,d2de0eecb364b6ad6dfd68c57fbb2b61edd7f408c047202d5ab95910a24e2627,T2: Modified-DF client encryption; Cloud multiplication/expansion and matrix-M KS after upload,reference_python,DFKS|d=25|lambda=10|m_prime_bits=80|m_bits=800|scale=1000000,df_client:client_001,,,,,,,,,9b0c4cead488af32beb0d10abf12fa7eb1c5d690d39e4b082328ba6126061476,,896fc10fd287dada7cecea6b57026329cdcdf57f58aea03d2df4b0181494ce7e,audit_trails/artifacts/ciphertext_attestations/T2_DF_KS_TADP_client_001_r9_30f7e1d765da76cf__896fc10fd287dada.json,,,,,,,,,,,,,,,0f7aa2878ce367f51c6bc0804047b9520fb31264eb40e30ae42baac5ad3f9fc9,cf211d6569fbf872ebbd087e551c5b076a9a2125f1fbdb04830ae0afb140d5e0,,
299,cf42787b88a6cad92c4b4f661ff92597,9009c28128737f7948fb54beb932f446c0ce27d5cbdefb4938dce83226ac7abd,2026-08-24T23:01:04.672549+00:00,TADP-SEC/14.0,CLIENT_ACCEPTED_SUBMISSION,T2_DF_KS_TADP,,,,client_001,,,,,,,,,,,2.3-phase1-fixed-threshold-critical-floor-review-profile,e910eb11d46f5a33a9f6a7d996c6c242f2a4caa089255874076d8ae12155dc94,2e5e1ea61ea1c71b07c235b309bb618daac98643cb3c0843acb266cd6b876512,cd72ec3b4911418e9899eae9aed63fa15aaf66633d0cb863f54d9ac8508d934e,833c0f503995ec3e68f8d11c30f392b1e756db044036faa02ce898eac71d1c91,VALIDATED_EVIDENCE_BUNDLE,,,,,,,,,,,,,,,,,,,,,,,,UPDATE_SUBMITTED_ENFORCED,,False,NOT_REQUIRED_AUTOMATED_POLICY,False,,,,,,,,,,,,,C2_INTERNAL,2,,,,,,,,6401d449cad49398af2f5e4da9bd6c0fbdde3a2a57f8a422907de7f0354cd145,71adf2c7741ed63f779fe8cebf9b4d1363fd18da1c5a49e39f32ec63cb8262f2,,,2026-08-25T22:32:04.883782+00:00,aa74d7695f9e8bd89441ed8dea9f7ecb,,,,,beca5a2faeb4324a455342aa30c9925a2c2b74aa747b0cddcc57a3e52c7d0f0d,09ce595490f3aae9b61d9835a452da1dd5ddf14a16d18f3688634bc0cfbcd4a3,,,2026-08-25T23:00:14.343209+00:00,75d46ecd684a2dc4b6a8e27daff7fed8db3fae5cae653b9ddb3099795df8cd6c,active,,,10,ACCEPTED,ALL_BASELINE_CONTROLS,,,,True,True,True,True,True,False,kwNOGwdIZGQnOGZYbafMxwAOeawSaeaLgbXyh0gofu8=,f3e30fcb23887339a91f13bf2bfcd84fc9293cb021c2a003f6f43666f96bf031,LVS6iX3xyk+AW89N8K7wd5i2P+GtpUmTpzID/3W7LU4=,4855a7d6df735c420bd9003aaf138e1114e8a79309ec4247056758edcdfbf4f4,xbz5OqH8BTxrrq+QFcTsU1neWcQArARbH++08x1hWz8=,d2de0eecb364b6ad6dfd68c57fbb2b61edd7f408c047202d5ab95910a24e2627,,,,,,,,,,,,,,,,,e1b0b7aa1a453fa7e4408bfb3fd90f72f3cc25260cba558d1efd88881e892924,audit_trails/artifacts/accepted_runtime_submissions/T2_DF_KS_TADP_client_001_r10_f3e30fcb23887339__e1b0b7aa1a453fa7.json,,,,,,,,,,,,,cf211d6569fbf872ebbd087e551c5b076a9a2125f1fbdb04830ae0afb140d5e0,265dd607bbe5ae3733af5a76770fac6e6ed61f417c0fcb0dffe6c49e89b1a2d3,,
300,a8782002b4fb6db64746ea3f961ffaea,9009c28128737f7948fb54beb932f446c0ce27d5cbdefb4938dce83226ac7abd,2026-08-24T23:01:04.697395+00:00,TADP-SEC/14.0,CLIENT_CIPHERTEXT_BINDING,T2_DF_KS_TADP,,,,client_001,,,,,,,,,,,,,,,,,,,,,,,,,,,,,,,,,,,,,,,,CIPHERTEXT_BOUND_TO_SIGNED_UPDATE,,,,,,,,,,,,,,,,,C2_INTERNAL,2,,,,,,,,,,,,,aa74d7695f9e8bd89441ed8dea9f7ecb,,,,,,,,,,,,,,10,VERIFIED,,,,,True,,,,,False,kwNOGwdIZGQnOGZYbafMxwAOeawSaeaLgbXyh0gofu8=,f3e30fcb23887339a91f13bf2bfcd84fc9293cb021c2a003f6f43666f96bf031,LVS6iX3xyk+AW89N8K7wd5i2P+GtpUmTpzID/3W7LU4=,7ed4bdcabed8872a1c8394658e28bdaebf709428c584d7de0e6fb77d9a2cbe61,xbz5OqH8BTxrrq+QFcTsU1neWcQArARbH++08x1hWz8=,d2de0eecb364b6ad6dfd68c57fbb2b61edd7f408c047202d5ab95910a24e2627,T2: Modified-DF client encryption; Cloud multiplication/expansion and matrix-M KS after upload,reference_python,DFKS|d=25|lambda=10|m_prime_bits=80|m_bits=800|scale=1000000,df_client:client_001,,,,,,,,,1ad3168b1096c99f993cfebc036fa03b2df8f63e36772821e3a9f6349106d1ee,,f1ca5c965600ee44c87f07cd0eecbefd62e57e0254cbf2b5eacb1441fa6d8a26,audit_trails/artifacts/ciphertext_attestations/T2_DF_KS_TADP_client_001_r10_626105ec9cd50c66__f1ca5c965600ee44.json,,,,,,,,,,,,,,,265dd607bbe5ae3733af5a76770fac6e6ed61f417c0fcb0dffe6c49e89b1a2d3,8342d97fe8e1a1d0942c34a358b2f1e9724d7a5d8343bb657853635aef91de4a,,
301,3d5bc381135ff09f13fa1bef944c68cc,9009c28128737f7948fb54beb932f446c0ce27d5cbdefb4938dce83226ac7abd,2026-08-24T23:01:09.523416+00:00,TADP-SEC/14.0,CLIENT_ACCEPTED_SUBMISSION,T2_DF_KS_TADP,,,,client_001,,,,,,,,,,,2.3-phase1-fixed-threshold-critical-floor-review-profile,e910eb11d46f5a33a9f6a7d996c6c242f2a4caa089255874076d8ae12155dc94,2e5e1ea61ea1c71b07c235b309bb618daac98643cb3c0843acb266cd6b876512,cd72ec3b4911418e9899eae9aed63fa15aaf66633d0cb863f54d9ac8508d934e,833c0f503995ec3e68f8d11c30f392b1e756db044036faa02ce898eac71d1c91,VALIDATED_EVIDENCE_BUNDLE,,,,,,,,,,,,,,,,,,,,,,,,UPDATE_SUBMITTED_ENFORCED,,False,NOT_REQUIRED_AUTOMATED_POLICY,False,,,,,,,,,,,,,C2_INTERNAL,2,,,,,,,,6401d449cad49398af2f5e4da9bd6c0fbdde3a2a57f8a422907de7f0354cd145,71adf2c7741ed63f779fe8cebf9b4d1363fd18da1c5a49e39f32ec63cb8262f2,,,2026-08-25T22:32:04.883782+00:00,aa74d7695f9e8bd89441ed8dea9f7ecb,,,,,beca5a2faeb4324a455342aa30c9925a2c2b74aa747b0cddcc57a3e52c7d0f0d,09ce595490f3aae9b61d9835a452da1dd5ddf14a16d18f3688634bc0cfbcd4a3,,,2026-08-25T23:00:14.343209+00:00,75d46ecd684a2dc4b6a8e27daff7fed8db3fae5cae653b9ddb3099795df8cd6c,active,,,11,ACCEPTED,ALL_BASELINE_CONTROLS,,,,True,True,True,True,True,False,v/EsOBLodJISj98y34gsuXorBwob7/ko6PButTHHL/s=,b938e7a1be3f1ffe131b7fc520044c4bfe147b619f27231316d6ebe9d5216556,LVS6iX3xyk+AW89N8K7wd5i2P+GtpUmTpzID/3W7LU4=,982273cf17e82f6602e0d78acf4d653895e70ef6cb9c25aa5dbe7b8323272321,v7cY2TQf9wMnxpMWJZ/qCdhnjqoM57NJdngjO7STb/Q=,d2de0eecb364b6ad6dfd68c57fbb2b61edd7f408c047202d5ab95910a24e2627,,,,,,,,,,,,,,,,,782eab20ba0e8e8c170611061aacee710eb416f2a2ee9fe21e8126328b28d56a,audit_trails/artifacts/accepted_runtime_submissions/T2_DF_KS_TADP_client_001_r11_b938e7a1be3f1ffe__782eab20ba0e8e8c.json,,,,,,,,,,,,,8342d97fe8e1a1d0942c34a358b2f1e9724d7a5d8343bb657853635aef91de4a,c1bbc27b594251956a6dcc8d86bdab76bbbdbe1efb8330b636fa7557d80a5082,,
302,65f70539f016cf334c4fa93c4961947d,9009c28128737f7948fb54beb932f446c0ce27d5cbdefb4938dce83226ac7abd,2026-08-24T23:01:09.549999+00:00,TADP-SEC/14.0,CLIENT_CIPHERTEXT_BINDING,T2_DF_KS_TADP,,,,client_001,,,,,,,,,,,,,,,,,,,,,,,,,,,,,,,,,,,,,,,,CIPHERTEXT_BOUND_TO_SIGNED_UPDATE,,,,,,,,,,,,,,,,,C2_INTERNAL,2,,,,,,,,,,,,,aa74d7695f9e8bd89441ed8dea9f7ecb,,,,,,,,,,,,,,11,VERIFIED,,,,,True,,,,,False,v/EsOBLodJISj98y34gsuXorBwob7/ko6PButTHHL/s=,b938e7a1be3f1ffe131b7fc520044c4bfe147b619f27231316d6ebe9d5216556,LVS6iX3xyk+AW89N8K7wd5i2P+GtpUmTpzID/3W7LU4=,449e7ff16c6c7f696dda172966263722e31095d3a7def435d2027530f0487526,v7cY2TQf9wMnxpMWJZ/qCdhnjqoM57NJdngjO7STb/Q=,d2de0eecb364b6ad6dfd68c57fbb2b61edd7f408c047202d5ab95910a24e2627,T2: Modified-DF client encryption; Cloud multiplication/expansion and matrix-M KS after upload,reference_python,DFKS|d=25|lambda=10|m_prime_bits=80|m_bits=800|scale=1000000,df_client:client_001,,,,,,,,,ef3255466243ff292d9d40c81780c5fd1a75aeff0a7351a3947cab7794775260,,b5e9461aad95dc62d45038abba164c655b3821b9453d4b5958398dd2ebfdef2e,audit_trails/artifacts/ciphertext_attestations/T2_DF_KS_TADP_client_001_r11_e35658ebe0e08b2b__b5e9461aad95dc62.json,,,,,,,,,,,,,,,c1bbc27b594251956a6dcc8d86bdab76bbbdbe1efb8330b636fa7557d80a5082,7da6b005b336be474859a15a6474ddae1e55b82676fb694d449aa5aba6c0a8a2,,
303,49cd1ac57db4bb323c4866bc915636ca,9009c28128737f7948fb54beb932f446c0ce27d5cbdefb4938dce83226ac7abd,2026-08-24T23:01:16.007937+00:00,TADP-SEC/14.0,CLIENT_ACCEPTED_SUBMISSION,T2_DF_KS_TADP,,,,client_001,,,,,,,,,,,2.3-phase1-fixed-threshold-critical-floor-review-profile,e910eb11d46f5a33a9f6a7d996c6c242f2a4caa089255874076d8ae12155dc94,2e5e1ea61ea1c71b07c235b309bb618daac98643cb3c0843acb266cd6b876512,cd72ec3b4911418e9899eae9aed63fa15aaf66633d0cb863f54d9ac8508d934e,833c0f503995ec3e68f8d11c30f392b1e756db044036faa02ce898eac71d1c91,VALIDATED_EVIDENCE_BUNDLE,,,,,,,,,,,,,,,,,,,,,,,,UPDATE_SUBMITTED_ENFORCED,,False,NOT_REQUIRED_AUTOMATED_POLICY,False,,,,,,,,,,,,,C2_INTERNAL,2,,,,,,,,6401d449cad49398af2f5e4da9bd6c0fbdde3a2a57f8a422907de7f0354cd145,71adf2c7741ed63f779fe8cebf9b4d1363fd18da1c5a49e39f32ec63cb8262f2,,,2026-08-25T22:32:04.883782+00:00,aa74d7695f9e8bd89441ed8dea9f7ecb,,,,,beca5a2faeb4324a455342aa30c9925a2c2b74aa747b0cddcc57a3e52c7d0f0d,09ce595490f3aae9b61d9835a452da1dd5ddf14a16d18f3688634bc0cfbcd4a3,,,2026-08-25T23:00:14.343209+00:00,75d46ecd684a2dc4b6a8e27daff7fed8db3fae5cae653b9ddb3099795df8cd6c,active,,,12,ACCEPTED,ALL_BASELINE_CONTROLS,,,,True,True,True,True,True,False,/TaP0hywsUI1GimG6HV7KsMYcX2ZccKSMwE/gthNBCg=,45ad1c4e0413853ade86ace1d6477ae52aa84a467d44291d7846d1353ec9314c,LVS6iX3xyk+AW89N8K7wd5i2P+GtpUmTpzID/3W7LU4=,82ddf62aa903ee7203fe43b0f667c2eeb5287bcb6354c0d8902b10faab60309a,uuHdehvinsqRGxIyoBnQ7r+S0VO5hY6qmYXZcxqPdX4=,d2de0eecb364b6ad6dfd68c57fbb2b61edd7f408c047202d5ab95910a24e2627,,,,,,,,,,,,,,,,,a5e87d3ac55155ac9f9a14d0c936d1651535b399e8e5f828e34898764390a84c,audit_trails/artifacts/accepted_runtime_submissions/T2_DF_KS_TADP_client_001_r12_45ad1c4e0413853a__a5e87d3ac55155ac.json,,,,,,,,,,,,,7da6b005b336be474859a15a6474ddae1e55b82676fb694d449aa5aba6c0a8a2,86ebceef33ff62c73e27c1f9c953e7fb36a0a2e397d472e2465816b5c3dcf693,,
304,eab1093f763656150f8f0c56a9bbf629,9009c28128737f7948fb54beb932f446c0ce27d5cbdefb4938dce83226ac7abd,2026-08-24T23:01:16.051826+00:00,TADP-SEC/14.0,CLIENT_CIPHERTEXT_BINDING,T2_DF_KS_TADP,,,,client_001,,,,,,,,,,,,,,,,,,,,,,,,,,,,,,,,,,,,,,,,CIPHERTEXT_BOUND_TO_SIGNED_UPDATE,,,,,,,,,,,,,,,,,C2_INTERNAL,2,,,,,,,,,,,,,aa74d7695f9e8bd89441ed8dea9f7ecb,,,,,,,,,,,,,,12,VERIFIED,,,,,True,,,,,False,/TaP0hywsUI1GimG6HV7KsMYcX2ZccKSMwE/gthNBCg=,45ad1c4e0413853ade86ace1d6477ae52aa84a467d44291d7846d1353ec9314c,LVS6iX3xyk+AW89N8K7wd5i2P+GtpUmTpzID/3W7LU4=,8d22281e4b72a444967aa2ac0e6b5053454d283baabc76353878165b16fe4671,uuHdehvinsqRGxIyoBnQ7r+S0VO5hY6qmYXZcxqPdX4=,d2de0eecb364b6ad6dfd68c57fbb2b61edd7f408c047202d5ab95910a24e2627,T2: Modified-DF client encryption; Cloud multiplication/expansion and matrix-M KS after upload,reference_python,DFKS|d=25|lambda=10|m_prime_bits=80|m_bits=800|scale=1000000,df_client:client_001,,,,,,,,,e4242c49fcdde34e3aec7815c53a685d1024418bc40dc503e23c4539ad7cd414,,4c86996b64fd56f7fd996159d9dab1631a97dd850067c6b3cd719d59022c9912,audit_trails/artifacts/ciphertext_attestations/T2_DF_KS_TADP_client_001_r12_a452ca0df697802e__4c86996b64fd56f7.json,,,,,,,,,,,,,,,86ebceef33ff62c73e27c1f9c953e7fb36a0a2e397d472e2465816b5c3dcf693,32966f9e5109322faff280f6311f6148697e79887d78595e895715fba4644fea,,
305,df4d8e95b85b26f56aacadbc594e821c,9009c28128737f7948fb54beb932f446c0ce27d5cbdefb4938dce83226ac7abd,2026-08-24T23:01:21.719101+00:00,TADP-SEC/14.0,CLIENT_ACCEPTED_SUBMISSION,T2_DF_KS_TADP,,,,client_001,,,,,,,,,,,2.3-phase1-fixed-threshold-critical-floor-review-profile,e910eb11d46f5a33a9f6a7d996c6c242f2a4caa089255874076d8ae12155dc94,2e5e1ea61ea1c71b07c235b309bb618daac98643cb3c0843acb266cd6b876512,cd72ec3b4911418e9899eae9aed63fa15aaf66633d0cb863f54d9ac8508d934e,833c0f503995ec3e68f8d11c30f392b1e756db044036faa02ce898eac71d1c91,VALIDATED_EVIDENCE_BUNDLE,,,,,,,,,,,,,,,,,,,,,,,,UPDATE_SUBMITTED_ENFORCED,,False,NOT_REQUIRED_AUTOMATED_POLICY,False,,,,,,,,,,,,,C2_INTERNAL,2,,,,,,,,6401d449cad49398af2f5e4da9bd6c0fbdde3a2a57f8a422907de7f0354cd145,71adf2c7741ed63f779fe8cebf9b4d1363fd18da1c5a49e39f32ec63cb8262f2,,,2026-08-25T22:32:04.883782+00:00,aa74d7695f9e8bd89441ed8dea9f7ecb,,,,,beca5a2faeb4324a455342aa30c9925a2c2b74aa747b0cddcc57a3e52c7d0f0d,09ce595490f3aae9b61d9835a452da1dd5ddf14a16d18f3688634bc0cfbcd4a3,,,2026-08-25T23:00:14.343209+00:00,75d46ecd684a2dc4b6a8e27daff7fed8db3fae5cae653b9ddb3099795df8cd6c,active,,,13,ACCEPTED,ALL_BASELINE_CONTROLS,,,,True,True,True,True,True,False,1aA1uJ5YxVU09V49g3Osbpu9sX2q7ZlwqMe4bYqtdYk=,2418ff930d6bcee7d292096dbc776dcb1187c8b06a79890f299f84eee69eb34a,LVS6iX3xyk+AW89N8K7wd5i2P+GtpUmTpzID/3W7LU4=,fe7cdef73a2379f4fe95c8fedcf17958680c0f0e157988fac03cb15a2b2aea6b,zVWXfYDycjbXspP6Mx4Wox6FsUQb5b0b5qJcbgAat3k=,d2de0eecb364b6ad6dfd68c57fbb2b61edd7f408c047202d5ab95910a24e2627,,,,,,,,,,,,,,,,,9f6aab5441b852a4f6b3a46850febda1f9361dbdace89aa608a80e0635be4551,audit_trails/artifacts/accepted_runtime_submissions/T2_DF_KS_TADP_client_001_r13_2418ff930d6bcee7__9f6aab5441b852a4.json,,,,,,,,,,,,,32966f9e5109322faff280f6311f6148697e79887d78595e895715fba4644fea,c4e3e09937cb0590a00fdb6f657036adb80ca18ff423f72474d9077cb02300b3,,
306,0e28e38fcfbf16b0acc03a318210205a,9009c28128737f7948fb54beb932f446c0ce27d5cbdefb4938dce83226ac7abd,2026-08-24T23:01:21.750208+00:00,TADP-SEC/14.0,CLIENT_CIPHERTEXT_BINDING,T2_DF_KS_TADP,,,,client_001,,,,,,,,,,,,,,,,,,,,,,,,,,,,,,,,,,,,,,,,CIPHERTEXT_BOUND_TO_SIGNED_UPDATE,,,,,,,,,,,,,,,,,C2_INTERNAL,2,,,,,,,,,,,,,aa74d7695f9e8bd89441ed8dea9f7ecb,,,,,,,,,,,,,,13,VERIFIED,,,,,True,,,,,False,1aA1uJ5YxVU09V49g3Osbpu9sX2q7ZlwqMe4bYqtdYk=,2418ff930d6bcee7d292096dbc776dcb1187c8b06a79890f299f84eee69eb34a,LVS6iX3xyk+AW89N8K7wd5i2P+GtpUmTpzID/3W7LU4=,c8f8d35607da5546dca9d5a9f65ef7dd3a52ab39f4966181f1e3d93164a0d2cd,zVWXfYDycjbXspP6Mx4Wox6FsUQb5b0b5qJcbgAat3k=,d2de0eecb364b6ad6dfd68c57fbb2b61edd7f408c047202d5ab95910a24e2627,T2: Modified-DF client encryption; Cloud multiplication/expansion and matrix-M KS after upload,reference_python,DFKS|d=25|lambda=10|m_prime_bits=80|m_bits=800|scale=1000000,df_client:client_001,,,,,,,,,20a56f314a89ace6dba16a7948b990e1586ede8b4f8052bb187fbf0fe4760740,,829438addebf86df8e839c2376df9407b5c79f97724de490bf9ddb1a30a1865e,audit_trails/artifacts/ciphertext_attestations/T2_DF_KS_TADP_client_001_r13_7a34d9efdfba72a4__829438addebf86df.json,,,,,,,,,,,,,,,c4e3e09937cb0590a00fdb6f657036adb80ca18ff423f72474d9077cb02300b3,75644179090ebdebe31eed70b189c06575bd2c898e99f95ecf7a4d664f5668d9,,
307,0d43c8b6a70f0f491f9c6e326bf614d0,9009c28128737f7948fb54beb932f446c0ce27d5cbdefb4938dce83226ac7abd,2026-08-24T23:01:26.865958+00:00,TADP-SEC/14.0,CLIENT_ACCEPTED_SUBMISSION,T2_DF_KS_TADP,,,,client_001,,,,,,,,,,,2.3-phase1-fixed-threshold-critical-floor-review-profile,e910eb11d46f5a33a9f6a7d996c6c242f2a4caa089255874076d8ae12155dc94,2e5e1ea61ea1c71b07c235b309bb618daac98643cb3c0843acb266cd6b876512,cd72ec3b4911418e9899eae9aed63fa15aaf66633d0cb863f54d9ac8508d934e,833c0f503995ec3e68f8d11c30f392b1e756db044036faa02ce898eac71d1c91,VALIDATED_EVIDENCE_BUNDLE,,,,,,,,,,,,,,,,,,,,,,,,UPDATE_SUBMITTED_ENFORCED,,False,NOT_REQUIRED_AUTOMATED_POLICY,False,,,,,,,,,,,,,C2_INTERNAL,2,,,,,,,,6401d449cad49398af2f5e4da9bd6c0fbdde3a2a57f8a422907de7f0354cd145,71adf2c7741ed63f779fe8cebf9b4d1363fd18da1c5a49e39f32ec63cb8262f2,,,2026-08-25T22:32:04.883782+00:00,aa74d7695f9e8bd89441ed8dea9f7ecb,,,,,beca5a2faeb4324a455342aa30c9925a2c2b74aa747b0cddcc57a3e52c7d0f0d,09ce595490f3aae9b61d9835a452da1dd5ddf14a16d18f3688634bc0cfbcd4a3,,,2026-08-25T23:00:14.343209+00:00,75d46ecd684a2dc4b6a8e27daff7fed8db3fae5cae653b9ddb3099795df8cd6c,active,,,14,ACCEPTED,ALL_BASELINE_CONTROLS,,,,True,True,True,True,True,False,WqlLG75kgO8x2cJW+HMXS8zuPFPC586MdJ38iSTe30A=,cea069753c423b9032065d0ef68296ec6e48931b2e8395ba7a3ee4501bb36d09,LVS6iX3xyk+AW89N8K7wd5i2P+GtpUmTpzID/3W7LU4=,a043ebc19dff257e55e9ff6636d799837e5297acc6d2353a73e5e774f68bb3e1,Ml2UeaT1qKbB0D0LUc8I6FnmQ1jkDU4tAQtCwHkws/g=,d2de0eecb364b6ad6dfd68c57fbb2b61edd7f408c047202d5ab95910a24e2627,,,,,,,,,,,,,,,,,346ced630523227455f8c2ef496b39a19268e77a3fb3915b26367116a43885a9,audit_trails/artifacts/accepted_runtime_submissions/T2_DF_KS_TADP_client_001_r14_cea069753c423b90__346ced6305232274.json,,,,,,,,,,,,,75644179090ebdebe31eed70b189c06575bd2c898e99f95ecf7a4d664f5668d9,bc0340c7c18b4ae66d302a19007e7ae31944c9dd84bdd711d26b0538a1df96d6,,
308,b732bc49c28b5623a1ec8e28be0a6987,9009c28128737f7948fb54beb932f446c0ce27d5cbdefb4938dce83226ac7abd,2026-08-24T23:01:26.903446+00:00,TADP-SEC/14.0,CLIENT_CIPHERTEXT_BINDING,T2_DF_KS_TADP,,,,client_001,,,,,,,,,,,,,,,,,,,,,,,,,,,,,,,,,,,,,,,,CIPHERTEXT_BOUND_TO_SIGNED_UPDATE,,,,,,,,,,,,,,,,,C2_INTERNAL,2,,,,,,,,,,,,,aa74d7695f9e8bd89441ed8dea9f7ecb,,,,,,,,,,,,,,14,VERIFIED,,,,,True,,,,,False,WqlLG75kgO8x2cJW+HMXS8zuPFPC586MdJ38iSTe30A=,cea069753c423b9032065d0ef68296ec6e48931b2e8395ba7a3ee4501bb36d09,LVS6iX3xyk+AW89N8K7wd5i2P+GtpUmTpzID/3W7LU4=,b2b658d33cf1c842e36b81be9f6bb2469a5c6d58c4077328b4bf8ece807e5421,Ml2UeaT1qKbB0D0LUc8I6FnmQ1jkDU4tAQtCwHkws/g=,d2de0eecb364b6ad6dfd68c57fbb2b61edd7f408c047202d5ab95910a24e2627,T2: Modified-DF client encryption; Cloud multiplication/expansion and matrix-M KS after upload,reference_python,DFKS|d=25|lambda=10|m_prime_bits=80|m_bits=800|scale=1000000,df_client:client_001,,,,,,,,,5b441141c6c699b946061c333dd391fc2d5f1cfd297ac235830c47681ad7f56b,,f00b297bec9f2566cc827b0b4781b885f1e38a6d8f87efdd68d6fc703676032e,audit_trails/artifacts/ciphertext_attestations/T2_DF_KS_TADP_client_001_r14_b8828c0e8872a22b__f00b297bec9f2566.json,,,,,,,,,,,,,,,bc0340c7c18b4ae66d302a19007e7ae31944c9dd84bdd711d26b0538a1df96d6,fd6d0e933672c4ec6505acd485ff94dadfc413099740ef1e92ed9c0441553f18,,
309,2b3e136e7c186e797b25a9a06a77a085,9009c28128737f7948fb54beb932f446c0ce27d5cbdefb4938dce83226ac7abd,2026-08-24T23:01:32.733503+00:00,TADP-SEC/14.0,CLIENT_ACCEPTED_SUBMISSION,T2_DF_KS_TADP,,,,client_001,,,,,,,,,,,2.3-phase1-fixed-threshold-critical-floor-review-profile,e910eb11d46f5a33a9f6a7d996c6c242f2a4caa089255874076d8ae12155dc94,2e5e1ea61ea1c71b07c235b309bb618daac98643cb3c0843acb266cd6b876512,cd72ec3b4911418e9899eae9aed63fa15aaf66633d0cb863f54d9ac8508d934e,833c0f503995ec3e68f8d11c30f392b1e756db044036faa02ce898eac71d1c91,VALIDATED_EVIDENCE_BUNDLE,,,,,,,,,,,,,,,,,,,,,,,,UPDATE_SUBMITTED_ENFORCED,,False,NOT_REQUIRED_AUTOMATED_POLICY,False,,,,,,,,,,,,,C2_INTERNAL,2,,,,,,,,6401d449cad49398af2f5e4da9bd6c0fbdde3a2a57f8a422907de7f0354cd145,71adf2c7741ed63f779fe8cebf9b4d1363fd18da1c5a49e39f32ec63cb8262f2,,,2026-08-25T22:32:04.883782+00:00,aa74d7695f9e8bd89441ed8dea9f7ecb,,,,,beca5a2faeb4324a455342aa30c9925a2c2b74aa747b0cddcc57a3e52c7d0f0d,09ce595490f3aae9b61d9835a452da1dd5ddf14a16d18f3688634bc0cfbcd4a3,,,2026-08-25T23:00:14.343209+00:00,75d46ecd684a2dc4b6a8e27daff7fed8db3fae5cae653b9ddb3099795df8cd6c,active,,,15,ACCEPTED,ALL_BASELINE_CONTROLS,,,,True,True,True,True,True,False,YxPr3xmHga/m9rq1UUiHexQOuJrB8U9gdVd8LG0136Y=,7fc70daa71e0c976e82ff56ff6256d72736f56d378f325c387ee3b2136886344,LVS6iX3xyk+AW89N8K7wd5i2P+GtpUmTpzID/3W7LU4=,d6e59cefaa0baccf9a0a9e894dae60e57b50003d8154ffd1a0ea7e591d46aab8,Y8BEZlWDke1p3NcJ5gdtErJFspfELWLkeY2OfcJPn5A=,d2de0eecb364b6ad6dfd68c57fbb2b61edd7f408c047202d5ab95910a24e2627,,,,,,,,,,,,,,,,,9f2cabd750f4ed6bb6734d5279c63cd99afa15b95b6df7704c30425c843c7620,audit_trails/artifacts/accepted_runtime_submissions/T2_DF_KS_TADP_client_001_r15_7fc70daa71e0c976__9f2cabd750f4ed6b.json,,,,,,,,,,,,,fd6d0e933672c4ec6505acd485ff94dadfc413099740ef1e92ed9c0441553f18,0fac0721ac476e639a799d0cd5be18d9a58bebb3ca41393e33fa61e4d2353f67,,
310,82f7dd952d13a3982e8373c830935cc2,9009c28128737f7948fb54beb932f446c0ce27d5cbdefb4938dce83226ac7abd,2026-08-24T23:01:32.760721+00:00,TADP-SEC/14.0,CLIENT_CIPHERTEXT_BINDING,T2_DF_KS_TADP,,,,client_001,,,,,,,,,,,,,,,,,,,,,,,,,,,,,,,,,,,,,,,,CIPHERTEXT_BOUND_TO_SIGNED_UPDATE,,,,,,,,,,,,,,,,,C2_INTERNAL,2,,,,,,,,,,,,,aa74d7695f9e8bd89441ed8dea9f7ecb,,,,,,,,,,,,,,15,VERIFIED,,,,,True,,,,,False,YxPr3xmHga/m9rq1UUiHexQOuJrB8U9gdVd8LG0136Y=,7fc70daa71e0c976e82ff56ff6256d72736f56d378f325c387ee3b2136886344,LVS6iX3xyk+AW89N8K7wd5i2P+GtpUmTpzID/3W7LU4=,0cf7b02be86e64e53e0b0f707196ab51480c77d7b7df146009ceeae437184148,Y8BEZlWDke1p3NcJ5gdtErJFspfELWLkeY2OfcJPn5A=,d2de0eecb364b6ad6dfd68c57fbb2b61edd7f408c047202d5ab95910a24e2627,T2: Modified-DF client encryption; Cloud multiplication/expansion and matrix-M KS after upload,reference_python,DFKS|d=25|lambda=10|m_prime_bits=80|m_bits=800|scale=1000000,df_client:client_001,,,,,,,,,c62e4683920865768f91ad9f983d36bd9111f2497ed3f666ef2c93f338de7016,,c7caab7e9de23e73af8089c7175c67d80254305598eb2be1c8625709e930ad1d,audit_trails/artifacts/ciphertext_attestations/T2_DF_KS_TADP_client_001_r15_92bfe8ef127d82ce__c7caab7e9de23e73.json,,,,,,,,,,,,,,,0fac0721ac476e639a799d0cd5be18d9a58bebb3ca41393e33fa61e4d2353f67,11b775d54107870fc6cc7dabbf02b7e13103de99877b2079948018dab3f4e215,,
311,980be3f0a2a34921030d5873d8d0388c,9009c28128737f7948fb54beb932f446c0ce27d5cbdefb4938dce83226ac7abd,2026-08-24T23:01:37.511478+00:00,TADP-SEC/14.0,CLIENT_ACCEPTED_SUBMISSION,T2_DF_KS_TADP,,,,client_001,,,,,,,,,,,2.3-phase1-fixed-threshold-critical-floor-review-profile,e910eb11d46f5a33a9f6a7d996c6c242f2a4caa089255874076d8ae12155dc94,2e5e1ea61ea1c71b07c235b309bb618daac98643cb3c0843acb266cd6b876512,cd72ec3b4911418e9899eae9aed63fa15aaf66633d0cb863f54d9ac8508d934e,833c0f503995ec3e68f8d11c30f392b1e756db044036faa02ce898eac71d1c91,VALIDATED_EVIDENCE_BUNDLE,,,,,,,,,,,,,,,,,,,,,,,,UPDATE_SUBMITTED_ENFORCED,,False,NOT_REQUIRED_AUTOMATED_POLICY,False,,,,,,,,,,,,,C2_INTERNAL,2,,,,,,,,6401d449cad49398af2f5e4da9bd6c0fbdde3a2a57f8a422907de7f0354cd145,71adf2c7741ed63f779fe8cebf9b4d1363fd18da1c5a49e39f32ec63cb8262f2,,,2026-08-25T22:32:04.883782+00:00,aa74d7695f9e8bd89441ed8dea9f7ecb,,,,,beca5a2faeb4324a455342aa30c9925a2c2b74aa747b0cddcc57a3e52c7d0f0d,09ce595490f3aae9b61d9835a452da1dd5ddf14a16d18f3688634bc0cfbcd4a3,,,2026-08-25T23:00:14.343209+00:00,75d46ecd684a2dc4b6a8e27daff7fed8db3fae5cae653b9ddb3099795df8cd6c,active,,,16,ACCEPTED,ALL_BASELINE_CONTROLS,,,,True,True,True,True,True,False,/lC1yCYSOsosiSXG78NYZtib/mT33hC/g9e96r3Nv0c=,5711e30b2c0475645b08c71251488182b53ebc52f0d30f300de89d33b75351ac,LVS6iX3xyk+AW89N8K7wd5i2P+GtpUmTpzID/3W7LU4=,92889d4842825343c01d431ccffe13083061155594ed5dc8e5a978660ccd98a5,XQs39+cMvRSix32a1X65dpi3yuJEI7+d87kEnIbfUbk=,d2de0eecb364b6ad6dfd68c57fbb2b61edd7f408c047202d5ab95910a24e2627,,,,,,,,,,,,,,,,,fb31e6fde3d5ee920f6e5af808484bb5ef097f175488734a2f1030d5615bc234,audit_trails/artifacts/accepted_runtime_submissions/T2_DF_KS_TADP_client_001_r16_5711e30b2c047564__fb31e6fde3d5ee92.json,,,,,,,,,,,,,11b775d54107870fc6cc7dabbf02b7e13103de99877b2079948018dab3f4e215,eedd9a15fab13a288b354317f8b9243623e65f1d02ca0f813e030e17dfc09008,,
312,e7a601432bbfd9f366c135bfb26ed5ce,9009c28128737f7948fb54beb932f446c0ce27d5cbdefb4938dce83226ac7abd,2026-08-24T23:01:37.541237+00:00,TADP-SEC/14.0,CLIENT_CIPHERTEXT_BINDING,T2_DF_KS_TADP,,,,client_001,,,,,,,,,,,,,,,,,,,,,,,,,,,,,,,,,,,,,,,,CIPHERTEXT_BOUND_TO_SIGNED_UPDATE,,,,,,,,,,,,,,,,,C2_INTERNAL,2,,,,,,,,,,,,,aa74d7695f9e8bd89441ed8dea9f7ecb,,,,,,,,,,,,,,16,VERIFIED,,,,,True,,,,,False,/lC1yCYSOsosiSXG78NYZtib/mT33hC/g9e96r3Nv0c=,5711e30b2c0475645b08c71251488182b53ebc52f0d30f300de89d33b75351ac,LVS6iX3xyk+AW89N8K7wd5i2P+GtpUmTpzID/3W7LU4=,66c878195ea9ef88bb417b7e8fa9b11b5c388420d297bbaa7b17d68ddda4ee99,XQs39+cMvRSix32a1X65dpi3yuJEI7+d87kEnIbfUbk=,d2de0eecb364b6ad6dfd68c57fbb2b61edd7f408c047202d5ab95910a24e2627,T2: Modified-DF client encryption; Cloud multiplication/expansion and matrix-M KS after upload,reference_python,DFKS|d=25|lambda=10|m_prime_bits=80|m_bits=800|scale=1000000,df_client:client_001,,,,,,,,,d2ca116f98c18123f2acb96e8851dd2cd86e893058f829ff68d9f2f7c360c306,,ffbbf1b9af7aefa49e24ae941a5cf54e7ea67eb402074b6ff974f6d8a3424abf,audit_trails/artifacts/ciphertext_attestations/T2_DF_KS_TADP_client_001_r16_2dd084c0182c5308__ffbbf1b9af7aefa4.json,,,,,,,,,,,,,,,eedd9a15fab13a288b354317f8b9243623e65f1d02ca0f813e030e17dfc09008,df2b6ec0fe543057a78b304446fa6732c2711ed00dbdd86b4da43b17d4c9b763,,
313,9274c7a64a045e8fe34da88b29c19a30,9009c28128737f7948fb54beb932f446c0ce27d5cbdefb4938dce83226ac7abd,2026-08-24T23:01:43.873172+00:00,TADP-SEC/14.0,CLIENT_ACCEPTED_SUBMISSION,T2_DF_KS_TADP,,,,client_001,,,,,,,,,,,2.3-phase1-fixed-threshold-critical-floor-review-profile,e910eb11d46f5a33a9f6a7d996c6c242f2a4caa089255874076d8ae12155dc94,2e5e1ea61ea1c71b07c235b309bb618daac98643cb3c0843acb266cd6b876512,cd72ec3b4911418e9899eae9aed63fa15aaf66633d0cb863f54d9ac8508d934e,833c0f503995ec3e68f8d11c30f392b1e756db044036faa02ce898eac71d1c91,VALIDATED_EVIDENCE_BUNDLE,,,,,,,,,,,,,,,,,,,,,,,,UPDATE_SUBMITTED_ENFORCED,,False,NOT_REQUIRED_AUTOMATED_POLICY,False,,,,,,,,,,,,,C2_INTERNAL,2,,,,,,,,6401d449cad49398af2f5e4da9bd6c0fbdde3a2a57f8a422907de7f0354cd145,71adf2c7741ed63f779fe8cebf9b4d1363fd18da1c5a49e39f32ec63cb8262f2,,,2026-08-25T22:32:04.883782+00:00,aa74d7695f9e8bd89441ed8dea9f7ecb,,,,,beca5a2faeb4324a455342aa30c9925a2c2b74aa747b0cddcc57a3e52c7d0f0d,09ce595490f3aae9b61d9835a452da1dd5ddf14a16d18f3688634bc0cfbcd4a3,,,2026-08-25T23:00:14.343209+00:00,75d46ecd684a2dc4b6a8e27daff7fed8db3fae5cae653b9ddb3099795df8cd6c,active,,,17,ACCEPTED,ALL_BASELINE_CONTROLS,,,,True,True,True,True,True,False,y5VUvo+mL1UvtsCk+YKVi0kvBaABsrRh9PeBu43Tnp8=,bd51d9b452954f0073b4bb7190d2277e4e8b3f5bfff8ebd51d2b0524c7431fa9,LVS6iX3xyk+AW89N8K7wd5i2P+GtpUmTpzID/3W7LU4=,d9730a661198c239e2763a43733db5399c7f3ee1d614eae0c8211334b16f580d,lwpPjZ8/AfCQq/Ox5R0eRejZ5e2gClDB8qQxA0O+adU=,d2de0eecb364b6ad6dfd68c57fbb2b61edd7f408c047202d5ab95910a24e2627,,,,,,,,,,,,,,,,,822c0e1b42398b2cd03cd9250e1d03a8c1ec787a9103988b6ee8187882c6014a,audit_trails/artifacts/accepted_runtime_submissions/T2_DF_KS_TADP_client_001_r17_bd51d9b452954f00__822c0e1b42398b2c.json,,,,,,,,,,,,,df2b6ec0fe543057a78b304446fa6732c2711ed00dbdd86b4da43b17d4c9b763,c2b4b1bba9628b7768ea9f7b58f99fc5f97bdff982da5926b788859aaf15ae66,,
314,06e2e1b6136dda8b679909e177257e99,9009c28128737f7948fb54beb932f446c0ce27d5cbdefb4938dce83226ac7abd,2026-08-24T23:01:43.901927+00:00,TADP-SEC/14.0,CLIENT_CIPHERTEXT_BINDING,T2_DF_KS_TADP,,,,client_001,,,,,,,,,,,,,,,,,,,,,,,,,,,,,,,,,,,,,,,,CIPHERTEXT_BOUND_TO_SIGNED_UPDATE,,,,,,,,,,,,,,,,,C2_INTERNAL,2,,,,,,,,,,,,,aa74d7695f9e8bd89441ed8dea9f7ecb,,,,,,,,,,,,,,17,VERIFIED,,,,,True,,,,,False,y5VUvo+mL1UvtsCk+YKVi0kvBaABsrRh9PeBu43Tnp8=,bd51d9b452954f0073b4bb7190d2277e4e8b3f5bfff8ebd51d2b0524c7431fa9,LVS6iX3xyk+AW89N8K7wd5i2P+GtpUmTpzID/3W7LU4=,688438d9c02ee062ea0b12f1b41c814789ab5926701083a0d81c8b002385e389,lwpPjZ8/AfCQq/Ox5R0eRejZ5e2gClDB8qQxA0O+adU=,d2de0eecb364b6ad6dfd68c57fbb2b61edd7f408c047202d5ab95910a24e2627,T2: Modified-DF client encryption; Cloud multiplication/expansion and matrix-M KS after upload,reference_python,DFKS|d=25|lambda=10|m_prime_bits=80|m_bits=800|scale=1000000,df_client:client_001,,,,,,,,,9c316dab448c62251037afaaf2f7f24a4682dd9e331f4863f53e18e15b44e227,,10236db1edbc22ea89cb8b7525226f020fccb727208f847b32dd4bbb9acb8c22,audit_trails/artifacts/ciphertext_attestations/T2_DF_KS_TADP_client_001_r17_58188833e9fc1f41__10236db1edbc22ea.json,,,,,,,,,,,,,,,c2b4b1bba9628b7768ea9f7b58f99fc5f97bdff982da5926b788859aaf15ae66,36286186465310c9f96f3fa43bfb463a2833f34c30158e1d584c14af8eba00d6,,
315,54aee615b8b279859840a1186a712223,9009c28128737f7948fb54beb932f446c0ce27d5cbdefb4938dce83226ac7abd,2026-08-24T23:01:48.723335+00:00,TADP-SEC/14.0,CLIENT_ACCEPTED_SUBMISSION,T2_DF_KS_TADP,,,,client_001,,,,,,,,,,,2.3-phase1-fixed-threshold-critical-floor-review-profile,e910eb11d46f5a33a9f6a7d996c6c242f2a4caa089255874076d8ae12155dc94,2e5e1ea61ea1c71b07c235b309bb618daac98643cb3c0843acb266cd6b876512,cd72ec3b4911418e9899eae9aed63fa15aaf66633d0cb863f54d9ac8508d934e,833c0f503995ec3e68f8d11c30f392b1e756db044036faa02ce898eac71d1c91,VALIDATED_EVIDENCE_BUNDLE,,,,,,,,,,,,,,,,,,,,,,,,UPDATE_SUBMITTED_ENFORCED,,False,NOT_REQUIRED_AUTOMATED_POLICY,False,,,,,,,,,,,,,C2_INTERNAL,2,,,,,,,,6401d449cad49398af2f5e4da9bd6c0fbdde3a2a57f8a422907de7f0354cd145,71adf2c7741ed63f779fe8cebf9b4d1363fd18da1c5a49e39f32ec63cb8262f2,,,2026-08-25T22:32:04.883782+00:00,aa74d7695f9e8bd89441ed8dea9f7ecb,,,,,beca5a2faeb4324a455342aa30c9925a2c2b74aa747b0cddcc57a3e52c7d0f0d,09ce595490f3aae9b61d9835a452da1dd5ddf14a16d18f3688634bc0cfbcd4a3,,,2026-08-25T23:00:14.343209+00:00,75d46ecd684a2dc4b6a8e27daff7fed8db3fae5cae653b9ddb3099795df8cd6c,active,,,18,ACCEPTED,ALL_BASELINE_CONTROLS,,,,True,True,True,True,True,False,NV4nVRYoqrleDIAJEwBX5lE0u3xKow1rcS80Q+cqbQ0=,c9e9278b4ad1d2ebf4b148f2c6d621b0e72a04750951f2ea355b9ce836db18d8,LVS6iX3xyk+AW89N8K7wd5i2P+GtpUmTpzID/3W7LU4=,49992b3faee0e25ebab8094eee765773d20bbc99ee4736efb855e18becaeed47,1AdTh5PnAoyK9Ro+ovbN2nFxGESFQqH1zPpTVIDtUEA=,d2de0eecb364b6ad6dfd68c57fbb2b61edd7f408c047202d5ab95910a24e2627,,,,,,,,,,,,,,,,,a917a55420a1359e59763c261d1b4a7451d58429a209916e72b2813b70f1ba1a,audit_trails/artifacts/accepted_runtime_submissions/T2_DF_KS_TADP_client_001_r18_c9e9278b4ad1d2eb__a917a55420a1359e.json,,,,,,,,,,,,,36286186465310c9f96f3fa43bfb463a2833f34c30158e1d584c14af8eba00d6,3960dc35ef5176182a9e2ecf88333db566bdbd891bcc77f2154fc76afa8b7b9a,,
316,f19d0ec53bf6da675a15750350c528ee,9009c28128737f7948fb54beb932f446c0ce27d5cbdefb4938dce83226ac7abd,2026-08-24T23:01:48.752856+00:00,TADP-SEC/14.0,CLIENT_CIPHERTEXT_BINDING,T2_DF_KS_TADP,,,,client_001,,,,,,,,,,,,,,,,,,,,,,,,,,,,,,,,,,,,,,,,CIPHERTEXT_BOUND_TO_SIGNED_UPDATE,,,,,,,,,,,,,,,,,C2_INTERNAL,2,,,,,,,,,,,,,aa74d7695f9e8bd89441ed8dea9f7ecb,,,,,,,,,,,,,,18,VERIFIED,,,,,True,,,,,False,NV4nVRYoqrleDIAJEwBX5lE0u3xKow1rcS80Q+cqbQ0=,c9e9278b4ad1d2ebf4b148f2c6d621b0e72a04750951f2ea355b9ce836db18d8,LVS6iX3xyk+AW89N8K7wd5i2P+GtpUmTpzID/3W7LU4=,0afe317cd0366f2a70823198681a28f30bae94ca30f71ddb505ebee9484428eb,1AdTh5PnAoyK9Ro+ovbN2nFxGESFQqH1zPpTVIDtUEA=,d2de0eecb364b6ad6dfd68c57fbb2b61edd7f408c047202d5ab95910a24e2627,T2: Modified-DF client encryption; Cloud multiplication/expansion and matrix-M KS after upload,reference_python,DFKS|d=25|lambda=10|m_prime_bits=80|m_bits=800|scale=1000000,df_client:client_001,,,,,,,,,0f6454bf65cd9693c03e1ba0c85463dc855ec665f328c94f2452d77ff8db5f48,,d2605e57a5b049dbe894f7623285e6b750489680a00d063c9783eff0273f67a7,audit_trails/artifacts/ciphertext_attestations/T2_DF_KS_TADP_client_001_r18_9b57d97c3daed406__d2605e57a5b049db.json,,,,,,,,,,,,,,,3960dc35ef5176182a9e2ecf88333db566bdbd891bcc77f2154fc76afa8b7b9a,868da7ea26979b1b18de78404e0e572615d35a81aac6bca3b092d6c42bf461a1,,
317,4e7f9bcf7305816f946044be398fee8b,9009c28128737f7948fb54beb932f446c0ce27d5cbdefb4938dce83226ac7abd,2026-08-24T23:01:53.638103+00:00,TADP-SEC/14.0,CLIENT_ACCEPTED_SUBMISSION,T2_DF_KS_TADP,,,,client_001,,,,,,,,,,,2.3-phase1-fixed-threshold-critical-floor-review-profile,e910eb11d46f5a33a9f6a7d996c6c242f2a4caa089255874076d8ae12155dc94,2e5e1ea61ea1c71b07c235b309bb618daac98643cb3c0843acb266cd6b876512,cd72ec3b4911418e9899eae9aed63fa15aaf66633d0cb863f54d9ac8508d934e,833c0f503995ec3e68f8d11c30f392b1e756db044036faa02ce898eac71d1c91,VALIDATED_EVIDENCE_BUNDLE,,,,,,,,,,,,,,,,,,,,,,,,UPDATE_SUBMITTED_ENFORCED,,False,NOT_REQUIRED_AUTOMATED_POLICY,False,,,,,,,,,,,,,C2_INTERNAL,2,,,,,,,,6401d449cad49398af2f5e4da9bd6c0fbdde3a2a57f8a422907de7f0354cd145,71adf2c7741ed63f779fe8cebf9b4d1363fd18da1c5a49e39f32ec63cb8262f2,,,2026-08-25T22:32:04.883782+00:00,aa74d7695f9e8bd89441ed8dea9f7ecb,,,,,beca5a2faeb4324a455342aa30c9925a2c2b74aa747b0cddcc57a3e52c7d0f0d,09ce595490f3aae9b61d9835a452da1dd5ddf14a16d18f3688634bc0cfbcd4a3,,,2026-08-25T23:00:14.343209+00:00,75d46ecd684a2dc4b6a8e27daff7fed8db3fae5cae653b9ddb3099795df8cd6c,active,,,19,ACCEPTED,ALL_BASELINE_CONTROLS,,,,True,True,True,True,True,False,gAzCspzX1bxMapm+cwDCImxRqFjvdJ9dp2OqNJAGH88=,7ceb0a1fc6316534a2dc27919128557f5fdf92f23b46cadfefc148df9bc303a7,LVS6iX3xyk+AW89N8K7wd5i2P+GtpUmTpzID/3W7LU4=,aded4c323cc27644d73a6e8f42d386110b7e65cf925f4a7533a4cdec670fd8ef,Hv9tNBg+K+qtjzN3wMo3CMkjsmXyyjBu0PiXdSp+oR0=,d2de0eecb364b6ad6dfd68c57fbb2b61edd7f408c047202d5ab95910a24e2627,,,,,,,,,,,,,,,,,bf76abcd4f12f87a803a6ee9279ad98777675bd11abf90e358950545d1358145,audit_trails/artifacts/accepted_runtime_submissions/T2_DF_KS_TADP_client_001_r19_7ceb0a1fc6316534__bf76abcd4f12f87a.json,,,,,,,,,,,,,868da7ea26979b1b18de78404e0e572615d35a81aac6bca3b092d6c42bf461a1,1a307081fd919124a464b95297b0875280c78ec4ee0d591199a9c28e86317215,,
318,7d3803baf90c9e94448c655d148cfeae,9009c28128737f7948fb54beb932f446c0ce27d5cbdefb4938dce83226ac7abd,2026-08-24T23:01:53.684813+00:00,TADP-SEC/14.0,CLIENT_CIPHERTEXT_BINDING,T2_DF_KS_TADP,,,,client_001,,,,,,,,,,,,,,,,,,,,,,,,,,,,,,,,,,,,,,,,CIPHERTEXT_BOUND_TO_SIGNED_UPDATE,,,,,,,,,,,,,,,,,C2_INTERNAL,2,,,,,,,,,,,,,aa74d7695f9e8bd89441ed8dea9f7ecb,,,,,,,,,,,,,,19,VERIFIED,,,,,True,,,,,False,gAzCspzX1bxMapm+cwDCImxRqFjvdJ9dp2OqNJAGH88=,7ceb0a1fc6316534a2dc27919128557f5fdf92f23b46cadfefc148df9bc303a7,LVS6iX3xyk+AW89N8K7wd5i2P+GtpUmTpzID/3W7LU4=,9ed37bb50000bd48dd984458b2b45574b0a02f4776b7cde31eab6523255fef7f,Hv9tNBg+K+qtjzN3wMo3CMkjsmXyyjBu0PiXdSp+oR0=,d2de0eecb364b6ad6dfd68c57fbb2b61edd7f408c047202d5ab95910a24e2627,T2: Modified-DF client encryption; Cloud multiplication/expansion and matrix-M KS after upload,reference_python,DFKS|d=25|lambda=10|m_prime_bits=80|m_bits=800|scale=1000000,df_client:client_001,,,,,,,,,c0f010d4f6966e0db50e11d01125d2de38f5d8bee5e64efe78e87432f84c8bcf,,61866b8dee15dec43769b4ea72f8a4f6c552001146543c1b6ad8fd85c310e6a7,audit_trails/artifacts/ciphertext_attestations/T2_DF_KS_TADP_client_001_r19_31cbd7465fa1bbc5__61866b8dee15dec4.json,,,,,,,,,,,,,,,1a307081fd919124a464b95297b0875280c78ec4ee0d591199a9c28e86317215,ce0c6564ad14cac8d0b99f9b4ed24fe3ed85dcc6976cfe2d973e68105cbb8f3d,,
319,6a749830fbf7127932800bd556b82a7b,9009c28128737f7948fb54beb932f446c0ce27d5cbdefb4938dce83226ac7abd,2026-08-24T23:01:59.629087+00:00,TADP-SEC/14.0,CLIENT_ACCEPTED_SUBMISSION,T2_DF_KS_TADP,,,,client_001,,,,,,,,,,,2.3-phase1-fixed-threshold-critical-floor-review-profile,e910eb11d46f5a33a9f6a7d996c6c242f2a4caa089255874076d8ae12155dc94,2e5e1ea61ea1c71b07c235b309bb618daac98643cb3c0843acb266cd6b876512,cd72ec3b4911418e9899eae9aed63fa15aaf66633d0cb863f54d9ac8508d934e,833c0f503995ec3e68f8d11c30f392b1e756db044036faa02ce898eac71d1c91,VALIDATED_EVIDENCE_BUNDLE,,,,,,,,,,,,,,,,,,,,,,,,UPDATE_SUBMITTED_ENFORCED,,False,NOT_REQUIRED_AUTOMATED_POLICY,False,,,,,,,,,,,,,C2_INTERNAL,2,,,,,,,,6401d449cad49398af2f5e4da9bd6c0fbdde3a2a57f8a422907de7f0354cd145,71adf2c7741ed63f779fe8cebf9b4d1363fd18da1c5a49e39f32ec63cb8262f2,,,2026-08-25T22:32:04.883782+00:00,aa74d7695f9e8bd89441ed8dea9f7ecb,,,,,beca5a2faeb4324a455342aa30c9925a2c2b74aa747b0cddcc57a3e52c7d0f0d,09ce595490f3aae9b61d9835a452da1dd5ddf14a16d18f3688634bc0cfbcd4a3,,,2026-08-25T23:00:14.343209+00:00,75d46ecd684a2dc4b6a8e27daff7fed8db3fae5cae653b9ddb3099795df8cd6c,active,,,20,ACCEPTED,ALL_BASELINE_CONTROLS,,,,True,True,True,True,True,False,+YQtdOT5HKpCvYwQEaPI06ZcIaPx2NZDWKLIghpEw3A=,c348e53bfba31c0dfac79b77c4477e8cd069546f94ed90aab39c96c43ab6bf42,LVS6iX3xyk+AW89N8K7wd5i2P+GtpUmTpzID/3W7LU4=,cf5d43fe733798f2abfc450b11f3bf0ae3f16c97efbff05f275b636876e9913b,/wXPGzBNDdPePQwQYgJ7hf7ZK4OHRvh0YxgmuWbOSY4=,d2de0eecb364b6ad6dfd68c57fbb2b61edd7f408c047202d5ab95910a24e2627,,,,,,,,,,,,,,,,,d76c6117a33afbd61f4e86a27ba3ed039912db723c33ce2cd0fa584b41c2f3cf,audit_trails/artifacts/accepted_runtime_submissions/T2_DF_KS_TADP_client_001_r20_c348e53bfba31c0d__d76c6117a33afbd6.json,,,,,,,,,,,,,ce0c6564ad14cac8d0b99f9b4ed24fe3ed85dcc6976cfe2d973e68105cbb8f3d,bface291ed21aa27957221919e33de263baeb07e0c1b4ea57f52423bacbfccc8,,
320,ea70fb1fda26f1a66f8c47fe6ecba945,9009c28128737f7948fb54beb932f446c0ce27d5cbdefb4938dce83226ac7abd,2026-08-24T23:01:59.658767+00:00,TADP-SEC/14.0,CLIENT_CIPHERTEXT_BINDING,T2_DF_KS_TADP,,,,client_001,,,,,,,,,,,,,,,,,,,,,,,,,,,,,,,,,,,,,,,,CIPHERTEXT_BOUND_TO_SIGNED_UPDATE,,,,,,,,,,,,,,,,,C2_INTERNAL,2,,,,,,,,,,,,,aa74d7695f9e8bd89441ed8dea9f7ecb,,,,,,,,,,,,,,20,VERIFIED,,,,,True,,,,,False,+YQtdOT5HKpCvYwQEaPI06ZcIaPx2NZDWKLIghpEw3A=,c348e53bfba31c0dfac79b77c4477e8cd069546f94ed90aab39c96c43ab6bf42,LVS6iX3xyk+AW89N8K7wd5i2P+GtpUmTpzID/3W7LU4=,b82ad51dedf6068974fb42ded5e2be19b18d3c41a78e597369177897b87c0962,/wXPGzBNDdPePQwQYgJ7hf7ZK4OHRvh0YxgmuWbOSY4=,d2de0eecb364b6ad6dfd68c57fbb2b61edd7f408c047202d5ab95910a24e2627,T2: Modified-DF client encryption; Cloud multiplication/expansion and matrix-M KS after upload,reference_python,DFKS|d=25|lambda=10|m_prime_bits=80|m_bits=800|scale=1000000,df_client:client_001,,,,,,,,,1f3771273f8cdf4ccb8a6040fc865ce2ad73e475cd803a6842c2dec96daf027a,,2f94b41060ba3d826ecd27e212eecbba59c69d9b7d32555e096f4ccf8b69fc3f,audit_trails/artifacts/ciphertext_attestations/T2_DF_KS_TADP_client_001_r20_d1ec7393ad21af7c__2f94b41060ba3d82.json,,,,,,,,,,,,,,,bface291ed21aa27957221919e33de263baeb07e0c1b4ea57f52423bacbfccc8,5f1a0ddc1c7bb6d6e8f944f10635f7bfec22e97c8cc734a7e292feb29fc31073,,LxogKFTYq/uwlIqjImf5fe6IjWQoOZv2JsoCf4uksK35Aphomd3BYBQXk/0MT9hzXX1Fwsat/orLuLRr9SWIgO1FORVB6/lOxRwURnXXR3fOTxP3PutS3AJzDyJg4s7qJiaas0036bpRmp1mGHnrG1q111csuJzF/DMETrIuPwTmlyg/UqZFijZqLXaT5g7lFNCScH7/UzEvw9W2p1uNX/hGhbp0YZ0JmWrXCeL7YNkUhBuY89ulzks2HAzRQhyhTXaLwHFPHTmqA6NJi5XS3Lz6jswsaCofE7g8cwtj+nqb5JdzlwRGYP3SkyS0+Q01fGI18Nj7omEfsG0j5TJuGjVuJpowadjwLtswxY7kEVG33rEs7uhmtzU/k+lAaObQbi5i2uSexg2BI9OPZARZSGHdZUR9aHxLGMrOLrj5F35UQrVH1DQva/sjEZG7D/U4dk9z2Q8e3jtQcea9gqvN/nvYqmlKKc1hrlZy1Oharv72e/8aA0VZgLW9JaTMQf9L
321,3ea14fb5316424fa01881ece1c5cddde,9009c28128737f7948fb54beb932f446c0ce27d5cbdefb4938dce83226ac7abd,2026-08-24T23:02:05.074014+00:00,TADP-SEC/14.0,CLIENT_ACCEPTED_SUBMISSION,T2_DF_KS_TADP,,,,client_001,,,,,,,,,,,2.3-phase1-fixed-threshold-critical-floor-review-profile,e910eb11d46f5a33a9f6a7d996c6c242f2a4caa089255874076d8ae12155dc94,2e5e1ea61ea1c71b07c235b309bb618daac98643cb3c0843acb266cd6b876512,cd72ec3b4911418e9899eae9aed63fa15aaf66633d0cb863f54d9ac8508d934e,833c0f503995ec3e68f8d11c30f392b1e756db044036faa02ce898eac71d1c91,VALIDATED_EVIDENCE_BUNDLE,,,,,,,,,,,,,,,,,,,,,,,,UPDATE_SUBMITTED_ENFORCED,,False,NOT_REQUIRED_AUTOMATED_POLICY,False,,,,,,,,,,,,,C2_INTERNAL,2,,,,,,,,6401d449cad49398af2f5e4da9bd6c0fbdde3a2a57f8a422907de7f0354cd145,71adf2c7741ed63f779fe8cebf9b4d1363fd18da1c5a49e39f32ec63cb8262f2,,,2026-08-25T22:32:04.883782+00:00,3c981168cbd4ecdaf012ec145720546b,,,,,c5c197657ad2f709ca2a22d3aff41bc8d29eaf0e5cb31dab967e8e9c2b932448,7a5127f1f2939238c43882777749dd863f9f457e8742475a28553288e82df500,,,2026-08-25T23:02:04.322066+00:00,75d46ecd684a2dc4b6a8e27daff7fed8db3fae5cae653b9ddb3099795df8cd6c,active,,,1,ACCEPTED,ALL_BASELINE_CONTROLS,,,,True,True,True,True,True,False,gN4o87DyaGNeRPKytGnYhBi46RUA+eu76J4QDhks84c=,856f1717a2fae4643e07c2181310376e0edc87da2c3f6d72315ead1a3fe40ad3,LVS6iX3xyk+AW89N8K7wd5i2P+GtpUmTpzID/3W7LU4=,0602c00a44701d4907de3a16ed3f0dbf77dd154a391aa214cde1e957f3ac1155,rNzxa3/25syPKqkKBt59juZmsu3wgt9TloyYt+j4vME=,d2de0eecb364b6ad6dfd68c57fbb2b61edd7f408c047202d5ab95910a24e2627,,,,,,,,,,,,,,,,,3553a64bc39244746cb164cb58788142a59b214188158bd9e72bfece4ddfc761,audit_trails/artifacts/accepted_runtime_submissions/T2_DF_KS_TADP_client_001_r1_856f1717a2fae464__3553a64bc3924474.json,,,,,,,,,,,,,5f1a0ddc1c7bb6d6e8f944f10635f7bfec22e97c8cc734a7e292feb29fc31073,e22c2c253f5f8c6e5719bab9e6e32142225228d8f5d4d24b09b617c9bb329a95,,
322,394d7c98194cf5ce429c7ff4b660a1ca,9009c28128737f7948fb54beb932f446c0ce27d5cbdefb4938dce83226ac7abd,2026-08-24T23:02:05.101803+00:00,TADP-SEC/14.0,CLIENT_CIPHERTEXT_BINDING,T2_DF_KS_TADP,,,,client_001,,,,,,,,,,,,,,,,,,,,,,,,,,,,,,,,,,,,,,,,CIPHERTEXT_BOUND_TO_SIGNED_UPDATE,,,,,,,,,,,,,,,,,C2_INTERNAL,2,,,,,,,,,,,,,3c981168cbd4ecdaf012ec145720546b,,,,,,,,,,,,,,1,VERIFIED,,,,,True,,,,,False,gN4o87DyaGNeRPKytGnYhBi46RUA+eu76J4QDhks84c=,856f1717a2fae4643e07c2181310376e0edc87da2c3f6d72315ead1a3fe40ad3,LVS6iX3xyk+AW89N8K7wd5i2P+GtpUmTpzID/3W7LU4=,e920ae973705a5faea3df290d2737fa100ca70744a1d1cbca1f2b12caa298bc3,rNzxa3/25syPKqkKBt59juZmsu3wgt9TloyYt+j4vME=,d2de0eecb364b6ad6dfd68c57fbb2b61edd7f408c047202d5ab95910a24e2627,T2: Modified-DF client encryption; Cloud multiplication/expansion and matrix-M KS after upload,reference_python,DFKS|d=25|lambda=10|m_prime_bits=80|m_bits=800|scale=1000000,df_client:client_001,,,,,,,,,c79ad8adf2cca884ae06da6e74f7bf158047aaaeaa3035c0be94da6166430ff2,,82345f5d86759301eeee62f0beb5d66098d18b5bccbee39fe7eb3f053883a40d,audit_trails/artifacts/ciphertext_attestations/T2_DF_KS_TADP_client_001_r1_b46431105970da88__82345f5d86759301.json,,,,,,,,,,,,,,,e22c2c253f5f8c6e5719bab9e6e32142225228d8f5d4d24b09b617c9bb329a95,ad47db0098b6fa563ed696c481e4955d0d4d94e9b1b363083262fc5906c53f8f,,
323,42f3dcbdeff933ae35537ffa324acde1,9009c28128737f7948fb54beb932f446c0ce27d5cbdefb4938dce83226ac7abd,2026-08-24T23:02:11.463041+00:00,TADP-SEC/14.0,CLIENT_ACCEPTED_SUBMISSION,T2_DF_KS_TADP,,,,client_001,,,,,,,,,,,2.3-phase1-fixed-threshold-critical-floor-review-profile,e910eb11d46f5a33a9f6a7d996c6c242f2a4caa089255874076d8ae12155dc94,2e5e1ea61ea1c71b07c235b309bb618daac98643cb3c0843acb266cd6b876512,cd72ec3b4911418e9899eae9aed63fa15aaf66633d0cb863f54d9ac8508d934e,833c0f503995ec3e68f8d11c30f392b1e756db044036faa02ce898eac71d1c91,VALIDATED_EVIDENCE_BUNDLE,,,,,,,,,,,,,,,,,,,,,,,,UPDATE_SUBMITTED_ENFORCED,,False,NOT_REQUIRED_AUTOMATED_POLICY,False,,,,,,,,,,,,,C2_INTERNAL,2,,,,,,,,6401d449cad49398af2f5e4da9bd6c0fbdde3a2a57f8a422907de7f0354cd145,71adf2c7741ed63f779fe8cebf9b4d1363fd18da1c5a49e39f32ec63cb8262f2,,,2026-08-25T22:32:04.883782+00:00,3c981168cbd4ecdaf012ec145720546b,,,,,c5c197657ad2f709ca2a22d3aff41bc8d29eaf0e5cb31dab967e8e9c2b932448,7a5127f1f2939238c43882777749dd863f9f457e8742475a28553288e82df500,,,2026-08-25T23:02:04.322066+00:00,75d46ecd684a2dc4b6a8e27daff7fed8db3fae5cae653b9ddb3099795df8cd6c,active,,,2,ACCEPTED,ALL_BASELINE_CONTROLS,,,,True,True,True,True,True,False,TSIxp27JYsE0eK2cm2RMU0QkF+ZChWdtNcFT+zcxfY4=,ca96c69d3e268c0087afaaf52a03602506027662e5bed200598eb01648927392,LVS6iX3xyk+AW89N8K7wd5i2P+GtpUmTpzID/3W7LU4=,c67916978db06033d06b6f871bdaf838ab9335ea0840576147624e615df7abd0,y76QJLPTB2ggkrjVA5m+dRvh5Gzm3k2fljl22+FIntY=,d2de0eecb364b6ad6dfd68c57fbb2b61edd7f408c047202d5ab95910a24e2627,,,,,,,,,,,,,,,,,eefb7aa9fceb1312e089692e875a7d4f504215bdb9394c2b154e6ac75a4b1181,audit_trails/artifacts/accepted_runtime_submissions/T2_DF_KS_TADP_client_001_r2_ca96c69d3e268c00__eefb7aa9fceb1312.json,,,,,,,,,,,,,ad47db0098b6fa563ed696c481e4955d0d4d94e9b1b363083262fc5906c53f8f,b40b9c3344f533974c7f14149e74187a7a07778e54c094310fd9fe009e044a87,,
324,4500ab7c203fd3708451f08369da2362,9009c28128737f7948fb54beb932f446c0ce27d5cbdefb4938dce83226ac7abd,2026-08-24T23:02:11.491201+00:00,TADP-SEC/14.0,CLIENT_CIPHERTEXT_BINDING,T2_DF_KS_TADP,,,,client_001,,,,,,,,,,,,,,,,,,,,,,,,,,,,,,,,,,,,,,,,CIPHERTEXT_BOUND_TO_SIGNED_UPDATE,,,,,,,,,,,,,,,,,C2_INTERNAL,2,,,,,,,,,,,,,3c981168cbd4ecdaf012ec145720546b,,,,,,,,,,,,,,2,VERIFIED,,,,,True,,,,,False,TSIxp27JYsE0eK2cm2RMU0QkF+ZChWdtNcFT+zcxfY4=,ca96c69d3e268c0087afaaf52a03602506027662e5bed200598eb01648927392,LVS6iX3xyk+AW89N8K7wd5i2P+GtpUmTpzID/3W7LU4=,969c36d0d5775bedf03dd50ea427b92bc5831f6daa21438edf500e63ecedebd8,y76QJLPTB2ggkrjVA5m+dRvh5Gzm3k2fljl22+FIntY=,d2de0eecb364b6ad6dfd68c57fbb2b61edd7f408c047202d5ab95910a24e2627,T2: Modified-DF client encryption; Cloud multiplication/expansion and matrix-M KS after upload,reference_python,DFKS|d=25|lambda=10|m_prime_bits=80|m_bits=800|scale=1000000,df_client:client_001,,,,,,,,,adb8c76499e3d65a8c2e09cecbbd920134719c4b235821fa5bc12949faf5bc8a,,8230d65ae140967df4ed8465e2381ada2dd630dd3eafe87c7495481e21d49768,audit_trails/artifacts/ciphertext_attestations/T2_DF_KS_TADP_client_001_r2_8330d1f56694477e__8230d65ae140967d.json,,,,,,,,,,,,,,,b40b9c3344f533974c7f14149e74187a7a07778e54c094310fd9fe009e044a87,46a3cb37636f5f4a49a69c9366bc5b56e1b7597596b374d9c57d01d2a25d651d,,
325,c6fe0f94eb96701d4e4afcba853fe2a9,9009c28128737f7948fb54beb932f446c0ce27d5cbdefb4938dce83226ac7abd,2026-08-24T23:02:16.197712+00:00,TADP-SEC/14.0,CLIENT_ACCEPTED_SUBMISSION,T2_DF_KS_TADP,,,,client_001,,,,,,,,,,,2.3-phase1-fixed-threshold-critical-floor-review-profile,e910eb11d46f5a33a9f6a7d996c6c242f2a4caa089255874076d8ae12155dc94,2e5e1ea61ea1c71b07c235b309bb618daac98643cb3c0843acb266cd6b876512,cd72ec3b4911418e9899eae9aed63fa15aaf66633d0cb863f54d9ac8508d934e,833c0f503995ec3e68f8d11c30f392b1e756db044036faa02ce898eac71d1c91,VALIDATED_EVIDENCE_BUNDLE,,,,,,,,,,,,,,,,,,,,,,,,UPDATE_SUBMITTED_ENFORCED,,False,NOT_REQUIRED_AUTOMATED_POLICY,False,,,,,,,,,,,,,C2_INTERNAL,2,,,,,,,,6401d449cad49398af2f5e4da9bd6c0fbdde3a2a57f8a422907de7f0354cd145,71adf2c7741ed63f779fe8cebf9b4d1363fd18da1c5a49e39f32ec63cb8262f2,,,2026-08-25T22:32:04.883782+00:00,3c981168cbd4ecdaf012ec145720546b,,,,,c5c197657ad2f709ca2a22d3aff41bc8d29eaf0e5cb31dab967e8e9c2b932448,7a5127f1f2939238c43882777749dd863f9f457e8742475a28553288e82df500,,,2026-08-25T23:02:04.322066+00:00,75d46ecd684a2dc4b6a8e27daff7fed8db3fae5cae653b9ddb3099795df8cd6c,active,,,3,ACCEPTED,ALL_BASELINE_CONTROLS,,,,True,True,True,True,True,False,1X8G7EATq3Q1aT9MyCXPZ/9tiP4oqPGShQLl7SfJBfw=,aaa68d4706257c5e75987bef83d8bbd421f2418cb413ac9098ad863890c76960,LVS6iX3xyk+AW89N8K7wd5i2P+GtpUmTpzID/3W7LU4=,85b11b14ec21af773549c3cb43e870e0b1d1607bd7a7f9a4407a772e19ddb236,YQGLf34Gx2Vk9TlL6s6Sa6A/yCz0oscrJgsXuVY7gf4=,d2de0eecb364b6ad6dfd68c57fbb2b61edd7f408c047202d5ab95910a24e2627,,,,,,,,,,,,,,,,,703c81a3889bb5c55b512f6af66942d5775c58d1561e9f9d60199036984c5a9d,audit_trails/artifacts/accepted_runtime_submissions/T2_DF_KS_TADP_client_001_r3_aaa68d4706257c5e__703c81a3889bb5c5.json,,,,,,,,,,,,,46a3cb37636f5f4a49a69c9366bc5b56e1b7597596b374d9c57d01d2a25d651d,75ca74fb04688514128d6aa3e180e78000bed3f023b18086d643165ce42169ff,,
326,11b48b212f1eca8fa0b34db878df8ec8,9009c28128737f7948fb54beb932f446c0ce27d5cbdefb4938dce83226ac7abd,2026-08-24T23:02:16.225199+00:00,TADP-SEC/14.0,CLIENT_CIPHERTEXT_BINDING,T2_DF_KS_TADP,,,,client_001,,,,,,,,,,,,,,,,,,,,,,,,,,,,,,,,,,,,,,,,CIPHERTEXT_BOUND_TO_SIGNED_UPDATE,,,,,,,,,,,,,,,,,C2_INTERNAL,2,,,,,,,,,,,,,3c981168cbd4ecdaf012ec145720546b,,,,,,,,,,,,,,3,VERIFIED,,,,,True,,,,,False,1X8G7EATq3Q1aT9MyCXPZ/9tiP4oqPGShQLl7SfJBfw=,aaa68d4706257c5e75987bef83d8bbd421f2418cb413ac9098ad863890c76960,LVS6iX3xyk+AW89N8K7wd5i2P+GtpUmTpzID/3W7LU4=,f791db4e67b0b819539485abfaf4d1328548fcb9f7b62406072ff3680181d217,YQGLf34Gx2Vk9TlL6s6Sa6A/yCz0oscrJgsXuVY7gf4=,d2de0eecb364b6ad6dfd68c57fbb2b61edd7f408c047202d5ab95910a24e2627,T2: Modified-DF client encryption; Cloud multiplication/expansion and matrix-M KS after upload,reference_python,DFKS|d=25|lambda=10|m_prime_bits=80|m_bits=800|scale=1000000,df_client:client_001,,,,,,,,,da238e4789c85cf2a75580060683dfc7899414c64b97df31fed5e0cf2b9e3f1d,,22e3d2b760abca9e71e1e41177c699aaea715a72e0f1bf7e65afe8dd36e6f768,audit_trails/artifacts/ciphertext_attestations/T2_DF_KS_TADP_client_001_r3_a321231e6ddb4e7a__22e3d2b760abca9e.json,,,,,,,,,,,,,,,75ca74fb04688514128d6aa3e180e78000bed3f023b18086d643165ce42169ff,06bd72340cb8847c52cf217d480ebf94c5d19f3394ac71490ec60700660779e7,,
327,4c9e63b6bd93cb1bc5aa4915384b2aa0,9009c28128737f7948fb54beb932f446c0ce27d5cbdefb4938dce83226ac7abd,2026-08-24T23:02:21.495126+00:00,TADP-SEC/14.0,CLIENT_ACCEPTED_SUBMISSION,T2_DF_KS_TADP,,,,client_001,,,,,,,,,,,2.3-phase1-fixed-threshold-critical-floor-review-profile,e910eb11d46f5a33a9f6a7d996c6c242f2a4caa089255874076d8ae12155dc94,2e5e1ea61ea1c71b07c235b309bb618daac98643cb3c0843acb266cd6b876512,cd72ec3b4911418e9899eae9aed63fa15aaf66633d0cb863f54d9ac8508d934e,833c0f503995ec3e68f8d11c30f392b1e756db044036faa02ce898eac71d1c91,VALIDATED_EVIDENCE_BUNDLE,,,,,,,,,,,,,,,,,,,,,,,,UPDATE_SUBMITTED_ENFORCED,,False,NOT_REQUIRED_AUTOMATED_POLICY,False,,,,,,,,,,,,,C2_INTERNAL,2,,,,,,,,6401d449cad49398af2f5e4da9bd6c0fbdde3a2a57f8a422907de7f0354cd145,71adf2c7741ed63f779fe8cebf9b4d1363fd18da1c5a49e39f32ec63cb8262f2,,,2026-08-25T22:32:04.883782+00:00,3c981168cbd4ecdaf012ec145720546b,,,,,c5c197657ad2f709ca2a22d3aff41bc8d29eaf0e5cb31dab967e8e9c2b932448,7a5127f1f2939238c43882777749dd863f9f457e8742475a28553288e82df500,,,2026-08-25T23:02:04.322066+00:00,75d46ecd684a2dc4b6a8e27daff7fed8db3fae5cae653b9ddb3099795df8cd6c,active,,,4,ACCEPTED,ALL_BASELINE_CONTROLS,,,,True,True,True,True,True,False,loIxD2h6AViQz8zApQYl6SsbBYvm+HYVihmft83aUS0=,eed7c967d12e5eaff7400d69613ed67d7fc9e43189d56d6bca245dd6ca48ba1c,LVS6iX3xyk+AW89N8K7wd5i2P+GtpUmTpzID/3W7LU4=,cc032a299406476866e3c95d8ea2ae69aea6b635b5477f9fdec711d8de51f180,bSVsE6KHCqGepLUuUpX51+b5FLBfIHUfhT/a2A36+/w=,d2de0eecb364b6ad6dfd68c57fbb2b61edd7f408c047202d5ab95910a24e2627,,,,,,,,,,,,,,,,,dad043f2ffdb3b099884881832d5020e899e7a507b0ea40a99683b545f6db522,audit_trails/artifacts/accepted_runtime_submissions/T2_DF_KS_TADP_client_001_r4_eed7c967d12e5eaf__dad043f2ffdb3b09.json,,,,,,,,,,,,,06bd72340cb8847c52cf217d480ebf94c5d19f3394ac71490ec60700660779e7,1989b13b5bf1bf5d272194c4af4752b9ab11ae04590e71c8e201443596715824,,
328,b70c40a29e4b4510996ad8d466bc595b,9009c28128737f7948fb54beb932f446c0ce27d5cbdefb4938dce83226ac7abd,2026-08-24T23:02:21.527063+00:00,TADP-SEC/14.0,CLIENT_CIPHERTEXT_BINDING,T2_DF_KS_TADP,,,,client_001,,,,,,,,,,,,,,,,,,,,,,,,,,,,,,,,,,,,,,,,CIPHERTEXT_BOUND_TO_SIGNED_UPDATE,,,,,,,,,,,,,,,,,C2_INTERNAL,2,,,,,,,,,,,,,3c981168cbd4ecdaf012ec145720546b,,,,,,,,,,,,,,4,VERIFIED,,,,,True,,,,,False,loIxD2h6AViQz8zApQYl6SsbBYvm+HYVihmft83aUS0=,eed7c967d12e5eaff7400d69613ed67d7fc9e43189d56d6bca245dd6ca48ba1c,LVS6iX3xyk+AW89N8K7wd5i2P+GtpUmTpzID/3W7LU4=,b69f37b293ccc487e327b96b094bd78381f52c95a3e7f35342263c5aca6a53d7,bSVsE6KHCqGepLUuUpX51+b5FLBfIHUfhT/a2A36+/w=,d2de0eecb364b6ad6dfd68c57fbb2b61edd7f408c047202d5ab95910a24e2627,T2: Modified-DF client encryption; Cloud multiplication/expansion and matrix-M KS after upload,reference_python,DFKS|d=25|lambda=10|m_prime_bits=80|m_bits=800|scale=1000000,df_client:client_001,,,,,,,,,461f053e1a88432d2175fb0a6927a39b65e74b741729467b9256a836bf7ea2f5,,a1857e891cc4cfd84e1d6f7da2a02f212903380157c88aba7a8ea3afa401f1e4,audit_trails/artifacts/ciphertext_attestations/T2_DF_KS_TADP_client_001_r4_05b46fbc6d57a8bb__a1857e891cc4cfd8.json,,,,,,,,,,,,,,,1989b13b5bf1bf5d272194c4af4752b9ab11ae04590e71c8e201443596715824,2cb0fcf59180d12d177174cd8e90beb7587e0c449133ccaacd0a31f11a5d2df0,,
329,43fb29b92e2a64f588e628581c76cb8b,9009c28128737f7948fb54beb932f446c0ce27d5cbdefb4938dce83226ac7abd,2026-08-24T23:02:26.935364+00:00,TADP-SEC/14.0,CLIENT_ACCEPTED_SUBMISSION,T2_DF_KS_TADP,,,,client_001,,,,,,,,,,,2.3-phase1-fixed-threshold-critical-floor-review-profile,e910eb11d46f5a33a9f6a7d996c6c242f2a4caa089255874076d8ae12155dc94,2e5e1ea61ea1c71b07c235b309bb618daac98643cb3c0843acb266cd6b876512,cd72ec3b4911418e9899eae9aed63fa15aaf66633d0cb863f54d9ac8508d934e,833c0f503995ec3e68f8d11c30f392b1e756db044036faa02ce898eac71d1c91,VALIDATED_EVIDENCE_BUNDLE,,,,,,,,,,,,,,,,,,,,,,,,UPDATE_SUBMITTED_ENFORCED,,False,NOT_REQUIRED_AUTOMATED_POLICY,False,,,,,,,,,,,,,C2_INTERNAL,2,,,,,,,,6401d449cad49398af2f5e4da9bd6c0fbdde3a2a57f8a422907de7f0354cd145,71adf2c7741ed63f779fe8cebf9b4d1363fd18da1c5a49e39f32ec63cb8262f2,,,2026-08-25T22:32:04.883782+00:00,3c981168cbd4ecdaf012ec145720546b,,,,,c5c197657ad2f709ca2a22d3aff41bc8d29eaf0e5cb31dab967e8e9c2b932448,7a5127f1f2939238c43882777749dd863f9f457e8742475a28553288e82df500,,,2026-08-25T23:02:04.322066+00:00,75d46ecd684a2dc4b6a8e27daff7fed8db3fae5cae653b9ddb3099795df8cd6c,active,,,5,ACCEPTED,ALL_BASELINE_CONTROLS,,,,True,True,True,True,True,False,hWA6a7MQM5J56X7CTcp/QSCfCjQ+QQiVJL3fSZeditI=,9ba19daca0ae53491244abbf5bda48051377bd541444f67b6db21e10fece9b5d,LVS6iX3xyk+AW89N8K7wd5i2P+GtpUmTpzID/3W7LU4=,011779fbf11a56ef56b3637367b06790595ef37b621abd244835bb8aa4bf9d71,NS1dB1EWic6CW7/Y3goYpmyF2bBYIadMQfPBVf1DPmE=,d2de0eecb364b6ad6dfd68c57fbb2b61edd7f408c047202d5ab95910a24e2627,,,,,,,,,,,,,,,,,bd2d707abf8751b5bb3c23645afdb52ccb4e56731c3863d8fac47d8a07ea5e10,audit_trails/artifacts/accepted_runtime_submissions/T2_DF_KS_TADP_client_001_r5_9ba19daca0ae5349__bd2d707abf8751b5.json,,,,,,,,,,,,,2cb0fcf59180d12d177174cd8e90beb7587e0c449133ccaacd0a31f11a5d2df0,3494e88cc5643837943db5e078d7d512afdb8828c60b224177f54ccc3463c9cf,,
330,2b67dd79ceb9e75fbcc37bfbbe75a1ff,9009c28128737f7948fb54beb932f446c0ce27d5cbdefb4938dce83226ac7abd,2026-08-24T23:02:26.961685+00:00,TADP-SEC/14.0,CLIENT_CIPHERTEXT_BINDING,T2_DF_KS_TADP,,,,client_001,,,,,,,,,,,,,,,,,,,,,,,,,,,,,,,,,,,,,,,,CIPHERTEXT_BOUND_TO_SIGNED_UPDATE,,,,,,,,,,,,,,,,,C2_INTERNAL,2,,,,,,,,,,,,,3c981168cbd4ecdaf012ec145720546b,,,,,,,,,,,,,,5,VERIFIED,,,,,True,,,,,False,hWA6a7MQM5J56X7CTcp/QSCfCjQ+QQiVJL3fSZeditI=,9ba19daca0ae53491244abbf5bda48051377bd541444f67b6db21e10fece9b5d,LVS6iX3xyk+AW89N8K7wd5i2P+GtpUmTpzID/3W7LU4=,73670dbc25b024be8df5f856028ec818bbbe88451da9cc6dac99a0d56a5450e3,NS1dB1EWic6CW7/Y3goYpmyF2bBYIadMQfPBVf1DPmE=,d2de0eecb364b6ad6dfd68c57fbb2b61edd7f408c047202d5ab95910a24e2627,T2: Modified-DF client encryption; Cloud multiplication/expansion and matrix-M KS after upload,reference_python,DFKS|d=25|lambda=10|m_prime_bits=80|m_bits=800|scale=1000000,df_client:client_001,,,,,,,,,ff56605c602c33f3c71381ebd2f88dd19cb7a2bd25df6f1d6795a7f3e87cec3f,,fb83530ffeb07c37432f8bedf2d089f9deccbe97d8456b989a840d0c6ada9c58,audit_trails/artifacts/ciphertext_attestations/T2_DF_KS_TADP_client_001_r5_eafb950a53ee86fb__fb83530ffeb07c37.json,,,,,,,,,,,,,,,3494e88cc5643837943db5e078d7d512afdb8828c60b224177f54ccc3463c9cf,c43fe5c6c2470dc7b8ede1c0e9e1d94289358fa234525c5297753565d1f32d45,,
331,2f575e9a1111529fc5db4821060668b1,9009c28128737f7948fb54beb932f446c0ce27d5cbdefb4938dce83226ac7abd,2026-08-24T23:02:31.727070+00:00,TADP-SEC/14.0,CLIENT_ACCEPTED_SUBMISSION,T2_DF_KS_TADP,,,,client_001,,,,,,,,,,,2.3-phase1-fixed-threshold-critical-floor-review-profile,e910eb11d46f5a33a9f6a7d996c6c242f2a4caa089255874076d8ae12155dc94,2e5e1ea61ea1c71b07c235b309bb618daac98643cb3c0843acb266cd6b876512,cd72ec3b4911418e9899eae9aed63fa15aaf66633d0cb863f54d9ac8508d934e,833c0f503995ec3e68f8d11c30f392b1e756db044036faa02ce898eac71d1c91,VALIDATED_EVIDENCE_BUNDLE,,,,,,,,,,,,,,,,,,,,,,,,UPDATE_SUBMITTED_ENFORCED,,False,NOT_REQUIRED_AUTOMATED_POLICY,False,,,,,,,,,,,,,C2_INTERNAL,2,,,,,,,,6401d449cad49398af2f5e4da9bd6c0fbdde3a2a57f8a422907de7f0354cd145,71adf2c7741ed63f779fe8cebf9b4d1363fd18da1c5a49e39f32ec63cb8262f2,,,2026-08-25T22:32:04.883782+00:00,3c981168cbd4ecdaf012ec145720546b,,,,,c5c197657ad2f709ca2a22d3aff41bc8d29eaf0e5cb31dab967e8e9c2b932448,7a5127f1f2939238c43882777749dd863f9f457e8742475a28553288e82df500,,,2026-08-25T23:02:04.322066+00:00,75d46ecd684a2dc4b6a8e27daff7fed8db3fae5cae653b9ddb3099795df8cd6c,active,,,6,ACCEPTED,ALL_BASELINE_CONTROLS,,,,True,True,True,True,True,False,/0gr5lnJEd8U7MSdKiCDgUv77N82b270vG/kPE/MGok=,ab475ce9609ac74b358b4140082aa65e5f1e0dddfaf8cb270826e959e7666e76,LVS6iX3xyk+AW89N8K7wd5i2P+GtpUmTpzID/3W7LU4=,252fea5dc02e51ab4497b6dccc6c385a538c8f8c6b7cec0e4d11d2032328f031,jshiYrmckg+o/wT6UZXnbSrToltfc2ssqU+g0YS9zzw=,d2de0eecb364b6ad6dfd68c57fbb2b61edd7f408c047202d5ab95910a24e2627,,,,,,,,,,,,,,,,,6d613fe79a0801cc7f232139d57872d23e35ba86fa65764a6c795c5da967514b,audit_trails/artifacts/accepted_runtime_submissions/T2_DF_KS_TADP_client_001_r6_ab475ce9609ac74b__6d613fe79a0801cc.json,,,,,,,,,,,,,c43fe5c6c2470dc7b8ede1c0e9e1d94289358fa234525c5297753565d1f32d45,cd287e8b0ee15277831c29fd552b6e76d5a470d2bb29a6399a8e9c1de9c91e29,,
332,0e9f6a5eb4fb2a3b06b6a729b8ecce59,9009c28128737f7948fb54beb932f446c0ce27d5cbdefb4938dce83226ac7abd,2026-08-24T23:02:31.756781+00:00,TADP-SEC/14.0,CLIENT_CIPHERTEXT_BINDING,T2_DF_KS_TADP,,,,client_001,,,,,,,,,,,,,,,,,,,,,,,,,,,,,,,,,,,,,,,,CIPHERTEXT_BOUND_TO_SIGNED_UPDATE,,,,,,,,,,,,,,,,,C2_INTERNAL,2,,,,,,,,,,,,,3c981168cbd4ecdaf012ec145720546b,,,,,,,,,,,,,,6,VERIFIED,,,,,True,,,,,False,/0gr5lnJEd8U7MSdKiCDgUv77N82b270vG/kPE/MGok=,ab475ce9609ac74b358b4140082aa65e5f1e0dddfaf8cb270826e959e7666e76,LVS6iX3xyk+AW89N8K7wd5i2P+GtpUmTpzID/3W7LU4=,b118889724fd2d33778d5fdc7797620177a301691f2a31fd8705c9b9b5f95672,jshiYrmckg+o/wT6UZXnbSrToltfc2ssqU+g0YS9zzw=,d2de0eecb364b6ad6dfd68c57fbb2b61edd7f408c047202d5ab95910a24e2627,T2: Modified-DF client encryption; Cloud multiplication/expansion and matrix-M KS after upload,reference_python,DFKS|d=25|lambda=10|m_prime_bits=80|m_bits=800|scale=1000000,df_client:client_001,,,,,,,,,bd5aaff8e5a20ee1e126808a77fd1be74fe1cb4f4a935e7b20fc02d85f9fa748,,3d62e9bc254913b11426054a9d79318afa566a626294090a3e6629d562103d93,audit_trails/artifacts/ciphertext_attestations/T2_DF_KS_TADP_client_001_r6_d0fedd1bfd853d62__3d62e9bc254913b1.json,,,,,,,,,,,,,,,cd287e8b0ee15277831c29fd552b6e76d5a470d2bb29a6399a8e9c1de9c91e29,8909062bca11da8a877ee1757cced8fe03ad54f3ed61c440b8987b9caf51512b,,
333,5ec7f9e2ea5b4639f4bced9a4e213904,9009c28128737f7948fb54beb932f446c0ce27d5cbdefb4938dce83226ac7abd,2026-08-24T23:02:38.127891+00:00,TADP-SEC/14.0,CLIENT_ACCEPTED_SUBMISSION,T2_DF_KS_TADP,,,,client_001,,,,,,,,,,,2.3-phase1-fixed-threshold-critical-floor-review-profile,e910eb11d46f5a33a9f6a7d996c6c242f2a4caa089255874076d8ae12155dc94,2e5e1ea61ea1c71b07c235b309bb618daac98643cb3c0843acb266cd6b876512,cd72ec3b4911418e9899eae9aed63fa15aaf66633d0cb863f54d9ac8508d934e,833c0f503995ec3e68f8d11c30f392b1e756db044036faa02ce898eac71d1c91,VALIDATED_EVIDENCE_BUNDLE,,,,,,,,,,,,,,,,,,,,,,,,UPDATE_SUBMITTED_ENFORCED,,False,NOT_REQUIRED_AUTOMATED_POLICY,False,,,,,,,,,,,,,C2_INTERNAL,2,,,,,,,,6401d449cad49398af2f5e4da9bd6c0fbdde3a2a57f8a422907de7f0354cd145,71adf2c7741ed63f779fe8cebf9b4d1363fd18da1c5a49e39f32ec63cb8262f2,,,2026-08-25T22:32:04.883782+00:00,3c981168cbd4ecdaf012ec145720546b,,,,,c5c197657ad2f709ca2a22d3aff41bc8d29eaf0e5cb31dab967e8e9c2b932448,7a5127f1f2939238c43882777749dd863f9f457e8742475a28553288e82df500,,,2026-08-25T23:02:04.322066+00:00,75d46ecd684a2dc4b6a8e27daff7fed8db3fae5cae653b9ddb3099795df8cd6c,active,,,7,ACCEPTED,ALL_BASELINE_CONTROLS,,,,True,True,True,True,True,False,OMlvKQv55EQ9IY3aIzpGa5giYvXXN9OQOj9A+uJBHis=,d4bc38ea9b96e06e241460a151f0965b3e2091be15d0c0093bd8a485c7bd647f,LVS6iX3xyk+AW89N8K7wd5i2P+GtpUmTpzID/3W7LU4=,49b51df15e4747d4e2ec6b9bfb1b2a0569208eeb9e8cb76c74ab37b2d81ebf7b,vmnRydHcPm7gWixPYGOHN0vsVSrj/j59m6jT/uEuyUA=,d2de0eecb364b6ad6dfd68c57fbb2b61edd7f408c047202d5ab95910a24e2627,,,,,,,,,,,,,,,,,7454d5935de529e829145406b66835ef61eab80f1a856c53d27d4d7e73ab51ff,audit_trails/artifacts/accepted_runtime_submissions/T2_DF_KS_TADP_client_001_r7_d4bc38ea9b96e06e__7454d5935de529e8.json,,,,,,,,,,,,,8909062bca11da8a877ee1757cced8fe03ad54f3ed61c440b8987b9caf51512b,42c43777357e437cd788f24929453474ee4d650c0a443e11d54330f991bd6cc5,,
334,63aeb9be9775be7ddb02e30958b988ea,9009c28128737f7948fb54beb932f446c0ce27d5cbdefb4938dce83226ac7abd,2026-08-24T23:02:38.154312+00:00,TADP-SEC/14.0,CLIENT_CIPHERTEXT_BINDING,T2_DF_KS_TADP,,,,client_001,,,,,,,,,,,,,,,,,,,,,,,,,,,,,,,,,,,,,,,,CIPHERTEXT_BOUND_TO_SIGNED_UPDATE,,,,,,,,,,,,,,,,,C2_INTERNAL,2,,,,,,,,,,,,,3c981168cbd4ecdaf012ec145720546b,,,,,,,,,,,,,,7,VERIFIED,,,,,True,,,,,False,OMlvKQv55EQ9IY3aIzpGa5giYvXXN9OQOj9A+uJBHis=,d4bc38ea9b96e06e241460a151f0965b3e2091be15d0c0093bd8a485c7bd647f,LVS6iX3xyk+AW89N8K7wd5i2P+GtpUmTpzID/3W7LU4=,76fc5421118555fef384bbb692970d3e5bb3359ad175831291e011f5a9df7863,vmnRydHcPm7gWixPYGOHN0vsVSrj/j59m6jT/uEuyUA=,d2de0eecb364b6ad6dfd68c57fbb2b61edd7f408c047202d5ab95910a24e2627,T2: Modified-DF client encryption; Cloud multiplication/expansion and matrix-M KS after upload,reference_python,DFKS|d=25|lambda=10|m_prime_bits=80|m_bits=800|scale=1000000,df_client:client_001,,,,,,,,,8020bdfc95fede75a5ee4e02ca5c12801d5090dc21b8fc877b3135d02867f867,,339924beb5c6e85d41febe87acc6dea5a3a5d4e5951b60d11d7026b6980338f1,audit_trails/artifacts/ciphertext_attestations/T2_DF_KS_TADP_client_001_r7_1d65c52dc8d0359e__339924beb5c6e85d.json,,,,,,,,,,,,,,,42c43777357e437cd788f24929453474ee4d650c0a443e11d54330f991bd6cc5,bf43d1345f697ba68378ff038479f4731ecae8b505413a036b5db428b47e5331,,
335,ff658549c808a7e069c48986b17e7933,9009c28128737f7948fb54beb932f446c0ce27d5cbdefb4938dce83226ac7abd,2026-08-24T23:02:42.923673+00:00,TADP-SEC/14.0,CLIENT_ACCEPTED_SUBMISSION,T2_DF_KS_TADP,,,,client_001,,,,,,,,,,,2.3-phase1-fixed-threshold-critical-floor-review-profile,e910eb11d46f5a33a9f6a7d996c6c242f2a4caa089255874076d8ae12155dc94,2e5e1ea61ea1c71b07c235b309bb618daac98643cb3c0843acb266cd6b876512,cd72ec3b4911418e9899eae9aed63fa15aaf66633d0cb863f54d9ac8508d934e,833c0f503995ec3e68f8d11c30f392b1e756db044036faa02ce898eac71d1c91,VALIDATED_EVIDENCE_BUNDLE,,,,,,,,,,,,,,,,,,,,,,,,UPDATE_SUBMITTED_ENFORCED,,False,NOT_REQUIRED_AUTOMATED_POLICY,False,,,,,,,,,,,,,C2_INTERNAL,2,,,,,,,,6401d449cad49398af2f5e4da9bd6c0fbdde3a2a57f8a422907de7f0354cd145,71adf2c7741ed63f779fe8cebf9b4d1363fd18da1c5a49e39f32ec63cb8262f2,,,2026-08-25T22:32:04.883782+00:00,3c981168cbd4ecdaf012ec145720546b,,,,,c5c197657ad2f709ca2a22d3aff41bc8d29eaf0e5cb31dab967e8e9c2b932448,7a5127f1f2939238c43882777749dd863f9f457e8742475a28553288e82df500,,,2026-08-25T23:02:04.322066+00:00,75d46ecd684a2dc4b6a8e27daff7fed8db3fae5cae653b9ddb3099795df8cd6c,active,,,8,ACCEPTED,ALL_BASELINE_CONTROLS,,,,True,True,True,True,True,False,1GCKOykw1SnoMSiQME5OoQKtv1wuoKijSFFZjGdjJ58=,d738964a44717a6b1e2264b93fbcb2a3ffb5f56cd1954a5e5215ce860892ccc9,LVS6iX3xyk+AW89N8K7wd5i2P+GtpUmTpzID/3W7LU4=,26348c5b0317362fcf0347c3b303dbe2a92b54862ede7783bcbafdc1caf84723,gJV8l9LYUMpp8NjY/fRkqRcBRIvx7E/etmBfbtycS7I=,d2de0eecb364b6ad6dfd68c57fbb2b61edd7f408c047202d5ab95910a24e2627,,,,,,,,,,,,,,,,,232b4411820cdd1d36f5d568d3ad3cc12684e761a0ec71ac3b624276001ab6d6,audit_trails/artifacts/accepted_runtime_submissions/T2_DF_KS_TADP_client_001_r8_d738964a44717a6b__232b4411820cdd1d.json,,,,,,,,,,,,,bf43d1345f697ba68378ff038479f4731ecae8b505413a036b5db428b47e5331,879b176c523d12bf9d363fa3a33e085f47bc63d6308c74a94da0e78eede2d632,,
336,af904d52ca08e9f10d8533f8a00629c5,9009c28128737f7948fb54beb932f446c0ce27d5cbdefb4938dce83226ac7abd,2026-08-24T23:02:42.950630+00:00,TADP-SEC/14.0,CLIENT_CIPHERTEXT_BINDING,T2_DF_KS_TADP,,,,client_001,,,,,,,,,,,,,,,,,,,,,,,,,,,,,,,,,,,,,,,,CIPHERTEXT_BOUND_TO_SIGNED_UPDATE,,,,,,,,,,,,,,,,,C2_INTERNAL,2,,,,,,,,,,,,,3c981168cbd4ecdaf012ec145720546b,,,,,,,,,,,,,,8,VERIFIED,,,,,True,,,,,False,1GCKOykw1SnoMSiQME5OoQKtv1wuoKijSFFZjGdjJ58=,d738964a44717a6b1e2264b93fbcb2a3ffb5f56cd1954a5e5215ce860892ccc9,LVS6iX3xyk+AW89N8K7wd5i2P+GtpUmTpzID/3W7LU4=,4eb3e9a1065e5219a09596b4f41789059b7544021d1e18704752c9eac3a0e853,gJV8l9LYUMpp8NjY/fRkqRcBRIvx7E/etmBfbtycS7I=,d2de0eecb364b6ad6dfd68c57fbb2b61edd7f408c047202d5ab95910a24e2627,T2: Modified-DF client encryption; Cloud multiplication/expansion and matrix-M KS after upload,reference_python,DFKS|d=25|lambda=10|m_prime_bits=80|m_bits=800|scale=1000000,df_client:client_001,,,,,,,,,7f880dc520cb169b582441933f8b34ce6ebe2adc9f3b2ebd9f177a87fa44b887,,3aa28f0daab780a4824409a690f2718837893560abc2fb6996b718a152a39af1,audit_trails/artifacts/ciphertext_attestations/T2_DF_KS_TADP_client_001_r8_1896924e000f267f__3aa28f0daab780a4.json,,,,,,,,,,,,,,,879b176c523d12bf9d363fa3a33e085f47bc63d6308c74a94da0e78eede2d632,142426db091a94a6b950d8eb88e706ae1ac6af3cffc1256f55d92873478a18a5,,
337,9b6949a5847b26e85f3e53f831b2f788,9009c28128737f7948fb54beb932f446c0ce27d5cbdefb4938dce83226ac7abd,2026-08-24T23:02:47.988385+00:00,TADP-SEC/14.0,CLIENT_ACCEPTED_SUBMISSION,T2_DF_KS_TADP,,,,client_001,,,,,,,,,,,2.3-phase1-fixed-threshold-critical-floor-review-profile,e910eb11d46f5a33a9f6a7d996c6c242f2a4caa089255874076d8ae12155dc94,2e5e1ea61ea1c71b07c235b309bb618daac98643cb3c0843acb266cd6b876512,cd72ec3b4911418e9899eae9aed63fa15aaf66633d0cb863f54d9ac8508d934e,833c0f503995ec3e68f8d11c30f392b1e756db044036faa02ce898eac71d1c91,VALIDATED_EVIDENCE_BUNDLE,,,,,,,,,,,,,,,,,,,,,,,,UPDATE_SUBMITTED_ENFORCED,,False,NOT_REQUIRED_AUTOMATED_POLICY,False,,,,,,,,,,,,,C2_INTERNAL,2,,,,,,,,6401d449cad49398af2f5e4da9bd6c0fbdde3a2a57f8a422907de7f0354cd145,71adf2c7741ed63f779fe8cebf9b4d1363fd18da1c5a49e39f32ec63cb8262f2,,,2026-08-25T22:32:04.883782+00:00,3c981168cbd4ecdaf012ec145720546b,,,,,c5c197657ad2f709ca2a22d3aff41bc8d29eaf0e5cb31dab967e8e9c2b932448,7a5127f1f2939238c43882777749dd863f9f457e8742475a28553288e82df500,,,2026-08-25T23:02:04.322066+00:00,75d46ecd684a2dc4b6a8e27daff7fed8db3fae5cae653b9ddb3099795df8cd6c,active,,,9,ACCEPTED,ALL_BASELINE_CONTROLS,,,,True,True,True,True,True,False,8Vlrclw641IcdVkKqSUAvTUaCU03ADgSCX7R6hjQ8hs=,a1543532c403a588ea9c95fe107d8c63072fb1295e0327cb09cd3803565f854c,LVS6iX3xyk+AW89N8K7wd5i2P+GtpUmTpzID/3W7LU4=,8e3fb1689948181da5d5413cfed06de9b400e76023a4ac19f045de873364a1f1,vGo1whtIqX6fd8eLui2vG5zXgxBKaenk3c/ernl0axo=,d2de0eecb364b6ad6dfd68c57fbb2b61edd7f408c047202d5ab95910a24e2627,,,,,,,,,,,,,,,,,451a759f3445f8ec4f5c13ded2e362fb924e0f3c3df54354c76b3c2edec9d80c,audit_trails/artifacts/accepted_runtime_submissions/T2_DF_KS_TADP_client_001_r9_a1543532c403a588__451a759f3445f8ec.json,,,,,,,,,,,,,142426db091a94a6b950d8eb88e706ae1ac6af3cffc1256f55d92873478a18a5,582ffb4595109167dee4f327236b250ac2652d2f53d7c4289403ae43ad121872,,
338,f5620593a8489a7fa79541c41961393e,9009c28128737f7948fb54beb932f446c0ce27d5cbdefb4938dce83226ac7abd,2026-08-24T23:02:48.023082+00:00,TADP-SEC/14.0,CLIENT_CIPHERTEXT_BINDING,T2_DF_KS_TADP,,,,client_001,,,,,,,,,,,,,,,,,,,,,,,,,,,,,,,,,,,,,,,,CIPHERTEXT_BOUND_TO_SIGNED_UPDATE,,,,,,,,,,,,,,,,,C2_INTERNAL,2,,,,,,,,,,,,,3c981168cbd4ecdaf012ec145720546b,,,,,,,,,,,,,,9,VERIFIED,,,,,True,,,,,False,8Vlrclw641IcdVkKqSUAvTUaCU03ADgSCX7R6hjQ8hs=,a1543532c403a588ea9c95fe107d8c63072fb1295e0327cb09cd3803565f854c,LVS6iX3xyk+AW89N8K7wd5i2P+GtpUmTpzID/3W7LU4=,72ea284e0ab714fbee124754968eaa4f26dcee19fe5752d7c9fefce45a8b6753,vGo1whtIqX6fd8eLui2vG5zXgxBKaenk3c/ernl0axo=,d2de0eecb364b6ad6dfd68c57fbb2b61edd7f408c047202d5ab95910a24e2627,T2: Modified-DF client encryption; Cloud multiplication/expansion and matrix-M KS after upload,reference_python,DFKS|d=25|lambda=10|m_prime_bits=80|m_bits=800|scale=1000000,df_client:client_001,,,,,,,,,ee69055d64b7a6d7b0fb86201ee8a69b548f9b5a3e4fd89a33b3ef071ca32def,,a601844af0e713c7be88fa87d4957338227ae79cc677ca59b9a39abd896eb772,audit_trails/artifacts/ciphertext_attestations/T2_DF_KS_TADP_client_001_r9_ec83f25b7c55fb49__a601844af0e713c7.json,,,,,,,,,,,,,,,582ffb4595109167dee4f327236b250ac2652d2f53d7c4289403ae43ad121872,21aadffe3c4a02dacbd1791394fa1bb19781b56f3adebaf626366e68028ea2f2,,
339,d6fb920d75fbbcdf2b317a2d9017cee7,9009c28128737f7948fb54beb932f446c0ce27d5cbdefb4938dce83226ac7abd,2026-08-24T23:02:53.759073+00:00,TADP-SEC/14.0,CLIENT_ACCEPTED_SUBMISSION,T2_DF_KS_TADP,,,,client_001,,,,,,,,,,,2.3-phase1-fixed-threshold-critical-floor-review-profile,e910eb11d46f5a33a9f6a7d996c6c242f2a4caa089255874076d8ae12155dc94,2e5e1ea61ea1c71b07c235b309bb618daac98643cb3c0843acb266cd6b876512,cd72ec3b4911418e9899eae9aed63fa15aaf66633d0cb863f54d9ac8508d934e,833c0f503995ec3e68f8d11c30f392b1e756db044036faa02ce898eac71d1c91,VALIDATED_EVIDENCE_BUNDLE,,,,,,,,,,,,,,,,,,,,,,,,UPDATE_SUBMITTED_ENFORCED,,False,NOT_REQUIRED_AUTOMATED_POLICY,False,,,,,,,,,,,,,C2_INTERNAL,2,,,,,,,,6401d449cad49398af2f5e4da9bd6c0fbdde3a2a57f8a422907de7f0354cd145,71adf2c7741ed63f779fe8cebf9b4d1363fd18da1c5a49e39f32ec63cb8262f2,,,2026-08-25T22:32:04.883782+00:00,3c981168cbd4ecdaf012ec145720546b,,,,,c5c197657ad2f709ca2a22d3aff41bc8d29eaf0e5cb31dab967e8e9c2b932448,7a5127f1f2939238c43882777749dd863f9f457e8742475a28553288e82df500,,,2026-08-25T23:02:04.322066+00:00,75d46ecd684a2dc4b6a8e27daff7fed8db3fae5cae653b9ddb3099795df8cd6c,active,,,10,ACCEPTED,ALL_BASELINE_CONTROLS,,,,True,True,True,True,True,False,4q22582IZLutywwvFMIkKOeUtqI8VlPTsgi1ya+hDm8=,6de9203a29108cd287440b84991035a2d620910a31666d82582b093904a8831e,LVS6iX3xyk+AW89N8K7wd5i2P+GtpUmTpzID/3W7LU4=,d88d2431cff5db455c19f0eaba1ef6231ceda2e0aff12b8dc0d3f9c756503dd7,mr+0yWEPCwveh+OVz3UTSbVmeREj90uY4zEkfsoyEcE=,d2de0eecb364b6ad6dfd68c57fbb2b61edd7f408c047202d5ab95910a24e2627,,,,,,,,,,,,,,,,,4b49d7aa0f664405ed0bcf9a66c8e3285dfb5ce9bd181b6d72bfa49fc0ded9a8,audit_trails/artifacts/accepted_runtime_submissions/T2_DF_KS_TADP_client_001_r10_6de9203a29108cd2__4b49d7aa0f664405.json,,,,,,,,,,,,,21aadffe3c4a02dacbd1791394fa1bb19781b56f3adebaf626366e68028ea2f2,b2675ca70575831b5f2f8cd0ce25d7dc45074d12c0423c2b9121ba478b4ee188,,
340,0747b2b1c108c9bcba49d4d356faa71c,9009c28128737f7948fb54beb932f446c0ce27d5cbdefb4938dce83226ac7abd,2026-08-24T23:02:53.787085+00:00,TADP-SEC/14.0,CLIENT_CIPHERTEXT_BINDING,T2_DF_KS_TADP,,,,client_001,,,,,,,,,,,,,,,,,,,,,,,,,,,,,,,,,,,,,,,,CIPHERTEXT_BOUND_TO_SIGNED_UPDATE,,,,,,,,,,,,,,,,,C2_INTERNAL,2,,,,,,,,,,,,,3c981168cbd4ecdaf012ec145720546b,,,,,,,,,,,,,,10,VERIFIED,,,,,True,,,,,False,4q22582IZLutywwvFMIkKOeUtqI8VlPTsgi1ya+hDm8=,6de9203a29108cd287440b84991035a2d620910a31666d82582b093904a8831e,LVS6iX3xyk+AW89N8K7wd5i2P+GtpUmTpzID/3W7LU4=,18a8adb626e83bb1ff2d2e2b4581e646fad8976e8f832613194b4884b3c19633,mr+0yWEPCwveh+OVz3UTSbVmeREj90uY4zEkfsoyEcE=,d2de0eecb364b6ad6dfd68c57fbb2b61edd7f408c047202d5ab95910a24e2627,T2: Modified-DF client encryption; Cloud multiplication/expansion and matrix-M KS after upload,reference_python,DFKS|d=25|lambda=10|m_prime_bits=80|m_bits=800|scale=1000000,df_client:client_001,,,,,,,,,16cb408a07d2c6685731c640b470f149ff0384008f77c2ff92ba61603961020c,,471fca539eede82474b284040e81a2a991085c0a752270af38a42b3103482c14,audit_trails/artifacts/ciphertext_attestations/T2_DF_KS_TADP_client_001_r10_76eea61c48599737__471fca539eede824.json,,,,,,,,,,,,,,,b2675ca70575831b5f2f8cd0ce25d7dc45074d12c0423c2b9121ba478b4ee188,8814288055ea04f1ebdc02117f5dca6627f6e878af6f3ec6168c542bcb9a391c,,
341,d7a9558ace2d5d744e95b541a910b4ba,9009c28128737f7948fb54beb932f446c0ce27d5cbdefb4938dce83226ac7abd,2026-08-24T23:02:58.591965+00:00,TADP-SEC/14.0,CLIENT_ACCEPTED_SUBMISSION,T2_DF_KS_TADP,,,,client_001,,,,,,,,,,,2.3-phase1-fixed-threshold-critical-floor-review-profile,e910eb11d46f5a33a9f6a7d996c6c242f2a4caa089255874076d8ae12155dc94,2e5e1ea61ea1c71b07c235b309bb618daac98643cb3c0843acb266cd6b876512,cd72ec3b4911418e9899eae9aed63fa15aaf66633d0cb863f54d9ac8508d934e,833c0f503995ec3e68f8d11c30f392b1e756db044036faa02ce898eac71d1c91,VALIDATED_EVIDENCE_BUNDLE,,,,,,,,,,,,,,,,,,,,,,,,UPDATE_SUBMITTED_ENFORCED,,False,NOT_REQUIRED_AUTOMATED_POLICY,False,,,,,,,,,,,,,C2_INTERNAL,2,,,,,,,,6401d449cad49398af2f5e4da9bd6c0fbdde3a2a57f8a422907de7f0354cd145,71adf2c7741ed63f779fe8cebf9b4d1363fd18da1c5a49e39f32ec63cb8262f2,,,2026-08-25T22:32:04.883782+00:00,3c981168cbd4ecdaf012ec145720546b,,,,,c5c197657ad2f709ca2a22d3aff41bc8d29eaf0e5cb31dab967e8e9c2b932448,7a5127f1f2939238c43882777749dd863f9f457e8742475a28553288e82df500,,,2026-08-25T23:02:04.322066+00:00,75d46ecd684a2dc4b6a8e27daff7fed8db3fae5cae653b9ddb3099795df8cd6c,active,,,11,ACCEPTED,ALL_BASELINE_CONTROLS,,,,True,True,True,True,True,False,Q0MVBvWvEeMt6aQlc1Ah2N3ciNK2bUlw7AVY5pWGox0=,e726fa4b093c3f8b4fecaf867c0b32d7a72a29d2d5ba3c2eb3bd219f143f0908,LVS6iX3xyk+AW89N8K7wd5i2P+GtpUmTpzID/3W7LU4=,b8272e5c481ba2268436fff04e84203038822b7805f8604d375f298c0b196a34,WZvSilXhp+2qnXJVosSZoP/QK2EUu+1udtbP+v+zwlE=,d2de0eecb364b6ad6dfd68c57fbb2b61edd7f408c047202d5ab95910a24e2627,,,,,,,,,,,,,,,,,f5c546d97bba4dd9b73d527711ad7e1c4811b969093121fa039f98a50be609bc,audit_trails/artifacts/accepted_runtime_submissions/T2_DF_KS_TADP_client_001_r11_e726fa4b093c3f8b__f5c546d97bba4dd9.json,,,,,,,,,,,,,8814288055ea04f1ebdc02117f5dca6627f6e878af6f3ec6168c542bcb9a391c,26831090a3a7bd93c4387416b7977bd7954f6ceedab3087f068074ede1de1547,,
342,2dbc1feb408127d4f02205d6a1a9df88,9009c28128737f7948fb54beb932f446c0ce27d5cbdefb4938dce83226ac7abd,2026-08-24T23:02:58.621430+00:00,TADP-SEC/14.0,CLIENT_CIPHERTEXT_BINDING,T2_DF_KS_TADP,,,,client_001,,,,,,,,,,,,,,,,,,,,,,,,,,,,,,,,,,,,,,,,CIPHERTEXT_BOUND_TO_SIGNED_UPDATE,,,,,,,,,,,,,,,,,C2_INTERNAL,2,,,,,,,,,,,,,3c981168cbd4ecdaf012ec145720546b,,,,,,,,,,,,,,11,VERIFIED,,,,,True,,,,,False,Q0MVBvWvEeMt6aQlc1Ah2N3ciNK2bUlw7AVY5pWGox0=,e726fa4b093c3f8b4fecaf867c0b32d7a72a29d2d5ba3c2eb3bd219f143f0908,LVS6iX3xyk+AW89N8K7wd5i2P+GtpUmTpzID/3W7LU4=,8da9478bdbafbf42cc02343cbda72bc74c68d1106d7b265a995efc7ab133e4f2,WZvSilXhp+2qnXJVosSZoP/QK2EUu+1udtbP+v+zwlE=,d2de0eecb364b6ad6dfd68c57fbb2b61edd7f408c047202d5ab95910a24e2627,T2: Modified-DF client encryption; Cloud multiplication/expansion and matrix-M KS after upload,reference_python,DFKS|d=25|lambda=10|m_prime_bits=80|m_bits=800|scale=1000000,df_client:client_001,,,,,,,,,1d6b953b1c5aaba6893d9bbbe34f1ba533bbc1aecd1791abeb6c5e8c74c41e9e,,4f5fe49a5ad9b6cf64177fdb5829e43367bf517135481bb973b5e29d70596b81,audit_trails/artifacts/ciphertext_attestations/T2_DF_KS_TADP_client_001_r11_50363ad4ec266359__4f5fe49a5ad9b6cf.json,,,,,,,,,,,,,,,26831090a3a7bd93c4387416b7977bd7954f6ceedab3087f068074ede1de1547,0d212118cbf848adcbe67693210dcf609711da51b2005a7033952aa8ceeb7066,,
343,5d38597302ceed4be7c9835addb2a4e1,9009c28128737f7948fb54beb932f446c0ce27d5cbdefb4938dce83226ac7abd,2026-08-24T23:03:04.960029+00:00,TADP-SEC/14.0,CLIENT_ACCEPTED_SUBMISSION,T2_DF_KS_TADP,,,,client_001,,,,,,,,,,,2.3-phase1-fixed-threshold-critical-floor-review-profile,e910eb11d46f5a33a9f6a7d996c6c242f2a4caa089255874076d8ae12155dc94,2e5e1ea61ea1c71b07c235b309bb618daac98643cb3c0843acb266cd6b876512,cd72ec3b4911418e9899eae9aed63fa15aaf66633d0cb863f54d9ac8508d934e,833c0f503995ec3e68f8d11c30f392b1e756db044036faa02ce898eac71d1c91,VALIDATED_EVIDENCE_BUNDLE,,,,,,,,,,,,,,,,,,,,,,,,UPDATE_SUBMITTED_ENFORCED,,False,NOT_REQUIRED_AUTOMATED_POLICY,False,,,,,,,,,,,,,C2_INTERNAL,2,,,,,,,,6401d449cad49398af2f5e4da9bd6c0fbdde3a2a57f8a422907de7f0354cd145,71adf2c7741ed63f779fe8cebf9b4d1363fd18da1c5a49e39f32ec63cb8262f2,,,2026-08-25T22:32:04.883782+00:00,3c981168cbd4ecdaf012ec145720546b,,,,,c5c197657ad2f709ca2a22d3aff41bc8d29eaf0e5cb31dab967e8e9c2b932448,7a5127f1f2939238c43882777749dd863f9f457e8742475a28553288e82df500,,,2026-08-25T23:02:04.322066+00:00,75d46ecd684a2dc4b6a8e27daff7fed8db3fae5cae653b9ddb3099795df8cd6c,active,,,12,ACCEPTED,ALL_BASELINE_CONTROLS,,,,True,True,True,True,True,False,YUGoo80bcf39K6v8ocJaiY0mzVqtKojvMeOcEcNiz1I=,8d3d2436d7847c752191f6567a5cdab1a922ed496eca1068c395607a9adffdda,LVS6iX3xyk+AW89N8K7wd5i2P+GtpUmTpzID/3W7LU4=,79ce1dc596a88adca5c30404337e7393e5e7b364095edda9b9d63292e0e03c81,nj1jPgp8WgxGg0rvBgnwdWVyGTH3clcJhH/GMe93ots=,d2de0eecb364b6ad6dfd68c57fbb2b61edd7f408c047202d5ab95910a24e2627,,,,,,,,,,,,,,,,,5a0c98f691ecdf7be2e8e299f184e793c40c1051a606678ae378bb4830a37f0b,audit_trails/artifacts/accepted_runtime_submissions/T2_DF_KS_TADP_client_001_r12_8d3d2436d7847c75__5a0c98f691ecdf7b.json,,,,,,,,,,,,,0d212118cbf848adcbe67693210dcf609711da51b2005a7033952aa8ceeb7066,2445886c978ab241b8f52cba38720b66ee6be7c28ec40390b5a8c652d7cb35bf,,
344,ab4eac8104769e58651b44a4c4f57342,9009c28128737f7948fb54beb932f446c0ce27d5cbdefb4938dce83226ac7abd,2026-08-24T23:03:04.989980+00:00,TADP-SEC/14.0,CLIENT_CIPHERTEXT_BINDING,T2_DF_KS_TADP,,,,client_001,,,,,,,,,,,,,,,,,,,,,,,,,,,,,,,,,,,,,,,,CIPHERTEXT_BOUND_TO_SIGNED_UPDATE,,,,,,,,,,,,,,,,,C2_INTERNAL,2,,,,,,,,,,,,,3c981168cbd4ecdaf012ec145720546b,,,,,,,,,,,,,,12,VERIFIED,,,,,True,,,,,False,YUGoo80bcf39K6v8ocJaiY0mzVqtKojvMeOcEcNiz1I=,8d3d2436d7847c752191f6567a5cdab1a922ed496eca1068c395607a9adffdda,LVS6iX3xyk+AW89N8K7wd5i2P+GtpUmTpzID/3W7LU4=,b1f56b0df69105a23f7a4a37d7ef599f5aa8353783b75f1b73f745727cdbbdd6,nj1jPgp8WgxGg0rvBgnwdWVyGTH3clcJhH/GMe93ots=,d2de0eecb364b6ad6dfd68c57fbb2b61edd7f408c047202d5ab95910a24e2627,T2: Modified-DF client encryption; Cloud multiplication/expansion and matrix-M KS after upload,reference_python,DFKS|d=25|lambda=10|m_prime_bits=80|m_bits=800|scale=1000000,df_client:client_001,,,,,,,,,d0b0296a78b43b59246ec9e23bf473469a8ff91d9292371db270bca269d12afd,,fe4b90f0284901f0514317b8e1c57d5d497bbec8635815a0cbfa1828a5a3ecce,audit_trails/artifacts/ciphertext_attestations/T2_DF_KS_TADP_client_001_r12_5a6a8a8bf499fa98__fe4b90f0284901f0.json,,,,,,,,,,,,,,,2445886c978ab241b8f52cba38720b66ee6be7c28ec40390b5a8c652d7cb35bf,bc56784a4de419b26e9648c0d50ac5e8fe43677e74e7e0e35a21378ac79518f9,,
345,918dcbab75001b964478543d4d8f7ef8,9009c28128737f7948fb54beb932f446c0ce27d5cbdefb4938dce83226ac7abd,2026-08-24T23:03:09.753803+00:00,TADP-SEC/14.0,CLIENT_ACCEPTED_SUBMISSION,T2_DF_KS_TADP,,,,client_001,,,,,,,,,,,2.3-phase1-fixed-threshold-critical-floor-review-profile,e910eb11d46f5a33a9f6a7d996c6c242f2a4caa089255874076d8ae12155dc94,2e5e1ea61ea1c71b07c235b309bb618daac98643cb3c0843acb266cd6b876512,cd72ec3b4911418e9899eae9aed63fa15aaf66633d0cb863f54d9ac8508d934e,833c0f503995ec3e68f8d11c30f392b1e756db044036faa02ce898eac71d1c91,VALIDATED_EVIDENCE_BUNDLE,,,,,,,,,,,,,,,,,,,,,,,,UPDATE_SUBMITTED_ENFORCED,,False,NOT_REQUIRED_AUTOMATED_POLICY,False,,,,,,,,,,,,,C2_INTERNAL,2,,,,,,,,6401d449cad49398af2f5e4da9bd6c0fbdde3a2a57f8a422907de7f0354cd145,71adf2c7741ed63f779fe8cebf9b4d1363fd18da1c5a49e39f32ec63cb8262f2,,,2026-08-25T22:32:04.883782+00:00,3c981168cbd4ecdaf012ec145720546b,,,,,c5c197657ad2f709ca2a22d3aff41bc8d29eaf0e5cb31dab967e8e9c2b932448,7a5127f1f2939238c43882777749dd863f9f457e8742475a28553288e82df500,,,2026-08-25T23:02:04.322066+00:00,75d46ecd684a2dc4b6a8e27daff7fed8db3fae5cae653b9ddb3099795df8cd6c,active,,,13,ACCEPTED,ALL_BASELINE_CONTROLS,,,,True,True,True,True,True,False,5PPXj1/w9b22fYjqfgWcBYVREiSZjW+4kC4MWEXSFrk=,c1389432fa941d8d7d4dfa3747a008ca6ce165212ee4738dfa20332634463b49,LVS6iX3xyk+AW89N8K7wd5i2P+GtpUmTpzID/3W7LU4=,f23938c990e545c6044c428059182613d89c0790519d26c8efae3d3471fac770,IvLMknNIogaJkg78vbTq8dvnzX9z8GGTu15OU+wvvjo=,d2de0eecb364b6ad6dfd68c57fbb2b61edd7f408c047202d5ab95910a24e2627,,,,,,,,,,,,,,,,,186a76321a04edc4f371aaa85b03d5ae9087d0b75f5d2f6e1e133d5f69bb8e16,audit_trails/artifacts/accepted_runtime_submissions/T2_DF_KS_TADP_client_001_r13_c1389432fa941d8d__186a76321a04edc4.json,,,,,,,,,,,,,bc56784a4de419b26e9648c0d50ac5e8fe43677e74e7e0e35a21378ac79518f9,a1f329367c42c75284d5efb43f8fb4ae8e8f0b1c43fa131a1c0883ea3a1e7262,,
346,adf2e79400d8d107e068e8e630365934,9009c28128737f7948fb54beb932f446c0ce27d5cbdefb4938dce83226ac7abd,2026-08-24T23:03:09.780908+00:00,TADP-SEC/14.0,CLIENT_CIPHERTEXT_BINDING,T2_DF_KS_TADP,,,,client_001,,,,,,,,,,,,,,,,,,,,,,,,,,,,,,,,,,,,,,,,CIPHERTEXT_BOUND_TO_SIGNED_UPDATE,,,,,,,,,,,,,,,,,C2_INTERNAL,2,,,,,,,,,,,,,3c981168cbd4ecdaf012ec145720546b,,,,,,,,,,,,,,13,VERIFIED,,,,,True,,,,,False,5PPXj1/w9b22fYjqfgWcBYVREiSZjW+4kC4MWEXSFrk=,c1389432fa941d8d7d4dfa3747a008ca6ce165212ee4738dfa20332634463b49,LVS6iX3xyk+AW89N8K7wd5i2P+GtpUmTpzID/3W7LU4=,f7bd8928155c483365fa338fa12139dec7829e5a739d6eaa0a947e53c9105dbe,IvLMknNIogaJkg78vbTq8dvnzX9z8GGTu15OU+wvvjo=,d2de0eecb364b6ad6dfd68c57fbb2b61edd7f408c047202d5ab95910a24e2627,T2: Modified-DF client encryption; Cloud multiplication/expansion and matrix-M KS after upload,reference_python,DFKS|d=25|lambda=10|m_prime_bits=80|m_bits=800|scale=1000000,df_client:client_001,,,,,,,,,75d3c71cb41a24390c27eb0cdaaffd809469b5a72ad81157180614db9be55d11,,ee652780bd9bcf8c0842698c03bd0e0c3295f4489b531f1ac007262218104029,audit_trails/artifacts/ciphertext_attestations/T2_DF_KS_TADP_client_001_r13_6f5d603f30593fb4__ee652780bd9bcf8c.json,,,,,,,,,,,,,,,a1f329367c42c75284d5efb43f8fb4ae8e8f0b1c43fa131a1c0883ea3a1e7262,b8a8f3c5b5d887e0a284de31c5bd0463f6f7d131dd46d124891b809335da21f9,,
347,626fa3894a68cd893135e131abdc1cd6,9009c28128737f7948fb54beb932f446c0ce27d5cbdefb4938dce83226ac7abd,2026-08-24T23:03:14.723359+00:00,TADP-SEC/14.0,CLIENT_ACCEPTED_SUBMISSION,T2_DF_KS_TADP,,,,client_001,,,,,,,,,,,2.3-phase1-fixed-threshold-critical-floor-review-profile,e910eb11d46f5a33a9f6a7d996c6c242f2a4caa089255874076d8ae12155dc94,2e5e1ea61ea1c71b07c235b309bb618daac98643cb3c0843acb266cd6b876512,cd72ec3b4911418e9899eae9aed63fa15aaf66633d0cb863f54d9ac8508d934e,833c0f503995ec3e68f8d11c30f392b1e756db044036faa02ce898eac71d1c91,VALIDATED_EVIDENCE_BUNDLE,,,,,,,,,,,,,,,,,,,,,,,,UPDATE_SUBMITTED_ENFORCED,,False,NOT_REQUIRED_AUTOMATED_POLICY,False,,,,,,,,,,,,,C2_INTERNAL,2,,,,,,,,6401d449cad49398af2f5e4da9bd6c0fbdde3a2a57f8a422907de7f0354cd145,71adf2c7741ed63f779fe8cebf9b4d1363fd18da1c5a49e39f32ec63cb8262f2,,,2026-08-25T22:32:04.883782+00:00,3c981168cbd4ecdaf012ec145720546b,,,,,c5c197657ad2f709ca2a22d3aff41bc8d29eaf0e5cb31dab967e8e9c2b932448,7a5127f1f2939238c43882777749dd863f9f457e8742475a28553288e82df500,,,2026-08-25T23:02:04.322066+00:00,75d46ecd684a2dc4b6a8e27daff7fed8db3fae5cae653b9ddb3099795df8cd6c,active,,,14,ACCEPTED,ALL_BASELINE_CONTROLS,,,,True,True,True,True,True,False,i2vid6SDtZFBVSr5oqO8fLblXOtOxSdttTQrIw6XdYo=,42082941f6e5a7f3c80aa73f9bdce5528179eaf5cf4c25aea84249d4d3b8b168,LVS6iX3xyk+AW89N8K7wd5i2P+GtpUmTpzID/3W7LU4=,18cc5a5de278a307fa4828970a129d47312e3275e8c293cf9faf0f70092577b9,65QDQNdQ/8EInNTEZhFOfoogk4sfJpGRC/7M/xvHwYU=,d2de0eecb364b6ad6dfd68c57fbb2b61edd7f408c047202d5ab95910a24e2627,,,,,,,,,,,,,,,,,46e38f87132ebfea4e61f3081fe69948dc5c8b7f83641a17e20df7ad636eb6a4,audit_trails/artifacts/accepted_runtime_submissions/T2_DF_KS_TADP_client_001_r14_42082941f6e5a7f3__46e38f87132ebfea.json,,,,,,,,,,,,,b8a8f3c5b5d887e0a284de31c5bd0463f6f7d131dd46d124891b809335da21f9,6d711c30709b5fddf6633c3f2e4931b81508d497afa1fdf0dc402a60a743cd82,,
348,555f7dfb4ef460a0ed06d3039ea9f23e,9009c28128737f7948fb54beb932f446c0ce27d5cbdefb4938dce83226ac7abd,2026-08-24T23:03:14.757586+00:00,TADP-SEC/14.0,CLIENT_CIPHERTEXT_BINDING,T2_DF_KS_TADP,,,,client_001,,,,,,,,,,,,,,,,,,,,,,,,,,,,,,,,,,,,,,,,CIPHERTEXT_BOUND_TO_SIGNED_UPDATE,,,,,,,,,,,,,,,,,C2_INTERNAL,2,,,,,,,,,,,,,3c981168cbd4ecdaf012ec145720546b,,,,,,,,,,,,,,14,VERIFIED,,,,,True,,,,,False,i2vid6SDtZFBVSr5oqO8fLblXOtOxSdttTQrIw6XdYo=,42082941f6e5a7f3c80aa73f9bdce5528179eaf5cf4c25aea84249d4d3b8b168,LVS6iX3xyk+AW89N8K7wd5i2P+GtpUmTpzID/3W7LU4=,cd11893171f588ac51ee62ebdbc1b6c01e32959ba8a9cc05a83f1e6dd3db2182,65QDQNdQ/8EInNTEZhFOfoogk4sfJpGRC/7M/xvHwYU=,d2de0eecb364b6ad6dfd68c57fbb2b61edd7f408c047202d5ab95910a24e2627,T2: Modified-DF client encryption; Cloud multiplication/expansion and matrix-M KS after upload,reference_python,DFKS|d=25|lambda=10|m_prime_bits=80|m_bits=800|scale=1000000,df_client:client_001,,,,,,,,,782e2d97285400f0c2b11ad4b7353e86fceb43b2c8be2f1aa9885c87ce624504,,73cb2296b22b47b1af4490767a52324e72cc4ff9d554c4ce8aff99851eabcdf4,audit_trails/artifacts/ciphertext_attestations/T2_DF_KS_TADP_client_001_r14_1de495a8e5a45a09__73cb2296b22b47b1.json,,,,,,,,,,,,,,,6d711c30709b5fddf6633c3f2e4931b81508d497afa1fdf0dc402a60a743cd82,638815956660ff4a19dc3f5bb1cc3766d17f4e00dde689ceaff5b055bfabcc27,,
349,d63059e0cfab905bdb44d2bf30650a05,9009c28128737f7948fb54beb932f446c0ce27d5cbdefb4938dce83226ac7abd,2026-08-24T23:03:20.536773+00:00,TADP-SEC/14.0,CLIENT_ACCEPTED_SUBMISSION,T2_DF_KS_TADP,,,,client_001,,,,,,,,,,,2.3-phase1-fixed-threshold-critical-floor-review-profile,e910eb11d46f5a33a9f6a7d996c6c242f2a4caa089255874076d8ae12155dc94,2e5e1ea61ea1c71b07c235b309bb618daac98643cb3c0843acb266cd6b876512,cd72ec3b4911418e9899eae9aed63fa15aaf66633d0cb863f54d9ac8508d934e,833c0f503995ec3e68f8d11c30f392b1e756db044036faa02ce898eac71d1c91,VALIDATED_EVIDENCE_BUNDLE,,,,,,,,,,,,,,,,,,,,,,,,UPDATE_SUBMITTED_ENFORCED,,False,NOT_REQUIRED_AUTOMATED_POLICY,False,,,,,,,,,,,,,C2_INTERNAL,2,,,,,,,,6401d449cad49398af2f5e4da9bd6c0fbdde3a2a57f8a422907de7f0354cd145,71adf2c7741ed63f779fe8cebf9b4d1363fd18da1c5a49e39f32ec63cb8262f2,,,2026-08-25T22:32:04.883782+00:00,3c981168cbd4ecdaf012ec145720546b,,,,,c5c197657ad2f709ca2a22d3aff41bc8d29eaf0e5cb31dab967e8e9c2b932448,7a5127f1f2939238c43882777749dd863f9f457e8742475a28553288e82df500,,,2026-08-25T23:02:04.322066+00:00,75d46ecd684a2dc4b6a8e27daff7fed8db3fae5cae653b9ddb3099795df8cd6c,active,,,15,ACCEPTED,ALL_BASELINE_CONTROLS,,,,True,True,True,True,True,False,1ObZZhwrhUwodn5TAAprG+du6TxXRFc4vIv3ual74Fc=,cc64f0caa34f94861931271de0a3dbd893d23f36be1ff721a022a4ed507734cc,LVS6iX3xyk+AW89N8K7wd5i2P+GtpUmTpzID/3W7LU4=,170abcc084b2912efd9965d47b5a29161534ab36bc55d499b30481112eba405f,q7cqNgKfZKfW/iBhn7hLeRTdDnF3oE7GRNB+Nq+hdhk=,d2de0eecb364b6ad6dfd68c57fbb2b61edd7f408c047202d5ab95910a24e2627,,,,,,,,,,,,,,,,,2544357ff4562d16e5e7e135e355b9b9cc7fff43711ea174d31ac4edb9fdd6b0,audit_trails/artifacts/accepted_runtime_submissions/T2_DF_KS_TADP_client_001_r15_cc64f0caa34f9486__2544357ff4562d16.json,,,,,,,,,,,,,638815956660ff4a19dc3f5bb1cc3766d17f4e00dde689ceaff5b055bfabcc27,9740fc1df710565b2ee0488dd08379d41872e738f31269f46f1cd271ea06bb8b,,
350,81c34c649c0e270b0b4067b306defd2d,9009c28128737f7948fb54beb932f446c0ce27d5cbdefb4938dce83226ac7abd,2026-08-24T23:03:20.563795+00:00,TADP-SEC/14.0,CLIENT_CIPHERTEXT_BINDING,T2_DF_KS_TADP,,,,client_001,,,,,,,,,,,,,,,,,,,,,,,,,,,,,,,,,,,,,,,,CIPHERTEXT_BOUND_TO_SIGNED_UPDATE,,,,,,,,,,,,,,,,,C2_INTERNAL,2,,,,,,,,,,,,,3c981168cbd4ecdaf012ec145720546b,,,,,,,,,,,,,,15,VERIFIED,,,,,True,,,,,False,1ObZZhwrhUwodn5TAAprG+du6TxXRFc4vIv3ual74Fc=,cc64f0caa34f94861931271de0a3dbd893d23f36be1ff721a022a4ed507734cc,LVS6iX3xyk+AW89N8K7wd5i2P+GtpUmTpzID/3W7LU4=,59468b8a3da401613f15eae3dcc42bdb6eae9660a0623e8ae1329752576999d9,q7cqNgKfZKfW/iBhn7hLeRTdDnF3oE7GRNB+Nq+hdhk=,d2de0eecb364b6ad6dfd68c57fbb2b61edd7f408c047202d5ab95910a24e2627,T2: Modified-DF client encryption; Cloud multiplication/expansion and matrix-M KS after upload,reference_python,DFKS|d=25|lambda=10|m_prime_bits=80|m_bits=800|scale=1000000,df_client:client_001,,,,,,,,,adae7bcf6171cf4a2f75f060e8af07622a5406610224fa54288b0bc844c7f5b6,,661815a0983a2c6a26bcf75175b5663efa1fcc7b68b9a8db072c932753b9239a,audit_trails/artifacts/ciphertext_attestations/T2_DF_KS_TADP_client_001_r15_8a10f409ad1d564a__661815a0983a2c6a.json,,,,,,,,,,,,,,,9740fc1df710565b2ee0488dd08379d41872e738f31269f46f1cd271ea06bb8b,6e98332788170fc2681449f10c64ce83a145e0f756db09d694d0d58a8dedc5ee,,
351,b2aca8443386b287bfd3e5fdf77f1cc2,9009c28128737f7948fb54beb932f446c0ce27d5cbdefb4938dce83226ac7abd,2026-08-24T23:03:25.333017+00:00,TADP-SEC/14.0,CLIENT_ACCEPTED_SUBMISSION,T2_DF_KS_TADP,,,,client_001,,,,,,,,,,,2.3-phase1-fixed-threshold-critical-floor-review-profile,e910eb11d46f5a33a9f6a7d996c6c242f2a4caa089255874076d8ae12155dc94,2e5e1ea61ea1c71b07c235b309bb618daac98643cb3c0843acb266cd6b876512,cd72ec3b4911418e9899eae9aed63fa15aaf66633d0cb863f54d9ac8508d934e,833c0f503995ec3e68f8d11c30f392b1e756db044036faa02ce898eac71d1c91,VALIDATED_EVIDENCE_BUNDLE,,,,,,,,,,,,,,,,,,,,,,,,UPDATE_SUBMITTED_ENFORCED,,False,NOT_REQUIRED_AUTOMATED_POLICY,False,,,,,,,,,,,,,C2_INTERNAL,2,,,,,,,,6401d449cad49398af2f5e4da9bd6c0fbdde3a2a57f8a422907de7f0354cd145,71adf2c7741ed63f779fe8cebf9b4d1363fd18da1c5a49e39f32ec63cb8262f2,,,2026-08-25T22:32:04.883782+00:00,3c981168cbd4ecdaf012ec145720546b,,,,,c5c197657ad2f709ca2a22d3aff41bc8d29eaf0e5cb31dab967e8e9c2b932448,7a5127f1f2939238c43882777749dd863f9f457e8742475a28553288e82df500,,,2026-08-25T23:02:04.322066+00:00,75d46ecd684a2dc4b6a8e27daff7fed8db3fae5cae653b9ddb3099795df8cd6c,active,,,16,ACCEPTED,ALL_BASELINE_CONTROLS,,,,True,True,True,True,True,False,PHC0+T7cwp21NI0sO4B7LUoG+sKv7r2t5tqL6cr4H/c=,4d9580e500f43b632f78e449ba2dd1c4a2737cff49c765598864ef141251d0fa,LVS6iX3xyk+AW89N8K7wd5i2P+GtpUmTpzID/3W7LU4=,cc6ac0734f73ac2864487b57249ff1b968ff3ee703cc6ee22391c4ff54251bc4,rEHGREG/3r6fk/8p5tqj8qdsJld6TG06XXRLB+NucaQ=,d2de0eecb364b6ad6dfd68c57fbb2b61edd7f408c047202d5ab95910a24e2627,,,,,,,,,,,,,,,,,712e6abee07811283f30b8ef227c46c428c931d14b95d760712571dd58e93be1,audit_trails/artifacts/accepted_runtime_submissions/T2_DF_KS_TADP_client_001_r16_4d9580e500f43b63__712e6abee0781128.json,,,,,,,,,,,,,6e98332788170fc2681449f10c64ce83a145e0f756db09d694d0d58a8dedc5ee,0aaa6fc4ab64209894a7a8ab552b59dab83d5350401301b7fd003aedfe573108,,
352,b1cbb018cd5373b19ecc453525482eb6,9009c28128737f7948fb54beb932f446c0ce27d5cbdefb4938dce83226ac7abd,2026-08-24T23:03:25.358981+00:00,TADP-SEC/14.0,CLIENT_CIPHERTEXT_BINDING,T2_DF_KS_TADP,,,,client_001,,,,,,,,,,,,,,,,,,,,,,,,,,,,,,,,,,,,,,,,CIPHERTEXT_BOUND_TO_SIGNED_UPDATE,,,,,,,,,,,,,,,,,C2_INTERNAL,2,,,,,,,,,,,,,3c981168cbd4ecdaf012ec145720546b,,,,,,,,,,,,,,16,VERIFIED,,,,,True,,,,,False,PHC0+T7cwp21NI0sO4B7LUoG+sKv7r2t5tqL6cr4H/c=,4d9580e500f43b632f78e449ba2dd1c4a2737cff49c765598864ef141251d0fa,LVS6iX3xyk+AW89N8K7wd5i2P+GtpUmTpzID/3W7LU4=,0e152a1ee0f059da292ec719c7e5b716a259d791f90df699e29dfb83af3e9722,rEHGREG/3r6fk/8p5tqj8qdsJld6TG06XXRLB+NucaQ=,d2de0eecb364b6ad6dfd68c57fbb2b61edd7f408c047202d5ab95910a24e2627,T2: Modified-DF client encryption; Cloud multiplication/expansion and matrix-M KS after upload,reference_python,DFKS|d=25|lambda=10|m_prime_bits=80|m_bits=800|scale=1000000,df_client:client_001,,,,,,,,,f4c761fde1a3e302db9f37b1eb945f42e8c1175ac899bb4948fb28021292acc6,,2b0994802af9c2df8b011824cfb5ede1899f23182c6ed9538b0bd970aba91ce0,audit_trails/artifacts/ciphertext_attestations/T2_DF_KS_TADP_client_001_r16_fc2cfb1063c4f78b__2b0994802af9c2df.json,,,,,,,,,,,,,,,0aaa6fc4ab64209894a7a8ab552b59dab83d5350401301b7fd003aedfe573108,2746797078a57ed78c663a1cbcabeee57096a948455c74aed3e912799c1b3e1e,,
353,cd5ff352769df2093c83859447c07658,9009c28128737f7948fb54beb932f446c0ce27d5cbdefb4938dce83226ac7abd,2026-08-24T23:03:31.736818+00:00,TADP-SEC/14.0,CLIENT_ACCEPTED_SUBMISSION,T2_DF_KS_TADP,,,,client_001,,,,,,,,,,,2.3-phase1-fixed-threshold-critical-floor-review-profile,e910eb11d46f5a33a9f6a7d996c6c242f2a4caa089255874076d8ae12155dc94,2e5e1ea61ea1c71b07c235b309bb618daac98643cb3c0843acb266cd6b876512,cd72ec3b4911418e9899eae9aed63fa15aaf66633d0cb863f54d9ac8508d934e,833c0f503995ec3e68f8d11c30f392b1e756db044036faa02ce898eac71d1c91,VALIDATED_EVIDENCE_BUNDLE,,,,,,,,,,,,,,,,,,,,,,,,UPDATE_SUBMITTED_ENFORCED,,False,NOT_REQUIRED_AUTOMATED_POLICY,False,,,,,,,,,,,,,C2_INTERNAL,2,,,,,,,,6401d449cad49398af2f5e4da9bd6c0fbdde3a2a57f8a422907de7f0354cd145,71adf2c7741ed63f779fe8cebf9b4d1363fd18da1c5a49e39f32ec63cb8262f2,,,2026-08-25T22:32:04.883782+00:00,3c981168cbd4ecdaf012ec145720546b,,,,,c5c197657ad2f709ca2a22d3aff41bc8d29eaf0e5cb31dab967e8e9c2b932448,7a5127f1f2939238c43882777749dd863f9f457e8742475a28553288e82df500,,,2026-08-25T23:02:04.322066+00:00,75d46ecd684a2dc4b6a8e27daff7fed8db3fae5cae653b9ddb3099795df8cd6c,active,,,17,ACCEPTED,ALL_BASELINE_CONTROLS,,,,True,True,True,True,True,False,oAlP/8vnC27RCovtmXtEPqjC2jZRFtoX4YgN5ND2u2w=,d4dcddba2216b43ccd698f66630bf3ae6cd22bd5decc574181fa4709ab4daeba,LVS6iX3xyk+AW89N8K7wd5i2P+GtpUmTpzID/3W7LU4=,28ed3d3752ed3faa15b31a14d9ad5e95f58cf5722d0e8a3fb177bb2e5245374a,4TosOSoDgiEGcMNDSKPSgkiUbjtHcEQ8/rcAiXvho5Q=,d2de0eecb364b6ad6dfd68c57fbb2b61edd7f408c047202d5ab95910a24e2627,,,,,,,,,,,,,,,,,d42c54f13638a0985caafc8c350b21de5aa6514463aeba339fd831b60335b033,audit_trails/artifacts/accepted_runtime_submissions/T2_DF_KS_TADP_client_001_r17_d4dcddba2216b43c__d42c54f13638a098.json,,,,,,,,,,,,,2746797078a57ed78c663a1cbcabeee57096a948455c74aed3e912799c1b3e1e,42f0e198f01820ebbf5bfd2f5f02d4fe4cf05745df26114a9415ce07b8efe647,,
354,5e1dfe6eb6b29e2c585642c9a26d2deb,9009c28128737f7948fb54beb932f446c0ce27d5cbdefb4938dce83226ac7abd,2026-08-24T23:03:31.764201+00:00,TADP-SEC/14.0,CLIENT_CIPHERTEXT_BINDING,T2_DF_KS_TADP,,,,client_001,,,,,,,,,,,,,,,,,,,,,,,,,,,,,,,,,,,,,,,,CIPHERTEXT_BOUND_TO_SIGNED_UPDATE,,,,,,,,,,,,,,,,,C2_INTERNAL,2,,,,,,,,,,,,,3c981168cbd4ecdaf012ec145720546b,,,,,,,,,,,,,,17,VERIFIED,,,,,True,,,,,False,oAlP/8vnC27RCovtmXtEPqjC2jZRFtoX4YgN5ND2u2w=,d4dcddba2216b43ccd698f66630bf3ae6cd22bd5decc574181fa4709ab4daeba,LVS6iX3xyk+AW89N8K7wd5i2P+GtpUmTpzID/3W7LU4=,b4abad6130816c994c2dd8d85bacb4889eee339e7ef3fa017a9b52d134b48fff,4TosOSoDgiEGcMNDSKPSgkiUbjtHcEQ8/rcAiXvho5Q=,d2de0eecb364b6ad6dfd68c57fbb2b61edd7f408c047202d5ab95910a24e2627,T2: Modified-DF client encryption; Cloud multiplication/expansion and matrix-M KS after upload,reference_python,DFKS|d=25|lambda=10|m_prime_bits=80|m_bits=800|scale=1000000,df_client:client_001,,,,,,,,,aa3802140da0b3a449d9ba74d95e2c4d163ac94e1ae722d89aa3c8a9919e1893,,decfc5342cd80915ebd5a9d190eb46e59d0c5a957a191ceaa9b7c428c788a319,audit_trails/artifacts/ciphertext_attestations/T2_DF_KS_TADP_client_001_r17_e0a493b18c312175__decfc5342cd80915.json,,,,,,,,,,,,,,,42f0e198f01820ebbf5bfd2f5f02d4fe4cf05745df26114a9415ce07b8efe647,973167188be51841f943800f36de2a12eb5f35556c7ce570818ffb34be2bf332,,
355,b3a0f84f5d7a0b4b0d5432bde1b5e1d2,9009c28128737f7948fb54beb932f446c0ce27d5cbdefb4938dce83226ac7abd,2026-08-24T23:03:36.498101+00:00,TADP-SEC/14.0,CLIENT_ACCEPTED_SUBMISSION,T2_DF_KS_TADP,,,,client_001,,,,,,,,,,,2.3-phase1-fixed-threshold-critical-floor-review-profile,e910eb11d46f5a33a9f6a7d996c6c242f2a4caa089255874076d8ae12155dc94,2e5e1ea61ea1c71b07c235b309bb618daac98643cb3c0843acb266cd6b876512,cd72ec3b4911418e9899eae9aed63fa15aaf66633d0cb863f54d9ac8508d934e,833c0f503995ec3e68f8d11c30f392b1e756db044036faa02ce898eac71d1c91,VALIDATED_EVIDENCE_BUNDLE,,,,,,,,,,,,,,,,,,,,,,,,UPDATE_SUBMITTED_ENFORCED,,False,NOT_REQUIRED_AUTOMATED_POLICY,False,,,,,,,,,,,,,C2_INTERNAL,2,,,,,,,,6401d449cad49398af2f5e4da9bd6c0fbdde3a2a57f8a422907de7f0354cd145,71adf2c7741ed63f779fe8cebf9b4d1363fd18da1c5a49e39f32ec63cb8262f2,,,2026-08-25T22:32:04.883782+00:00,3c981168cbd4ecdaf012ec145720546b,,,,,c5c197657ad2f709ca2a22d3aff41bc8d29eaf0e5cb31dab967e8e9c2b932448,7a5127f1f2939238c43882777749dd863f9f457e8742475a28553288e82df500,,,2026-08-25T23:02:04.322066+00:00,75d46ecd684a2dc4b6a8e27daff7fed8db3fae5cae653b9ddb3099795df8cd6c,active,,,18,ACCEPTED,ALL_BASELINE_CONTROLS,,,,True,True,True,True,True,False,JqNUc6uKndChPxA+ud7aBi2E7xCPBISXA3l0+I3J+W4=,56a652a36a66c5cde838d6821aee9ce88970d564c033c708b26a69939f0e93ef,LVS6iX3xyk+AW89N8K7wd5i2P+GtpUmTpzID/3W7LU4=,3e2053214d2608d2fa908d75d9de4574ccf11b530251716bcdd014ac1d353c23,hgv3MULF1cCY9mmP0qTci6GjkeTaDTsuDbjsdoq09mQ=,d2de0eecb364b6ad6dfd68c57fbb2b61edd7f408c047202d5ab95910a24e2627,,,,,,,,,,,,,,,,,8c65b5d3d80d1ad6b86d59185323925a210385347a296f6d52ac71edc22a4dcc,audit_trails/artifacts/accepted_runtime_submissions/T2_DF_KS_TADP_client_001_r18_56a652a36a66c5cd__8c65b5d3d80d1ad6.json,,,,,,,,,,,,,973167188be51841f943800f36de2a12eb5f35556c7ce570818ffb34be2bf332,1332541cf1fb04024348d3b7b56306948363f2d61fb363b9f61845d9e64f36db,,
356,1b7558089d4ed16cb8e2ef0cec3fd935,9009c28128737f7948fb54beb932f446c0ce27d5cbdefb4938dce83226ac7abd,2026-08-24T23:03:36.524685+00:00,TADP-SEC/14.0,CLIENT_CIPHERTEXT_BINDING,T2_DF_KS_TADP,,,,client_001,,,,,,,,,,,,,,,,,,,,,,,,,,,,,,,,,,,,,,,,CIPHERTEXT_BOUND_TO_SIGNED_UPDATE,,,,,,,,,,,,,,,,,C2_INTERNAL,2,,,,,,,,,,,,,3c981168cbd4ecdaf012ec145720546b,,,,,,,,,,,,,,18,VERIFIED,,,,,True,,,,,False,JqNUc6uKndChPxA+ud7aBi2E7xCPBISXA3l0+I3J+W4=,56a652a36a66c5cde838d6821aee9ce88970d564c033c708b26a69939f0e93ef,LVS6iX3xyk+AW89N8K7wd5i2P+GtpUmTpzID/3W7LU4=,490b32a1e8eff2eefb6968b44284474480807ff5c258e03e1f4a008de060446f,hgv3MULF1cCY9mmP0qTci6GjkeTaDTsuDbjsdoq09mQ=,d2de0eecb364b6ad6dfd68c57fbb2b61edd7f408c047202d5ab95910a24e2627,T2: Modified-DF client encryption; Cloud multiplication/expansion and matrix-M KS after upload,reference_python,DFKS|d=25|lambda=10|m_prime_bits=80|m_bits=800|scale=1000000,df_client:client_001,,,,,,,,,e403627fd2e54b07ce56b65076f979dc6887e684e110664ca3d93174d8e31b8c,,fea6886a769283a0cff38f57387ea6da72057b2aa672bd0ecbe1324e4c258a76,audit_trails/artifacts/ciphertext_attestations/T2_DF_KS_TADP_client_001_r18_66446856f74d7df6__fea6886a769283a0.json,,,,,,,,,,,,,,,1332541cf1fb04024348d3b7b56306948363f2d61fb363b9f61845d9e64f36db,6c8bfe17eb025e1ad8d9219eb96b6dafcb01ce22a06940b7fa9e31fa5de2df18,,
357,f9d02590e6df4c35b67dd9e3a926aa78,9009c28128737f7948fb54beb932f446c0ce27d5cbdefb4938dce83226ac7abd,2026-08-24T23:03:41.471762+00:00,TADP-SEC/14.0,CLIENT_ACCEPTED_SUBMISSION,T2_DF_KS_TADP,,,,client_001,,,,,,,,,,,2.3-phase1-fixed-threshold-critical-floor-review-profile,e910eb11d46f5a33a9f6a7d996c6c242f2a4caa089255874076d8ae12155dc94,2e5e1ea61ea1c71b07c235b309bb618daac98643cb3c0843acb266cd6b876512,cd72ec3b4911418e9899eae9aed63fa15aaf66633d0cb863f54d9ac8508d934e,833c0f503995ec3e68f8d11c30f392b1e756db044036faa02ce898eac71d1c91,VALIDATED_EVIDENCE_BUNDLE,,,,,,,,,,,,,,,,,,,,,,,,UPDATE_SUBMITTED_ENFORCED,,False,NOT_REQUIRED_AUTOMATED_POLICY,False,,,,,,,,,,,,,C2_INTERNAL,2,,,,,,,,6401d449cad49398af2f5e4da9bd6c0fbdde3a2a57f8a422907de7f0354cd145,71adf2c7741ed63f779fe8cebf9b4d1363fd18da1c5a49e39f32ec63cb8262f2,,,2026-08-25T22:32:04.883782+00:00,3c981168cbd4ecdaf012ec145720546b,,,,,c5c197657ad2f709ca2a22d3aff41bc8d29eaf0e5cb31dab967e8e9c2b932448,7a5127f1f2939238c43882777749dd863f9f457e8742475a28553288e82df500,,,2026-08-25T23:02:04.322066+00:00,75d46ecd684a2dc4b6a8e27daff7fed8db3fae5cae653b9ddb3099795df8cd6c,active,,,19,ACCEPTED,ALL_BASELINE_CONTROLS,,,,True,True,True,True,True,False,a41amnbGZE0qbOKAtgth5Jj8KYyF0HtX1o1WongNd8g=,e1b94461197667e58ba35c041299eef35f405384f655d78948a232596244822e,LVS6iX3xyk+AW89N8K7wd5i2P+GtpUmTpzID/3W7LU4=,3ea573073ff3868c10d7b334ffb8bdb445ba851eac39df4c64bcb21fd9239266,f9tBD+hby3mddjne+3xEfzCwjZ0Wr+hnbptnZGSui8Y=,d2de0eecb364b6ad6dfd68c57fbb2b61edd7f408c047202d5ab95910a24e2627,,,,,,,,,,,,,,,,,d6f3f5e1103498e2c7de9dc828e24c650f95b89ee91553d21392edad41eb891f,audit_trails/artifacts/accepted_runtime_submissions/T2_DF_KS_TADP_client_001_r19_e1b94461197667e5__d6f3f5e1103498e2.json,,,,,,,,,,,,,6c8bfe17eb025e1ad8d9219eb96b6dafcb01ce22a06940b7fa9e31fa5de2df18,fd572462af48a63a3f91122699212bfd39b4970550c07c2dc2ca294b7292ca97,,
358,48e02daccf4851002ac44fe30c5d6e88,9009c28128737f7948fb54beb932f446c0ce27d5cbdefb4938dce83226ac7abd,2026-08-24T23:03:41.507401+00:00,TADP-SEC/14.0,CLIENT_CIPHERTEXT_BINDING,T2_DF_KS_TADP,,,,client_001,,,,,,,,,,,,,,,,,,,,,,,,,,,,,,,,,,,,,,,,CIPHERTEXT_BOUND_TO_SIGNED_UPDATE,,,,,,,,,,,,,,,,,C2_INTERNAL,2,,,,,,,,,,,,,3c981168cbd4ecdaf012ec145720546b,,,,,,,,,,,,,,19,VERIFIED,,,,,True,,,,,False,a41amnbGZE0qbOKAtgth5Jj8KYyF0HtX1o1WongNd8g=,e1b94461197667e58ba35c041299eef35f405384f655d78948a232596244822e,LVS6iX3xyk+AW89N8K7wd5i2P+GtpUmTpzID/3W7LU4=,b071dea1cde53d8f7aeab1f8d0a33314a6b9576b44797ce96df549ee2f9eb4b1,f9tBD+hby3mddjne+3xEfzCwjZ0Wr+hnbptnZGSui8Y=,d2de0eecb364b6ad6dfd68c57fbb2b61edd7f408c047202d5ab95910a24e2627,T2: Modified-DF client encryption; Cloud multiplication/expansion and matrix-M KS after upload,reference_python,DFKS|d=25|lambda=10|m_prime_bits=80|m_bits=800|scale=1000000,df_client:client_001,,,,,,,,,aaafaf3712a3e9c10342371ee0a5465ff002d06e3eb81dc857e09fa2b50af140,,03fbaac22c0fd86c6be3093678c77d0239ca147883721e7a0c36a69e72becbfc,audit_trails/artifacts/ciphertext_attestations/T2_DF_KS_TADP_client_001_r19_ea426b577ea5f4b8__03fbaac22c0fd86c.json,,,,,,,,,,,,,,,fd572462af48a63a3f91122699212bfd39b4970550c07c2dc2ca294b7292ca97,b23b431dfd793e2a1122faff3ee4a38c6ba38730e5651436d7602e4e01f509d2,,
359,50d2904e0832f0ac0cdb989031be26a9,9009c28128737f7948fb54beb932f446c0ce27d5cbdefb4938dce83226ac7abd,2026-08-24T23:03:47.375390+00:00,TADP-SEC/14.0,CLIENT_ACCEPTED_SUBMISSION,T2_DF_KS_TADP,,,,client_001,,,,,,,,,,,2.3-phase1-fixed-threshold-critical-floor-review-profile,e910eb11d46f5a33a9f6a7d996c6c242f2a4caa089255874076d8ae12155dc94,2e5e1ea61ea1c71b07c235b309bb618daac98643cb3c0843acb266cd6b876512,cd72ec3b4911418e9899eae9aed63fa15aaf66633d0cb863f54d9ac8508d934e,833c0f503995ec3e68f8d11c30f392b1e756db044036faa02ce898eac71d1c91,VALIDATED_EVIDENCE_BUNDLE,,,,,,,,,,,,,,,,,,,,,,,,UPDATE_SUBMITTED_ENFORCED,,False,NOT_REQUIRED_AUTOMATED_POLICY,False,,,,,,,,,,,,,C2_INTERNAL,2,,,,,,,,6401d449cad49398af2f5e4da9bd6c0fbdde3a2a57f8a422907de7f0354cd145,71adf2c7741ed63f779fe8cebf9b4d1363fd18da1c5a49e39f32ec63cb8262f2,,,2026-08-25T22:32:04.883782+00:00,3c981168cbd4ecdaf012ec145720546b,,,,,c5c197657ad2f709ca2a22d3aff41bc8d29eaf0e5cb31dab967e8e9c2b932448,7a5127f1f2939238c43882777749dd863f9f457e8742475a28553288e82df500,,,2026-08-25T23:02:04.322066+00:00,75d46ecd684a2dc4b6a8e27daff7fed8db3fae5cae653b9ddb3099795df8cd6c,active,,,20,ACCEPTED,ALL_BASELINE_CONTROLS,,,,True,True,True,True,True,False,o7mWymlZZWBN6NgKKcXjbB3WDBH7Q+9Js7N5Dy6nLx8=,39761a7f656257016a19b3b5523b67d41019f534685f5e965f2d08d783568b00,LVS6iX3xyk+AW89N8K7wd5i2P+GtpUmTpzID/3W7LU4=,a59f8c8c27b96a578a079a360acd80153cffff420c44e4703364a0c32d0e5bf2,rrkoq1e/434bEh+enJAN5FEjFWT0aIhC9hRE7PW+YWA=,d2de0eecb364b6ad6dfd68c57fbb2b61edd7f408c047202d5ab95910a24e2627,,,,,,,,,,,,,,,,,7efc1855804f70453f2c0b7872385fce27221a8772bad458df48ea581e6885af,audit_trails/artifacts/accepted_runtime_submissions/T2_DF_KS_TADP_client_001_r20_39761a7f65625701__7efc1855804f7045.json,,,,,,,,,,,,,b23b431dfd793e2a1122faff3ee4a38c6ba38730e5651436d7602e4e01f509d2,c8fc2db6ca7fc7ff5b5a6dcb685d917cd7b7ed0154e6f066d4c6153f24f33671,,
360,ae78f1170ada2b475ff947547429e257,9009c28128737f7948fb54beb932f446c0ce27d5cbdefb4938dce83226ac7abd,2026-08-24T23:03:47.403263+00:00,TADP-SEC/14.0,CLIENT_CIPHERTEXT_BINDING,T2_DF_KS_TADP,,,,client_001,,,,,,,,,,,,,,,,,,,,,,,,,,,,,,,,,,,,,,,,CIPHERTEXT_BOUND_TO_SIGNED_UPDATE,,,,,,,,,,,,,,,,,C2_INTERNAL,2,,,,,,,,,,,,,3c981168cbd4ecdaf012ec145720546b,,,,,,,,,,,,,,20,VERIFIED,,,,,True,,,,,False,o7mWymlZZWBN6NgKKcXjbB3WDBH7Q+9Js7N5Dy6nLx8=,39761a7f656257016a19b3b5523b67d41019f534685f5e965f2d08d783568b00,LVS6iX3xyk+AW89N8K7wd5i2P+GtpUmTpzID/3W7LU4=,5a41465afc69c3a4e26d3a7e826b7301ab8b59279fdad09598742c0b164fccce,rrkoq1e/434bEh+enJAN5FEjFWT0aIhC9hRE7PW+YWA=,d2de0eecb364b6ad6dfd68c57fbb2b61edd7f408c047202d5ab95910a24e2627,T2: Modified-DF client encryption; Cloud multiplication/expansion and matrix-M KS after upload,reference_python,DFKS|d=25|lambda=10|m_prime_bits=80|m_bits=800|scale=1000000,df_client:client_001,,,,,,,,,8bcef0cda29c5a8a8fc713b424f96244ce457d914755faee4c4f500ea342adcf,,5e3ca6983accb665b43bf57a7ff544891ffbdc61b85a219b5fb3e4aaa3ca8d3d,audit_trails/artifacts/ciphertext_attestations/T2_DF_KS_TADP_client_001_r20_c845af699a4c387e__5e3ca6983accb665.json,,,,,,,,,,,,,,,c8fc2db6ca7fc7ff5b5a6dcb685d917cd7b7ed0154e6f066d4c6153f24f33671,d2f4eeda68efe12df3f9eb6ec5318de69a0db8d2f9d9b638c4192461d5ac8954,,
361,5103fb7af98a3b561825d6056c44b714,9009c28128737f7948fb54beb932f446c0ce27d5cbdefb4938dce83226ac7abd,2026-08-24T23:03:52.828366+00:00,TADP-SEC/14.0,CLIENT_ACCEPTED_SUBMISSION,T2_DF_KS_TADP,,,,client_001,,,,,,,,,,,2.3-phase1-fixed-threshold-critical-floor-review-profile,e910eb11d46f5a33a9f6a7d996c6c242f2a4caa089255874076d8ae12155dc94,2e5e1ea61ea1c71b07c235b309bb618daac98643cb3c0843acb266cd6b876512,cd72ec3b4911418e9899eae9aed63fa15aaf66633d0cb863f54d9ac8508d934e,833c0f503995ec3e68f8d11c30f392b1e756db044036faa02ce898eac71d1c91,VALIDATED_EVIDENCE_BUNDLE,,,,,,,,,,,,,,,,,,,,,,,,UPDATE_SUBMITTED_ENFORCED,,False,NOT_REQUIRED_AUTOMATED_POLICY,False,,,,,,,,,,,,,C2_INTERNAL,2,,,,,,,,6401d449cad49398af2f5e4da9bd6c0fbdde3a2a57f8a422907de7f0354cd145,71adf2c7741ed63f779fe8cebf9b4d1363fd18da1c5a49e39f32ec63cb8262f2,,,2026-08-25T22:32:04.883782+00:00,bc341d956f9235d8a701ff3def5e7d84,,,,,06954fb714449c422d2eb0357cbf7e9575af4f6ee033204fb181adc36387400e,ead8c92dcb854af94545e81dab0dd2487a4d0d0a81c3980906e307ca01e508c0,,,2026-08-25T23:03:52.073054+00:00,75d46ecd684a2dc4b6a8e27daff7fed8db3fae5cae653b9ddb3099795df8cd6c,active,,,1,ACCEPTED,ALL_BASELINE_CONTROLS,,,,True,True,True,True,True,False,hSBtJxplmaaBg9TPt9QBihfiJ+FTwlZqUzT5KgjW19I=,74ff43dee3db18dffcba5e73d91b2263f8b8d44bc1de2a87c2a6e6cc2b32a369,LVS6iX3xyk+AW89N8K7wd5i2P+GtpUmTpzID/3W7LU4=,16e14ca8e404bc070209f8404df0216312209d143be52ee216739a9158222222,nZlI5+ROpc+vVdC4sfzi2UzEPUGbS1lwGIMLMKaoNKY=,d2de0eecb364b6ad6dfd68c57fbb2b61edd7f408c047202d5ab95910a24e2627,,,,,,,,,,,,,,,,,c554da57a887af865c6498335d6779cb7b0c5dc7cddc9a676bd07b8521d4b37e,audit_trails/artifacts/accepted_runtime_submissions/T2_DF_KS_TADP_client_001_r1_74ff43dee3db18df__c554da57a887af86.json,,,,,,,,,,,,,d2f4eeda68efe12df3f9eb6ec5318de69a0db8d2f9d9b638c4192461d5ac8954,27464d68177dd83554f6550f8faff126c55ffe31df630a79db38418685aa61ce,,
362,c95d867d2d32ad50f66da6f6b5ed4613,9009c28128737f7948fb54beb932f446c0ce27d5cbdefb4938dce83226ac7abd,2026-08-24T23:03:52.856920+00:00,TADP-SEC/14.0,CLIENT_CIPHERTEXT_BINDING,T2_DF_KS_TADP,,,,client_001,,,,,,,,,,,,,,,,,,,,,,,,,,,,,,,,,,,,,,,,CIPHERTEXT_BOUND_TO_SIGNED_UPDATE,,,,,,,,,,,,,,,,,C2_INTERNAL,2,,,,,,,,,,,,,bc341d956f9235d8a701ff3def5e7d84,,,,,,,,,,,,,,1,VERIFIED,,,,,True,,,,,False,hSBtJxplmaaBg9TPt9QBihfiJ+FTwlZqUzT5KgjW19I=,74ff43dee3db18dffcba5e73d91b2263f8b8d44bc1de2a87c2a6e6cc2b32a369,LVS6iX3xyk+AW89N8K7wd5i2P+GtpUmTpzID/3W7LU4=,b6da3b3d7c35bd6e3f2d0eded4ef83f94f3137948a2e856e573dc3dc4ecb65c5,nZlI5+ROpc+vVdC4sfzi2UzEPUGbS1lwGIMLMKaoNKY=,d2de0eecb364b6ad6dfd68c57fbb2b61edd7f408c047202d5ab95910a24e2627,T2: Modified-DF client encryption; Cloud multiplication/expansion and matrix-M KS after upload,reference_python,DFKS|d=25|lambda=10|m_prime_bits=80|m_bits=800|scale=1000000,df_client:client_001,,,,,,,,,782ea0fa0c8b60e45ed0055e7e90c20adb9569eb1d83f1645a526be13a9dc93d,,fe72da031556a377c7e55fea1466b210f3da162931bebb89ed102abca2021304,audit_trails/artifacts/ciphertext_attestations/T2_DF_KS_TADP_client_001_r1_a14f63ad916e10e6__fe72da031556a377.json,,,,,,,,,,,,,,,27464d68177dd83554f6550f8faff126c55ffe31df630a79db38418685aa61ce,65e973350363d91efa2818f467081103cdeeddb3e5322e43c26b41710e67ed77,,
363,bef65f3e9e107562ef32f0aa73bb96de,9009c28128737f7948fb54beb932f446c0ce27d5cbdefb4938dce83226ac7abd,2026-08-24T23:03:59.128176+00:00,TADP-SEC/14.0,CLIENT_ACCEPTED_SUBMISSION,T2_DF_KS_TADP,,,,client_001,,,,,,,,,,,2.3-phase1-fixed-threshold-critical-floor-review-profile,e910eb11d46f5a33a9f6a7d996c6c242f2a4caa089255874076d8ae12155dc94,2e5e1ea61ea1c71b07c235b309bb618daac98643cb3c0843acb266cd6b876512,cd72ec3b4911418e9899eae9aed63fa15aaf66633d0cb863f54d9ac8508d934e,833c0f503995ec3e68f8d11c30f392b1e756db044036faa02ce898eac71d1c91,VALIDATED_EVIDENCE_BUNDLE,,,,,,,,,,,,,,,,,,,,,,,,UPDATE_SUBMITTED_ENFORCED,,False,NOT_REQUIRED_AUTOMATED_POLICY,False,,,,,,,,,,,,,C2_INTERNAL,2,,,,,,,,6401d449cad49398af2f5e4da9bd6c0fbdde3a2a57f8a422907de7f0354cd145,71adf2c7741ed63f779fe8cebf9b4d1363fd18da1c5a49e39f32ec63cb8262f2,,,2026-08-25T22:32:04.883782+00:00,bc341d956f9235d8a701ff3def5e7d84,,,,,06954fb714449c422d2eb0357cbf7e9575af4f6ee033204fb181adc36387400e,ead8c92dcb854af94545e81dab0dd2487a4d0d0a81c3980906e307ca01e508c0,,,2026-08-25T23:03:52.073054+00:00,75d46ecd684a2dc4b6a8e27daff7fed8db3fae5cae653b9ddb3099795df8cd6c,active,,,2,ACCEPTED,ALL_BASELINE_CONTROLS,,,,True,True,True,True,True,False,ODDPWbRdtTfwkfyqpSgGIOjclS4HW2SEAQ9yxWipaIU=,5287bba37aa27452f355f3108a79ae899e77c2c8bc724d7015ba733c460f578a,LVS6iX3xyk+AW89N8K7wd5i2P+GtpUmTpzID/3W7LU4=,de58d035a9ccc5b184abb1ad8e3df052d38f2058cf66c14b1f59b66d97f4c393,EYof+5eumTDHQh/uZIxApd4UCKfevNGDliv71r52VWE=,d2de0eecb364b6ad6dfd68c57fbb2b61edd7f408c047202d5ab95910a24e2627,,,,,,,,,,,,,,,,,c670ed58eb9774c7668ba76bddb3b0629bc69529d728f2f994dfd1b4e3393f21,audit_trails/artifacts/accepted_runtime_submissions/T2_DF_KS_TADP_client_001_r2_5287bba37aa27452__c670ed58eb9774c7.json,,,,,,,,,,,,,65e973350363d91efa2818f467081103cdeeddb3e5322e43c26b41710e67ed77,d4a73f9e3d87a634b2a759aaa53f71196bfa599e459076a030d76488255ffada,,
364,905bdc72fe07d3178e2b9a6e85936e69,9009c28128737f7948fb54beb932f446c0ce27d5cbdefb4938dce83226ac7abd,2026-08-24T23:03:59.155381+00:00,TADP-SEC/14.0,CLIENT_CIPHERTEXT_BINDING,T2_DF_KS_TADP,,,,client_001,,,,,,,,,,,,,,,,,,,,,,,,,,,,,,,,,,,,,,,,CIPHERTEXT_BOUND_TO_SIGNED_UPDATE,,,,,,,,,,,,,,,,,C2_INTERNAL,2,,,,,,,,,,,,,bc341d956f9235d8a701ff3def5e7d84,,,,,,,,,,,,,,2,VERIFIED,,,,,True,,,,,False,ODDPWbRdtTfwkfyqpSgGIOjclS4HW2SEAQ9yxWipaIU=,5287bba37aa27452f355f3108a79ae899e77c2c8bc724d7015ba733c460f578a,LVS6iX3xyk+AW89N8K7wd5i2P+GtpUmTpzID/3W7LU4=,6f5d807f828ac383396ec62f542f25c40096b788b5143f878d081602f7646561,EYof+5eumTDHQh/uZIxApd4UCKfevNGDliv71r52VWE=,d2de0eecb364b6ad6dfd68c57fbb2b61edd7f408c047202d5ab95910a24e2627,T2: Modified-DF client encryption; Cloud multiplication/expansion and matrix-M KS after upload,reference_python,DFKS|d=25|lambda=10|m_prime_bits=80|m_bits=800|scale=1000000,df_client:client_001,,,,,,,,,0aefb8d70c4a9716da0ba5cf210f26cbc0c824556723444c21653d7d50cf5293,,772958001a3fd08b15f843110560475914bed7b76e7b0b554ac79808fb65829e,audit_trails/artifacts/ciphertext_attestations/T2_DF_KS_TADP_client_001_r2_12b5955c29335172__772958001a3fd08b.json,,,,,,,,,,,,,,,d4a73f9e3d87a634b2a759aaa53f71196bfa599e459076a030d76488255ffada,908b01b9132aff5a51c5e3f1b713f606bfab4613ac12f906599b94226a0a14f3,,
365,e1ae66757c70bb0199d63c5f7e1cad74,9009c28128737f7948fb54beb932f446c0ce27d5cbdefb4938dce83226ac7abd,2026-08-24T23:04:03.943155+00:00,TADP-SEC/14.0,CLIENT_ACCEPTED_SUBMISSION,T2_DF_KS_TADP,,,,client_001,,,,,,,,,,,2.3-phase1-fixed-threshold-critical-floor-review-profile,e910eb11d46f5a33a9f6a7d996c6c242f2a4caa089255874076d8ae12155dc94,2e5e1ea61ea1c71b07c235b309bb618daac98643cb3c0843acb266cd6b876512,cd72ec3b4911418e9899eae9aed63fa15aaf66633d0cb863f54d9ac8508d934e,833c0f503995ec3e68f8d11c30f392b1e756db044036faa02ce898eac71d1c91,VALIDATED_EVIDENCE_BUNDLE,,,,,,,,,,,,,,,,,,,,,,,,UPDATE_SUBMITTED_ENFORCED,,False,NOT_REQUIRED_AUTOMATED_POLICY,False,,,,,,,,,,,,,C2_INTERNAL,2,,,,,,,,6401d449cad49398af2f5e4da9bd6c0fbdde3a2a57f8a422907de7f0354cd145,71adf2c7741ed63f779fe8cebf9b4d1363fd18da1c5a49e39f32ec63cb8262f2,,,2026-08-25T22:32:04.883782+00:00,bc341d956f9235d8a701ff3def5e7d84,,,,,06954fb714449c422d2eb0357cbf7e9575af4f6ee033204fb181adc36387400e,ead8c92dcb854af94545e81dab0dd2487a4d0d0a81c3980906e307ca01e508c0,,,2026-08-25T23:03:52.073054+00:00,75d46ecd684a2dc4b6a8e27daff7fed8db3fae5cae653b9ddb3099795df8cd6c,active,,,3,ACCEPTED,ALL_BASELINE_CONTROLS,,,,True,True,True,True,True,False,L3A+wDtdTPix/BShxSWWZLvM+O52UOuTe2BIQQgSIGc=,92cc1cc7f4815720b11ae3099cec8051bc6d889fc4f2c516dfecf43ff964c3b2,LVS6iX3xyk+AW89N8K7wd5i2P+GtpUmTpzID/3W7LU4=,389a53e0a54fe855a08cd50429a19ce84a2c608405b2771e985425157a4cc11b,GDud655n9rdpof7YACWOk20cZCNgxe1MiBCKF/wKJzQ=,d2de0eecb364b6ad6dfd68c57fbb2b61edd7f408c047202d5ab95910a24e2627,,,,,,,,,,,,,,,,,a5bbe3783e47cfb4bff8488bb3be853aef6ea972060d82633b6b251c2252e77b,audit_trails/artifacts/accepted_runtime_submissions/T2_DF_KS_TADP_client_001_r3_92cc1cc7f4815720__a5bbe3783e47cfb4.json,,,,,,,,,,,,,908b01b9132aff5a51c5e3f1b713f606bfab4613ac12f906599b94226a0a14f3,cdd16c8e691b5698cc53bece6d1082f7339601ad5b264382d7ad06fb0796a11f,,
366,cab65636249adec5e56a5497232416a1,9009c28128737f7948fb54beb932f446c0ce27d5cbdefb4938dce83226ac7abd,2026-08-24T23:04:03.970373+00:00,TADP-SEC/14.0,CLIENT_CIPHERTEXT_BINDING,T2_DF_KS_TADP,,,,client_001,,,,,,,,,,,,,,,,,,,,,,,,,,,,,,,,,,,,,,,,CIPHERTEXT_BOUND_TO_SIGNED_UPDATE,,,,,,,,,,,,,,,,,C2_INTERNAL,2,,,,,,,,,,,,,bc341d956f9235d8a701ff3def5e7d84,,,,,,,,,,,,,,3,VERIFIED,,,,,True,,,,,False,L3A+wDtdTPix/BShxSWWZLvM+O52UOuTe2BIQQgSIGc=,92cc1cc7f4815720b11ae3099cec8051bc6d889fc4f2c516dfecf43ff964c3b2,LVS6iX3xyk+AW89N8K7wd5i2P+GtpUmTpzID/3W7LU4=,8ef104e4cbc84969a3a091f62322f38ae4259bb575a9d870bce84bde0922875a,GDud655n9rdpof7YACWOk20cZCNgxe1MiBCKF/wKJzQ=,d2de0eecb364b6ad6dfd68c57fbb2b61edd7f408c047202d5ab95910a24e2627,T2: Modified-DF client encryption; Cloud multiplication/expansion and matrix-M KS after upload,reference_python,DFKS|d=25|lambda=10|m_prime_bits=80|m_bits=800|scale=1000000,df_client:client_001,,,,,,,,,9d66578cc912cc42a2fc15ffd0eafb4c4b2e8ada3bd2f2bb034ee5c089dd705c,,57005e689cc04ac2b2f32b80cd8a77d66f6e0a2da4443a41ed76f3c328c6532d,audit_trails/artifacts/ciphertext_attestations/T2_DF_KS_TADP_client_001_r3_9fdd5814919e7041__57005e689cc04ac2.json,,,,,,,,,,,,,,,cdd16c8e691b5698cc53bece6d1082f7339601ad5b264382d7ad06fb0796a11f,42ad5902400429419830f1c83d907968b69c63c78a1972ea2bf6248605020b47,,
367,3d23f6392c6769a10c82018c571406a2,9009c28128737f7948fb54beb932f446c0ce27d5cbdefb4938dce83226ac7abd,2026-08-24T23:04:09.364609+00:00,TADP-SEC/14.0,CLIENT_ACCEPTED_SUBMISSION,T2_DF_KS_TADP,,,,client_001,,,,,,,,,,,2.3-phase1-fixed-threshold-critical-floor-review-profile,e910eb11d46f5a33a9f6a7d996c6c242f2a4caa089255874076d8ae12155dc94,2e5e1ea61ea1c71b07c235b309bb618daac98643cb3c0843acb266cd6b876512,cd72ec3b4911418e9899eae9aed63fa15aaf66633d0cb863f54d9ac8508d934e,833c0f503995ec3e68f8d11c30f392b1e756db044036faa02ce898eac71d1c91,VALIDATED_EVIDENCE_BUNDLE,,,,,,,,,,,,,,,,,,,,,,,,UPDATE_SUBMITTED_ENFORCED,,False,NOT_REQUIRED_AUTOMATED_POLICY,False,,,,,,,,,,,,,C2_INTERNAL,2,,,,,,,,6401d449cad49398af2f5e4da9bd6c0fbdde3a2a57f8a422907de7f0354cd145,71adf2c7741ed63f779fe8cebf9b4d1363fd18da1c5a49e39f32ec63cb8262f2,,,2026-08-25T22:32:04.883782+00:00,bc341d956f9235d8a701ff3def5e7d84,,,,,06954fb714449c422d2eb0357cbf7e9575af4f6ee033204fb181adc36387400e,ead8c92dcb854af94545e81dab0dd2487a4d0d0a81c3980906e307ca01e508c0,,,2026-08-25T23:03:52.073054+00:00,75d46ecd684a2dc4b6a8e27daff7fed8db3fae5cae653b9ddb3099795df8cd6c,active,,,4,ACCEPTED,ALL_BASELINE_CONTROLS,,,,True,True,True,True,True,False,voBHFVeS0GwlEvixU8i3SQsmRh7sFPDQMu0GA0/sr9Y=,b1d0e0453c8f63e1ae98763424bff235955bb57971a341360a8494b33ee36520,LVS6iX3xyk+AW89N8K7wd5i2P+GtpUmTpzID/3W7LU4=,be7fd71f63684da3af2671f380d402671742b7bd4d616aaa858f6d66b4f7df44,8OQ9IO7vQ/XvCzmWhx6NuFwmoDZTWdgh8yyizszmCpo=,d2de0eecb364b6ad6dfd68c57fbb2b61edd7f408c047202d5ab95910a24e2627,,,,,,,,,,,,,,,,,40444c033fa2f6cb6091d178d78f74b47f2e25f0b9c5b0d8830ff4d89c15c8d4,audit_trails/artifacts/accepted_runtime_submissions/T2_DF_KS_TADP_client_001_r4_b1d0e0453c8f63e1__40444c033fa2f6cb.json,,,,,,,,,,,,,42ad5902400429419830f1c83d907968b69c63c78a1972ea2bf6248605020b47,bd407bd0faeece4336eb64464f2ec29973ac03689123cc3a70b0ee1210ee94dc,,
368,12c31b8dd50113cfc2e989f63298f354,9009c28128737f7948fb54beb932f446c0ce27d5cbdefb4938dce83226ac7abd,2026-08-24T23:04:09.398950+00:00,TADP-SEC/14.0,CLIENT_CIPHERTEXT_BINDING,T2_DF_KS_TADP,,,,client_001,,,,,,,,,,,,,,,,,,,,,,,,,,,,,,,,,,,,,,,,CIPHERTEXT_BOUND_TO_SIGNED_UPDATE,,,,,,,,,,,,,,,,,C2_INTERNAL,2,,,,,,,,,,,,,bc341d956f9235d8a701ff3def5e7d84,,,,,,,,,,,,,,4,VERIFIED,,,,,True,,,,,False,voBHFVeS0GwlEvixU8i3SQsmRh7sFPDQMu0GA0/sr9Y=,b1d0e0453c8f63e1ae98763424bff235955bb57971a341360a8494b33ee36520,LVS6iX3xyk+AW89N8K7wd5i2P+GtpUmTpzID/3W7LU4=,08453aac84275595f84ce52c82de9bf76ee7ca738e14c8dc3fa2d3adef9eb662,8OQ9IO7vQ/XvCzmWhx6NuFwmoDZTWdgh8yyizszmCpo=,d2de0eecb364b6ad6dfd68c57fbb2b61edd7f408c047202d5ab95910a24e2627,T2: Modified-DF client encryption; Cloud multiplication/expansion and matrix-M KS after upload,reference_python,DFKS|d=25|lambda=10|m_prime_bits=80|m_bits=800|scale=1000000,df_client:client_001,,,,,,,,,d7ebfec5cad085b5cb71ba8c9a70c03e4730ead04e95acb800c2e5e0b4df648a,,26cc98feb4701eae2fb4c54504aec024b9abf668a7cd64375b438bd3fcbf75fa,audit_trails/artifacts/ciphertext_attestations/T2_DF_KS_TADP_client_001_r4_1aa77cc9ba98b8e1__26cc98feb4701eae.json,,,,,,,,,,,,,,,bd407bd0faeece4336eb64464f2ec29973ac03689123cc3a70b0ee1210ee94dc,9800ba98450002686a8cf4376e7ccd92f70724dcf1e03fee5f18d2796e79be4a,,
369,1ed8d465a1ae0998cdb4a4d7f3c486b7,9009c28128737f7948fb54beb932f446c0ce27d5cbdefb4938dce83226ac7abd,2026-08-24T23:04:14.821178+00:00,TADP-SEC/14.0,CLIENT_ACCEPTED_SUBMISSION,T2_DF_KS_TADP,,,,client_001,,,,,,,,,,,2.3-phase1-fixed-threshold-critical-floor-review-profile,e910eb11d46f5a33a9f6a7d996c6c242f2a4caa089255874076d8ae12155dc94,2e5e1ea61ea1c71b07c235b309bb618daac98643cb3c0843acb266cd6b876512,cd72ec3b4911418e9899eae9aed63fa15aaf66633d0cb863f54d9ac8508d934e,833c0f503995ec3e68f8d11c30f392b1e756db044036faa02ce898eac71d1c91,VALIDATED_EVIDENCE_BUNDLE,,,,,,,,,,,,,,,,,,,,,,,,UPDATE_SUBMITTED_ENFORCED,,False,NOT_REQUIRED_AUTOMATED_POLICY,False,,,,,,,,,,,,,C2_INTERNAL,2,,,,,,,,6401d449cad49398af2f5e4da9bd6c0fbdde3a2a57f8a422907de7f0354cd145,71adf2c7741ed63f779fe8cebf9b4d1363fd18da1c5a49e39f32ec63cb8262f2,,,2026-08-25T22:32:04.883782+00:00,bc341d956f9235d8a701ff3def5e7d84,,,,,06954fb714449c422d2eb0357cbf7e9575af4f6ee033204fb181adc36387400e,ead8c92dcb854af94545e81dab0dd2487a4d0d0a81c3980906e307ca01e508c0,,,2026-08-25T23:03:52.073054+00:00,75d46ecd684a2dc4b6a8e27daff7fed8db3fae5cae653b9ddb3099795df8cd6c,active,,,5,ACCEPTED,ALL_BASELINE_CONTROLS,,,,True,True,True,True,True,False,5q2cnshHn1M7bpuURClhEmVK/nvbb/omNr6gZxAmFYg=,d8fb3b3c88b6cc1a1d82673397cbc99be9edef17983f751d7e4db65537985380,LVS6iX3xyk+AW89N8K7wd5i2P+GtpUmTpzID/3W7LU4=,c39e0bd6050f6cdbc299b2c893cf1e62e38dbac1ffd8c766bfa3d7926a3cfea1,H7sK2n5WZ8DbF9951a9CTorwPuQLNxoVNXIWh9kOA5w=,d2de0eecb364b6ad6dfd68c57fbb2b61edd7f408c047202d5ab95910a24e2627,,,,,,,,,,,,,,,,,571bb5279f9b6a166eae07c29181a40bd945c85f89e0ed9498fded7f4579ee15,audit_trails/artifacts/accepted_runtime_submissions/T2_DF_KS_TADP_client_001_r5_d8fb3b3c88b6cc1a__571bb5279f9b6a16.json,,,,,,,,,,,,,9800ba98450002686a8cf4376e7ccd92f70724dcf1e03fee5f18d2796e79be4a,ba731b41c036a77292f57e602bd784894ac86072772c5746111d94a457067faa,,
370,7b156197678d2ab95fd2a191a638ccbf,9009c28128737f7948fb54beb932f446c0ce27d5cbdefb4938dce83226ac7abd,2026-08-24T23:04:14.853059+00:00,TADP-SEC/14.0,CLIENT_CIPHERTEXT_BINDING,T2_DF_KS_TADP,,,,client_001,,,,,,,,,,,,,,,,,,,,,,,,,,,,,,,,,,,,,,,,CIPHERTEXT_BOUND_TO_SIGNED_UPDATE,,,,,,,,,,,,,,,,,C2_INTERNAL,2,,,,,,,,,,,,,bc341d956f9235d8a701ff3def5e7d84,,,,,,,,,,,,,,5,VERIFIED,,,,,True,,,,,False,5q2cnshHn1M7bpuURClhEmVK/nvbb/omNr6gZxAmFYg=,d8fb3b3c88b6cc1a1d82673397cbc99be9edef17983f751d7e4db65537985380,LVS6iX3xyk+AW89N8K7wd5i2P+GtpUmTpzID/3W7LU4=,1d4bb7db89df979ea39b1e23c3683da09d7fa1bce753a354f88c499beb1ab680,H7sK2n5WZ8DbF9951a9CTorwPuQLNxoVNXIWh9kOA5w=,d2de0eecb364b6ad6dfd68c57fbb2b61edd7f408c047202d5ab95910a24e2627,T2: Modified-DF client encryption; Cloud multiplication/expansion and matrix-M KS after upload,reference_python,DFKS|d=25|lambda=10|m_prime_bits=80|m_bits=800|scale=1000000,df_client:client_001,,,,,,,,,cef6c26c18c5dc989ffa0a835b98f96c8015804b4e7e842ceb520e4582a4724e,,730aa9afa7b0efe4d2e427cf7c5f006d3bf96b60dda069e19735993aab42303a,audit_trails/artifacts/ciphertext_attestations/T2_DF_KS_TADP_client_001_r5_ab8f3a20ebe2c165__730aa9afa7b0efe4.json,,,,,,,,,,,,,,,ba731b41c036a77292f57e602bd784894ac86072772c5746111d94a457067faa,aa9d7bfce0f7f923a3463f01503e7b714491a5591a9b69c3b97e8210c3544df0,,
371,cac3ddaf17e014dc136cfe568b294cab,9009c28128737f7948fb54beb932f446c0ce27d5cbdefb4938dce83226ac7abd,2026-08-24T23:04:19.724773+00:00,TADP-SEC/14.0,CLIENT_ACCEPTED_SUBMISSION,T2_DF_KS_TADP,,,,client_001,,,,,,,,,,,2.3-phase1-fixed-threshold-critical-floor-review-profile,e910eb11d46f5a33a9f6a7d996c6c242f2a4caa089255874076d8ae12155dc94,2e5e1ea61ea1c71b07c235b309bb618daac98643cb3c0843acb266cd6b876512,cd72ec3b4911418e9899eae9aed63fa15aaf66633d0cb863f54d9ac8508d934e,833c0f503995ec3e68f8d11c30f392b1e756db044036faa02ce898eac71d1c91,VALIDATED_EVIDENCE_BUNDLE,,,,,,,,,,,,,,,,,,,,,,,,UPDATE_SUBMITTED_ENFORCED,,False,NOT_REQUIRED_AUTOMATED_POLICY,False,,,,,,,,,,,,,C2_INTERNAL,2,,,,,,,,6401d449cad49398af2f5e4da9bd6c0fbdde3a2a57f8a422907de7f0354cd145,71adf2c7741ed63f779fe8cebf9b4d1363fd18da1c5a49e39f32ec63cb8262f2,,,2026-08-25T22:32:04.883782+00:00,bc341d956f9235d8a701ff3def5e7d84,,,,,06954fb714449c422d2eb0357cbf7e9575af4f6ee033204fb181adc36387400e,ead8c92dcb854af94545e81dab0dd2487a4d0d0a81c3980906e307ca01e508c0,,,2026-08-25T23:03:52.073054+00:00,75d46ecd684a2dc4b6a8e27daff7fed8db3fae5cae653b9ddb3099795df8cd6c,active,,,6,ACCEPTED,ALL_BASELINE_CONTROLS,,,,True,True,True,True,True,False,keHvm6yyYQT8yqGRQ9t/hH81DEEYn2akKafNnYUfHhA=,bb94b0eae148aa307af6871d75324b2b8c2c5f08d20475dab1eeb9be763183f9,LVS6iX3xyk+AW89N8K7wd5i2P+GtpUmTpzID/3W7LU4=,e533d15f247fd5edea156a148bdfb2f6b455e7e8b5d65ee7d67bc105ddd6ad99,daJmJHCWlXr04KwflP+SuGi7kcne7TabePPVcHhiir4=,d2de0eecb364b6ad6dfd68c57fbb2b61edd7f408c047202d5ab95910a24e2627,,,,,,,,,,,,,,,,,2e1054db2198847eb216da6f22c8878b3d380f74bbfede5d523e3331d23e538d,audit_trails/artifacts/accepted_runtime_submissions/T2_DF_KS_TADP_client_001_r6_bb94b0eae148aa30__2e1054db2198847e.json,,,,,,,,,,,,,aa9d7bfce0f7f923a3463f01503e7b714491a5591a9b69c3b97e8210c3544df0,8f928796d4aa55547d8c510c0a30ba8240c11aad4002fb723eb967008af34316,,
372,7ac75e16dc154c2aa3eb01e88a29022d,9009c28128737f7948fb54beb932f446c0ce27d5cbdefb4938dce83226ac7abd,2026-08-24T23:04:19.752051+00:00,TADP-SEC/14.0,CLIENT_CIPHERTEXT_BINDING,T2_DF_KS_TADP,,,,client_001,,,,,,,,,,,,,,,,,,,,,,,,,,,,,,,,,,,,,,,,CIPHERTEXT_BOUND_TO_SIGNED_UPDATE,,,,,,,,,,,,,,,,,C2_INTERNAL,2,,,,,,,,,,,,,bc341d956f9235d8a701ff3def5e7d84,,,,,,,,,,,,,,6,VERIFIED,,,,,True,,,,,False,keHvm6yyYQT8yqGRQ9t/hH81DEEYn2akKafNnYUfHhA=,bb94b0eae148aa307af6871d75324b2b8c2c5f08d20475dab1eeb9be763183f9,LVS6iX3xyk+AW89N8K7wd5i2P+GtpUmTpzID/3W7LU4=,ef4114c2f903594b1fa597aedc11570c7163d519f2ff688e3ac3ae4ac6c3c663,daJmJHCWlXr04KwflP+SuGi7kcne7TabePPVcHhiir4=,d2de0eecb364b6ad6dfd68c57fbb2b61edd7f408c047202d5ab95910a24e2627,T2: Modified-DF client encryption; Cloud multiplication/expansion and matrix-M KS after upload,reference_python,DFKS|d=25|lambda=10|m_prime_bits=80|m_bits=800|scale=1000000,df_client:client_001,,,,,,,,,84d955e202dfa1928e0f14071ffebcc543c264296a3c4cce97aa5777862046b2,,d11ed10242bb8e84a9c74350ef35b663c6079027eb5051a5bc417ef863bf7dae,audit_trails/artifacts/ciphertext_attestations/T2_DF_KS_TADP_client_001_r6_b710f04e42da063e__d11ed10242bb8e84.json,,,,,,,,,,,,,,,8f928796d4aa55547d8c510c0a30ba8240c11aad4002fb723eb967008af34316,a5fbe25e6e24a6568799c7d761334a80164f4a47ae116cb79ad216e1441c22b0,,
373,29033b80df072c8737b37a8b1f42a496,9009c28128737f7948fb54beb932f446c0ce27d5cbdefb4938dce83226ac7abd,2026-08-24T23:04:26.129249+00:00,TADP-SEC/14.0,CLIENT_ACCEPTED_SUBMISSION,T2_DF_KS_TADP,,,,client_001,,,,,,,,,,,2.3-phase1-fixed-threshold-critical-floor-review-profile,e910eb11d46f5a33a9f6a7d996c6c242f2a4caa089255874076d8ae12155dc94,2e5e1ea61ea1c71b07c235b309bb618daac98643cb3c0843acb266cd6b876512,cd72ec3b4911418e9899eae9aed63fa15aaf66633d0cb863f54d9ac8508d934e,833c0f503995ec3e68f8d11c30f392b1e756db044036faa02ce898eac71d1c91,VALIDATED_EVIDENCE_BUNDLE,,,,,,,,,,,,,,,,,,,,,,,,UPDATE_SUBMITTED_ENFORCED,,False,NOT_REQUIRED_AUTOMATED_POLICY,False,,,,,,,,,,,,,C2_INTERNAL,2,,,,,,,,6401d449cad49398af2f5e4da9bd6c0fbdde3a2a57f8a422907de7f0354cd145,71adf2c7741ed63f779fe8cebf9b4d1363fd18da1c5a49e39f32ec63cb8262f2,,,2026-08-25T22:32:04.883782+00:00,bc341d956f9235d8a701ff3def5e7d84,,,,,06954fb714449c422d2eb0357cbf7e9575af4f6ee033204fb181adc36387400e,ead8c92dcb854af94545e81dab0dd2487a4d0d0a81c3980906e307ca01e508c0,,,2026-08-25T23:03:52.073054+00:00,75d46ecd684a2dc4b6a8e27daff7fed8db3fae5cae653b9ddb3099795df8cd6c,active,,,7,ACCEPTED,ALL_BASELINE_CONTROLS,,,,True,True,True,True,True,False,mFKM8I7jtPCPLqjx3i7bp/QTwJtzxiU2NimAZcVuYyw=,1de0230509287dc8cf8e666d64d3f3e441f680828e109a43418979edf4175443,LVS6iX3xyk+AW89N8K7wd5i2P+GtpUmTpzID/3W7LU4=,5702e24549aa6b7a1c0dfc2e13800303216007cf7fb16d449ea0f3f40ff4ee5e,ostVCCMQr0O3RAVAMP6WBeRrrbSXz5t9bC0wJS17G8Q=,d2de0eecb364b6ad6dfd68c57fbb2b61edd7f408c047202d5ab95910a24e2627,,,,,,,,,,,,,,,,,8391920a3094e15d87147eb775d17c48f5d63ea7fa0a16f451c39552016eab99,audit_trails/artifacts/accepted_runtime_submissions/T2_DF_KS_TADP_client_001_r7_1de0230509287dc8__8391920a3094e15d.json,,,,,,,,,,,,,a5fbe25e6e24a6568799c7d761334a80164f4a47ae116cb79ad216e1441c22b0,04c4ee2875fd7fcbe8a9a7039c75847d0e3d570b7732b84b7f3f3ca3a24edb59,,
374,d1e8c32f5e66f38214135ec6e3d3bafa,9009c28128737f7948fb54beb932f446c0ce27d5cbdefb4938dce83226ac7abd,2026-08-24T23:04:26.158283+00:00,TADP-SEC/14.0,CLIENT_CIPHERTEXT_BINDING,T2_DF_KS_TADP,,,,client_001,,,,,,,,,,,,,,,,,,,,,,,,,,,,,,,,,,,,,,,,CIPHERTEXT_BOUND_TO_SIGNED_UPDATE,,,,,,,,,,,,,,,,,C2_INTERNAL,2,,,,,,,,,,,,,bc341d956f9235d8a701ff3def5e7d84,,,,,,,,,,,,,,7,VERIFIED,,,,,True,,,,,False,mFKM8I7jtPCPLqjx3i7bp/QTwJtzxiU2NimAZcVuYyw=,1de0230509287dc8cf8e666d64d3f3e441f680828e109a43418979edf4175443,LVS6iX3xyk+AW89N8K7wd5i2P+GtpUmTpzID/3W7LU4=,00ef70447c2bbc85482b50a0e855e8c5f0963e24be64df27cdb5b5b9bcb8897e,ostVCCMQr0O3RAVAMP6WBeRrrbSXz5t9bC0wJS17G8Q=,d2de0eecb364b6ad6dfd68c57fbb2b61edd7f408c047202d5ab95910a24e2627,T2: Modified-DF client encryption; Cloud multiplication/expansion and matrix-M KS after upload,reference_python,DFKS|d=25|lambda=10|m_prime_bits=80|m_bits=800|scale=1000000,df_client:client_001,,,,,,,,,d329eda58278ca63f23027d286097fd673435ee2b20e2a1ed64e9a86863efc05,,297cda75ee6916b856de8af74ced36bd9367963941e9ecd102bb54445ded7ffe,audit_trails/artifacts/ciphertext_attestations/T2_DF_KS_TADP_client_001_r7_6388221eca185719__297cda75ee6916b8.json,,,,,,,,,,,,,,,04c4ee2875fd7fcbe8a9a7039c75847d0e3d570b7732b84b7f3f3ca3a24edb59,03267bd1ef984e2f3ca77c5adfeca5bb715a6ee5f32f224b01ad9d2cc30b6732,,
375,2f0f59438e9542be6a8f90a2d4d824dd,9009c28128737f7948fb54beb932f446c0ce27d5cbdefb4938dce83226ac7abd,2026-08-24T23:04:30.940840+00:00,TADP-SEC/14.0,CLIENT_ACCEPTED_SUBMISSION,T2_DF_KS_TADP,,,,client_001,,,,,,,,,,,2.3-phase1-fixed-threshold-critical-floor-review-profile,e910eb11d46f5a33a9f6a7d996c6c242f2a4caa089255874076d8ae12155dc94,2e5e1ea61ea1c71b07c235b309bb618daac98643cb3c0843acb266cd6b876512,cd72ec3b4911418e9899eae9aed63fa15aaf66633d0cb863f54d9ac8508d934e,833c0f503995ec3e68f8d11c30f392b1e756db044036faa02ce898eac71d1c91,VALIDATED_EVIDENCE_BUNDLE,,,,,,,,,,,,,,,,,,,,,,,,UPDATE_SUBMITTED_ENFORCED,,False,NOT_REQUIRED_AUTOMATED_POLICY,False,,,,,,,,,,,,,C2_INTERNAL,2,,,,,,,,6401d449cad49398af2f5e4da9bd6c0fbdde3a2a57f8a422907de7f0354cd145,71adf2c7741ed63f779fe8cebf9b4d1363fd18da1c5a49e39f32ec63cb8262f2,,,2026-08-25T22:32:04.883782+00:00,bc341d956f9235d8a701ff3def5e7d84,,,,,06954fb714449c422d2eb0357cbf7e9575af4f6ee033204fb181adc36387400e,ead8c92dcb854af94545e81dab0dd2487a4d0d0a81c3980906e307ca01e508c0,,,2026-08-25T23:03:52.073054+00:00,75d46ecd684a2dc4b6a8e27daff7fed8db3fae5cae653b9ddb3099795df8cd6c,active,,,8,ACCEPTED,ALL_BASELINE_CONTROLS,,,,True,True,True,True,True,False,4D8BMaLW6jt87hgGvp82ImJkDAO4laprUlOja3e0JVg=,0fcfcb8662686106560461e28b90872eaec91c853e439abf3c51d370e99f0ea8,LVS6iX3xyk+AW89N8K7wd5i2P+GtpUmTpzID/3W7LU4=,dcaf3a4957beb68889521eef9ebb50bbb0dc4584b3100201e6d3e11a1271c866,W2fkTRwwN7fS/hzjhJZnjKhGQJJHMFvI7rg3wANlaA4=,d2de0eecb364b6ad6dfd68c57fbb2b61edd7f408c047202d5ab95910a24e2627,,,,,,,,,,,,,,,,,daff1104e7d0d9dc0b22b18ae9514801c5b423bde332bffb010a8ab6f6b6de1d,audit_trails/artifacts/accepted_runtime_submissions/T2_DF_KS_TADP_client_001_r8_0fcfcb8662686106__daff1104e7d0d9dc.json,,,,,,,,,,,,,03267bd1ef984e2f3ca77c5adfeca5bb715a6ee5f32f224b01ad9d2cc30b6732,89e5a5fd2625d35db0edf803a28b2704158bac143fa5c2270b507cf942da4bd8,,
376,bfafd12146e4011da116937b0188854d,9009c28128737f7948fb54beb932f446c0ce27d5cbdefb4938dce83226ac7abd,2026-08-24T23:04:30.967530+00:00,TADP-SEC/14.0,CLIENT_CIPHERTEXT_BINDING,T2_DF_KS_TADP,,,,client_001,,,,,,,,,,,,,,,,,,,,,,,,,,,,,,,,,,,,,,,,CIPHERTEXT_BOUND_TO_SIGNED_UPDATE,,,,,,,,,,,,,,,,,C2_INTERNAL,2,,,,,,,,,,,,,bc341d956f9235d8a701ff3def5e7d84,,,,,,,,,,,,,,8,VERIFIED,,,,,True,,,,,False,4D8BMaLW6jt87hgGvp82ImJkDAO4laprUlOja3e0JVg=,0fcfcb8662686106560461e28b90872eaec91c853e439abf3c51d370e99f0ea8,LVS6iX3xyk+AW89N8K7wd5i2P+GtpUmTpzID/3W7LU4=,a768a80491a729373470cece67a44172b4d73881a1255088917c7fdf313c45fe,W2fkTRwwN7fS/hzjhJZnjKhGQJJHMFvI7rg3wANlaA4=,d2de0eecb364b6ad6dfd68c57fbb2b61edd7f408c047202d5ab95910a24e2627,T2: Modified-DF client encryption; Cloud multiplication/expansion and matrix-M KS after upload,reference_python,DFKS|d=25|lambda=10|m_prime_bits=80|m_bits=800|scale=1000000,df_client:client_001,,,,,,,,,31ec7838ae82b7572168eb65f862ba35167f321e3862ac59f47ae1481d768d0f,,1f206a798004186312ed772bd181006b3a6ae3c09331cf02d1977cae19a5e9b2,audit_trails/artifacts/ciphertext_attestations/T2_DF_KS_TADP_client_001_r8_4142a522297f35cf__1f206a7980041863.json,,,,,,,,,,,,,,,89e5a5fd2625d35db0edf803a28b2704158bac143fa5c2270b507cf942da4bd8,b70a2aed1af8783a21bcf9ebbf2b824a56eed0ea9b0798c574e9b67657a1c513,,
377,ea6a3f25b721ca0d3d8d5ab870ad73ce,9009c28128737f7948fb54beb932f446c0ce27d5cbdefb4938dce83226ac7abd,2026-08-24T23:04:36.370552+00:00,TADP-SEC/14.0,CLIENT_ACCEPTED_SUBMISSION,T2_DF_KS_TADP,,,,client_001,,,,,,,,,,,2.3-phase1-fixed-threshold-critical-floor-review-profile,e910eb11d46f5a33a9f6a7d996c6c242f2a4caa089255874076d8ae12155dc94,2e5e1ea61ea1c71b07c235b309bb618daac98643cb3c0843acb266cd6b876512,cd72ec3b4911418e9899eae9aed63fa15aaf66633d0cb863f54d9ac8508d934e,833c0f503995ec3e68f8d11c30f392b1e756db044036faa02ce898eac71d1c91,VALIDATED_EVIDENCE_BUNDLE,,,,,,,,,,,,,,,,,,,,,,,,UPDATE_SUBMITTED_ENFORCED,,False,NOT_REQUIRED_AUTOMATED_POLICY,False,,,,,,,,,,,,,C2_INTERNAL,2,,,,,,,,6401d449cad49398af2f5e4da9bd6c0fbdde3a2a57f8a422907de7f0354cd145,71adf2c7741ed63f779fe8cebf9b4d1363fd18da1c5a49e39f32ec63cb8262f2,,,2026-08-25T22:32:04.883782+00:00,bc341d956f9235d8a701ff3def5e7d84,,,,,06954fb714449c422d2eb0357cbf7e9575af4f6ee033204fb181adc36387400e,ead8c92dcb854af94545e81dab0dd2487a4d0d0a81c3980906e307ca01e508c0,,,2026-08-25T23:03:52.073054+00:00,75d46ecd684a2dc4b6a8e27daff7fed8db3fae5cae653b9ddb3099795df8cd6c,active,,,9,ACCEPTED,ALL_BASELINE_CONTROLS,,,,True,True,True,True,True,False,N1v1pmFV5yCjrCiY93/R0lpec8rlaijtrnqooNVU5vM=,cd214c765b9cdc00b4f3950f9423a9c4f613622aa80a288c2ee1f1e1af38a947,LVS6iX3xyk+AW89N8K7wd5i2P+GtpUmTpzID/3W7LU4=,0c6467399fc8aaee38818e250ac619e66d36e708a6157fadf0fcabe4574efa19,+w2SVc63+xqjsl9LRVapUgrkM/SAEggeGJUYwNCFq/s=,d2de0eecb364b6ad6dfd68c57fbb2b61edd7f408c047202d5ab95910a24e2627,,,,,,,,,,,,,,,,,9f9f2617652cf776353843251fb1ed02d0c0c2b40b0ef7c8349586d06697f9c5,audit_trails/artifacts/accepted_runtime_submissions/T2_DF_KS_TADP_client_001_r9_cd214c765b9cdc00__9f9f2617652cf776.json,,,,,,,,,,,,,b70a2aed1af8783a21bcf9ebbf2b824a56eed0ea9b0798c574e9b67657a1c513,0fac92c08788c5ded212a08f0a7a0c3a6ce7d72b9809f702966debd4129913bf,,
378,517a1a68d7b339bb9809fd0d6c8c39e2,9009c28128737f7948fb54beb932f446c0ce27d5cbdefb4938dce83226ac7abd,2026-08-24T23:04:36.410177+00:00,TADP-SEC/14.0,CLIENT_CIPHERTEXT_BINDING,T2_DF_KS_TADP,,,,client_001,,,,,,,,,,,,,,,,,,,,,,,,,,,,,,,,,,,,,,,,CIPHERTEXT_BOUND_TO_SIGNED_UPDATE,,,,,,,,,,,,,,,,,C2_INTERNAL,2,,,,,,,,,,,,,bc341d956f9235d8a701ff3def5e7d84,,,,,,,,,,,,,,9,VERIFIED,,,,,True,,,,,False,N1v1pmFV5yCjrCiY93/R0lpec8rlaijtrnqooNVU5vM=,cd214c765b9cdc00b4f3950f9423a9c4f613622aa80a288c2ee1f1e1af38a947,LVS6iX3xyk+AW89N8K7wd5i2P+GtpUmTpzID/3W7LU4=,2d4dcdaecb608aae89ff84be994e2e1549eb0764ba198efda5b64fc16e4d3f07,+w2SVc63+xqjsl9LRVapUgrkM/SAEggeGJUYwNCFq/s=,d2de0eecb364b6ad6dfd68c57fbb2b61edd7f408c047202d5ab95910a24e2627,T2: Modified-DF client encryption; Cloud multiplication/expansion and matrix-M KS after upload,reference_python,DFKS|d=25|lambda=10|m_prime_bits=80|m_bits=800|scale=1000000,df_client:client_001,,,,,,,,,ef9bdf8faeb133e0f6ba1d95501047bc9fb4d3d85a3e688d9153fd985b48824f,,964f3eb8641ae99b3c86e4f835dbe6de808bbf6c071da3432569cd6a5611d0d7,audit_trails/artifacts/ciphertext_attestations/T2_DF_KS_TADP_client_001_r9_20f57058c2fedccb__964f3eb8641ae99b.json,,,,,,,,,,,,,,,0fac92c08788c5ded212a08f0a7a0c3a6ce7d72b9809f702966debd4129913bf,cd292c4fdbdcd7c2325666505af76e5492139a6f7441a4d39209bd859c04825e,,
379,0122c7378d2b7ec72723efeada150c33,9009c28128737f7948fb54beb932f446c0ce27d5cbdefb4938dce83226ac7abd,2026-08-24T23:04:41.980014+00:00,TADP-SEC/14.0,CLIENT_ACCEPTED_SUBMISSION,T2_DF_KS_TADP,,,,client_001,,,,,,,,,,,2.3-phase1-fixed-threshold-critical-floor-review-profile,e910eb11d46f5a33a9f6a7d996c6c242f2a4caa089255874076d8ae12155dc94,2e5e1ea61ea1c71b07c235b309bb618daac98643cb3c0843acb266cd6b876512,cd72ec3b4911418e9899eae9aed63fa15aaf66633d0cb863f54d9ac8508d934e,833c0f503995ec3e68f8d11c30f392b1e756db044036faa02ce898eac71d1c91,VALIDATED_EVIDENCE_BUNDLE,,,,,,,,,,,,,,,,,,,,,,,,UPDATE_SUBMITTED_ENFORCED,,False,NOT_REQUIRED_AUTOMATED_POLICY,False,,,,,,,,,,,,,C2_INTERNAL,2,,,,,,,,6401d449cad49398af2f5e4da9bd6c0fbdde3a2a57f8a422907de7f0354cd145,71adf2c7741ed63f779fe8cebf9b4d1363fd18da1c5a49e39f32ec63cb8262f2,,,2026-08-25T22:32:04.883782+00:00,bc341d956f9235d8a701ff3def5e7d84,,,,,06954fb714449c422d2eb0357cbf7e9575af4f6ee033204fb181adc36387400e,ead8c92dcb854af94545e81dab0dd2487a4d0d0a81c3980906e307ca01e508c0,,,2026-08-25T23:03:52.073054+00:00,75d46ecd684a2dc4b6a8e27daff7fed8db3fae5cae653b9ddb3099795df8cd6c,active,,,10,ACCEPTED,ALL_BASELINE_CONTROLS,,,,True,True,True,True,True,False,iZYl04jDytrhq4l5IS8LHwe1UKW5AkzX07aU9G3OJVA=,efe045f4130bb3c48b87f681786e7e3b0118bb9ca9c286991ec627c60a1c4b4f,LVS6iX3xyk+AW89N8K7wd5i2P+GtpUmTpzID/3W7LU4=,a4de4067de48b20ef03eb507ef8226427cc8ce14e69fc40f26f91781343784a9,KslMfUZifnb7FqKz3CYVagWJ+GMtaWwWtSBjjD3uQNM=,d2de0eecb364b6ad6dfd68c57fbb2b61edd7f408c047202d5ab95910a24e2627,,,,,,,,,,,,,,,,,48ce2396a5d67d208e2ed12bde0f4a0a2d58d25573328b74be243cf71e9b5edf,audit_trails/artifacts/accepted_runtime_submissions/T2_DF_KS_TADP_client_001_r10_efe045f4130bb3c4__48ce2396a5d67d20.json,,,,,,,,,,,,,cd292c4fdbdcd7c2325666505af76e5492139a6f7441a4d39209bd859c04825e,cae9d5140c4c3895271b99da08a513a1a1679842dd0af60d1b0fb66ded74a2c8,,
380,26c2c58c58b72ac7cc3c66e26803a371,9009c28128737f7948fb54beb932f446c0ce27d5cbdefb4938dce83226ac7abd,2026-08-24T23:04:42.010118+00:00,TADP-SEC/14.0,CLIENT_CIPHERTEXT_BINDING,T2_DF_KS_TADP,,,,client_001,,,,,,,,,,,,,,,,,,,,,,,,,,,,,,,,,,,,,,,,CIPHERTEXT_BOUND_TO_SIGNED_UPDATE,,,,,,,,,,,,,,,,,C2_INTERNAL,2,,,,,,,,,,,,,bc341d956f9235d8a701ff3def5e7d84,,,,,,,,,,,,,,10,VERIFIED,,,,,True,,,,,False,iZYl04jDytrhq4l5IS8LHwe1UKW5AkzX07aU9G3OJVA=,efe045f4130bb3c48b87f681786e7e3b0118bb9ca9c286991ec627c60a1c4b4f,LVS6iX3xyk+AW89N8K7wd5i2P+GtpUmTpzID/3W7LU4=,6d782b8587a7a95b58629eb2ebb76a088329e730282394e17f9e8add5747786c,KslMfUZifnb7FqKz3CYVagWJ+GMtaWwWtSBjjD3uQNM=,d2de0eecb364b6ad6dfd68c57fbb2b61edd7f408c047202d5ab95910a24e2627,T2: Modified-DF client encryption; Cloud multiplication/expansion and matrix-M KS after upload,reference_python,DFKS|d=25|lambda=10|m_prime_bits=80|m_bits=800|scale=1000000,df_client:client_001,,,,,,,,,299dce404a0ff98dedf3a5503a115fe222d2d8c264b56cf75c8207320c764c77,,5c1e54072423536a20bde5135bbb928d1047a0d79ca066b9c4e8bd238071c65d,audit_trails/artifacts/ciphertext_attestations/T2_DF_KS_TADP_client_001_r10_3e6eec175e2b4a92__5c1e54072423536a.json,,,,,,,,,,,,,,,cae9d5140c4c3895271b99da08a513a1a1679842dd0af60d1b0fb66ded74a2c8,797d69b5d340212e96ccce54985d432de811142f43540a8a8a48a5ab862a055b,,
381,2a0b74c07dcd2df2cd2b2d2ba90557c4,9009c28128737f7948fb54beb932f446c0ce27d5cbdefb4938dce83226ac7abd,2026-08-24T23:04:46.958646+00:00,TADP-SEC/14.0,CLIENT_ACCEPTED_SUBMISSION,T2_DF_KS_TADP,,,,client_001,,,,,,,,,,,2.3-phase1-fixed-threshold-critical-floor-review-profile,e910eb11d46f5a33a9f6a7d996c6c242f2a4caa089255874076d8ae12155dc94,2e5e1ea61ea1c71b07c235b309bb618daac98643cb3c0843acb266cd6b876512,cd72ec3b4911418e9899eae9aed63fa15aaf66633d0cb863f54d9ac8508d934e,833c0f503995ec3e68f8d11c30f392b1e756db044036faa02ce898eac71d1c91,VALIDATED_EVIDENCE_BUNDLE,,,,,,,,,,,,,,,,,,,,,,,,UPDATE_SUBMITTED_ENFORCED,,False,NOT_REQUIRED_AUTOMATED_POLICY,False,,,,,,,,,,,,,C2_INTERNAL,2,,,,,,,,6401d449cad49398af2f5e4da9bd6c0fbdde3a2a57f8a422907de7f0354cd145,71adf2c7741ed63f779fe8cebf9b4d1363fd18da1c5a49e39f32ec63cb8262f2,,,2026-08-25T22:32:04.883782+00:00,bc341d956f9235d8a701ff3def5e7d84,,,,,06954fb714449c422d2eb0357cbf7e9575af4f6ee033204fb181adc36387400e,ead8c92dcb854af94545e81dab0dd2487a4d0d0a81c3980906e307ca01e508c0,,,2026-08-25T23:03:52.073054+00:00,75d46ecd684a2dc4b6a8e27daff7fed8db3fae5cae653b9ddb3099795df8cd6c,active,,,11,ACCEPTED,ALL_BASELINE_CONTROLS,,,,True,True,True,True,True,False,mwBJsjZiy5wX/c/V7l/Zi9lYc0cso+rG34I48y13UGc=,868467c9ec3b109665f34c843ed447b7fdef71d58d0c041ce34a476a0ad519d8,LVS6iX3xyk+AW89N8K7wd5i2P+GtpUmTpzID/3W7LU4=,44d678c3a6f5e1d2e59471db8fe26094fa9aeb55762e04b49b72bd3c40ffa875,IDs7eGGCihGL/tq2K8PtxTvwUr43s10uqRT3PfQSoAc=,d2de0eecb364b6ad6dfd68c57fbb2b61edd7f408c047202d5ab95910a24e2627,,,,,,,,,,,,,,,,,52c163f0b025dc2410e299b310a8e8a1b61ed4b0ad8735eef58d403d61efc9f8,audit_trails/artifacts/accepted_runtime_submissions/T2_DF_KS_TADP_client_001_r11_868467c9ec3b1096__52c163f0b025dc24.json,,,,,,,,,,,,,797d69b5d340212e96ccce54985d432de811142f43540a8a8a48a5ab862a055b,17c35bbffe8ea90430f9c1378018601525103f93d98b6deaa7572f87e8395771,,
382,a3324271b5c892f26105867065c658e4,9009c28128737f7948fb54beb932f446c0ce27d5cbdefb4938dce83226ac7abd,2026-08-24T23:04:46.986727+00:00,TADP-SEC/14.0,CLIENT_CIPHERTEXT_BINDING,T2_DF_KS_TADP,,,,client_001,,,,,,,,,,,,,,,,,,,,,,,,,,,,,,,,,,,,,,,,CIPHERTEXT_BOUND_TO_SIGNED_UPDATE,,,,,,,,,,,,,,,,,C2_INTERNAL,2,,,,,,,,,,,,,bc341d956f9235d8a701ff3def5e7d84,,,,,,,,,,,,,,11,VERIFIED,,,,,True,,,,,False,mwBJsjZiy5wX/c/V7l/Zi9lYc0cso+rG34I48y13UGc=,868467c9ec3b109665f34c843ed447b7fdef71d58d0c041ce34a476a0ad519d8,LVS6iX3xyk+AW89N8K7wd5i2P+GtpUmTpzID/3W7LU4=,5faa92e88611b3e00fe9063879811b68934a046dbf560e273412b92219d28f6b,IDs7eGGCihGL/tq2K8PtxTvwUr43s10uqRT3PfQSoAc=,d2de0eecb364b6ad6dfd68c57fbb2b61edd7f408c047202d5ab95910a24e2627,T2: Modified-DF client encryption; Cloud multiplication/expansion and matrix-M KS after upload,reference_python,DFKS|d=25|lambda=10|m_prime_bits=80|m_bits=800|scale=1000000,df_client:client_001,,,,,,,,,92fbb4eb6430ea68bd67e261c4b8d00d061a23004ed3703d71543dff7dd6cf8d,,eef82281bb14da20520b7699dbd5647a04e818b281a27ff7129bbd4faa208165,audit_trails/artifacts/ciphertext_attestations/T2_DF_KS_TADP_client_001_r11_7991aa6c7ece7b6a__eef82281bb14da20.json,,,,,,,,,,,,,,,17c35bbffe8ea90430f9c1378018601525103f93d98b6deaa7572f87e8395771,5713e81c87888a960234a4f9dd9487a2869a6cf89f38c85525253a182934ecd6,,
383,90389684c45e0c9157a4ec1dfaf22703,9009c28128737f7948fb54beb932f446c0ce27d5cbdefb4938dce83226ac7abd,2026-08-24T23:04:53.590620+00:00,TADP-SEC/14.0,CLIENT_ACCEPTED_SUBMISSION,T2_DF_KS_TADP,,,,client_001,,,,,,,,,,,2.3-phase1-fixed-threshold-critical-floor-review-profile,e910eb11d46f5a33a9f6a7d996c6c242f2a4caa089255874076d8ae12155dc94,2e5e1ea61ea1c71b07c235b309bb618daac98643cb3c0843acb266cd6b876512,cd72ec3b4911418e9899eae9aed63fa15aaf66633d0cb863f54d9ac8508d934e,833c0f503995ec3e68f8d11c30f392b1e756db044036faa02ce898eac71d1c91,VALIDATED_EVIDENCE_BUNDLE,,,,,,,,,,,,,,,,,,,,,,,,UPDATE_SUBMITTED_ENFORCED,,False,NOT_REQUIRED_AUTOMATED_POLICY,False,,,,,,,,,,,,,C2_INTERNAL,2,,,,,,,,6401d449cad49398af2f5e4da9bd6c0fbdde3a2a57f8a422907de7f0354cd145,71adf2c7741ed63f779fe8cebf9b4d1363fd18da1c5a49e39f32ec63cb8262f2,,,2026-08-25T22:32:04.883782+00:00,bc341d956f9235d8a701ff3def5e7d84,,,,,06954fb714449c422d2eb0357cbf7e9575af4f6ee033204fb181adc36387400e,ead8c92dcb854af94545e81dab0dd2487a4d0d0a81c3980906e307ca01e508c0,,,2026-08-25T23:03:52.073054+00:00,75d46ecd684a2dc4b6a8e27daff7fed8db3fae5cae653b9ddb3099795df8cd6c,active,,,12,ACCEPTED,ALL_BASELINE_CONTROLS,,,,True,True,True,True,True,False,Gf/XjH0duSkkiAUS5LXxpVBRKr7mHzzV04YsHilzbFs=,ccc4c939a63ffea5b29e0ca7fb34abec12fcf9b969309671600c0779024c5718,LVS6iX3xyk+AW89N8K7wd5i2P+GtpUmTpzID/3W7LU4=,984a8043bb870561cc0b170a3a402856680ff4b479121f14c07fc42b4ebbe30b,74RCjsmF4rXLAIIAIRB9HmcO2fha1fIXVyzAZr1Kqac=,d2de0eecb364b6ad6dfd68c57fbb2b61edd7f408c047202d5ab95910a24e2627,,,,,,,,,,,,,,,,,fe17a6303e067ae96c34d5ecce2e835e03827b2370b8691953371b55a8fab66a,audit_trails/artifacts/accepted_runtime_submissions/T2_DF_KS_TADP_client_001_r12_ccc4c939a63ffea5__fe17a6303e067ae9.json,,,,,,,,,,,,,5713e81c87888a960234a4f9dd9487a2869a6cf89f38c85525253a182934ecd6,205935f41af659b3b29be8c55a7bff00916d299a92228982e7dcab4f16403356,,
384,9eac9685f67220928f770054179a5ac6,9009c28128737f7948fb54beb932f446c0ce27d5cbdefb4938dce83226ac7abd,2026-08-24T23:04:53.621773+00:00,TADP-SEC/14.0,CLIENT_CIPHERTEXT_BINDING,T2_DF_KS_TADP,,,,client_001,,,,,,,,,,,,,,,,,,,,,,,,,,,,,,,,,,,,,,,,CIPHERTEXT_BOUND_TO_SIGNED_UPDATE,,,,,,,,,,,,,,,,,C2_INTERNAL,2,,,,,,,,,,,,,bc341d956f9235d8a701ff3def5e7d84,,,,,,,,,,,,,,12,VERIFIED,,,,,True,,,,,False,Gf/XjH0duSkkiAUS5LXxpVBRKr7mHzzV04YsHilzbFs=,ccc4c939a63ffea5b29e0ca7fb34abec12fcf9b969309671600c0779024c5718,LVS6iX3xyk+AW89N8K7wd5i2P+GtpUmTpzID/3W7LU4=,8309cfb3528b86f3d4e4325a5c9317bf93afc6d75ef165d8e560f19ce7b00116,74RCjsmF4rXLAIIAIRB9HmcO2fha1fIXVyzAZr1Kqac=,d2de0eecb364b6ad6dfd68c57fbb2b61edd7f408c047202d5ab95910a24e2627,T2: Modified-DF client encryption; Cloud multiplication/expansion and matrix-M KS after upload,reference_python,DFKS|d=25|lambda=10|m_prime_bits=80|m_bits=800|scale=1000000,df_client:client_001,,,,,,,,,e7444a48421c52aa15e5dbeb16df82f018dcb2eb377aa605a7e9bf378c4fad3e,,3dd9a3e0822efde006f00c6c74d329ef0fda62f3294b3cd772e3d0d4cbd8c17a,audit_trails/artifacts/ciphertext_attestations/T2_DF_KS_TADP_client_001_r12_f0650f13ff02fe50__3dd9a3e0822efde0.json,,,,,,,,,,,,,,,205935f41af659b3b29be8c55a7bff00916d299a92228982e7dcab4f16403356,06f6bf7454ecc8db049ec0ee8ecb0e3e2877b5b60399633ca12e4acb07c351c4,,Neiyk44yRFu66Zq0JxIIGiX9ewywFLZDVvJfSigjlz6d3BjNW1QxMv/JrcwV7YyKLGMoJLruTsVSqdxOtEEgtc60ApunH7VPoBdJoWA2sScyCJAOF8eqhAcemIPgBQdIvzp51qcc6e1F/A8ZcBZt5SHDmb5GADSDWJSQnYgOHeiCoVnDDoNWQrIkap/dSj54CMa7BfmkeB4v9BD6eOSQl7YovSC1IPPVy1B1yjavh+EEuMESAC7kaVDMpMVvxWWS7haBu8bjhibEVEhKmqVL3zZ05BooU8uSAG614lySeZk5fgijtLYS1W2oh6D5CdRhKNyAdIa01/0U9c9NXYMiQvpn5HQ5TPlohTVG3pkLyVyBUllEKg5bZXcDlVi1hc4VonkAs5CyuzmG9k3WEwcrmjQVO+D2e92i+XkcjfCRSRbVM5fAr249tR3vLR3mlU1Dti7uimApwyf+3KnqrxVnrhYvljvKEbqwRXxkFb4psMf8XuQtX/e1kb0HHGFVBou3
385,4f75ea64c84fb839829b71cc03914266,9009c28128737f7948fb54beb932f446c0ce27d5cbdefb4938dce83226ac7abd,2026-08-24T23:04:58.533975+00:00,TADP-SEC/14.0,CLIENT_ACCEPTED_SUBMISSION,T2_DF_KS_TADP,,,,client_001,,,,,,,,,,,2.3-phase1-fixed-threshold-critical-floor-review-profile,e910eb11d46f5a33a9f6a7d996c6c242f2a4caa089255874076d8ae12155dc94,2e5e1ea61ea1c71b07c235b309bb618daac98643cb3c0843acb266cd6b876512,cd72ec3b4911418e9899eae9aed63fa15aaf66633d0cb863f54d9ac8508d934e,833c0f503995ec3e68f8d11c30f392b1e756db044036faa02ce898eac71d1c91,VALIDATED_EVIDENCE_BUNDLE,,,,,,,,,,,,,,,,,,,,,,,,UPDATE_SUBMITTED_ENFORCED,,False,NOT_REQUIRED_AUTOMATED_POLICY,False,,,,,,,,,,,,,C2_INTERNAL,2,,,,,,,,6401d449cad49398af2f5e4da9bd6c0fbdde3a2a57f8a422907de7f0354cd145,71adf2c7741ed63f779fe8cebf9b4d1363fd18da1c5a49e39f32ec63cb8262f2,,,2026-08-25T22:32:04.883782+00:00,bc341d956f9235d8a701ff3def5e7d84,,,,,06954fb714449c422d2eb0357cbf7e9575af4f6ee033204fb181adc36387400e,ead8c92dcb854af94545e81dab0dd2487a4d0d0a81c3980906e307ca01e508c0,,,2026-08-25T23:03:52.073054+00:00,75d46ecd684a2dc4b6a8e27daff7fed8db3fae5cae653b9ddb3099795df8cd6c,active,,,13,ACCEPTED,ALL_BASELINE_CONTROLS,,,,True,True,True,True,True,False,Gt1/NbfcxEjcZW9P6Tm8sx0e8XpkW+Ciymv4K9wU/4s=,d35da4fdcdfe24335c9b3960cf90bf0f45d100f8699984a4b59b07d2f5e87857,LVS6iX3xyk+AW89N8K7wd5i2P+GtpUmTpzID/3W7LU4=,5ff173e76a8f13e461818936a7bc6c4cde4a5dc7c88d1a95383f06c64f845285,Av2BFTgmAKBHVewKkk1qWT2JN/l0itQ3RYhrfw8aqg4=,d2de0eecb364b6ad6dfd68c57fbb2b61edd7f408c047202d5ab95910a24e2627,,,,,,,,,,,,,,,,,2b0106d64e9b4ffe89b0006f10335b970b9bd0d51d16a6736e3fc9be27fb6e1b,audit_trails/artifacts/accepted_runtime_submissions/T2_DF_KS_TADP_client_001_r13_d35da4fdcdfe2433__2b0106d64e9b4ffe.json,,,,,,,,,,,,,06f6bf7454ecc8db049ec0ee8ecb0e3e2877b5b60399633ca12e4acb07c351c4,1485386b6db45e7edaa6a1387f5be7cff9c20e11f42c0f4f0b20b8d2f56f888e,,
386,dd22bf19f319fba8e8caaaa044aaa395,9009c28128737f7948fb54beb932f446c0ce27d5cbdefb4938dce83226ac7abd,2026-08-24T23:04:58.562131+00:00,TADP-SEC/14.0,CLIENT_CIPHERTEXT_BINDING,T2_DF_KS_TADP,,,,client_001,,,,,,,,,,,,,,,,,,,,,,,,,,,,,,,,,,,,,,,,CIPHERTEXT_BOUND_TO_SIGNED_UPDATE,,,,,,,,,,,,,,,,,C2_INTERNAL,2,,,,,,,,,,,,,bc341d956f9235d8a701ff3def5e7d84,,,,,,,,,,,,,,13,VERIFIED,,,,,True,,,,,False,Gt1/NbfcxEjcZW9P6Tm8sx0e8XpkW+Ciymv4K9wU/4s=,d35da4fdcdfe24335c9b3960cf90bf0f45d100f8699984a4b59b07d2f5e87857,LVS6iX3xyk+AW89N8K7wd5i2P+GtpUmTpzID/3W7LU4=,739779cdff9570981c24fdd4f74c0799742523fdc098cdf7a6eab31814e44959,Av2BFTgmAKBHVewKkk1qWT2JN/l0itQ3RYhrfw8aqg4=,d2de0eecb364b6ad6dfd68c57fbb2b61edd7f408c047202d5ab95910a24e2627,T2: Modified-DF client encryption; Cloud multiplication/expansion and matrix-M KS after upload,reference_python,DFKS|d=25|lambda=10|m_prime_bits=80|m_bits=800|scale=1000000,df_client:client_001,,,,,,,,,a21066a33e6dfeb07b9b3717bb8a81d16c3d34b894ad41f830fea92ad35d809f,,778f136faf665309fa5940bbc89650d8e157509586661ac79a04c8fcb380650e,audit_trails/artifacts/ciphertext_attestations/T2_DF_KS_TADP_client_001_r13_3bb3a755db7ff226__778f136faf665309.json,,,,,,,,,,,,,,,1485386b6db45e7edaa6a1387f5be7cff9c20e11f42c0f4f0b20b8d2f56f888e,a64575af074739b15d06c9469bb6b5dce5512b971739362fef74e4c1fbf803fe,,
387,724ca0fd5325bfff86cf0d02755fe384,9009c28128737f7948fb54beb932f446c0ce27d5cbdefb4938dce83226ac7abd,2026-08-24T23:05:04.511459+00:00,TADP-SEC/14.0,CLIENT_ACCEPTED_SUBMISSION,T2_DF_KS_TADP,,,,client_001,,,,,,,,,,,2.3-phase1-fixed-threshold-critical-floor-review-profile,e910eb11d46f5a33a9f6a7d996c6c242f2a4caa089255874076d8ae12155dc94,2e5e1ea61ea1c71b07c235b309bb618daac98643cb3c0843acb266cd6b876512,cd72ec3b4911418e9899eae9aed63fa15aaf66633d0cb863f54d9ac8508d934e,833c0f503995ec3e68f8d11c30f392b1e756db044036faa02ce898eac71d1c91,VALIDATED_EVIDENCE_BUNDLE,,,,,,,,,,,,,,,,,,,,,,,,UPDATE_SUBMITTED_ENFORCED,,False,NOT_REQUIRED_AUTOMATED_POLICY,False,,,,,,,,,,,,,C2_INTERNAL,2,,,,,,,,6401d449cad49398af2f5e4da9bd6c0fbdde3a2a57f8a422907de7f0354cd145,71adf2c7741ed63f779fe8cebf9b4d1363fd18da1c5a49e39f32ec63cb8262f2,,,2026-08-25T22:32:04.883782+00:00,bc341d956f9235d8a701ff3def5e7d84,,,,,06954fb714449c422d2eb0357cbf7e9575af4f6ee033204fb181adc36387400e,ead8c92dcb854af94545e81dab0dd2487a4d0d0a81c3980906e307ca01e508c0,,,2026-08-25T23:03:52.073054+00:00,75d46ecd684a2dc4b6a8e27daff7fed8db3fae5cae653b9ddb3099795df8cd6c,active,,,14,ACCEPTED,ALL_BASELINE_CONTROLS,,,,True,True,True,True,True,False,NSmW+OuawTvKmLrDYJnp5F+FJ5eIjX8dv8xtyhT2kaQ=,b01dc4bef7ef89804e45c4180c907cffae64f964984108c89122292fef1d2b5d,LVS6iX3xyk+AW89N8K7wd5i2P+GtpUmTpzID/3W7LU4=,b2d16e12288b0c14d5204052ac5507bc080eff0ee77541b220f54bcb97ecacec,psD1qbVgqhwjIul66cjxoIR5ECZW/7JM7Q3yyqMY9Y4=,d2de0eecb364b6ad6dfd68c57fbb2b61edd7f408c047202d5ab95910a24e2627,,,,,,,,,,,,,,,,,2b3192537e687d37202acae83397eee1f6fba7bd7a7b562f0319666b6888f9cb,audit_trails/artifacts/accepted_runtime_submissions/T2_DF_KS_TADP_client_001_r14_b01dc4bef7ef8980__2b3192537e687d37.json,,,,,,,,,,,,,a64575af074739b15d06c9469bb6b5dce5512b971739362fef74e4c1fbf803fe,003e3e5144bfb28b2f5571712ca44625e0fb9bec29eb6f2330159d569a0d3806,,
388,bd1be236c5306f9d5ba38f84ba35e480,9009c28128737f7948fb54beb932f446c0ce27d5cbdefb4938dce83226ac7abd,2026-08-24T23:05:04.548143+00:00,TADP-SEC/14.0,CLIENT_CIPHERTEXT_BINDING,T2_DF_KS_TADP,,,,client_001,,,,,,,,,,,,,,,,,,,,,,,,,,,,,,,,,,,,,,,,CIPHERTEXT_BOUND_TO_SIGNED_UPDATE,,,,,,,,,,,,,,,,,C2_INTERNAL,2,,,,,,,,,,,,,bc341d956f9235d8a701ff3def5e7d84,,,,,,,,,,,,,,14,VERIFIED,,,,,True,,,,,False,NSmW+OuawTvKmLrDYJnp5F+FJ5eIjX8dv8xtyhT2kaQ=,b01dc4bef7ef89804e45c4180c907cffae64f964984108c89122292fef1d2b5d,LVS6iX3xyk+AW89N8K7wd5i2P+GtpUmTpzID/3W7LU4=,4ae368828a1cd1e8b3206c3279f6b119fee50d24e9d40ccf83b8c2a64daddc1c,psD1qbVgqhwjIul66cjxoIR5ECZW/7JM7Q3yyqMY9Y4=,d2de0eecb364b6ad6dfd68c57fbb2b61edd7f408c047202d5ab95910a24e2627,T2: Modified-DF client encryption; Cloud multiplication/expansion and matrix-M KS after upload,reference_python,DFKS|d=25|lambda=10|m_prime_bits=80|m_bits=800|scale=1000000,df_client:client_001,,,,,,,,,15281a025095e65009743c00b8559ebd9a50c98584b93d6cf59dcdd443ba276b,,5df87f4d414d92b2ad3be6bd650b6d5d96921419d87d8eb29e6c18a77ca5ca77,audit_trails/artifacts/ciphertext_attestations/T2_DF_KS_TADP_client_001_r14_662ba093bc72940d__5df87f4d414d92b2.json,,,,,,,,,,,,,,,003e3e5144bfb28b2f5571712ca44625e0fb9bec29eb6f2330159d569a0d3806,884415b046441974dc050c6df47d5587d482a9e9d9f9aff66ef011a0be354cad,,
389,8e0b408740dce1ad040b1fc2aa26d8da,9009c28128737f7948fb54beb932f446c0ce27d5cbdefb4938dce83226ac7abd,2026-08-24T23:05:09.692611+00:00,TADP-SEC/14.0,CLIENT_ACCEPTED_SUBMISSION,T2_DF_KS_TADP,,,,client_001,,,,,,,,,,,2.3-phase1-fixed-threshold-critical-floor-review-profile,e910eb11d46f5a33a9f6a7d996c6c242f2a4caa089255874076d8ae12155dc94,2e5e1ea61ea1c71b07c235b309bb618daac98643cb3c0843acb266cd6b876512,cd72ec3b4911418e9899eae9aed63fa15aaf66633d0cb863f54d9ac8508d934e,833c0f503995ec3e68f8d11c30f392b1e756db044036faa02ce898eac71d1c91,VALIDATED_EVIDENCE_BUNDLE,,,,,,,,,,,,,,,,,,,,,,,,UPDATE_SUBMITTED_ENFORCED,,False,NOT_REQUIRED_AUTOMATED_POLICY,False,,,,,,,,,,,,,C2_INTERNAL,2,,,,,,,,6401d449cad49398af2f5e4da9bd6c0fbdde3a2a57f8a422907de7f0354cd145,71adf2c7741ed63f779fe8cebf9b4d1363fd18da1c5a49e39f32ec63cb8262f2,,,2026-08-25T22:32:04.883782+00:00,bc341d956f9235d8a701ff3def5e7d84,,,,,06954fb714449c422d2eb0357cbf7e9575af4f6ee033204fb181adc36387400e,ead8c92dcb854af94545e81dab0dd2487a4d0d0a81c3980906e307ca01e508c0,,,2026-08-25T23:03:52.073054+00:00,75d46ecd684a2dc4b6a8e27daff7fed8db3fae5cae653b9ddb3099795df8cd6c,active,,,15,ACCEPTED,ALL_BASELINE_CONTROLS,,,,True,True,True,True,True,False,WISGumjUO4j9DxlcEPkKIrGrp1aq7wEcEFiQhkMjcFQ=,f90a36e6983585784c4b1e764051c508a1dc808770fdf57369dce0c7e6d2eb7f,LVS6iX3xyk+AW89N8K7wd5i2P+GtpUmTpzID/3W7LU4=,9db7c111570326e434ce1e17fb8daba44c3e009cc096fb83d3a99c3802c1ecf9,HwcvrpIFqZtI1R2tvbQO8napnbodDcUOhuxGd3Sybqo=,d2de0eecb364b6ad6dfd68c57fbb2b61edd7f408c047202d5ab95910a24e2627,,,,,,,,,,,,,,,,,7d724736249695734fb1a6f01241faf7513a0de204bb56b1afa82b354dff87a5,audit_trails/artifacts/accepted_runtime_submissions/T2_DF_KS_TADP_client_001_r15_f90a36e698358578__7d72473624969573.json,,,,,,,,,,,,,884415b046441974dc050c6df47d5587d482a9e9d9f9aff66ef011a0be354cad,74737e0dbca835ff020955658786032d29d7c45eea4ebe54712c71804ee35b20,,
390,5c72e860180bb249ff38115380ce6260,9009c28128737f7948fb54beb932f446c0ce27d5cbdefb4938dce83226ac7abd,2026-08-24T23:05:09.719760+00:00,TADP-SEC/14.0,CLIENT_CIPHERTEXT_BINDING,T2_DF_KS_TADP,,,,client_001,,,,,,,,,,,,,,,,,,,,,,,,,,,,,,,,,,,,,,,,CIPHERTEXT_BOUND_TO_SIGNED_UPDATE,,,,,,,,,,,,,,,,,C2_INTERNAL,2,,,,,,,,,,,,,bc341d956f9235d8a701ff3def5e7d84,,,,,,,,,,,,,,15,VERIFIED,,,,,True,,,,,False,WISGumjUO4j9DxlcEPkKIrGrp1aq7wEcEFiQhkMjcFQ=,f90a36e6983585784c4b1e764051c508a1dc808770fdf57369dce0c7e6d2eb7f,LVS6iX3xyk+AW89N8K7wd5i2P+GtpUmTpzID/3W7LU4=,1863c6a27e4780f150f7a987be676c5cd06adc15cb2a171828d96d4dc6dc24b1,HwcvrpIFqZtI1R2tvbQO8napnbodDcUOhuxGd3Sybqo=,d2de0eecb364b6ad6dfd68c57fbb2b61edd7f408c047202d5ab95910a24e2627,T2: Modified-DF client encryption; Cloud multiplication/expansion and matrix-M KS after upload,reference_python,DFKS|d=25|lambda=10|m_prime_bits=80|m_bits=800|scale=1000000,df_client:client_001,,,,,,,,,0075bf26c29a67e8afbd48f640870aa0bd4194ea5ea3cf8b2c7f99135fc078db,,03c093c22bd4a6c454fa8d9c44fb99aa8d954a4d86118e9b80931d2b67800f7a,audit_trails/artifacts/ciphertext_attestations/T2_DF_KS_TADP_client_001_r15_ba41a50ebbc853f5__03c093c22bd4a6c4.json,,,,,,,,,,,,,,,74737e0dbca835ff020955658786032d29d7c45eea4ebe54712c71804ee35b20,502acd8f194f593ebfad4f53628e1f6188b7be1bb2ba8c9aeee70ed7c89a5b9f,,
391,eee6882c3625e455e72fa03ee44884f6,9009c28128737f7948fb54beb932f446c0ce27d5cbdefb4938dce83226ac7abd,2026-08-24T23:05:14.582278+00:00,TADP-SEC/14.0,CLIENT_ACCEPTED_SUBMISSION,T2_DF_KS_TADP,,,,client_001,,,,,,,,,,,2.3-phase1-fixed-threshold-critical-floor-review-profile,e910eb11d46f5a33a9f6a7d996c6c242f2a4caa089255874076d8ae12155dc94,2e5e1ea61ea1c71b07c235b309bb618daac98643cb3c0843acb266cd6b876512,cd72ec3b4911418e9899eae9aed63fa15aaf66633d0cb863f54d9ac8508d934e,833c0f503995ec3e68f8d11c30f392b1e756db044036faa02ce898eac71d1c91,VALIDATED_EVIDENCE_BUNDLE,,,,,,,,,,,,,,,,,,,,,,,,UPDATE_SUBMITTED_ENFORCED,,False,NOT_REQUIRED_AUTOMATED_POLICY,False,,,,,,,,,,,,,C2_INTERNAL,2,,,,,,,,6401d449cad49398af2f5e4da9bd6c0fbdde3a2a57f8a422907de7f0354cd145,71adf2c7741ed63f779fe8cebf9b4d1363fd18da1c5a49e39f32ec63cb8262f2,,,2026-08-25T22:32:04.883782+00:00,bc341d956f9235d8a701ff3def5e7d84,,,,,06954fb714449c422d2eb0357cbf7e9575af4f6ee033204fb181adc36387400e,ead8c92dcb854af94545e81dab0dd2487a4d0d0a81c3980906e307ca01e508c0,,,2026-08-25T23:03:52.073054+00:00,75d46ecd684a2dc4b6a8e27daff7fed8db3fae5cae653b9ddb3099795df8cd6c,active,,,16,ACCEPTED,ALL_BASELINE_CONTROLS,,,,True,True,True,True,True,False,b5dBqvQ/CKcVqsGBJJD5Ig4ftJzed8/Pb719nne7GCQ=,0c2a97cc9e8b1279bd04fea146989d170417130fec63120444f59d356b38f08d,LVS6iX3xyk+AW89N8K7wd5i2P+GtpUmTpzID/3W7LU4=,ad45e05b48b158ee591d66f6dce225a4023d5a18e10e864aefb5a0f89b47a7d8,wui4iqfjP9BP0/rxkY1SaUL3Xac50qsp7loyZQBGwSc=,d2de0eecb364b6ad6dfd68c57fbb2b61edd7f408c047202d5ab95910a24e2627,,,,,,,,,,,,,,,,,2fe7121f40bea70b0fadae6f98225ce884bf91844cd95ce2a983954fc1c13103,audit_trails/artifacts/accepted_runtime_submissions/T2_DF_KS_TADP_client_001_r16_0c2a97cc9e8b1279__2fe7121f40bea70b.json,,,,,,,,,,,,,502acd8f194f593ebfad4f53628e1f6188b7be1bb2ba8c9aeee70ed7c89a5b9f,b60b1a5d0842eca0acff0a623286837bc07373976de240ef23432507028a8622,,
392,7d1f7f731a4c5a944d11a4ea338770a1,9009c28128737f7948fb54beb932f446c0ce27d5cbdefb4938dce83226ac7abd,2026-08-24T23:05:14.610302+00:00,TADP-SEC/14.0,CLIENT_CIPHERTEXT_BINDING,T2_DF_KS_TADP,,,,client_001,,,,,,,,,,,,,,,,,,,,,,,,,,,,,,,,,,,,,,,,CIPHERTEXT_BOUND_TO_SIGNED_UPDATE,,,,,,,,,,,,,,,,,C2_INTERNAL,2,,,,,,,,,,,,,bc341d956f9235d8a701ff3def5e7d84,,,,,,,,,,,,,,16,VERIFIED,,,,,True,,,,,False,b5dBqvQ/CKcVqsGBJJD5Ig4ftJzed8/Pb719nne7GCQ=,0c2a97cc9e8b1279bd04fea146989d170417130fec63120444f59d356b38f08d,LVS6iX3xyk+AW89N8K7wd5i2P+GtpUmTpzID/3W7LU4=,5462cf6d2e26402a864b29266d50cace27de512ab5f897fd09f9c7e5b98c8700,wui4iqfjP9BP0/rxkY1SaUL3Xac50qsp7loyZQBGwSc=,d2de0eecb364b6ad6dfd68c57fbb2b61edd7f408c047202d5ab95910a24e2627,T2: Modified-DF client encryption; Cloud multiplication/expansion and matrix-M KS after upload,reference_python,DFKS|d=25|lambda=10|m_prime_bits=80|m_bits=800|scale=1000000,df_client:client_001,,,,,,,,,6909c437cb1c2fcf8e3b6d30532129442be8fe90dfa2d2e0fc057c388dc25875,,6b69c4c484f7b8aa4518180b7accc11c9b8a67df3cf761a5f95d7d84aa87763d,audit_trails/artifacts/ciphertext_attestations/T2_DF_KS_TADP_client_001_r16_abda8789506467cd__6b69c4c484f7b8aa.json,,,,,,,,,,,,,,,b60b1a5d0842eca0acff0a623286837bc07373976de240ef23432507028a8622,97ff234fc400553625bc89137332e2e6b93bc7ebc5be4b7cc18b9612c18d455b,,
393,3233a97fd316f1a2bcd9f053d85b378d,9009c28128737f7948fb54beb932f446c0ce27d5cbdefb4938dce83226ac7abd,2026-08-24T23:05:21.126404+00:00,TADP-SEC/14.0,CLIENT_ACCEPTED_SUBMISSION,T2_DF_KS_TADP,,,,client_001,,,,,,,,,,,2.3-phase1-fixed-threshold-critical-floor-review-profile,e910eb11d46f5a33a9f6a7d996c6c242f2a4caa089255874076d8ae12155dc94,2e5e1ea61ea1c71b07c235b309bb618daac98643cb3c0843acb266cd6b876512,cd72ec3b4911418e9899eae9aed63fa15aaf66633d0cb863f54d9ac8508d934e,833c0f503995ec3e68f8d11c30f392b1e756db044036faa02ce898eac71d1c91,VALIDATED_EVIDENCE_BUNDLE,,,,,,,,,,,,,,,,,,,,,,,,UPDATE_SUBMITTED_ENFORCED,,False,NOT_REQUIRED_AUTOMATED_POLICY,False,,,,,,,,,,,,,C2_INTERNAL,2,,,,,,,,6401d449cad49398af2f5e4da9bd6c0fbdde3a2a57f8a422907de7f0354cd145,71adf2c7741ed63f779fe8cebf9b4d1363fd18da1c5a49e39f32ec63cb8262f2,,,2026-08-25T22:32:04.883782+00:00,bc341d956f9235d8a701ff3def5e7d84,,,,,06954fb714449c422d2eb0357cbf7e9575af4f6ee033204fb181adc36387400e,ead8c92dcb854af94545e81dab0dd2487a4d0d0a81c3980906e307ca01e508c0,,,2026-08-25T23:03:52.073054+00:00,75d46ecd684a2dc4b6a8e27daff7fed8db3fae5cae653b9ddb3099795df8cd6c,active,,,17,ACCEPTED,ALL_BASELINE_CONTROLS,,,,True,True,True,True,True,False,jC4UMud6/1hXkEOa+NSBcV0eZEmclNuVwxgs4GBHp0c=,c27bcbddd748ad3d976b8b1f130b7c112097936c40e9cb90932107c6c2167f27,LVS6iX3xyk+AW89N8K7wd5i2P+GtpUmTpzID/3W7LU4=,7f7cf8a2b5e57ec96e20ad780214db9cfbbc8a44f3e6885c7cd15e3c5405d6b9,MA7lpAwSvPfHvgSOR1UCliH8H3Qa9GPs/RRikiPe2FI=,d2de0eecb364b6ad6dfd68c57fbb2b61edd7f408c047202d5ab95910a24e2627,,,,,,,,,,,,,,,,,207ca5915c101af532e3dac0d1f0b1cf97436e530b91fdbde65b9082c7fa5635,audit_trails/artifacts/accepted_runtime_submissions/T2_DF_KS_TADP_client_001_r17_c27bcbddd748ad3d__207ca5915c101af5.json,,,,,,,,,,,,,97ff234fc400553625bc89137332e2e6b93bc7ebc5be4b7cc18b9612c18d455b,0eb3be54f055356206efd8f63ffa47a975c1476e634c25bb1327013509c889ba,,
394,3bb82f366010ead9858df931df568cf6,9009c28128737f7948fb54beb932f446c0ce27d5cbdefb4938dce83226ac7abd,2026-08-24T23:05:21.155043+00:00,TADP-SEC/14.0,CLIENT_CIPHERTEXT_BINDING,T2_DF_KS_TADP,,,,client_001,,,,,,,,,,,,,,,,,,,,,,,,,,,,,,,,,,,,,,,,CIPHERTEXT_BOUND_TO_SIGNED_UPDATE,,,,,,,,,,,,,,,,,C2_INTERNAL,2,,,,,,,,,,,,,bc341d956f9235d8a701ff3def5e7d84,,,,,,,,,,,,,,17,VERIFIED,,,,,True,,,,,False,jC4UMud6/1hXkEOa+NSBcV0eZEmclNuVwxgs4GBHp0c=,c27bcbddd748ad3d976b8b1f130b7c112097936c40e9cb90932107c6c2167f27,LVS6iX3xyk+AW89N8K7wd5i2P+GtpUmTpzID/3W7LU4=,f7cb97b7bc76e750679847dff8c7362b2af54778caa850913d2ebc31c235f543,MA7lpAwSvPfHvgSOR1UCliH8H3Qa9GPs/RRikiPe2FI=,d2de0eecb364b6ad6dfd68c57fbb2b61edd7f408c047202d5ab95910a24e2627,T2: Modified-DF client encryption; Cloud multiplication/expansion and matrix-M KS after upload,reference_python,DFKS|d=25|lambda=10|m_prime_bits=80|m_bits=800|scale=1000000,df_client:client_001,,,,,,,,,39efff1fe040e8943f83a91b23ffdd9e061802f9318b692849fd22750e2a2685,,23a500d75677a78d8d30d1f00bf000845171bcd65476a68537817a0a7706f796,audit_trails/artifacts/ciphertext_attestations/T2_DF_KS_TADP_client_001_r17_10642e5e0a31f7af__23a500d75677a78d.json,,,,,,,,,,,,,,,0eb3be54f055356206efd8f63ffa47a975c1476e634c25bb1327013509c889ba,083252fdd3bdeb48622a2f70a196b58b3d407458112a8c619522df303c3b404f,,
395,6d17cff7488a7f85a602897ce2aa5e04,9009c28128737f7948fb54beb932f446c0ce27d5cbdefb4938dce83226ac7abd,2026-08-24T23:05:26.063872+00:00,TADP-SEC/14.0,CLIENT_ACCEPTED_SUBMISSION,T2_DF_KS_TADP,,,,client_001,,,,,,,,,,,2.3-phase1-fixed-threshold-critical-floor-review-profile,e910eb11d46f5a33a9f6a7d996c6c242f2a4caa089255874076d8ae12155dc94,2e5e1ea61ea1c71b07c235b309bb618daac98643cb3c0843acb266cd6b876512,cd72ec3b4911418e9899eae9aed63fa15aaf66633d0cb863f54d9ac8508d934e,833c0f503995ec3e68f8d11c30f392b1e756db044036faa02ce898eac71d1c91,VALIDATED_EVIDENCE_BUNDLE,,,,,,,,,,,,,,,,,,,,,,,,UPDATE_SUBMITTED_ENFORCED,,False,NOT_REQUIRED_AUTOMATED_POLICY,False,,,,,,,,,,,,,C2_INTERNAL,2,,,,,,,,6401d449cad49398af2f5e4da9bd6c0fbdde3a2a57f8a422907de7f0354cd145,71adf2c7741ed63f779fe8cebf9b4d1363fd18da1c5a49e39f32ec63cb8262f2,,,2026-08-25T22:32:04.883782+00:00,bc341d956f9235d8a701ff3def5e7d84,,,,,06954fb714449c422d2eb0357cbf7e9575af4f6ee033204fb181adc36387400e,ead8c92dcb854af94545e81dab0dd2487a4d0d0a81c3980906e307ca01e508c0,,,2026-08-25T23:03:52.073054+00:00,75d46ecd684a2dc4b6a8e27daff7fed8db3fae5cae653b9ddb3099795df8cd6c,active,,,18,ACCEPTED,ALL_BASELINE_CONTROLS,,,,True,True,True,True,True,False,gsqf7EsR9OIaVyPO/cdxFz83HE61wJQucME+oORk8P4=,d4f6d9c192553a1df2628666bd18fbf5b36c1300885491d27eb6c76122f036e1,LVS6iX3xyk+AW89N8K7wd5i2P+GtpUmTpzID/3W7LU4=,64da33d3f791f87964bcfb1e141c62994126e043a9f78aad5d3f7db06c963ba1,3rGD4YpDfFFcMxo5xCAL8oljqQ8QZmf4bZweMpntvrI=,d2de0eecb364b6ad6dfd68c57fbb2b61edd7f408c047202d5ab95910a24e2627,,,,,,,,,,,,,,,,,d0c10ff9c05ca92c2a293346ddbeac7d54dc51caeba615ebbb0eceb1cb59c514,audit_trails/artifacts/accepted_runtime_submissions/T2_DF_KS_TADP_client_001_r18_d4f6d9c192553a1d__d0c10ff9c05ca92c.json,,,,,,,,,,,,,083252fdd3bdeb48622a2f70a196b58b3d407458112a8c619522df303c3b404f,29af74cde1d8c6dc74bc7dfd912df852f0b70fdaa43bb4e02dbf106f92451cd8,,
396,7f035766504e946ea307d58a3ece06f9,9009c28128737f7948fb54beb932f446c0ce27d5cbdefb4938dce83226ac7abd,2026-08-24T23:05:26.092238+00:00,TADP-SEC/14.0,CLIENT_CIPHERTEXT_BINDING,T2_DF_KS_TADP,,,,client_001,,,,,,,,,,,,,,,,,,,,,,,,,,,,,,,,,,,,,,,,CIPHERTEXT_BOUND_TO_SIGNED_UPDATE,,,,,,,,,,,,,,,,,C2_INTERNAL,2,,,,,,,,,,,,,bc341d956f9235d8a701ff3def5e7d84,,,,,,,,,,,,,,18,VERIFIED,,,,,True,,,,,False,gsqf7EsR9OIaVyPO/cdxFz83HE61wJQucME+oORk8P4=,d4f6d9c192553a1df2628666bd18fbf5b36c1300885491d27eb6c76122f036e1,LVS6iX3xyk+AW89N8K7wd5i2P+GtpUmTpzID/3W7LU4=,8e93a733f87bb8dcbd7ea6b540b726c06c33171aefd334adccd88adbc6aa1843,3rGD4YpDfFFcMxo5xCAL8oljqQ8QZmf4bZweMpntvrI=,d2de0eecb364b6ad6dfd68c57fbb2b61edd7f408c047202d5ab95910a24e2627,T2: Modified-DF client encryption; Cloud multiplication/expansion and matrix-M KS after upload,reference_python,DFKS|d=25|lambda=10|m_prime_bits=80|m_bits=800|scale=1000000,df_client:client_001,,,,,,,,,a669d27f44f5396142862da3f27a82546e07a57d2f14b56db4debf7fb38a85a1,,7296cd2ae098871c3cde4d3e64229b86db04f7cfa5d666eda05b8bbbd8cf3a7d,audit_trails/artifacts/ciphertext_attestations/T2_DF_KS_TADP_client_001_r18_1cf8599abc47b612__7296cd2ae098871c.json,,,,,,,,,,,,,,,29af74cde1d8c6dc74bc7dfd912df852f0b70fdaa43bb4e02dbf106f92451cd8,2c1c9c0bbd061baff6969fb5f1888cda5d4eca7c858f6d54b3d47b338e2c85a4,,
397,d67ac16ad371f1fd257fdc7ff23b47a3,9009c28128737f7948fb54beb932f446c0ce27d5cbdefb4938dce83226ac7abd,2026-08-24T23:05:32.264918+00:00,TADP-SEC/14.0,CLIENT_ACCEPTED_SUBMISSION,T2_DF_KS_TADP,,,,client_001,,,,,,,,,,,2.3-phase1-fixed-threshold-critical-floor-review-profile,e910eb11d46f5a33a9f6a7d996c6c242f2a4caa089255874076d8ae12155dc94,2e5e1ea61ea1c71b07c235b309bb618daac98643cb3c0843acb266cd6b876512,cd72ec3b4911418e9899eae9aed63fa15aaf66633d0cb863f54d9ac8508d934e,833c0f503995ec3e68f8d11c30f392b1e756db044036faa02ce898eac71d1c91,VALIDATED_EVIDENCE_BUNDLE,,,,,,,,,,,,,,,,,,,,,,,,UPDATE_SUBMITTED_ENFORCED,,False,NOT_REQUIRED_AUTOMATED_POLICY,False,,,,,,,,,,,,,C2_INTERNAL,2,,,,,,,,6401d449cad49398af2f5e4da9bd6c0fbdde3a2a57f8a422907de7f0354cd145,71adf2c7741ed63f779fe8cebf9b4d1363fd18da1c5a49e39f32ec63cb8262f2,,,2026-08-25T22:32:04.883782+00:00,bc341d956f9235d8a701ff3def5e7d84,,,,,06954fb714449c422d2eb0357cbf7e9575af4f6ee033204fb181adc36387400e,ead8c92dcb854af94545e81dab0dd2487a4d0d0a81c3980906e307ca01e508c0,,,2026-08-25T23:03:52.073054+00:00,75d46ecd684a2dc4b6a8e27daff7fed8db3fae5cae653b9ddb3099795df8cd6c,active,,,19,ACCEPTED,ALL_BASELINE_CONTROLS,,,,True,True,True,True,True,False,HM3xzoHbCw51Rzk8vr3GFCzuAzYWB86BjsNSXHOVIDg=,9731f12762fbbf12116bea945dbfb43a2d127306e93242663ef65d3d67d689d8,LVS6iX3xyk+AW89N8K7wd5i2P+GtpUmTpzID/3W7LU4=,075a643be03b717ec531649fba7a15707edd35edc816c90a45a7aa732ada7f11,a9/F2DDJz2Ymq0UialA5oG03e0PXmk+C1WkxtUM24lw=,d2de0eecb364b6ad6dfd68c57fbb2b61edd7f408c047202d5ab95910a24e2627,,,,,,,,,,,,,,,,,938a40c66571f31e9ca58f54a421b0150302304027d3793fdb76f6601f1c5094,audit_trails/artifacts/accepted_runtime_submissions/T2_DF_KS_TADP_client_001_r19_9731f12762fbbf12__938a40c66571f31e.json,,,,,,,,,,,,,2c1c9c0bbd061baff6969fb5f1888cda5d4eca7c858f6d54b3d47b338e2c85a4,f3f48ca82a48ad0a88635a7cfa479a74ce5acacafd87643cdd759b02e9b5cbfe,,
398,158e9babb5d74cac716f5a0a2653b964,9009c28128737f7948fb54beb932f446c0ce27d5cbdefb4938dce83226ac7abd,2026-08-24T23:05:32.298749+00:00,TADP-SEC/14.0,CLIENT_CIPHERTEXT_BINDING,T2_DF_KS_TADP,,,,client_001,,,,,,,,,,,,,,,,,,,,,,,,,,,,,,,,,,,,,,,,CIPHERTEXT_BOUND_TO_SIGNED_UPDATE,,,,,,,,,,,,,,,,,C2_INTERNAL,2,,,,,,,,,,,,,bc341d956f9235d8a701ff3def5e7d84,,,,,,,,,,,,,,19,VERIFIED,,,,,True,,,,,False,HM3xzoHbCw51Rzk8vr3GFCzuAzYWB86BjsNSXHOVIDg=,9731f12762fbbf12116bea945dbfb43a2d127306e93242663ef65d3d67d689d8,LVS6iX3xyk+AW89N8K7wd5i2P+GtpUmTpzID/3W7LU4=,c04160fa4809a248d80a32b0ea6b20277a3e9f566b6f2fd4eba56d6ee5991723,a9/F2DDJz2Ymq0UialA5oG03e0PXmk+C1WkxtUM24lw=,d2de0eecb364b6ad6dfd68c57fbb2b61edd7f408c047202d5ab95910a24e2627,T2: Modified-DF client encryption; Cloud multiplication/expansion and matrix-M KS after upload,reference_python,DFKS|d=25|lambda=10|m_prime_bits=80|m_bits=800|scale=1000000,df_client:client_001,,,,,,,,,fd55d3951b0978d3b607284f197a9aa88bb67a2419a56548f5ba0390e13c9c59,,0f891988b6ade3cce90235404017e444d11ff36e98dfd77828a1e4f538d2ba0d,audit_trails/artifacts/ciphertext_attestations/T2_DF_KS_TADP_client_001_r19_40167b6bd89b9a84__0f891988b6ade3cc.json,,,,,,,,,,,,,,,f3f48ca82a48ad0a88635a7cfa479a74ce5acacafd87643cdd759b02e9b5cbfe,ab81135fc9f1166939508db8dd858d722c6b28793468494bddc6d3ec528643c4,,
399,8c4a6cdb95ae9113ae1c78ca1d20fa15,9009c28128737f7948fb54beb932f446c0ce27d5cbdefb4938dce83226ac7abd,2026-08-24T23:05:37.215125+00:00,TADP-SEC/14.0,CLIENT_ACCEPTED_SUBMISSION,T2_DF_KS_TADP,,,,client_001,,,,,,,,,,,2.3-phase1-fixed-threshold-critical-floor-review-profile,e910eb11d46f5a33a9f6a7d996c6c242f2a4caa089255874076d8ae12155dc94,2e5e1ea61ea1c71b07c235b309bb618daac98643cb3c0843acb266cd6b876512,cd72ec3b4911418e9899eae9aed63fa15aaf66633d0cb863f54d9ac8508d934e,833c0f503995ec3e68f8d11c30f392b1e756db044036faa02ce898eac71d1c91,VALIDATED_EVIDENCE_BUNDLE,,,,,,,,,,,,,,,,,,,,,,,,UPDATE_SUBMITTED_ENFORCED,,False,NOT_REQUIRED_AUTOMATED_POLICY,False,,,,,,,,,,,,,C2_INTERNAL,2,,,,,,,,6401d449cad49398af2f5e4da9bd6c0fbdde3a2a57f8a422907de7f0354cd145,71adf2c7741ed63f779fe8cebf9b4d1363fd18da1c5a49e39f32ec63cb8262f2,,,2026-08-25T22:32:04.883782+00:00,bc341d956f9235d8a701ff3def5e7d84,,,,,06954fb714449c422d2eb0357cbf7e9575af4f6ee033204fb181adc36387400e,ead8c92dcb854af94545e81dab0dd2487a4d0d0a81c3980906e307ca01e508c0,,,2026-08-25T23:03:52.073054+00:00,75d46ecd684a2dc4b6a8e27daff7fed8db3fae5cae653b9ddb3099795df8cd6c,active,,,20,ACCEPTED,ALL_BASELINE_CONTROLS,,,,True,True,True,True,True,False,ZAcInQlclhNTDopfBWfKtoU4bmK7JmxpmDPi8LOca1A=,1c08819ebd8d3af8935f2e3b75b722195a1f45829656a39826101cf89f592e5f,LVS6iX3xyk+AW89N8K7wd5i2P+GtpUmTpzID/3W7LU4=,48bd81bca4e6732c99b28d851cf8162cab4acd80764eae574bc1b2cf4d0f8cea,ayU1po3Yl8+tn5SZF9yI+V5ZSGZMiuFiFQKuAaQV14I=,d2de0eecb364b6ad6dfd68c57fbb2b61edd7f408c047202d5ab95910a24e2627,,,,,,,,,,,,,,,,,167935174afce14ecdfb71145220687be5c4aa6e30d6c132f04688b6889851ab,audit_trails/artifacts/accepted_runtime_submissions/T2_DF_KS_TADP_client_001_r20_1c08819ebd8d3af8__167935174afce14e.json,,,,,,,,,,,,,ab81135fc9f1166939508db8dd858d722c6b28793468494bddc6d3ec528643c4,5138730a91480de3ef8d3e68d1c8903b83d93eeb4bc6a969f506ed7ab63b71aa,,
400,e56b73f5aee2ddb11c9007ce9dc56cfa,9009c28128737f7948fb54beb932f446c0ce27d5cbdefb4938dce83226ac7abd,2026-08-24T23:05:37.241745+00:00,TADP-SEC/14.0,CLIENT_CIPHERTEXT_BINDING,T2_DF_KS_TADP,,,,client_001,,,,,,,,,,,,,,,,,,,,,,,,,,,,,,,,,,,,,,,,CIPHERTEXT_BOUND_TO_SIGNED_UPDATE,,,,,,,,,,,,,,,,,C2_INTERNAL,2,,,,,,,,,,,,,bc341d956f9235d8a701ff3def5e7d84,,,,,,,,,,,,,,20,VERIFIED,,,,,True,,,,,False,ZAcInQlclhNTDopfBWfKtoU4bmK7JmxpmDPi8LOca1A=,1c08819ebd8d3af8935f2e3b75b722195a1f45829656a39826101cf89f592e5f,LVS6iX3xyk+AW89N8K7wd5i2P+GtpUmTpzID/3W7LU4=,216f8e6958e30febcd770d5d6fea82e2445aee81e397ccd37445ec81e04838f1,ayU1po3Yl8+tn5SZF9yI+V5ZSGZMiuFiFQKuAaQV14I=,d2de0eecb364b6ad6dfd68c57fbb2b61edd7f408c047202d5ab95910a24e2627,T2: Modified-DF client encryption; Cloud multiplication/expansion and matrix-M KS after upload,reference_python,DFKS|d=25|lambda=10|m_prime_bits=80|m_bits=800|scale=1000000,df_client:client_001,,,,,,,,,722601aaa6e64a973851e7ff49e626bd91150bb9a502c9f9fc83f5ab48ea1e76,,dd66bcbbd4f9546b3155407e546469e28592ed91ffaa8956f8d76c74ff5ccae2,audit_trails/artifacts/ciphertext_attestations/T2_DF_KS_TADP_client_001_r20_0baa38bbe010b389__dd66bcbbd4f9546b.json,,,,,,,,,,,,,,,5138730a91480de3ef8d3e68d1c8903b83d93eeb4bc6a969f506ed7ab63b71aa,8c4e1f901f388d9ebc1d6e1229bee9766be2d744794718663be78ede188c3d81,,
401,d0f28e5fe5fe68c2fe98196c1ae4962f,9009c28128737f7948fb54beb932f446c0ce27d5cbdefb4938dce83226ac7abd,2026-08-24T23:05:42.936945+00:00,TADP-SEC/14.0,CLIENT_ACCEPTED_SUBMISSION,T2_TEST_REPLAY_ATTACK,,,,client_001,,,,,,,,,,,2.3-phase1-fixed-threshold-critical-floor-review-profile,e910eb11d46f5a33a9f6a7d996c6c242f2a4caa089255874076d8ae12155dc94,2e5e1ea61ea1c71b07c235b309bb618daac98643cb3c0843acb266cd6b876512,cd72ec3b4911418e9899eae9aed63fa15aaf66633d0cb863f54d9ac8508d934e,833c0f503995ec3e68f8d11c30f392b1e756db044036faa02ce898eac71d1c91,VALIDATED_EVIDENCE_BUNDLE,,,,,,,,,,,,,,,,,,,,,,,,UPDATE_SUBMITTED_ENFORCED,,False,NOT_REQUIRED_AUTOMATED_POLICY,False,,,,,,,,,,,,,C2_INTERNAL,2,,,,,,,,6401d449cad49398af2f5e4da9bd6c0fbdde3a2a57f8a422907de7f0354cd145,71adf2c7741ed63f779fe8cebf9b4d1363fd18da1c5a49e39f32ec63cb8262f2,,,2026-08-25T22:32:04.883782+00:00,9cacda53d1975211a979d76378e87d2f,,,,,0d77594c433e460137142cc303e893b954073150721e4f933b7e3808c33a37a1,22ea488df50f81252f6a4daa1474bf853d727d4aaddd3e0316c0fc05b92953b3,,,2026-08-25T23:05:42.090558+00:00,75d46ecd684a2dc4b6a8e27daff7fed8db3fae5cae653b9ddb3099795df8cd6c,active,,,1,ACCEPTED,ALL_BASELINE_CONTROLS,,,,True,True,True,True,True,False,jUv2h49ifsy/F+bQK5vxnRasrPqKIT4owJFj+2/SqrA=,5af5f141864b06c213619e1845e0489329c9858d738ab16cd91154f0cdc19d40,LVS6iX3xyk+AW89N8K7wd5i2P+GtpUmTpzID/3W7LU4=,dad5bd468763d85c5ac418fb0db11b52f0e0a48fc889e0b4c44f8a6517d8337f,MUKy9PXfefybJdPNavwdKZNHJzbHyDxO2GyrtojA/DA=,d2de0eecb364b6ad6dfd68c57fbb2b61edd7f408c047202d5ab95910a24e2627,,,,,,,,,,,,,,,,,1ccc058caae43d61169011ba68c4fbfeaad3c3b62cca8a66e84474a6ad83d781,audit_trails/artifacts/accepted_runtime_submissions/T2_TEST_REPLAY_ATTACK_client_001_r1_5af5f141864b06c2__1ccc058caae43d61.json,,,,,,,,,,,,,8c4e1f901f388d9ebc1d6e1229bee9766be2d744794718663be78ede188c3d81,f681fe6ddb1518adf923d035cc6e9e3799fde802cad935ce7eea1a1946bb7fd5,,
402,52bab40bcd8002795d013393eb485b8f,9009c28128737f7948fb54beb932f446c0ce27d5cbdefb4938dce83226ac7abd,2026-08-24T23:05:42.973422+00:00,TADP-SEC/14.0,CLIENT_CIPHERTEXT_BINDING,T2_TEST_REPLAY_ATTACK,,,,client_001,,,,,,,,,,,,,,,,,,,,,,,,,,,,,,,,,,,,,,,,CIPHERTEXT_BOUND_TO_SIGNED_UPDATE,,,,,,,,,,,,,,,,,C2_INTERNAL,2,,,,,,,,,,,,,9cacda53d1975211a979d76378e87d2f,,,,,,,,,,,,,,1,VERIFIED,,,,,True,,,,,False,jUv2h49ifsy/F+bQK5vxnRasrPqKIT4owJFj+2/SqrA=,5af5f141864b06c213619e1845e0489329c9858d738ab16cd91154f0cdc19d40,LVS6iX3xyk+AW89N8K7wd5i2P+GtpUmTpzID/3W7LU4=,56725ed905db12ecd125ab3278247b0abfdd1aa3dcc0e75b9b7e58df9c616484,MUKy9PXfefybJdPNavwdKZNHJzbHyDxO2GyrtojA/DA=,d2de0eecb364b6ad6dfd68c57fbb2b61edd7f408c047202d5ab95910a24e2627,T2: Modified-DF client encryption; Cloud multiplication/expansion and matrix-M KS after upload,reference_python,DFKS|d=25|lambda=10|m_prime_bits=80|m_bits=800|scale=1000000,df_client:client_001,,,,,,,,,69e63263abe5e35b3118962ec8f56e0737702198a0e7f60624c9cbc56a58c9ab,,bf49f655bec7a6f56d3d1de3b25f10bfb9d6d712ee8613613338aeb76ecb4ac5,audit_trails/artifacts/ciphertext_attestations/T2_TEST_REPLAY_ATTACK_client_001_r1_d75f154dfcd3cd18__bf49f655bec7a6f5.json,,,,,,,,,,,,,,,f681fe6ddb1518adf923d035cc6e9e3799fde802cad935ce7eea1a1946bb7fd5,1aa5541ecf1f60d08a0c12ce4274478000d57276253013e25e16db8453fee0ee,,
403,f269634f7c5559bd746a4d28fe4147b3,9009c28128737f7948fb54beb932f446c0ce27d5cbdefb4938dce83226ac7abd,2026-08-24T23:05:49.124510+00:00,TADP-SEC/14.0,CLIENT_ACCEPTED_SUBMISSION,T2_TEST_REPLAY_ATTACK,,,,client_001,,,,,,,,,,,2.3-phase1-fixed-threshold-critical-floor-review-profile,e910eb11d46f5a33a9f6a7d996c6c242f2a4caa089255874076d8ae12155dc94,2e5e1ea61ea1c71b07c235b309bb618daac98643cb3c0843acb266cd6b876512,cd72ec3b4911418e9899eae9aed63fa15aaf66633d0cb863f54d9ac8508d934e,833c0f503995ec3e68f8d11c30f392b1e756db044036faa02ce898eac71d1c91,VALIDATED_EVIDENCE_BUNDLE,,,,,,,,,,,,,,,,,,,,,,,,UPDATE_SUBMITTED_ENFORCED,,False,NOT_REQUIRED_AUTOMATED_POLICY,False,,,,,,,,,,,,,C2_INTERNAL,2,,,,,,,,6401d449cad49398af2f5e4da9bd6c0fbdde3a2a57f8a422907de7f0354cd145,71adf2c7741ed63f779fe8cebf9b4d1363fd18da1c5a49e39f32ec63cb8262f2,,,2026-08-25T22:32:04.883782+00:00,5932afe9018b02982e62be33f936b6d0,,,,,e3b05502f58c8ec1a73ba880f4f0f80bd29e7f424adb50c387a22dfc43f96101,263d8488e9b2f51284cfac269d80f16875a5f14548dbdcefa7a7e41f61cf8a63,,,2026-08-25T23:05:48.420141+00:00,75d46ecd684a2dc4b6a8e27daff7fed8db3fae5cae653b9ddb3099795df8cd6c,active,,,1,ACCEPTED,ALL_BASELINE_CONTROLS,,,,True,True,True,True,True,False,RtEKXFvj5XAGtdGkX6ZOnLHv72lqPzX0FJ7c9Q98PoY=,27315d3875fc15d7b0b143e179e837873551a469cb416e4062d52a339961ea8c,LVS6iX3xyk+AW89N8K7wd5i2P+GtpUmTpzID/3W7LU4=,9f87048ba84a76194c1765036007cacb9e0bacdf0917834c634b6560a0756c23,53hSeE1MC452bqLUvMLnrgvKo3CLPNZjslJV1SBeLPk=,d2de0eecb364b6ad6dfd68c57fbb2b61edd7f408c047202d5ab95910a24e2627,,,,,,,,,,,,,,,,,79ae20f1b4b637dca10333c122eff7085eb2f2fa4129bd7fcac18362c59c360f,audit_trails/artifacts/accepted_runtime_submissions/T2_TEST_REPLAY_ATTACK_client_001_r1_27315d3875fc15d7__79ae20f1b4b637dc.json,,,,,,,,,,,,,1aa5541ecf1f60d08a0c12ce4274478000d57276253013e25e16db8453fee0ee,2d6c19dfa1a54a39dfe81ccf3f6c0a8103975391ce8f1903e16475bd6db2dcc1,,
404,5d981364cf3944de6e8102a05aa3e5d5,9009c28128737f7948fb54beb932f446c0ce27d5cbdefb4938dce83226ac7abd,2026-08-24T23:05:49.152517+00:00,TADP-SEC/14.0,CLIENT_CIPHERTEXT_BINDING,T2_TEST_REPLAY_ATTACK,,,,client_001,,,,,,,,,,,,,,,,,,,,,,,,,,,,,,,,,,,,,,,,CIPHERTEXT_BOUND_TO_SIGNED_UPDATE,,,,,,,,,,,,,,,,,C2_INTERNAL,2,,,,,,,,,,,,,5932afe9018b02982e62be33f936b6d0,,,,,,,,,,,,,,1,VERIFIED,,,,,True,,,,,False,RtEKXFvj5XAGtdGkX6ZOnLHv72lqPzX0FJ7c9Q98PoY=,27315d3875fc15d7b0b143e179e837873551a469cb416e4062d52a339961ea8c,LVS6iX3xyk+AW89N8K7wd5i2P+GtpUmTpzID/3W7LU4=,26781bbe0c4e84d029934c8b661336c8ad2bbcedfc5804bc5fb88e7f1c29d54a,53hSeE1MC452bqLUvMLnrgvKo3CLPNZjslJV1SBeLPk=,d2de0eecb364b6ad6dfd68c57fbb2b61edd7f408c047202d5ab95910a24e2627,T2: Modified-DF client encryption; Cloud multiplication/expansion and matrix-M KS after upload,reference_python,DFKS|d=25|lambda=10|m_prime_bits=80|m_bits=800|scale=1000000,df_client:client_001,,,,,,,,,75fc5892745d13f89bd871fc9619f19220ae72201a68648e01becaa69251c3f4,,b6082c22c281605d8ab8bb23f3072baae85180b9278c7deeb9b87ffc8ad97e59,audit_trails/artifacts/ciphertext_attestations/T2_TEST_REPLAY_ATTACK_client_001_r1_8f0816d981d7f45c__b6082c22c281605d.json,,,,,,,,,,,,,,,2d6c19dfa1a54a39dfe81ccf3f6c0a8103975391ce8f1903e16475bd6db2dcc1,48c270668882995f7d8bcf1ba0ac9c3e7366a9cacdcdd892b98703e5d8a9e13f,,
405,3b58befebdde7e8dd0d2abfce72cbe12,9009c28128737f7948fb54beb932f446c0ce27d5cbdefb4938dce83226ac7abd,2026-08-24T23:05:54.196028+00:00,TADP-SEC/14.0,CLIENT_ACCEPTED_SUBMISSION,T2_TEST_REPLAY_ATTACK,,,,client_001,,,,,,,,,,,2.3-phase1-fixed-threshold-critical-floor-review-profile,e910eb11d46f5a33a9f6a7d996c6c242f2a4caa089255874076d8ae12155dc94,2e5e1ea61ea1c71b07c235b309bb618daac98643cb3c0843acb266cd6b876512,cd72ec3b4911418e9899eae9aed63fa15aaf66633d0cb863f54d9ac8508d934e,833c0f503995ec3e68f8d11c30f392b1e756db044036faa02ce898eac71d1c91,VALIDATED_EVIDENCE_BUNDLE,,,,,,,,,,,,,,,,,,,,,,,,UPDATE_SUBMITTED_ENFORCED,,False,NOT_REQUIRED_AUTOMATED_POLICY,False,,,,,,,,,,,,,C2_INTERNAL,2,,,,,,,,6401d449cad49398af2f5e4da9bd6c0fbdde3a2a57f8a422907de7f0354cd145,71adf2c7741ed63f779fe8cebf9b4d1363fd18da1c5a49e39f32ec63cb8262f2,,,2026-08-25T22:32:04.883782+00:00,5e9165994e61cddfc00d6ee8fc38bbc2,,,,,6850be17c44cbaa5b2f0a1102fe37c1bf963b62a1d2da4a09a37dbfcfb9f93a1,245a8205ad2d95e10bc034a354dbac193c306b3b0e3348b247ebcd70311184fe,,,2026-08-25T23:05:53.487865+00:00,75d46ecd684a2dc4b6a8e27daff7fed8db3fae5cae653b9ddb3099795df8cd6c,active,,,1,ACCEPTED,ALL_BASELINE_CONTROLS,,,,True,True,True,True,True,False,XIgD5woYGPfAfaxKYfj7upO5zUOeqedJHy8+I3SV1Ws=,ee0a4ebeaf727fddd4092f109f1360c9f07588f452975b9dd5bb5a3fe6df6ab8,LVS6iX3xyk+AW89N8K7wd5i2P+GtpUmTpzID/3W7LU4=,cd5bb0bc81c82abc748e50b62fb4180ed9336e6b51fefba31cddb58dfdb66d3e,qWGt2rkifN8o8SXwRi1McC0dFoBq5azkZ2R1+pa5fD8=,d2de0eecb364b6ad6dfd68c57fbb2b61edd7f408c047202d5ab95910a24e2627,,,,,,,,,,,,,,,,,fce80a46c5e7fcf65c9beda95fa12f141cc4422e07ee6268f6f988bb578d80da,audit_trails/artifacts/accepted_runtime_submissions/T2_TEST_REPLAY_ATTACK_client_001_r1_ee0a4ebeaf727fdd__fce80a46c5e7fcf6.json,,,,,,,,,,,,,48c270668882995f7d8bcf1ba0ac9c3e7366a9cacdcdd892b98703e5d8a9e13f,f7977d197030aea0dc9e829ddc4614806b87e5c7b1b5dbb310362a227846ee03,,
406,d7b8b19a95ec8b91d57a814ea2dd2611,9009c28128737f7948fb54beb932f446c0ce27d5cbdefb4938dce83226ac7abd,2026-08-24T23:05:54.227849+00:00,TADP-SEC/14.0,CLIENT_CIPHERTEXT_BINDING,T2_TEST_REPLAY_ATTACK,,,,client_001,,,,,,,,,,,,,,,,,,,,,,,,,,,,,,,,,,,,,,,,CIPHERTEXT_BOUND_TO_SIGNED_UPDATE,,,,,,,,,,,,,,,,,C2_INTERNAL,2,,,,,,,,,,,,,5e9165994e61cddfc00d6ee8fc38bbc2,,,,,,,,,,,,,,1,VERIFIED,,,,,True,,,,,False,XIgD5woYGPfAfaxKYfj7upO5zUOeqedJHy8+I3SV1Ws=,ee0a4ebeaf727fddd4092f109f1360c9f07588f452975b9dd5bb5a3fe6df6ab8,LVS6iX3xyk+AW89N8K7wd5i2P+GtpUmTpzID/3W7LU4=,32df6fea75ce8e177e452fd2ca5425c286e866361f03f8482c3acd804bb0ea39,qWGt2rkifN8o8SXwRi1McC0dFoBq5azkZ2R1+pa5fD8=,d2de0eecb364b6ad6dfd68c57fbb2b61edd7f408c047202d5ab95910a24e2627,T2: Modified-DF client encryption; Cloud multiplication/expansion and matrix-M KS after upload,reference_python,DFKS|d=25|lambda=10|m_prime_bits=80|m_bits=800|scale=1000000,df_client:client_001,,,,,,,,,3c436456a1ea39d5603ef27790d9f53baa166cd1b60a2072c890f5903525c813,,06e1f9f391180d82678cd40b2daa981eb0528c148d1f374471245f610d487a01,audit_trails/artifacts/ciphertext_attestations/T2_TEST_REPLAY_ATTACK_client_001_r1_d83fecc8be3fef41__06e1f9f391180d82.json,,,,,,,,,,,,,,,f7977d197030aea0dc9e829ddc4614806b87e5c7b1b5dbb310362a227846ee03,a30b9b3c530624e1b5a1cc2984b51d7fa06a37d288bbc6ce9cf8bfc382af6088,,
407,1b7f23c81730cc0a1bd0086c578b3008,9009c28128737f7948fb54beb932f446c0ce27d5cbdefb4938dce83226ac7abd,2026-08-24T23:06:02.736874+00:00,TADP-SEC/14.0,CLIENT_ACCEPTED_SUBMISSION,T3_XMK_CKKS_TADP,,,,client_001,,,,,,,,,,,2.3-phase1-fixed-threshold-critical-floor-review-profile,e910eb11d46f5a33a9f6a7d996c6c242f2a4caa089255874076d8ae12155dc94,2e5e1ea61ea1c71b07c235b309bb618daac98643cb3c0843acb266cd6b876512,cd72ec3b4911418e9899eae9aed63fa15aaf66633d0cb863f54d9ac8508d934e,833c0f503995ec3e68f8d11c30f392b1e756db044036faa02ce898eac71d1c91,VALIDATED_EVIDENCE_BUNDLE,,,,,,,,,,,,,,,,,,,,,,,,UPDATE_SUBMITTED_ENFORCED,,False,NOT_REQUIRED_AUTOMATED_POLICY,False,,,,,,,,,,,,,C3_CONFIDENTIAL,3,,,,,,,,6401d449cad49398af2f5e4da9bd6c0fbdde3a2a57f8a422907de7f0354cd145,71adf2c7741ed63f779fe8cebf9b4d1363fd18da1c5a49e39f32ec63cb8262f2,,,2026-08-25T22:32:04.883782+00:00,fc627be910d1d32f3c03dd8e491b6588,,,,,b9cfcf477aea3c6a5f6b297f3b38d3338d087d4d39861525ca9ce39c4a90b4c0,aa48174c8e0e29bba6776347c1c37ec846e8756cd7e8634d1cff06a1b3182fe9,,,2026-08-25T23:06:00.193308+00:00,75d46ecd684a2dc4b6a8e27daff7fed8db3fae5cae653b9ddb3099795df8cd6c,active,,,1,ACCEPTED,ALL_BASELINE_CONTROLS,,,,True,True,True,True,True,False,jUv2h49ifsy/F+bQK5vxnRasrPqKIT4owJFj+2/SqrA=,3adbf20c6a0e9ca544139f6ca561219aff87b0e6d942db0807f773422b46e654,LVS6iX3xyk+AW89N8K7wd5i2P+GtpUmTpzID/3W7LU4=,3af8061b5f93e54ecce1ffc9c97da3deed47d2dcf2fad0bc5d54aa22398cb96c,MUKy9PXfefybJdPNavwdKZNHJzbHyDxO2GyrtojA/DA=,d2de0eecb364b6ad6dfd68c57fbb2b61edd7f408c047202d5ab95910a24e2627,,,,,,,,,,,,,,,,,19c41da9868daa2dbc11e3116bcf86c616746d1825d73946bbcad688f750612d,audit_trails/artifacts/accepted_runtime_submissions/T3_XMK_CKKS_TADP_client_001_r1_3adbf20c6a0e9ca5__19c41da9868daa2d.json,,,,,,,,,,,,,a30b9b3c530624e1b5a1cc2984b51d7fa06a37d288bbc6ce9cf8bfc382af6088,35b2ef6fd6b61262c595eec49952f4fd0d21bc5b6191711026f9dc54f304d851,,
408,c543eb47bf1f0395e52b370b153f4133,9009c28128737f7948fb54beb932f446c0ce27d5cbdefb4938dce83226ac7abd,2026-08-24T23:06:03.097978+00:00,TADP-SEC/14.0,CLIENT_CIPHERTEXT_BINDING,T3_XMK_CKKS_TADP,,,,client_001,,,,,,,,,,,,,,,,,,,,,,,,,,,,,,,,,,,,,,,,CIPHERTEXT_BOUND_TO_SIGNED_UPDATE,,,,,,,,,,,,,,,,,C3_CONFIDENTIAL,3,,,,,,,,,,,,,fc627be910d1d32f3c03dd8e491b6588,,,,,,,,,,,,,,1,VERIFIED,,,,,True,,,,,False,jUv2h49ifsy/F+bQK5vxnRasrPqKIT4owJFj+2/SqrA=,3adbf20c6a0e9ca544139f6ca561219aff87b0e6d942db0807f773422b46e654,LVS6iX3xyk+AW89N8K7wd5i2P+GtpUmTpzID/3W7LU4=,507e8f3d11d0042361222b99fca0d4a626dbec6f96c41d0ef8a158bfba805656,MUKy9PXfefybJdPNavwdKZNHJzbHyDxO2GyrtojA/DA=,d2de0eecb364b6ad6dfd68c57fbb2b61edd7f408c047202d5ab95910a24e2627,"T3: xMK submit share (round-level finalize), noise=0.000",reference_python,n=|logq=|scale=|scheme=alg_xmk_ckks,xmk_agg_pk:ff832745a25ad5f0,,,,,,,,,5b59a32692e56c71f1012363ebe2d2542939bd603314d2fe71dd2de42fd1b519,,9ef63910c2bf4393fcfb30cbd1eb2ec917b3cf5ceaa9293f6ad0a2bb61c6b57c,audit_trails/artifacts/ciphertext_attestations/T3_XMK_CKKS_TADP_client_001_r1_b297a6056f2ec9d9__9ef63910c2bf4393.json,,,,,,,,,,,,,,,35b2ef6fd6b61262c595eec49952f4fd0d21bc5b6191711026f9dc54f304d851,128c5c930c51c6422c2ef693cc754d03ddd0dd863236b3b9ccdda6e2f6d407a7,,
409,3e67674fe187809274abd5858c8e859f,9009c28128737f7948fb54beb932f446c0ce27d5cbdefb4938dce83226ac7abd,2026-08-24T23:06:10.035231+00:00,TADP-SEC/14.0,CLIENT_ACCEPTED_SUBMISSION,T3_XMK_CKKS_TADP,,,,client_001,,,,,,,,,,,2.3-phase1-fixed-threshold-critical-floor-review-profile,e910eb11d46f5a33a9f6a7d996c6c242f2a4caa089255874076d8ae12155dc94,2e5e1ea61ea1c71b07c235b309bb618daac98643cb3c0843acb266cd6b876512,cd72ec3b4911418e9899eae9aed63fa15aaf66633d0cb863f54d9ac8508d934e,833c0f503995ec3e68f8d11c30f392b1e756db044036faa02ce898eac71d1c91,VALIDATED_EVIDENCE_BUNDLE,,,,,,,,,,,,,,,,,,,,,,,,UPDATE_SUBMITTED_ENFORCED,,False,NOT_REQUIRED_AUTOMATED_POLICY,False,,,,,,,,,,,,,C3_CONFIDENTIAL,3,,,,,,,,6401d449cad49398af2f5e4da9bd6c0fbdde3a2a57f8a422907de7f0354cd145,71adf2c7741ed63f779fe8cebf9b4d1363fd18da1c5a49e39f32ec63cb8262f2,,,2026-08-25T22:32:04.883782+00:00,fc627be910d1d32f3c03dd8e491b6588,,,,,b9cfcf477aea3c6a5f6b297f3b38d3338d087d4d39861525ca9ce39c4a90b4c0,aa48174c8e0e29bba6776347c1c37ec846e8756cd7e8634d1cff06a1b3182fe9,,,2026-08-25T23:06:00.193308+00:00,75d46ecd684a2dc4b6a8e27daff7fed8db3fae5cae653b9ddb3099795df8cd6c,active,,,2,ACCEPTED,ALL_BASELINE_CONTROLS,,,,True,True,True,True,True,False,02D7YR3m+B214vmt3D+Eo4sAL9xC6XvfEVs4NrDsJ6A=,4b3809781cbbb1f20069bd6466ac8921bac48814696082beadd8d343512a33cd,LVS6iX3xyk+AW89N8K7wd5i2P+GtpUmTpzID/3W7LU4=,768b5b32611b800bb0377f5d464016217cf9bc45904a47a56c7b9ff30ce90162,fi+ssJqGjrfEfJ5awEn4XmosLvFFEitkPzuCe7/eqU4=,d2de0eecb364b6ad6dfd68c57fbb2b61edd7f408c047202d5ab95910a24e2627,,,,,,,,,,,,,,,,,f2093ff5a70e2333ada299b033f2d92e003b87cebc9f5dde4f8055be34d2cef9,audit_trails/artifacts/accepted_runtime_submissions/T3_XMK_CKKS_TADP_client_001_r2_4b3809781cbbb1f2__f2093ff5a70e2333.json,,,,,,,,,,,,,128c5c930c51c6422c2ef693cc754d03ddd0dd863236b3b9ccdda6e2f6d407a7,92fa16d5033d0c150a4dfb8e32e9202ffc787a49660ce95ff0ead418180a21e0,,
410,a9c7f3e57e5e7d463c769e8dacf4df0c,9009c28128737f7948fb54beb932f446c0ce27d5cbdefb4938dce83226ac7abd,2026-08-24T23:06:10.518844+00:00,TADP-SEC/14.0,CLIENT_CIPHERTEXT_BINDING,T3_XMK_CKKS_TADP,,,,client_001,,,,,,,,,,,,,,,,,,,,,,,,,,,,,,,,,,,,,,,,CIPHERTEXT_BOUND_TO_SIGNED_UPDATE,,,,,,,,,,,,,,,,,C3_CONFIDENTIAL,3,,,,,,,,,,,,,fc627be910d1d32f3c03dd8e491b6588,,,,,,,,,,,,,,2,VERIFIED,,,,,True,,,,,False,02D7YR3m+B214vmt3D+Eo4sAL9xC6XvfEVs4NrDsJ6A=,4b3809781cbbb1f20069bd6466ac8921bac48814696082beadd8d343512a33cd,LVS6iX3xyk+AW89N8K7wd5i2P+GtpUmTpzID/3W7LU4=,9fbb95fbab00135cf64754bbebbaa5f386eb6440aebb0ba72d6a5e0b62d1e153,fi+ssJqGjrfEfJ5awEn4XmosLvFFEitkPzuCe7/eqU4=,d2de0eecb364b6ad6dfd68c57fbb2b61edd7f408c047202d5ab95910a24e2627,"T3: xMK submit share (round-level finalize), noise=0.000",reference_python,n=|logq=|scale=|scheme=alg_xmk_ckks,xmk_agg_pk:ff832745a25ad5f0,,,,,,,,,8ba1fda33ff848114698d967abffec3a0c74c289297f7a3898ea967cf6ba8c57,,2bca69796be8a0ada161e2ac1ad6c722b9d71b5cee6ed1565e6999c6748f9e77,audit_trails/artifacts/ciphertext_attestations/T3_XMK_CKKS_TADP_client_001_r2_370c64b7b6d96619__2bca69796be8a0ad.json,,,,,,,,,,,,,,,92fa16d5033d0c150a4dfb8e32e9202ffc787a49660ce95ff0ead418180a21e0,8ce8af821d69f322882069e867bc0d137d1e716cc50ac2bf33914237be39f582,,
411,39f542b5cc5480b26d986cb4e1806c11,9009c28128737f7948fb54beb932f446c0ce27d5cbdefb4938dce83226ac7abd,2026-08-24T23:06:18.047401+00:00,TADP-SEC/14.0,CLIENT_ACCEPTED_SUBMISSION,T3_XMK_CKKS_TADP,,,,client_001,,,,,,,,,,,2.3-phase1-fixed-threshold-critical-floor-review-profile,e910eb11d46f5a33a9f6a7d996c6c242f2a4caa089255874076d8ae12155dc94,2e5e1ea61ea1c71b07c235b309bb618daac98643cb3c0843acb266cd6b876512,cd72ec3b4911418e9899eae9aed63fa15aaf66633d0cb863f54d9ac8508d934e,833c0f503995ec3e68f8d11c30f392b1e756db044036faa02ce898eac71d1c91,VALIDATED_EVIDENCE_BUNDLE,,,,,,,,,,,,,,,,,,,,,,,,UPDATE_SUBMITTED_ENFORCED,,False,NOT_REQUIRED_AUTOMATED_POLICY,False,,,,,,,,,,,,,C3_CONFIDENTIAL,3,,,,,,,,6401d449cad49398af2f5e4da9bd6c0fbdde3a2a57f8a422907de7f0354cd145,71adf2c7741ed63f779fe8cebf9b4d1363fd18da1c5a49e39f32ec63cb8262f2,,,2026-08-25T22:32:04.883782+00:00,fc627be910d1d32f3c03dd8e491b6588,,,,,b9cfcf477aea3c6a5f6b297f3b38d3338d087d4d39861525ca9ce39c4a90b4c0,aa48174c8e0e29bba6776347c1c37ec846e8756cd7e8634d1cff06a1b3182fe9,,,2026-08-25T23:06:00.193308+00:00,75d46ecd684a2dc4b6a8e27daff7fed8db3fae5cae653b9ddb3099795df8cd6c,active,,,3,ACCEPTED,ALL_BASELINE_CONTROLS,,,,True,True,True,True,True,False,K6+zBjeq4hd2Pzi5m2+kjeknfQ6Vu9KSZb5Pt1I3qJQ=,c0333562995331734b7e26a955a918a80400b2acf2fbf9941f505d8159fed894,LVS6iX3xyk+AW89N8K7wd5i2P+GtpUmTpzID/3W7LU4=,52dfc6fe60b98304e49910b0f2e311e4ff55e787328c29aea723e1b942a13547,Xi9rvcIjYrSqHYw4AnzDmScw1PpUMgqJGyxATb1fyGo=,d2de0eecb364b6ad6dfd68c57fbb2b61edd7f408c047202d5ab95910a24e2627,,,,,,,,,,,,,,,,,bc9aa2dd8399e8e56141151e399b13bc3ba2e7836e57673d71dc8c0661b29c0d,audit_trails/artifacts/accepted_runtime_submissions/T3_XMK_CKKS_TADP_client_001_r3_c033356299533173__bc9aa2dd8399e8e5.json,,,,,,,,,,,,,8ce8af821d69f322882069e867bc0d137d1e716cc50ac2bf33914237be39f582,eb8f57d6453ebb29755d07f1655949bc0c5ab4e126c0d1cc774b2c2f70062d8d,,
412,84f7d1ee08348031cbb69bea16767377,9009c28128737f7948fb54beb932f446c0ce27d5cbdefb4938dce83226ac7abd,2026-08-24T23:06:18.398430+00:00,TADP-SEC/14.0,CLIENT_CIPHERTEXT_BINDING,T3_XMK_CKKS_TADP,,,,client_001,,,,,,,,,,,,,,,,,,,,,,,,,,,,,,,,,,,,,,,,CIPHERTEXT_BOUND_TO_SIGNED_UPDATE,,,,,,,,,,,,,,,,,C3_CONFIDENTIAL,3,,,,,,,,,,,,,fc627be910d1d32f3c03dd8e491b6588,,,,,,,,,,,,,,3,VERIFIED,,,,,True,,,,,False,K6+zBjeq4hd2Pzi5m2+kjeknfQ6Vu9KSZb5Pt1I3qJQ=,c0333562995331734b7e26a955a918a80400b2acf2fbf9941f505d8159fed894,LVS6iX3xyk+AW89N8K7wd5i2P+GtpUmTpzID/3W7LU4=,a3fe915001625b03b843434b8582f36a7beb4783bb3edf342a968b66d615e5af,Xi9rvcIjYrSqHYw4AnzDmScw1PpUMgqJGyxATb1fyGo=,d2de0eecb364b6ad6dfd68c57fbb2b61edd7f408c047202d5ab95910a24e2627,"T3: xMK submit share (round-level finalize), noise=0.000",reference_python,n=|logq=|scale=|scheme=alg_xmk_ckks,xmk_agg_pk:ff832745a25ad5f0,,,,,,,,,d0b496a0b8ed901611a6982b8bc7f79bcba25cc40a1ed9cb711f2025f5a7811d,,db6be1beedc4fe64b76c467605f9560b5785f8a6bc3d3eb7f3b9d11a37dc1205,audit_trails/artifacts/ciphertext_attestations/T3_XMK_CKKS_TADP_client_001_r3_20c869fe43c0414b__db6be1beedc4fe64.json,,,,,,,,,,,,,,,eb8f57d6453ebb29755d07f1655949bc0c5ab4e126c0d1cc774b2c2f70062d8d,4af2571ca34cbba39019b50b09e4286d33e7bd65b0701452d7d0015a30290720,,
413,c9038449630bfa25f610f500701b3b15,9009c28128737f7948fb54beb932f446c0ce27d5cbdefb4938dce83226ac7abd,2026-08-24T23:06:26.095944+00:00,TADP-SEC/14.0,CLIENT_ACCEPTED_SUBMISSION,T3_XMK_CKKS_TADP,,,,client_001,,,,,,,,,,,2.3-phase1-fixed-threshold-critical-floor-review-profile,e910eb11d46f5a33a9f6a7d996c6c242f2a4caa089255874076d8ae12155dc94,2e5e1ea61ea1c71b07c235b309bb618daac98643cb3c0843acb266cd6b876512,cd72ec3b4911418e9899eae9aed63fa15aaf66633d0cb863f54d9ac8508d934e,833c0f503995ec3e68f8d11c30f392b1e756db044036faa02ce898eac71d1c91,VALIDATED_EVIDENCE_BUNDLE,,,,,,,,,,,,,,,,,,,,,,,,UPDATE_SUBMITTED_ENFORCED,,False,NOT_REQUIRED_AUTOMATED_POLICY,False,,,,,,,,,,,,,C3_CONFIDENTIAL,3,,,,,,,,6401d449cad49398af2f5e4da9bd6c0fbdde3a2a57f8a422907de7f0354cd145,71adf2c7741ed63f779fe8cebf9b4d1363fd18da1c5a49e39f32ec63cb8262f2,,,2026-08-25T22:32:04.883782+00:00,fc627be910d1d32f3c03dd8e491b6588,,,,,b9cfcf477aea3c6a5f6b297f3b38d3338d087d4d39861525ca9ce39c4a90b4c0,aa48174c8e0e29bba6776347c1c37ec846e8756cd7e8634d1cff06a1b3182fe9,,,2026-08-25T23:06:00.193308+00:00,75d46ecd684a2dc4b6a8e27daff7fed8db3fae5cae653b9ddb3099795df8cd6c,active,,,4,ACCEPTED,ALL_BASELINE_CONTROLS,,,,True,True,True,True,True,False,2UfMxpD9NGadFtrQKm2qY7pLXoplB1Ip+dK9WtiNB6M=,d125867ffccd6bc22976bf820dd554b5dafba9f00b8f61ea386d5295c9a47fe6,LVS6iX3xyk+AW89N8K7wd5i2P+GtpUmTpzID/3W7LU4=,b1bd31a3aa51053e3a32c93c42cf2162e36800c25b0ab2f5d448d4b4a07b43f0,43hTmgMaXvCWYSTat2ifUX0SG/TZuo81rZ0SdcNNuaQ=,d2de0eecb364b6ad6dfd68c57fbb2b61edd7f408c047202d5ab95910a24e2627,,,,,,,,,,,,,,,,,8835182267580c001e08128440426fc56a79926bc4605322197c8391b5d135d3,audit_trails/artifacts/accepted_runtime_submissions/T3_XMK_CKKS_TADP_client_001_r4_d125867ffccd6bc2__8835182267580c00.json,,,,,,,,,,,,,4af2571ca34cbba39019b50b09e4286d33e7bd65b0701452d7d0015a30290720,956b88a903276ab81a7df80eca6843b0984c2cff34bd65263beee8a85cc85fd2,,
414,11d2e442e285447759e54babbf2f2a11,9009c28128737f7948fb54beb932f446c0ce27d5cbdefb4938dce83226ac7abd,2026-08-24T23:06:26.608775+00:00,TADP-SEC/14.0,CLIENT_CIPHERTEXT_BINDING,T3_XMK_CKKS_TADP,,,,client_001,,,,,,,,,,,,,,,,,,,,,,,,,,,,,,,,,,,,,,,,CIPHERTEXT_BOUND_TO_SIGNED_UPDATE,,,,,,,,,,,,,,,,,C3_CONFIDENTIAL,3,,,,,,,,,,,,,fc627be910d1d32f3c03dd8e491b6588,,,,,,,,,,,,,,4,VERIFIED,,,,,True,,,,,False,2UfMxpD9NGadFtrQKm2qY7pLXoplB1Ip+dK9WtiNB6M=,d125867ffccd6bc22976bf820dd554b5dafba9f00b8f61ea386d5295c9a47fe6,LVS6iX3xyk+AW89N8K7wd5i2P+GtpUmTpzID/3W7LU4=,04031feaa32f7abeeed84171e68645d20c1cb1e95fc39821e4253ffd9b94ebd6,43hTmgMaXvCWYSTat2ifUX0SG/TZuo81rZ0SdcNNuaQ=,d2de0eecb364b6ad6dfd68c57fbb2b61edd7f408c047202d5ab95910a24e2627,"T3: xMK submit share (round-level finalize), noise=0.000",reference_python,n=|logq=|scale=|scheme=alg_xmk_ckks,xmk_agg_pk:ff832745a25ad5f0,,,,,,,,,49e1bd8f69e727d925d8cc38d4ac24e6cb1c5e2a2f389fa757c127912a052ece,,745d1ab23dfe056d72f9fcdf270bdacbf9de3be30ec0acedf246c074bc83d190,audit_trails/artifacts/ciphertext_attestations/T3_XMK_CKKS_TADP_client_001_r4_1544983a1bfb45a2__745d1ab23dfe056d.json,,,,,,,,,,,,,,,956b88a903276ab81a7df80eca6843b0984c2cff34bd65263beee8a85cc85fd2,3b1d852ce581d0a685313b0010ad50b1886f34be434dc37b984d11af91128ab7,,
415,69468945c22639c34f7119152f4a6ab6,9009c28128737f7948fb54beb932f446c0ce27d5cbdefb4938dce83226ac7abd,2026-08-24T23:06:33.295277+00:00,TADP-SEC/14.0,CLIENT_ACCEPTED_SUBMISSION,T3_XMK_CKKS_TADP,,,,client_001,,,,,,,,,,,2.3-phase1-fixed-threshold-critical-floor-review-profile,e910eb11d46f5a33a9f6a7d996c6c242f2a4caa089255874076d8ae12155dc94,2e5e1ea61ea1c71b07c235b309bb618daac98643cb3c0843acb266cd6b876512,cd72ec3b4911418e9899eae9aed63fa15aaf66633d0cb863f54d9ac8508d934e,833c0f503995ec3e68f8d11c30f392b1e756db044036faa02ce898eac71d1c91,VALIDATED_EVIDENCE_BUNDLE,,,,,,,,,,,,,,,,,,,,,,,,UPDATE_SUBMITTED_ENFORCED,,False,NOT_REQUIRED_AUTOMATED_POLICY,False,,,,,,,,,,,,,C3_CONFIDENTIAL,3,,,,,,,,6401d449cad49398af2f5e4da9bd6c0fbdde3a2a57f8a422907de7f0354cd145,71adf2c7741ed63f779fe8cebf9b4d1363fd18da1c5a49e39f32ec63cb8262f2,,,2026-08-25T22:32:04.883782+00:00,fc627be910d1d32f3c03dd8e491b6588,,,,,b9cfcf477aea3c6a5f6b297f3b38d3338d087d4d39861525ca9ce39c4a90b4c0,aa48174c8e0e29bba6776347c1c37ec846e8756cd7e8634d1cff06a1b3182fe9,,,2026-08-25T23:06:00.193308+00:00,75d46ecd684a2dc4b6a8e27daff7fed8db3fae5cae653b9ddb3099795df8cd6c,active,,,5,ACCEPTED,ALL_BASELINE_CONTROLS,,,,True,True,True,True,True,False,UZzziwCb4yc6qiSTTUF+eOLkDLWW9kK0vS3TghHhXuA=,fc095e8db28a4db3d632dbb7e820c0df2100ac0a47b90bc9e31520269fbaa555,LVS6iX3xyk+AW89N8K7wd5i2P+GtpUmTpzID/3W7LU4=,bd356481f2bba74b39a3e7c4134ea0ba83ce638a8122f3dd971cdf4d3e097c84,UVE4Z1LOLFBtFh8NR/KBftrWvXuvU6HIEK2PjrQFMKk=,d2de0eecb364b6ad6dfd68c57fbb2b61edd7f408c047202d5ab95910a24e2627,,,,,,,,,,,,,,,,,ef5b9302c1756955e13cc0ef528f1c9e146fbb5e6c2255e66f47e1b1a5ef9d76,audit_trails/artifacts/accepted_runtime_submissions/T3_XMK_CKKS_TADP_client_001_r5_fc095e8db28a4db3__ef5b9302c1756955.json,,,,,,,,,,,,,3b1d852ce581d0a685313b0010ad50b1886f34be434dc37b984d11af91128ab7,0391ef1b443899e0d3ab0a72c1b61f8236fd0912d4eb68965ee0261a4263889d,,
416,5e8a38ce86e12b0ef48542d7d9c642db,9009c28128737f7948fb54beb932f446c0ce27d5cbdefb4938dce83226ac7abd,2026-08-24T23:06:33.660917+00:00,TADP-SEC/14.0,CLIENT_CIPHERTEXT_BINDING,T3_XMK_CKKS_TADP,,,,client_001,,,,,,,,,,,,,,,,,,,,,,,,,,,,,,,,,,,,,,,,CIPHERTEXT_BOUND_TO_SIGNED_UPDATE,,,,,,,,,,,,,,,,,C3_CONFIDENTIAL,3,,,,,,,,,,,,,fc627be910d1d32f3c03dd8e491b6588,,,,,,,,,,,,,,5,VERIFIED,,,,,True,,,,,False,UZzziwCb4yc6qiSTTUF+eOLkDLWW9kK0vS3TghHhXuA=,fc095e8db28a4db3d632dbb7e820c0df2100ac0a47b90bc9e31520269fbaa555,LVS6iX3xyk+AW89N8K7wd5i2P+GtpUmTpzID/3W7LU4=,75083cb667554a18848b5370033e636e990e791b07d09db4f5134ed6db1280df,UVE4Z1LOLFBtFh8NR/KBftrWvXuvU6HIEK2PjrQFMKk=,d2de0eecb364b6ad6dfd68c57fbb2b61edd7f408c047202d5ab95910a24e2627,"T3: xMK submit share (round-level finalize), noise=0.000",reference_python,n=|logq=|scale=|scheme=alg_xmk_ckks,xmk_agg_pk:ff832745a25ad5f0,,,,,,,,,9463593c8c21e12f90d659f95500506a31047a120f55fbec59c9427b3f79130e,,4fd24e58cad2dbcde8a997f7fdd5871cc932323330bb28976cb6b9c7777fdd29,audit_trails/artifacts/ciphertext_attestations/T3_XMK_CKKS_TADP_client_001_r5_e19c43e543a07a70__4fd24e58cad2dbcd.json,,,,,,,,,,,,,,,0391ef1b443899e0d3ab0a72c1b61f8236fd0912d4eb68965ee0261a4263889d,4faa42af9929ca89e4ba257bbdc60d0d7be6678a231caac854efca62b1d3fb72,,
417,93e5ad5d18390000efe3981c5a046869,9009c28128737f7948fb54beb932f446c0ce27d5cbdefb4938dce83226ac7abd,2026-08-24T23:06:41.496139+00:00,TADP-SEC/14.0,CLIENT_ACCEPTED_SUBMISSION,T3_XMK_CKKS_TADP,,,,client_001,,,,,,,,,,,2.3-phase1-fixed-threshold-critical-floor-review-profile,e910eb11d46f5a33a9f6a7d996c6c242f2a4caa089255874076d8ae12155dc94,2e5e1ea61ea1c71b07c235b309bb618daac98643cb3c0843acb266cd6b876512,cd72ec3b4911418e9899eae9aed63fa15aaf66633d0cb863f54d9ac8508d934e,833c0f503995ec3e68f8d11c30f392b1e756db044036faa02ce898eac71d1c91,VALIDATED_EVIDENCE_BUNDLE,,,,,,,,,,,,,,,,,,,,,,,,UPDATE_SUBMITTED_ENFORCED,,False,NOT_REQUIRED_AUTOMATED_POLICY,False,,,,,,,,,,,,,C3_CONFIDENTIAL,3,,,,,,,,6401d449cad49398af2f5e4da9bd6c0fbdde3a2a57f8a422907de7f0354cd145,71adf2c7741ed63f779fe8cebf9b4d1363fd18da1c5a49e39f32ec63cb8262f2,,,2026-08-25T22:32:04.883782+00:00,fc627be910d1d32f3c03dd8e491b6588,,,,,b9cfcf477aea3c6a5f6b297f3b38d3338d087d4d39861525ca9ce39c4a90b4c0,aa48174c8e0e29bba6776347c1c37ec846e8756cd7e8634d1cff06a1b3182fe9,,,2026-08-25T23:06:00.193308+00:00,75d46ecd684a2dc4b6a8e27daff7fed8db3fae5cae653b9ddb3099795df8cd6c,active,,,6,ACCEPTED,ALL_BASELINE_CONTROLS,,,,True,True,True,True,True,False,B+CMQhxfVbXXdX1zcXzYVmuJcqeKiPPnAvlFmMpCwVo=,fb748ebd921894d8ddd22aab27f61e910a7958c0ef4ccca33b18fe60fc99f6d0,LVS6iX3xyk+AW89N8K7wd5i2P+GtpUmTpzID/3W7LU4=,b234acc5c81b408e9795288dcbdd8167a855f75ba37f8e802bca8014b0d0da62,VquctvX27ghKyzcelxn4cbS/woC+JGEkeIOqXNJc4kA=,d2de0eecb364b6ad6dfd68c57fbb2b61edd7f408c047202d5ab95910a24e2627,,,,,,,,,,,,,,,,,afbf3c848e49c90dc600a96f1db888054a52a8ba72fb285d9b35899a0c1b2974,audit_trails/artifacts/accepted_runtime_submissions/T3_XMK_CKKS_TADP_client_001_r6_fb748ebd921894d8__afbf3c848e49c90d.json,,,,,,,,,,,,,4faa42af9929ca89e4ba257bbdc60d0d7be6678a231caac854efca62b1d3fb72,c517b28781b0e95c717ce7e1e1e6df49af2b1ccde1a975be489a4eeac8a6270a,,
418,ec8d6e213c999f602a28b515ba205591,9009c28128737f7948fb54beb932f446c0ce27d5cbdefb4938dce83226ac7abd,2026-08-24T23:06:41.862627+00:00,TADP-SEC/14.0,CLIENT_CIPHERTEXT_BINDING,T3_XMK_CKKS_TADP,,,,client_001,,,,,,,,,,,,,,,,,,,,,,,,,,,,,,,,,,,,,,,,CIPHERTEXT_BOUND_TO_SIGNED_UPDATE,,,,,,,,,,,,,,,,,C3_CONFIDENTIAL,3,,,,,,,,,,,,,fc627be910d1d32f3c03dd8e491b6588,,,,,,,,,,,,,,6,VERIFIED,,,,,True,,,,,False,B+CMQhxfVbXXdX1zcXzYVmuJcqeKiPPnAvlFmMpCwVo=,fb748ebd921894d8ddd22aab27f61e910a7958c0ef4ccca33b18fe60fc99f6d0,LVS6iX3xyk+AW89N8K7wd5i2P+GtpUmTpzID/3W7LU4=,89f09cd93ea19a8a1c2149a1ead1f0c478898a2a034391d2c104f843557d48cf,VquctvX27ghKyzcelxn4cbS/woC+JGEkeIOqXNJc4kA=,d2de0eecb364b6ad6dfd68c57fbb2b61edd7f408c047202d5ab95910a24e2627,"T3: xMK submit share (round-level finalize), noise=0.000",reference_python,n=|logq=|scale=|scheme=alg_xmk_ckks,xmk_agg_pk:ff832745a25ad5f0,,,,,,,,,7a815d59f7623ee44acab58e33533811ae3a41ac799b4c405cd08a93e48785a8,,373aee72a62f22cd0a2af39379ce13faeb6f173643c71cbf5ed8fee3334ba2ee,audit_trails/artifacts/ciphertext_attestations/T3_XMK_CKKS_TADP_client_001_r6_dccf338652abde94__373aee72a62f22cd.json,,,,,,,,,,,,,,,c517b28781b0e95c717ce7e1e1e6df49af2b1ccde1a975be489a4eeac8a6270a,35576c5d45e69106e5ddef20e73ba99eaa09647315a7e3f2fbd96a74b59a1090,,
419,90512479c80c0255d69926fff0cd65f1,9009c28128737f7948fb54beb932f446c0ce27d5cbdefb4938dce83226ac7abd,2026-08-24T23:06:48.654914+00:00,TADP-SEC/14.0,CLIENT_ACCEPTED_SUBMISSION,T3_XMK_CKKS_TADP,,,,client_001,,,,,,,,,,,2.3-phase1-fixed-threshold-critical-floor-review-profile,e910eb11d46f5a33a9f6a7d996c6c242f2a4caa089255874076d8ae12155dc94,2e5e1ea61ea1c71b07c235b309bb618daac98643cb3c0843acb266cd6b876512,cd72ec3b4911418e9899eae9aed63fa15aaf66633d0cb863f54d9ac8508d934e,833c0f503995ec3e68f8d11c30f392b1e756db044036faa02ce898eac71d1c91,VALIDATED_EVIDENCE_BUNDLE,,,,,,,,,,,,,,,,,,,,,,,,UPDATE_SUBMITTED_ENFORCED,,False,NOT_REQUIRED_AUTOMATED_POLICY,False,,,,,,,,,,,,,C3_CONFIDENTIAL,3,,,,,,,,6401d449cad49398af2f5e4da9bd6c0fbdde3a2a57f8a422907de7f0354cd145,71adf2c7741ed63f779fe8cebf9b4d1363fd18da1c5a49e39f32ec63cb8262f2,,,2026-08-25T22:32:04.883782+00:00,fc627be910d1d32f3c03dd8e491b6588,,,,,b9cfcf477aea3c6a5f6b297f3b38d3338d087d4d39861525ca9ce39c4a90b4c0,aa48174c8e0e29bba6776347c1c37ec846e8756cd7e8634d1cff06a1b3182fe9,,,2026-08-25T23:06:00.193308+00:00,75d46ecd684a2dc4b6a8e27daff7fed8db3fae5cae653b9ddb3099795df8cd6c,active,,,7,ACCEPTED,ALL_BASELINE_CONTROLS,,,,True,True,True,True,True,False,ZEZYPan/1zqfH6eTPhONdYIK6qSEmXkgAGmCBM0Z11k=,368e8ba98331f3679ce3f91061b22cc1ca56a84a0aa023b49e07ab5af1617489,LVS6iX3xyk+AW89N8K7wd5i2P+GtpUmTpzID/3W7LU4=,67126df8b84293dbc123fb398622d0bb9a79d2b02172517eba6bc472328e4c27,J/TozfuleTtuuIsljlylLV7FNA1KWvmhnIGZmkWLt3M=,d2de0eecb364b6ad6dfd68c57fbb2b61edd7f408c047202d5ab95910a24e2627,,,,,,,,,,,,,,,,,b9965268b23d1f2cb5061ba580f8dc05c0c81f34f6d010fbc8289d47fa3462ac,audit_trails/artifacts/accepted_runtime_submissions/T3_XMK_CKKS_TADP_client_001_r7_368e8ba98331f367__b9965268b23d1f2c.json,,,,,,,,,,,,,35576c5d45e69106e5ddef20e73ba99eaa09647315a7e3f2fbd96a74b59a1090,58a20645f6394e569ad253253f0ff0a351a9c282ed18e35b12d31ae269849d56,,
420,dd991c53decc6218fea48064a73a4058,9009c28128737f7948fb54beb932f446c0ce27d5cbdefb4938dce83226ac7abd,2026-08-24T23:06:49.003313+00:00,TADP-SEC/14.0,CLIENT_CIPHERTEXT_BINDING,T3_XMK_CKKS_TADP,,,,client_001,,,,,,,,,,,,,,,,,,,,,,,,,,,,,,,,,,,,,,,,CIPHERTEXT_BOUND_TO_SIGNED_UPDATE,,,,,,,,,,,,,,,,,C3_CONFIDENTIAL,3,,,,,,,,,,,,,fc627be910d1d32f3c03dd8e491b6588,,,,,,,,,,,,,,7,VERIFIED,,,,,True,,,,,False,ZEZYPan/1zqfH6eTPhONdYIK6qSEmXkgAGmCBM0Z11k=,368e8ba98331f3679ce3f91061b22cc1ca56a84a0aa023b49e07ab5af1617489,LVS6iX3xyk+AW89N8K7wd5i2P+GtpUmTpzID/3W7LU4=,c37f431abbc0ee1b047f6496e487f4dac0d4c7d20b9bbd696986a4f93eeb2ef2,J/TozfuleTtuuIsljlylLV7FNA1KWvmhnIGZmkWLt3M=,d2de0eecb364b6ad6dfd68c57fbb2b61edd7f408c047202d5ab95910a24e2627,"T3: xMK submit share (round-level finalize), noise=0.000",reference_python,n=|logq=|scale=|scheme=alg_xmk_ckks,xmk_agg_pk:ff832745a25ad5f0,,,,,,,,,5a0c66dcd17d5986f771c173121d3bb2d75810dfac72cff75beb69da516e0121,,152d6d31207328e6b3d70dd84d121f0473443193c8a50566f3f2a8859fb0fca1,audit_trails/artifacts/ciphertext_attestations/T3_XMK_CKKS_TADP_client_001_r7_9ab1c2e40e39b18c__152d6d31207328e6.json,,,,,,,,,,,,,,,58a20645f6394e569ad253253f0ff0a351a9c282ed18e35b12d31ae269849d56,1ce7943be65eff5cb16b6bda091d2f31dd6300abc76d793119ff1ec10c0dab08,,
421,ce9eb750938e944f77d8f0a76c34f762,9009c28128737f7948fb54beb932f446c0ce27d5cbdefb4938dce83226ac7abd,2026-08-24T23:06:56.812857+00:00,TADP-SEC/14.0,CLIENT_ACCEPTED_SUBMISSION,T3_XMK_CKKS_TADP,,,,client_001,,,,,,,,,,,2.3-phase1-fixed-threshold-critical-floor-review-profile,e910eb11d46f5a33a9f6a7d996c6c242f2a4caa089255874076d8ae12155dc94,2e5e1ea61ea1c71b07c235b309bb618daac98643cb3c0843acb266cd6b876512,cd72ec3b4911418e9899eae9aed63fa15aaf66633d0cb863f54d9ac8508d934e,833c0f503995ec3e68f8d11c30f392b1e756db044036faa02ce898eac71d1c91,VALIDATED_EVIDENCE_BUNDLE,,,,,,,,,,,,,,,,,,,,,,,,UPDATE_SUBMITTED_ENFORCED,,False,NOT_REQUIRED_AUTOMATED_POLICY,False,,,,,,,,,,,,,C3_CONFIDENTIAL,3,,,,,,,,6401d449cad49398af2f5e4da9bd6c0fbdde3a2a57f8a422907de7f0354cd145,71adf2c7741ed63f779fe8cebf9b4d1363fd18da1c5a49e39f32ec63cb8262f2,,,2026-08-25T22:32:04.883782+00:00,fc627be910d1d32f3c03dd8e491b6588,,,,,b9cfcf477aea3c6a5f6b297f3b38d3338d087d4d39861525ca9ce39c4a90b4c0,aa48174c8e0e29bba6776347c1c37ec846e8756cd7e8634d1cff06a1b3182fe9,,,2026-08-25T23:06:00.193308+00:00,75d46ecd684a2dc4b6a8e27daff7fed8db3fae5cae653b9ddb3099795df8cd6c,active,,,8,ACCEPTED,ALL_BASELINE_CONTROLS,,,,True,True,True,True,True,False,xa/IENuhfXsFLqXe4CyCWKtJPALh7VNp17HppxbY2kY=,204f6a19b11bf62885419562a91faa6d49faf8ef9a6b50b69d403f518d9e217b,LVS6iX3xyk+AW89N8K7wd5i2P+GtpUmTpzID/3W7LU4=,9d09a1f0f145a3358606fbc89e1a77592f73d6ccc2d3de9453ff16adb4ed47e2,+PHq5GedvftV3srOb4+JIEEkj5qOOIrwfrSfZcCJP2o=,d2de0eecb364b6ad6dfd68c57fbb2b61edd7f408c047202d5ab95910a24e2627,,,,,,,,,,,,,,,,,0b61d195333840907c89a7587ef733dd9e40140a8ca13c3b614d15b64e6459af,audit_trails/artifacts/accepted_runtime_submissions/T3_XMK_CKKS_TADP_client_001_r8_204f6a19b11bf628__0b61d19533384090.json,,,,,,,,,,,,,1ce7943be65eff5cb16b6bda091d2f31dd6300abc76d793119ff1ec10c0dab08,89778dbebc65a7c814957cd2400f9824f9b575c75f1f548bf3c4fea3b3b86f40,,
422,9a28e7f35ef51e4cefb99165d05af5fd,9009c28128737f7948fb54beb932f446c0ce27d5cbdefb4938dce83226ac7abd,2026-08-24T23:06:57.182710+00:00,TADP-SEC/14.0,CLIENT_CIPHERTEXT_BINDING,T3_XMK_CKKS_TADP,,,,client_001,,,,,,,,,,,,,,,,,,,,,,,,,,,,,,,,,,,,,,,,CIPHERTEXT_BOUND_TO_SIGNED_UPDATE,,,,,,,,,,,,,,,,,C3_CONFIDENTIAL,3,,,,,,,,,,,,,fc627be910d1d32f3c03dd8e491b6588,,,,,,,,,,,,,,8,VERIFIED,,,,,True,,,,,False,xa/IENuhfXsFLqXe4CyCWKtJPALh7VNp17HppxbY2kY=,204f6a19b11bf62885419562a91faa6d49faf8ef9a6b50b69d403f518d9e217b,LVS6iX3xyk+AW89N8K7wd5i2P+GtpUmTpzID/3W7LU4=,c65bfc027645a063565739b43d4d8bbf4d089831fa7dcb99d14b5d1b96424a25,+PHq5GedvftV3srOb4+JIEEkj5qOOIrwfrSfZcCJP2o=,d2de0eecb364b6ad6dfd68c57fbb2b61edd7f408c047202d5ab95910a24e2627,"T3: xMK submit share (round-level finalize), noise=0.000",reference_python,n=|logq=|scale=|scheme=alg_xmk_ckks,xmk_agg_pk:ff832745a25ad5f0,,,,,,,,,222753e3bb5f1dcc6ad43abee8976ba091daba875d04c5266aaf8be99163892b,,812b62c5a3f7d64985dd0253956f87da00feef6bbf91bafe3a0aa6c4931274ba,audit_trails/artifacts/ciphertext_attestations/T3_XMK_CKKS_TADP_client_001_r8_287ee9c8df1210d4__812b62c5a3f7d649.json,,,,,,,,,,,,,,,89778dbebc65a7c814957cd2400f9824f9b575c75f1f548bf3c4fea3b3b86f40,6043c93a47ad54842a9a935f0ff528d453e9714002b82b80db4e26a032d0e750,,
423,7e67a41d14ff8a35dd39b39b7f5c7acb,9009c28128737f7948fb54beb932f446c0ce27d5cbdefb4938dce83226ac7abd,2026-08-24T23:07:03.994147+00:00,TADP-SEC/14.0,CLIENT_ACCEPTED_SUBMISSION,T3_XMK_CKKS_TADP,,,,client_001,,,,,,,,,,,2.3-phase1-fixed-threshold-critical-floor-review-profile,e910eb11d46f5a33a9f6a7d996c6c242f2a4caa089255874076d8ae12155dc94,2e5e1ea61ea1c71b07c235b309bb618daac98643cb3c0843acb266cd6b876512,cd72ec3b4911418e9899eae9aed63fa15aaf66633d0cb863f54d9ac8508d934e,833c0f503995ec3e68f8d11c30f392b1e756db044036faa02ce898eac71d1c91,VALIDATED_EVIDENCE_BUNDLE,,,,,,,,,,,,,,,,,,,,,,,,UPDATE_SUBMITTED_ENFORCED,,False,NOT_REQUIRED_AUTOMATED_POLICY,False,,,,,,,,,,,,,C3_CONFIDENTIAL,3,,,,,,,,6401d449cad49398af2f5e4da9bd6c0fbdde3a2a57f8a422907de7f0354cd145,71adf2c7741ed63f779fe8cebf9b4d1363fd18da1c5a49e39f32ec63cb8262f2,,,2026-08-25T22:32:04.883782+00:00,fc627be910d1d32f3c03dd8e491b6588,,,,,b9cfcf477aea3c6a5f6b297f3b38d3338d087d4d39861525ca9ce39c4a90b4c0,aa48174c8e0e29bba6776347c1c37ec846e8756cd7e8634d1cff06a1b3182fe9,,,2026-08-25T23:06:00.193308+00:00,75d46ecd684a2dc4b6a8e27daff7fed8db3fae5cae653b9ddb3099795df8cd6c,active,,,9,ACCEPTED,ALL_BASELINE_CONTROLS,,,,True,True,True,True,True,False,FpfT1qUKFK13IBMwH8rVLqX5WPrRXvkaElv+06GQlLo=,70c4a99bba34ee380c698c0b20c868cb21b5d4e074338bc785483f533ae4117b,LVS6iX3xyk+AW89N8K7wd5i2P+GtpUmTpzID/3W7LU4=,ac22f7d9328e768ddff22d40c623adef0f22984a6a03226f730326056069ea6b,B9a6snTEB7JPB3AuGStFFiyykeERN94lZLNmoDBAPHE=,d2de0eecb364b6ad6dfd68c57fbb2b61edd7f408c047202d5ab95910a24e2627,,,,,,,,,,,,,,,,,34935e946b97901f83724dcf28dd44fc1174fad323ee81d5b157fb006c7cf757,audit_trails/artifacts/accepted_runtime_submissions/T3_XMK_CKKS_TADP_client_001_r9_70c4a99bba34ee38__34935e946b97901f.json,,,,,,,,,,,,,6043c93a47ad54842a9a935f0ff528d453e9714002b82b80db4e26a032d0e750,88b89e381136612cd0806da60cce4ba0e111d4a8d0ed545926b58f407598f0e1,,
424,616f74bfab201e78c570f59942134105,9009c28128737f7948fb54beb932f446c0ce27d5cbdefb4938dce83226ac7abd,2026-08-24T23:07:04.474399+00:00,TADP-SEC/14.0,CLIENT_CIPHERTEXT_BINDING,T3_XMK_CKKS_TADP,,,,client_001,,,,,,,,,,,,,,,,,,,,,,,,,,,,,,,,,,,,,,,,CIPHERTEXT_BOUND_TO_SIGNED_UPDATE,,,,,,,,,,,,,,,,,C3_CONFIDENTIAL,3,,,,,,,,,,,,,fc627be910d1d32f3c03dd8e491b6588,,,,,,,,,,,,,,9,VERIFIED,,,,,True,,,,,False,FpfT1qUKFK13IBMwH8rVLqX5WPrRXvkaElv+06GQlLo=,70c4a99bba34ee380c698c0b20c868cb21b5d4e074338bc785483f533ae4117b,LVS6iX3xyk+AW89N8K7wd5i2P+GtpUmTpzID/3W7LU4=,f38eb8f588622b1d8f5166073c927538f1f83fb92bd5ee4a8b990692714b0daa,B9a6snTEB7JPB3AuGStFFiyykeERN94lZLNmoDBAPHE=,d2de0eecb364b6ad6dfd68c57fbb2b61edd7f408c047202d5ab95910a24e2627,"T3: xMK submit share (round-level finalize), noise=0.000",reference_python,n=|logq=|scale=|scheme=alg_xmk_ckks,xmk_agg_pk:ff832745a25ad5f0,,,,,,,,,023617c389fdcbd7f5e8881c9abdc8184d92cb13b9156773d44ad7d0614ab254,,a2c64d52cdabdceb0f5afee180db656518ab85311015929b1216ee03f2367d0b,audit_trails/artifacts/ciphertext_attestations/T3_XMK_CKKS_TADP_client_001_r9_a48c31d14f46f25f__a2c64d52cdabdceb.json,,,,,,,,,,,,,,,88b89e381136612cd0806da60cce4ba0e111d4a8d0ed545926b58f407598f0e1,f7c20ddcb60a8cce4a4239c9679b03daf2211e2467c322ebc37c6b40de2e8c58,,
425,e1ef8e9d8c046ec6e5a71555edd52f61,9009c28128737f7948fb54beb932f446c0ce27d5cbdefb4938dce83226ac7abd,2026-08-24T23:07:12.215729+00:00,TADP-SEC/14.0,CLIENT_ACCEPTED_SUBMISSION,T3_XMK_CKKS_TADP,,,,client_001,,,,,,,,,,,2.3-phase1-fixed-threshold-critical-floor-review-profile,e910eb11d46f5a33a9f6a7d996c6c242f2a4caa089255874076d8ae12155dc94,2e5e1ea61ea1c71b07c235b309bb618daac98643cb3c0843acb266cd6b876512,cd72ec3b4911418e9899eae9aed63fa15aaf66633d0cb863f54d9ac8508d934e,833c0f503995ec3e68f8d11c30f392b1e756db044036faa02ce898eac71d1c91,VALIDATED_EVIDENCE_BUNDLE,,,,,,,,,,,,,,,,,,,,,,,,UPDATE_SUBMITTED_ENFORCED,,False,NOT_REQUIRED_AUTOMATED_POLICY,False,,,,,,,,,,,,,C3_CONFIDENTIAL,3,,,,,,,,6401d449cad49398af2f5e4da9bd6c0fbdde3a2a57f8a422907de7f0354cd145,71adf2c7741ed63f779fe8cebf9b4d1363fd18da1c5a49e39f32ec63cb8262f2,,,2026-08-25T22:32:04.883782+00:00,fc627be910d1d32f3c03dd8e491b6588,,,,,b9cfcf477aea3c6a5f6b297f3b38d3338d087d4d39861525ca9ce39c4a90b4c0,aa48174c8e0e29bba6776347c1c37ec846e8756cd7e8634d1cff06a1b3182fe9,,,2026-08-25T23:06:00.193308+00:00,75d46ecd684a2dc4b6a8e27daff7fed8db3fae5cae653b9ddb3099795df8cd6c,active,,,10,ACCEPTED,ALL_BASELINE_CONTROLS,,,,True,True,True,True,True,False,6VUPB3fk5OSqXRvme0yfZosDdckESKN6xq4Q53gXC0k=,cedfe66ee3a0704200c798eabdaf9315423705ce48dce19efdb79f1063ddfd26,LVS6iX3xyk+AW89N8K7wd5i2P+GtpUmTpzID/3W7LU4=,f45f9aed8f760a367ff9dadfba68dc812c895866eb26aa6bf6e911e20deb6458,eNSxF21Tycm62BGq+hFlLK4uEMYAW/DYNk7Zu8QvZD8=,d2de0eecb364b6ad6dfd68c57fbb2b61edd7f408c047202d5ab95910a24e2627,,,,,,,,,,,,,,,,,b80b58aa37d66ceff3b36f24bf477d154561c74c408a55f06a6f8e65a898c435,audit_trails/artifacts/accepted_runtime_submissions/T3_XMK_CKKS_TADP_client_001_r10_cedfe66ee3a07042__b80b58aa37d66cef.json,,,,,,,,,,,,,f7c20ddcb60a8cce4a4239c9679b03daf2211e2467c322ebc37c6b40de2e8c58,01d58e630fec88b9244f1cfbe78ed28fd43995bd9a894c1a61294dbdf30f715c,,
426,1d01a4f3fa6355576982a744280d4325,9009c28128737f7948fb54beb932f446c0ce27d5cbdefb4938dce83226ac7abd,2026-08-24T23:07:12.568285+00:00,TADP-SEC/14.0,CLIENT_CIPHERTEXT_BINDING,T3_XMK_CKKS_TADP,,,,client_001,,,,,,,,,,,,,,,,,,,,,,,,,,,,,,,,,,,,,,,,CIPHERTEXT_BOUND_TO_SIGNED_UPDATE,,,,,,,,,,,,,,,,,C3_CONFIDENTIAL,3,,,,,,,,,,,,,fc627be910d1d32f3c03dd8e491b6588,,,,,,,,,,,,,,10,VERIFIED,,,,,True,,,,,False,6VUPB3fk5OSqXRvme0yfZosDdckESKN6xq4Q53gXC0k=,cedfe66ee3a0704200c798eabdaf9315423705ce48dce19efdb79f1063ddfd26,LVS6iX3xyk+AW89N8K7wd5i2P+GtpUmTpzID/3W7LU4=,66177bc754a5380f4c9536976519bca297cfdd6415e943e681b6a65ed011c63e,eNSxF21Tycm62BGq+hFlLK4uEMYAW/DYNk7Zu8QvZD8=,d2de0eecb364b6ad6dfd68c57fbb2b61edd7f408c047202d5ab95910a24e2627,"T3: xMK submit share (round-level finalize), noise=0.000",reference_python,n=|logq=|scale=|scheme=alg_xmk_ckks,xmk_agg_pk:ff832745a25ad5f0,,,,,,,,,4d24f0821a6dacc4e92249e16f7058fc89d34f426d8cabbf2e26fbee8d1eff67,,046a3a63603a52f42224977bdbdb82393461fd211ad30fbfebf80e8168a630a3,audit_trails/artifacts/ciphertext_attestations/T3_XMK_CKKS_TADP_client_001_r10_272ab8bb17e4d759__046a3a63603a52f4.json,,,,,,,,,,,,,,,01d58e630fec88b9244f1cfbe78ed28fd43995bd9a894c1a61294dbdf30f715c,12835759871326119ec9bf0ff2064a79e996f44e7b00d96d7f2639e568aa1c86,,
427,85a1a8c0907e342888f6ca113659fe58,9009c28128737f7948fb54beb932f446c0ce27d5cbdefb4938dce83226ac7abd,2026-08-24T23:07:20.247614+00:00,TADP-SEC/14.0,CLIENT_ACCEPTED_SUBMISSION,T3_XMK_CKKS_TADP,,,,client_001,,,,,,,,,,,2.3-phase1-fixed-threshold-critical-floor-review-profile,e910eb11d46f5a33a9f6a7d996c6c242f2a4caa089255874076d8ae12155dc94,2e5e1ea61ea1c71b07c235b309bb618daac98643cb3c0843acb266cd6b876512,cd72ec3b4911418e9899eae9aed63fa15aaf66633d0cb863f54d9ac8508d934e,833c0f503995ec3e68f8d11c30f392b1e756db044036faa02ce898eac71d1c91,VALIDATED_EVIDENCE_BUNDLE,,,,,,,,,,,,,,,,,,,,,,,,UPDATE_SUBMITTED_ENFORCED,,False,NOT_REQUIRED_AUTOMATED_POLICY,False,,,,,,,,,,,,,C3_CONFIDENTIAL,3,,,,,,,,6401d449cad49398af2f5e4da9bd6c0fbdde3a2a57f8a422907de7f0354cd145,71adf2c7741ed63f779fe8cebf9b4d1363fd18da1c5a49e39f32ec63cb8262f2,,,2026-08-25T22:32:04.883782+00:00,fc627be910d1d32f3c03dd8e491b6588,,,,,b9cfcf477aea3c6a5f6b297f3b38d3338d087d4d39861525ca9ce39c4a90b4c0,aa48174c8e0e29bba6776347c1c37ec846e8756cd7e8634d1cff06a1b3182fe9,,,2026-08-25T23:06:00.193308+00:00,75d46ecd684a2dc4b6a8e27daff7fed8db3fae5cae653b9ddb3099795df8cd6c,active,,,11,ACCEPTED,ALL_BASELINE_CONTROLS,,,,True,True,True,True,True,False,8OstrencMpup6KF201LS0eHBqn+O5cJOrnuGFSY6Ink=,fd129d3dbaa74c013f493a309cf3df04fd8ff387af84ddf6f81edb84a8620cf7,LVS6iX3xyk+AW89N8K7wd5i2P+GtpUmTpzID/3W7LU4=,a97194ff5f5d76bf93dc5443ab8fe0ff623940d0695d3c174294f74a518dd086,xa4BMBZjCsecEE+q7oeW1GtSFyMCK3E7F66MdUcEWoA=,d2de0eecb364b6ad6dfd68c57fbb2b61edd7f408c047202d5ab95910a24e2627,,,,,,,,,,,,,,,,,736e2e601e4e4106303350110c6516f302e1de61cbf9e1a21ce3d2ffb83c53eb,audit_trails/artifacts/accepted_runtime_submissions/T3_XMK_CKKS_TADP_client_001_r11_fd129d3dbaa74c01__736e2e601e4e4106.json,,,,,,,,,,,,,12835759871326119ec9bf0ff2064a79e996f44e7b00d96d7f2639e568aa1c86,7f46b47b8becf194bdc5ac63ff4e44dc485727107530b9b9f2a0f0f5a4f72121,,
428,025a5a227c11c422f6ad7f5f72d22f01,9009c28128737f7948fb54beb932f446c0ce27d5cbdefb4938dce83226ac7abd,2026-08-24T23:07:20.781737+00:00,TADP-SEC/14.0,CLIENT_CIPHERTEXT_BINDING,T3_XMK_CKKS_TADP,,,,client_001,,,,,,,,,,,,,,,,,,,,,,,,,,,,,,,,,,,,,,,,CIPHERTEXT_BOUND_TO_SIGNED_UPDATE,,,,,,,,,,,,,,,,,C3_CONFIDENTIAL,3,,,,,,,,,,,,,fc627be910d1d32f3c03dd8e491b6588,,,,,,,,,,,,,,11,VERIFIED,,,,,True,,,,,False,8OstrencMpup6KF201LS0eHBqn+O5cJOrnuGFSY6Ink=,fd129d3dbaa74c013f493a309cf3df04fd8ff387af84ddf6f81edb84a8620cf7,LVS6iX3xyk+AW89N8K7wd5i2P+GtpUmTpzID/3W7LU4=,eb3f4e693e9dd398f48c90daa7d997782f818caff9023ff34da68ee3b394966e,xa4BMBZjCsecEE+q7oeW1GtSFyMCK3E7F66MdUcEWoA=,d2de0eecb364b6ad6dfd68c57fbb2b61edd7f408c047202d5ab95910a24e2627,"T3: xMK submit share (round-level finalize), noise=0.000",reference_python,n=|logq=|scale=|scheme=alg_xmk_ckks,xmk_agg_pk:ff832745a25ad5f0,,,,,,,,,fc6ef382462d104445e49c8e8b3b5a714c6ac66cbc94db7d8681525a55f87b69,,6cf365d40ff23afa9c0f4880d7486fe138ec8dfc424c2b1c6e6d57a6cc90d0d5,audit_trails/artifacts/ciphertext_attestations/T3_XMK_CKKS_TADP_client_001_r11_a52c2720e8647395__6cf365d40ff23afa.json,,,,,,,,,,,,,,,7f46b47b8becf194bdc5ac63ff4e44dc485727107530b9b9f2a0f0f5a4f72121,4df62116a4ae99b1099c0523403d59d8eafe9fba84fd0e8c7af87fe5829c8795,,
429,2c53a61522b9a4032a2159315b1c50b6,9009c28128737f7948fb54beb932f446c0ce27d5cbdefb4938dce83226ac7abd,2026-08-24T23:07:27.624542+00:00,TADP-SEC/14.0,CLIENT_ACCEPTED_SUBMISSION,T3_XMK_CKKS_TADP,,,,client_001,,,,,,,,,,,2.3-phase1-fixed-threshold-critical-floor-review-profile,e910eb11d46f5a33a9f6a7d996c6c242f2a4caa089255874076d8ae12155dc94,2e5e1ea61ea1c71b07c235b309bb618daac98643cb3c0843acb266cd6b876512,cd72ec3b4911418e9899eae9aed63fa15aaf66633d0cb863f54d9ac8508d934e,833c0f503995ec3e68f8d11c30f392b1e756db044036faa02ce898eac71d1c91,VALIDATED_EVIDENCE_BUNDLE,,,,,,,,,,,,,,,,,,,,,,,,UPDATE_SUBMITTED_ENFORCED,,False,NOT_REQUIRED_AUTOMATED_POLICY,False,,,,,,,,,,,,,C3_CONFIDENTIAL,3,,,,,,,,6401d449cad49398af2f5e4da9bd6c0fbdde3a2a57f8a422907de7f0354cd145,71adf2c7741ed63f779fe8cebf9b4d1363fd18da1c5a49e39f32ec63cb8262f2,,,2026-08-25T22:32:04.883782+00:00,fc627be910d1d32f3c03dd8e491b6588,,,,,b9cfcf477aea3c6a5f6b297f3b38d3338d087d4d39861525ca9ce39c4a90b4c0,aa48174c8e0e29bba6776347c1c37ec846e8756cd7e8634d1cff06a1b3182fe9,,,2026-08-25T23:06:00.193308+00:00,75d46ecd684a2dc4b6a8e27daff7fed8db3fae5cae653b9ddb3099795df8cd6c,active,,,12,ACCEPTED,ALL_BASELINE_CONTROLS,,,,True,True,True,True,True,False,MwLp2JDjfuOuGeL2x4sScqWhT3nFifBS7v8cxKkcOeQ=,7f3c0bd3ec00a94f2ff527b27e242d478364047e4a644f1c481e6304a7277b0a,LVS6iX3xyk+AW89N8K7wd5i2P+GtpUmTpzID/3W7LU4=,7fbafef35466d926512f6c853a0889c553828a32e7411eac0264645d29abdf9d,01OBIi9sgilbbBk9bWpGTMK34n/4xcwtjGsoyUL0SIw=,d2de0eecb364b6ad6dfd68c57fbb2b61edd7f408c047202d5ab95910a24e2627,,,,,,,,,,,,,,,,,44cdf076eae55befbeb2b604eb3e24deb1fe61180880ac4ca352b233cc8125db,audit_trails/artifacts/accepted_runtime_submissions/T3_XMK_CKKS_TADP_client_001_r12_7f3c0bd3ec00a94f__44cdf076eae55bef.json,,,,,,,,,,,,,4df62116a4ae99b1099c0523403d59d8eafe9fba84fd0e8c7af87fe5829c8795,25801f9db051ce8a132535f596315e4903e3fb5b7b51fb684becce8e0efd5b5f,,
430,bb02406401dc04cd35d7bc8585b85827,9009c28128737f7948fb54beb932f446c0ce27d5cbdefb4938dce83226ac7abd,2026-08-24T23:07:27.967207+00:00,TADP-SEC/14.0,CLIENT_CIPHERTEXT_BINDING,T3_XMK_CKKS_TADP,,,,client_001,,,,,,,,,,,,,,,,,,,,,,,,,,,,,,,,,,,,,,,,CIPHERTEXT_BOUND_TO_SIGNED_UPDATE,,,,,,,,,,,,,,,,,C3_CONFIDENTIAL,3,,,,,,,,,,,,,fc627be910d1d32f3c03dd8e491b6588,,,,,,,,,,,,,,12,VERIFIED,,,,,True,,,,,False,MwLp2JDjfuOuGeL2x4sScqWhT3nFifBS7v8cxKkcOeQ=,7f3c0bd3ec00a94f2ff527b27e242d478364047e4a644f1c481e6304a7277b0a,LVS6iX3xyk+AW89N8K7wd5i2P+GtpUmTpzID/3W7LU4=,134c64e07e2ebebae3b5e267115f0534a83dde0d005c713778f6ddb61bf04aeb,01OBIi9sgilbbBk9bWpGTMK34n/4xcwtjGsoyUL0SIw=,d2de0eecb364b6ad6dfd68c57fbb2b61edd7f408c047202d5ab95910a24e2627,"T3: xMK submit share (round-level finalize), noise=0.000",reference_python,n=|logq=|scale=|scheme=alg_xmk_ckks,xmk_agg_pk:ff832745a25ad5f0,,,,,,,,,7faca4998b6be7210ac55a4fdf033458df30126093f9bfefd19b4c1c56bc6aa9,,14103edbb271bf6583d8064ea13352eff77fee5fc7f9c2fec2ca24425cf8b17f,audit_trails/artifacts/ciphertext_attestations/T3_XMK_CKKS_TADP_client_001_r12_7917c1e5dd97a0ce__14103edbb271bf65.json,,,,,,,,,,,,,,,25801f9db051ce8a132535f596315e4903e3fb5b7b51fb684becce8e0efd5b5f,f58378a04eb0149a0c84195d0dd0cbf25237f39cff8ef4129addc78521618b88,,
431,eb2c6c7ca3eacb458c23a571596053fe,9009c28128737f7948fb54beb932f446c0ce27d5cbdefb4938dce83226ac7abd,2026-08-24T23:07:35.873796+00:00,TADP-SEC/14.0,CLIENT_ACCEPTED_SUBMISSION,T3_XMK_CKKS_TADP,,,,client_001,,,,,,,,,,,2.3-phase1-fixed-threshold-critical-floor-review-profile,e910eb11d46f5a33a9f6a7d996c6c242f2a4caa089255874076d8ae12155dc94,2e5e1ea61ea1c71b07c235b309bb618daac98643cb3c0843acb266cd6b876512,cd72ec3b4911418e9899eae9aed63fa15aaf66633d0cb863f54d9ac8508d934e,833c0f503995ec3e68f8d11c30f392b1e756db044036faa02ce898eac71d1c91,VALIDATED_EVIDENCE_BUNDLE,,,,,,,,,,,,,,,,,,,,,,,,UPDATE_SUBMITTED_ENFORCED,,False,NOT_REQUIRED_AUTOMATED_POLICY,False,,,,,,,,,,,,,C3_CONFIDENTIAL,3,,,,,,,,6401d449cad49398af2f5e4da9bd6c0fbdde3a2a57f8a422907de7f0354cd145,71adf2c7741ed63f779fe8cebf9b4d1363fd18da1c5a49e39f32ec63cb8262f2,,,2026-08-25T22:32:04.883782+00:00,fc627be910d1d32f3c03dd8e491b6588,,,,,b9cfcf477aea3c6a5f6b297f3b38d3338d087d4d39861525ca9ce39c4a90b4c0,aa48174c8e0e29bba6776347c1c37ec846e8756cd7e8634d1cff06a1b3182fe9,,,2026-08-25T23:06:00.193308+00:00,75d46ecd684a2dc4b6a8e27daff7fed8db3fae5cae653b9ddb3099795df8cd6c,active,,,13,ACCEPTED,ALL_BASELINE_CONTROLS,,,,True,True,True,True,True,False,lSsE/BSnCoMVw/PG4e6E+kj2ANuDIh3CHjHR5EBL/aw=,f2160166d2879db33ffd31d169c453381b0674a60180e91872d65ef587f7cabd,LVS6iX3xyk+AW89N8K7wd5i2P+GtpUmTpzID/3W7LU4=,f0eca538f8f4629dcbeeb2501f632764e86e334b66d980bf5cd71a9d886c6b08,dFLVXDaTbc7KYvLspkH9JC9ek8XRNcd9nRuV/5OzJ3U=,d2de0eecb364b6ad6dfd68c57fbb2b61edd7f408c047202d5ab95910a24e2627,,,,,,,,,,,,,,,,,c8860753e566feab9bfeed8b7ba116e18ccb1ab8f549adfe8bfae094531abd56,audit_trails/artifacts/accepted_runtime_submissions/T3_XMK_CKKS_TADP_client_001_r13_f2160166d2879db3__c8860753e566feab.json,,,,,,,,,,,,,f58378a04eb0149a0c84195d0dd0cbf25237f39cff8ef4129addc78521618b88,f949c4b18470b195f13788dec1df3ada11b78a79b42a5fc4d21919f71612ae08,,
432,e0be560a23ecd17a6259e4d4ef37703c,9009c28128737f7948fb54beb932f446c0ce27d5cbdefb4938dce83226ac7abd,2026-08-24T23:07:36.248040+00:00,TADP-SEC/14.0,CLIENT_CIPHERTEXT_BINDING,T3_XMK_CKKS_TADP,,,,client_001,,,,,,,,,,,,,,,,,,,,,,,,,,,,,,,,,,,,,,,,CIPHERTEXT_BOUND_TO_SIGNED_UPDATE,,,,,,,,,,,,,,,,,C3_CONFIDENTIAL,3,,,,,,,,,,,,,fc627be910d1d32f3c03dd8e491b6588,,,,,,,,,,,,,,13,VERIFIED,,,,,True,,,,,False,lSsE/BSnCoMVw/PG4e6E+kj2ANuDIh3CHjHR5EBL/aw=,f2160166d2879db33ffd31d169c453381b0674a60180e91872d65ef587f7cabd,LVS6iX3xyk+AW89N8K7wd5i2P+GtpUmTpzID/3W7LU4=,8f60ae4ee41a3594427dc1d8b65fcb5f472d7fb9d31d603fbf172b23f371cb6b,dFLVXDaTbc7KYvLspkH9JC9ek8XRNcd9nRuV/5OzJ3U=,d2de0eecb364b6ad6dfd68c57fbb2b61edd7f408c047202d5ab95910a24e2627,"T3: xMK submit share (round-level finalize), noise=0.000",reference_python,n=|logq=|scale=|scheme=alg_xmk_ckks,xmk_agg_pk:ff832745a25ad5f0,,,,,,,,,7f9c3d91014ab9e23eca0e1ffb94c411c9e5e46552ccff14e58a1460fe449771,,72f0fd8e04bd53d4fff34d6d409d52f2f254272779d84636ac3f12ccc600a338,audit_trails/artifacts/ciphertext_attestations/T3_XMK_CKKS_TADP_client_001_r13_97a1f6d7dc5b8942__72f0fd8e04bd53d4.json,,,,,,,,,,,,,,,f949c4b18470b195f13788dec1df3ada11b78a79b42a5fc4d21919f71612ae08,c83ecad0c192c529a27ae630b1abdcf11b2940dd8ce33573c61dbd2d397231ab,,
433,3f1784be4a1949c782e9eb3933155ff0,9009c28128737f7948fb54beb932f446c0ce27d5cbdefb4938dce83226ac7abd,2026-08-24T23:07:43.048239+00:00,TADP-SEC/14.0,CLIENT_ACCEPTED_SUBMISSION,T3_XMK_CKKS_TADP,,,,client_001,,,,,,,,,,,2.3-phase1-fixed-threshold-critical-floor-review-profile,e910eb11d46f5a33a9f6a7d996c6c242f2a4caa089255874076d8ae12155dc94,2e5e1ea61ea1c71b07c235b309bb618daac98643cb3c0843acb266cd6b876512,cd72ec3b4911418e9899eae9aed63fa15aaf66633d0cb863f54d9ac8508d934e,833c0f503995ec3e68f8d11c30f392b1e756db044036faa02ce898eac71d1c91,VALIDATED_EVIDENCE_BUNDLE,,,,,,,,,,,,,,,,,,,,,,,,UPDATE_SUBMITTED_ENFORCED,,False,NOT_REQUIRED_AUTOMATED_POLICY,False,,,,,,,,,,,,,C3_CONFIDENTIAL,3,,,,,,,,6401d449cad49398af2f5e4da9bd6c0fbdde3a2a57f8a422907de7f0354cd145,71adf2c7741ed63f779fe8cebf9b4d1363fd18da1c5a49e39f32ec63cb8262f2,,,2026-08-25T22:32:04.883782+00:00,fc627be910d1d32f3c03dd8e491b6588,,,,,b9cfcf477aea3c6a5f6b297f3b38d3338d087d4d39861525ca9ce39c4a90b4c0,aa48174c8e0e29bba6776347c1c37ec846e8756cd7e8634d1cff06a1b3182fe9,,,2026-08-25T23:06:00.193308+00:00,75d46ecd684a2dc4b6a8e27daff7fed8db3fae5cae653b9ddb3099795df8cd6c,active,,,14,ACCEPTED,ALL_BASELINE_CONTROLS,,,,True,True,True,True,True,False,fuPxKz23cimHmKg9VtQReKtBQj340hvSwZh3nX5+4Ek=,c076cfcc2d8bff8b3b552fb2cbda193964f84b31148c16dc2e5ac6c82e2f39f3,LVS6iX3xyk+AW89N8K7wd5i2P+GtpUmTpzID/3W7LU4=,0226f75fbca51e295fc2f9a7c53ec29608a02ddc3860d0082e8a58f42a9b5ae8,FRwf3p6Z/CUyJsklBe1tthUR+0v51Veo6Yfk0qr6Y8g=,d2de0eecb364b6ad6dfd68c57fbb2b61edd7f408c047202d5ab95910a24e2627,,,,,,,,,,,,,,,,,f8e469df2b634bf1cc5d0a06c5d96dacc353f9a3cb5b62f6c0b2ad3c126eee44,audit_trails/artifacts/accepted_runtime_submissions/T3_XMK_CKKS_TADP_client_001_r14_c076cfcc2d8bff8b__f8e469df2b634bf1.json,,,,,,,,,,,,,c83ecad0c192c529a27ae630b1abdcf11b2940dd8ce33573c61dbd2d397231ab,02e7cb2662633be881fe953a403faa30f68536e04d097adca6bb6aed8e0682d3,,
434,f85a6ac596033ad7c1a02a65830f304a,9009c28128737f7948fb54beb932f446c0ce27d5cbdefb4938dce83226ac7abd,2026-08-24T23:07:43.396070+00:00,TADP-SEC/14.0,CLIENT_CIPHERTEXT_BINDING,T3_XMK_CKKS_TADP,,,,client_001,,,,,,,,,,,,,,,,,,,,,,,,,,,,,,,,,,,,,,,,CIPHERTEXT_BOUND_TO_SIGNED_UPDATE,,,,,,,,,,,,,,,,,C3_CONFIDENTIAL,3,,,,,,,,,,,,,fc627be910d1d32f3c03dd8e491b6588,,,,,,,,,,,,,,14,VERIFIED,,,,,True,,,,,False,fuPxKz23cimHmKg9VtQReKtBQj340hvSwZh3nX5+4Ek=,c076cfcc2d8bff8b3b552fb2cbda193964f84b31148c16dc2e5ac6c82e2f39f3,LVS6iX3xyk+AW89N8K7wd5i2P+GtpUmTpzID/3W7LU4=,36ad62251088dd6c2149ca0ff4a037bd4c082402d30d968e22a98afa837e5ba6,FRwf3p6Z/CUyJsklBe1tthUR+0v51Veo6Yfk0qr6Y8g=,d2de0eecb364b6ad6dfd68c57fbb2b61edd7f408c047202d5ab95910a24e2627,"T3: xMK submit share (round-level finalize), noise=0.000",reference_python,n=|logq=|scale=|scheme=alg_xmk_ckks,xmk_agg_pk:ff832745a25ad5f0,,,,,,,,,3c3bfc6624cfa0e60b42ce922a4bd94c7c5b8f690160c699d559324c0b05aa06,,263d321e97a9d76338f446f35d96cdc4bed37ffd4b0be51794f7c4e3b6a1a9f7,audit_trails/artifacts/ciphertext_attestations/T3_XMK_CKKS_TADP_client_001_r14_a9d5d4d80bcf298b__263d321e97a9d763.json,,,,,,,,,,,,,,,02e7cb2662633be881fe953a403faa30f68536e04d097adca6bb6aed8e0682d3,76ea55bb157fbfbbaaa85fd1f6cdba82bc2252cbaacbc2540e1cf25d0f98e0d4,,
435,6bd1ed1ae3df59d7de86d1f0051971f9,9009c28128737f7948fb54beb932f446c0ce27d5cbdefb4938dce83226ac7abd,2026-08-24T23:07:51.407373+00:00,TADP-SEC/14.0,CLIENT_ACCEPTED_SUBMISSION,T3_XMK_CKKS_TADP,,,,client_001,,,,,,,,,,,2.3-phase1-fixed-threshold-critical-floor-review-profile,e910eb11d46f5a33a9f6a7d996c6c242f2a4caa089255874076d8ae12155dc94,2e5e1ea61ea1c71b07c235b309bb618daac98643cb3c0843acb266cd6b876512,cd72ec3b4911418e9899eae9aed63fa15aaf66633d0cb863f54d9ac8508d934e,833c0f503995ec3e68f8d11c30f392b1e756db044036faa02ce898eac71d1c91,VALIDATED_EVIDENCE_BUNDLE,,,,,,,,,,,,,,,,,,,,,,,,UPDATE_SUBMITTED_ENFORCED,,False,NOT_REQUIRED_AUTOMATED_POLICY,False,,,,,,,,,,,,,C3_CONFIDENTIAL,3,,,,,,,,6401d449cad49398af2f5e4da9bd6c0fbdde3a2a57f8a422907de7f0354cd145,71adf2c7741ed63f779fe8cebf9b4d1363fd18da1c5a49e39f32ec63cb8262f2,,,2026-08-25T22:32:04.883782+00:00,fc627be910d1d32f3c03dd8e491b6588,,,,,b9cfcf477aea3c6a5f6b297f3b38d3338d087d4d39861525ca9ce39c4a90b4c0,aa48174c8e0e29bba6776347c1c37ec846e8756cd7e8634d1cff06a1b3182fe9,,,2026-08-25T23:06:00.193308+00:00,75d46ecd684a2dc4b6a8e27daff7fed8db3fae5cae653b9ddb3099795df8cd6c,active,,,15,ACCEPTED,ALL_BASELINE_CONTROLS,,,,True,True,True,True,True,False,epXrkseRU6OGcexomWp2/UX5XXfEFZ8i7kK3ihM6p2M=,f4b4adcc27cf3e0976e90a051bf7fc780cc23cdefcb94f9c95378e4d3841ee95,LVS6iX3xyk+AW89N8K7wd5i2P+GtpUmTpzID/3W7LU4=,cdbfb2c2af0abbd11d0f1450bd60499b03d7a982070ae85b4020d7445540c1b0,WceT7CvA0/SzTHIE5cRElKsiLRm1BBfaHuL00//+74A=,d2de0eecb364b6ad6dfd68c57fbb2b61edd7f408c047202d5ab95910a24e2627,,,,,,,,,,,,,,,,,8a8fc8b1fd0e8f6b3bb906c7c6212eb9e5962d1d639ef60b56a9cc1b1fd48ba0,audit_trails/artifacts/accepted_runtime_submissions/T3_XMK_CKKS_TADP_client_001_r15_f4b4adcc27cf3e09__8a8fc8b1fd0e8f6b.json,,,,,,,,,,,,,76ea55bb157fbfbbaaa85fd1f6cdba82bc2252cbaacbc2540e1cf25d0f98e0d4,daf9e991b6149dae68d4065a80374753abf7469af8853bf8a4070af9db6993af,,
436,9dfb17b28c4d0fcb01225aa74ce0b7b6,9009c28128737f7948fb54beb932f446c0ce27d5cbdefb4938dce83226ac7abd,2026-08-24T23:07:51.752623+00:00,TADP-SEC/14.0,CLIENT_CIPHERTEXT_BINDING,T3_XMK_CKKS_TADP,,,,client_001,,,,,,,,,,,,,,,,,,,,,,,,,,,,,,,,,,,,,,,,CIPHERTEXT_BOUND_TO_SIGNED_UPDATE,,,,,,,,,,,,,,,,,C3_CONFIDENTIAL,3,,,,,,,,,,,,,fc627be910d1d32f3c03dd8e491b6588,,,,,,,,,,,,,,15,VERIFIED,,,,,True,,,,,False,epXrkseRU6OGcexomWp2/UX5XXfEFZ8i7kK3ihM6p2M=,f4b4adcc27cf3e0976e90a051bf7fc780cc23cdefcb94f9c95378e4d3841ee95,LVS6iX3xyk+AW89N8K7wd5i2P+GtpUmTpzID/3W7LU4=,f24c49d775f3901160de646231caeba993fddcddcc7cec985347c507fdcd6d8b,WceT7CvA0/SzTHIE5cRElKsiLRm1BBfaHuL00//+74A=,d2de0eecb364b6ad6dfd68c57fbb2b61edd7f408c047202d5ab95910a24e2627,"T3: xMK submit share (round-level finalize), noise=0.000",reference_python,n=|logq=|scale=|scheme=alg_xmk_ckks,xmk_agg_pk:ff832745a25ad5f0,,,,,,,,,d42d5e681f8aa99236beb3fa6e331ad8c0ef8cf83b78dfce32eb664435e98758,,e8ca986941e2ea69e1358abd0d23541126e9e66cb1b251aea04e12e0e7e08e70,audit_trails/artifacts/ciphertext_attestations/T3_XMK_CKKS_TADP_client_001_r15_d15118c50d10f1b3__e8ca986941e2ea69.json,,,,,,,,,,,,,,,daf9e991b6149dae68d4065a80374753abf7469af8853bf8a4070af9db6993af,978f405c1130c910de4efa100fac77da4fdd1ed848fa7bd30b2c7e29b3cf72f4,,
437,1147c529b9f3d5306d477e368975af1d,9009c28128737f7948fb54beb932f446c0ce27d5cbdefb4938dce83226ac7abd,2026-08-24T23:07:58.838631+00:00,TADP-SEC/14.0,CLIENT_ACCEPTED_SUBMISSION,T3_XMK_CKKS_TADP,,,,client_001,,,,,,,,,,,2.3-phase1-fixed-threshold-critical-floor-review-profile,e910eb11d46f5a33a9f6a7d996c6c242f2a4caa089255874076d8ae12155dc94,2e5e1ea61ea1c71b07c235b309bb618daac98643cb3c0843acb266cd6b876512,cd72ec3b4911418e9899eae9aed63fa15aaf66633d0cb863f54d9ac8508d934e,833c0f503995ec3e68f8d11c30f392b1e756db044036faa02ce898eac71d1c91,VALIDATED_EVIDENCE_BUNDLE,,,,,,,,,,,,,,,,,,,,,,,,UPDATE_SUBMITTED_ENFORCED,,False,NOT_REQUIRED_AUTOMATED_POLICY,False,,,,,,,,,,,,,C3_CONFIDENTIAL,3,,,,,,,,6401d449cad49398af2f5e4da9bd6c0fbdde3a2a57f8a422907de7f0354cd145,71adf2c7741ed63f779fe8cebf9b4d1363fd18da1c5a49e39f32ec63cb8262f2,,,2026-08-25T22:32:04.883782+00:00,fc627be910d1d32f3c03dd8e491b6588,,,,,b9cfcf477aea3c6a5f6b297f3b38d3338d087d4d39861525ca9ce39c4a90b4c0,aa48174c8e0e29bba6776347c1c37ec846e8756cd7e8634d1cff06a1b3182fe9,,,2026-08-25T23:06:00.193308+00:00,75d46ecd684a2dc4b6a8e27daff7fed8db3fae5cae653b9ddb3099795df8cd6c,active,,,16,ACCEPTED,ALL_BASELINE_CONTROLS,,,,True,True,True,True,True,False,+rOJrzZHEKVukm3fU/7nbsWZsE0llSLU+QpKMyk/vMk=,8f8f41f81234f53f129be85372e11dba44be2cee473c8a3aaf48e21315f354e6,LVS6iX3xyk+AW89N8K7wd5i2P+GtpUmTpzID/3W7LU4=,5d4bd8b97c6ac43bc77194177265a3cae25ffcca46c30ecf1cd53f5ae6e80b25,qyu+KlZ+4UHuzlLSHsWRQj9Y0xf/lvoKtf1Tlcjn/KM=,d2de0eecb364b6ad6dfd68c57fbb2b61edd7f408c047202d5ab95910a24e2627,,,,,,,,,,,,,,,,,55d029b0bf3ba30a4435e356b9d1252ffe2c67bd595b56b9e3361f826a452cca,audit_trails/artifacts/accepted_runtime_submissions/T3_XMK_CKKS_TADP_client_001_r16_8f8f41f81234f53f__55d029b0bf3ba30a.json,,,,,,,,,,,,,978f405c1130c910de4efa100fac77da4fdd1ed848fa7bd30b2c7e29b3cf72f4,42910f9308309e3a9bb8e99b36f673d55ed1d3f091c4f7c73de8de0cd2cf8cc6,,
438,29ef3478ccde6347c1fd7029b7ef93a1,9009c28128737f7948fb54beb932f446c0ce27d5cbdefb4938dce83226ac7abd,2026-08-24T23:07:59.341272+00:00,TADP-SEC/14.0,CLIENT_CIPHERTEXT_BINDING,T3_XMK_CKKS_TADP,,,,client_001,,,,,,,,,,,,,,,,,,,,,,,,,,,,,,,,,,,,,,,,CIPHERTEXT_BOUND_TO_SIGNED_UPDATE,,,,,,,,,,,,,,,,,C3_CONFIDENTIAL,3,,,,,,,,,,,,,fc627be910d1d32f3c03dd8e491b6588,,,,,,,,,,,,,,16,VERIFIED,,,,,True,,,,,False,+rOJrzZHEKVukm3fU/7nbsWZsE0llSLU+QpKMyk/vMk=,8f8f41f81234f53f129be85372e11dba44be2cee473c8a3aaf48e21315f354e6,LVS6iX3xyk+AW89N8K7wd5i2P+GtpUmTpzID/3W7LU4=,f80e0e83ec944ef624ef4fa4cdb2da116e8a38da42f89dd9156fe23cc38d25b7,qyu+KlZ+4UHuzlLSHsWRQj9Y0xf/lvoKtf1Tlcjn/KM=,d2de0eecb364b6ad6dfd68c57fbb2b61edd7f408c047202d5ab95910a24e2627,"T3: xMK submit share (round-level finalize), noise=0.000",reference_python,n=|logq=|scale=|scheme=alg_xmk_ckks,xmk_agg_pk:ff832745a25ad5f0,,,,,,,,,42c58e26b6e5964a1cc006cabc4719e5693c6f51969f6598b69d4957d6798de7,,2f1b910938824878dbd726c7ea5147e19f77e4b87d067f5620518049a9d26351,audit_trails/artifacts/ciphertext_attestations/T3_XMK_CKKS_TADP_client_001_r16_885b617f43715ca9__2f1b910938824878.json,,,,,,,,,,,,,,,42910f9308309e3a9bb8e99b36f673d55ed1d3f091c4f7c73de8de0cd2cf8cc6,5ab4c092dbd68f56a2f0d9928000a09e27c55a13eefd2de722d0c4d97c6cf8a4,,
439,d9ac86245d5c70c969afb85bdb6ef23c,9009c28128737f7948fb54beb932f446c0ce27d5cbdefb4938dce83226ac7abd,2026-08-24T23:08:06.924692+00:00,TADP-SEC/14.0,CLIENT_ACCEPTED_SUBMISSION,T3_XMK_CKKS_TADP,,,,client_001,,,,,,,,,,,2.3-phase1-fixed-threshold-critical-floor-review-profile,e910eb11d46f5a33a9f6a7d996c6c242f2a4caa089255874076d8ae12155dc94,2e5e1ea61ea1c71b07c235b309bb618daac98643cb3c0843acb266cd6b876512,cd72ec3b4911418e9899eae9aed63fa15aaf66633d0cb863f54d9ac8508d934e,833c0f503995ec3e68f8d11c30f392b1e756db044036faa02ce898eac71d1c91,VALIDATED_EVIDENCE_BUNDLE,,,,,,,,,,,,,,,,,,,,,,,,UPDATE_SUBMITTED_ENFORCED,,False,NOT_REQUIRED_AUTOMATED_POLICY,False,,,,,,,,,,,,,C3_CONFIDENTIAL,3,,,,,,,,6401d449cad49398af2f5e4da9bd6c0fbdde3a2a57f8a422907de7f0354cd145,71adf2c7741ed63f779fe8cebf9b4d1363fd18da1c5a49e39f32ec63cb8262f2,,,2026-08-25T22:32:04.883782+00:00,fc627be910d1d32f3c03dd8e491b6588,,,,,b9cfcf477aea3c6a5f6b297f3b38d3338d087d4d39861525ca9ce39c4a90b4c0,aa48174c8e0e29bba6776347c1c37ec846e8756cd7e8634d1cff06a1b3182fe9,,,2026-08-25T23:06:00.193308+00:00,75d46ecd684a2dc4b6a8e27daff7fed8db3fae5cae653b9ddb3099795df8cd6c,active,,,17,ACCEPTED,ALL_BASELINE_CONTROLS,,,,True,True,True,True,True,False,jlzwvgpIFWp/BnCr8Y2vfTKrD34U7N0T8uAKgfysMcI=,3dc61dbe16439f570380f766be34aa25cd21b52d2d70591d5be93fbb302107ab,LVS6iX3xyk+AW89N8K7wd5i2P+GtpUmTpzID/3W7LU4=,e430f882e065950d0072d80e570bb2afde6ae0ec42eb19235a65cf8353070572,J9B2kZm+G6D4sdaowT9tQ8n2do5THkOd8BKJDj/qamE=,d2de0eecb364b6ad6dfd68c57fbb2b61edd7f408c047202d5ab95910a24e2627,,,,,,,,,,,,,,,,,5cf466d2055994b27b6f368a210feb2ca8e83ceb200f31b825704acb7169dfa7,audit_trails/artifacts/accepted_runtime_submissions/T3_XMK_CKKS_TADP_client_001_r17_3dc61dbe16439f57__5cf466d2055994b2.json,,,,,,,,,,,,,5ab4c092dbd68f56a2f0d9928000a09e27c55a13eefd2de722d0c4d97c6cf8a4,96446385b5057ce439f576a5a1ef9de6a4526d7239c34ff2b2dfbf92fa879a5a,,
440,370a337de31c5fea7ec7e8934f90c4b0,9009c28128737f7948fb54beb932f446c0ce27d5cbdefb4938dce83226ac7abd,2026-08-24T23:08:07.273912+00:00,TADP-SEC/14.0,CLIENT_CIPHERTEXT_BINDING,T3_XMK_CKKS_TADP,,,,client_001,,,,,,,,,,,,,,,,,,,,,,,,,,,,,,,,,,,,,,,,CIPHERTEXT_BOUND_TO_SIGNED_UPDATE,,,,,,,,,,,,,,,,,C3_CONFIDENTIAL,3,,,,,,,,,,,,,fc627be910d1d32f3c03dd8e491b6588,,,,,,,,,,,,,,17,VERIFIED,,,,,True,,,,,False,jlzwvgpIFWp/BnCr8Y2vfTKrD34U7N0T8uAKgfysMcI=,3dc61dbe16439f570380f766be34aa25cd21b52d2d70591d5be93fbb302107ab,LVS6iX3xyk+AW89N8K7wd5i2P+GtpUmTpzID/3W7LU4=,6c7680fc1a8d696d469caa8a8888abccfdfca3bccb3679abfa7a929c2fd394e7,J9B2kZm+G6D4sdaowT9tQ8n2do5THkOd8BKJDj/qamE=,d2de0eecb364b6ad6dfd68c57fbb2b61edd7f408c047202d5ab95910a24e2627,"T3: xMK submit share (round-level finalize), noise=0.000",reference_python,n=|logq=|scale=|scheme=alg_xmk_ckks,xmk_agg_pk:ff832745a25ad5f0,,,,,,,,,cfeb3ef961d9f6679a38741ed894f933723e0dde636c886a353a4d03e31edaa1,,87b3e387ee6437ccb2cae217b33623215d6e4dcff909f7a905db0c24f2a95ce7,audit_trails/artifacts/ciphertext_attestations/T3_XMK_CKKS_TADP_client_001_r17_3f781b0c92c63fb9__87b3e387ee6437cc.json,,,,,,,,,,,,,,,96446385b5057ce439f576a5a1ef9de6a4526d7239c34ff2b2dfbf92fa879a5a,1c46b35844fce7410e6a8d9a6c2dd82a88507000fc0b47ba95c9d11feca1979b,,
441,8de1fa30dfb28460f09309667a77da6d,9009c28128737f7948fb54beb932f446c0ce27d5cbdefb4938dce83226ac7abd,2026-08-24T23:08:14.958961+00:00,TADP-SEC/14.0,CLIENT_ACCEPTED_SUBMISSION,T3_XMK_CKKS_TADP,,,,client_001,,,,,,,,,,,2.3-phase1-fixed-threshold-critical-floor-review-profile,e910eb11d46f5a33a9f6a7d996c6c242f2a4caa089255874076d8ae12155dc94,2e5e1ea61ea1c71b07c235b309bb618daac98643cb3c0843acb266cd6b876512,cd72ec3b4911418e9899eae9aed63fa15aaf66633d0cb863f54d9ac8508d934e,833c0f503995ec3e68f8d11c30f392b1e756db044036faa02ce898eac71d1c91,VALIDATED_EVIDENCE_BUNDLE,,,,,,,,,,,,,,,,,,,,,,,,UPDATE_SUBMITTED_ENFORCED,,False,NOT_REQUIRED_AUTOMATED_POLICY,False,,,,,,,,,,,,,C3_CONFIDENTIAL,3,,,,,,,,6401d449cad49398af2f5e4da9bd6c0fbdde3a2a57f8a422907de7f0354cd145,71adf2c7741ed63f779fe8cebf9b4d1363fd18da1c5a49e39f32ec63cb8262f2,,,2026-08-25T22:32:04.883782+00:00,fc627be910d1d32f3c03dd8e491b6588,,,,,b9cfcf477aea3c6a5f6b297f3b38d3338d087d4d39861525ca9ce39c4a90b4c0,aa48174c8e0e29bba6776347c1c37ec846e8756cd7e8634d1cff06a1b3182fe9,,,2026-08-25T23:06:00.193308+00:00,75d46ecd684a2dc4b6a8e27daff7fed8db3fae5cae653b9ddb3099795df8cd6c,active,,,18,ACCEPTED,ALL_BASELINE_CONTROLS,,,,True,True,True,True,True,False,ALFbE74IizHN/8oF0OnzUls6gq1c/vUznhj6xts37F0=,1f0284eca36d01a70b62259de9ce86e2dad40d4692ea46b48f71faa7232b3de5,LVS6iX3xyk+AW89N8K7wd5i2P+GtpUmTpzID/3W7LU4=,64c8fb3168ba1afbd3842b2869f6b32d72626bdf37a2ad1157c1657d3b0edd9a,SFL6ojUzo6OhCubEt++AAEUUveBzS+xMhoaKCPeBoSQ=,d2de0eecb364b6ad6dfd68c57fbb2b61edd7f408c047202d5ab95910a24e2627,,,,,,,,,,,,,,,,,c7d9e6e04b61a232e6b581ef6f0506388d7bde5e2696ab2e7579f94616e58910,audit_trails/artifacts/accepted_runtime_submissions/T3_XMK_CKKS_TADP_client_001_r18_1f0284eca36d01a7__c7d9e6e04b61a232.json,,,,,,,,,,,,,1c46b35844fce7410e6a8d9a6c2dd82a88507000fc0b47ba95c9d11feca1979b,b8feca6d1c95820e94327eb1ade28c4af23d854e489fd81526905a0376e08f1a,,
442,0d8347161d0d1a838569bbe4e28351a8,9009c28128737f7948fb54beb932f446c0ce27d5cbdefb4938dce83226ac7abd,2026-08-24T23:08:15.471846+00:00,TADP-SEC/14.0,CLIENT_CIPHERTEXT_BINDING,T3_XMK_CKKS_TADP,,,,client_001,,,,,,,,,,,,,,,,,,,,,,,,,,,,,,,,,,,,,,,,CIPHERTEXT_BOUND_TO_SIGNED_UPDATE,,,,,,,,,,,,,,,,,C3_CONFIDENTIAL,3,,,,,,,,,,,,,fc627be910d1d32f3c03dd8e491b6588,,,,,,,,,,,,,,18,VERIFIED,,,,,True,,,,,False,ALFbE74IizHN/8oF0OnzUls6gq1c/vUznhj6xts37F0=,1f0284eca36d01a70b62259de9ce86e2dad40d4692ea46b48f71faa7232b3de5,LVS6iX3xyk+AW89N8K7wd5i2P+GtpUmTpzID/3W7LU4=,8520c36a16dbe98ea7a95d81b70b0887ee90d5f17cecd663c3ee74757b713f42,SFL6ojUzo6OhCubEt++AAEUUveBzS+xMhoaKCPeBoSQ=,d2de0eecb364b6ad6dfd68c57fbb2b61edd7f408c047202d5ab95910a24e2627,"T3: xMK submit share (round-level finalize), noise=0.000",reference_python,n=|logq=|scale=|scheme=alg_xmk_ckks,xmk_agg_pk:ff832745a25ad5f0,,,,,,,,,7dcca40ab14b81b7733861611001820256778726e1e11f176162037922eb0498,,461af10fb3e4238ecef41207318d5be105d80255f85383203539eb38199f7482,audit_trails/artifacts/ciphertext_attestations/T3_XMK_CKKS_TADP_client_001_r18_1bbcf882993be140__461af10fb3e4238e.json,,,,,,,,,,,,,,,b8feca6d1c95820e94327eb1ade28c4af23d854e489fd81526905a0376e08f1a,3b7a69b085f9b6f18afa5b03efb1cd60b25f879bde58ebb777736fc03ce47f38,,
443,9fc405f14569bef6fb83dd982b829645,9009c28128737f7948fb54beb932f446c0ce27d5cbdefb4938dce83226ac7abd,2026-08-24T23:08:22.274985+00:00,TADP-SEC/14.0,CLIENT_ACCEPTED_SUBMISSION,T3_XMK_CKKS_TADP,,,,client_001,,,,,,,,,,,2.3-phase1-fixed-threshold-critical-floor-review-profile,e910eb11d46f5a33a9f6a7d996c6c242f2a4caa089255874076d8ae12155dc94,2e5e1ea61ea1c71b07c235b309bb618daac98643cb3c0843acb266cd6b876512,cd72ec3b4911418e9899eae9aed63fa15aaf66633d0cb863f54d9ac8508d934e,833c0f503995ec3e68f8d11c30f392b1e756db044036faa02ce898eac71d1c91,VALIDATED_EVIDENCE_BUNDLE,,,,,,,,,,,,,,,,,,,,,,,,UPDATE_SUBMITTED_ENFORCED,,False,NOT_REQUIRED_AUTOMATED_POLICY,False,,,,,,,,,,,,,C3_CONFIDENTIAL,3,,,,,,,,6401d449cad49398af2f5e4da9bd6c0fbdde3a2a57f8a422907de7f0354cd145,71adf2c7741ed63f779fe8cebf9b4d1363fd18da1c5a49e39f32ec63cb8262f2,,,2026-08-25T22:32:04.883782+00:00,fc627be910d1d32f3c03dd8e491b6588,,,,,b9cfcf477aea3c6a5f6b297f3b38d3338d087d4d39861525ca9ce39c4a90b4c0,aa48174c8e0e29bba6776347c1c37ec846e8756cd7e8634d1cff06a1b3182fe9,,,2026-08-25T23:06:00.193308+00:00,75d46ecd684a2dc4b6a8e27daff7fed8db3fae5cae653b9ddb3099795df8cd6c,active,,,19,ACCEPTED,ALL_BASELINE_CONTROLS,,,,True,True,True,True,True,False,yBWry2xvG2BgJ8ImtrHs+gGrYykT0yHjM6keFp7EsqA=,c54d6415bd8a882410cf2a0e0ad75773d2b95124333e85b2add070ae9695aba8,LVS6iX3xyk+AW89N8K7wd5i2P+GtpUmTpzID/3W7LU4=,59eb9822b09150f90f1a506cfd6706fa90b81811fc8a775ffdbc88ebe48a6074,D+QhpzXgBKjs9JBajd/0MCIqIYoo5vyGVpZEasESKC4=,d2de0eecb364b6ad6dfd68c57fbb2b61edd7f408c047202d5ab95910a24e2627,,,,,,,,,,,,,,,,,4dfca3cade34cceef0de31ea82ec091065fd7d962a37345a69e555e1fc5965c5,audit_trails/artifacts/accepted_runtime_submissions/T3_XMK_CKKS_TADP_client_001_r19_c54d6415bd8a8824__4dfca3cade34ccee.json,,,,,,,,,,,,,3b7a69b085f9b6f18afa5b03efb1cd60b25f879bde58ebb777736fc03ce47f38,5b3a5e3c55badd760d061408cc9603042a39e9a2b24c6f7ce0a2b56c63240f77,,
444,70e09cf1ec31c99b75904b02ac67eadd,9009c28128737f7948fb54beb932f446c0ce27d5cbdefb4938dce83226ac7abd,2026-08-24T23:08:22.626667+00:00,TADP-SEC/14.0,CLIENT_CIPHERTEXT_BINDING,T3_XMK_CKKS_TADP,,,,client_001,,,,,,,,,,,,,,,,,,,,,,,,,,,,,,,,,,,,,,,,CIPHERTEXT_BOUND_TO_SIGNED_UPDATE,,,,,,,,,,,,,,,,,C3_CONFIDENTIAL,3,,,,,,,,,,,,,fc627be910d1d32f3c03dd8e491b6588,,,,,,,,,,,,,,19,VERIFIED,,,,,True,,,,,False,yBWry2xvG2BgJ8ImtrHs+gGrYykT0yHjM6keFp7EsqA=,c54d6415bd8a882410cf2a0e0ad75773d2b95124333e85b2add070ae9695aba8,LVS6iX3xyk+AW89N8K7wd5i2P+GtpUmTpzID/3W7LU4=,62dc47de2d4695b11168139a4733d04d67cedd7f8cbe41eec2463b32e94b3c6f,D+QhpzXgBKjs9JBajd/0MCIqIYoo5vyGVpZEasESKC4=,d2de0eecb364b6ad6dfd68c57fbb2b61edd7f408c047202d5ab95910a24e2627,"T3: xMK submit share (round-level finalize), noise=0.000",reference_python,n=|logq=|scale=|scheme=alg_xmk_ckks,xmk_agg_pk:ff832745a25ad5f0,,,,,,,,,ed8e9fe2b76cd220a69447b1f6559a5251c158058a68248b0280811daaaf877a,,3380e5dc07fdf9e85beb0eed1e827cf6c4d2b613dd2957bd0f866572ab0cec17,audit_trails/artifacts/ciphertext_attestations/T3_XMK_CKKS_TADP_client_001_r19_41c3420ccb2e3229__3380e5dc07fdf9e8.json,,,,,,,,,,,,,,,5b3a5e3c55badd760d061408cc9603042a39e9a2b24c6f7ce0a2b56c63240f77,376b0e58d2b91c7c233b932342490160655626c24b371beb97530d937548d54c,,
445,1712864ecdc71c07069af26ce86e2e34,9009c28128737f7948fb54beb932f446c0ce27d5cbdefb4938dce83226ac7abd,2026-08-24T23:08:30.448600+00:00,TADP-SEC/14.0,CLIENT_ACCEPTED_SUBMISSION,T3_XMK_CKKS_TADP,,,,client_001,,,,,,,,,,,2.3-phase1-fixed-threshold-critical-floor-review-profile,e910eb11d46f5a33a9f6a7d996c6c242f2a4caa089255874076d8ae12155dc94,2e5e1ea61ea1c71b07c235b309bb618daac98643cb3c0843acb266cd6b876512,cd72ec3b4911418e9899eae9aed63fa15aaf66633d0cb863f54d9ac8508d934e,833c0f503995ec3e68f8d11c30f392b1e756db044036faa02ce898eac71d1c91,VALIDATED_EVIDENCE_BUNDLE,,,,,,,,,,,,,,,,,,,,,,,,UPDATE_SUBMITTED_ENFORCED,,False,NOT_REQUIRED_AUTOMATED_POLICY,False,,,,,,,,,,,,,C3_CONFIDENTIAL,3,,,,,,,,6401d449cad49398af2f5e4da9bd6c0fbdde3a2a57f8a422907de7f0354cd145,71adf2c7741ed63f779fe8cebf9b4d1363fd18da1c5a49e39f32ec63cb8262f2,,,2026-08-25T22:32:04.883782+00:00,fc627be910d1d32f3c03dd8e491b6588,,,,,b9cfcf477aea3c6a5f6b297f3b38d3338d087d4d39861525ca9ce39c4a90b4c0,aa48174c8e0e29bba6776347c1c37ec846e8756cd7e8634d1cff06a1b3182fe9,,,2026-08-25T23:06:00.193308+00:00,75d46ecd684a2dc4b6a8e27daff7fed8db3fae5cae653b9ddb3099795df8cd6c,active,,,20,ACCEPTED,ALL_BASELINE_CONTROLS,,,,True,True,True,True,True,False,zWI8VlTwb7bpyZzym5fVG5V6RcIiQP5vYQZ5PjZ3CQo=,95635fb150fc8b3dab6919bd6794e0bb1b54db515fb331da09dc08eee2027ca8,LVS6iX3xyk+AW89N8K7wd5i2P+GtpUmTpzID/3W7LU4=,a8034644587bd22347b5c2445fe77990425bf72d56ecd87d64aea7f25856663b,qbiaXKlR7Zl4LmWqcMOjWx1VzqzzRscI0eDjyPAlN70=,d2de0eecb364b6ad6dfd68c57fbb2b61edd7f408c047202d5ab95910a24e2627,,,,,,,,,,,,,,,,,7b8ad8a705c61ea8a3e81a95f2df2550d4870783148fae2792e79d0a74b98397,audit_trails/artifacts/accepted_runtime_submissions/T3_XMK_CKKS_TADP_client_001_r20_95635fb150fc8b3d__7b8ad8a705c61ea8.json,,,,,,,,,,,,,376b0e58d2b91c7c233b932342490160655626c24b371beb97530d937548d54c,07ad85a76ab892b8f0432bdf63e0a956a8d0affbfb8f00643e8896615f5464f9,,
446,91106643091d0ea439b932ebf8046d06,9009c28128737f7948fb54beb932f446c0ce27d5cbdefb4938dce83226ac7abd,2026-08-24T23:08:30.819379+00:00,TADP-SEC/14.0,CLIENT_CIPHERTEXT_BINDING,T3_XMK_CKKS_TADP,,,,client_001,,,,,,,,,,,,,,,,,,,,,,,,,,,,,,,,,,,,,,,,CIPHERTEXT_BOUND_TO_SIGNED_UPDATE,,,,,,,,,,,,,,,,,C3_CONFIDENTIAL,3,,,,,,,,,,,,,fc627be910d1d32f3c03dd8e491b6588,,,,,,,,,,,,,,20,VERIFIED,,,,,True,,,,,False,zWI8VlTwb7bpyZzym5fVG5V6RcIiQP5vYQZ5PjZ3CQo=,95635fb150fc8b3dab6919bd6794e0bb1b54db515fb331da09dc08eee2027ca8,LVS6iX3xyk+AW89N8K7wd5i2P+GtpUmTpzID/3W7LU4=,a4aabf979f8622cb4cff2b01ab025f26e92f5f0cf9de9730ef9060eed68c48cc,qbiaXKlR7Zl4LmWqcMOjWx1VzqzzRscI0eDjyPAlN70=,d2de0eecb364b6ad6dfd68c57fbb2b61edd7f408c047202d5ab95910a24e2627,"T3: xMK submit share (round-level finalize), noise=0.000",reference_python,n=|logq=|scale=|scheme=alg_xmk_ckks,xmk_agg_pk:ff832745a25ad5f0,,,,,,,,,d1397bcade945c13745d9c61ac6c787ee8dcd874baa945ec48898ecdaf914e4d,,31320642f2467e4fc2c364da7ad419b20b0ef2af6f68136be8049eaa604cdd72,audit_trails/artifacts/ciphertext_attestations/T3_XMK_CKKS_TADP_client_001_r20_9813f6710c768b8e__31320642f2467e4f.json,,,,,,,,,,,,,,,07ad85a76ab892b8f0432bdf63e0a956a8d0affbfb8f00643e8896615f5464f9,18e1b1730de6f1b9e6685e2a746b87fbe132384dd0a8550dc5e703ea6398266f,,
447,ee0b577f70b0ea471b069ebd4991882b,9009c28128737f7948fb54beb932f446c0ce27d5cbdefb4938dce83226ac7abd,2026-08-24T23:08:39.855397+00:00,TADP-SEC/14.0,CLIENT_ACCEPTED_SUBMISSION,T3_XMK_CKKS_TADP,,,,client_001,,,,,,,,,,,2.3-phase1-fixed-threshold-critical-floor-review-profile,e910eb11d46f5a33a9f6a7d996c6c242f2a4caa089255874076d8ae12155dc94,2e5e1ea61ea1c71b07c235b309bb618daac98643cb3c0843acb266cd6b876512,cd72ec3b4911418e9899eae9aed63fa15aaf66633d0cb863f54d9ac8508d934e,833c0f503995ec3e68f8d11c30f392b1e756db044036faa02ce898eac71d1c91,VALIDATED_EVIDENCE_BUNDLE,,,,,,,,,,,,,,,,,,,,,,,,UPDATE_SUBMITTED_ENFORCED,,False,NOT_REQUIRED_AUTOMATED_POLICY,False,,,,,,,,,,,,,C3_CONFIDENTIAL,3,,,,,,,,6401d449cad49398af2f5e4da9bd6c0fbdde3a2a57f8a422907de7f0354cd145,71adf2c7741ed63f779fe8cebf9b4d1363fd18da1c5a49e39f32ec63cb8262f2,,,2026-08-25T22:32:04.883782+00:00,8e80bbe37da2e3ff52849ba43540e736,,,,,f959c28a73b90e49a68b4037ac3c5d7b5cd38083fad4362c4d3c73f79f0c34cd,985dd78cbcd805ea83f40122379fe9b1da9eb41df43ca7cf1e0cb8b590e7ffe7,,,2026-08-25T23:08:37.178710+00:00,75d46ecd684a2dc4b6a8e27daff7fed8db3fae5cae653b9ddb3099795df8cd6c,active,,,1,ACCEPTED,ALL_BASELINE_CONTROLS,,,,True,True,True,True,True,False,RtEKXFvj5XAGtdGkX6ZOnLHv72lqPzX0FJ7c9Q98PoY=,f79421a2e8d9a34dfa79a474d347e837138adf2f8f3f043d3fe0cad15b2fa6d6,LVS6iX3xyk+AW89N8K7wd5i2P+GtpUmTpzID/3W7LU4=,9e60c0a45ed8779f45089f7a23412ef94ec2c04a7c5bfe96ae2927bfb51d495e,53hSeE1MC452bqLUvMLnrgvKo3CLPNZjslJV1SBeLPk=,d2de0eecb364b6ad6dfd68c57fbb2b61edd7f408c047202d5ab95910a24e2627,,,,,,,,,,,,,,,,,3636988b02ed6a0312af7616489ee10d5683c7f46e29c87ace19974ca4c5bda2,audit_trails/artifacts/accepted_runtime_submissions/T3_XMK_CKKS_TADP_client_001_r1_f79421a2e8d9a34d__3636988b02ed6a03.json,,,,,,,,,,,,,18e1b1730de6f1b9e6685e2a746b87fbe132384dd0a8550dc5e703ea6398266f,7ee3654302bc6611f3efc7cf9d231e5a6e9d4dce75f5a2ab9d0e3ca82c44c0ac,,
448,d4778962ba1b0f695ee3aacb7ec2722c,9009c28128737f7948fb54beb932f446c0ce27d5cbdefb4938dce83226ac7abd,2026-08-24T23:08:40.361433+00:00,TADP-SEC/14.0,CLIENT_CIPHERTEXT_BINDING,T3_XMK_CKKS_TADP,,,,client_001,,,,,,,,,,,,,,,,,,,,,,,,,,,,,,,,,,,,,,,,CIPHERTEXT_BOUND_TO_SIGNED_UPDATE,,,,,,,,,,,,,,,,,C3_CONFIDENTIAL,3,,,,,,,,,,,,,8e80bbe37da2e3ff52849ba43540e736,,,,,,,,,,,,,,1,VERIFIED,,,,,True,,,,,False,RtEKXFvj5XAGtdGkX6ZOnLHv72lqPzX0FJ7c9Q98PoY=,f79421a2e8d9a34dfa79a474d347e837138adf2f8f3f043d3fe0cad15b2fa6d6,LVS6iX3xyk+AW89N8K7wd5i2P+GtpUmTpzID/3W7LU4=,9583bf718cacd4f5da2bbb3a4c87d371e31c0bdb4b81a9b156b84eb6e020ebe8,53hSeE1MC452bqLUvMLnrgvKo3CLPNZjslJV1SBeLPk=,d2de0eecb364b6ad6dfd68c57fbb2b61edd7f408c047202d5ab95910a24e2627,"T3: xMK submit share (round-level finalize), noise=0.000",reference_python,n=|logq=|scale=|scheme=alg_xmk_ckks,xmk_agg_pk:ff832745a25ad5f0,,,,,,,,,8b747ae311c530984f8f407bb23a3ba2f29f7fdca18e1d6bb107f35f5d3147f5,,aea57eecd9aaabea1f6f4f5f70a14700a227d472df879c269138738620610aba,audit_trails/artifacts/ciphertext_attestations/T3_XMK_CKKS_TADP_client_001_r1_6dc5e86d381e9324__aea57eecd9aaabea.json,,,,,,,,,,,,,,,7ee3654302bc6611f3efc7cf9d231e5a6e9d4dce75f5a2ab9d0e3ca82c44c0ac,6d199c291ca397aff0fb0f56f4c37b06b28262fd0579fd773f74f27607c8f3ca,,H7QY1pD2KVTOK2lZ9EoCOin5lcXk8Ij50sfZ52mCva1C8uJRwK1EV4pTnEmSgtVFgoRqQT4KoMp1VLhfG5bwe6TDPofn86JaQHQcr6+iVSqUZSTi0Of15ga+RmySzSUGzVcl1qoq3XE+W4xXFGEFXLT32pPf5MLhEdaSqUDHVYyfffigFH1vsuoOfNhvj2dWesHltdgyA5ntBEgizrX4dU3pHxkzcsrhlP4MFEL3pLI7zoOpn2mLQz4iWrIfVg9sa5pbrVo6108FHDw5+OQzl+ZkWdFk8eP7EIUI4Y7HcbOUBj2S52ShZ4tKJVRphqxsXx/jCVTb4BxSaxQ1exikaLElf909nKYGV1x+0stOffIoq/hX5XP7ji6LMIq+BFBUl0KHAxzjrcjt0GRKPjwLPNj1FwD9voezIZzQCurBY5qjOhtxW+hsNwE024//n752+WKCHzYff2GSO06GiIyJdXjOiklHGBYOlSWuhnwgYxUfrX3ut+ME9fB9RxVzAn3j
449,aed74909c5b735fccfd50ae6bb57b86a,9009c28128737f7948fb54beb932f446c0ce27d5cbdefb4938dce83226ac7abd,2026-08-24T23:08:47.784971+00:00,TADP-SEC/14.0,CLIENT_ACCEPTED_SUBMISSION,T3_XMK_CKKS_TADP,,,,client_001,,,,,,,,,,,2.3-phase1-fixed-threshold-critical-floor-review-profile,e910eb11d46f5a33a9f6a7d996c6c242f2a4caa089255874076d8ae12155dc94,2e5e1ea61ea1c71b07c235b309bb618daac98643cb3c0843acb266cd6b876512,cd72ec3b4911418e9899eae9aed63fa15aaf66633d0cb863f54d9ac8508d934e,833c0f503995ec3e68f8d11c30f392b1e756db044036faa02ce898eac71d1c91,VALIDATED_EVIDENCE_BUNDLE,,,,,,,,,,,,,,,,,,,,,,,,UPDATE_SUBMITTED_ENFORCED,,False,NOT_REQUIRED_AUTOMATED_POLICY,False,,,,,,,,,,,,,C3_CONFIDENTIAL,3,,,,,,,,6401d449cad49398af2f5e4da9bd6c0fbdde3a2a57f8a422907de7f0354cd145,71adf2c7741ed63f779fe8cebf9b4d1363fd18da1c5a49e39f32ec63cb8262f2,,,2026-08-25T22:32:04.883782+00:00,8e80bbe37da2e3ff52849ba43540e736,,,,,f959c28a73b90e49a68b4037ac3c5d7b5cd38083fad4362c4d3c73f79f0c34cd,985dd78cbcd805ea83f40122379fe9b1da9eb41df43ca7cf1e0cb8b590e7ffe7,,,2026-08-25T23:08:37.178710+00:00,75d46ecd684a2dc4b6a8e27daff7fed8db3fae5cae653b9ddb3099795df8cd6c,active,,,2,ACCEPTED,ALL_BASELINE_CONTROLS,,,,True,True,True,True,True,False,bOt2YfQ/RptdJoFhzMq022Yv9b8DMQ3Z5Cq0+m6Mc7w=,8a979bb3aa435a852b9fe313dc13a5326ecf0b4c02f30311368e4483ace95f08,LVS6iX3xyk+AW89N8K7wd5i2P+GtpUmTpzID/3W7LU4=,ec250fcf2e75d472e8b27b762cbe7ff51ed97d09bfda11f74a2e596753c0c917,SZIgudHCUuub11HroapZy9J7ny1gGvAc4AQIEULN3k0=,d2de0eecb364b6ad6dfd68c57fbb2b61edd7f408c047202d5ab95910a24e2627,,,,,,,,,,,,,,,,,5d7230603a4af540bfbc275dca1e671900e7d9ab6be4a877ad73da59ef45c500,audit_trails/artifacts/accepted_runtime_submissions/T3_XMK_CKKS_TADP_client_001_r2_8a979bb3aa435a85__5d7230603a4af540.json,,,,,,,,,,,,,6d199c291ca397aff0fb0f56f4c37b06b28262fd0579fd773f74f27607c8f3ca,e862adbb87ecad6b1df95f9042cfd7a62b8875a91bc3cc6646606db1e8b4e37e,,
450,a6fe416ae67f7e66482c2471b670c70b,9009c28128737f7948fb54beb932f446c0ce27d5cbdefb4938dce83226ac7abd,2026-08-24T23:08:48.156969+00:00,TADP-SEC/14.0,CLIENT_CIPHERTEXT_BINDING,T3_XMK_CKKS_TADP,,,,client_001,,,,,,,,,,,,,,,,,,,,,,,,,,,,,,,,,,,,,,,,CIPHERTEXT_BOUND_TO_SIGNED_UPDATE,,,,,,,,,,,,,,,,,C3_CONFIDENTIAL,3,,,,,,,,,,,,,8e80bbe37da2e3ff52849ba43540e736,,,,,,,,,,,,,,2,VERIFIED,,,,,True,,,,,False,bOt2YfQ/RptdJoFhzMq022Yv9b8DMQ3Z5Cq0+m6Mc7w=,8a979bb3aa435a852b9fe313dc13a5326ecf0b4c02f30311368e4483ace95f08,LVS6iX3xyk+AW89N8K7wd5i2P+GtpUmTpzID/3W7LU4=,720ffe15f24bffcc79102c415f62e68ef2a30a702d02168147270cbe7062fd87,SZIgudHCUuub11HroapZy9J7ny1gGvAc4AQIEULN3k0=,d2de0eecb364b6ad6dfd68c57fbb2b61edd7f408c047202d5ab95910a24e2627,"T3: xMK submit share (round-level finalize), noise=0.000",reference_python,n=|logq=|scale=|scheme=alg_xmk_ckks,xmk_agg_pk:ff832745a25ad5f0,,,,,,,,,257057e799a22754ee89d242d6fc92bcfce3786d58d308ae32dd94dbf974fb78,,dcb0b292938f95817567668ca3e6fce83d9d7e194c74b563c05e5cc431109dae,audit_trails/artifacts/ciphertext_attestations/T3_XMK_CKKS_TADP_client_001_r2_a9dbb8bc38206661__dcb0b292938f9581.json,,,,,,,,,,,,,,,e862adbb87ecad6b1df95f9042cfd7a62b8875a91bc3cc6646606db1e8b4e37e,1bec12b7bbd7d28d60756db0c819740f1d75040038e34e52a35c8438784835fc,,
451,13ab5d01cc0122fd1afc87a3e0ca94be,9009c28128737f7948fb54beb932f446c0ce27d5cbdefb4938dce83226ac7abd,2026-08-24T23:08:55.866645+00:00,TADP-SEC/14.0,CLIENT_ACCEPTED_SUBMISSION,T3_XMK_CKKS_TADP,,,,client_001,,,,,,,,,,,2.3-phase1-fixed-threshold-critical-floor-review-profile,e910eb11d46f5a33a9f6a7d996c6c242f2a4caa089255874076d8ae12155dc94,2e5e1ea61ea1c71b07c235b309bb618daac98643cb3c0843acb266cd6b876512,cd72ec3b4911418e9899eae9aed63fa15aaf66633d0cb863f54d9ac8508d934e,833c0f503995ec3e68f8d11c30f392b1e756db044036faa02ce898eac71d1c91,VALIDATED_EVIDENCE_BUNDLE,,,,,,,,,,,,,,,,,,,,,,,,UPDATE_SUBMITTED_ENFORCED,,False,NOT_REQUIRED_AUTOMATED_POLICY,False,,,,,,,,,,,,,C3_CONFIDENTIAL,3,,,,,,,,6401d449cad49398af2f5e4da9bd6c0fbdde3a2a57f8a422907de7f0354cd145,71adf2c7741ed63f779fe8cebf9b4d1363fd18da1c5a49e39f32ec63cb8262f2,,,2026-08-25T22:32:04.883782+00:00,8e80bbe37da2e3ff52849ba43540e736,,,,,f959c28a73b90e49a68b4037ac3c5d7b5cd38083fad4362c4d3c73f79f0c34cd,985dd78cbcd805ea83f40122379fe9b1da9eb41df43ca7cf1e0cb8b590e7ffe7,,,2026-08-25T23:08:37.178710+00:00,75d46ecd684a2dc4b6a8e27daff7fed8db3fae5cae653b9ddb3099795df8cd6c,active,,,3,ACCEPTED,ALL_BASELINE_CONTROLS,,,,True,True,True,True,True,False,3N0tVlL+u6hzJhfqU3nWpVIOFzfnFNaeJH0+G6Ix4qc=,29540dbe7815985a5b159cf85f60f62d119f4741770d0d474912ebd9a970e475,LVS6iX3xyk+AW89N8K7wd5i2P+GtpUmTpzID/3W7LU4=,6a2d955e3151aa11e8d765d03d6ff70a4ef9bcb084c20056fe55459630029605,qycz9MHx8ocANUD+44TfFbunvf4nXeWJvpYhIXrPms0=,d2de0eecb364b6ad6dfd68c57fbb2b61edd7f408c047202d5ab95910a24e2627,,,,,,,,,,,,,,,,,aed92b389f484f93d11f313c8e4b14591f4558e76c3308b4ed5e2cc16cb1a83a,audit_trails/artifacts/accepted_runtime_submissions/T3_XMK_CKKS_TADP_client_001_r3_29540dbe7815985a__aed92b389f484f93.json,,,,,,,,,,,,,1bec12b7bbd7d28d60756db0c819740f1d75040038e34e52a35c8438784835fc,451e4dcd5dc63d64aa84a99c66977bb1050de960c7245dbec45699b19dad111a,,
452,cd5fb78bbfb7904a8bb680fdade95035,9009c28128737f7948fb54beb932f446c0ce27d5cbdefb4938dce83226ac7abd,2026-08-24T23:08:56.382842+00:00,TADP-SEC/14.0,CLIENT_CIPHERTEXT_BINDING,T3_XMK_CKKS_TADP,,,,client_001,,,,,,,,,,,,,,,,,,,,,,,,,,,,,,,,,,,,,,,,CIPHERTEXT_BOUND_TO_SIGNED_UPDATE,,,,,,,,,,,,,,,,,C3_CONFIDENTIAL,3,,,,,,,,,,,,,8e80bbe37da2e3ff52849ba43540e736,,,,,,,,,,,,,,3,VERIFIED,,,,,True,,,,,False,3N0tVlL+u6hzJhfqU3nWpVIOFzfnFNaeJH0+G6Ix4qc=,29540dbe7815985a5b159cf85f60f62d119f4741770d0d474912ebd9a970e475,LVS6iX3xyk+AW89N8K7wd5i2P+GtpUmTpzID/3W7LU4=,b0376ca50a0b3cba61cae2e4a0da6ff8da9d3e336f69b8f6b3ed81a38516493b,qycz9MHx8ocANUD+44TfFbunvf4nXeWJvpYhIXrPms0=,d2de0eecb364b6ad6dfd68c57fbb2b61edd7f408c047202d5ab95910a24e2627,"T3: xMK submit share (round-level finalize), noise=0.000",reference_python,n=|logq=|scale=|scheme=alg_xmk_ckks,xmk_agg_pk:ff832745a25ad5f0,,,,,,,,,a8d76d0e389580e4fdafbcb20c6435a09eecdf810696faad885862dd4aa0c180,,e30ae8786239d3ece5a7afb6a61406a633037ca831ce2002eb7961994a390cfb,audit_trails/artifacts/ciphertext_attestations/T3_XMK_CKKS_TADP_client_001_r3_70e2cf72752c157b__e30ae8786239d3ec.json,,,,,,,,,,,,,,,451e4dcd5dc63d64aa84a99c66977bb1050de960c7245dbec45699b19dad111a,34b8c835c63384a0b5726bbd0811dbd71292ecbf094f8afc031f59069161fcdf,,
453,0c85ffc6ee626d9d16fb7040bdefface,9009c28128737f7948fb54beb932f446c0ce27d5cbdefb4938dce83226ac7abd,2026-08-24T23:09:03.214894+00:00,TADP-SEC/14.0,CLIENT_ACCEPTED_SUBMISSION,T3_XMK_CKKS_TADP,,,,client_001,,,,,,,,,,,2.3-phase1-fixed-threshold-critical-floor-review-profile,e910eb11d46f5a33a9f6a7d996c6c242f2a4caa089255874076d8ae12155dc94,2e5e1ea61ea1c71b07c235b309bb618daac98643cb3c0843acb266cd6b876512,cd72ec3b4911418e9899eae9aed63fa15aaf66633d0cb863f54d9ac8508d934e,833c0f503995ec3e68f8d11c30f392b1e756db044036faa02ce898eac71d1c91,VALIDATED_EVIDENCE_BUNDLE,,,,,,,,,,,,,,,,,,,,,,,,UPDATE_SUBMITTED_ENFORCED,,False,NOT_REQUIRED_AUTOMATED_POLICY,False,,,,,,,,,,,,,C3_CONFIDENTIAL,3,,,,,,,,6401d449cad49398af2f5e4da9bd6c0fbdde3a2a57f8a422907de7f0354cd145,71adf2c7741ed63f779fe8cebf9b4d1363fd18da1c5a49e39f32ec63cb8262f2,,,2026-08-25T22:32:04.883782+00:00,8e80bbe37da2e3ff52849ba43540e736,,,,,f959c28a73b90e49a68b4037ac3c5d7b5cd38083fad4362c4d3c73f79f0c34cd,985dd78cbcd805ea83f40122379fe9b1da9eb41df43ca7cf1e0cb8b590e7ffe7,,,2026-08-25T23:08:37.178710+00:00,75d46ecd684a2dc4b6a8e27daff7fed8db3fae5cae653b9ddb3099795df8cd6c,active,,,4,ACCEPTED,ALL_BASELINE_CONTROLS,,,,True,True,True,True,True,False,aGHU4BOpt7Nq+pFiW6HUF16btZLKQjL4cwIMAjIvfkk=,68a4937533f76837cfa510e7ea635a7dafc738deb6af12ba503d3e21f177b749,LVS6iX3xyk+AW89N8K7wd5i2P+GtpUmTpzID/3W7LU4=,312fb24c33299ef477ca8103bf499163732589b786b96f7a2efb4ac9859a8bc8,DENLUvxmgjgQp+ruEoTb8LfQqVSqrIRQPIil7Q6cY4k=,d2de0eecb364b6ad6dfd68c57fbb2b61edd7f408c047202d5ab95910a24e2627,,,,,,,,,,,,,,,,,23f62d5befbd45c688f0605d15765668a5571f79b13d7ab8607a868c3296d0d7,audit_trails/artifacts/accepted_runtime_submissions/T3_XMK_CKKS_TADP_client_001_r4_68a4937533f76837__23f62d5befbd45c6.json,,,,,,,,,,,,,34b8c835c63384a0b5726bbd0811dbd71292ecbf094f8afc031f59069161fcdf,c13ff8d838486f317445fdd6c25730f8e682cfd38ec202920bf12e1944a3fa97,,
454,aa80e6e986715771594443a4f97c9c6a,9009c28128737f7948fb54beb932f446c0ce27d5cbdefb4938dce83226ac7abd,2026-08-24T23:09:03.580325+00:00,TADP-SEC/14.0,CLIENT_CIPHERTEXT_BINDING,T3_XMK_CKKS_TADP,,,,client_001,,,,,,,,,,,,,,,,,,,,,,,,,,,,,,,,,,,,,,,,CIPHERTEXT_BOUND_TO_SIGNED_UPDATE,,,,,,,,,,,,,,,,,C3_CONFIDENTIAL,3,,,,,,,,,,,,,8e80bbe37da2e3ff52849ba43540e736,,,,,,,,,,,,,,4,VERIFIED,,,,,True,,,,,False,aGHU4BOpt7Nq+pFiW6HUF16btZLKQjL4cwIMAjIvfkk=,68a4937533f76837cfa510e7ea635a7dafc738deb6af12ba503d3e21f177b749,LVS6iX3xyk+AW89N8K7wd5i2P+GtpUmTpzID/3W7LU4=,39cddebfb652d6615981e34159d716812a28e55def02ba0fc1374a1a06a849a3,DENLUvxmgjgQp+ruEoTb8LfQqVSqrIRQPIil7Q6cY4k=,d2de0eecb364b6ad6dfd68c57fbb2b61edd7f408c047202d5ab95910a24e2627,"T3: xMK submit share (round-level finalize), noise=0.000",reference_python,n=|logq=|scale=|scheme=alg_xmk_ckks,xmk_agg_pk:ff832745a25ad5f0,,,,,,,,,31c20837a4a031b019610415fdb4cc5bc6bc6c631934a2703dac961f0f51ecd9,,f91b1a58676f730e2a38a08340bc606236722094a2503dab074b6c63e61ce379,audit_trails/artifacts/ciphertext_attestations/T3_XMK_CKKS_TADP_client_001_r4_95c2bebe442ed4eb__f91b1a58676f730e.json,,,,,,,,,,,,,,,c13ff8d838486f317445fdd6c25730f8e682cfd38ec202920bf12e1944a3fa97,2b38aad4d8281f7b7895bf220683c8679578b5528cc2a50211f08bacdbdf42be,,
455,4a4b27d58013cbbd60c803e85cae9ca5,9009c28128737f7948fb54beb932f446c0ce27d5cbdefb4938dce83226ac7abd,2026-08-24T23:09:11.436207+00:00,TADP-SEC/14.0,CLIENT_ACCEPTED_SUBMISSION,T3_XMK_CKKS_TADP,,,,client_001,,,,,,,,,,,2.3-phase1-fixed-threshold-critical-floor-review-profile,e910eb11d46f5a33a9f6a7d996c6c242f2a4caa089255874076d8ae12155dc94,2e5e1ea61ea1c71b07c235b309bb618daac98643cb3c0843acb266cd6b876512,cd72ec3b4911418e9899eae9aed63fa15aaf66633d0cb863f54d9ac8508d934e,833c0f503995ec3e68f8d11c30f392b1e756db044036faa02ce898eac71d1c91,VALIDATED_EVIDENCE_BUNDLE,,,,,,,,,,,,,,,,,,,,,,,,UPDATE_SUBMITTED_ENFORCED,,False,NOT_REQUIRED_AUTOMATED_POLICY,False,,,,,,,,,,,,,C3_CONFIDENTIAL,3,,,,,,,,6401d449cad49398af2f5e4da9bd6c0fbdde3a2a57f8a422907de7f0354cd145,71adf2c7741ed63f779fe8cebf9b4d1363fd18da1c5a49e39f32ec63cb8262f2,,,2026-08-25T22:32:04.883782+00:00,8e80bbe37da2e3ff52849ba43540e736,,,,,f959c28a73b90e49a68b4037ac3c5d7b5cd38083fad4362c4d3c73f79f0c34cd,985dd78cbcd805ea83f40122379fe9b1da9eb41df43ca7cf1e0cb8b590e7ffe7,,,2026-08-25T23:08:37.178710+00:00,75d46ecd684a2dc4b6a8e27daff7fed8db3fae5cae653b9ddb3099795df8cd6c,active,,,5,ACCEPTED,ALL_BASELINE_CONTROLS,,,,True,True,True,True,True,False,rD3uMLzljPlcNJe/SQmoPeUQMdjYjYVFSpUTXoW9vCg=,fde13260643419a5f18b62490d8b1ef42da34aed1e8b69b4f2e9e5ffc0c9c024,LVS6iX3xyk+AW89N8K7wd5i2P+GtpUmTpzID/3W7LU4=,745d2af1d8b8ec8600f5bd62ecd4de929b489aaffb538006eb673780544a1be6,33LXRPkK7nZogDI8Kh6NcLTPNONM5yl2noKlYX0AC4w=,d2de0eecb364b6ad6dfd68c57fbb2b61edd7f408c047202d5ab95910a24e2627,,,,,,,,,,,,,,,,,f88cfd64ec510cbd080f83ada9b59eb7421d358b6d856cc54255ff59ec818f00,audit_trails/artifacts/accepted_runtime_submissions/T3_XMK_CKKS_TADP_client_001_r5_fde13260643419a5__f88cfd64ec510cbd.json,,,,,,,,,,,,,2b38aad4d8281f7b7895bf220683c8679578b5528cc2a50211f08bacdbdf42be,1b8db0213ebf1b5e50c6f2c5faedbcd4634f13d22f18f7504b12d55ca3838260,,
456,8d8517a46a2162627c95a7299b7d0bf6,9009c28128737f7948fb54beb932f446c0ce27d5cbdefb4938dce83226ac7abd,2026-08-24T23:09:11.812091+00:00,TADP-SEC/14.0,CLIENT_CIPHERTEXT_BINDING,T3_XMK_CKKS_TADP,,,,client_001,,,,,,,,,,,,,,,,,,,,,,,,,,,,,,,,,,,,,,,,CIPHERTEXT_BOUND_TO_SIGNED_UPDATE,,,,,,,,,,,,,,,,,C3_CONFIDENTIAL,3,,,,,,,,,,,,,8e80bbe37da2e3ff52849ba43540e736,,,,,,,,,,,,,,5,VERIFIED,,,,,True,,,,,False,rD3uMLzljPlcNJe/SQmoPeUQMdjYjYVFSpUTXoW9vCg=,fde13260643419a5f18b62490d8b1ef42da34aed1e8b69b4f2e9e5ffc0c9c024,LVS6iX3xyk+AW89N8K7wd5i2P+GtpUmTpzID/3W7LU4=,c9d13d546164c42c50491459af2836abf99d3904615b07c5e8411616fbd1be9a,33LXRPkK7nZogDI8Kh6NcLTPNONM5yl2noKlYX0AC4w=,d2de0eecb364b6ad6dfd68c57fbb2b61edd7f408c047202d5ab95910a24e2627,"T3: xMK submit share (round-level finalize), noise=0.000",reference_python,n=|logq=|scale=|scheme=alg_xmk_ckks,xmk_agg_pk:ff832745a25ad5f0,,,,,,,,,9bb52be71687b3b3d176adf8415829f99ef8d46283ed4533feb2d97859fce4d9,,5363ec42ab5c2aa6edd07c1b0ac6f8f0c804022fa12590f102a071bfdf14f167,audit_trails/artifacts/ciphertext_attestations/T3_XMK_CKKS_TADP_client_001_r5_a5aa20d346265b0e__5363ec42ab5c2aa6.json,,,,,,,,,,,,,,,1b8db0213ebf1b5e50c6f2c5faedbcd4634f13d22f18f7504b12d55ca3838260,1b278702440b7f03a5356d6c5314dc579866446b5e51c137f6a2978d18dc180e,,
457,8030f98f2c6ced4b392bb2012d4d0f2a,9009c28128737f7948fb54beb932f446c0ce27d5cbdefb4938dce83226ac7abd,2026-08-24T23:09:18.720267+00:00,TADP-SEC/14.0,CLIENT_ACCEPTED_SUBMISSION,T3_XMK_CKKS_TADP,,,,client_001,,,,,,,,,,,2.3-phase1-fixed-threshold-critical-floor-review-profile,e910eb11d46f5a33a9f6a7d996c6c242f2a4caa089255874076d8ae12155dc94,2e5e1ea61ea1c71b07c235b309bb618daac98643cb3c0843acb266cd6b876512,cd72ec3b4911418e9899eae9aed63fa15aaf66633d0cb863f54d9ac8508d934e,833c0f503995ec3e68f8d11c30f392b1e756db044036faa02ce898eac71d1c91,VALIDATED_EVIDENCE_BUNDLE,,,,,,,,,,,,,,,,,,,,,,,,UPDATE_SUBMITTED_ENFORCED,,False,NOT_REQUIRED_AUTOMATED_POLICY,False,,,,,,,,,,,,,C3_CONFIDENTIAL,3,,,,,,,,6401d449cad49398af2f5e4da9bd6c0fbdde3a2a57f8a422907de7f0354cd145,71adf2c7741ed63f779fe8cebf9b4d1363fd18da1c5a49e39f32ec63cb8262f2,,,2026-08-25T22:32:04.883782+00:00,8e80bbe37da2e3ff52849ba43540e736,,,,,f959c28a73b90e49a68b4037ac3c5d7b5cd38083fad4362c4d3c73f79f0c34cd,985dd78cbcd805ea83f40122379fe9b1da9eb41df43ca7cf1e0cb8b590e7ffe7,,,2026-08-25T23:08:37.178710+00:00,75d46ecd684a2dc4b6a8e27daff7fed8db3fae5cae653b9ddb3099795df8cd6c,active,,,6,ACCEPTED,ALL_BASELINE_CONTROLS,,,,True,True,True,True,True,False,u14JqvoLYsL7DuTk9Sc6UAELoU0UPZSKzNrBNc46784=,a2e0d3d999106af565604501f3013a2ca30610dad2a4f7dbe047e35e68a19348,LVS6iX3xyk+AW89N8K7wd5i2P+GtpUmTpzID/3W7LU4=,da0491b27e3a8a18a192a42c5eadd8879cc2a51e8865e7131e5744a4567cb59c,eVlMr1JDIpPPqC0ybaj2PwscRh4DTPqJIdnmsELcf8o=,d2de0eecb364b6ad6dfd68c57fbb2b61edd7f408c047202d5ab95910a24e2627,,,,,,,,,,,,,,,,,d39e730c120530143dafd3a8190891cafd3494ed64a0877afea90c0425c92fec,audit_trails/artifacts/accepted_runtime_submissions/T3_XMK_CKKS_TADP_client_001_r6_a2e0d3d999106af5__d39e730c12053014.json,,,,,,,,,,,,,1b278702440b7f03a5356d6c5314dc579866446b5e51c137f6a2978d18dc180e,42bed8d3b0f7de3deb22d64fb405526ca65f3335031e1c7740899b517e429497,,
458,84d024b0c5c602264e155e14fd99eec5,9009c28128737f7948fb54beb932f446c0ce27d5cbdefb4938dce83226ac7abd,2026-08-24T23:09:19.072031+00:00,TADP-SEC/14.0,CLIENT_CIPHERTEXT_BINDING,T3_XMK_CKKS_TADP,,,,client_001,,,,,,,,,,,,,,,,,,,,,,,,,,,,,,,,,,,,,,,,CIPHERTEXT_BOUND_TO_SIGNED_UPDATE,,,,,,,,,,,,,,,,,C3_CONFIDENTIAL,3,,,,,,,,,,,,,8e80bbe37da2e3ff52849ba43540e736,,,,,,,,,,,,,,6,VERIFIED,,,,,True,,,,,False,u14JqvoLYsL7DuTk9Sc6UAELoU0UPZSKzNrBNc46784=,a2e0d3d999106af565604501f3013a2ca30610dad2a4f7dbe047e35e68a19348,LVS6iX3xyk+AW89N8K7wd5i2P+GtpUmTpzID/3W7LU4=,ded26150c83263478d2a01496b1b6eea86f20b55ae7c95ecd42fb37e984a296d,eVlMr1JDIpPPqC0ybaj2PwscRh4DTPqJIdnmsELcf8o=,d2de0eecb364b6ad6dfd68c57fbb2b61edd7f408c047202d5ab95910a24e2627,"T3: xMK submit share (round-level finalize), noise=0.000",reference_python,n=|logq=|scale=|scheme=alg_xmk_ckks,xmk_agg_pk:ff832745a25ad5f0,,,,,,,,,d8b5ae9833aeec56385ce87701cf723eec1246b40ddceb9b78000f27411ea2ea,,d4298ce765d8e00dfb928934088d454411e624d381b6710d563277d2e97cded2,audit_trails/artifacts/ciphertext_attestations/T3_XMK_CKKS_TADP_client_001_r6_2984fea7ac4e00e9__d4298ce765d8e00d.json,,,,,,,,,,,,,,,42bed8d3b0f7de3deb22d64fb405526ca65f3335031e1c7740899b517e429497,410201bc22db954d9916d0baa19d18dd9bbbf6d81332b99aa8925a927a018018,,
459,a260163198963ae086b017784ca07ef0,9009c28128737f7948fb54beb932f446c0ce27d5cbdefb4938dce83226ac7abd,2026-08-24T23:09:26.856612+00:00,TADP-SEC/14.0,CLIENT_ACCEPTED_SUBMISSION,T3_XMK_CKKS_TADP,,,,client_001,,,,,,,,,,,2.3-phase1-fixed-threshold-critical-floor-review-profile,e910eb11d46f5a33a9f6a7d996c6c242f2a4caa089255874076d8ae12155dc94,2e5e1ea61ea1c71b07c235b309bb618daac98643cb3c0843acb266cd6b876512,cd72ec3b4911418e9899eae9aed63fa15aaf66633d0cb863f54d9ac8508d934e,833c0f503995ec3e68f8d11c30f392b1e756db044036faa02ce898eac71d1c91,VALIDATED_EVIDENCE_BUNDLE,,,,,,,,,,,,,,,,,,,,,,,,UPDATE_SUBMITTED_ENFORCED,,False,NOT_REQUIRED_AUTOMATED_POLICY,False,,,,,,,,,,,,,C3_CONFIDENTIAL,3,,,,,,,,6401d449cad49398af2f5e4da9bd6c0fbdde3a2a57f8a422907de7f0354cd145,71adf2c7741ed63f779fe8cebf9b4d1363fd18da1c5a49e39f32ec63cb8262f2,,,2026-08-25T22:32:04.883782+00:00,8e80bbe37da2e3ff52849ba43540e736,,,,,f959c28a73b90e49a68b4037ac3c5d7b5cd38083fad4362c4d3c73f79f0c34cd,985dd78cbcd805ea83f40122379fe9b1da9eb41df43ca7cf1e0cb8b590e7ffe7,,,2026-08-25T23:08:37.178710+00:00,75d46ecd684a2dc4b6a8e27daff7fed8db3fae5cae653b9ddb3099795df8cd6c,active,,,7,ACCEPTED,ALL_BASELINE_CONTROLS,,,,True,True,True,True,True,False,gGsDD8PPc2I6sXH04z44aAiflXDTCqkML5eOu134XRI=,45f68674e98de32fc5634e6f8aec92c8a97ddb37d9bf7c51945ba211139572cb,LVS6iX3xyk+AW89N8K7wd5i2P+GtpUmTpzID/3W7LU4=,f2f975f879b9f065cda1036fb20220976627617348c97366787c1bfab86da57e,dYMBtdmsMd2YReesLDAUOF+91P0kT8AzTBRgXGJu32Q=,d2de0eecb364b6ad6dfd68c57fbb2b61edd7f408c047202d5ab95910a24e2627,,,,,,,,,,,,,,,,,0f95064c182069592920e6cbc070d6372e8380e5c1c229da4d751b6695ffdeff,audit_trails/artifacts/accepted_runtime_submissions/T3_XMK_CKKS_TADP_client_001_r7_45f68674e98de32f__0f95064c18206959.json,,,,,,,,,,,,,410201bc22db954d9916d0baa19d18dd9bbbf6d81332b99aa8925a927a018018,4796e30b7c1ddbcae865d546d616caf134ee35ad9228d5fe1f24f17f41509fe1,,
460,b7c6fa0f3f57becbbf7c6ef5035e2477,9009c28128737f7948fb54beb932f446c0ce27d5cbdefb4938dce83226ac7abd,2026-08-24T23:09:27.199019+00:00,TADP-SEC/14.0,CLIENT_CIPHERTEXT_BINDING,T3_XMK_CKKS_TADP,,,,client_001,,,,,,,,,,,,,,,,,,,,,,,,,,,,,,,,,,,,,,,,CIPHERTEXT_BOUND_TO_SIGNED_UPDATE,,,,,,,,,,,,,,,,,C3_CONFIDENTIAL,3,,,,,,,,,,,,,8e80bbe37da2e3ff52849ba43540e736,,,,,,,,,,,,,,7,VERIFIED,,,,,True,,,,,False,gGsDD8PPc2I6sXH04z44aAiflXDTCqkML5eOu134XRI=,45f68674e98de32fc5634e6f8aec92c8a97ddb37d9bf7c51945ba211139572cb,LVS6iX3xyk+AW89N8K7wd5i2P+GtpUmTpzID/3W7LU4=,7d8459a5bf6598d90bc876513e11bf42118e2407b15c8d5acb5a1a3ed07c9b12,dYMBtdmsMd2YReesLDAUOF+91P0kT8AzTBRgXGJu32Q=,d2de0eecb364b6ad6dfd68c57fbb2b61edd7f408c047202d5ab95910a24e2627,"T3: xMK submit share (round-level finalize), noise=0.000",reference_python,n=|logq=|scale=|scheme=alg_xmk_ckks,xmk_agg_pk:ff832745a25ad5f0,,,,,,,,,62bb92bd0d91e6f38d64d5c66f422e5efd9d1633e5c701bcbc20e5701f4167cf,,c41c9bb6bb7df7d7ddcf067abc226cee4e02419f442787052ac3a40415674441,audit_trails/artifacts/ciphertext_attestations/T3_XMK_CKKS_TADP_client_001_r7_cf5ceb931c5d619f__c41c9bb6bb7df7d7.json,,,,,,,,,,,,,,,4796e30b7c1ddbcae865d546d616caf134ee35ad9228d5fe1f24f17f41509fe1,191b7e591ab33aa217f62650dd2559d6e2c96bbfbcd46be7a25a6dcdbf135344,,
461,f52bfcb86423cc3390bfe9f5a1055b2f,9009c28128737f7948fb54beb932f446c0ce27d5cbdefb4938dce83226ac7abd,2026-08-24T23:09:33.993675+00:00,TADP-SEC/14.0,CLIENT_ACCEPTED_SUBMISSION,T3_XMK_CKKS_TADP,,,,client_001,,,,,,,,,,,2.3-phase1-fixed-threshold-critical-floor-review-profile,e910eb11d46f5a33a9f6a7d996c6c242f2a4caa089255874076d8ae12155dc94,2e5e1ea61ea1c71b07c235b309bb618daac98643cb3c0843acb266cd6b876512,cd72ec3b4911418e9899eae9aed63fa15aaf66633d0cb863f54d9ac8508d934e,833c0f503995ec3e68f8d11c30f392b1e756db044036faa02ce898eac71d1c91,VALIDATED_EVIDENCE_BUNDLE,,,,,,,,,,,,,,,,,,,,,,,,UPDATE_SUBMITTED_ENFORCED,,False,NOT_REQUIRED_AUTOMATED_POLICY,False,,,,,,,,,,,,,C3_CONFIDENTIAL,3,,,,,,,,6401d449cad49398af2f5e4da9bd6c0fbdde3a2a57f8a422907de7f0354cd145,71adf2c7741ed63f779fe8cebf9b4d1363fd18da1c5a49e39f32ec63cb8262f2,,,2026-08-25T22:32:04.883782+00:00,8e80bbe37da2e3ff52849ba43540e736,,,,,f959c28a73b90e49a68b4037ac3c5d7b5cd38083fad4362c4d3c73f79f0c34cd,985dd78cbcd805ea83f40122379fe9b1da9eb41df43ca7cf1e0cb8b590e7ffe7,,,2026-08-25T23:08:37.178710+00:00,75d46ecd684a2dc4b6a8e27daff7fed8db3fae5cae653b9ddb3099795df8cd6c,active,,,8,ACCEPTED,ALL_BASELINE_CONTROLS,,,,True,True,True,True,True,False,nhI9yzDBINfZLNJz/mPOY8zSyTixO19ui04fqheykzM=,e4ac278633ec2bcecf7454b4f0fa1ef7572cb491d910809df10cb3f0a070b874,LVS6iX3xyk+AW89N8K7wd5i2P+GtpUmTpzID/3W7LU4=,8a48b787639d0317da6782e0949618a1ea8615fd664056fb7f02e3265ecb1d15,Hm68HqAMJPp4jLO6BNn14v7DctKpI8z4gONxm9Jxquc=,d2de0eecb364b6ad6dfd68c57fbb2b61edd7f408c047202d5ab95910a24e2627,,,,,,,,,,,,,,,,,4b1dff00f53bd079e9cb520fdbe08a345017c446b7f5e944ec771ab5b7822f8f,audit_trails/artifacts/accepted_runtime_submissions/T3_XMK_CKKS_TADP_client_001_r8_e4ac278633ec2bce__4b1dff00f53bd079.json,,,,,,,,,,,,,191b7e591ab33aa217f62650dd2559d6e2c96bbfbcd46be7a25a6dcdbf135344,33bfe6684060b51717c8e69bd8dd0d3ae909ddd8432c7489248437677752ffa2,,
462,7bfb50857a7ca6345f265b954ceb474c,9009c28128737f7948fb54beb932f446c0ce27d5cbdefb4938dce83226ac7abd,2026-08-24T23:09:34.477086+00:00,TADP-SEC/14.0,CLIENT_CIPHERTEXT_BINDING,T3_XMK_CKKS_TADP,,,,client_001,,,,,,,,,,,,,,,,,,,,,,,,,,,,,,,,,,,,,,,,CIPHERTEXT_BOUND_TO_SIGNED_UPDATE,,,,,,,,,,,,,,,,,C3_CONFIDENTIAL,3,,,,,,,,,,,,,8e80bbe37da2e3ff52849ba43540e736,,,,,,,,,,,,,,8,VERIFIED,,,,,True,,,,,False,nhI9yzDBINfZLNJz/mPOY8zSyTixO19ui04fqheykzM=,e4ac278633ec2bcecf7454b4f0fa1ef7572cb491d910809df10cb3f0a070b874,LVS6iX3xyk+AW89N8K7wd5i2P+GtpUmTpzID/3W7LU4=,7bc61a27bcb333f6f1a5f6a92eb787589314ff0c58bd8f07b07ef0b6113577dd,Hm68HqAMJPp4jLO6BNn14v7DctKpI8z4gONxm9Jxquc=,d2de0eecb364b6ad6dfd68c57fbb2b61edd7f408c047202d5ab95910a24e2627,"T3: xMK submit share (round-level finalize), noise=0.000",reference_python,n=|logq=|scale=|scheme=alg_xmk_ckks,xmk_agg_pk:ff832745a25ad5f0,,,,,,,,,c0b72786350f804192e2467f52fbb05c72dc23b1abe0703e2ee8cc93f4facd0a,,673cca1a1f69e7d1b45409f94c56e7eb20384713124efce2d8a00c429b2dcfcd,audit_trails/artifacts/ciphertext_attestations/T3_XMK_CKKS_TADP_client_001_r8_8891bc060f66781a__673cca1a1f69e7d1.json,,,,,,,,,,,,,,,33bfe6684060b51717c8e69bd8dd0d3ae909ddd8432c7489248437677752ffa2,b830c3bc0c7abc00e6197c63b56451a78a949f30eaaf40f488f96c2d1bfa12b6,,
463,3e94d21aa4c3ff4e417084de1724b51d,9009c28128737f7948fb54beb932f446c0ce27d5cbdefb4938dce83226ac7abd,2026-08-24T23:09:41.958063+00:00,TADP-SEC/14.0,CLIENT_ACCEPTED_SUBMISSION,T3_XMK_CKKS_TADP,,,,client_001,,,,,,,,,,,2.3-phase1-fixed-threshold-critical-floor-review-profile,e910eb11d46f5a33a9f6a7d996c6c242f2a4caa089255874076d8ae12155dc94,2e5e1ea61ea1c71b07c235b309bb618daac98643cb3c0843acb266cd6b876512,cd72ec3b4911418e9899eae9aed63fa15aaf66633d0cb863f54d9ac8508d934e,833c0f503995ec3e68f8d11c30f392b1e756db044036faa02ce898eac71d1c91,VALIDATED_EVIDENCE_BUNDLE,,,,,,,,,,,,,,,,,,,,,,,,UPDATE_SUBMITTED_ENFORCED,,False,NOT_REQUIRED_AUTOMATED_POLICY,False,,,,,,,,,,,,,C3_CONFIDENTIAL,3,,,,,,,,6401d449cad49398af2f5e4da9bd6c0fbdde3a2a57f8a422907de7f0354cd145,71adf2c7741ed63f779fe8cebf9b4d1363fd18da1c5a49e39f32ec63cb8262f2,,,2026-08-25T22:32:04.883782+00:00,8e80bbe37da2e3ff52849ba43540e736,,,,,f959c28a73b90e49a68b4037ac3c5d7b5cd38083fad4362c4d3c73f79f0c34cd,985dd78cbcd805ea83f40122379fe9b1da9eb41df43ca7cf1e0cb8b590e7ffe7,,,2026-08-25T23:08:37.178710+00:00,75d46ecd684a2dc4b6a8e27daff7fed8db3fae5cae653b9ddb3099795df8cd6c,active,,,9,ACCEPTED,ALL_BASELINE_CONTROLS,,,,True,True,True,True,True,False,JctWjd+yj7VoR5M73RazJ4bgQh1M9Ig9JJN1LtClha0=,c0defa232d0086b856d0d46fd201692aa5e5f045a33820fca307f6d4e2a3eb79,LVS6iX3xyk+AW89N8K7wd5i2P+GtpUmTpzID/3W7LU4=,97eb5788f40a005e7ac02492545bf03bcd82ca3e36c9da84725d72c89de54370,79sqkG7JkRImFqh6CLr3yXq6XjUBEuVv4xrcST/JFVQ=,d2de0eecb364b6ad6dfd68c57fbb2b61edd7f408c047202d5ab95910a24e2627,,,,,,,,,,,,,,,,,b2a750943d00894304788d6dabc5863dad478369f3bfd6d18f334ae1ecf1a889,audit_trails/artifacts/accepted_runtime_submissions/T3_XMK_CKKS_TADP_client_001_r9_c0defa232d0086b8__b2a750943d008943.json,,,,,,,,,,,,,b830c3bc0c7abc00e6197c63b56451a78a949f30eaaf40f488f96c2d1bfa12b6,2bf0388f1049477da109554d8d7b1078464570fd3d1f61047d9c92ebb9c4798e,,
464,683dcabadd3d7e9460095771e14bcf29,9009c28128737f7948fb54beb932f446c0ce27d5cbdefb4938dce83226ac7abd,2026-08-24T23:09:42.300520+00:00,TADP-SEC/14.0,CLIENT_CIPHERTEXT_BINDING,T3_XMK_CKKS_TADP,,,,client_001,,,,,,,,,,,,,,,,,,,,,,,,,,,,,,,,,,,,,,,,CIPHERTEXT_BOUND_TO_SIGNED_UPDATE,,,,,,,,,,,,,,,,,C3_CONFIDENTIAL,3,,,,,,,,,,,,,8e80bbe37da2e3ff52849ba43540e736,,,,,,,,,,,,,,9,VERIFIED,,,,,True,,,,,False,JctWjd+yj7VoR5M73RazJ4bgQh1M9Ig9JJN1LtClha0=,c0defa232d0086b856d0d46fd201692aa5e5f045a33820fca307f6d4e2a3eb79,LVS6iX3xyk+AW89N8K7wd5i2P+GtpUmTpzID/3W7LU4=,72f4c0d5054aeb8fe64a9350f2199bf84d50c40d14d74060c1d2b9b8960b2cfc,79sqkG7JkRImFqh6CLr3yXq6XjUBEuVv4xrcST/JFVQ=,d2de0eecb364b6ad6dfd68c57fbb2b61edd7f408c047202d5ab95910a24e2627,"T3: xMK submit share (round-level finalize), noise=0.000",reference_python,n=|logq=|scale=|scheme=alg_xmk_ckks,xmk_agg_pk:ff832745a25ad5f0,,,,,,,,,aa2ed17d652aa8897e4755fdfc20e459c75e975b4b5e8ad709689d7bdf0dd72c,,196bc9cc9d695e94b0e8cdb475ff17f84355511ab51fbe6805dd476c689b5f4d,audit_trails/artifacts/ciphertext_attestations/T3_XMK_CKKS_TADP_client_001_r9_095d8dbba263de40__196bc9cc9d695e94.json,,,,,,,,,,,,,,,2bf0388f1049477da109554d8d7b1078464570fd3d1f61047d9c92ebb9c4798e,207fda74dd2b1dac02f0ff353438b23d31e78f4b74610ac2f89e433d64712f0e,,
465,568c6e487fc120c3436c34dc176a20c6,9009c28128737f7948fb54beb932f446c0ce27d5cbdefb4938dce83226ac7abd,2026-08-24T23:09:49.995590+00:00,TADP-SEC/14.0,CLIENT_ACCEPTED_SUBMISSION,T3_XMK_CKKS_TADP,,,,client_001,,,,,,,,,,,2.3-phase1-fixed-threshold-critical-floor-review-profile,e910eb11d46f5a33a9f6a7d996c6c242f2a4caa089255874076d8ae12155dc94,2e5e1ea61ea1c71b07c235b309bb618daac98643cb3c0843acb266cd6b876512,cd72ec3b4911418e9899eae9aed63fa15aaf66633d0cb863f54d9ac8508d934e,833c0f503995ec3e68f8d11c30f392b1e756db044036faa02ce898eac71d1c91,VALIDATED_EVIDENCE_BUNDLE,,,,,,,,,,,,,,,,,,,,,,,,UPDATE_SUBMITTED_ENFORCED,,False,NOT_REQUIRED_AUTOMATED_POLICY,False,,,,,,,,,,,,,C3_CONFIDENTIAL,3,,,,,,,,6401d449cad49398af2f5e4da9bd6c0fbdde3a2a57f8a422907de7f0354cd145,71adf2c7741ed63f779fe8cebf9b4d1363fd18da1c5a49e39f32ec63cb8262f2,,,2026-08-25T22:32:04.883782+00:00,8e80bbe37da2e3ff52849ba43540e736,,,,,f959c28a73b90e49a68b4037ac3c5d7b5cd38083fad4362c4d3c73f79f0c34cd,985dd78cbcd805ea83f40122379fe9b1da9eb41df43ca7cf1e0cb8b590e7ffe7,,,2026-08-25T23:08:37.178710+00:00,75d46ecd684a2dc4b6a8e27daff7fed8db3fae5cae653b9ddb3099795df8cd6c,active,,,10,ACCEPTED,ALL_BASELINE_CONTROLS,,,,True,True,True,True,True,False,tqTXvynW5kNw+OTzBAHXxlDGsdFdLwQHQ/sUCU13NzI=,3deb699d5d0c6867a3fcce5734bba963cc893c8fc401adb0c41d4763bab1d30c,LVS6iX3xyk+AW89N8K7wd5i2P+GtpUmTpzID/3W7LU4=,4ea2695e34430d9c0b30bea3d8419fcc1958c9a6e1c76b22b25e682f358e54fb,DGCp9MJwO5a6rFPBD0BRSREi8uhT+8l0qrRNhlI8oh8=,d2de0eecb364b6ad6dfd68c57fbb2b61edd7f408c047202d5ab95910a24e2627,,,,,,,,,,,,,,,,,bdaa5e16b8ecd5b59e2b06a963660bbf0765b647c791c997804780de023554a1,audit_trails/artifacts/accepted_runtime_submissions/T3_XMK_CKKS_TADP_client_001_r10_3deb699d5d0c6867__bdaa5e16b8ecd5b5.json,,,,,,,,,,,,,207fda74dd2b1dac02f0ff353438b23d31e78f4b74610ac2f89e433d64712f0e,02bff0856a215328d7f356b932739ccae1a48693e82d29b2380fc68cbe559a40,,
466,5882c6a2fc3edec6f9eb08e42c0fec85,9009c28128737f7948fb54beb932f446c0ce27d5cbdefb4938dce83226ac7abd,2026-08-24T23:09:50.492778+00:00,TADP-SEC/14.0,CLIENT_CIPHERTEXT_BINDING,T3_XMK_CKKS_TADP,,,,client_001,,,,,,,,,,,,,,,,,,,,,,,,,,,,,,,,,,,,,,,,CIPHERTEXT_BOUND_TO_SIGNED_UPDATE,,,,,,,,,,,,,,,,,C3_CONFIDENTIAL,3,,,,,,,,,,,,,8e80bbe37da2e3ff52849ba43540e736,,,,,,,,,,,,,,10,VERIFIED,,,,,True,,,,,False,tqTXvynW5kNw+OTzBAHXxlDGsdFdLwQHQ/sUCU13NzI=,3deb699d5d0c6867a3fcce5734bba963cc893c8fc401adb0c41d4763bab1d30c,LVS6iX3xyk+AW89N8K7wd5i2P+GtpUmTpzID/3W7LU4=,901e9c429f208c245d565456555d8a452b1d563db3ffb1cea8e83e947b37be3c,DGCp9MJwO5a6rFPBD0BRSREi8uhT+8l0qrRNhlI8oh8=,d2de0eecb364b6ad6dfd68c57fbb2b61edd7f408c047202d5ab95910a24e2627,"T3: xMK submit share (round-level finalize), noise=0.000",reference_python,n=|logq=|scale=|scheme=alg_xmk_ckks,xmk_agg_pk:ff832745a25ad5f0,,,,,,,,,56e9c93882ff5298ed44277cb55996c5ad50b0770aa6d15a5c77b97d3fc4bd23,,5b65432eb56e3039f7efc3a23034fc878ca8fb9e4753332adbe0f296abaeccb7,audit_trails/artifacts/ciphertext_attestations/T3_XMK_CKKS_TADP_client_001_r10_5f5a589371dc2ede__5b65432eb56e3039.json,,,,,,,,,,,,,,,02bff0856a215328d7f356b932739ccae1a48693e82d29b2380fc68cbe559a40,002d31b45b0a1a188f16c396cf9092f4a0a12c57aedee9de46f4542c79294998,,
467,0031a8d5dcf5ab81da7c948ec59e43dc,9009c28128737f7948fb54beb932f446c0ce27d5cbdefb4938dce83226ac7abd,2026-08-24T23:09:57.288931+00:00,TADP-SEC/14.0,CLIENT_ACCEPTED_SUBMISSION,T3_XMK_CKKS_TADP,,,,client_001,,,,,,,,,,,2.3-phase1-fixed-threshold-critical-floor-review-profile,e910eb11d46f5a33a9f6a7d996c6c242f2a4caa089255874076d8ae12155dc94,2e5e1ea61ea1c71b07c235b309bb618daac98643cb3c0843acb266cd6b876512,cd72ec3b4911418e9899eae9aed63fa15aaf66633d0cb863f54d9ac8508d934e,833c0f503995ec3e68f8d11c30f392b1e756db044036faa02ce898eac71d1c91,VALIDATED_EVIDENCE_BUNDLE,,,,,,,,,,,,,,,,,,,,,,,,UPDATE_SUBMITTED_ENFORCED,,False,NOT_REQUIRED_AUTOMATED_POLICY,False,,,,,,,,,,,,,C3_CONFIDENTIAL,3,,,,,,,,6401d449cad49398af2f5e4da9bd6c0fbdde3a2a57f8a422907de7f0354cd145,71adf2c7741ed63f779fe8cebf9b4d1363fd18da1c5a49e39f32ec63cb8262f2,,,2026-08-25T22:32:04.883782+00:00,8e80bbe37da2e3ff52849ba43540e736,,,,,f959c28a73b90e49a68b4037ac3c5d7b5cd38083fad4362c4d3c73f79f0c34cd,985dd78cbcd805ea83f40122379fe9b1da9eb41df43ca7cf1e0cb8b590e7ffe7,,,2026-08-25T23:08:37.178710+00:00,75d46ecd684a2dc4b6a8e27daff7fed8db3fae5cae653b9ddb3099795df8cd6c,active,,,11,ACCEPTED,ALL_BASELINE_CONTROLS,,,,True,True,True,True,True,False,K1KdIGm/9+zkYqz55dtFKd6/Q3RyBEGvxAsp54JdQEM=,e0a5ed2bc04f8a22a18400558ddce8aff8b66810b74892943b3f0994d6cb513c,LVS6iX3xyk+AW89N8K7wd5i2P+GtpUmTpzID/3W7LU4=,7540e5f72bac4d9f5512645ba688ca2b67cf774a3753877bf559ddbde80b03f1,ch0lfkLMB2LHiyybqrR1x6o1dDqZRUq2/egOHDFKiTA=,d2de0eecb364b6ad6dfd68c57fbb2b61edd7f408c047202d5ab95910a24e2627,,,,,,,,,,,,,,,,,88b3584f3cc6e98af892dd4999a526a3d436671a83a5f4a0ccc0d9c81d8ee60f,audit_trails/artifacts/accepted_runtime_submissions/T3_XMK_CKKS_TADP_client_001_r11_e0a5ed2bc04f8a22__88b3584f3cc6e98a.json,,,,,,,,,,,,,002d31b45b0a1a188f16c396cf9092f4a0a12c57aedee9de46f4542c79294998,cc066f302e4f87d0bb84d587dde63fdc5f51354a8a57510a4bc56624cfbd3a56,,
468,59095e0812e54cbe2b30711dcf360527,9009c28128737f7948fb54beb932f446c0ce27d5cbdefb4938dce83226ac7abd,2026-08-24T23:09:57.652561+00:00,TADP-SEC/14.0,CLIENT_CIPHERTEXT_BINDING,T3_XMK_CKKS_TADP,,,,client_001,,,,,,,,,,,,,,,,,,,,,,,,,,,,,,,,,,,,,,,,CIPHERTEXT_BOUND_TO_SIGNED_UPDATE,,,,,,,,,,,,,,,,,C3_CONFIDENTIAL,3,,,,,,,,,,,,,8e80bbe37da2e3ff52849ba43540e736,,,,,,,,,,,,,,11,VERIFIED,,,,,True,,,,,False,K1KdIGm/9+zkYqz55dtFKd6/Q3RyBEGvxAsp54JdQEM=,e0a5ed2bc04f8a22a18400558ddce8aff8b66810b74892943b3f0994d6cb513c,LVS6iX3xyk+AW89N8K7wd5i2P+GtpUmTpzID/3W7LU4=,2ca9b5c7681519f3da736014020364c98230005053cce9ab5ec7d993bcef3cbc,ch0lfkLMB2LHiyybqrR1x6o1dDqZRUq2/egOHDFKiTA=,d2de0eecb364b6ad6dfd68c57fbb2b61edd7f408c047202d5ab95910a24e2627,"T3: xMK submit share (round-level finalize), noise=0.000",reference_python,n=|logq=|scale=|scheme=alg_xmk_ckks,xmk_agg_pk:ff832745a25ad5f0,,,,,,,,,09611d53cf9db998effd168c3bd6774cc39db2532d3621766096ba828c604b4f,,91ea102880d3b318388991829752664450968ef3f36853a2b30c5c55ad6b49d6,audit_trails/artifacts/ciphertext_attestations/T3_XMK_CKKS_TADP_client_001_r11_dc7bf18276e85f1d__91ea102880d3b318.json,,,,,,,,,,,,,,,cc066f302e4f87d0bb84d587dde63fdc5f51354a8a57510a4bc56624cfbd3a56,95938e7ae9bf820295a654bc5e45d950fac06eaf05feaa0118b871e7aed504bb,,
469,4672f4190aefcc6bdf3b27fd8fa82de0,9009c28128737f7948fb54beb932f446c0ce27d5cbdefb4938dce83226ac7abd,2026-08-24T23:10:05.505760+00:00,TADP-SEC/14.0,CLIENT_ACCEPTED_SUBMISSION,T3_XMK_CKKS_TADP,,,,client_001,,,,,,,,,,,2.3-phase1-fixed-threshold-critical-floor-review-profile,e910eb11d46f5a33a9f6a7d996c6c242f2a4caa089255874076d8ae12155dc94,2e5e1ea61ea1c71b07c235b309bb618daac98643cb3c0843acb266cd6b876512,cd72ec3b4911418e9899eae9aed63fa15aaf66633d0cb863f54d9ac8508d934e,833c0f503995ec3e68f8d11c30f392b1e756db044036faa02ce898eac71d1c91,VALIDATED_EVIDENCE_BUNDLE,,,,,,,,,,,,,,,,,,,,,,,,UPDATE_SUBMITTED_ENFORCED,,False,NOT_REQUIRED_AUTOMATED_POLICY,False,,,,,,,,,,,,,C3_CONFIDENTIAL,3,,,,,,,,6401d449cad49398af2f5e4da9bd6c0fbdde3a2a57f8a422907de7f0354cd145,71adf2c7741ed63f779fe8cebf9b4d1363fd18da1c5a49e39f32ec63cb8262f2,,,2026-08-25T22:32:04.883782+00:00,8e80bbe37da2e3ff52849ba43540e736,,,,,f959c28a73b90e49a68b4037ac3c5d7b5cd38083fad4362c4d3c73f79f0c34cd,985dd78cbcd805ea83f40122379fe9b1da9eb41df43ca7cf1e0cb8b590e7ffe7,,,2026-08-25T23:08:37.178710+00:00,75d46ecd684a2dc4b6a8e27daff7fed8db3fae5cae653b9ddb3099795df8cd6c,active,,,12,ACCEPTED,ALL_BASELINE_CONTROLS,,,,True,True,True,True,True,False,SyF+QrC06gmOggXBId9nsBdbkmiyj/VeywOACD2FVHI=,4b45ea1b76e01fbd23f8ae24070f26ac30ec6bb2437213ddcbdceb0c3b669b29,LVS6iX3xyk+AW89N8K7wd5i2P+GtpUmTpzID/3W7LU4=,71385d85a9945b1a8ee2a38356e9fd53f2009d8bee4d00d8037b0aea74402152,5duii/ls0QeDrxeaW2KhgjtFAKfZjEpYnkaY9H8ToNg=,d2de0eecb364b6ad6dfd68c57fbb2b61edd7f408c047202d5ab95910a24e2627,,,,,,,,,,,,,,,,,5730830dc386b46cd62b6ef5d5195d94f73c7259061acc13836832af7353dd43,audit_trails/artifacts/accepted_runtime_submissions/T3_XMK_CKKS_TADP_client_001_r12_4b45ea1b76e01fbd__5730830dc386b46c.json,,,,,,,,,,,,,95938e7ae9bf820295a654bc5e45d950fac06eaf05feaa0118b871e7aed504bb,e853f3c1d63b5ed076c16bd5136fa4706ef5465bb00fc0c4fa5750afb6665508,,
470,9dcb1ecc3c20c3560d3f3f047e24bbdb,9009c28128737f7948fb54beb932f446c0ce27d5cbdefb4938dce83226ac7abd,2026-08-24T23:10:05.853599+00:00,TADP-SEC/14.0,CLIENT_CIPHERTEXT_BINDING,T3_XMK_CKKS_TADP,,,,client_001,,,,,,,,,,,,,,,,,,,,,,,,,,,,,,,,,,,,,,,,CIPHERTEXT_BOUND_TO_SIGNED_UPDATE,,,,,,,,,,,,,,,,,C3_CONFIDENTIAL,3,,,,,,,,,,,,,8e80bbe37da2e3ff52849ba43540e736,,,,,,,,,,,,,,12,VERIFIED,,,,,True,,,,,False,SyF+QrC06gmOggXBId9nsBdbkmiyj/VeywOACD2FVHI=,4b45ea1b76e01fbd23f8ae24070f26ac30ec6bb2437213ddcbdceb0c3b669b29,LVS6iX3xyk+AW89N8K7wd5i2P+GtpUmTpzID/3W7LU4=,a436449ded949e6b6117a5ff68676b87c0ba4404c592cfbb4f573710a6cb256c,5duii/ls0QeDrxeaW2KhgjtFAKfZjEpYnkaY9H8ToNg=,d2de0eecb364b6ad6dfd68c57fbb2b61edd7f408c047202d5ab95910a24e2627,"T3: xMK submit share (round-level finalize), noise=0.000",reference_python,n=|logq=|scale=|scheme=alg_xmk_ckks,xmk_agg_pk:ff832745a25ad5f0,,,,,,,,,c003e74caf19c9236c478b4d67785a876e38507e8fa15ee7350f1ea051c96fe8,,14673ec411b1978ddcc83df450eef3085251a1c0a5bf604201af0b542340f365,audit_trails/artifacts/ciphertext_attestations/T3_XMK_CKKS_TADP_client_001_r12_f2361baa356cc5dc__14673ec411b1978d.json,,,,,,,,,,,,,,,e853f3c1d63b5ed076c16bd5136fa4706ef5465bb00fc0c4fa5750afb6665508,f87dcaba7e240ebbce700b83a4553fae88914243e0fb1d84acc0a268665c4941,,
471,3ab4339005bc2cf95a9984380d36de5c,9009c28128737f7948fb54beb932f446c0ce27d5cbdefb4938dce83226ac7abd,2026-08-24T23:10:12.746588+00:00,TADP-SEC/14.0,CLIENT_ACCEPTED_SUBMISSION,T3_XMK_CKKS_TADP,,,,client_001,,,,,,,,,,,2.3-phase1-fixed-threshold-critical-floor-review-profile,e910eb11d46f5a33a9f6a7d996c6c242f2a4caa089255874076d8ae12155dc94,2e5e1ea61ea1c71b07c235b309bb618daac98643cb3c0843acb266cd6b876512,cd72ec3b4911418e9899eae9aed63fa15aaf66633d0cb863f54d9ac8508d934e,833c0f503995ec3e68f8d11c30f392b1e756db044036faa02ce898eac71d1c91,VALIDATED_EVIDENCE_BUNDLE,,,,,,,,,,,,,,,,,,,,,,,,UPDATE_SUBMITTED_ENFORCED,,False,NOT_REQUIRED_AUTOMATED_POLICY,False,,,,,,,,,,,,,C3_CONFIDENTIAL,3,,,,,,,,6401d449cad49398af2f5e4da9bd6c0fbdde3a2a57f8a422907de7f0354cd145,71adf2c7741ed63f779fe8cebf9b4d1363fd18da1c5a49e39f32ec63cb8262f2,,,2026-08-25T22:32:04.883782+00:00,8e80bbe37da2e3ff52849ba43540e736,,,,,f959c28a73b90e49a68b4037ac3c5d7b5cd38083fad4362c4d3c73f79f0c34cd,985dd78cbcd805ea83f40122379fe9b1da9eb41df43ca7cf1e0cb8b590e7ffe7,,,2026-08-25T23:08:37.178710+00:00,75d46ecd684a2dc4b6a8e27daff7fed8db3fae5cae653b9ddb3099795df8cd6c,active,,,13,ACCEPTED,ALL_BASELINE_CONTROLS,,,,True,True,True,True,True,False,eJNzWnLi/pmRIFx9RjOTP4kK+UrulOaISe2kPRhS9DY=,7d8a3a50666a0eb00f68ede43afd404e2a1c4906ce3dbf4d44cfb1c6273a2383,LVS6iX3xyk+AW89N8K7wd5i2P+GtpUmTpzID/3W7LU4=,d919e5b01d04a73b5fe6ab3a20cee64fc7858c9bb7fd461018f60ce02fc73341,oSkv1Zwj23NF1vGnAxFErKPZD+fLonC4BFL6mLtdiN4=,d2de0eecb364b6ad6dfd68c57fbb2b61edd7f408c047202d5ab95910a24e2627,,,,,,,,,,,,,,,,,8ebe410f0eb96a8bead0319378aef8265e78c08432ee0466ae236891848fe5a5,audit_trails/artifacts/accepted_runtime_submissions/T3_XMK_CKKS_TADP_client_001_r13_7d8a3a50666a0eb0__8ebe410f0eb96a8b.json,,,,,,,,,,,,,f87dcaba7e240ebbce700b83a4553fae88914243e0fb1d84acc0a268665c4941,5576064cd243b85b0fcfbd83c244c6bc84579bb8ddcf5de0eec690b8b1e7632e,,
472,9edebee7abbe0f0025986360568a2f1f,9009c28128737f7948fb54beb932f446c0ce27d5cbdefb4938dce83226ac7abd,2026-08-24T23:10:13.093269+00:00,TADP-SEC/14.0,CLIENT_CIPHERTEXT_BINDING,T3_XMK_CKKS_TADP,,,,client_001,,,,,,,,,,,,,,,,,,,,,,,,,,,,,,,,,,,,,,,,CIPHERTEXT_BOUND_TO_SIGNED_UPDATE,,,,,,,,,,,,,,,,,C3_CONFIDENTIAL,3,,,,,,,,,,,,,8e80bbe37da2e3ff52849ba43540e736,,,,,,,,,,,,,,13,VERIFIED,,,,,True,,,,,False,eJNzWnLi/pmRIFx9RjOTP4kK+UrulOaISe2kPRhS9DY=,7d8a3a50666a0eb00f68ede43afd404e2a1c4906ce3dbf4d44cfb1c6273a2383,LVS6iX3xyk+AW89N8K7wd5i2P+GtpUmTpzID/3W7LU4=,6dc367dd86cff8a094d1d93b42d96429ad0ca31c4c4909ad14cf003c6261680c,oSkv1Zwj23NF1vGnAxFErKPZD+fLonC4BFL6mLtdiN4=,d2de0eecb364b6ad6dfd68c57fbb2b61edd7f408c047202d5ab95910a24e2627,"T3: xMK submit share (round-level finalize), noise=0.000",reference_python,n=|logq=|scale=|scheme=alg_xmk_ckks,xmk_agg_pk:ff832745a25ad5f0,,,,,,,,,3036afd7e0b180e073837cbca7484b7220aa8512f04f3737d559231f5fe51946,,b7b38057d60f795b320b521cb2a8ceb4c325b1b581b0abdeedf8d0b75b11d677,audit_trails/artifacts/ciphertext_attestations/T3_XMK_CKKS_TADP_client_001_r13_c693ff1cc901c1f7__b7b38057d60f795b.json,,,,,,,,,,,,,,,5576064cd243b85b0fcfbd83c244c6bc84579bb8ddcf5de0eec690b8b1e7632e,69d3b0e96dd3035b4170517c2985c5627acc22c30f2d6c224fdc06b55e0f1b89,,
473,b2e530da8e94b9e7b179b92f898a2c8f,9009c28128737f7948fb54beb932f446c0ce27d5cbdefb4938dce83226ac7abd,2026-08-24T23:10:20.780564+00:00,TADP-SEC/14.0,CLIENT_ACCEPTED_SUBMISSION,T3_XMK_CKKS_TADP,,,,client_001,,,,,,,,,,,2.3-phase1-fixed-threshold-critical-floor-review-profile,e910eb11d46f5a33a9f6a7d996c6c242f2a4caa089255874076d8ae12155dc94,2e5e1ea61ea1c71b07c235b309bb618daac98643cb3c0843acb266cd6b876512,cd72ec3b4911418e9899eae9aed63fa15aaf66633d0cb863f54d9ac8508d934e,833c0f503995ec3e68f8d11c30f392b1e756db044036faa02ce898eac71d1c91,VALIDATED_EVIDENCE_BUNDLE,,,,,,,,,,,,,,,,,,,,,,,,UPDATE_SUBMITTED_ENFORCED,,False,NOT_REQUIRED_AUTOMATED_POLICY,False,,,,,,,,,,,,,C3_CONFIDENTIAL,3,,,,,,,,6401d449cad49398af2f5e4da9bd6c0fbdde3a2a57f8a422907de7f0354cd145,71adf2c7741ed63f779fe8cebf9b4d1363fd18da1c5a49e39f32ec63cb8262f2,,,2026-08-25T22:32:04.883782+00:00,8e80bbe37da2e3ff52849ba43540e736,,,,,f959c28a73b90e49a68b4037ac3c5d7b5cd38083fad4362c4d3c73f79f0c34cd,985dd78cbcd805ea83f40122379fe9b1da9eb41df43ca7cf1e0cb8b590e7ffe7,,,2026-08-25T23:08:37.178710+00:00,75d46ecd684a2dc4b6a8e27daff7fed8db3fae5cae653b9ddb3099795df8cd6c,active,,,14,ACCEPTED,ALL_BASELINE_CONTROLS,,,,True,True,True,True,True,False,RIw6/790jKJuJUPeUZh18Ge0Ik068+nFo7dBKGuOWXg=,177bb117c70c50ebea1bb2789b2a0994880218e5773b7bfb12187c371d076e9d,LVS6iX3xyk+AW89N8K7wd5i2P+GtpUmTpzID/3W7LU4=,8d89b7ec2e3e622d961faf4f6ede85f0029f7ec0458e934cabe3a8dc5c71a390,DI1DocOOUtMXh3Dh+Z4/CiZGqMA6EPKE6S+R23atkZM=,d2de0eecb364b6ad6dfd68c57fbb2b61edd7f408c047202d5ab95910a24e2627,,,,,,,,,,,,,,,,,fbf0aedf5ae54eb747eb82e37cbf6a8395c4adb649192e926171aad1a7ea32b3,audit_trails/artifacts/accepted_runtime_submissions/T3_XMK_CKKS_TADP_client_001_r14_177bb117c70c50eb__fbf0aedf5ae54eb7.json,,,,,,,,,,,,,69d3b0e96dd3035b4170517c2985c5627acc22c30f2d6c224fdc06b55e0f1b89,bc1dfe41496321fb0415cd9ca258bda798a82713b68f859abb16fe10166537a8,,
474,44834df215a4dcb7ca79935e4def90e3,9009c28128737f7948fb54beb932f446c0ce27d5cbdefb4938dce83226ac7abd,2026-08-24T23:10:21.133788+00:00,TADP-SEC/14.0,CLIENT_CIPHERTEXT_BINDING,T3_XMK_CKKS_TADP,,,,client_001,,,,,,,,,,,,,,,,,,,,,,,,,,,,,,,,,,,,,,,,CIPHERTEXT_BOUND_TO_SIGNED_UPDATE,,,,,,,,,,,,,,,,,C3_CONFIDENTIAL,3,,,,,,,,,,,,,8e80bbe37da2e3ff52849ba43540e736,,,,,,,,,,,,,,14,VERIFIED,,,,,True,,,,,False,RIw6/790jKJuJUPeUZh18Ge0Ik068+nFo7dBKGuOWXg=,177bb117c70c50ebea1bb2789b2a0994880218e5773b7bfb12187c371d076e9d,LVS6iX3xyk+AW89N8K7wd5i2P+GtpUmTpzID/3W7LU4=,e2a9b6c923b49156aa1b93ed00e95438e25dd5d6fe58600c2e4e6c6571041e00,DI1DocOOUtMXh3Dh+Z4/CiZGqMA6EPKE6S+R23atkZM=,d2de0eecb364b6ad6dfd68c57fbb2b61edd7f408c047202d5ab95910a24e2627,"T3: xMK submit share (round-level finalize), noise=0.000",reference_python,n=|logq=|scale=|scheme=alg_xmk_ckks,xmk_agg_pk:ff832745a25ad5f0,,,,,,,,,c80a55a20e011d3af07d7e2d09681ecfdf88471b6e42b7607520a557dbeb8a20,,d502fe8ca71bf23b23e467c42edf5641790612ac27de2407cdda49686a1f7131,audit_trails/artifacts/ciphertext_attestations/T3_XMK_CKKS_TADP_client_001_r14_359bae7511f6bff5__d502fe8ca71bf23b.json,,,,,,,,,,,,,,,bc1dfe41496321fb0415cd9ca258bda798a82713b68f859abb16fe10166537a8,cadedf648c75cc769adb9bd6dad90e38cb7eca2a7f04c9937e774aab8b92452b,,
475,f6428d8457487f8fc8a3f33d7e79cb21,9009c28128737f7948fb54beb932f446c0ce27d5cbdefb4938dce83226ac7abd,2026-08-24T23:10:27.797783+00:00,TADP-SEC/14.0,CLIENT_ACCEPTED_SUBMISSION,T3_XMK_CKKS_TADP,,,,client_001,,,,,,,,,,,2.3-phase1-fixed-threshold-critical-floor-review-profile,e910eb11d46f5a33a9f6a7d996c6c242f2a4caa089255874076d8ae12155dc94,2e5e1ea61ea1c71b07c235b309bb618daac98643cb3c0843acb266cd6b876512,cd72ec3b4911418e9899eae9aed63fa15aaf66633d0cb863f54d9ac8508d934e,833c0f503995ec3e68f8d11c30f392b1e756db044036faa02ce898eac71d1c91,VALIDATED_EVIDENCE_BUNDLE,,,,,,,,,,,,,,,,,,,,,,,,UPDATE_SUBMITTED_ENFORCED,,False,NOT_REQUIRED_AUTOMATED_POLICY,False,,,,,,,,,,,,,C3_CONFIDENTIAL,3,,,,,,,,6401d449cad49398af2f5e4da9bd6c0fbdde3a2a57f8a422907de7f0354cd145,71adf2c7741ed63f779fe8cebf9b4d1363fd18da1c5a49e39f32ec63cb8262f2,,,2026-08-25T22:32:04.883782+00:00,8e80bbe37da2e3ff52849ba43540e736,,,,,f959c28a73b90e49a68b4037ac3c5d7b5cd38083fad4362c4d3c73f79f0c34cd,985dd78cbcd805ea83f40122379fe9b1da9eb41df43ca7cf1e0cb8b590e7ffe7,,,2026-08-25T23:08:37.178710+00:00,75d46ecd684a2dc4b6a8e27daff7fed8db3fae5cae653b9ddb3099795df8cd6c,active,,,15,ACCEPTED,ALL_BASELINE_CONTROLS,,,,True,True,True,True,True,False,lhZ5GJzFcvLogH412NPmspk19rx4Nu6Az7ebtiY70D4=,7c14a0cbfab88fcf5ff1447ebec6202a5e0e0387adb04a78b485c392de61daa7,LVS6iX3xyk+AW89N8K7wd5i2P+GtpUmTpzID/3W7LU4=,b68e7a2a0ee4cf464f714eae5ca90c4be52ddaff75089fa15a98449d7f05dd42,YBrYJFZu3K0q3WnUAoI0Ek+rDnM1UCwc9s9cAhazlLM=,d2de0eecb364b6ad6dfd68c57fbb2b61edd7f408c047202d5ab95910a24e2627,,,,,,,,,,,,,,,,,03d81b9a935160beab8223b8a586d202e0733dae118f23f6fdb36c4b25bd5175,audit_trails/artifacts/accepted_runtime_submissions/T3_XMK_CKKS_TADP_client_001_r15_7c14a0cbfab88fcf__03d81b9a935160be.json,,,,,,,,,,,,,cadedf648c75cc769adb9bd6dad90e38cb7eca2a7f04c9937e774aab8b92452b,bbbe97227150ec01026cf18085b0773972853dac81bc88e197bfcae3b0b32b66,,
476,16c6d77a34651cd3818dae8bad6696a2,9009c28128737f7948fb54beb932f446c0ce27d5cbdefb4938dce83226ac7abd,2026-08-24T23:10:28.274932+00:00,TADP-SEC/14.0,CLIENT_CIPHERTEXT_BINDING,T3_XMK_CKKS_TADP,,,,client_001,,,,,,,,,,,,,,,,,,,,,,,,,,,,,,,,,,,,,,,,CIPHERTEXT_BOUND_TO_SIGNED_UPDATE,,,,,,,,,,,,,,,,,C3_CONFIDENTIAL,3,,,,,,,,,,,,,8e80bbe37da2e3ff52849ba43540e736,,,,,,,,,,,,,,15,VERIFIED,,,,,True,,,,,False,lhZ5GJzFcvLogH412NPmspk19rx4Nu6Az7ebtiY70D4=,7c14a0cbfab88fcf5ff1447ebec6202a5e0e0387adb04a78b485c392de61daa7,LVS6iX3xyk+AW89N8K7wd5i2P+GtpUmTpzID/3W7LU4=,b02ae75c71b4a2452c147b66dc3b4e41b9826fd2aec37d66ea6c4d22c876604f,YBrYJFZu3K0q3WnUAoI0Ek+rDnM1UCwc9s9cAhazlLM=,d2de0eecb364b6ad6dfd68c57fbb2b61edd7f408c047202d5ab95910a24e2627,"T3: xMK submit share (round-level finalize), noise=0.000",reference_python,n=|logq=|scale=|scheme=alg_xmk_ckks,xmk_agg_pk:ff832745a25ad5f0,,,,,,,,,b8da6b2132fe83b4c53fe72358a0c2a54b1ed198d2797981ffa38e681f403911,,b33defce86accc6e4e2dffb7a9a479bd2b5156a6cd10005fbfeaa311a94f4347,audit_trails/artifacts/ciphertext_attestations/T3_XMK_CKKS_TADP_client_001_r15_ceddc47918e41307__b33defce86accc6e.json,,,,,,,,,,,,,,,bbbe97227150ec01026cf18085b0773972853dac81bc88e197bfcae3b0b32b66,5f8835f8f865ed7fef68d951ce17cd2e5e545606f75cf3203ffae431b14d09ad,,
477,32cba150f7a4cb5e3a3ffd9a5ce9818b,9009c28128737f7948fb54beb932f446c0ce27d5cbdefb4938dce83226ac7abd,2026-08-24T23:10:35.911854+00:00,TADP-SEC/14.0,CLIENT_ACCEPTED_SUBMISSION,T3_XMK_CKKS_TADP,,,,client_001,,,,,,,,,,,2.3-phase1-fixed-threshold-critical-floor-review-profile,e910eb11d46f5a33a9f6a7d996c6c242f2a4caa089255874076d8ae12155dc94,2e5e1ea61ea1c71b07c235b309bb618daac98643cb3c0843acb266cd6b876512,cd72ec3b4911418e9899eae9aed63fa15aaf66633d0cb863f54d9ac8508d934e,833c0f503995ec3e68f8d11c30f392b1e756db044036faa02ce898eac71d1c91,VALIDATED_EVIDENCE_BUNDLE,,,,,,,,,,,,,,,,,,,,,,,,UPDATE_SUBMITTED_ENFORCED,,False,NOT_REQUIRED_AUTOMATED_POLICY,False,,,,,,,,,,,,,C3_CONFIDENTIAL,3,,,,,,,,6401d449cad49398af2f5e4da9bd6c0fbdde3a2a57f8a422907de7f0354cd145,71adf2c7741ed63f779fe8cebf9b4d1363fd18da1c5a49e39f32ec63cb8262f2,,,2026-08-25T22:32:04.883782+00:00,8e80bbe37da2e3ff52849ba43540e736,,,,,f959c28a73b90e49a68b4037ac3c5d7b5cd38083fad4362c4d3c73f79f0c34cd,985dd78cbcd805ea83f40122379fe9b1da9eb41df43ca7cf1e0cb8b590e7ffe7,,,2026-08-25T23:08:37.178710+00:00,75d46ecd684a2dc4b6a8e27daff7fed8db3fae5cae653b9ddb3099795df8cd6c,active,,,16,ACCEPTED,ALL_BASELINE_CONTROLS,,,,True,True,True,True,True,False,TXZ4dABDr1oTzhFqVbdL9n1PCm6T31rojv+kW39UIcY=,4ad2dc45a8cb63c7a219f58305780088b118f67f7c64999054aeb4711475bf41,LVS6iX3xyk+AW89N8K7wd5i2P+GtpUmTpzID/3W7LU4=,2658442e77f59c88815b0d5635c2778ae7f585c21df77490be28efcaf5f1498f,bu775yqcKzJqlSCoQ1fo1rJUF7iGIOGd4IG2HluFUX0=,d2de0eecb364b6ad6dfd68c57fbb2b61edd7f408c047202d5ab95910a24e2627,,,,,,,,,,,,,,,,,c0838ad09258e7792fe0c57a338d9e8e94638acd28e8bfed7bae3f70363471fb,audit_trails/artifacts/accepted_runtime_submissions/T3_XMK_CKKS_TADP_client_001_r16_4ad2dc45a8cb63c7__c0838ad09258e779.json,,,,,,,,,,,,,5f8835f8f865ed7fef68d951ce17cd2e5e545606f75cf3203ffae431b14d09ad,0c4b7f08579c3ed3e1ea6ed776a767cc779e0a6776f32d457cb13a0296d65681,,
478,9e33afbaba49725d8b833350f44f5cbc,9009c28128737f7948fb54beb932f446c0ce27d5cbdefb4938dce83226ac7abd,2026-08-24T23:10:36.257958+00:00,TADP-SEC/14.0,CLIENT_CIPHERTEXT_BINDING,T3_XMK_CKKS_TADP,,,,client_001,,,,,,,,,,,,,,,,,,,,,,,,,,,,,,,,,,,,,,,,CIPHERTEXT_BOUND_TO_SIGNED_UPDATE,,,,,,,,,,,,,,,,,C3_CONFIDENTIAL,3,,,,,,,,,,,,,8e80bbe37da2e3ff52849ba43540e736,,,,,,,,,,,,,,16,VERIFIED,,,,,True,,,,,False,TXZ4dABDr1oTzhFqVbdL9n1PCm6T31rojv+kW39UIcY=,4ad2dc45a8cb63c7a219f58305780088b118f67f7c64999054aeb4711475bf41,LVS6iX3xyk+AW89N8K7wd5i2P+GtpUmTpzID/3W7LU4=,7f47b95772bb6a5b5ca15da7387fd008c166203f4ba15432350e4ec06d2c0538,bu775yqcKzJqlSCoQ1fo1rJUF7iGIOGd4IG2HluFUX0=,d2de0eecb364b6ad6dfd68c57fbb2b61edd7f408c047202d5ab95910a24e2627,"T3: xMK submit share (round-level finalize), noise=0.000",reference_python,n=|logq=|scale=|scheme=alg_xmk_ckks,xmk_agg_pk:ff832745a25ad5f0,,,,,,,,,10b6daefc13171330722f14f4813dbd4992c3b6d7eda6b68c173e9769bcf1e6e,,24c08e8b10bb89ffebca5f1dba96d013de971d2c1304e9240c99a46d0122450f,audit_trails/artifacts/ciphertext_attestations/T3_XMK_CKKS_TADP_client_001_r16_9a8263b4cb383420__24c08e8b10bb89ff.json,,,,,,,,,,,,,,,0c4b7f08579c3ed3e1ea6ed776a767cc779e0a6776f32d457cb13a0296d65681,0e77dc2b1bf834b0884cdcb0661d249bd3d0e18a3be84afec2fd406d0e64fc50,,
479,97019abb940351764378b04a2331cfcb,9009c28128737f7948fb54beb932f446c0ce27d5cbdefb4938dce83226ac7abd,2026-08-24T23:10:43.420626+00:00,TADP-SEC/14.0,CLIENT_ACCEPTED_SUBMISSION,T3_XMK_CKKS_TADP,,,,client_001,,,,,,,,,,,2.3-phase1-fixed-threshold-critical-floor-review-profile,e910eb11d46f5a33a9f6a7d996c6c242f2a4caa089255874076d8ae12155dc94,2e5e1ea61ea1c71b07c235b309bb618daac98643cb3c0843acb266cd6b876512,cd72ec3b4911418e9899eae9aed63fa15aaf66633d0cb863f54d9ac8508d934e,833c0f503995ec3e68f8d11c30f392b1e756db044036faa02ce898eac71d1c91,VALIDATED_EVIDENCE_BUNDLE,,,,,,,,,,,,,,,,,,,,,,,,UPDATE_SUBMITTED_ENFORCED,,False,NOT_REQUIRED_AUTOMATED_POLICY,False,,,,,,,,,,,,,C3_CONFIDENTIAL,3,,,,,,,,6401d449cad49398af2f5e4da9bd6c0fbdde3a2a57f8a422907de7f0354cd145,71adf2c7741ed63f779fe8cebf9b4d1363fd18da1c5a49e39f32ec63cb8262f2,,,2026-08-25T22:32:04.883782+00:00,8e80bbe37da2e3ff52849ba43540e736,,,,,f959c28a73b90e49a68b4037ac3c5d7b5cd38083fad4362c4d3c73f79f0c34cd,985dd78cbcd805ea83f40122379fe9b1da9eb41df43ca7cf1e0cb8b590e7ffe7,,,2026-08-25T23:08:37.178710+00:00,75d46ecd684a2dc4b6a8e27daff7fed8db3fae5cae653b9ddb3099795df8cd6c,active,,,17,ACCEPTED,ALL_BASELINE_CONTROLS,,,,True,True,True,True,True,False,PyVroMHay56OBwT7bq5FMoWyg1CW1eDM/xmGDFf/4EQ=,40be181f99f01b43df0333e73f5f5a58a0f2c908b143267b545990d1ba3f2bb4,LVS6iX3xyk+AW89N8K7wd5i2P+GtpUmTpzID/3W7LU4=,4d0f21a879ad839fe3026591dda5f1c31349f783b0e9f22948cd4909df0961b6,cDMFpV9T3UsSiHjbDrq2+ZQgsqmLOAGGRc81TrOID2o=,d2de0eecb364b6ad6dfd68c57fbb2b61edd7f408c047202d5ab95910a24e2627,,,,,,,,,,,,,,,,,1121524b1bd672ac79d4b412f2557beeb1171dd1001bb12c11247318968483a9,audit_trails/artifacts/accepted_runtime_submissions/T3_XMK_CKKS_TADP_client_001_r17_40be181f99f01b43__1121524b1bd672ac.json,,,,,,,,,,,,,0e77dc2b1bf834b0884cdcb0661d249bd3d0e18a3be84afec2fd406d0e64fc50,7c7bb5b5d8d3a0bde0e0c5ec6230cd451d33310589cf689d30921dc9892cd31c,,
480,c481a17cc188c675b6f59186159a986e,9009c28128737f7948fb54beb932f446c0ce27d5cbdefb4938dce83226ac7abd,2026-08-24T23:10:43.899037+00:00,TADP-SEC/14.0,CLIENT_CIPHERTEXT_BINDING,T3_XMK_CKKS_TADP,,,,client_001,,,,,,,,,,,,,,,,,,,,,,,,,,,,,,,,,,,,,,,,CIPHERTEXT_BOUND_TO_SIGNED_UPDATE,,,,,,,,,,,,,,,,,C3_CONFIDENTIAL,3,,,,,,,,,,,,,8e80bbe37da2e3ff52849ba43540e736,,,,,,,,,,,,,,17,VERIFIED,,,,,True,,,,,False,PyVroMHay56OBwT7bq5FMoWyg1CW1eDM/xmGDFf/4EQ=,40be181f99f01b43df0333e73f5f5a58a0f2c908b143267b545990d1ba3f2bb4,LVS6iX3xyk+AW89N8K7wd5i2P+GtpUmTpzID/3W7LU4=,c469f9a6c55de2f1480138cbde93af2f02732793e47f27f7232419cdf88ca76d,cDMFpV9T3UsSiHjbDrq2+ZQgsqmLOAGGRc81TrOID2o=,d2de0eecb364b6ad6dfd68c57fbb2b61edd7f408c047202d5ab95910a24e2627,"T3: xMK submit share (round-level finalize), noise=0.000",reference_python,n=|logq=|scale=|scheme=alg_xmk_ckks,xmk_agg_pk:ff832745a25ad5f0,,,,,,,,,f764b83e47c84767602f110753c8d465d0dde80d7a736a5dea40017fe6de2bef,,3e38c00d00ead4c2ede5ffcaa204a553e23347eb2447af0ef8ae8d6f3f2caee7,audit_trails/artifacts/ciphertext_attestations/T3_XMK_CKKS_TADP_client_001_r17_75e784a71b98b552__3e38c00d00ead4c2.json,,,,,,,,,,,,,,,7c7bb5b5d8d3a0bde0e0c5ec6230cd451d33310589cf689d30921dc9892cd31c,e366b7e045b60103a3d3ca4ad8d602a6643055b0d7da4001e07f773f99d4e3e6,,
481,ed35e9e1aa49bda06ec8b668f4645363,9009c28128737f7948fb54beb932f446c0ce27d5cbdefb4938dce83226ac7abd,2026-08-24T23:10:50.993291+00:00,TADP-SEC/14.0,CLIENT_ACCEPTED_SUBMISSION,T3_XMK_CKKS_TADP,,,,client_001,,,,,,,,,,,2.3-phase1-fixed-threshold-critical-floor-review-profile,e910eb11d46f5a33a9f6a7d996c6c242f2a4caa089255874076d8ae12155dc94,2e5e1ea61ea1c71b07c235b309bb618daac98643cb3c0843acb266cd6b876512,cd72ec3b4911418e9899eae9aed63fa15aaf66633d0cb863f54d9ac8508d934e,833c0f503995ec3e68f8d11c30f392b1e756db044036faa02ce898eac71d1c91,VALIDATED_EVIDENCE_BUNDLE,,,,,,,,,,,,,,,,,,,,,,,,UPDATE_SUBMITTED_ENFORCED,,False,NOT_REQUIRED_AUTOMATED_POLICY,False,,,,,,,,,,,,,C3_CONFIDENTIAL,3,,,,,,,,6401d449cad49398af2f5e4da9bd6c0fbdde3a2a57f8a422907de7f0354cd145,71adf2c7741ed63f779fe8cebf9b4d1363fd18da1c5a49e39f32ec63cb8262f2,,,2026-08-25T22:32:04.883782+00:00,8e80bbe37da2e3ff52849ba43540e736,,,,,f959c28a73b90e49a68b4037ac3c5d7b5cd38083fad4362c4d3c73f79f0c34cd,985dd78cbcd805ea83f40122379fe9b1da9eb41df43ca7cf1e0cb8b590e7ffe7,,,2026-08-25T23:08:37.178710+00:00,75d46ecd684a2dc4b6a8e27daff7fed8db3fae5cae653b9ddb3099795df8cd6c,active,,,18,ACCEPTED,ALL_BASELINE_CONTROLS,,,,True,True,True,True,True,False,ABhrdUnajZrD9JqipYi3QpEFNQahvWXgTFLj63aj/sQ=,5bfe07334cd81ff7552b7ffe22edfcf384b6621d32136e98919ea86b90115023,LVS6iX3xyk+AW89N8K7wd5i2P+GtpUmTpzID/3W7LU4=,fe38e1eb63e8cbd3d5411ea99c1c0a059ee7f57d20a4d5bf96dc5c0dcf01ecca,8iwXmkGprf/Voq8KYQH0vVX5TLjI1sIssB1WRGqpem0=,d2de0eecb364b6ad6dfd68c57fbb2b61edd7f408c047202d5ab95910a24e2627,,,,,,,,,,,,,,,,,562615d6c6d291f75ccc3908fb0770f5b8200b9a61acba8a05adb63ef14d9242,audit_trails/artifacts/accepted_runtime_submissions/T3_XMK_CKKS_TADP_client_001_r18_5bfe07334cd81ff7__562615d6c6d291f7.json,,,,,,,,,,,,,e366b7e045b60103a3d3ca4ad8d602a6643055b0d7da4001e07f773f99d4e3e6,e2ae223b1c170f7371863a92d0731e9f077c6ebc0054fbe59fccf1316a27809e,,
482,6399073aea251d786e475b9586df9178,9009c28128737f7948fb54beb932f446c0ce27d5cbdefb4938dce83226ac7abd,2026-08-24T23:10:51.367426+00:00,TADP-SEC/14.0,CLIENT_CIPHERTEXT_BINDING,T3_XMK_CKKS_TADP,,,,client_001,,,,,,,,,,,,,,,,,,,,,,,,,,,,,,,,,,,,,,,,CIPHERTEXT_BOUND_TO_SIGNED_UPDATE,,,,,,,,,,,,,,,,,C3_CONFIDENTIAL,3,,,,,,,,,,,,,8e80bbe37da2e3ff52849ba43540e736,,,,,,,,,,,,,,18,VERIFIED,,,,,True,,,,,False,ABhrdUnajZrD9JqipYi3QpEFNQahvWXgTFLj63aj/sQ=,5bfe07334cd81ff7552b7ffe22edfcf384b6621d32136e98919ea86b90115023,LVS6iX3xyk+AW89N8K7wd5i2P+GtpUmTpzID/3W7LU4=,cbebac913653357ed1de812ab10541bda1b3151278c88d14836276e28e8eb0ec,8iwXmkGprf/Voq8KYQH0vVX5TLjI1sIssB1WRGqpem0=,d2de0eecb364b6ad6dfd68c57fbb2b61edd7f408c047202d5ab95910a24e2627,"T3: xMK submit share (round-level finalize), noise=0.000",reference_python,n=|logq=|scale=|scheme=alg_xmk_ckks,xmk_agg_pk:ff832745a25ad5f0,,,,,,,,,64a071dfaee0108c0936c3c975b9a2c2c0efee88832e9ddd63486f21ae71692b,,907665231ca517a3ad3fc8f661e2d81d3dc626ebf7e1d6a56ff1a6e544162bfb,audit_trails/artifacts/ciphertext_attestations/T3_XMK_CKKS_TADP_client_001_r18_a6bcc4d1eed2aaaf__907665231ca517a3.json,,,,,,,,,,,,,,,e2ae223b1c170f7371863a92d0731e9f077c6ebc0054fbe59fccf1316a27809e,9f676b114062759d48c2bdb4d6f54f262aa18c4da8e4b3790cf32f96911f2db4,,
483,0580f1c3c43eb040e8a1756583161e79,9009c28128737f7948fb54beb932f446c0ce27d5cbdefb4938dce83226ac7abd,2026-08-24T23:10:59.123569+00:00,TADP-SEC/14.0,CLIENT_ACCEPTED_SUBMISSION,T3_XMK_CKKS_TADP,,,,client_001,,,,,,,,,,,2.3-phase1-fixed-threshold-critical-floor-review-profile,e910eb11d46f5a33a9f6a7d996c6c242f2a4caa089255874076d8ae12155dc94,2e5e1ea61ea1c71b07c235b309bb618daac98643cb3c0843acb266cd6b876512,cd72ec3b4911418e9899eae9aed63fa15aaf66633d0cb863f54d9ac8508d934e,833c0f503995ec3e68f8d11c30f392b1e756db044036faa02ce898eac71d1c91,VALIDATED_EVIDENCE_BUNDLE,,,,,,,,,,,,,,,,,,,,,,,,UPDATE_SUBMITTED_ENFORCED,,False,NOT_REQUIRED_AUTOMATED_POLICY,False,,,,,,,,,,,,,C3_CONFIDENTIAL,3,,,,,,,,6401d449cad49398af2f5e4da9bd6c0fbdde3a2a57f8a422907de7f0354cd145,71adf2c7741ed63f779fe8cebf9b4d1363fd18da1c5a49e39f32ec63cb8262f2,,,2026-08-25T22:32:04.883782+00:00,8e80bbe37da2e3ff52849ba43540e736,,,,,f959c28a73b90e49a68b4037ac3c5d7b5cd38083fad4362c4d3c73f79f0c34cd,985dd78cbcd805ea83f40122379fe9b1da9eb41df43ca7cf1e0cb8b590e7ffe7,,,2026-08-25T23:08:37.178710+00:00,75d46ecd684a2dc4b6a8e27daff7fed8db3fae5cae653b9ddb3099795df8cd6c,active,,,19,ACCEPTED,ALL_BASELINE_CONTROLS,,,,True,True,True,True,True,False,fx82SvWwfVMiHZ3/+ps74OKhAMeOjisJw5qbH5Q0H34=,a9c85e89f2606bba4cc9bd597cd5061f9ae58ae53664ee31a75796278c220fc3,LVS6iX3xyk+AW89N8K7wd5i2P+GtpUmTpzID/3W7LU4=,b0702d8534810732a935003716b5c266608490eaa5073aee82829fc8f7a0b1d3,KYRLcxsQMkCxslsTEzo0AtjEfZ2Th/PEdAR5xUhU/Bk=,d2de0eecb364b6ad6dfd68c57fbb2b61edd7f408c047202d5ab95910a24e2627,,,,,,,,,,,,,,,,,a5269c446da831f177eb3d738bf1385dc4d74dc632f906c45922285c22c80738,audit_trails/artifacts/accepted_runtime_submissions/T3_XMK_CKKS_TADP_client_001_r19_a9c85e89f2606bba__a5269c446da831f1.json,,,,,,,,,,,,,9f676b114062759d48c2bdb4d6f54f262aa18c4da8e4b3790cf32f96911f2db4,cc84a431f621a983682dc6ebc0b865c405b3c104b3484c229c15f0cea1e20be6,,
484,df5bfb893371cff0edd34cf1d7c0bb52,9009c28128737f7948fb54beb932f446c0ce27d5cbdefb4938dce83226ac7abd,2026-08-24T23:10:59.463763+00:00,TADP-SEC/14.0,CLIENT_CIPHERTEXT_BINDING,T3_XMK_CKKS_TADP,,,,client_001,,,,,,,,,,,,,,,,,,,,,,,,,,,,,,,,,,,,,,,,CIPHERTEXT_BOUND_TO_SIGNED_UPDATE,,,,,,,,,,,,,,,,,C3_CONFIDENTIAL,3,,,,,,,,,,,,,8e80bbe37da2e3ff52849ba43540e736,,,,,,,,,,,,,,19,VERIFIED,,,,,True,,,,,False,fx82SvWwfVMiHZ3/+ps74OKhAMeOjisJw5qbH5Q0H34=,a9c85e89f2606bba4cc9bd597cd5061f9ae58ae53664ee31a75796278c220fc3,LVS6iX3xyk+AW89N8K7wd5i2P+GtpUmTpzID/3W7LU4=,a7eb545b1894be4b3e1d11c53f671d9721ed1626cca217deead41b197bb7823d,KYRLcxsQMkCxslsTEzo0AtjEfZ2Th/PEdAR5xUhU/Bk=,d2de0eecb364b6ad6dfd68c57fbb2b61edd7f408c047202d5ab95910a24e2627,"T3: xMK submit share (round-level finalize), noise=0.000",reference_python,n=|logq=|scale=|scheme=alg_xmk_ckks,xmk_agg_pk:ff832745a25ad5f0,,,,,,,,,fb629ce864ef51162db64caca1d8eff3322e749b1a04a394f281c0f44e432b2a,,c80211a35ae6434c13ea751a58cf013cd4f1ec056c6b9db060f70bf0de024eb9,audit_trails/artifacts/ciphertext_attestations/T3_XMK_CKKS_TADP_client_001_r19_ec3e9261f205452f__c80211a35ae6434c.json,,,,,,,,,,,,,,,cc84a431f621a983682dc6ebc0b865c405b3c104b3484c229c15f0cea1e20be6,86c4a2770fa13331cdd6f4d1f8c0d5c647079f0145660699e9305fc76205d3ab,,
485,b9a1c00b2c261e798c515f819768f6a9,9009c28128737f7948fb54beb932f446c0ce27d5cbdefb4938dce83226ac7abd,2026-08-24T23:11:06.174760+00:00,TADP-SEC/14.0,CLIENT_ACCEPTED_SUBMISSION,T3_XMK_CKKS_TADP,,,,client_001,,,,,,,,,,,2.3-phase1-fixed-threshold-critical-floor-review-profile,e910eb11d46f5a33a9f6a7d996c6c242f2a4caa089255874076d8ae12155dc94,2e5e1ea61ea1c71b07c235b309bb618daac98643cb3c0843acb266cd6b876512,cd72ec3b4911418e9899eae9aed63fa15aaf66633d0cb863f54d9ac8508d934e,833c0f503995ec3e68f8d11c30f392b1e756db044036faa02ce898eac71d1c91,VALIDATED_EVIDENCE_BUNDLE,,,,,,,,,,,,,,,,,,,,,,,,UPDATE_SUBMITTED_ENFORCED,,False,NOT_REQUIRED_AUTOMATED_POLICY,False,,,,,,,,,,,,,C3_CONFIDENTIAL,3,,,,,,,,6401d449cad49398af2f5e4da9bd6c0fbdde3a2a57f8a422907de7f0354cd145,71adf2c7741ed63f779fe8cebf9b4d1363fd18da1c5a49e39f32ec63cb8262f2,,,2026-08-25T22:32:04.883782+00:00,8e80bbe37da2e3ff52849ba43540e736,,,,,f959c28a73b90e49a68b4037ac3c5d7b5cd38083fad4362c4d3c73f79f0c34cd,985dd78cbcd805ea83f40122379fe9b1da9eb41df43ca7cf1e0cb8b590e7ffe7,,,2026-08-25T23:08:37.178710+00:00,75d46ecd684a2dc4b6a8e27daff7fed8db3fae5cae653b9ddb3099795df8cd6c,active,,,20,ACCEPTED,ALL_BASELINE_CONTROLS,,,,True,True,True,True,True,False,EbNnmaDh1AhMMmiItvv8ZdescqqNe0Fkt0eS7y7rFrc=,d6b95e9716d80b23470c7149444742f81b9bc34cf9cb11375704b25d71d566db,LVS6iX3xyk+AW89N8K7wd5i2P+GtpUmTpzID/3W7LU4=,4aaa3c6c77542fc4b5a5a24e39ba691af1efad4d5c7cd46f58b4dbedfb01d770,M9QH+YGQAZ5NtjMapB3V/omyePk83V7wdeN9+ld1abk=,d2de0eecb364b6ad6dfd68c57fbb2b61edd7f408c047202d5ab95910a24e2627,,,,,,,,,,,,,,,,,8ce89abccc57b97b626d3e84927755679a255810d5a11772222af44bd3d1393c,audit_trails/artifacts/accepted_runtime_submissions/T3_XMK_CKKS_TADP_client_001_r20_d6b95e9716d80b23__8ce89abccc57b97b.json,,,,,,,,,,,,,86c4a2770fa13331cdd6f4d1f8c0d5c647079f0145660699e9305fc76205d3ab,59fa6957ab406c93397aa81084b41980e67f5f0bef764acc51f90de7fb97f215,,
486,1bfd681564a34c718710fe4985c10d38,9009c28128737f7948fb54beb932f446c0ce27d5cbdefb4938dce83226ac7abd,2026-08-24T23:11:06.528158+00:00,TADP-SEC/14.0,CLIENT_CIPHERTEXT_BINDING,T3_XMK_CKKS_TADP,,,,client_001,,,,,,,,,,,,,,,,,,,,,,,,,,,,,,,,,,,,,,,,CIPHERTEXT_BOUND_TO_SIGNED_UPDATE,,,,,,,,,,,,,,,,,C3_CONFIDENTIAL,3,,,,,,,,,,,,,8e80bbe37da2e3ff52849ba43540e736,,,,,,,,,,,,,,20,VERIFIED,,,,,True,,,,,False,EbNnmaDh1AhMMmiItvv8ZdescqqNe0Fkt0eS7y7rFrc=,d6b95e9716d80b23470c7149444742f81b9bc34cf9cb11375704b25d71d566db,LVS6iX3xyk+AW89N8K7wd5i2P+GtpUmTpzID/3W7LU4=,ddd4dc574b2654615cb51c82854107d377d761fa5b7e3624d61cc3c463ed3e08,M9QH+YGQAZ5NtjMapB3V/omyePk83V7wdeN9+ld1abk=,d2de0eecb364b6ad6dfd68c57fbb2b61edd7f408c047202d5ab95910a24e2627,"T3: xMK submit share (round-level finalize), noise=0.000",reference_python,n=|logq=|scale=|scheme=alg_xmk_ckks,xmk_agg_pk:ff832745a25ad5f0,,,,,,,,,731b0dfe9bec969379a3357ae478c22991d8b5c8d29bd7afbc773fd5e33cd733,,22fad20071f3d0c3d7aa8b0ef8b0a94bd05df9cd2b05f16c0a22573ce051bfe0,audit_trails/artifacts/ciphertext_attestations/T3_XMK_CKKS_TADP_client_001_r20_d8d460b3e75de0b8__22fad20071f3d0c3.json,,,,,,,,,,,,,,,59fa6957ab406c93397aa81084b41980e67f5f0bef764acc51f90de7fb97f215,923fb9e652daa8b97da4fd02cab5d3ae9015a654a78507ec4c007dd0d4d2b194,,
487,1bb57090b8cbdce262d51c7751050aaf,9009c28128737f7948fb54beb932f446c0ce27d5cbdefb4938dce83226ac7abd,2026-08-24T23:11:16.409994+00:00,TADP-SEC/14.0,CLIENT_ACCEPTED_SUBMISSION,T3_XMK_CKKS_TADP,,,,client_001,,,,,,,,,,,2.3-phase1-fixed-threshold-critical-floor-review-profile,e910eb11d46f5a33a9f6a7d996c6c242f2a4caa089255874076d8ae12155dc94,2e5e1ea61ea1c71b07c235b309bb618daac98643cb3c0843acb266cd6b876512,cd72ec3b4911418e9899eae9aed63fa15aaf66633d0cb863f54d9ac8508d934e,833c0f503995ec3e68f8d11c30f392b1e756db044036faa02ce898eac71d1c91,VALIDATED_EVIDENCE_BUNDLE,,,,,,,,,,,,,,,,,,,,,,,,UPDATE_SUBMITTED_ENFORCED,,False,NOT_REQUIRED_AUTOMATED_POLICY,False,,,,,,,,,,,,,C3_CONFIDENTIAL,3,,,,,,,,6401d449cad49398af2f5e4da9bd6c0fbdde3a2a57f8a422907de7f0354cd145,71adf2c7741ed63f779fe8cebf9b4d1363fd18da1c5a49e39f32ec63cb8262f2,,,2026-08-25T22:32:04.883782+00:00,05d643eacd2e138abca3623eb5a128ed,,,,,fb63ad8d3efafa169d1d780f0fd98eb9d0fa040b355030352fd516ac14f60e73,a12629a8584be159654cb43a34d61f7e3ba83578b693297a43ae1e05bbea72ec,,,2026-08-25T23:11:13.881678+00:00,75d46ecd684a2dc4b6a8e27daff7fed8db3fae5cae653b9ddb3099795df8cd6c,active,,,1,ACCEPTED,ALL_BASELINE_CONTROLS,,,,True,True,True,True,True,False,XIgD5woYGPfAfaxKYfj7upO5zUOeqedJHy8+I3SV1Ws=,175c1172ca6d128d93589c5ebd253b67f3361e48a7f8cc7aef4bfd43c81be7ea,LVS6iX3xyk+AW89N8K7wd5i2P+GtpUmTpzID/3W7LU4=,552df204e64fe56ec2c18ac356d2dee71705a588400709385e4a98346e3b1452,qWGt2rkifN8o8SXwRi1McC0dFoBq5azkZ2R1+pa5fD8=,d2de0eecb364b6ad6dfd68c57fbb2b61edd7f408c047202d5ab95910a24e2627,,,,,,,,,,,,,,,,,4fdd449d7dda3bdfa5353225609fce30dc0d90cb57b01323853a9c21c640009a,audit_trails/artifacts/accepted_runtime_submissions/T3_XMK_CKKS_TADP_client_001_r1_175c1172ca6d128d__4fdd449d7dda3bdf.json,,,,,,,,,,,,,923fb9e652daa8b97da4fd02cab5d3ae9015a654a78507ec4c007dd0d4d2b194,6675936efcb791b0bbcd5af4e3dd6860ef61a38a61f6ad6474da818c01bd2ca7,,
488,6fd3b15145aba6ec35f9e6c56f20bac8,9009c28128737f7948fb54beb932f446c0ce27d5cbdefb4938dce83226ac7abd,2026-08-24T23:11:16.753736+00:00,TADP-SEC/14.0,CLIENT_CIPHERTEXT_BINDING,T3_XMK_CKKS_TADP,,,,client_001,,,,,,,,,,,,,,,,,,,,,,,,,,,,,,,,,,,,,,,,CIPHERTEXT_BOUND_TO_SIGNED_UPDATE,,,,,,,,,,,,,,,,,C3_CONFIDENTIAL,3,,,,,,,,,,,,,05d643eacd2e138abca3623eb5a128ed,,,,,,,,,,,,,,1,VERIFIED,,,,,True,,,,,False,XIgD5woYGPfAfaxKYfj7upO5zUOeqedJHy8+I3SV1Ws=,175c1172ca6d128d93589c5ebd253b67f3361e48a7f8cc7aef4bfd43c81be7ea,LVS6iX3xyk+AW89N8K7wd5i2P+GtpUmTpzID/3W7LU4=,7e842aea8ba1b62aa7559dcad817635e365afe6c09dac1d217d146fca1414a88,qWGt2rkifN8o8SXwRi1McC0dFoBq5azkZ2R1+pa5fD8=,d2de0eecb364b6ad6dfd68c57fbb2b61edd7f408c047202d5ab95910a24e2627,"T3: xMK submit share (round-level finalize), noise=0.000",reference_python,n=|logq=|scale=|scheme=alg_xmk_ckks,xmk_agg_pk:ff832745a25ad5f0,,,,,,,,,59a169a998f2ea189d8255279d85264a6d6d349885c84a383deab7a099f7276d,,e6affa7d9b6e99d52d9cff3069a66c4cf76503eea8c6f83bfc7d538e0bd8db48,audit_trails/artifacts/ciphertext_attestations/T3_XMK_CKKS_TADP_client_001_r1_ac40d19380a0c4f6__e6affa7d9b6e99d5.json,,,,,,,,,,,,,,,6675936efcb791b0bbcd5af4e3dd6860ef61a38a61f6ad6474da818c01bd2ca7,10bd74e251a028c13c9314e70bcfd7bec08565f6cfbc888a5a9c78efc03b37b1,,
489,d28e8499a32eae881185b97324fbd651,9009c28128737f7948fb54beb932f446c0ce27d5cbdefb4938dce83226ac7abd,2026-08-24T23:11:24.050044+00:00,TADP-SEC/14.0,CLIENT_ACCEPTED_SUBMISSION,T3_XMK_CKKS_TADP,,,,client_001,,,,,,,,,,,2.3-phase1-fixed-threshold-critical-floor-review-profile,e910eb11d46f5a33a9f6a7d996c6c242f2a4caa089255874076d8ae12155dc94,2e5e1ea61ea1c71b07c235b309bb618daac98643cb3c0843acb266cd6b876512,cd72ec3b4911418e9899eae9aed63fa15aaf66633d0cb863f54d9ac8508d934e,833c0f503995ec3e68f8d11c30f392b1e756db044036faa02ce898eac71d1c91,VALIDATED_EVIDENCE_BUNDLE,,,,,,,,,,,,,,,,,,,,,,,,UPDATE_SUBMITTED_ENFORCED,,False,NOT_REQUIRED_AUTOMATED_POLICY,False,,,,,,,,,,,,,C3_CONFIDENTIAL,3,,,,,,,,6401d449cad49398af2f5e4da9bd6c0fbdde3a2a57f8a422907de7f0354cd145,71adf2c7741ed63f779fe8cebf9b4d1363fd18da1c5a49e39f32ec63cb8262f2,,,2026-08-25T22:32:04.883782+00:00,05d643eacd2e138abca3623eb5a128ed,,,,,fb63ad8d3efafa169d1d780f0fd98eb9d0fa040b355030352fd516ac14f60e73,a12629a8584be159654cb43a34d61f7e3ba83578b693297a43ae1e05bbea72ec,,,2026-08-25T23:11:13.881678+00:00,75d46ecd684a2dc4b6a8e27daff7fed8db3fae5cae653b9ddb3099795df8cd6c,active,,,2,ACCEPTED,ALL_BASELINE_CONTROLS,,,,True,True,True,True,True,False,B40LdX0xwaHjbdGFHtQNkkoi3FDGT1Gp4WGmsttR0uY=,b9704d50b9194e8611d95409b33b378ab09088092776a3b301f73bd61fb79230,LVS6iX3xyk+AW89N8K7wd5i2P+GtpUmTpzID/3W7LU4=,479fec9df9d3448e5856839f7f6a712985104fd506397a4b933fcf492e1c4fe7,8w314BpQdOxcnOxm8ETwZIndg7KqE5wBzbEzVTla29Q=,d2de0eecb364b6ad6dfd68c57fbb2b61edd7f408c047202d5ab95910a24e2627,,,,,,,,,,,,,,,,,f2b59c8b95d5afdffc96cdb486494000b9dea4d571692da5b83ed91d806b6164,audit_trails/artifacts/accepted_runtime_submissions/T3_XMK_CKKS_TADP_client_001_r2_b9704d50b9194e86__f2b59c8b95d5afdf.json,,,,,,,,,,,,,10bd74e251a028c13c9314e70bcfd7bec08565f6cfbc888a5a9c78efc03b37b1,2c20a76a1638abb6f34ec752b2c450db1d26bbad7c1bc7f315236244932acf1e,,
490,8241b10112e157d7c0c8483d3d7f490f,9009c28128737f7948fb54beb932f446c0ce27d5cbdefb4938dce83226ac7abd,2026-08-24T23:11:24.554438+00:00,TADP-SEC/14.0,CLIENT_CIPHERTEXT_BINDING,T3_XMK_CKKS_TADP,,,,client_001,,,,,,,,,,,,,,,,,,,,,,,,,,,,,,,,,,,,,,,,CIPHERTEXT_BOUND_TO_SIGNED_UPDATE,,,,,,,,,,,,,,,,,C3_CONFIDENTIAL,3,,,,,,,,,,,,,05d643eacd2e138abca3623eb5a128ed,,,,,,,,,,,,,,2,VERIFIED,,,,,True,,,,,False,B40LdX0xwaHjbdGFHtQNkkoi3FDGT1Gp4WGmsttR0uY=,b9704d50b9194e8611d95409b33b378ab09088092776a3b301f73bd61fb79230,LVS6iX3xyk+AW89N8K7wd5i2P+GtpUmTpzID/3W7LU4=,1c0b396762c2ccdabdba5adde53d179d08635136ca4b6456b2acde5226bdb6ca,8w314BpQdOxcnOxm8ETwZIndg7KqE5wBzbEzVTla29Q=,d2de0eecb364b6ad6dfd68c57fbb2b61edd7f408c047202d5ab95910a24e2627,"T3: xMK submit share (round-level finalize), noise=0.000",reference_python,n=|logq=|scale=|scheme=alg_xmk_ckks,xmk_agg_pk:ff832745a25ad5f0,,,,,,,,,cff149c2184316dc532bad9bf811afaafe2652b800c424bcf6492367f633e709,,80a9e6f0237b5caba6eacd8ce104695e1c4160103dee3a401351767e75b71fbb,audit_trails/artifacts/ciphertext_attestations/T3_XMK_CKKS_TADP_client_001_r2_ba1cd8daa6194c2c__80a9e6f0237b5cab.json,,,,,,,,,,,,,,,2c20a76a1638abb6f34ec752b2c450db1d26bbad7c1bc7f315236244932acf1e,b1b3e85b17a57235bfd9a70b343fa7032be5e6eefcb6f9f9ed10470037e6d6c3,,
491,f0675ca2003e6b5f1e9e389a8cac37db,9009c28128737f7948fb54beb932f446c0ce27d5cbdefb4938dce83226ac7abd,2026-08-24T23:11:31.600721+00:00,TADP-SEC/14.0,CLIENT_ACCEPTED_SUBMISSION,T3_XMK_CKKS_TADP,,,,client_001,,,,,,,,,,,2.3-phase1-fixed-threshold-critical-floor-review-profile,e910eb11d46f5a33a9f6a7d996c6c242f2a4caa089255874076d8ae12155dc94,2e5e1ea61ea1c71b07c235b309bb618daac98643cb3c0843acb266cd6b876512,cd72ec3b4911418e9899eae9aed63fa15aaf66633d0cb863f54d9ac8508d934e,833c0f503995ec3e68f8d11c30f392b1e756db044036faa02ce898eac71d1c91,VALIDATED_EVIDENCE_BUNDLE,,,,,,,,,,,,,,,,,,,,,,,,UPDATE_SUBMITTED_ENFORCED,,False,NOT_REQUIRED_AUTOMATED_POLICY,False,,,,,,,,,,,,,C3_CONFIDENTIAL,3,,,,,,,,6401d449cad49398af2f5e4da9bd6c0fbdde3a2a57f8a422907de7f0354cd145,71adf2c7741ed63f779fe8cebf9b4d1363fd18da1c5a49e39f32ec63cb8262f2,,,2026-08-25T22:32:04.883782+00:00,05d643eacd2e138abca3623eb5a128ed,,,,,fb63ad8d3efafa169d1d780f0fd98eb9d0fa040b355030352fd516ac14f60e73,a12629a8584be159654cb43a34d61f7e3ba83578b693297a43ae1e05bbea72ec,,,2026-08-25T23:11:13.881678+00:00,75d46ecd684a2dc4b6a8e27daff7fed8db3fae5cae653b9ddb3099795df8cd6c,active,,,3,ACCEPTED,ALL_BASELINE_CONTROLS,,,,True,True,True,True,True,False,lEvClrQmsEGG3nc40t8yB+rfxAVranhG90qUve4m170=,2e33b89f38263f2dda6085adf42b471980c28140e1e14d9b43236d89dd5f2a58,LVS6iX3xyk+AW89N8K7wd5i2P+GtpUmTpzID/3W7LU4=,0c47ade2df42114f7dc4ae87ae3bfa85942113345fa1296fdc28c46afce1acdb,l4gLTRLnvNRWTSf5aOiIClbihliFtl5iY+GyjrEF0EQ=,d2de0eecb364b6ad6dfd68c57fbb2b61edd7f408c047202d5ab95910a24e2627,,,,,,,,,,,,,,,,,a4ebed059b5175c45ac4f1ab5a9becf64a77435c294489920400d9f0db9bdd49,audit_trails/artifacts/accepted_runtime_submissions/T3_XMK_CKKS_TADP_client_001_r3_2e33b89f38263f2d__a4ebed059b5175c4.json,,,,,,,,,,,,,b1b3e85b17a57235bfd9a70b343fa7032be5e6eefcb6f9f9ed10470037e6d6c3,129e7a6388c5a9633f3ab1ad56cc3078b69ee54b411c3ba3e7cd7a32d83d8569,,
492,e251b4b566e442b562335ca65349d76d,9009c28128737f7948fb54beb932f446c0ce27d5cbdefb4938dce83226ac7abd,2026-08-24T23:11:31.945736+00:00,TADP-SEC/14.0,CLIENT_CIPHERTEXT_BINDING,T3_XMK_CKKS_TADP,,,,client_001,,,,,,,,,,,,,,,,,,,,,,,,,,,,,,,,,,,,,,,,CIPHERTEXT_BOUND_TO_SIGNED_UPDATE,,,,,,,,,,,,,,,,,C3_CONFIDENTIAL,3,,,,,,,,,,,,,05d643eacd2e138abca3623eb5a128ed,,,,,,,,,,,,,,3,VERIFIED,,,,,True,,,,,False,lEvClrQmsEGG3nc40t8yB+rfxAVranhG90qUve4m170=,2e33b89f38263f2dda6085adf42b471980c28140e1e14d9b43236d89dd5f2a58,LVS6iX3xyk+AW89N8K7wd5i2P+GtpUmTpzID/3W7LU4=,713ec7cf7886ce1c3d16c2cd4002d3a7d3ca98dac444833853433047cdd04ee9,l4gLTRLnvNRWTSf5aOiIClbihliFtl5iY+GyjrEF0EQ=,d2de0eecb364b6ad6dfd68c57fbb2b61edd7f408c047202d5ab95910a24e2627,"T3: xMK submit share (round-level finalize), noise=0.000",reference_python,n=|logq=|scale=|scheme=alg_xmk_ckks,xmk_agg_pk:ff832745a25ad5f0,,,,,,,,,a9d5cbcf3a687d02b0ad054bf237e7b2ccb621a0d1869315adf429344f5abf03,,5c41aa2519ec6e0c870650993fbcda4f0cac43bc3e1e49ea28ba36c97cce7ba7,audit_trails/artifacts/ciphertext_attestations/T3_XMK_CKKS_TADP_client_001_r3_19db58d048866219__5c41aa2519ec6e0c.json,,,,,,,,,,,,,,,129e7a6388c5a9633f3ab1ad56cc3078b69ee54b411c3ba3e7cd7a32d83d8569,719fa36530037c44d5c72c1d9f95c8c5fc2eed86bbe25db9bb3917b490033722,,
493,54fdfc95fad4848723d05107667e4866,9009c28128737f7948fb54beb932f446c0ce27d5cbdefb4938dce83226ac7abd,2026-08-24T23:11:39.685962+00:00,TADP-SEC/14.0,CLIENT_ACCEPTED_SUBMISSION,T3_XMK_CKKS_TADP,,,,client_001,,,,,,,,,,,2.3-phase1-fixed-threshold-critical-floor-review-profile,e910eb11d46f5a33a9f6a7d996c6c242f2a4caa089255874076d8ae12155dc94,2e5e1ea61ea1c71b07c235b309bb618daac98643cb3c0843acb266cd6b876512,cd72ec3b4911418e9899eae9aed63fa15aaf66633d0cb863f54d9ac8508d934e,833c0f503995ec3e68f8d11c30f392b1e756db044036faa02ce898eac71d1c91,VALIDATED_EVIDENCE_BUNDLE,,,,,,,,,,,,,,,,,,,,,,,,UPDATE_SUBMITTED_ENFORCED,,False,NOT_REQUIRED_AUTOMATED_POLICY,False,,,,,,,,,,,,,C3_CONFIDENTIAL,3,,,,,,,,6401d449cad49398af2f5e4da9bd6c0fbdde3a2a57f8a422907de7f0354cd145,71adf2c7741ed63f779fe8cebf9b4d1363fd18da1c5a49e39f32ec63cb8262f2,,,2026-08-25T22:32:04.883782+00:00,05d643eacd2e138abca3623eb5a128ed,,,,,fb63ad8d3efafa169d1d780f0fd98eb9d0fa040b355030352fd516ac14f60e73,a12629a8584be159654cb43a34d61f7e3ba83578b693297a43ae1e05bbea72ec,,,2026-08-25T23:11:13.881678+00:00,75d46ecd684a2dc4b6a8e27daff7fed8db3fae5cae653b9ddb3099795df8cd6c,active,,,4,ACCEPTED,ALL_BASELINE_CONTROLS,,,,True,True,True,True,True,False,TiRpqTO/gPE2om5YFckw+mfkvDfcw0JYi8+nbhMSEwQ=,81c1a0c4b0b5072a391e0208a6192f556b1d283c4c56ae9454e43a7847101e77,LVS6iX3xyk+AW89N8K7wd5i2P+GtpUmTpzID/3W7LU4=,ecc07fac97986526f580ca5a1d593cb99df2fa014d1a710187cfb36623252a5b,hrofimCwmyv8kU7ACB2I6ifnLHX9CU8twNDDFV8rqKo=,d2de0eecb364b6ad6dfd68c57fbb2b61edd7f408c047202d5ab95910a24e2627,,,,,,,,,,,,,,,,,af2d2e78432cb54e4bd443b61051825d5c57cd6e440d6e2cc959085a1c83a196,audit_trails/artifacts/accepted_runtime_submissions/T3_XMK_CKKS_TADP_client_001_r4_81c1a0c4b0b5072a__af2d2e78432cb54e.json,,,,,,,,,,,,,719fa36530037c44d5c72c1d9f95c8c5fc2eed86bbe25db9bb3917b490033722,296838c8769308960d816beef0b71deb88b5927c9e628bf4bb674866cf95b3c5,,
494,d672ecdd4cb599200b8300c18cd34533,9009c28128737f7948fb54beb932f446c0ce27d5cbdefb4938dce83226ac7abd,2026-08-24T23:11:40.039233+00:00,TADP-SEC/14.0,CLIENT_CIPHERTEXT_BINDING,T3_XMK_CKKS_TADP,,,,client_001,,,,,,,,,,,,,,,,,,,,,,,,,,,,,,,,,,,,,,,,CIPHERTEXT_BOUND_TO_SIGNED_UPDATE,,,,,,,,,,,,,,,,,C3_CONFIDENTIAL,3,,,,,,,,,,,,,05d643eacd2e138abca3623eb5a128ed,,,,,,,,,,,,,,4,VERIFIED,,,,,True,,,,,False,TiRpqTO/gPE2om5YFckw+mfkvDfcw0JYi8+nbhMSEwQ=,81c1a0c4b0b5072a391e0208a6192f556b1d283c4c56ae9454e43a7847101e77,LVS6iX3xyk+AW89N8K7wd5i2P+GtpUmTpzID/3W7LU4=,5f3722901f68d8f7ad0a965b60570c4788677f496aa0cff412c426e55720f70e,hrofimCwmyv8kU7ACB2I6ifnLHX9CU8twNDDFV8rqKo=,d2de0eecb364b6ad6dfd68c57fbb2b61edd7f408c047202d5ab95910a24e2627,"T3: xMK submit share (round-level finalize), noise=0.000",reference_python,n=|logq=|scale=|scheme=alg_xmk_ckks,xmk_agg_pk:ff832745a25ad5f0,,,,,,,,,3b41b79d1fbd5c98fad0af4a4f4840a64e965953747ba9dab0abac95263f6cbe,,b161089774130c8577bd34847e907c8e6c8809ae022e6168a8a4ab1a83600444,audit_trails/artifacts/ciphertext_attestations/T3_XMK_CKKS_TADP_client_001_r4_d757fa654b6886d7__b161089774130c85.json,,,,,,,,,,,,,,,296838c8769308960d816beef0b71deb88b5927c9e628bf4bb674866cf95b3c5,5674e92a6d11705419f3224291e31702fc2643c458f59462c64e1584bafe9dd7,,
495,8694ef1f89567b0a987f6817e1326504,9009c28128737f7948fb54beb932f446c0ce27d5cbdefb4938dce83226ac7abd,2026-08-24T23:11:46.810946+00:00,TADP-SEC/14.0,CLIENT_ACCEPTED_SUBMISSION,T3_XMK_CKKS_TADP,,,,client_001,,,,,,,,,,,2.3-phase1-fixed-threshold-critical-floor-review-profile,e910eb11d46f5a33a9f6a7d996c6c242f2a4caa089255874076d8ae12155dc94,2e5e1ea61ea1c71b07c235b309bb618daac98643cb3c0843acb266cd6b876512,cd72ec3b4911418e9899eae9aed63fa15aaf66633d0cb863f54d9ac8508d934e,833c0f503995ec3e68f8d11c30f392b1e756db044036faa02ce898eac71d1c91,VALIDATED_EVIDENCE_BUNDLE,,,,,,,,,,,,,,,,,,,,,,,,UPDATE_SUBMITTED_ENFORCED,,False,NOT_REQUIRED_AUTOMATED_POLICY,False,,,,,,,,,,,,,C3_CONFIDENTIAL,3,,,,,,,,6401d449cad49398af2f5e4da9bd6c0fbdde3a2a57f8a422907de7f0354cd145,71adf2c7741ed63f779fe8cebf9b4d1363fd18da1c5a49e39f32ec63cb8262f2,,,2026-08-25T22:32:04.883782+00:00,05d643eacd2e138abca3623eb5a128ed,,,,,fb63ad8d3efafa169d1d780f0fd98eb9d0fa040b355030352fd516ac14f60e73,a12629a8584be159654cb43a34d61f7e3ba83578b693297a43ae1e05bbea72ec,,,2026-08-25T23:11:13.881678+00:00,75d46ecd684a2dc4b6a8e27daff7fed8db3fae5cae653b9ddb3099795df8cd6c,active,,,5,ACCEPTED,ALL_BASELINE_CONTROLS,,,,True,True,True,True,True,False,aU3Sm2RSHVsu17g9RhZOzWPa/DJTKrg3niG0VFHU9hY=,88d1ee563cf53417a0e94bd1297d072cb1375eddf4daf8d24eb45371292345a1,LVS6iX3xyk+AW89N8K7wd5i2P+GtpUmTpzID/3W7LU4=,38228ae50bb617a780af9a06351810bb3f5ac8af26747a17d8a74abffd46193a,aPhDxGgy2tOOp/8LXO57WL7MA3mYkLEHN2/JOTe2wh0=,d2de0eecb364b6ad6dfd68c57fbb2b61edd7f408c047202d5ab95910a24e2627,,,,,,,,,,,,,,,,,586a712ebdcb5629a0bd684d48c264de195e9c8879212cefb1ad4906a6545f41,audit_trails/artifacts/accepted_runtime_submissions/T3_XMK_CKKS_TADP_client_001_r5_88d1ee563cf53417__586a712ebdcb5629.json,,,,,,,,,,,,,5674e92a6d11705419f3224291e31702fc2643c458f59462c64e1584bafe9dd7,cb1cdb6172e772182fa5239176756de6f6b91f4979a88c661b12936e3c883c8b,,
496,f1bf1186ca18b981cc9a59c7038edd57,9009c28128737f7948fb54beb932f446c0ce27d5cbdefb4938dce83226ac7abd,2026-08-24T23:11:47.150198+00:00,TADP-SEC/14.0,CLIENT_CIPHERTEXT_BINDING,T3_XMK_CKKS_TADP,,,,client_001,,,,,,,,,,,,,,,,,,,,,,,,,,,,,,,,,,,,,,,,CIPHERTEXT_BOUND_TO_SIGNED_UPDATE,,,,,,,,,,,,,,,,,C3_CONFIDENTIAL,3,,,,,,,,,,,,,05d643eacd2e138abca3623eb5a128ed,,,,,,,,,,,,,,5,VERIFIED,,,,,True,,,,,False,aU3Sm2RSHVsu17g9RhZOzWPa/DJTKrg3niG0VFHU9hY=,88d1ee563cf53417a0e94bd1297d072cb1375eddf4daf8d24eb45371292345a1,LVS6iX3xyk+AW89N8K7wd5i2P+GtpUmTpzID/3W7LU4=,ac53a4f445a54890f356ded6499808c5ebda435991e214d6d1eb12b9e3503a56,aPhDxGgy2tOOp/8LXO57WL7MA3mYkLEHN2/JOTe2wh0=,d2de0eecb364b6ad6dfd68c57fbb2b61edd7f408c047202d5ab95910a24e2627,"T3: xMK submit share (round-level finalize), noise=0.000",reference_python,n=|logq=|scale=|scheme=alg_xmk_ckks,xmk_agg_pk:ff832745a25ad5f0,,,,,,,,,c65be1d1cbc6cca23a18f5497074424e1e8dbce9f25b5372dd2a7b8f3d089f58,,346ce9a458d0c8a85413b5da6c7a35b20aa2b7dd3e1d8c75c11d54adaded77bc,audit_trails/artifacts/ciphertext_attestations/T3_XMK_CKKS_TADP_client_001_r5_4c1268426b790d84__346ce9a458d0c8a8.json,,,,,,,,,,,,,,,cb1cdb6172e772182fa5239176756de6f6b91f4979a88c661b12936e3c883c8b,5843d1ee44ff4908c4062696e5faebbbba4e70791e58bf6cdded388f30d97088,,
497,1928ddf5af8aa1fd07cf7b11a1238089,9009c28128737f7948fb54beb932f446c0ce27d5cbdefb4938dce83226ac7abd,2026-08-24T23:11:54.810281+00:00,TADP-SEC/14.0,CLIENT_ACCEPTED_SUBMISSION,T3_XMK_CKKS_TADP,,,,client_001,,,,,,,,,,,2.3-phase1-fixed-threshold-critical-floor-review-profile,e910eb11d46f5a33a9f6a7d996c6c242f2a4caa089255874076d8ae12155dc94,2e5e1ea61ea1c71b07c235b309bb618daac98643cb3c0843acb266cd6b876512,cd72ec3b4911418e9899eae9aed63fa15aaf66633d0cb863f54d9ac8508d934e,833c0f503995ec3e68f8d11c30f392b1e756db044036faa02ce898eac71d1c91,VALIDATED_EVIDENCE_BUNDLE,,,,,,,,,,,,,,,,,,,,,,,,UPDATE_SUBMITTED_ENFORCED,,False,NOT_REQUIRED_AUTOMATED_POLICY,False,,,,,,,,,,,,,C3_CONFIDENTIAL,3,,,,,,,,6401d449cad49398af2f5e4da9bd6c0fbdde3a2a57f8a422907de7f0354cd145,71adf2c7741ed63f779fe8cebf9b4d1363fd18da1c5a49e39f32ec63cb8262f2,,,2026-08-25T22:32:04.883782+00:00,05d643eacd2e138abca3623eb5a128ed,,,,,fb63ad8d3efafa169d1d780f0fd98eb9d0fa040b355030352fd516ac14f60e73,a12629a8584be159654cb43a34d61f7e3ba83578b693297a43ae1e05bbea72ec,,,2026-08-25T23:11:13.881678+00:00,75d46ecd684a2dc4b6a8e27daff7fed8db3fae5cae653b9ddb3099795df8cd6c,active,,,6,ACCEPTED,ALL_BASELINE_CONTROLS,,,,True,True,True,True,True,False,lVoQ6AZ2sA4Y/KFtDFRSUh9B1CbpVTY4/TR2FG/dpd0=,360d9f7e289a838974a7840dd489bfd1dd329ec6d117159170b76ed98f0a4729,LVS6iX3xyk+AW89N8K7wd5i2P+GtpUmTpzID/3W7LU4=,4fd8cd2d216973c9d0e90a3231c730edaaeada2ea58ea16899230cc3c4da77c8,wFqgOmqWZ/w60ARzxkqJkXqfCzEk2yoi2gZF/3kwqcg=,d2de0eecb364b6ad6dfd68c57fbb2b61edd7f408c047202d5ab95910a24e2627,,,,,,,,,,,,,,,,,3f4e959551b2213d42546de47f30d8ba3aad5d485541584d9cb2696ce5a436cc,audit_trails/artifacts/accepted_runtime_submissions/T3_XMK_CKKS_TADP_client_001_r6_360d9f7e289a8389__3f4e959551b2213d.json,,,,,,,,,,,,,5843d1ee44ff4908c4062696e5faebbbba4e70791e58bf6cdded388f30d97088,ae365d2bba4bab967eb131a115d6573d4d31f065d918d33be0961f1eddaf665b,,
498,dd438fd149fa8f9ca4e5441b635122cd,9009c28128737f7948fb54beb932f446c0ce27d5cbdefb4938dce83226ac7abd,2026-08-24T23:11:55.148151+00:00,TADP-SEC/14.0,CLIENT_CIPHERTEXT_BINDING,T3_XMK_CKKS_TADP,,,,client_001,,,,,,,,,,,,,,,,,,,,,,,,,,,,,,,,,,,,,,,,CIPHERTEXT_BOUND_TO_SIGNED_UPDATE,,,,,,,,,,,,,,,,,C3_CONFIDENTIAL,3,,,,,,,,,,,,,05d643eacd2e138abca3623eb5a128ed,,,,,,,,,,,,,,6,VERIFIED,,,,,True,,,,,False,lVoQ6AZ2sA4Y/KFtDFRSUh9B1CbpVTY4/TR2FG/dpd0=,360d9f7e289a838974a7840dd489bfd1dd329ec6d117159170b76ed98f0a4729,LVS6iX3xyk+AW89N8K7wd5i2P+GtpUmTpzID/3W7LU4=,a772bdc0ae2cf1e925833f5d0a05eddac88c5ed86f966939edcce69bbe478518,wFqgOmqWZ/w60ARzxkqJkXqfCzEk2yoi2gZF/3kwqcg=,d2de0eecb364b6ad6dfd68c57fbb2b61edd7f408c047202d5ab95910a24e2627,"T3: xMK submit share (round-level finalize), noise=0.000",reference_python,n=|logq=|scale=|scheme=alg_xmk_ckks,xmk_agg_pk:ff832745a25ad5f0,,,,,,,,,e540095ffb1f39e1c6d99f1b7f4d54a21fa4b64c9b305036a5e9f37c85b578bc,,6705c63a8e0e4599710b596c1771deace04dac8a91e1e1f512683e1a755843eb,audit_trails/artifacts/ciphertext_attestations/T3_XMK_CKKS_TADP_client_001_r6_fed053b6f8c70692__6705c63a8e0e4599.json,,,,,,,,,,,,,,,ae365d2bba4bab967eb131a115d6573d4d31f065d918d33be0961f1eddaf665b,86e83df5ac4cc793dec755ca6a2213fe6ccf17df6bfb71df017e025a7486ce32,,
499,3a071b3df076b346776ad33c7e09dd89,9009c28128737f7948fb54beb932f446c0ce27d5cbdefb4938dce83226ac7abd,2026-08-24T23:12:01.941609+00:00,TADP-SEC/14.0,CLIENT_ACCEPTED_SUBMISSION,T3_XMK_CKKS_TADP,,,,client_001,,,,,,,,,,,2.3-phase1-fixed-threshold-critical-floor-review-profile,e910eb11d46f5a33a9f6a7d996c6c242f2a4caa089255874076d8ae12155dc94,2e5e1ea61ea1c71b07c235b309bb618daac98643cb3c0843acb266cd6b876512,cd72ec3b4911418e9899eae9aed63fa15aaf66633d0cb863f54d9ac8508d934e,833c0f503995ec3e68f8d11c30f392b1e756db044036faa02ce898eac71d1c91,VALIDATED_EVIDENCE_BUNDLE,,,,,,,,,,,,,,,,,,,,,,,,UPDATE_SUBMITTED_ENFORCED,,False,NOT_REQUIRED_AUTOMATED_POLICY,False,,,,,,,,,,,,,C3_CONFIDENTIAL,3,,,,,,,,6401d449cad49398af2f5e4da9bd6c0fbdde3a2a57f8a422907de7f0354cd145,71adf2c7741ed63f779fe8cebf9b4d1363fd18da1c5a49e39f32ec63cb8262f2,,,2026-08-25T22:32:04.883782+00:00,05d643eacd2e138abca3623eb5a128ed,,,,,fb63ad8d3efafa169d1d780f0fd98eb9d0fa040b355030352fd516ac14f60e73,a12629a8584be159654cb43a34d61f7e3ba83578b693297a43ae1e05bbea72ec,,,2026-08-25T23:11:13.881678+00:00,75d46ecd684a2dc4b6a8e27daff7fed8db3fae5cae653b9ddb3099795df8cd6c,active,,,7,ACCEPTED,ALL_BASELINE_CONTROLS,,,,True,True,True,True,True,False,wp2SK/kVXDvq8+Zc8DbIFxvT5kOXykvMLoe9ebXvRMY=,2b245819451dea658fce06ed0d67c232b34543ac4f9d52ed7fc2c2a1878600f0,LVS6iX3xyk+AW89N8K7wd5i2P+GtpUmTpzID/3W7LU4=,83fa99111a518004e0781ebc280c57bc97bb8e1747821c1052d4e3ba03fb2d27,e0InW3n4ekifT40BReRo5d1osQBXBIo71iT0vF9aC20=,d2de0eecb364b6ad6dfd68c57fbb2b61edd7f408c047202d5ab95910a24e2627,,,,,,,,,,,,,,,,,140406f55ce2390e08cbe8d49dd153b69f971d123e010d8fdbe1fbc42e9f1919,audit_trails/artifacts/accepted_runtime_submissions/T3_XMK_CKKS_TADP_client_001_r7_2b245819451dea65__140406f55ce2390e.json,,,,,,,,,,,,,86e83df5ac4cc793dec755ca6a2213fe6ccf17df6bfb71df017e025a7486ce32,9922303edc8a91b4fd9c0de7b34343c64421aa8c77888069b5fe435dde9d7b4c,,
500,27dfc507ba01917266c0042850627fa4,9009c28128737f7948fb54beb932f446c0ce27d5cbdefb4938dce83226ac7abd,2026-08-24T23:12:02.298173+00:00,TADP-SEC/14.0,CLIENT_CIPHERTEXT_BINDING,T3_XMK_CKKS_TADP,,,,client_001,,,,,,,,,,,,,,,,,,,,,,,,,,,,,,,,,,,,,,,,CIPHERTEXT_BOUND_TO_SIGNED_UPDATE,,,,,,,,,,,,,,,,,C3_CONFIDENTIAL,3,,,,,,,,,,,,,05d643eacd2e138abca3623eb5a128ed,,,,,,,,,,,,,,7,VERIFIED,,,,,True,,,,,False,wp2SK/kVXDvq8+Zc8DbIFxvT5kOXykvMLoe9ebXvRMY=,2b245819451dea658fce06ed0d67c232b34543ac4f9d52ed7fc2c2a1878600f0,LVS6iX3xyk+AW89N8K7wd5i2P+GtpUmTpzID/3W7LU4=,d0749e7aed0f2f8fae61afc8b4a6b199919e50735177eea31b23fad6e2461f6a,e0InW3n4ekifT40BReRo5d1osQBXBIo71iT0vF9aC20=,d2de0eecb364b6ad6dfd68c57fbb2b61edd7f408c047202d5ab95910a24e2627,"T3: xMK submit share (round-level finalize), noise=0.000",reference_python,n=|logq=|scale=|scheme=alg_xmk_ckks,xmk_agg_pk:ff832745a25ad5f0,,,,,,,,,30d8531721b9691f22ad759dd4bde7a873795b14c312fd8026fb0b2ac3cac58d,,a9ccc5ea7c2e8c772c8c52a9b4bd4b8f4352d16b756bab0a5a61dfdf2150213c,audit_trails/artifacts/ciphertext_attestations/T3_XMK_CKKS_TADP_client_001_r7_e28d8407901bc915__a9ccc5ea7c2e8c77.json,,,,,,,,,,,,,,,9922303edc8a91b4fd9c0de7b34343c64421aa8c77888069b5fe435dde9d7b4c,77b78fe3b2b45c57d287d33a737b94d64999fce5b02778fd5ae2bf7adb946471,,
501,bd085fa2a040520a99b76ff2d45af34e,9009c28128737f7948fb54beb932f446c0ce27d5cbdefb4938dce83226ac7abd,2026-08-24T23:12:10.003216+00:00,TADP-SEC/14.0,CLIENT_ACCEPTED_SUBMISSION,T3_XMK_CKKS_TADP,,,,client_001,,,,,,,,,,,2.3-phase1-fixed-threshold-critical-floor-review-profile,e910eb11d46f5a33a9f6a7d996c6c242f2a4caa089255874076d8ae12155dc94,2e5e1ea61ea1c71b07c235b309bb618daac98643cb3c0843acb266cd6b876512,cd72ec3b4911418e9899eae9aed63fa15aaf66633d0cb863f54d9ac8508d934e,833c0f503995ec3e68f8d11c30f392b1e756db044036faa02ce898eac71d1c91,VALIDATED_EVIDENCE_BUNDLE,,,,,,,,,,,,,,,,,,,,,,,,UPDATE_SUBMITTED_ENFORCED,,False,NOT_REQUIRED_AUTOMATED_POLICY,False,,,,,,,,,,,,,C3_CONFIDENTIAL,3,,,,,,,,6401d449cad49398af2f5e4da9bd6c0fbdde3a2a57f8a422907de7f0354cd145,71adf2c7741ed63f779fe8cebf9b4d1363fd18da1c5a49e39f32ec63cb8262f2,,,2026-08-25T22:32:04.883782+00:00,05d643eacd2e138abca3623eb5a128ed,,,,,fb63ad8d3efafa169d1d780f0fd98eb9d0fa040b355030352fd516ac14f60e73,a12629a8584be159654cb43a34d61f7e3ba83578b693297a43ae1e05bbea72ec,,,2026-08-25T23:11:13.881678+00:00,75d46ecd684a2dc4b6a8e27daff7fed8db3fae5cae653b9ddb3099795df8cd6c,active,,,8,ACCEPTED,ALL_BASELINE_CONTROLS,,,,True,True,True,True,True,False,5oCBDAB+JnOCiEHR/lUFAgHwRHE+hXTtbIkUBlbTuto=,1b644a65c030e1a0c4e5fe6f8efc3599f220028fca1765618327953895e94dc6,LVS6iX3xyk+AW89N8K7wd5i2P+GtpUmTpzID/3W7LU4=,68b4f242752b972c892ae02a83cf159172fde750ffb1f666cae99a919797b6e5,l2ENIkQQ5NaJyCzx0VTFNWiHatN2OxN6DUDpfRSaeEo=,d2de0eecb364b6ad6dfd68c57fbb2b61edd7f408c047202d5ab95910a24e2627,,,,,,,,,,,,,,,,,a70638eab27598ed22258ecf8fff0ff93649fb99dcf4b86c3a665425e1c4e385,audit_trails/artifacts/accepted_runtime_submissions/T3_XMK_CKKS_TADP_client_001_r8_1b644a65c030e1a0__a70638eab27598ed.json,,,,,,,,,,,,,77b78fe3b2b45c57d287d33a737b94d64999fce5b02778fd5ae2bf7adb946471,53531efdef0d1e08a88a16638cdb898cb42ed46a4239d25f22c9c35b8284eb57,,
502,de10663795c8ae9bec494de1e1b35a2a,9009c28128737f7948fb54beb932f446c0ce27d5cbdefb4938dce83226ac7abd,2026-08-24T23:12:10.340018+00:00,TADP-SEC/14.0,CLIENT_CIPHERTEXT_BINDING,T3_XMK_CKKS_TADP,,,,client_001,,,,,,,,,,,,,,,,,,,,,,,,,,,,,,,,,,,,,,,,CIPHERTEXT_BOUND_TO_SIGNED_UPDATE,,,,,,,,,,,,,,,,,C3_CONFIDENTIAL,3,,,,,,,,,,,,,05d643eacd2e138abca3623eb5a128ed,,,,,,,,,,,,,,8,VERIFIED,,,,,True,,,,,False,5oCBDAB+JnOCiEHR/lUFAgHwRHE+hXTtbIkUBlbTuto=,1b644a65c030e1a0c4e5fe6f8efc3599f220028fca1765618327953895e94dc6,LVS6iX3xyk+AW89N8K7wd5i2P+GtpUmTpzID/3W7LU4=,92e775e8fc4dc4bde623a7e477af8921fab9c6cb4f8e02dbaaff4a5ebc344f12,l2ENIkQQ5NaJyCzx0VTFNWiHatN2OxN6DUDpfRSaeEo=,d2de0eecb364b6ad6dfd68c57fbb2b61edd7f408c047202d5ab95910a24e2627,"T3: xMK submit share (round-level finalize), noise=0.000",reference_python,n=|logq=|scale=|scheme=alg_xmk_ckks,xmk_agg_pk:ff832745a25ad5f0,,,,,,,,,adb9a2686a29d15db98e82a136d761fd1205b01346bbabe40bd20e093fe6a926,,6ce70d701f5b5c7b71a2267b401d0306b1720db697e3e511915092ad9d160f79,audit_trails/artifacts/ciphertext_attestations/T3_XMK_CKKS_TADP_client_001_r8_2d397d63e6c5351e__6ce70d701f5b5c7b.json,,,,,,,,,,,,,,,53531efdef0d1e08a88a16638cdb898cb42ed46a4239d25f22c9c35b8284eb57,a89c74b8e463d6c573961cac98fbdb80cb8af53cb391489a3de7fecddc855169,,
503,128cc7593dfbdc32f052342ab573a6b8,9009c28128737f7948fb54beb932f446c0ce27d5cbdefb4938dce83226ac7abd,2026-08-24T23:12:17.305543+00:00,TADP-SEC/14.0,CLIENT_ACCEPTED_SUBMISSION,T3_XMK_CKKS_TADP,,,,client_001,,,,,,,,,,,2.3-phase1-fixed-threshold-critical-floor-review-profile,e910eb11d46f5a33a9f6a7d996c6c242f2a4caa089255874076d8ae12155dc94,2e5e1ea61ea1c71b07c235b309bb618daac98643cb3c0843acb266cd6b876512,cd72ec3b4911418e9899eae9aed63fa15aaf66633d0cb863f54d9ac8508d934e,833c0f503995ec3e68f8d11c30f392b1e756db044036faa02ce898eac71d1c91,VALIDATED_EVIDENCE_BUNDLE,,,,,,,,,,,,,,,,,,,,,,,,UPDATE_SUBMITTED_ENFORCED,,False,NOT_REQUIRED_AUTOMATED_POLICY,False,,,,,,,,,,,,,C3_CONFIDENTIAL,3,,,,,,,,6401d449cad49398af2f5e4da9bd6c0fbdde3a2a57f8a422907de7f0354cd145,71adf2c7741ed63f779fe8cebf9b4d1363fd18da1c5a49e39f32ec63cb8262f2,,,2026-08-25T22:32:04.883782+00:00,05d643eacd2e138abca3623eb5a128ed,,,,,fb63ad8d3efafa169d1d780f0fd98eb9d0fa040b355030352fd516ac14f60e73,a12629a8584be159654cb43a34d61f7e3ba83578b693297a43ae1e05bbea72ec,,,2026-08-25T23:11:13.881678+00:00,75d46ecd684a2dc4b6a8e27daff7fed8db3fae5cae653b9ddb3099795df8cd6c,active,,,9,ACCEPTED,ALL_BASELINE_CONTROLS,,,,True,True,True,True,True,False,3gl6YEv+7QSDCdCDWBATrPba5WCA6R0Zq+ZraIpWO54=,3b9645e4bd28227002c2f37fab2ab9b4975537ea7046d829ab6446b36a9e4ccf,LVS6iX3xyk+AW89N8K7wd5i2P+GtpUmTpzID/3W7LU4=,819fd0e9c22e51fcc0d9483d5bd53e98ea1e355dc426ae9a82fa7370a5bfced2,yK9rtDi1lZ62VUZnqnQ6IPnG2RYJQUJL7Cf7+ju7eLc=,d2de0eecb364b6ad6dfd68c57fbb2b61edd7f408c047202d5ab95910a24e2627,,,,,,,,,,,,,,,,,9aab4421990791d72e6ab1ad7e8680b27ef238ed854874af03e6f0af38ecb471,audit_trails/artifacts/accepted_runtime_submissions/T3_XMK_CKKS_TADP_client_001_r9_3b9645e4bd282270__9aab4421990791d7.json,,,,,,,,,,,,,a89c74b8e463d6c573961cac98fbdb80cb8af53cb391489a3de7fecddc855169,5bb7c6d40f3b1e1fc3cdc979b21cb75817a7c0a107ce3de95e05ca677e12ac8a,,
504,ffde6d88e3667cb998771b62483b632a,9009c28128737f7948fb54beb932f446c0ce27d5cbdefb4938dce83226ac7abd,2026-08-24T23:12:17.783371+00:00,TADP-SEC/14.0,CLIENT_CIPHERTEXT_BINDING,T3_XMK_CKKS_TADP,,,,client_001,,,,,,,,,,,,,,,,,,,,,,,,,,,,,,,,,,,,,,,,CIPHERTEXT_BOUND_TO_SIGNED_UPDATE,,,,,,,,,,,,,,,,,C3_CONFIDENTIAL,3,,,,,,,,,,,,,05d643eacd2e138abca3623eb5a128ed,,,,,,,,,,,,,,9,VERIFIED,,,,,True,,,,,False,3gl6YEv+7QSDCdCDWBATrPba5WCA6R0Zq+ZraIpWO54=,3b9645e4bd28227002c2f37fab2ab9b4975537ea7046d829ab6446b36a9e4ccf,LVS6iX3xyk+AW89N8K7wd5i2P+GtpUmTpzID/3W7LU4=,835b4f7fd87c95b61ef1120d56d7944c60a521c4256c89b7c92f69303a8ce705,yK9rtDi1lZ62VUZnqnQ6IPnG2RYJQUJL7Cf7+ju7eLc=,d2de0eecb364b6ad6dfd68c57fbb2b61edd7f408c047202d5ab95910a24e2627,"T3: xMK submit share (round-level finalize), noise=0.000",reference_python,n=|logq=|scale=|scheme=alg_xmk_ckks,xmk_agg_pk:ff832745a25ad5f0,,,,,,,,,994b85fda2d4925655fca57d93a96f3957c43ab96bb5308c1aed8e57fe31d7bd,,ed449aab0abbd85992af6895c825cef9128a3fbea772891e81c114054fff8898,audit_trails/artifacts/ciphertext_attestations/T3_XMK_CKKS_TADP_client_001_r9_14d895f7810f2217__ed449aab0abbd859.json,,,,,,,,,,,,,,,5bb7c6d40f3b1e1fc3cdc979b21cb75817a7c0a107ce3de95e05ca677e12ac8a,620ad0b253fcb7a2ae592031ccf9c34b8234d017323cf08cfbdffc9f03f9180d,,
505,1dd2e2b5092dbfaccff7ab269b95daf1,9009c28128737f7948fb54beb932f446c0ce27d5cbdefb4938dce83226ac7abd,2026-08-24T23:12:25.003918+00:00,TADP-SEC/14.0,CLIENT_ACCEPTED_SUBMISSION,T3_XMK_CKKS_TADP,,,,client_001,,,,,,,,,,,2.3-phase1-fixed-threshold-critical-floor-review-profile,e910eb11d46f5a33a9f6a7d996c6c242f2a4caa089255874076d8ae12155dc94,2e5e1ea61ea1c71b07c235b309bb618daac98643cb3c0843acb266cd6b876512,cd72ec3b4911418e9899eae9aed63fa15aaf66633d0cb863f54d9ac8508d934e,833c0f503995ec3e68f8d11c30f392b1e756db044036faa02ce898eac71d1c91,VALIDATED_EVIDENCE_BUNDLE,,,,,,,,,,,,,,,,,,,,,,,,UPDATE_SUBMITTED_ENFORCED,,False,NOT_REQUIRED_AUTOMATED_POLICY,False,,,,,,,,,,,,,C3_CONFIDENTIAL,3,,,,,,,,6401d449cad49398af2f5e4da9bd6c0fbdde3a2a57f8a422907de7f0354cd145,71adf2c7741ed63f779fe8cebf9b4d1363fd18da1c5a49e39f32ec63cb8262f2,,,2026-08-25T22:32:04.883782+00:00,05d643eacd2e138abca3623eb5a128ed,,,,,fb63ad8d3efafa169d1d780f0fd98eb9d0fa040b355030352fd516ac14f60e73,a12629a8584be159654cb43a34d61f7e3ba83578b693297a43ae1e05bbea72ec,,,2026-08-25T23:11:13.881678+00:00,75d46ecd684a2dc4b6a8e27daff7fed8db3fae5cae653b9ddb3099795df8cd6c,active,,,10,ACCEPTED,ALL_BASELINE_CONTROLS,,,,True,True,True,True,True,False,vsMk3xp7YPrGhXYralPAaIdf3kC4yuThcBhQruzihAs=,951015aa9f349d45672535033ce6da8dfa5b1b240238bd1a1a5619b8505d2987,LVS6iX3xyk+AW89N8K7wd5i2P+GtpUmTpzID/3W7LU4=,38d52787672fbd5c7eb41567effd0f14c654dfdc5757ca4abe137e938545cafd,MJM9SYzVYtnbC+BtW3Tjbdb9Wf7KLgC8dr7/ET2mev4=,d2de0eecb364b6ad6dfd68c57fbb2b61edd7f408c047202d5ab95910a24e2627,,,,,,,,,,,,,,,,,dc78d684486d76e3b6ea361fde416596b52abc1b5a0702c5c7f8e96828d84cb2,audit_trails/artifacts/accepted_runtime_submissions/T3_XMK_CKKS_TADP_client_001_r10_951015aa9f349d45__dc78d684486d76e3.json,,,,,,,,,,,,,620ad0b253fcb7a2ae592031ccf9c34b8234d017323cf08cfbdffc9f03f9180d,0660abf6663355307d0a2e50ac8907628c8f1d85d58502741849bb9e17156dab,,
506,ead3ad45fdf62960ed6d9f0bf507c0f0,9009c28128737f7948fb54beb932f446c0ce27d5cbdefb4938dce83226ac7abd,2026-08-24T23:12:25.343073+00:00,TADP-SEC/14.0,CLIENT_CIPHERTEXT_BINDING,T3_XMK_CKKS_TADP,,,,client_001,,,,,,,,,,,,,,,,,,,,,,,,,,,,,,,,,,,,,,,,CIPHERTEXT_BOUND_TO_SIGNED_UPDATE,,,,,,,,,,,,,,,,,C3_CONFIDENTIAL,3,,,,,,,,,,,,,05d643eacd2e138abca3623eb5a128ed,,,,,,,,,,,,,,10,VERIFIED,,,,,True,,,,,False,vsMk3xp7YPrGhXYralPAaIdf3kC4yuThcBhQruzihAs=,951015aa9f349d45672535033ce6da8dfa5b1b240238bd1a1a5619b8505d2987,LVS6iX3xyk+AW89N8K7wd5i2P+GtpUmTpzID/3W7LU4=,e9a8af46828f5148a0a242969a96c065eb981e287cedf657d8f3eccd678c01ef,MJM9SYzVYtnbC+BtW3Tjbdb9Wf7KLgC8dr7/ET2mev4=,d2de0eecb364b6ad6dfd68c57fbb2b61edd7f408c047202d5ab95910a24e2627,"T3: xMK submit share (round-level finalize), noise=0.000",reference_python,n=|logq=|scale=|scheme=alg_xmk_ckks,xmk_agg_pk:ff832745a25ad5f0,,,,,,,,,af16c8ae4232166a81c059dd15a94be0c23827840011c797d3850eb0fc847ffa,,71e7b8e508fc91e2ed1ab68d01abd6ca7ddd00692fd9078ec837d6cfd808a655,audit_trails/artifacts/ciphertext_attestations/T3_XMK_CKKS_TADP_client_001_r10_cb518cf093bb6ca3__71e7b8e508fc91e2.json,,,,,,,,,,,,,,,0660abf6663355307d0a2e50ac8907628c8f1d85d58502741849bb9e17156dab,adfed60d2a150a23247e73deacf52d613641c79c9a7c62e033a3039e53050aac,,
507,3bbb6c9a19f70e3f049e808e9579338c,9009c28128737f7948fb54beb932f446c0ce27d5cbdefb4938dce83226ac7abd,2026-08-24T23:12:32.969848+00:00,TADP-SEC/14.0,CLIENT_ACCEPTED_SUBMISSION,T3_XMK_CKKS_TADP,,,,client_001,,,,,,,,,,,2.3-phase1-fixed-threshold-critical-floor-review-profile,e910eb11d46f5a33a9f6a7d996c6c242f2a4caa089255874076d8ae12155dc94,2e5e1ea61ea1c71b07c235b309bb618daac98643cb3c0843acb266cd6b876512,cd72ec3b4911418e9899eae9aed63fa15aaf66633d0cb863f54d9ac8508d934e,833c0f503995ec3e68f8d11c30f392b1e756db044036faa02ce898eac71d1c91,VALIDATED_EVIDENCE_BUNDLE,,,,,,,,,,,,,,,,,,,,,,,,UPDATE_SUBMITTED_ENFORCED,,False,NOT_REQUIRED_AUTOMATED_POLICY,False,,,,,,,,,,,,,C3_CONFIDENTIAL,3,,,,,,,,6401d449cad49398af2f5e4da9bd6c0fbdde3a2a57f8a422907de7f0354cd145,71adf2c7741ed63f779fe8cebf9b4d1363fd18da1c5a49e39f32ec63cb8262f2,,,2026-08-25T22:32:04.883782+00:00,05d643eacd2e138abca3623eb5a128ed,,,,,fb63ad8d3efafa169d1d780f0fd98eb9d0fa040b355030352fd516ac14f60e73,a12629a8584be159654cb43a34d61f7e3ba83578b693297a43ae1e05bbea72ec,,,2026-08-25T23:11:13.881678+00:00,75d46ecd684a2dc4b6a8e27daff7fed8db3fae5cae653b9ddb3099795df8cd6c,active,,,11,ACCEPTED,ALL_BASELINE_CONTROLS,,,,True,True,True,True,True,False,lk5Gp1OWlNEfekAd8lYuBNbL8HQHcFmPVurpCT97cF0=,7e5cafcadf3cb62119e8d28d6ce91a34e3131112b8970ddbc47df708c876d398,LVS6iX3xyk+AW89N8K7wd5i2P+GtpUmTpzID/3W7LU4=,ef5bd88859c38de51ae12a1271e4ab828546a3a8f1146356bb4886fd547b1e5c,QmKOds4DqCixrGlOuEuLtvs+d7GL/OrX5PRn91t1us8=,d2de0eecb364b6ad6dfd68c57fbb2b61edd7f408c047202d5ab95910a24e2627,,,,,,,,,,,,,,,,,9314ae5712d9510d5606e6e132e6d092c0cf4c83af13f2cc938e49d730dfee4b,audit_trails/artifacts/accepted_runtime_submissions/T3_XMK_CKKS_TADP_client_001_r11_7e5cafcadf3cb621__9314ae5712d9510d.json,,,,,,,,,,,,,adfed60d2a150a23247e73deacf52d613641c79c9a7c62e033a3039e53050aac,c82e1e1e4948b94eaf76cd88f673b13ed7ad09c158cc366966307c33d39a3ce4,,
508,0699328bfc2aebe661dcd10aaf9b1873,9009c28128737f7948fb54beb932f446c0ce27d5cbdefb4938dce83226ac7abd,2026-08-24T23:12:33.451019+00:00,TADP-SEC/14.0,CLIENT_CIPHERTEXT_BINDING,T3_XMK_CKKS_TADP,,,,client_001,,,,,,,,,,,,,,,,,,,,,,,,,,,,,,,,,,,,,,,,CIPHERTEXT_BOUND_TO_SIGNED_UPDATE,,,,,,,,,,,,,,,,,C3_CONFIDENTIAL,3,,,,,,,,,,,,,05d643eacd2e138abca3623eb5a128ed,,,,,,,,,,,,,,11,VERIFIED,,,,,True,,,,,False,lk5Gp1OWlNEfekAd8lYuBNbL8HQHcFmPVurpCT97cF0=,7e5cafcadf3cb62119e8d28d6ce91a34e3131112b8970ddbc47df708c876d398,LVS6iX3xyk+AW89N8K7wd5i2P+GtpUmTpzID/3W7LU4=,1a549aad41b870de11d6401ca307b7512a8120ed789a138a25cf1ae644ce88f7,QmKOds4DqCixrGlOuEuLtvs+d7GL/OrX5PRn91t1us8=,d2de0eecb364b6ad6dfd68c57fbb2b61edd7f408c047202d5ab95910a24e2627,"T3: xMK submit share (round-level finalize), noise=0.000",reference_python,n=|logq=|scale=|scheme=alg_xmk_ckks,xmk_agg_pk:ff832745a25ad5f0,,,,,,,,,25799ed3c4409a766d189ccd56c00b55d69337ca15b7d290ad355ea993f00ca7,,90303bdc72a1b8bb8e37241521683a4c88954570b87b98580c907f3f5dcdf948,audit_trails/artifacts/ciphertext_attestations/T3_XMK_CKKS_TADP_client_001_r11_be7c4dc31cf4bb6a__90303bdc72a1b8bb.json,,,,,,,,,,,,,,,c82e1e1e4948b94eaf76cd88f673b13ed7ad09c158cc366966307c33d39a3ce4,5a349905597def101249d80af3e700200d123efc297f1210bd427b8b58a25b47,,
509,2a1423103ad954bb084002837f097fe3,9009c28128737f7948fb54beb932f446c0ce27d5cbdefb4938dce83226ac7abd,2026-08-24T23:12:40.296088+00:00,TADP-SEC/14.0,CLIENT_ACCEPTED_SUBMISSION,T3_XMK_CKKS_TADP,,,,client_001,,,,,,,,,,,2.3-phase1-fixed-threshold-critical-floor-review-profile,e910eb11d46f5a33a9f6a7d996c6c242f2a4caa089255874076d8ae12155dc94,2e5e1ea61ea1c71b07c235b309bb618daac98643cb3c0843acb266cd6b876512,cd72ec3b4911418e9899eae9aed63fa15aaf66633d0cb863f54d9ac8508d934e,833c0f503995ec3e68f8d11c30f392b1e756db044036faa02ce898eac71d1c91,VALIDATED_EVIDENCE_BUNDLE,,,,,,,,,,,,,,,,,,,,,,,,UPDATE_SUBMITTED_ENFORCED,,False,NOT_REQUIRED_AUTOMATED_POLICY,False,,,,,,,,,,,,,C3_CONFIDENTIAL,3,,,,,,,,6401d449cad49398af2f5e4da9bd6c0fbdde3a2a57f8a422907de7f0354cd145,71adf2c7741ed63f779fe8cebf9b4d1363fd18da1c5a49e39f32ec63cb8262f2,,,2026-08-25T22:32:04.883782+00:00,05d643eacd2e138abca3623eb5a128ed,,,,,fb63ad8d3efafa169d1d780f0fd98eb9d0fa040b355030352fd516ac14f60e73,a12629a8584be159654cb43a34d61f7e3ba83578b693297a43ae1e05bbea72ec,,,2026-08-25T23:11:13.881678+00:00,75d46ecd684a2dc4b6a8e27daff7fed8db3fae5cae653b9ddb3099795df8cd6c,active,,,12,ACCEPTED,ALL_BASELINE_CONTROLS,,,,True,True,True,True,True,False,FfZauBGwz6b0qDcmuQPmg/PcFLKNOkI6CJA4NC0pfDI=,9aeed0604268e942ac6848946b08b98eaee8393554a75578fbaaddde3fb25f2b,LVS6iX3xyk+AW89N8K7wd5i2P+GtpUmTpzID/3W7LU4=,838108c3001820132ac2374b75f6028e95af3120af814006535557d0ea58adfb,nn7ej4K/C/bPjbnNitkbTOYjKyzmn2BGP0mYKG6byd0=,d2de0eecb364b6ad6dfd68c57fbb2b61edd7f408c047202d5ab95910a24e2627,,,,,,,,,,,,,,,,,7df2299a6a0dac89f3d63ff12205dc4cb194c0106a84f290d4bd088b4eb7fc05,audit_trails/artifacts/accepted_runtime_submissions/T3_XMK_CKKS_TADP_client_001_r12_9aeed0604268e942__7df2299a6a0dac89.json,,,,,,,,,,,,,5a349905597def101249d80af3e700200d123efc297f1210bd427b8b58a25b47,f5a0a7980f1fac54018e3cdb7fa987f6b37daade55c74148579eb7d74b4f8c76,,
510,8d6eb5b5d2d08373c286cfe429e42fbb,9009c28128737f7948fb54beb932f446c0ce27d5cbdefb4938dce83226ac7abd,2026-08-24T23:12:40.671619+00:00,TADP-SEC/14.0,CLIENT_CIPHERTEXT_BINDING,T3_XMK_CKKS_TADP,,,,client_001,,,,,,,,,,,,,,,,,,,,,,,,,,,,,,,,,,,,,,,,CIPHERTEXT_BOUND_TO_SIGNED_UPDATE,,,,,,,,,,,,,,,,,C3_CONFIDENTIAL,3,,,,,,,,,,,,,05d643eacd2e138abca3623eb5a128ed,,,,,,,,,,,,,,12,VERIFIED,,,,,True,,,,,False,FfZauBGwz6b0qDcmuQPmg/PcFLKNOkI6CJA4NC0pfDI=,9aeed0604268e942ac6848946b08b98eaee8393554a75578fbaaddde3fb25f2b,LVS6iX3xyk+AW89N8K7wd5i2P+GtpUmTpzID/3W7LU4=,48eba729013379437bdc870205eb9409b0f5bdc7a11a9b8b6606b0020f6d39b0,nn7ej4K/C/bPjbnNitkbTOYjKyzmn2BGP0mYKG6byd0=,d2de0eecb364b6ad6dfd68c57fbb2b61edd7f408c047202d5ab95910a24e2627,"T3: xMK submit share (round-level finalize), noise=0.000",reference_python,n=|logq=|scale=|scheme=alg_xmk_ckks,xmk_agg_pk:ff832745a25ad5f0,,,,,,,,,338ffe16e7202b36e2cc49ccb227b6fa8861509bc48c80f256b26e3964816066,,a1ce6f27be2eaef49c86969a2af9758505809a915e30f44910e0ffc96c9d46c7,audit_trails/artifacts/ciphertext_attestations/T3_XMK_CKKS_TADP_client_001_r12_a91dc41235a41f92__a1ce6f27be2eaef4.json,,,,,,,,,,,,,,,f5a0a7980f1fac54018e3cdb7fa987f6b37daade55c74148579eb7d74b4f8c76,07ffeae986debba7882962aaf88ad8fd2418818e4e5480da8e4d5bdca0366120,,
511,a845297c50cc15b1f79a5404024469c9,9009c28128737f7948fb54beb932f446c0ce27d5cbdefb4938dce83226ac7abd,2026-08-24T23:12:48.535580+00:00,TADP-SEC/14.0,CLIENT_ACCEPTED_SUBMISSION,T3_XMK_CKKS_TADP,,,,client_001,,,,,,,,,,,2.3-phase1-fixed-threshold-critical-floor-review-profile,e910eb11d46f5a33a9f6a7d996c6c242f2a4caa089255874076d8ae12155dc94,2e5e1ea61ea1c71b07c235b309bb618daac98643cb3c0843acb266cd6b876512,cd72ec3b4911418e9899eae9aed63fa15aaf66633d0cb863f54d9ac8508d934e,833c0f503995ec3e68f8d11c30f392b1e756db044036faa02ce898eac71d1c91,VALIDATED_EVIDENCE_BUNDLE,,,,,,,,,,,,,,,,,,,,,,,,UPDATE_SUBMITTED_ENFORCED,,False,NOT_REQUIRED_AUTOMATED_POLICY,False,,,,,,,,,,,,,C3_CONFIDENTIAL,3,,,,,,,,6401d449cad49398af2f5e4da9bd6c0fbdde3a2a57f8a422907de7f0354cd145,71adf2c7741ed63f779fe8cebf9b4d1363fd18da1c5a49e39f32ec63cb8262f2,,,2026-08-25T22:32:04.883782+00:00,05d643eacd2e138abca3623eb5a128ed,,,,,fb63ad8d3efafa169d1d780f0fd98eb9d0fa040b355030352fd516ac14f60e73,a12629a8584be159654cb43a34d61f7e3ba83578b693297a43ae1e05bbea72ec,,,2026-08-25T23:11:13.881678+00:00,75d46ecd684a2dc4b6a8e27daff7fed8db3fae5cae653b9ddb3099795df8cd6c,active,,,13,ACCEPTED,ALL_BASELINE_CONTROLS,,,,True,True,True,True,True,False,ppM0JTD1huUNWFjo7Gup/TKwVubkxeDbSH+kzXkGY58=,d133fc13cf13e49bf9db059bd60e8b194901859b58ce500a2f1458424cf24a04,LVS6iX3xyk+AW89N8K7wd5i2P+GtpUmTpzID/3W7LU4=,9874e48c1f8e56c26eab0e411c6f7afde93d873e8398a0a18ee2e91d9b5d9c3b,vKPi3FPqtNZaXjDfcH3txfwgdUv8GMZ14gXmdAKs6eI=,d2de0eecb364b6ad6dfd68c57fbb2b61edd7f408c047202d5ab95910a24e2627,,,,,,,,,,,,,,,,,b70bc9c8a6e1689f47c8cc8837f65ab0d5b3bb628c23b4bf8b5bd0a30a3aec45,audit_trails/artifacts/accepted_runtime_submissions/T3_XMK_CKKS_TADP_client_001_r13_d133fc13cf13e49b__b70bc9c8a6e1689f.json,,,,,,,,,,,,,07ffeae986debba7882962aaf88ad8fd2418818e4e5480da8e4d5bdca0366120,452f2fab14cadc37032e1128476a25cc65b7d6ffe057663a5c56b024039340d1,,
512,d9fac0f5ceee9935197a12f3685a9a13,9009c28128737f7948fb54beb932f446c0ce27d5cbdefb4938dce83226ac7abd,2026-08-24T23:12:48.893290+00:00,TADP-SEC/14.0,CLIENT_CIPHERTEXT_BINDING,T3_XMK_CKKS_TADP,,,,client_001,,,,,,,,,,,,,,,,,,,,,,,,,,,,,,,,,,,,,,,,CIPHERTEXT_BOUND_TO_SIGNED_UPDATE,,,,,,,,,,,,,,,,,C3_CONFIDENTIAL,3,,,,,,,,,,,,,05d643eacd2e138abca3623eb5a128ed,,,,,,,,,,,,,,13,VERIFIED,,,,,True,,,,,False,ppM0JTD1huUNWFjo7Gup/TKwVubkxeDbSH+kzXkGY58=,d133fc13cf13e49bf9db059bd60e8b194901859b58ce500a2f1458424cf24a04,LVS6iX3xyk+AW89N8K7wd5i2P+GtpUmTpzID/3W7LU4=,046cd5deb3e2783b8b95867bcb6319985d398cce840639cd787e52d63d0988e6,vKPi3FPqtNZaXjDfcH3txfwgdUv8GMZ14gXmdAKs6eI=,d2de0eecb364b6ad6dfd68c57fbb2b61edd7f408c047202d5ab95910a24e2627,"T3: xMK submit share (round-level finalize), noise=0.000",reference_python,n=|logq=|scale=|scheme=alg_xmk_ckks,xmk_agg_pk:ff832745a25ad5f0,,,,,,,,,1b791bb2d76619b8865fcface3cae1439e2ce231555125b94be24f3db10c71c7,,f895598169b4c397185a6787089985b59c8ac3a6f61d22820ba0833bc91bee0f,audit_trails/artifacts/ciphertext_attestations/T3_XMK_CKKS_TADP_client_001_r13_c8613385b3b83300__f895598169b4c397.json,,,,,,,,,,,,,,,452f2fab14cadc37032e1128476a25cc65b7d6ffe057663a5c56b024039340d1,c4fd251e36124c6f5c584d6a811ea20bcb81440afa41179d4a64bdd665f06b68,,ZrWZWmxCwM6TclUKYepCnLBGxijvHM1NyGWDewkZl+r8uerQy3nl9MIRia8+5oQBEAaeB1xa2cqflBYYZEV2YFJn47mJJKskTFl6P9OtQUxpA8O2eL1fgCoYg2e9Sq8opXvlQUX8lj09GZ6mZTdypJuYiYY/MULw65x1oOz7NlAVKi1K7gONdb8QeJ/OSyeeEHOJH298r59QbJoWuifQsz+K6zJil3+6YxLNQnH3/501t2bnSt3z/Ww2md2pVgvEb7FhF7rke8tPi4Oi9cdJVuv1o6TjsHFWeUqJLVTUQN3L1kawpUUDu3wuCwuxrf6DSsnBNbmtuGD3sHzjV50Vtw4gm9ZKFHv/sNE1BwtLTXeBpY2HVzppZWfI5Rxj4OI0s6z9GJ2zVsNDLbE+mPgzwT5rYtHskEdGDhaejmw9CpM3yeyL9xB9e7p9rx03pU+MtGSQ0tTooVp5WYFoaCWmFsp1zUGG3LGznAfXDlExNVkW6XxuHxI8Jz07AqU8fyQY
513,da555265c2ab7f10e5739654f452566e,9009c28128737f7948fb54beb932f446c0ce27d5cbdefb4938dce83226ac7abd,2026-08-24T23:12:55.713210+00:00,TADP-SEC/14.0,CLIENT_ACCEPTED_SUBMISSION,T3_XMK_CKKS_TADP,,,,client_001,,,,,,,,,,,2.3-phase1-fixed-threshold-critical-floor-review-profile,e910eb11d46f5a33a9f6a7d996c6c242f2a4caa089255874076d8ae12155dc94,2e5e1ea61ea1c71b07c235b309bb618daac98643cb3c0843acb266cd6b876512,cd72ec3b4911418e9899eae9aed63fa15aaf66633d0cb863f54d9ac8508d934e,833c0f503995ec3e68f8d11c30f392b1e756db044036faa02ce898eac71d1c91,VALIDATED_EVIDENCE_BUNDLE,,,,,,,,,,,,,,,,,,,,,,,,UPDATE_SUBMITTED_ENFORCED,,False,NOT_REQUIRED_AUTOMATED_POLICY,False,,,,,,,,,,,,,C3_CONFIDENTIAL,3,,,,,,,,6401d449cad49398af2f5e4da9bd6c0fbdde3a2a57f8a422907de7f0354cd145,71adf2c7741ed63f779fe8cebf9b4d1363fd18da1c5a49e39f32ec63cb8262f2,,,2026-08-25T22:32:04.883782+00:00,05d643eacd2e138abca3623eb5a128ed,,,,,fb63ad8d3efafa169d1d780f0fd98eb9d0fa040b355030352fd516ac14f60e73,a12629a8584be159654cb43a34d61f7e3ba83578b693297a43ae1e05bbea72ec,,,2026-08-25T23:11:13.881678+00:00,75d46ecd684a2dc4b6a8e27daff7fed8db3fae5cae653b9ddb3099795df8cd6c,active,,,14,ACCEPTED,ALL_BASELINE_CONTROLS,,,,True,True,True,True,True,False,ca4OZzlX2lfKmUOpB3IvE1DJqSKRbeaxjuqSX1m4YSs=,d3a7e2eb319e0cffb04a3a36870280c7770670e14ac2fae57556c1d34d52496f,LVS6iX3xyk+AW89N8K7wd5i2P+GtpUmTpzID/3W7LU4=,735ba49415bbdf439b15e760f9d699f5e64ab8caa2358aea56450ead38dac30d,TnpGlwJcoVm4vOgoKjTaV0KLmrMvhIGt+4J+SGJmHho=,d2de0eecb364b6ad6dfd68c57fbb2b61edd7f408c047202d5ab95910a24e2627,,,,,,,,,,,,,,,,,b17cda5a10a55db0a3ff4295bed92c77a22c94128ec9191968d61354dd207831,audit_trails/artifacts/accepted_runtime_submissions/T3_XMK_CKKS_TADP_client_001_r14_d3a7e2eb319e0cff__b17cda5a10a55db0.json,,,,,,,,,,,,,c4fd251e36124c6f5c584d6a811ea20bcb81440afa41179d4a64bdd665f06b68,a2a85508eaf6db6384f54d561969fe3a62842447ee7c975a9eb59d80b3250bde,,
514,a87992b733678174bbbe88c74be633ac,9009c28128737f7948fb54beb932f446c0ce27d5cbdefb4938dce83226ac7abd,2026-08-24T23:12:56.081282+00:00,TADP-SEC/14.0,CLIENT_CIPHERTEXT_BINDING,T3_XMK_CKKS_TADP,,,,client_001,,,,,,,,,,,,,,,,,,,,,,,,,,,,,,,,,,,,,,,,CIPHERTEXT_BOUND_TO_SIGNED_UPDATE,,,,,,,,,,,,,,,,,C3_CONFIDENTIAL,3,,,,,,,,,,,,,05d643eacd2e138abca3623eb5a128ed,,,,,,,,,,,,,,14,VERIFIED,,,,,True,,,,,False,ca4OZzlX2lfKmUOpB3IvE1DJqSKRbeaxjuqSX1m4YSs=,d3a7e2eb319e0cffb04a3a36870280c7770670e14ac2fae57556c1d34d52496f,LVS6iX3xyk+AW89N8K7wd5i2P+GtpUmTpzID/3W7LU4=,9d3bb5f4449e7921c1acaa73c67809200625b7deca2c98f04206aabbbac80395,TnpGlwJcoVm4vOgoKjTaV0KLmrMvhIGt+4J+SGJmHho=,d2de0eecb364b6ad6dfd68c57fbb2b61edd7f408c047202d5ab95910a24e2627,"T3: xMK submit share (round-level finalize), noise=0.000",reference_python,n=|logq=|scale=|scheme=alg_xmk_ckks,xmk_agg_pk:ff832745a25ad5f0,,,,,,,,,b981e1f10ad1d6583fe7fdf93337413f39bcad7e5e2eec8b0e11e3fa1c74f96d,,fc4deee2af6aaa0a2d0e8858731c0e16140d823d0a0e4a027f7263ffd33de09d,audit_trails/artifacts/ciphertext_attestations/T3_XMK_CKKS_TADP_client_001_r14_a32d59fc2d5a2acf__fc4deee2af6aaa0a.json,,,,,,,,,,,,,,,a2a85508eaf6db6384f54d561969fe3a62842447ee7c975a9eb59d80b3250bde,6a4e9248b17a99e25acf23cfa2e56cc7443fa2ce0e4bdf6fa1942789b2828067,,
515,5efaa11289b1fd536f674763ea8dbe77,9009c28128737f7948fb54beb932f446c0ce27d5cbdefb4938dce83226ac7abd,2026-08-24T23:13:03.794717+00:00,TADP-SEC/14.0,CLIENT_ACCEPTED_SUBMISSION,T3_XMK_CKKS_TADP,,,,client_001,,,,,,,,,,,2.3-phase1-fixed-threshold-critical-floor-review-profile,e910eb11d46f5a33a9f6a7d996c6c242f2a4caa089255874076d8ae12155dc94,2e5e1ea61ea1c71b07c235b309bb618daac98643cb3c0843acb266cd6b876512,cd72ec3b4911418e9899eae9aed63fa15aaf66633d0cb863f54d9ac8508d934e,833c0f503995ec3e68f8d11c30f392b1e756db044036faa02ce898eac71d1c91,VALIDATED_EVIDENCE_BUNDLE,,,,,,,,,,,,,,,,,,,,,,,,UPDATE_SUBMITTED_ENFORCED,,False,NOT_REQUIRED_AUTOMATED_POLICY,False,,,,,,,,,,,,,C3_CONFIDENTIAL,3,,,,,,,,6401d449cad49398af2f5e4da9bd6c0fbdde3a2a57f8a422907de7f0354cd145,71adf2c7741ed63f779fe8cebf9b4d1363fd18da1c5a49e39f32ec63cb8262f2,,,2026-08-25T22:32:04.883782+00:00,05d643eacd2e138abca3623eb5a128ed,,,,,fb63ad8d3efafa169d1d780f0fd98eb9d0fa040b355030352fd516ac14f60e73,a12629a8584be159654cb43a34d61f7e3ba83578b693297a43ae1e05bbea72ec,,,2026-08-25T23:11:13.881678+00:00,75d46ecd684a2dc4b6a8e27daff7fed8db3fae5cae653b9ddb3099795df8cd6c,active,,,15,ACCEPTED,ALL_BASELINE_CONTROLS,,,,True,True,True,True,True,False,w8JcFrq8oIiR9KPlMu5ClkbPZL+R5YLbCUqWho3KTsQ=,d8fc03969f0189c6d18e6d85b4bcfc22f22934f1dcf6975330a8613783fe16cc,LVS6iX3xyk+AW89N8K7wd5i2P+GtpUmTpzID/3W7LU4=,718b2d9d8085281c32f3e142df391a89a8b3462fe89e4cd3e6edc1948f6c093f,wfPfsVQL6TtgmXe9orLPs+x66BbROGOroJ7kKDtuqUc=,d2de0eecb364b6ad6dfd68c57fbb2b61edd7f408c047202d5ab95910a24e2627,,,,,,,,,,,,,,,,,72d80849b54f2f5fa7110749dc0506208e10016097df8144eb78e034630e9284,audit_trails/artifacts/accepted_runtime_submissions/T3_XMK_CKKS_TADP_client_001_r15_d8fc03969f0189c6__72d80849b54f2f5f.json,,,,,,,,,,,,,6a4e9248b17a99e25acf23cfa2e56cc7443fa2ce0e4bdf6fa1942789b2828067,d19da491d965d0e0dd558b969c1a849af9e2b894e5305310da2664c04f4bd4a3,,
516,d796566c8760cb3d3475fff4d971a415,9009c28128737f7948fb54beb932f446c0ce27d5cbdefb4938dce83226ac7abd,2026-08-24T23:13:04.146812+00:00,TADP-SEC/14.0,CLIENT_CIPHERTEXT_BINDING,T3_XMK_CKKS_TADP,,,,client_001,,,,,,,,,,,,,,,,,,,,,,,,,,,,,,,,,,,,,,,,CIPHERTEXT_BOUND_TO_SIGNED_UPDATE,,,,,,,,,,,,,,,,,C3_CONFIDENTIAL,3,,,,,,,,,,,,,05d643eacd2e138abca3623eb5a128ed,,,,,,,,,,,,,,15,VERIFIED,,,,,True,,,,,False,w8JcFrq8oIiR9KPlMu5ClkbPZL+R5YLbCUqWho3KTsQ=,d8fc03969f0189c6d18e6d85b4bcfc22f22934f1dcf6975330a8613783fe16cc,LVS6iX3xyk+AW89N8K7wd5i2P+GtpUmTpzID/3W7LU4=,88bca5e6b27a80a7b349f72a7c868fb7d36e5716009fc806b8273323fcfa4c24,wfPfsVQL6TtgmXe9orLPs+x66BbROGOroJ7kKDtuqUc=,d2de0eecb364b6ad6dfd68c57fbb2b61edd7f408c047202d5ab95910a24e2627,"T3: xMK submit share (round-level finalize), noise=0.000",reference_python,n=|logq=|scale=|scheme=alg_xmk_ckks,xmk_agg_pk:ff832745a25ad5f0,,,,,,,,,4e4041532da02b6b10d7caef071108ee4281afaeba03e1a415337cf02a6eb658,,7b6190f2b3b22ae21ccf1ae365ca06810b11bee863731870887c9d0f6877440b,audit_trails/artifacts/ciphertext_attestations/T3_XMK_CKKS_TADP_client_001_r15_0b7ca8535b4addb0__7b6190f2b3b22ae2.json,,,,,,,,,,,,,,,d19da491d965d0e0dd558b969c1a849af9e2b894e5305310da2664c04f4bd4a3,99ae9103cabb3e73325786baba36c47bc6597727748e24a7cbd0ffff4322fa06,,
517,e8a2ab4cf9a9e70e13497958b2dab39f,9009c28128737f7948fb54beb932f446c0ce27d5cbdefb4938dce83226ac7abd,2026-08-24T23:13:10.906706+00:00,TADP-SEC/14.0,CLIENT_ACCEPTED_SUBMISSION,T3_XMK_CKKS_TADP,,,,client_001,,,,,,,,,,,2.3-phase1-fixed-threshold-critical-floor-review-profile,e910eb11d46f5a33a9f6a7d996c6c242f2a4caa089255874076d8ae12155dc94,2e5e1ea61ea1c71b07c235b309bb618daac98643cb3c0843acb266cd6b876512,cd72ec3b4911418e9899eae9aed63fa15aaf66633d0cb863f54d9ac8508d934e,833c0f503995ec3e68f8d11c30f392b1e756db044036faa02ce898eac71d1c91,VALIDATED_EVIDENCE_BUNDLE,,,,,,,,,,,,,,,,,,,,,,,,UPDATE_SUBMITTED_ENFORCED,,False,NOT_REQUIRED_AUTOMATED_POLICY,False,,,,,,,,,,,,,C3_CONFIDENTIAL,3,,,,,,,,6401d449cad49398af2f5e4da9bd6c0fbdde3a2a57f8a422907de7f0354cd145,71adf2c7741ed63f779fe8cebf9b4d1363fd18da1c5a49e39f32ec63cb8262f2,,,2026-08-25T22:32:04.883782+00:00,05d643eacd2e138abca3623eb5a128ed,,,,,fb63ad8d3efafa169d1d780f0fd98eb9d0fa040b355030352fd516ac14f60e73,a12629a8584be159654cb43a34d61f7e3ba83578b693297a43ae1e05bbea72ec,,,2026-08-25T23:11:13.881678+00:00,75d46ecd684a2dc4b6a8e27daff7fed8db3fae5cae653b9ddb3099795df8cd6c,active,,,16,ACCEPTED,ALL_BASELINE_CONTROLS,,,,True,True,True,True,True,False,zZnXckSoEEtsTAWqQojZK8KHeEBS4Jeq/MvjWNHOHNE=,a2ac71bc12f89fee686d7b378871ccaaaf2ee9291eeceefc06713bb0d821d191,LVS6iX3xyk+AW89N8K7wd5i2P+GtpUmTpzID/3W7LU4=,e58d0adb91b163991f691a33a714134199ab4e1b2f783b316c41668cf2d0f4ef,fzjMjP3agHeSww2mAu1u1Nn2DEB4M/LBOcDN5YvZkV4=,d2de0eecb364b6ad6dfd68c57fbb2b61edd7f408c047202d5ab95910a24e2627,,,,,,,,,,,,,,,,,e0e738c62046db1f4e6215587db9fb08ce455201dd86773373fab8cf4989c2ac,audit_trails/artifacts/accepted_runtime_submissions/T3_XMK_CKKS_TADP_client_001_r16_a2ac71bc12f89fee__e0e738c62046db1f.json,,,,,,,,,,,,,99ae9103cabb3e73325786baba36c47bc6597727748e24a7cbd0ffff4322fa06,b98af5ddabcbada8fdbbc25469382a4e5b75f9d59173627cab2b070ab2b3cc40,,
518,bd335173ddcd7a6b19209c2b2df055f2,9009c28128737f7948fb54beb932f446c0ce27d5cbdefb4938dce83226ac7abd,2026-08-24T23:13:11.402179+00:00,TADP-SEC/14.0,CLIENT_CIPHERTEXT_BINDING,T3_XMK_CKKS_TADP,,,,client_001,,,,,,,,,,,,,,,,,,,,,,,,,,,,,,,,,,,,,,,,CIPHERTEXT_BOUND_TO_SIGNED_UPDATE,,,,,,,,,,,,,,,,,C3_CONFIDENTIAL,3,,,,,,,,,,,,,05d643eacd2e138abca3623eb5a128ed,,,,,,,,,,,,,,16,VERIFIED,,,,,True,,,,,False,zZnXckSoEEtsTAWqQojZK8KHeEBS4Jeq/MvjWNHOHNE=,a2ac71bc12f89fee686d7b378871ccaaaf2ee9291eeceefc06713bb0d821d191,LVS6iX3xyk+AW89N8K7wd5i2P+GtpUmTpzID/3W7LU4=,8b5edcd67589922fdc4b5d70d91bb76223c92a08cdd996e2be21aec872a35b5b,fzjMjP3agHeSww2mAu1u1Nn2DEB4M/LBOcDN5YvZkV4=,d2de0eecb364b6ad6dfd68c57fbb2b61edd7f408c047202d5ab95910a24e2627,"T3: xMK submit share (round-level finalize), noise=0.000",reference_python,n=|logq=|scale=|scheme=alg_xmk_ckks,xmk_agg_pk:ff832745a25ad5f0,,,,,,,,,81da306b93e81ba0cd7cec8dc442b358023fbcdffca9fd46be0ce4c5167033df,,e33f5db048d7ac20cc949627e8775e0a0f7352dcb94c46cc0fe9d2c4cfe8f3a5,audit_trails/artifacts/ciphertext_attestations/T3_XMK_CKKS_TADP_client_001_r16_ee93ea532b09caab__e33f5db048d7ac20.json,,,,,,,,,,,,,,,b98af5ddabcbada8fdbbc25469382a4e5b75f9d59173627cab2b070ab2b3cc40,373fcf3b7cb58d7f09fda14a53a5442fe294254ba9f1e7e75eaba5616738414a,,
519,b93788dd0c90a6551489edfe5307e512,9009c28128737f7948fb54beb932f446c0ce27d5cbdefb4938dce83226ac7abd,2026-08-24T23:13:18.982365+00:00,TADP-SEC/14.0,CLIENT_ACCEPTED_SUBMISSION,T3_XMK_CKKS_TADP,,,,client_001,,,,,,,,,,,2.3-phase1-fixed-threshold-critical-floor-review-profile,e910eb11d46f5a33a9f6a7d996c6c242f2a4caa089255874076d8ae12155dc94,2e5e1ea61ea1c71b07c235b309bb618daac98643cb3c0843acb266cd6b876512,cd72ec3b4911418e9899eae9aed63fa15aaf66633d0cb863f54d9ac8508d934e,833c0f503995ec3e68f8d11c30f392b1e756db044036faa02ce898eac71d1c91,VALIDATED_EVIDENCE_BUNDLE,,,,,,,,,,,,,,,,,,,,,,,,UPDATE_SUBMITTED_ENFORCED,,False,NOT_REQUIRED_AUTOMATED_POLICY,False,,,,,,,,,,,,,C3_CONFIDENTIAL,3,,,,,,,,6401d449cad49398af2f5e4da9bd6c0fbdde3a2a57f8a422907de7f0354cd145,71adf2c7741ed63f779fe8cebf9b4d1363fd18da1c5a49e39f32ec63cb8262f2,,,2026-08-25T22:32:04.883782+00:00,05d643eacd2e138abca3623eb5a128ed,,,,,fb63ad8d3efafa169d1d780f0fd98eb9d0fa040b355030352fd516ac14f60e73,a12629a8584be159654cb43a34d61f7e3ba83578b693297a43ae1e05bbea72ec,,,2026-08-25T23:11:13.881678+00:00,75d46ecd684a2dc4b6a8e27daff7fed8db3fae5cae653b9ddb3099795df8cd6c,active,,,17,ACCEPTED,ALL_BASELINE_CONTROLS,,,,True,True,True,True,True,False,TB3PkjYim72rYTTUnpXkGDF9XdcemgaEGvalFQJdvbk=,a5a017cdcebbddd7f779ebe8d70a06bc70affb86a1dadb5be4e3f0b798b9601a,LVS6iX3xyk+AW89N8K7wd5i2P+GtpUmTpzID/3W7LU4=,28756ebd9214b8ed86059f5e6fee69dcc6c27cb040a0366e387f212bd5f335ff,IWW3f+TLP9ueqbHoc8rdmgCAscu9lZc8oM+erfG2lIg=,d2de0eecb364b6ad6dfd68c57fbb2b61edd7f408c047202d5ab95910a24e2627,,,,,,,,,,,,,,,,,3754a541f548e45cdb8f8bef7de821a65d763ae091e7faeb171673a3f300181e,audit_trails/artifacts/accepted_runtime_submissions/T3_XMK_CKKS_TADP_client_001_r17_a5a017cdcebbddd7__3754a541f548e45c.json,,,,,,,,,,,,,373fcf3b7cb58d7f09fda14a53a5442fe294254ba9f1e7e75eaba5616738414a,cce8da2098657aafc3265fceddd35d2be57c6e2b8052b83d12ff71f64ff25f7d,,
520,9b828ac5aea9e61f53c92f96ebd7946c,9009c28128737f7948fb54beb932f446c0ce27d5cbdefb4938dce83226ac7abd,2026-08-24T23:13:19.324178+00:00,TADP-SEC/14.0,CLIENT_CIPHERTEXT_BINDING,T3_XMK_CKKS_TADP,,,,client_001,,,,,,,,,,,,,,,,,,,,,,,,,,,,,,,,,,,,,,,,CIPHERTEXT_BOUND_TO_SIGNED_UPDATE,,,,,,,,,,,,,,,,,C3_CONFIDENTIAL,3,,,,,,,,,,,,,05d643eacd2e138abca3623eb5a128ed,,,,,,,,,,,,,,17,VERIFIED,,,,,True,,,,,False,TB3PkjYim72rYTTUnpXkGDF9XdcemgaEGvalFQJdvbk=,a5a017cdcebbddd7f779ebe8d70a06bc70affb86a1dadb5be4e3f0b798b9601a,LVS6iX3xyk+AW89N8K7wd5i2P+GtpUmTpzID/3W7LU4=,9c1a41351d2adb50c067db47c311a79b3951bc87e3b7ea7a20470a0d9316ec14,IWW3f+TLP9ueqbHoc8rdmgCAscu9lZc8oM+erfG2lIg=,d2de0eecb364b6ad6dfd68c57fbb2b61edd7f408c047202d5ab95910a24e2627,"T3: xMK submit share (round-level finalize), noise=0.000",reference_python,n=|logq=|scale=|scheme=alg_xmk_ckks,xmk_agg_pk:ff832745a25ad5f0,,,,,,,,,809f8e4cbd68f907f8127d8afe03d3719676d50d758e3c8617b20f4bbdde6c0c,,e17b090b91c60502e9cc28b36e9650c93659dac842031684f7620b185d7a0eab,audit_trails/artifacts/ciphertext_attestations/T3_XMK_CKKS_TADP_client_001_r17_07a39315f4fe92fb__e17b090b91c60502.json,,,,,,,,,,,,,,,cce8da2098657aafc3265fceddd35d2be57c6e2b8052b83d12ff71f64ff25f7d,c15630763ab1f33fb3393542ec768d419a1d2adde8d441f2c67ddb85871a7cdf,,
521,f07dc1664ed29279857c29ffd1bcf973,9009c28128737f7948fb54beb932f446c0ce27d5cbdefb4938dce83226ac7abd,2026-08-24T23:13:26.765844+00:00,TADP-SEC/14.0,CLIENT_ACCEPTED_SUBMISSION,T3_XMK_CKKS_TADP,,,,client_001,,,,,,,,,,,2.3-phase1-fixed-threshold-critical-floor-review-profile,e910eb11d46f5a33a9f6a7d996c6c242f2a4caa089255874076d8ae12155dc94,2e5e1ea61ea1c71b07c235b309bb618daac98643cb3c0843acb266cd6b876512,cd72ec3b4911418e9899eae9aed63fa15aaf66633d0cb863f54d9ac8508d934e,833c0f503995ec3e68f8d11c30f392b1e756db044036faa02ce898eac71d1c91,VALIDATED_EVIDENCE_BUNDLE,,,,,,,,,,,,,,,,,,,,,,,,UPDATE_SUBMITTED_ENFORCED,,False,NOT_REQUIRED_AUTOMATED_POLICY,False,,,,,,,,,,,,,C3_CONFIDENTIAL,3,,,,,,,,6401d449cad49398af2f5e4da9bd6c0fbdde3a2a57f8a422907de7f0354cd145,71adf2c7741ed63f779fe8cebf9b4d1363fd18da1c5a49e39f32ec63cb8262f2,,,2026-08-25T22:32:04.883782+00:00,05d643eacd2e138abca3623eb5a128ed,,,,,fb63ad8d3efafa169d1d780f0fd98eb9d0fa040b355030352fd516ac14f60e73,a12629a8584be159654cb43a34d61f7e3ba83578b693297a43ae1e05bbea72ec,,,2026-08-25T23:11:13.881678+00:00,75d46ecd684a2dc4b6a8e27daff7fed8db3fae5cae653b9ddb3099795df8cd6c,active,,,18,ACCEPTED,ALL_BASELINE_CONTROLS,,,,True,True,True,True,True,False,1SpzjnyRRSJHRPwWDTzHk0Q0BlTQDhinUeenZSDKnHo=,f048574e621654f300b7a9d7dfd9544dfe806f3b1b53b965291733c0b4d4e937,LVS6iX3xyk+AW89N8K7wd5i2P+GtpUmTpzID/3W7LU4=,97f10dddeb6439e25dee2297539c6d204f26415b27bc3ebaffbed5245d584b2e,lIqc7KGs4bajy9Z0CRhDlQfAMyxesO0DYp2tNWm0T94=,d2de0eecb364b6ad6dfd68c57fbb2b61edd7f408c047202d5ab95910a24e2627,,,,,,,,,,,,,,,,,2222bd4aa7a3a05d59891bed9b07e89edd3f616c4ca2cd2176882b8486dc4ab0,audit_trails/artifacts/accepted_runtime_submissions/T3_XMK_CKKS_TADP_client_001_r18_f048574e621654f3__2222bd4aa7a3a05d.json,,,,,,,,,,,,,c15630763ab1f33fb3393542ec768d419a1d2adde8d441f2c67ddb85871a7cdf,c8b641ac80a392728e27d2c7b457c5f527c977879715483bde076e7c91a550ac,,
522,c8409be26c518f26aae9f7e177363f89,9009c28128737f7948fb54beb932f446c0ce27d5cbdefb4938dce83226ac7abd,2026-08-24T23:13:27.266134+00:00,TADP-SEC/14.0,CLIENT_CIPHERTEXT_BINDING,T3_XMK_CKKS_TADP,,,,client_001,,,,,,,,,,,,,,,,,,,,,,,,,,,,,,,,,,,,,,,,CIPHERTEXT_BOUND_TO_SIGNED_UPDATE,,,,,,,,,,,,,,,,,C3_CONFIDENTIAL,3,,,,,,,,,,,,,05d643eacd2e138abca3623eb5a128ed,,,,,,,,,,,,,,18,VERIFIED,,,,,True,,,,,False,1SpzjnyRRSJHRPwWDTzHk0Q0BlTQDhinUeenZSDKnHo=,f048574e621654f300b7a9d7dfd9544dfe806f3b1b53b965291733c0b4d4e937,LVS6iX3xyk+AW89N8K7wd5i2P+GtpUmTpzID/3W7LU4=,a8bf8ea6528cc2aa00d62e92613abe4d9d9162f2822aa484dfac1ccf98d6154e,lIqc7KGs4bajy9Z0CRhDlQfAMyxesO0DYp2tNWm0T94=,d2de0eecb364b6ad6dfd68c57fbb2b61edd7f408c047202d5ab95910a24e2627,"T3: xMK submit share (round-level finalize), noise=0.000",reference_python,n=|logq=|scale=|scheme=alg_xmk_ckks,xmk_agg_pk:ff832745a25ad5f0,,,,,,,,,f83268a0fd9cf890d3c5e74da23b0d89c00a07fd776acbeff68b52a10cb3f28f,,c63b6aee89ea8e32986a84062a00c6f00433cc52ff2d0ee903aa5ee37329e6b6,audit_trails/artifacts/ciphertext_attestations/T3_XMK_CKKS_TADP_client_001_r18_6442a34d9235d0ab__c63b6aee89ea8e32.json,,,,,,,,,,,,,,,c8b641ac80a392728e27d2c7b457c5f527c977879715483bde076e7c91a550ac,b518112a62d6d88b3973c0faf0211466647bbe976134a6c0119001d3b1d8654d,,
523,7fd21f8825fa537499deba7479984a43,9009c28128737f7948fb54beb932f446c0ce27d5cbdefb4938dce83226ac7abd,2026-08-24T23:13:34.070103+00:00,TADP-SEC/14.0,CLIENT_ACCEPTED_SUBMISSION,T3_XMK_CKKS_TADP,,,,client_001,,,,,,,,,,,2.3-phase1-fixed-threshold-critical-floor-review-profile,e910eb11d46f5a33a9f6a7d996c6c242f2a4caa089255874076d8ae12155dc94,2e5e1ea61ea1c71b07c235b309bb618daac98643cb3c0843acb266cd6b876512,cd72ec3b4911418e9899eae9aed63fa15aaf66633d0cb863f54d9ac8508d934e,833c0f503995ec3e68f8d11c30f392b1e756db044036faa02ce898eac71d1c91,VALIDATED_EVIDENCE_BUNDLE,,,,,,,,,,,,,,,,,,,,,,,,UPDATE_SUBMITTED_ENFORCED,,False,NOT_REQUIRED_AUTOMATED_POLICY,False,,,,,,,,,,,,,C3_CONFIDENTIAL,3,,,,,,,,6401d449cad49398af2f5e4da9bd6c0fbdde3a2a57f8a422907de7f0354cd145,71adf2c7741ed63f779fe8cebf9b4d1363fd18da1c5a49e39f32ec63cb8262f2,,,2026-08-25T22:32:04.883782+00:00,05d643eacd2e138abca3623eb5a128ed,,,,,fb63ad8d3efafa169d1d780f0fd98eb9d0fa040b355030352fd516ac14f60e73,a12629a8584be159654cb43a34d61f7e3ba83578b693297a43ae1e05bbea72ec,,,2026-08-25T23:11:13.881678+00:00,75d46ecd684a2dc4b6a8e27daff7fed8db3fae5cae653b9ddb3099795df8cd6c,active,,,19,ACCEPTED,ALL_BASELINE_CONTROLS,,,,True,True,True,True,True,False,jUPORQrwMs10bihEwXz6IdRrwYkuzY246xrU7E3zfks=,6b3e3a6afde01062f7a8bcfc2c036d55085ca3e59d0b21a7b45fc337a88e23ca,LVS6iX3xyk+AW89N8K7wd5i2P+GtpUmTpzID/3W7LU4=,4715f097cc6d4606f3265c11f7c1d35367d1f1e1300c6c50f8ad66b49a448abc,14ig7jH7h8jZgffeF6UajZNqBbBndiObK9IpJcyT4Nk=,d2de0eecb364b6ad6dfd68c57fbb2b61edd7f408c047202d5ab95910a24e2627,,,,,,,,,,,,,,,,,3c04c7c01ab26cf3cff4f9c94fff831928c299c0186b3e839491d84656168f66,audit_trails/artifacts/accepted_runtime_submissions/T3_XMK_CKKS_TADP_client_001_r19_6b3e3a6afde01062__3c04c7c01ab26cf3.json,,,,,,,,,,,,,b518112a62d6d88b3973c0faf0211466647bbe976134a6c0119001d3b1d8654d,abb2ee0614ae29818a6f49b8fb8a4d932d36deab054aa56eea96bf141ea125d3,,
524,e6185f0585aca87f1930ca558b8b6bde,9009c28128737f7948fb54beb932f446c0ce27d5cbdefb4938dce83226ac7abd,2026-08-24T23:13:34.416665+00:00,TADP-SEC/14.0,CLIENT_CIPHERTEXT_BINDING,T3_XMK_CKKS_TADP,,,,client_001,,,,,,,,,,,,,,,,,,,,,,,,,,,,,,,,,,,,,,,,CIPHERTEXT_BOUND_TO_SIGNED_UPDATE,,,,,,,,,,,,,,,,,C3_CONFIDENTIAL,3,,,,,,,,,,,,,05d643eacd2e138abca3623eb5a128ed,,,,,,,,,,,,,,19,VERIFIED,,,,,True,,,,,False,jUPORQrwMs10bihEwXz6IdRrwYkuzY246xrU7E3zfks=,6b3e3a6afde01062f7a8bcfc2c036d55085ca3e59d0b21a7b45fc337a88e23ca,LVS6iX3xyk+AW89N8K7wd5i2P+GtpUmTpzID/3W7LU4=,dd193beec77d47ca811ece7ac5bcebdcc243614bca75e622a81afcebdd6cf337,14ig7jH7h8jZgffeF6UajZNqBbBndiObK9IpJcyT4Nk=,d2de0eecb364b6ad6dfd68c57fbb2b61edd7f408c047202d5ab95910a24e2627,"T3: xMK submit share (round-level finalize), noise=0.000",reference_python,n=|logq=|scale=|scheme=alg_xmk_ckks,xmk_agg_pk:ff832745a25ad5f0,,,,,,,,,f42ed6de88f0564c443ae049798f49216dbfe51f7ba7fc4c74e9e7371bb0d215,,41f50e74ce3e768859ecfb612acc40d8d67ea54790a480e63316fa82d6291c76,audit_trails/artifacts/ciphertext_attestations/T3_XMK_CKKS_TADP_client_001_r19_2bdc837058b47c1b__41f50e74ce3e7688.json,,,,,,,,,,,,,,,abb2ee0614ae29818a6f49b8fb8a4d932d36deab054aa56eea96bf141ea125d3,326d5d23bf4331afdba92d605ef1c94471085977076a651bc33a11d6b6a90ed1,,
525,708fc502eaaf8aa9051a05fe77a7be75,9009c28128737f7948fb54beb932f446c0ce27d5cbdefb4938dce83226ac7abd,2026-08-24T23:13:42.324543+00:00,TADP-SEC/14.0,CLIENT_ACCEPTED_SUBMISSION,T3_XMK_CKKS_TADP,,,,client_001,,,,,,,,,,,2.3-phase1-fixed-threshold-critical-floor-review-profile,e910eb11d46f5a33a9f6a7d996c6c242f2a4caa089255874076d8ae12155dc94,2e5e1ea61ea1c71b07c235b309bb618daac98643cb3c0843acb266cd6b876512,cd72ec3b4911418e9899eae9aed63fa15aaf66633d0cb863f54d9ac8508d934e,833c0f503995ec3e68f8d11c30f392b1e756db044036faa02ce898eac71d1c91,VALIDATED_EVIDENCE_BUNDLE,,,,,,,,,,,,,,,,,,,,,,,,UPDATE_SUBMITTED_ENFORCED,,False,NOT_REQUIRED_AUTOMATED_POLICY,False,,,,,,,,,,,,,C3_CONFIDENTIAL,3,,,,,,,,6401d449cad49398af2f5e4da9bd6c0fbdde3a2a57f8a422907de7f0354cd145,71adf2c7741ed63f779fe8cebf9b4d1363fd18da1c5a49e39f32ec63cb8262f2,,,2026-08-25T22:32:04.883782+00:00,05d643eacd2e138abca3623eb5a128ed,,,,,fb63ad8d3efafa169d1d780f0fd98eb9d0fa040b355030352fd516ac14f60e73,a12629a8584be159654cb43a34d61f7e3ba83578b693297a43ae1e05bbea72ec,,,2026-08-25T23:11:13.881678+00:00,75d46ecd684a2dc4b6a8e27daff7fed8db3fae5cae653b9ddb3099795df8cd6c,active,,,20,ACCEPTED,ALL_BASELINE_CONTROLS,,,,True,True,True,True,True,False,gK1c25laAkib7xcdLIFG1XEkA7gbA/xo3oijRb30XqQ=,e931b5c13d2fce141e2515d226df30d1248aff85d24e45c3c0fd18583ef9e967,LVS6iX3xyk+AW89N8K7wd5i2P+GtpUmTpzID/3W7LU4=,fe9713e8886829c0dbaf4aec1f8b27c826feaf9fe90f097da938b3efc8b2d809,5FyXlsr/d3rgtKl/ZfYj0gM9Qu3WQTSFr2jS7CRsuR8=,d2de0eecb364b6ad6dfd68c57fbb2b61edd7f408c047202d5ab95910a24e2627,,,,,,,,,,,,,,,,,73ba65165918a0946c703a974f76d82c2ef1d681ef60cc1c0aaa95c138ace8ff,audit_trails/artifacts/accepted_runtime_submissions/T3_XMK_CKKS_TADP_client_001_r20_e931b5c13d2fce14__73ba65165918a094.json,,,,,,,,,,,,,326d5d23bf4331afdba92d605ef1c94471085977076a651bc33a11d6b6a90ed1,0242325ec67e12c4de722a186377a77402c1f8378d0114bc3bced450ab1b6ffb,,
526,3ffdbaa7948657300e07c643c97b5f53,9009c28128737f7948fb54beb932f446c0ce27d5cbdefb4938dce83226ac7abd,2026-08-24T23:13:42.675540+00:00,TADP-SEC/14.0,CLIENT_CIPHERTEXT_BINDING,T3_XMK_CKKS_TADP,,,,client_001,,,,,,,,,,,,,,,,,,,,,,,,,,,,,,,,,,,,,,,,CIPHERTEXT_BOUND_TO_SIGNED_UPDATE,,,,,,,,,,,,,,,,,C3_CONFIDENTIAL,3,,,,,,,,,,,,,05d643eacd2e138abca3623eb5a128ed,,,,,,,,,,,,,,20,VERIFIED,,,,,True,,,,,False,gK1c25laAkib7xcdLIFG1XEkA7gbA/xo3oijRb30XqQ=,e931b5c13d2fce141e2515d226df30d1248aff85d24e45c3c0fd18583ef9e967,LVS6iX3xyk+AW89N8K7wd5i2P+GtpUmTpzID/3W7LU4=,554d720644096dc63ef77558546cc797028900c816de7a2feb433e62389a1f7c,5FyXlsr/d3rgtKl/ZfYj0gM9Qu3WQTSFr2jS7CRsuR8=,d2de0eecb364b6ad6dfd68c57fbb2b61edd7f408c047202d5ab95910a24e2627,"T3: xMK submit share (round-level finalize), noise=0.000",reference_python,n=|logq=|scale=|scheme=alg_xmk_ckks,xmk_agg_pk:ff832745a25ad5f0,,,,,,,,,d762c757fd20e4e21756e50f8f5d8e875b0c7bbf9ccf0ab77249fd9afaf6e823,,9562f307230cffa3252a0a15343607d3abea35fb35dbb4517cb311947c473795,audit_trails/artifacts/ciphertext_attestations/T3_XMK_CKKS_TADP_client_001_r20_a2e43baeceb1d9ca__9562f307230cffa3.json,,,,,,,,,,,,,,,0242325ec67e12c4de722a186377a77402c1f8378d0114bc3bced450ab1b6ffb,8ae618f75e60a477d2279d59592042a0a18d03727ee5871877ce2b040fdedea0,,
527,a52868cd0ea7d0e2aad634fb177f32a3,9009c28128737f7948fb54beb932f446c0ce27d5cbdefb4938dce83226ac7abd,2026-08-24T23:13:51.732254+00:00,TADP-SEC/14.0,CLIENT_ACCEPTED_SUBMISSION,T3_XMK_CKKS_TADP,,,,client_001,,,,,,,,,,,2.3-phase1-fixed-threshold-critical-floor-review-profile,e910eb11d46f5a33a9f6a7d996c6c242f2a4caa089255874076d8ae12155dc94,2e5e1ea61ea1c71b07c235b309bb618daac98643cb3c0843acb266cd6b876512,cd72ec3b4911418e9899eae9aed63fa15aaf66633d0cb863f54d9ac8508d934e,833c0f503995ec3e68f8d11c30f392b1e756db044036faa02ce898eac71d1c91,VALIDATED_EVIDENCE_BUNDLE,,,,,,,,,,,,,,,,,,,,,,,,UPDATE_SUBMITTED_ENFORCED,,False,NOT_REQUIRED_AUTOMATED_POLICY,False,,,,,,,,,,,,,C3_CONFIDENTIAL,3,,,,,,,,6401d449cad49398af2f5e4da9bd6c0fbdde3a2a57f8a422907de7f0354cd145,71adf2c7741ed63f779fe8cebf9b4d1363fd18da1c5a49e39f32ec63cb8262f2,,,2026-08-25T22:32:04.883782+00:00,64bea7043f150efdac54603ba5b7dfc3,,,,,48ad9c18a89129cb37b2223f76be55fc668aa6d207948886972ea808a73ab788,fb3d22074638b626117fe964c14118080358fef7b59f761108b9655d9da67ac8,,,2026-08-25T23:13:49.031136+00:00,75d46ecd684a2dc4b6a8e27daff7fed8db3fae5cae653b9ddb3099795df8cd6c,active,,,1,ACCEPTED,ALL_BASELINE_CONTROLS,,,,True,True,True,True,True,False,gN4o87DyaGNeRPKytGnYhBi46RUA+eu76J4QDhks84c=,8951e12d00bfc989573bc616a413261ef282c87bbd207f71fcc8a8fd0a9a899a,LVS6iX3xyk+AW89N8K7wd5i2P+GtpUmTpzID/3W7LU4=,1db0ecb7700b6455cb187c47666e26620a874fd8506c922c1d198a4f6961aaa5,rNzxa3/25syPKqkKBt59juZmsu3wgt9TloyYt+j4vME=,d2de0eecb364b6ad6dfd68c57fbb2b61edd7f408c047202d5ab95910a24e2627,,,,,,,,,,,,,,,,,5831959354a12609f2a80c01a07a80c61a8ca3ae91c4f2aeb9a01f4f2408fe0c,audit_trails/artifacts/accepted_runtime_submissions/T3_XMK_CKKS_TADP_client_001_r1_8951e12d00bfc989__5831959354a12609.json,,,,,,,,,,,,,8ae618f75e60a477d2279d59592042a0a18d03727ee5871877ce2b040fdedea0,4134bed1609acdc210d2d5b4650533a6a700360ab7d04fc5bbd18fc223933f95,,
528,c286bb4363c166911d91da04fac6c4f5,9009c28128737f7948fb54beb932f446c0ce27d5cbdefb4938dce83226ac7abd,2026-08-24T23:13:52.216373+00:00,TADP-SEC/14.0,CLIENT_CIPHERTEXT_BINDING,T3_XMK_CKKS_TADP,,,,client_001,,,,,,,,,,,,,,,,,,,,,,,,,,,,,,,,,,,,,,,,CIPHERTEXT_BOUND_TO_SIGNED_UPDATE,,,,,,,,,,,,,,,,,C3_CONFIDENTIAL,3,,,,,,,,,,,,,64bea7043f150efdac54603ba5b7dfc3,,,,,,,,,,,,,,1,VERIFIED,,,,,True,,,,,False,gN4o87DyaGNeRPKytGnYhBi46RUA+eu76J4QDhks84c=,8951e12d00bfc989573bc616a413261ef282c87bbd207f71fcc8a8fd0a9a899a,LVS6iX3xyk+AW89N8K7wd5i2P+GtpUmTpzID/3W7LU4=,b0dd00b9751700925d7a9e4301dc9e69d64dc0af965f158401d316bb63a76aaa,rNzxa3/25syPKqkKBt59juZmsu3wgt9TloyYt+j4vME=,d2de0eecb364b6ad6dfd68c57fbb2b61edd7f408c047202d5ab95910a24e2627,"T3: xMK submit share (round-level finalize), noise=0.000",reference_python,n=|logq=|scale=|scheme=alg_xmk_ckks,xmk_agg_pk:ff832745a25ad5f0,,,,,,,,,d558f7902d0bdbc644faaf2cef3ab8c45b272354ee21b5c22474f5ea8f84ce3e,,4b95b6c0cfb27ac166ca4cc37ea79a5281fe9f12e2e930cde8ce1d431b1982b0,audit_trails/artifacts/ciphertext_attestations/T3_XMK_CKKS_TADP_client_001_r1_4410048237f7d7fc__4b95b6c0cfb27ac1.json,,,,,,,,,,,,,,,4134bed1609acdc210d2d5b4650533a6a700360ab7d04fc5bbd18fc223933f95,feb50b7c8f1caa833a4b4ec753179b6f4d93dca2eca2a3d01a90c713861a1368,,
529,45632b3e729f4568bcfd7af04662876e,9009c28128737f7948fb54beb932f446c0ce27d5cbdefb4938dce83226ac7abd,2026-08-24T23:13:59.771951+00:00,TADP-SEC/14.0,CLIENT_ACCEPTED_SUBMISSION,T3_XMK_CKKS_TADP,,,,client_001,,,,,,,,,,,2.3-phase1-fixed-threshold-critical-floor-review-profile,e910eb11d46f5a33a9f6a7d996c6c242f2a4caa089255874076d8ae12155dc94,2e5e1ea61ea1c71b07c235b309bb618daac98643cb3c0843acb266cd6b876512,cd72ec3b4911418e9899eae9aed63fa15aaf66633d0cb863f54d9ac8508d934e,833c0f503995ec3e68f8d11c30f392b1e756db044036faa02ce898eac71d1c91,VALIDATED_EVIDENCE_BUNDLE,,,,,,,,,,,,,,,,,,,,,,,,UPDATE_SUBMITTED_ENFORCED,,False,NOT_REQUIRED_AUTOMATED_POLICY,False,,,,,,,,,,,,,C3_CONFIDENTIAL,3,,,,,,,,6401d449cad49398af2f5e4da9bd6c0fbdde3a2a57f8a422907de7f0354cd145,71adf2c7741ed63f779fe8cebf9b4d1363fd18da1c5a49e39f32ec63cb8262f2,,,2026-08-25T22:32:04.883782+00:00,64bea7043f150efdac54603ba5b7dfc3,,,,,48ad9c18a89129cb37b2223f76be55fc668aa6d207948886972ea808a73ab788,fb3d22074638b626117fe964c14118080358fef7b59f761108b9655d9da67ac8,,,2026-08-25T23:13:49.031136+00:00,75d46ecd684a2dc4b6a8e27daff7fed8db3fae5cae653b9ddb3099795df8cd6c,active,,,2,ACCEPTED,ALL_BASELINE_CONTROLS,,,,True,True,True,True,True,False,CbEyBD2BEImG0VENqrB/E/5AoUs/hWj/L8TYcTkSa5w=,ca91f33bf41a37f492d90cc5fa670348c7ee70023b7f808f2912040182724707,LVS6iX3xyk+AW89N8K7wd5i2P+GtpUmTpzID/3W7LU4=,86cf95d5363eae679772d8d277a4dedb2664f5d6c3aca3e5c8d1feb0e4d45e72,gARDlx2UThxZqvegviFcW+yDD9Bq9Ytb+Iu814mWR1w=,d2de0eecb364b6ad6dfd68c57fbb2b61edd7f408c047202d5ab95910a24e2627,,,,,,,,,,,,,,,,,7d2bd25b2fb852797fb5543870b386efcce52be1cc79f560869c40b8541fa27a,audit_trails/artifacts/accepted_runtime_submissions/T3_XMK_CKKS_TADP_client_001_r2_ca91f33bf41a37f4__7d2bd25b2fb85279.json,,,,,,,,,,,,,feb50b7c8f1caa833a4b4ec753179b6f4d93dca2eca2a3d01a90c713861a1368,9c2c9b91f34263a4944a999a91336044079767a73601e32872163f152938a5a6,,
530,b9e14a914e204662cd74f55c01cbc824,9009c28128737f7948fb54beb932f446c0ce27d5cbdefb4938dce83226ac7abd,2026-08-24T23:14:00.120711+00:00,TADP-SEC/14.0,CLIENT_CIPHERTEXT_BINDING,T3_XMK_CKKS_TADP,,,,client_001,,,,,,,,,,,,,,,,,,,,,,,,,,,,,,,,,,,,,,,,CIPHERTEXT_BOUND_TO_SIGNED_UPDATE,,,,,,,,,,,,,,,,,C3_CONFIDENTIAL,3,,,,,,,,,,,,,64bea7043f150efdac54603ba5b7dfc3,,,,,,,,,,,,,,2,VERIFIED,,,,,True,,,,,False,CbEyBD2BEImG0VENqrB/E/5AoUs/hWj/L8TYcTkSa5w=,ca91f33bf41a37f492d90cc5fa670348c7ee70023b7f808f2912040182724707,LVS6iX3xyk+AW89N8K7wd5i2P+GtpUmTpzID/3W7LU4=,2ba4058e053a1e1dc60562e05dc75523a0a17abe167ecf25827311d8e164807a,gARDlx2UThxZqvegviFcW+yDD9Bq9Ytb+Iu814mWR1w=,d2de0eecb364b6ad6dfd68c57fbb2b61edd7f408c047202d5ab95910a24e2627,"T3: xMK submit share (round-level finalize), noise=0.000",reference_python,n=|logq=|scale=|scheme=alg_xmk_ckks,xmk_agg_pk:ff832745a25ad5f0,,,,,,,,,a6384eb5e0c6d9d4f51e17acac464a03efd5d5f08d808b9b0ea775311db8b227,,da192870901b5c1c1cfb04450300989fb5bed47e15e38934b639438653fad2bf,audit_trails/artifacts/ciphertext_attestations/T3_XMK_CKKS_TADP_client_001_r2_a0c82c622b6e973a__da192870901b5c1c.json,,,,,,,,,,,,,,,9c2c9b91f34263a4944a999a91336044079767a73601e32872163f152938a5a6,103434384e58c8955d7f643d3a4e8f262f75e76e2e76fde0c2f16c51aa021724,,
531,e40080bc4ff5e76971506185156b23a1,9009c28128737f7948fb54beb932f446c0ce27d5cbdefb4938dce83226ac7abd,2026-08-24T23:14:07.594696+00:00,TADP-SEC/14.0,CLIENT_ACCEPTED_SUBMISSION,T3_XMK_CKKS_TADP,,,,client_001,,,,,,,,,,,2.3-phase1-fixed-threshold-critical-floor-review-profile,e910eb11d46f5a33a9f6a7d996c6c242f2a4caa089255874076d8ae12155dc94,2e5e1ea61ea1c71b07c235b309bb618daac98643cb3c0843acb266cd6b876512,cd72ec3b4911418e9899eae9aed63fa15aaf66633d0cb863f54d9ac8508d934e,833c0f503995ec3e68f8d11c30f392b1e756db044036faa02ce898eac71d1c91,VALIDATED_EVIDENCE_BUNDLE,,,,,,,,,,,,,,,,,,,,,,,,UPDATE_SUBMITTED_ENFORCED,,False,NOT_REQUIRED_AUTOMATED_POLICY,False,,,,,,,,,,,,,C3_CONFIDENTIAL,3,,,,,,,,6401d449cad49398af2f5e4da9bd6c0fbdde3a2a57f8a422907de7f0354cd145,71adf2c7741ed63f779fe8cebf9b4d1363fd18da1c5a49e39f32ec63cb8262f2,,,2026-08-25T22:32:04.883782+00:00,64bea7043f150efdac54603ba5b7dfc3,,,,,48ad9c18a89129cb37b2223f76be55fc668aa6d207948886972ea808a73ab788,fb3d22074638b626117fe964c14118080358fef7b59f761108b9655d9da67ac8,,,2026-08-25T23:13:49.031136+00:00,75d46ecd684a2dc4b6a8e27daff7fed8db3fae5cae653b9ddb3099795df8cd6c,active,,,3,ACCEPTED,ALL_BASELINE_CONTROLS,,,,True,True,True,True,True,False,lomLayW7EX6tvou10iwLfOeZ5VDwjK5xgds1Fo0Hqmg=,bd135a768026c40d635e9bb060e01ac6acdbbb2cdae31d5bfd9903ca393ce577,LVS6iX3xyk+AW89N8K7wd5i2P+GtpUmTpzID/3W7LU4=,60168dabd908757364b234085ac94e3338f71375e93eb53dc3ac835b77b4424e,DvTaA6xOnzwX9ObJ90WAjLMM+aQSB3+Vox1sVVJO7sk=,d2de0eecb364b6ad6dfd68c57fbb2b61edd7f408c047202d5ab95910a24e2627,,,,,,,,,,,,,,,,,216f2e185d6612afa1986d2f7ea94cb5d21de04d86b7aabe36d722f8e2356af4,audit_trails/artifacts/accepted_runtime_submissions/T3_XMK_CKKS_TADP_client_001_r3_bd135a768026c40d__216f2e185d6612af.json,,,,,,,,,,,,,103434384e58c8955d7f643d3a4e8f262f75e76e2e76fde0c2f16c51aa021724,5058dc2491a585af02a7489efc26114938cf4653d18f511144d66e544be41c3f,,
532,d8d605273eacb3deeab0d08c76f19822,9009c28128737f7948fb54beb932f446c0ce27d5cbdefb4938dce83226ac7abd,2026-08-24T23:14:08.074547+00:00,TADP-SEC/14.0,CLIENT_CIPHERTEXT_BINDING,T3_XMK_CKKS_TADP,,,,client_001,,,,,,,,,,,,,,,,,,,,,,,,,,,,,,,,,,,,,,,,CIPHERTEXT_BOUND_TO_SIGNED_UPDATE,,,,,,,,,,,,,,,,,C3_CONFIDENTIAL,3,,,,,,,,,,,,,64bea7043f150efdac54603ba5b7dfc3,,,,,,,,,,,,,,3,VERIFIED,,,,,True,,,,,False,lomLayW7EX6tvou10iwLfOeZ5VDwjK5xgds1Fo0Hqmg=,bd135a768026c40d635e9bb060e01ac6acdbbb2cdae31d5bfd9903ca393ce577,LVS6iX3xyk+AW89N8K7wd5i2P+GtpUmTpzID/3W7LU4=,ed081cfa9f6df7346535c6da7e7d8ce1c56cfb10cc4bc17808b6ba8515d249f3,DvTaA6xOnzwX9ObJ90WAjLMM+aQSB3+Vox1sVVJO7sk=,d2de0eecb364b6ad6dfd68c57fbb2b61edd7f408c047202d5ab95910a24e2627,"T3: xMK submit share (round-level finalize), noise=0.000",reference_python,n=|logq=|scale=|scheme=alg_xmk_ckks,xmk_agg_pk:ff832745a25ad5f0,,,,,,,,,181bfb144f6195df94e820049177ea317032724d23ddf47ed611478dcf3df5bd,,8464cde41cee56c6b711ad0f42611c40ceeb070478ab345a6b02718a95de9250,audit_trails/artifacts/ciphertext_attestations/T3_XMK_CKKS_TADP_client_001_r3_cc8e80bf5d01e302__8464cde41cee56c6.json,,,,,,,,,,,,,,,5058dc2491a585af02a7489efc26114938cf4653d18f511144d66e544be41c3f,d550beaeb6b7df1c1eb64f85476785e518e7a7f0538773ee068f79abaf7b3b5c,,
533,3c52c691d4b116d33a3905b7d44fba01,9009c28128737f7948fb54beb932f446c0ce27d5cbdefb4938dce83226ac7abd,2026-08-24T23:14:14.936143+00:00,TADP-SEC/14.0,CLIENT_ACCEPTED_SUBMISSION,T3_XMK_CKKS_TADP,,,,client_001,,,,,,,,,,,2.3-phase1-fixed-threshold-critical-floor-review-profile,e910eb11d46f5a33a9f6a7d996c6c242f2a4caa089255874076d8ae12155dc94,2e5e1ea61ea1c71b07c235b309bb618daac98643cb3c0843acb266cd6b876512,cd72ec3b4911418e9899eae9aed63fa15aaf66633d0cb863f54d9ac8508d934e,833c0f503995ec3e68f8d11c30f392b1e756db044036faa02ce898eac71d1c91,VALIDATED_EVIDENCE_BUNDLE,,,,,,,,,,,,,,,,,,,,,,,,UPDATE_SUBMITTED_ENFORCED,,False,NOT_REQUIRED_AUTOMATED_POLICY,False,,,,,,,,,,,,,C3_CONFIDENTIAL,3,,,,,,,,6401d449cad49398af2f5e4da9bd6c0fbdde3a2a57f8a422907de7f0354cd145,71adf2c7741ed63f779fe8cebf9b4d1363fd18da1c5a49e39f32ec63cb8262f2,,,2026-08-25T22:32:04.883782+00:00,64bea7043f150efdac54603ba5b7dfc3,,,,,48ad9c18a89129cb37b2223f76be55fc668aa6d207948886972ea808a73ab788,fb3d22074638b626117fe964c14118080358fef7b59f761108b9655d9da67ac8,,,2026-08-25T23:13:49.031136+00:00,75d46ecd684a2dc4b6a8e27daff7fed8db3fae5cae653b9ddb3099795df8cd6c,active,,,4,ACCEPTED,ALL_BASELINE_CONTROLS,,,,True,True,True,True,True,False,DtfdZknaU6g1kqzxlVjQsTW6tGY3weM5IueGT9Oo2uI=,33a326e3f6fbb4b103ac3456c4fafda25ca405ba630d84cec270e1ca2cc8450b,LVS6iX3xyk+AW89N8K7wd5i2P+GtpUmTpzID/3W7LU4=,19218744a8dbf7eb6875bef7609726ec66a205f5648682808b01bc6529ca45e7,1vv+BWZqWBRzytWG30YKz+mFjRhsa4oUv5LAB1/vuBE=,d2de0eecb364b6ad6dfd68c57fbb2b61edd7f408c047202d5ab95910a24e2627,,,,,,,,,,,,,,,,,0c06ff344204081632616dcf48913879909672fd803abfee6ea7349b60b37d31,audit_trails/artifacts/accepted_runtime_submissions/T3_XMK_CKKS_TADP_client_001_r4_33a326e3f6fbb4b1__0c06ff3442040816.json,,,,,,,,,,,,,d550beaeb6b7df1c1eb64f85476785e518e7a7f0538773ee068f79abaf7b3b5c,c4d2c991c18739025051e7c53a202722ddf05c4eec9dc467830fa650db9c7fed,,
534,4bd7ab7a74e8e1a52662077f63cb4c04,9009c28128737f7948fb54beb932f446c0ce27d5cbdefb4938dce83226ac7abd,2026-08-24T23:14:15.272928+00:00,TADP-SEC/14.0,CLIENT_CIPHERTEXT_BINDING,T3_XMK_CKKS_TADP,,,,client_001,,,,,,,,,,,,,,,,,,,,,,,,,,,,,,,,,,,,,,,,CIPHERTEXT_BOUND_TO_SIGNED_UPDATE,,,,,,,,,,,,,,,,,C3_CONFIDENTIAL,3,,,,,,,,,,,,,64bea7043f150efdac54603ba5b7dfc3,,,,,,,,,,,,,,4,VERIFIED,,,,,True,,,,,False,DtfdZknaU6g1kqzxlVjQsTW6tGY3weM5IueGT9Oo2uI=,33a326e3f6fbb4b103ac3456c4fafda25ca405ba630d84cec270e1ca2cc8450b,LVS6iX3xyk+AW89N8K7wd5i2P+GtpUmTpzID/3W7LU4=,8e3c66b691539f83d5023e78dcf0c73e9bba8b2be79d26c86035efa45609236e,1vv+BWZqWBRzytWG30YKz+mFjRhsa4oUv5LAB1/vuBE=,d2de0eecb364b6ad6dfd68c57fbb2b61edd7f408c047202d5ab95910a24e2627,"T3: xMK submit share (round-level finalize), noise=0.000",reference_python,n=|logq=|scale=|scheme=alg_xmk_ckks,xmk_agg_pk:ff832745a25ad5f0,,,,,,,,,addc6ac83f01d8e1e165444bbe2cbbb8abd8a7118e1fedbdec234fcee4a80ab3,,7cc03f123c1c5a1726c06f93261ad00e6302e6a1a2bec959ed07b04b474e7a63,audit_trails/artifacts/ciphertext_attestations/T3_XMK_CKKS_TADP_client_001_r4_8e6318572d5f7923__7cc03f123c1c5a17.json,,,,,,,,,,,,,,,c4d2c991c18739025051e7c53a202722ddf05c4eec9dc467830fa650db9c7fed,f095530276ed5c319d547e03efe3d4094e56697201539a1dc9420c0c3cf075a3,,
535,e0ae4c831b30f7bae5285be6dc76e77e,9009c28128737f7948fb54beb932f446c0ce27d5cbdefb4938dce83226ac7abd,2026-08-24T23:14:23.098014+00:00,TADP-SEC/14.0,CLIENT_ACCEPTED_SUBMISSION,T3_XMK_CKKS_TADP,,,,client_001,,,,,,,,,,,2.3-phase1-fixed-threshold-critical-floor-review-profile,e910eb11d46f5a33a9f6a7d996c6c242f2a4caa089255874076d8ae12155dc94,2e5e1ea61ea1c71b07c235b309bb618daac98643cb3c0843acb266cd6b876512,cd72ec3b4911418e9899eae9aed63fa15aaf66633d0cb863f54d9ac8508d934e,833c0f503995ec3e68f8d11c30f392b1e756db044036faa02ce898eac71d1c91,VALIDATED_EVIDENCE_BUNDLE,,,,,,,,,,,,,,,,,,,,,,,,UPDATE_SUBMITTED_ENFORCED,,False,NOT_REQUIRED_AUTOMATED_POLICY,False,,,,,,,,,,,,,C3_CONFIDENTIAL,3,,,,,,,,6401d449cad49398af2f5e4da9bd6c0fbdde3a2a57f8a422907de7f0354cd145,71adf2c7741ed63f779fe8cebf9b4d1363fd18da1c5a49e39f32ec63cb8262f2,,,2026-08-25T22:32:04.883782+00:00,64bea7043f150efdac54603ba5b7dfc3,,,,,48ad9c18a89129cb37b2223f76be55fc668aa6d207948886972ea808a73ab788,fb3d22074638b626117fe964c14118080358fef7b59f761108b9655d9da67ac8,,,2026-08-25T23:13:49.031136+00:00,75d46ecd684a2dc4b6a8e27daff7fed8db3fae5cae653b9ddb3099795df8cd6c,active,,,5,ACCEPTED,ALL_BASELINE_CONTROLS,,,,True,True,True,True,True,False,2q9EZQHZu2Wi0L2sKl40A5YtGnHabuFiTF0wVOdx9So=,1c6bab75bcaa293693a63c62570ce013043c78ed42330f63d96ee53cd425505a,LVS6iX3xyk+AW89N8K7wd5i2P+GtpUmTpzID/3W7LU4=,5c1b061444d97c8a6923c35bf55370b9863d4c07ebc3cb4eb78edc4770195b4e,mAyUu07YtiPwxCHiyfprlrFPEwN30pwGoUDL7EA68Po=,d2de0eecb364b6ad6dfd68c57fbb2b61edd7f408c047202d5ab95910a24e2627,,,,,,,,,,,,,,,,,c42a23c2053f3704a7ab24a702477d94e951daa79312b664941173079ac8ca0a,audit_trails/artifacts/accepted_runtime_submissions/T3_XMK_CKKS_TADP_client_001_r5_1c6bab75bcaa2936__c42a23c2053f3704.json,,,,,,,,,,,,,f095530276ed5c319d547e03efe3d4094e56697201539a1dc9420c0c3cf075a3,1460ea1ea96a28e8e63eee95563843e3e6661635e0574bd1b8d7e0e5131185cc,,
536,d90dcdd836143ba3d48acff1018b495c,9009c28128737f7948fb54beb932f446c0ce27d5cbdefb4938dce83226ac7abd,2026-08-24T23:14:23.471941+00:00,TADP-SEC/14.0,CLIENT_CIPHERTEXT_BINDING,T3_XMK_CKKS_TADP,,,,client_001,,,,,,,,,,,,,,,,,,,,,,,,,,,,,,,,,,,,,,,,CIPHERTEXT_BOUND_TO_SIGNED_UPDATE,,,,,,,,,,,,,,,,,C3_CONFIDENTIAL,3,,,,,,,,,,,,,64bea7043f150efdac54603ba5b7dfc3,,,,,,,,,,,,,,5,VERIFIED,,,,,True,,,,,False,2q9EZQHZu2Wi0L2sKl40A5YtGnHabuFiTF0wVOdx9So=,1c6bab75bcaa293693a63c62570ce013043c78ed42330f63d96ee53cd425505a,LVS6iX3xyk+AW89N8K7wd5i2P+GtpUmTpzID/3W7LU4=,d493614a7902e81f3970ba67d9acc72d18d201ae610b2d5e70a027cfab2be5d2,mAyUu07YtiPwxCHiyfprlrFPEwN30pwGoUDL7EA68Po=,d2de0eecb364b6ad6dfd68c57fbb2b61edd7f408c047202d5ab95910a24e2627,"T3: xMK submit share (round-level finalize), noise=0.000",reference_python,n=|logq=|scale=|scheme=alg_xmk_ckks,xmk_agg_pk:ff832745a25ad5f0,,,,,,,,,803d8785dd616066a085d9726f6e63b967d8b4e9a1ecea841228fbcde42c05f2,,be1e1bc3bcab0580f9ed89ac9b143afeaab65144ca8d184eeebb97dc69d7c62d,audit_trails/artifacts/ciphertext_attestations/T3_XMK_CKKS_TADP_client_001_r5_afd48ba30702a38e__be1e1bc3bcab0580.json,,,,,,,,,,,,,,,1460ea1ea96a28e8e63eee95563843e3e6661635e0574bd1b8d7e0e5131185cc,20c999d1d575570010f406513029564182275a93c282e8ebde098e034c4c40b1,,
537,a7293feb0beee9a91da532f22e0a604c,9009c28128737f7948fb54beb932f446c0ce27d5cbdefb4938dce83226ac7abd,2026-08-24T23:14:30.273388+00:00,TADP-SEC/14.0,CLIENT_ACCEPTED_SUBMISSION,T3_XMK_CKKS_TADP,,,,client_001,,,,,,,,,,,2.3-phase1-fixed-threshold-critical-floor-review-profile,e910eb11d46f5a33a9f6a7d996c6c242f2a4caa089255874076d8ae12155dc94,2e5e1ea61ea1c71b07c235b309bb618daac98643cb3c0843acb266cd6b876512,cd72ec3b4911418e9899eae9aed63fa15aaf66633d0cb863f54d9ac8508d934e,833c0f503995ec3e68f8d11c30f392b1e756db044036faa02ce898eac71d1c91,VALIDATED_EVIDENCE_BUNDLE,,,,,,,,,,,,,,,,,,,,,,,,UPDATE_SUBMITTED_ENFORCED,,False,NOT_REQUIRED_AUTOMATED_POLICY,False,,,,,,,,,,,,,C3_CONFIDENTIAL,3,,,,,,,,6401d449cad49398af2f5e4da9bd6c0fbdde3a2a57f8a422907de7f0354cd145,71adf2c7741ed63f779fe8cebf9b4d1363fd18da1c5a49e39f32ec63cb8262f2,,,2026-08-25T22:32:04.883782+00:00,64bea7043f150efdac54603ba5b7dfc3,,,,,48ad9c18a89129cb37b2223f76be55fc668aa6d207948886972ea808a73ab788,fb3d22074638b626117fe964c14118080358fef7b59f761108b9655d9da67ac8,,,2026-08-25T23:13:49.031136+00:00,75d46ecd684a2dc4b6a8e27daff7fed8db3fae5cae653b9ddb3099795df8cd6c,active,,,6,ACCEPTED,ALL_BASELINE_CONTROLS,,,,True,True,True,True,True,False,GOvndhFrcMJihtrikvbFTn24smUhrbMvbA7u173hB8Q=,5c0e07aa6ddae177e129e1c34509f3bd161ea50ad6b8584721376877a18c69a2,LVS6iX3xyk+AW89N8K7wd5i2P+GtpUmTpzID/3W7LU4=,5903adf3eb79b2f029f292feb32da0f02f3ad89a95605725cfa7da50f7e2b82c,rCYaxp0XcM77p7OhyK8JXyheC7frf1NbSMiO6N36+XU=,d2de0eecb364b6ad6dfd68c57fbb2b61edd7f408c047202d5ab95910a24e2627,,,,,,,,,,,,,,,,,ba73de2864ac4da7413060bbf28a56f2380d0eb5911cdf529157940a97946422,audit_trails/artifacts/accepted_runtime_submissions/T3_XMK_CKKS_TADP_client_001_r6_5c0e07aa6ddae177__ba73de2864ac4da7.json,,,,,,,,,,,,,20c999d1d575570010f406513029564182275a93c282e8ebde098e034c4c40b1,d26a2d6aa44feae70951c63f867792b8e7e460df7a707cfbe659d7e5e7082fa3,,
538,ad4027cdc8329a10186187269b864a09,9009c28128737f7948fb54beb932f446c0ce27d5cbdefb4938dce83226ac7abd,2026-08-24T23:14:30.612954+00:00,TADP-SEC/14.0,CLIENT_CIPHERTEXT_BINDING,T3_XMK_CKKS_TADP,,,,client_001,,,,,,,,,,,,,,,,,,,,,,,,,,,,,,,,,,,,,,,,CIPHERTEXT_BOUND_TO_SIGNED_UPDATE,,,,,,,,,,,,,,,,,C3_CONFIDENTIAL,3,,,,,,,,,,,,,64bea7043f150efdac54603ba5b7dfc3,,,,,,,,,,,,,,6,VERIFIED,,,,,True,,,,,False,GOvndhFrcMJihtrikvbFTn24smUhrbMvbA7u173hB8Q=,5c0e07aa6ddae177e129e1c34509f3bd161ea50ad6b8584721376877a18c69a2,LVS6iX3xyk+AW89N8K7wd5i2P+GtpUmTpzID/3W7LU4=,c61b7e5bca438a5cc412c0d6f7c46bb939c62bf2944580b96518cd02220fe9fc,rCYaxp0XcM77p7OhyK8JXyheC7frf1NbSMiO6N36+XU=,d2de0eecb364b6ad6dfd68c57fbb2b61edd7f408c047202d5ab95910a24e2627,"T3: xMK submit share (round-level finalize), noise=0.000",reference_python,n=|logq=|scale=|scheme=alg_xmk_ckks,xmk_agg_pk:ff832745a25ad5f0,,,,,,,,,d4087202696488663df4aa6aa4a1a03cfae9280d3cb1b5cd279055421acb16b8,,da056bbcea01c9c5a42bed6a1f7fdbb2726cced127f62102b721f1d5b134d95d,audit_trails/artifacts/ciphertext_attestations/T3_XMK_CKKS_TADP_client_001_r6_3d784eedf59ad312__da056bbcea01c9c5.json,,,,,,,,,,,,,,,d26a2d6aa44feae70951c63f867792b8e7e460df7a707cfbe659d7e5e7082fa3,450103ddc168118959b082230b63cf4dc70f1bf82ea2d9fd10481a4f1bf59ff0,,
539,47ee5d52cd787cbf0455c1329a61bae9,9009c28128737f7948fb54beb932f446c0ce27d5cbdefb4938dce83226ac7abd,2026-08-24T23:14:38.276925+00:00,TADP-SEC/14.0,CLIENT_ACCEPTED_SUBMISSION,T3_XMK_CKKS_TADP,,,,client_001,,,,,,,,,,,2.3-phase1-fixed-threshold-critical-floor-review-profile,e910eb11d46f5a33a9f6a7d996c6c242f2a4caa089255874076d8ae12155dc94,2e5e1ea61ea1c71b07c235b309bb618daac98643cb3c0843acb266cd6b876512,cd72ec3b4911418e9899eae9aed63fa15aaf66633d0cb863f54d9ac8508d934e,833c0f503995ec3e68f8d11c30f392b1e756db044036faa02ce898eac71d1c91,VALIDATED_EVIDENCE_BUNDLE,,,,,,,,,,,,,,,,,,,,,,,,UPDATE_SUBMITTED_ENFORCED,,False,NOT_REQUIRED_AUTOMATED_POLICY,False,,,,,,,,,,,,,C3_CONFIDENTIAL,3,,,,,,,,6401d449cad49398af2f5e4da9bd6c0fbdde3a2a57f8a422907de7f0354cd145,71adf2c7741ed63f779fe8cebf9b4d1363fd18da1c5a49e39f32ec63cb8262f2,,,2026-08-25T22:32:04.883782+00:00,64bea7043f150efdac54603ba5b7dfc3,,,,,48ad9c18a89129cb37b2223f76be55fc668aa6d207948886972ea808a73ab788,fb3d22074638b626117fe964c14118080358fef7b59f761108b9655d9da67ac8,,,2026-08-25T23:13:49.031136+00:00,75d46ecd684a2dc4b6a8e27daff7fed8db3fae5cae653b9ddb3099795df8cd6c,active,,,7,ACCEPTED,ALL_BASELINE_CONTROLS,,,,True,True,True,True,True,False,oWiucjv1rEZlQaPXWR7DRJrnJkrOcm1gE2itB89/dME=,001b0cd8c90937bda7f94afc0b7fb3cab51cb1209285253ac6324240a83fac2a,LVS6iX3xyk+AW89N8K7wd5i2P+GtpUmTpzID/3W7LU4=,dbb58d7dc0b96ab47296be3c08f7552dda5f86557bb3eb0f9d7b2c89973c9338,+jKvEaq5HslRLHqCIW9fuoiJUohU3DyEW+8hpPs9VqI=,d2de0eecb364b6ad6dfd68c57fbb2b61edd7f408c047202d5ab95910a24e2627,,,,,,,,,,,,,,,,,faa84d7a13914b736aa68db31b0f849d02d041e77a51863dd95f23a035714856,audit_trails/artifacts/accepted_runtime_submissions/T3_XMK_CKKS_TADP_client_001_r7_001b0cd8c90937bd__faa84d7a13914b73.json,,,,,,,,,,,,,450103ddc168118959b082230b63cf4dc70f1bf82ea2d9fd10481a4f1bf59ff0,5659c95ebe58804105e1577f9f1836d280c7ca2339b6dad43ce0946f18366b31,,
540,4781f71e86e1fa2daf80e393af6162ca,9009c28128737f7948fb54beb932f446c0ce27d5cbdefb4938dce83226ac7abd,2026-08-24T23:14:38.639161+00:00,TADP-SEC/14.0,CLIENT_CIPHERTEXT_BINDING,T3_XMK_CKKS_TADP,,,,client_001,,,,,,,,,,,,,,,,,,,,,,,,,,,,,,,,,,,,,,,,CIPHERTEXT_BOUND_TO_SIGNED_UPDATE,,,,,,,,,,,,,,,,,C3_CONFIDENTIAL,3,,,,,,,,,,,,,64bea7043f150efdac54603ba5b7dfc3,,,,,,,,,,,,,,7,VERIFIED,,,,,True,,,,,False,oWiucjv1rEZlQaPXWR7DRJrnJkrOcm1gE2itB89/dME=,001b0cd8c90937bda7f94afc0b7fb3cab51cb1209285253ac6324240a83fac2a,LVS6iX3xyk+AW89N8K7wd5i2P+GtpUmTpzID/3W7LU4=,3b4649ca6e4141275e4d60801476c83c9628c6827c3db871e59b64cd6e189bbf,+jKvEaq5HslRLHqCIW9fuoiJUohU3DyEW+8hpPs9VqI=,d2de0eecb364b6ad6dfd68c57fbb2b61edd7f408c047202d5ab95910a24e2627,"T3: xMK submit share (round-level finalize), noise=0.000",reference_python,n=|logq=|scale=|scheme=alg_xmk_ckks,xmk_agg_pk:ff832745a25ad5f0,,,,,,,,,70ec1bb738214c9a213973f28671f0faadc194f38bb2aea90e7079045c753a6f,,8642f595c67c4fda1b73b3f397ab6d3ed54aaf37c6b167ea8203ee6d83370891,audit_trails/artifacts/ciphertext_attestations/T3_XMK_CKKS_TADP_client_001_r7_52432d669bcb09f7__8642f595c67c4fda.json,,,,,,,,,,,,,,,5659c95ebe58804105e1577f9f1836d280c7ca2339b6dad43ce0946f18366b31,187c59aa80c56bf8fd628288b45714cee8eae5ee3037622aeefab1da9f5df298,,
541,79492d26a99d416102f1d302eb7e3c31,9009c28128737f7948fb54beb932f446c0ce27d5cbdefb4938dce83226ac7abd,2026-08-24T23:14:45.456584+00:00,TADP-SEC/14.0,CLIENT_ACCEPTED_SUBMISSION,T3_XMK_CKKS_TADP,,,,client_001,,,,,,,,,,,2.3-phase1-fixed-threshold-critical-floor-review-profile,e910eb11d46f5a33a9f6a7d996c6c242f2a4caa089255874076d8ae12155dc94,2e5e1ea61ea1c71b07c235b309bb618daac98643cb3c0843acb266cd6b876512,cd72ec3b4911418e9899eae9aed63fa15aaf66633d0cb863f54d9ac8508d934e,833c0f503995ec3e68f8d11c30f392b1e756db044036faa02ce898eac71d1c91,VALIDATED_EVIDENCE_BUNDLE,,,,,,,,,,,,,,,,,,,,,,,,UPDATE_SUBMITTED_ENFORCED,,False,NOT_REQUIRED_AUTOMATED_POLICY,False,,,,,,,,,,,,,C3_CONFIDENTIAL,3,,,,,,,,6401d449cad49398af2f5e4da9bd6c0fbdde3a2a57f8a422907de7f0354cd145,71adf2c7741ed63f779fe8cebf9b4d1363fd18da1c5a49e39f32ec63cb8262f2,,,2026-08-25T22:32:04.883782+00:00,64bea7043f150efdac54603ba5b7dfc3,,,,,48ad9c18a89129cb37b2223f76be55fc668aa6d207948886972ea808a73ab788,fb3d22074638b626117fe964c14118080358fef7b59f761108b9655d9da67ac8,,,2026-08-25T23:13:49.031136+00:00,75d46ecd684a2dc4b6a8e27daff7fed8db3fae5cae653b9ddb3099795df8cd6c,active,,,8,ACCEPTED,ALL_BASELINE_CONTROLS,,,,True,True,True,True,True,False,RPxjSwPLN+2402GW3Oc90qAt/36S87lpbxp4TL/hmpQ=,01fd55dc1908da53f05b0b2e02ff401c2d3cb2b9a83c32e25a3a17fc94a4da10,LVS6iX3xyk+AW89N8K7wd5i2P+GtpUmTpzID/3W7LU4=,840f5f4f949ac7b876e05b05ec23e7b3b2afb6b22f34751ddf9ecf55ffd34477,o92X2SEmaNOiXQNnzdSBmwmFJXh52Y7Omeliz5OV09M=,d2de0eecb364b6ad6dfd68c57fbb2b61edd7f408c047202d5ab95910a24e2627,,,,,,,,,,,,,,,,,594257ce7f3be5a81fa0cfb586b334fc83d5cfd91f64cd57741a3a2a7f2f1a98,audit_trails/artifacts/accepted_runtime_submissions/T3_XMK_CKKS_TADP_client_001_r8_01fd55dc1908da53__594257ce7f3be5a8.json,,,,,,,,,,,,,187c59aa80c56bf8fd628288b45714cee8eae5ee3037622aeefab1da9f5df298,cf2f738e144a0d86dd2323fd7c436e5011c735d3c4a8331f3c6a58933972ae0b,,
542,8a7797920f4f8b7a73385f86bbea7b20,9009c28128737f7948fb54beb932f446c0ce27d5cbdefb4938dce83226ac7abd,2026-08-24T23:14:45.818878+00:00,TADP-SEC/14.0,CLIENT_CIPHERTEXT_BINDING,T3_XMK_CKKS_TADP,,,,client_001,,,,,,,,,,,,,,,,,,,,,,,,,,,,,,,,,,,,,,,,CIPHERTEXT_BOUND_TO_SIGNED_UPDATE,,,,,,,,,,,,,,,,,C3_CONFIDENTIAL,3,,,,,,,,,,,,,64bea7043f150efdac54603ba5b7dfc3,,,,,,,,,,,,,,8,VERIFIED,,,,,True,,,,,False,RPxjSwPLN+2402GW3Oc90qAt/36S87lpbxp4TL/hmpQ=,01fd55dc1908da53f05b0b2e02ff401c2d3cb2b9a83c32e25a3a17fc94a4da10,LVS6iX3xyk+AW89N8K7wd5i2P+GtpUmTpzID/3W7LU4=,5e8844a3e6148ff5f80ccd3ec8ff51af93b8026ea9b696fd5590d29244f8d2b0,o92X2SEmaNOiXQNnzdSBmwmFJXh52Y7Omeliz5OV09M=,d2de0eecb364b6ad6dfd68c57fbb2b61edd7f408c047202d5ab95910a24e2627,"T3: xMK submit share (round-level finalize), noise=0.000",reference_python,n=|logq=|scale=|scheme=alg_xmk_ckks,xmk_agg_pk:ff832745a25ad5f0,,,,,,,,,aea65036d6df3112e08f2b3b3aa31a0dc4ac26629c5bbc345b117b120f88b22b,,cf7128f6a30c056d68ef7fd8f7b6e0fc714c681ea19722222656f2a08dab7247,audit_trails/artifacts/ciphertext_attestations/T3_XMK_CKKS_TADP_client_001_r8_b3f464416d132faa__cf7128f6a30c056d.json,,,,,,,,,,,,,,,cf2f738e144a0d86dd2323fd7c436e5011c735d3c4a8331f3c6a58933972ae0b,b9f40d9ba844257f3c6849f0a63219a67eb690019e3aab43ddc7744ccbbb6abc,,
543,fb96f7385429f77d82e75de5642e5de2,9009c28128737f7948fb54beb932f446c0ce27d5cbdefb4938dce83226ac7abd,2026-08-24T23:14:53.597905+00:00,TADP-SEC/14.0,CLIENT_ACCEPTED_SUBMISSION,T3_XMK_CKKS_TADP,,,,client_001,,,,,,,,,,,2.3-phase1-fixed-threshold-critical-floor-review-profile,e910eb11d46f5a33a9f6a7d996c6c242f2a4caa089255874076d8ae12155dc94,2e5e1ea61ea1c71b07c235b309bb618daac98643cb3c0843acb266cd6b876512,cd72ec3b4911418e9899eae9aed63fa15aaf66633d0cb863f54d9ac8508d934e,833c0f503995ec3e68f8d11c30f392b1e756db044036faa02ce898eac71d1c91,VALIDATED_EVIDENCE_BUNDLE,,,,,,,,,,,,,,,,,,,,,,,,UPDATE_SUBMITTED_ENFORCED,,False,NOT_REQUIRED_AUTOMATED_POLICY,False,,,,,,,,,,,,,C3_CONFIDENTIAL,3,,,,,,,,6401d449cad49398af2f5e4da9bd6c0fbdde3a2a57f8a422907de7f0354cd145,71adf2c7741ed63f779fe8cebf9b4d1363fd18da1c5a49e39f32ec63cb8262f2,,,2026-08-25T22:32:04.883782+00:00,64bea7043f150efdac54603ba5b7dfc3,,,,,48ad9c18a89129cb37b2223f76be55fc668aa6d207948886972ea808a73ab788,fb3d22074638b626117fe964c14118080358fef7b59f761108b9655d9da67ac8,,,2026-08-25T23:13:49.031136+00:00,75d46ecd684a2dc4b6a8e27daff7fed8db3fae5cae653b9ddb3099795df8cd6c,active,,,9,ACCEPTED,ALL_BASELINE_CONTROLS,,,,True,True,True,True,True,False,8eq7yXsdAeW1TfKRgwjKK0GsyGbphjy6vm6oiMdZ+y0=,1438fc5ce619982e0b8e1b07f83f8486dbe36283610be94ef306186156c506b0,LVS6iX3xyk+AW89N8K7wd5i2P+GtpUmTpzID/3W7LU4=,a9ed291edc4ce2baca6b150cca63be26cf7c61ef5c2da79054ba89b7804cfe64,oC6TbNihZv6+ykbccBaKB5tr/rQDJr8rDS/CiJ9mXjM=,d2de0eecb364b6ad6dfd68c57fbb2b61edd7f408c047202d5ab95910a24e2627,,,,,,,,,,,,,,,,,cc461ce19bfc9c8286b0646652c48bb07a8cb714874091f34d86adf5d1753010,audit_trails/artifacts/accepted_runtime_submissions/T3_XMK_CKKS_TADP_client_001_r9_1438fc5ce619982e__cc461ce19bfc9c82.json,,,,,,,,,,,,,b9f40d9ba844257f3c6849f0a63219a67eb690019e3aab43ddc7744ccbbb6abc,247e19cb395efc88b1f34690b0b7ab35d68d3667e931199aebf15133aa3f3d0a,,
544,cd486f6ee5d2af697f99945cc69a0a7c,9009c28128737f7948fb54beb932f446c0ce27d5cbdefb4938dce83226ac7abd,2026-08-24T23:14:53.949533+00:00,TADP-SEC/14.0,CLIENT_CIPHERTEXT_BINDING,T3_XMK_CKKS_TADP,,,,client_001,,,,,,,,,,,,,,,,,,,,,,,,,,,,,,,,,,,,,,,,CIPHERTEXT_BOUND_TO_SIGNED_UPDATE,,,,,,,,,,,,,,,,,C3_CONFIDENTIAL,3,,,,,,,,,,,,,64bea7043f150efdac54603ba5b7dfc3,,,,,,,,,,,,,,9,VERIFIED,,,,,True,,,,,False,8eq7yXsdAeW1TfKRgwjKK0GsyGbphjy6vm6oiMdZ+y0=,1438fc5ce619982e0b8e1b07f83f8486dbe36283610be94ef306186156c506b0,LVS6iX3xyk+AW89N8K7wd5i2P+GtpUmTpzID/3W7LU4=,dded062cecfe055094632e15b77a638064f6fef844c3dffb4ee3868914e9efef,oC6TbNihZv6+ykbccBaKB5tr/rQDJr8rDS/CiJ9mXjM=,d2de0eecb364b6ad6dfd68c57fbb2b61edd7f408c047202d5ab95910a24e2627,"T3: xMK submit share (round-level finalize), noise=0.000",reference_python,n=|logq=|scale=|scheme=alg_xmk_ckks,xmk_agg_pk:ff832745a25ad5f0,,,,,,,,,094335480fafd1b85a9578a81e5474b6d4e75fe62145da2a413c9db625dd043b,,e67c3f68c7f81ed96007e467bea04fdf7fef2fd538f5e568949043d109fdefb4,audit_trails/artifacts/ciphertext_attestations/T3_XMK_CKKS_TADP_client_001_r9_8e633a33b00cec1a__e67c3f68c7f81ed9.json,,,,,,,,,,,,,,,247e19cb395efc88b1f34690b0b7ab35d68d3667e931199aebf15133aa3f3d0a,55b742f119c98a19e3781835b1d90522ecdc81ab854a90dbb2dd779913122313,,
545,32d7a3628c1f6bd028f393f09bc56f77,9009c28128737f7948fb54beb932f446c0ce27d5cbdefb4938dce83226ac7abd,2026-08-24T23:15:01.459893+00:00,TADP-SEC/14.0,CLIENT_ACCEPTED_SUBMISSION,T3_XMK_CKKS_TADP,,,,client_001,,,,,,,,,,,2.3-phase1-fixed-threshold-critical-floor-review-profile,e910eb11d46f5a33a9f6a7d996c6c242f2a4caa089255874076d8ae12155dc94,2e5e1ea61ea1c71b07c235b309bb618daac98643cb3c0843acb266cd6b876512,cd72ec3b4911418e9899eae9aed63fa15aaf66633d0cb863f54d9ac8508d934e,833c0f503995ec3e68f8d11c30f392b1e756db044036faa02ce898eac71d1c91,VALIDATED_EVIDENCE_BUNDLE,,,,,,,,,,,,,,,,,,,,,,,,UPDATE_SUBMITTED_ENFORCED,,False,NOT_REQUIRED_AUTOMATED_POLICY,False,,,,,,,,,,,,,C3_CONFIDENTIAL,3,,,,,,,,6401d449cad49398af2f5e4da9bd6c0fbdde3a2a57f8a422907de7f0354cd145,71adf2c7741ed63f779fe8cebf9b4d1363fd18da1c5a49e39f32ec63cb8262f2,,,2026-08-25T22:32:04.883782+00:00,64bea7043f150efdac54603ba5b7dfc3,,,,,48ad9c18a89129cb37b2223f76be55fc668aa6d207948886972ea808a73ab788,fb3d22074638b626117fe964c14118080358fef7b59f761108b9655d9da67ac8,,,2026-08-25T23:13:49.031136+00:00,75d46ecd684a2dc4b6a8e27daff7fed8db3fae5cae653b9ddb3099795df8cd6c,active,,,10,ACCEPTED,ALL_BASELINE_CONTROLS,,,,True,True,True,True,True,False,V4x+CY5P2OhRc1Nl8xGhyl5k0UmlVgTlzjf3PfBL3Cw=,311db6d10a246d7fb5fd655f42e12632ab64950e50c6ec79bdad97d25389c9c0,LVS6iX3xyk+AW89N8K7wd5i2P+GtpUmTpzID/3W7LU4=,e41511536a26ff67a2bb1d13e5ec6ba5009bbf8a2a052183db37f0dfab324084,pSjzqk7htF0xp4rYHh9u/Vu2RA8PHIQiPz0NajKFQso=,d2de0eecb364b6ad6dfd68c57fbb2b61edd7f408c047202d5ab95910a24e2627,,,,,,,,,,,,,,,,,2da2d0ee9823d03c72e8e8c8075173c154c847be193f1458902ede648221f075,audit_trails/artifacts/accepted_runtime_submissions/T3_XMK_CKKS_TADP_client_001_r10_311db6d10a246d7f__2da2d0ee9823d03c.json,,,,,,,,,,,,,55b742f119c98a19e3781835b1d90522ecdc81ab854a90dbb2dd779913122313,45f635b441f9525e31a56e26040bccf27e4d313c015b57f0c32b8259e1f69058,,
546,1d05d4f058cbd341855c21e822cc263b,9009c28128737f7948fb54beb932f446c0ce27d5cbdefb4938dce83226ac7abd,2026-08-24T23:15:01.945825+00:00,TADP-SEC/14.0,CLIENT_CIPHERTEXT_BINDING,T3_XMK_CKKS_TADP,,,,client_001,,,,,,,,,,,,,,,,,,,,,,,,,,,,,,,,,,,,,,,,CIPHERTEXT_BOUND_TO_SIGNED_UPDATE,,,,,,,,,,,,,,,,,C3_CONFIDENTIAL,3,,,,,,,,,,,,,64bea7043f150efdac54603ba5b7dfc3,,,,,,,,,,,,,,10,VERIFIED,,,,,True,,,,,False,V4x+CY5P2OhRc1Nl8xGhyl5k0UmlVgTlzjf3PfBL3Cw=,311db6d10a246d7fb5fd655f42e12632ab64950e50c6ec79bdad97d25389c9c0,LVS6iX3xyk+AW89N8K7wd5i2P+GtpUmTpzID/3W7LU4=,cb65855dad27e79c918f7a465b1494d36a7de813a71e3083e4b8945f96d6c378,pSjzqk7htF0xp4rYHh9u/Vu2RA8PHIQiPz0NajKFQso=,d2de0eecb364b6ad6dfd68c57fbb2b61edd7f408c047202d5ab95910a24e2627,"T3: xMK submit share (round-level finalize), noise=0.000",reference_python,n=|logq=|scale=|scheme=alg_xmk_ckks,xmk_agg_pk:ff832745a25ad5f0,,,,,,,,,b6345e29f60b51a4d589ad68beb4b1c87747465f742ef35ce534c7bc2a4aceca,,55f4f944c06e3af2e753d0ebeb32f15cf6da61552c6dcb3809da669291358a63,audit_trails/artifacts/ciphertext_attestations/T3_XMK_CKKS_TADP_client_001_r10_7766432cfed5e77c__55f4f944c06e3af2.json,,,,,,,,,,,,,,,45f635b441f9525e31a56e26040bccf27e4d313c015b57f0c32b8259e1f69058,39e710dbe228bb1fca8ddce5edebc31fa4a41e559864c0962d050cad79228cc7,,
547,d432a46d738d2a821c38872aa9fd00db,9009c28128737f7948fb54beb932f446c0ce27d5cbdefb4938dce83226ac7abd,2026-08-24T23:15:09.161404+00:00,TADP-SEC/14.0,CLIENT_ACCEPTED_SUBMISSION,T3_XMK_CKKS_TADP,,,,client_001,,,,,,,,,,,2.3-phase1-fixed-threshold-critical-floor-review-profile,e910eb11d46f5a33a9f6a7d996c6c242f2a4caa089255874076d8ae12155dc94,2e5e1ea61ea1c71b07c235b309bb618daac98643cb3c0843acb266cd6b876512,cd72ec3b4911418e9899eae9aed63fa15aaf66633d0cb863f54d9ac8508d934e,833c0f503995ec3e68f8d11c30f392b1e756db044036faa02ce898eac71d1c91,VALIDATED_EVIDENCE_BUNDLE,,,,,,,,,,,,,,,,,,,,,,,,UPDATE_SUBMITTED_ENFORCED,,False,NOT_REQUIRED_AUTOMATED_POLICY,False,,,,,,,,,,,,,C3_CONFIDENTIAL,3,,,,,,,,6401d449cad49398af2f5e4da9bd6c0fbdde3a2a57f8a422907de7f0354cd145,71adf2c7741ed63f779fe8cebf9b4d1363fd18da1c5a49e39f32ec63cb8262f2,,,2026-08-25T22:32:04.883782+00:00,64bea7043f150efdac54603ba5b7dfc3,,,,,48ad9c18a89129cb37b2223f76be55fc668aa6d207948886972ea808a73ab788,fb3d22074638b626117fe964c14118080358fef7b59f761108b9655d9da67ac8,,,2026-08-25T23:13:49.031136+00:00,75d46ecd684a2dc4b6a8e27daff7fed8db3fae5cae653b9ddb3099795df8cd6c,active,,,11,ACCEPTED,ALL_BASELINE_CONTROLS,,,,True,True,True,True,True,False,OS2bLFc63VGbJHkuDROdGiIRcnuv+VyPuLwNCnQiKSk=,69c53ef6a4ffb9d565a5191ca9aece3b10188a27015abbce6a43ab6757671a5d,LVS6iX3xyk+AW89N8K7wd5i2P+GtpUmTpzID/3W7LU4=,6fdf0ebace38d24331160947ffbac8db46213ce3559a19a23ed53564cfed921c,wilrmgtWU6FKZFsJroeDwoprCSLA/6kV9jqgoGFF1C8=,d2de0eecb364b6ad6dfd68c57fbb2b61edd7f408c047202d5ab95910a24e2627,,,,,,,,,,,,,,,,,4afe6e3a02caf6c3d47be7d4be666753412ec46099b26e8422878166cc8e9a05,audit_trails/artifacts/accepted_runtime_submissions/T3_XMK_CKKS_TADP_client_001_r11_69c53ef6a4ffb9d5__4afe6e3a02caf6c3.json,,,,,,,,,,,,,39e710dbe228bb1fca8ddce5edebc31fa4a41e559864c0962d050cad79228cc7,a1860a5cf4c1b2f1d1d217da638e8627494362c4f9f66e64ae294919d2769cd4,,
548,062f53a0e6ee3150592eb42e664780ee,9009c28128737f7948fb54beb932f446c0ce27d5cbdefb4938dce83226ac7abd,2026-08-24T23:15:09.541762+00:00,TADP-SEC/14.0,CLIENT_CIPHERTEXT_BINDING,T3_XMK_CKKS_TADP,,,,client_001,,,,,,,,,,,,,,,,,,,,,,,,,,,,,,,,,,,,,,,,CIPHERTEXT_BOUND_TO_SIGNED_UPDATE,,,,,,,,,,,,,,,,,C3_CONFIDENTIAL,3,,,,,,,,,,,,,64bea7043f150efdac54603ba5b7dfc3,,,,,,,,,,,,,,11,VERIFIED,,,,,True,,,,,False,OS2bLFc63VGbJHkuDROdGiIRcnuv+VyPuLwNCnQiKSk=,69c53ef6a4ffb9d565a5191ca9aece3b10188a27015abbce6a43ab6757671a5d,LVS6iX3xyk+AW89N8K7wd5i2P+GtpUmTpzID/3W7LU4=,cd5bf2c969c99e02724147df50b666a3a041893d9443635906a2b7d87f12c3c1,wilrmgtWU6FKZFsJroeDwoprCSLA/6kV9jqgoGFF1C8=,d2de0eecb364b6ad6dfd68c57fbb2b61edd7f408c047202d5ab95910a24e2627,"T3: xMK submit share (round-level finalize), noise=0.000",reference_python,n=|logq=|scale=|scheme=alg_xmk_ckks,xmk_agg_pk:ff832745a25ad5f0,,,,,,,,,6793920bf0e41afb14e0f67399c0d451697f44d09e29ed8e203d48ed1a44e3cf,,507a78dbbc3a5fcc5e5ac74ae23ad41dac5139358b18f023ef280fda8d81b853,audit_trails/artifacts/ciphertext_attestations/T3_XMK_CKKS_TADP_client_001_r11_ef33544523fecef7__507a78dbbc3a5fcc.json,,,,,,,,,,,,,,,a1860a5cf4c1b2f1d1d217da638e8627494362c4f9f66e64ae294919d2769cd4,27d113d27bcc6524d214a1d1d88bb44ccabbb05fc0c5890ac72bee040873f133,,
549,7183c564ad56fba98f5ec253906db2e4,9009c28128737f7948fb54beb932f446c0ce27d5cbdefb4938dce83226ac7abd,2026-08-24T23:15:17.375304+00:00,TADP-SEC/14.0,CLIENT_ACCEPTED_SUBMISSION,T3_XMK_CKKS_TADP,,,,client_001,,,,,,,,,,,2.3-phase1-fixed-threshold-critical-floor-review-profile,e910eb11d46f5a33a9f6a7d996c6c242f2a4caa089255874076d8ae12155dc94,2e5e1ea61ea1c71b07c235b309bb618daac98643cb3c0843acb266cd6b876512,cd72ec3b4911418e9899eae9aed63fa15aaf66633d0cb863f54d9ac8508d934e,833c0f503995ec3e68f8d11c30f392b1e756db044036faa02ce898eac71d1c91,VALIDATED_EVIDENCE_BUNDLE,,,,,,,,,,,,,,,,,,,,,,,,UPDATE_SUBMITTED_ENFORCED,,False,NOT_REQUIRED_AUTOMATED_POLICY,False,,,,,,,,,,,,,C3_CONFIDENTIAL,3,,,,,,,,6401d449cad49398af2f5e4da9bd6c0fbdde3a2a57f8a422907de7f0354cd145,71adf2c7741ed63f779fe8cebf9b4d1363fd18da1c5a49e39f32ec63cb8262f2,,,2026-08-25T22:32:04.883782+00:00,64bea7043f150efdac54603ba5b7dfc3,,,,,48ad9c18a89129cb37b2223f76be55fc668aa6d207948886972ea808a73ab788,fb3d22074638b626117fe964c14118080358fef7b59f761108b9655d9da67ac8,,,2026-08-25T23:13:49.031136+00:00,75d46ecd684a2dc4b6a8e27daff7fed8db3fae5cae653b9ddb3099795df8cd6c,active,,,12,ACCEPTED,ALL_BASELINE_CONTROLS,,,,True,True,True,True,True,False,XeC5cPYuljoo/tday8ThItX7iLxW7o5AyCFr2UaOuK8=,696ca3f5856aa1322fbf4b2728397c3da3d9969e2412208902e3dcbeff541f71,LVS6iX3xyk+AW89N8K7wd5i2P+GtpUmTpzID/3W7LU4=,f828996221a89c36a4a4e462377e4cb40b06acef37d9dfe5c221a9e384ce8eb6,9ONTpZ7Er8ZP3B2QmzK9H0dVvUEEMCzRbCIJN/pDm9Q=,d2de0eecb364b6ad6dfd68c57fbb2b61edd7f408c047202d5ab95910a24e2627,,,,,,,,,,,,,,,,,00a836bbe492ff1c010445d5d1b514e6bed0681d7aa7e7592383841589dbe7c3,audit_trails/artifacts/accepted_runtime_submissions/T3_XMK_CKKS_TADP_client_001_r12_696ca3f5856aa132__00a836bbe492ff1c.json,,,,,,,,,,,,,27d113d27bcc6524d214a1d1d88bb44ccabbb05fc0c5890ac72bee040873f133,ea9ac4e2e5456532dacf15c9ab3c5091ac83780c45a4af3e1c04e22a7639563d,,
550,1824fc657904e062f8e7693252989676,9009c28128737f7948fb54beb932f446c0ce27d5cbdefb4938dce83226ac7abd,2026-08-24T23:15:17.716311+00:00,TADP-SEC/14.0,CLIENT_CIPHERTEXT_BINDING,T3_XMK_CKKS_TADP,,,,client_001,,,,,,,,,,,,,,,,,,,,,,,,,,,,,,,,,,,,,,,,CIPHERTEXT_BOUND_TO_SIGNED_UPDATE,,,,,,,,,,,,,,,,,C3_CONFIDENTIAL,3,,,,,,,,,,,,,64bea7043f150efdac54603ba5b7dfc3,,,,,,,,,,,,,,12,VERIFIED,,,,,True,,,,,False,XeC5cPYuljoo/tday8ThItX7iLxW7o5AyCFr2UaOuK8=,696ca3f5856aa1322fbf4b2728397c3da3d9969e2412208902e3dcbeff541f71,LVS6iX3xyk+AW89N8K7wd5i2P+GtpUmTpzID/3W7LU4=,4fb7c5c0113978e6055b851b300345758f167f361a8e371adcb189d24bac1d45,9ONTpZ7Er8ZP3B2QmzK9H0dVvUEEMCzRbCIJN/pDm9Q=,d2de0eecb364b6ad6dfd68c57fbb2b61edd7f408c047202d5ab95910a24e2627,"T3: xMK submit share (round-level finalize), noise=0.000",reference_python,n=|logq=|scale=|scheme=alg_xmk_ckks,xmk_agg_pk:ff832745a25ad5f0,,,,,,,,,9248eee5351e351dd452e9a76384609a8d6e4311191cc871ec9699c4fe9b3fcd,,2fbd2100ad6b1b1e3bd2d6f0414843c6e2114b34d3de0fb588d73441454147c5,audit_trails/artifacts/ciphertext_attestations/T3_XMK_CKKS_TADP_client_001_r12_b7849b92076832f6__2fbd2100ad6b1b1e.json,,,,,,,,,,,,,,,ea9ac4e2e5456532dacf15c9ab3c5091ac83780c45a4af3e1c04e22a7639563d,64f3b97a3ebc701d56f8e7aaaa34e3c879e4b627b2beacd49da773ab7f123e8c,,
551,3129ea7caaca513df8d2688fae51babe,9009c28128737f7948fb54beb932f446c0ce27d5cbdefb4938dce83226ac7abd,2026-08-24T23:15:24.514445+00:00,TADP-SEC/14.0,CLIENT_ACCEPTED_SUBMISSION,T3_XMK_CKKS_TADP,,,,client_001,,,,,,,,,,,2.3-phase1-fixed-threshold-critical-floor-review-profile,e910eb11d46f5a33a9f6a7d996c6c242f2a4caa089255874076d8ae12155dc94,2e5e1ea61ea1c71b07c235b309bb618daac98643cb3c0843acb266cd6b876512,cd72ec3b4911418e9899eae9aed63fa15aaf66633d0cb863f54d9ac8508d934e,833c0f503995ec3e68f8d11c30f392b1e756db044036faa02ce898eac71d1c91,VALIDATED_EVIDENCE_BUNDLE,,,,,,,,,,,,,,,,,,,,,,,,UPDATE_SUBMITTED_ENFORCED,,False,NOT_REQUIRED_AUTOMATED_POLICY,False,,,,,,,,,,,,,C3_CONFIDENTIAL,3,,,,,,,,6401d449cad49398af2f5e4da9bd6c0fbdde3a2a57f8a422907de7f0354cd145,71adf2c7741ed63f779fe8cebf9b4d1363fd18da1c5a49e39f32ec63cb8262f2,,,2026-08-25T22:32:04.883782+00:00,64bea7043f150efdac54603ba5b7dfc3,,,,,48ad9c18a89129cb37b2223f76be55fc668aa6d207948886972ea808a73ab788,fb3d22074638b626117fe964c14118080358fef7b59f761108b9655d9da67ac8,,,2026-08-25T23:13:49.031136+00:00,75d46ecd684a2dc4b6a8e27daff7fed8db3fae5cae653b9ddb3099795df8cd6c,active,,,13,ACCEPTED,ALL_BASELINE_CONTROLS,,,,True,True,True,True,True,False,NTBMu41d311BLQbxS6i+/3mHNowy46y+PxeBQeHApqE=,d6b29ff6e5460227951a164424880b279a0e41c5974f4974ab812bfb80261ef8,LVS6iX3xyk+AW89N8K7wd5i2P+GtpUmTpzID/3W7LU4=,d0b8882ef91c2c975c1a9736368fcd827fec0e26b4311bf203c30338d3284529,W5eY10ehUGBUVRdG48JovvVPyZWAvROl0oPwDZxbK48=,d2de0eecb364b6ad6dfd68c57fbb2b61edd7f408c047202d5ab95910a24e2627,,,,,,,,,,,,,,,,,2d8078e2d33d78fc5e35293efdab32cd7f50ba20ecc56c361acb4d64b15648dd,audit_trails/artifacts/accepted_runtime_submissions/T3_XMK_CKKS_TADP_client_001_r13_d6b29ff6e5460227__2d8078e2d33d78fc.json,,,,,,,,,,,,,64f3b97a3ebc701d56f8e7aaaa34e3c879e4b627b2beacd49da773ab7f123e8c,0eb82da77439ab9d8f37b7162f63169e149da898b85617ec085079f907582f39,,
552,816bfe08bbb18da9304a3564225b69cf,9009c28128737f7948fb54beb932f446c0ce27d5cbdefb4938dce83226ac7abd,2026-08-24T23:15:24.908548+00:00,TADP-SEC/14.0,CLIENT_CIPHERTEXT_BINDING,T3_XMK_CKKS_TADP,,,,client_001,,,,,,,,,,,,,,,,,,,,,,,,,,,,,,,,,,,,,,,,CIPHERTEXT_BOUND_TO_SIGNED_UPDATE,,,,,,,,,,,,,,,,,C3_CONFIDENTIAL,3,,,,,,,,,,,,,64bea7043f150efdac54603ba5b7dfc3,,,,,,,,,,,,,,13,VERIFIED,,,,,True,,,,,False,NTBMu41d311BLQbxS6i+/3mHNowy46y+PxeBQeHApqE=,d6b29ff6e5460227951a164424880b279a0e41c5974f4974ab812bfb80261ef8,LVS6iX3xyk+AW89N8K7wd5i2P+GtpUmTpzID/3W7LU4=,7843dc9762b560d7ccd97fabb59ebd444d1f1bec39fbca3fdb6b09f0306eda9e,W5eY10ehUGBUVRdG48JovvVPyZWAvROl0oPwDZxbK48=,d2de0eecb364b6ad6dfd68c57fbb2b61edd7f408c047202d5ab95910a24e2627,"T3: xMK submit share (round-level finalize), noise=0.000",reference_python,n=|logq=|scale=|scheme=alg_xmk_ckks,xmk_agg_pk:ff832745a25ad5f0,,,,,,,,,8c288740f2a392c059ca2776186ecad57e11ff4af24e26d95aa5732edce6dcb4,,54e3fa036aa2eb9e4541205fdcec6cdc94c669f4bce37d1ab7814edfbc8c6d6c,audit_trails/artifacts/ciphertext_attestations/T3_XMK_CKKS_TADP_client_001_r13_9895ee9ad1e9f2d8__54e3fa036aa2eb9e.json,,,,,,,,,,,,,,,0eb82da77439ab9d8f37b7162f63169e149da898b85617ec085079f907582f39,1cb0427f2518f4f0c63f8c7996abf8e4ca602ba749a3cad1c2795cd4e7712808,,
553,47ab443f955a4b42df1cc261ca3e44e9,9009c28128737f7948fb54beb932f446c0ce27d5cbdefb4938dce83226ac7abd,2026-08-24T23:15:32.663841+00:00,TADP-SEC/14.0,CLIENT_ACCEPTED_SUBMISSION,T3_XMK_CKKS_TADP,,,,client_001,,,,,,,,,,,2.3-phase1-fixed-threshold-critical-floor-review-profile,e910eb11d46f5a33a9f6a7d996c6c242f2a4caa089255874076d8ae12155dc94,2e5e1ea61ea1c71b07c235b309bb618daac98643cb3c0843acb266cd6b876512,cd72ec3b4911418e9899eae9aed63fa15aaf66633d0cb863f54d9ac8508d934e,833c0f503995ec3e68f8d11c30f392b1e756db044036faa02ce898eac71d1c91,VALIDATED_EVIDENCE_BUNDLE,,,,,,,,,,,,,,,,,,,,,,,,UPDATE_SUBMITTED_ENFORCED,,False,NOT_REQUIRED_AUTOMATED_POLICY,False,,,,,,,,,,,,,C3_CONFIDENTIAL,3,,,,,,,,6401d449cad49398af2f5e4da9bd6c0fbdde3a2a57f8a422907de7f0354cd145,71adf2c7741ed63f779fe8cebf9b4d1363fd18da1c5a49e39f32ec63cb8262f2,,,2026-08-25T22:32:04.883782+00:00,64bea7043f150efdac54603ba5b7dfc3,,,,,48ad9c18a89129cb37b2223f76be55fc668aa6d207948886972ea808a73ab788,fb3d22074638b626117fe964c14118080358fef7b59f761108b9655d9da67ac8,,,2026-08-25T23:13:49.031136+00:00,75d46ecd684a2dc4b6a8e27daff7fed8db3fae5cae653b9ddb3099795df8cd6c,active,,,14,ACCEPTED,ALL_BASELINE_CONTROLS,,,,True,True,True,True,True,False,behnRpJ4QSYXn6Skcqv+u7PQOQFySiznsOpSw9OGEnA=,1ba587eeec6aa098b0a0bd78659793cf262393ce7c7f8178d8347ec279a225bc,LVS6iX3xyk+AW89N8K7wd5i2P+GtpUmTpzID/3W7LU4=,44e391be819b7be628113dfee88662e3233d35bd1637fc9823a6a5679d046c97,jkCuYjV0i8dqA/BDkFj88BAp4eRtSe2HajH/wf29XiI=,d2de0eecb364b6ad6dfd68c57fbb2b61edd7f408c047202d5ab95910a24e2627,,,,,,,,,,,,,,,,,5c16aaeba1aac7a1f836d67795e4b55ca116d58060e445c70655ee8811f51bc1,audit_trails/artifacts/accepted_runtime_submissions/T3_XMK_CKKS_TADP_client_001_r14_1ba587eeec6aa098__5c16aaeba1aac7a1.json,,,,,,,,,,,,,1cb0427f2518f4f0c63f8c7996abf8e4ca602ba749a3cad1c2795cd4e7712808,9f852f679195c09ed999845a0ec4cba16c8c317a9ad13a390ef57a140223257c,,
554,bcaf853fd263a6baa421ee810a787745,9009c28128737f7948fb54beb932f446c0ce27d5cbdefb4938dce83226ac7abd,2026-08-24T23:15:33.025307+00:00,TADP-SEC/14.0,CLIENT_CIPHERTEXT_BINDING,T3_XMK_CKKS_TADP,,,,client_001,,,,,,,,,,,,,,,,,,,,,,,,,,,,,,,,,,,,,,,,CIPHERTEXT_BOUND_TO_SIGNED_UPDATE,,,,,,,,,,,,,,,,,C3_CONFIDENTIAL,3,,,,,,,,,,,,,64bea7043f150efdac54603ba5b7dfc3,,,,,,,,,,,,,,14,VERIFIED,,,,,True,,,,,False,behnRpJ4QSYXn6Skcqv+u7PQOQFySiznsOpSw9OGEnA=,1ba587eeec6aa098b0a0bd78659793cf262393ce7c7f8178d8347ec279a225bc,LVS6iX3xyk+AW89N8K7wd5i2P+GtpUmTpzID/3W7LU4=,54d386cb2a7f1fe13e9ffa6e19960621538cd0be0e2a95131b16f4f3375d57a5,jkCuYjV0i8dqA/BDkFj88BAp4eRtSe2HajH/wf29XiI=,d2de0eecb364b6ad6dfd68c57fbb2b61edd7f408c047202d5ab95910a24e2627,"T3: xMK submit share (round-level finalize), noise=0.000",reference_python,n=|logq=|scale=|scheme=alg_xmk_ckks,xmk_agg_pk:ff832745a25ad5f0,,,,,,,,,9dfcbad99036ed76f1e22a76ebae2e71ff1ba3aa6a8e8c9df0861452b470dac5,,b4ec1fea711accd1eee1c6428a32374f3e7ed1378dac2a9698c828cf6b6bf5ad,audit_trails/artifacts/ciphertext_attestations/T3_XMK_CKKS_TADP_client_001_r14_cfc9d0b31135624b__b4ec1fea711accd1.json,,,,,,,,,,,,,,,9f852f679195c09ed999845a0ec4cba16c8c317a9ad13a390ef57a140223257c,fd80b37baeda19f4104548e68d9d73cd86adbf243f918d281ada15e4ff386451,,
555,8dfd4e3593eca0fcf591057493b4188c,9009c28128737f7948fb54beb932f446c0ce27d5cbdefb4938dce83226ac7abd,2026-08-24T23:15:40.214944+00:00,TADP-SEC/14.0,CLIENT_ACCEPTED_SUBMISSION,T3_XMK_CKKS_TADP,,,,client_001,,,,,,,,,,,2.3-phase1-fixed-threshold-critical-floor-review-profile,e910eb11d46f5a33a9f6a7d996c6c242f2a4caa089255874076d8ae12155dc94,2e5e1ea61ea1c71b07c235b309bb618daac98643cb3c0843acb266cd6b876512,cd72ec3b4911418e9899eae9aed63fa15aaf66633d0cb863f54d9ac8508d934e,833c0f503995ec3e68f8d11c30f392b1e756db044036faa02ce898eac71d1c91,VALIDATED_EVIDENCE_BUNDLE,,,,,,,,,,,,,,,,,,,,,,,,UPDATE_SUBMITTED_ENFORCED,,False,NOT_REQUIRED_AUTOMATED_POLICY,False,,,,,,,,,,,,,C3_CONFIDENTIAL,3,,,,,,,,6401d449cad49398af2f5e4da9bd6c0fbdde3a2a57f8a422907de7f0354cd145,71adf2c7741ed63f779fe8cebf9b4d1363fd18da1c5a49e39f32ec63cb8262f2,,,2026-08-25T22:32:04.883782+00:00,64bea7043f150efdac54603ba5b7dfc3,,,,,48ad9c18a89129cb37b2223f76be55fc668aa6d207948886972ea808a73ab788,fb3d22074638b626117fe964c14118080358fef7b59f761108b9655d9da67ac8,,,2026-08-25T23:13:49.031136+00:00,75d46ecd684a2dc4b6a8e27daff7fed8db3fae5cae653b9ddb3099795df8cd6c,active,,,15,ACCEPTED,ALL_BASELINE_CONTROLS,,,,True,True,True,True,True,False,cpAwdYoid9iZ/O6Wk1pEoNmQ7HuBMi8ILqCJpZjwea4=,0a50d1cdcb39bde53046b73e78722a57ea4b9d8f5053a80dc6074991370e0e9f,LVS6iX3xyk+AW89N8K7wd5i2P+GtpUmTpzID/3W7LU4=,866a71c89d9a7237946f877bbc35cd92af87da78e638b3db9786e8aed3aa6f96,BoC4MyW38hS0W/kWNt2gy1q2dxn9N7PrG77xdUyZXk0=,d2de0eecb364b6ad6dfd68c57fbb2b61edd7f408c047202d5ab95910a24e2627,,,,,,,,,,,,,,,,,b47e3de3b3cf33ce9576356f82be612804b9853579036622fffcbc8f3e752804,audit_trails/artifacts/accepted_runtime_submissions/T3_XMK_CKKS_TADP_client_001_r15_0a50d1cdcb39bde5__b47e3de3b3cf33ce.json,,,,,,,,,,,,,fd80b37baeda19f4104548e68d9d73cd86adbf243f918d281ada15e4ff386451,d804050a943696d16ec542d9b23627ca0f3ed8a955f98257dbfab004fd22595f,,
556,e9d6ab7ba1adf18a79dbf669c9e4ef70,9009c28128737f7948fb54beb932f446c0ce27d5cbdefb4938dce83226ac7abd,2026-08-24T23:15:40.682162+00:00,TADP-SEC/14.0,CLIENT_CIPHERTEXT_BINDING,T3_XMK_CKKS_TADP,,,,client_001,,,,,,,,,,,,,,,,,,,,,,,,,,,,,,,,,,,,,,,,CIPHERTEXT_BOUND_TO_SIGNED_UPDATE,,,,,,,,,,,,,,,,,C3_CONFIDENTIAL,3,,,,,,,,,,,,,64bea7043f150efdac54603ba5b7dfc3,,,,,,,,,,,,,,15,VERIFIED,,,,,True,,,,,False,cpAwdYoid9iZ/O6Wk1pEoNmQ7HuBMi8ILqCJpZjwea4=,0a50d1cdcb39bde53046b73e78722a57ea4b9d8f5053a80dc6074991370e0e9f,LVS6iX3xyk+AW89N8K7wd5i2P+GtpUmTpzID/3W7LU4=,4d5f853311ac829ec0e087a687e777ba60ee373684509afe4dc0d16598ce3fc6,BoC4MyW38hS0W/kWNt2gy1q2dxn9N7PrG77xdUyZXk0=,d2de0eecb364b6ad6dfd68c57fbb2b61edd7f408c047202d5ab95910a24e2627,"T3: xMK submit share (round-level finalize), noise=0.000",reference_python,n=|logq=|scale=|scheme=alg_xmk_ckks,xmk_agg_pk:ff832745a25ad5f0,,,,,,,,,59462a07dfa6cd50929085f6c2e4d24b0c71e856699bff4b52777c0019b843ee,,fcb2e103a20f42589c78317cec2753945ac23593eec3b954fc15860794f6a82f,audit_trails/artifacts/ciphertext_attestations/T3_XMK_CKKS_TADP_client_001_r15_834f27c9e25a2132__fcb2e103a20f4258.json,,,,,,,,,,,,,,,d804050a943696d16ec542d9b23627ca0f3ed8a955f98257dbfab004fd22595f,43fa26499ba4f9b458977aefdd6497175ee5d9a35334d72eecac55f238b50be5,,
557,809482a847f4dc242bb53cbe99f46df6,9009c28128737f7948fb54beb932f446c0ce27d5cbdefb4938dce83226ac7abd,2026-08-24T23:15:48.491851+00:00,TADP-SEC/14.0,CLIENT_ACCEPTED_SUBMISSION,T3_XMK_CKKS_TADP,,,,client_001,,,,,,,,,,,2.3-phase1-fixed-threshold-critical-floor-review-profile,e910eb11d46f5a33a9f6a7d996c6c242f2a4caa089255874076d8ae12155dc94,2e5e1ea61ea1c71b07c235b309bb618daac98643cb3c0843acb266cd6b876512,cd72ec3b4911418e9899eae9aed63fa15aaf66633d0cb863f54d9ac8508d934e,833c0f503995ec3e68f8d11c30f392b1e756db044036faa02ce898eac71d1c91,VALIDATED_EVIDENCE_BUNDLE,,,,,,,,,,,,,,,,,,,,,,,,UPDATE_SUBMITTED_ENFORCED,,False,NOT_REQUIRED_AUTOMATED_POLICY,False,,,,,,,,,,,,,C3_CONFIDENTIAL,3,,,,,,,,6401d449cad49398af2f5e4da9bd6c0fbdde3a2a57f8a422907de7f0354cd145,71adf2c7741ed63f779fe8cebf9b4d1363fd18da1c5a49e39f32ec63cb8262f2,,,2026-08-25T22:32:04.883782+00:00,64bea7043f150efdac54603ba5b7dfc3,,,,,48ad9c18a89129cb37b2223f76be55fc668aa6d207948886972ea808a73ab788,fb3d22074638b626117fe964c14118080358fef7b59f761108b9655d9da67ac8,,,2026-08-25T23:13:49.031136+00:00,75d46ecd684a2dc4b6a8e27daff7fed8db3fae5cae653b9ddb3099795df8cd6c,active,,,16,ACCEPTED,ALL_BASELINE_CONTROLS,,,,True,True,True,True,True,False,8QnnlKUcGwmPZlxYFF2GYQherQx9sar7lvJ/HAQIYnA=,4fece104fd4465b50ff5b5dcb199b96c4f18dbea84e415b7172e20501676eb8c,LVS6iX3xyk+AW89N8K7wd5i2P+GtpUmTpzID/3W7LU4=,ae9af3e5e709e22b30ce7843c006003611b52e3235747a159b6a972d53f9b40b,SDYZ9ab83P/IM6mUNUmpkD4yC3ML7hpodNNh9VtV21Q=,d2de0eecb364b6ad6dfd68c57fbb2b61edd7f408c047202d5ab95910a24e2627,,,,,,,,,,,,,,,,,4e340f927949d29a2810155af4cc09838e8be331f6efdaab23143c0c4970088c,audit_trails/artifacts/accepted_runtime_submissions/T3_XMK_CKKS_TADP_client_001_r16_4fece104fd4465b5__4e340f927949d29a.json,,,,,,,,,,,,,43fa26499ba4f9b458977aefdd6497175ee5d9a35334d72eecac55f238b50be5,01c91bcb86d5d398cc9d0e9adcb7c730c0ab1b3506b8e20ebed8b13120f0d79c,,
558,34730f782f2a962a392ad8023f2590b1,9009c28128737f7948fb54beb932f446c0ce27d5cbdefb4938dce83226ac7abd,2026-08-24T23:15:48.832975+00:00,TADP-SEC/14.0,CLIENT_CIPHERTEXT_BINDING,T3_XMK_CKKS_TADP,,,,client_001,,,,,,,,,,,,,,,,,,,,,,,,,,,,,,,,,,,,,,,,CIPHERTEXT_BOUND_TO_SIGNED_UPDATE,,,,,,,,,,,,,,,,,C3_CONFIDENTIAL,3,,,,,,,,,,,,,64bea7043f150efdac54603ba5b7dfc3,,,,,,,,,,,,,,16,VERIFIED,,,,,True,,,,,False,8QnnlKUcGwmPZlxYFF2GYQherQx9sar7lvJ/HAQIYnA=,4fece104fd4465b50ff5b5dcb199b96c4f18dbea84e415b7172e20501676eb8c,LVS6iX3xyk+AW89N8K7wd5i2P+GtpUmTpzID/3W7LU4=,35e04484ff8c236acd12ca3e03200efbbb7761bec7d092c0634edb3891fd56b5,SDYZ9ab83P/IM6mUNUmpkD4yC3ML7hpodNNh9VtV21Q=,d2de0eecb364b6ad6dfd68c57fbb2b61edd7f408c047202d5ab95910a24e2627,"T3: xMK submit share (round-level finalize), noise=0.000",reference_python,n=|logq=|scale=|scheme=alg_xmk_ckks,xmk_agg_pk:ff832745a25ad5f0,,,,,,,,,c435071ca0bdfe21bbb948cb523c6415c72c5a180f188a08cceee0512875d85a,,0f095da26bc6a0c8ea24c0deebcfac3eb0763ade335ae45aeeab9e75c26d9b2d,audit_trails/artifacts/ciphertext_attestations/T3_XMK_CKKS_TADP_client_001_r16_e1bc5580c98fa62e__0f095da26bc6a0c8.json,,,,,,,,,,,,,,,01c91bcb86d5d398cc9d0e9adcb7c730c0ab1b3506b8e20ebed8b13120f0d79c,a1cd7ad64121debb79ddb406eafb037b8a387cd2f79877cf67d0acceb1a60450,,
559,5c4a00705cf7af3e285ff14b5a097ff0,9009c28128737f7948fb54beb932f446c0ce27d5cbdefb4938dce83226ac7abd,2026-08-24T23:15:56.578721+00:00,TADP-SEC/14.0,CLIENT_ACCEPTED_SUBMISSION,T3_XMK_CKKS_TADP,,,,client_001,,,,,,,,,,,2.3-phase1-fixed-threshold-critical-floor-review-profile,e910eb11d46f5a33a9f6a7d996c6c242f2a4caa089255874076d8ae12155dc94,2e5e1ea61ea1c71b07c235b309bb618daac98643cb3c0843acb266cd6b876512,cd72ec3b4911418e9899eae9aed63fa15aaf66633d0cb863f54d9ac8508d934e,833c0f503995ec3e68f8d11c30f392b1e756db044036faa02ce898eac71d1c91,VALIDATED_EVIDENCE_BUNDLE,,,,,,,,,,,,,,,,,,,,,,,,UPDATE_SUBMITTED_ENFORCED,,False,NOT_REQUIRED_AUTOMATED_POLICY,False,,,,,,,,,,,,,C3_CONFIDENTIAL,3,,,,,,,,6401d449cad49398af2f5e4da9bd6c0fbdde3a2a57f8a422907de7f0354cd145,71adf2c7741ed63f779fe8cebf9b4d1363fd18da1c5a49e39f32ec63cb8262f2,,,2026-08-25T22:32:04.883782+00:00,64bea7043f150efdac54603ba5b7dfc3,,,,,48ad9c18a89129cb37b2223f76be55fc668aa6d207948886972ea808a73ab788,fb3d22074638b626117fe964c14118080358fef7b59f761108b9655d9da67ac8,,,2026-08-25T23:13:49.031136+00:00,75d46ecd684a2dc4b6a8e27daff7fed8db3fae5cae653b9ddb3099795df8cd6c,active,,,17,ACCEPTED,ALL_BASELINE_CONTROLS,,,,True,True,True,True,True,False,RRP0kjOnaXkbo223bNlcLvrVcwsySoDQAubzNpq0Wkg=,18c05148a2be072e7eca6073b9d66870ec4b3204d25beb574c228f22b4e687d3,LVS6iX3xyk+AW89N8K7wd5i2P+GtpUmTpzID/3W7LU4=,4633970e0f56f4355892d599814b0dbf59499bbef849648aa02b749ff485ad06,qcnUiQ+bFf8FAzuqRn3TRWdsWUpEPHehIpKnG0t46Os=,d2de0eecb364b6ad6dfd68c57fbb2b61edd7f408c047202d5ab95910a24e2627,,,,,,,,,,,,,,,,,03a2581fb4da31312a50a3f6e5f0d915628905641c394053e17a9e82f3423d57,audit_trails/artifacts/accepted_runtime_submissions/T3_XMK_CKKS_TADP_client_001_r17_18c05148a2be072e__03a2581fb4da3131.json,,,,,,,,,,,,,a1cd7ad64121debb79ddb406eafb037b8a387cd2f79877cf67d0acceb1a60450,1212c78c3ca1adee3154226e02b065f0a87f89d52f04871a197580d4b1d9e157,,
560,7e877cf8118f4ffdfbabd40110ec0c04,9009c28128737f7948fb54beb932f446c0ce27d5cbdefb4938dce83226ac7abd,2026-08-24T23:15:57.058021+00:00,TADP-SEC/14.0,CLIENT_CIPHERTEXT_BINDING,T3_XMK_CKKS_TADP,,,,client_001,,,,,,,,,,,,,,,,,,,,,,,,,,,,,,,,,,,,,,,,CIPHERTEXT_BOUND_TO_SIGNED_UPDATE,,,,,,,,,,,,,,,,,C3_CONFIDENTIAL,3,,,,,,,,,,,,,64bea7043f150efdac54603ba5b7dfc3,,,,,,,,,,,,,,17,VERIFIED,,,,,True,,,,,False,RRP0kjOnaXkbo223bNlcLvrVcwsySoDQAubzNpq0Wkg=,18c05148a2be072e7eca6073b9d66870ec4b3204d25beb574c228f22b4e687d3,LVS6iX3xyk+AW89N8K7wd5i2P+GtpUmTpzID/3W7LU4=,083b03cfdfc2e83c5b878d56fb4f92c90df2f798a4fd88d39d486e521651e0e8,qcnUiQ+bFf8FAzuqRn3TRWdsWUpEPHehIpKnG0t46Os=,d2de0eecb364b6ad6dfd68c57fbb2b61edd7f408c047202d5ab95910a24e2627,"T3: xMK submit share (round-level finalize), noise=0.000",reference_python,n=|logq=|scale=|scheme=alg_xmk_ckks,xmk_agg_pk:ff832745a25ad5f0,,,,,,,,,0f517df30db0d0be0ff98fc594c5214a5d12d1c3feb62f49f24baca56791cacc,,5397b1e709b35efb46fd6814d8353ba08eff69004aded6903ec23547081a33f6,audit_trails/artifacts/ciphertext_attestations/T3_XMK_CKKS_TADP_client_001_r17_4e435180747d644f__5397b1e709b35efb.json,,,,,,,,,,,,,,,1212c78c3ca1adee3154226e02b065f0a87f89d52f04871a197580d4b1d9e157,827f3b850110164dd32ffd2a830877b14f7d3cbfd79815e0b0526ca0723e43bf,,
561,2bd83e5e8b33e6187307054d83109676,9009c28128737f7948fb54beb932f446c0ce27d5cbdefb4938dce83226ac7abd,2026-08-24T23:16:04.021712+00:00,TADP-SEC/14.0,CLIENT_ACCEPTED_SUBMISSION,T3_XMK_CKKS_TADP,,,,client_001,,,,,,,,,,,2.3-phase1-fixed-threshold-critical-floor-review-profile,e910eb11d46f5a33a9f6a7d996c6c242f2a4caa089255874076d8ae12155dc94,2e5e1ea61ea1c71b07c235b309bb618daac98643cb3c0843acb266cd6b876512,cd72ec3b4911418e9899eae9aed63fa15aaf66633d0cb863f54d9ac8508d934e,833c0f503995ec3e68f8d11c30f392b1e756db044036faa02ce898eac71d1c91,VALIDATED_EVIDENCE_BUNDLE,,,,,,,,,,,,,,,,,,,,,,,,UPDATE_SUBMITTED_ENFORCED,,False,NOT_REQUIRED_AUTOMATED_POLICY,False,,,,,,,,,,,,,C3_CONFIDENTIAL,3,,,,,,,,6401d449cad49398af2f5e4da9bd6c0fbdde3a2a57f8a422907de7f0354cd145,71adf2c7741ed63f779fe8cebf9b4d1363fd18da1c5a49e39f32ec63cb8262f2,,,2026-08-25T22:32:04.883782+00:00,64bea7043f150efdac54603ba5b7dfc3,,,,,48ad9c18a89129cb37b2223f76be55fc668aa6d207948886972ea808a73ab788,fb3d22074638b626117fe964c14118080358fef7b59f761108b9655d9da67ac8,,,2026-08-25T23:13:49.031136+00:00,75d46ecd684a2dc4b6a8e27daff7fed8db3fae5cae653b9ddb3099795df8cd6c,active,,,18,ACCEPTED,ALL_BASELINE_CONTROLS,,,,True,True,True,True,True,False,gh1M5/O1NPpASfMSBpkb8LsN8F8mqpPK3y5Y5tbNZno=,fca0d438d2e64cdafd4e7e85e7461b52dec2e0a23627db7bb45ca835fc6839e7,LVS6iX3xyk+AW89N8K7wd5i2P+GtpUmTpzID/3W7LU4=,a0f805717ab9287af74327d958617693a90afdfc4fd0f1fcaeabcb7590cc7585,lepFkVTvpAs/PLIHxLwucQg4zl5VBm6ADd5kWFaOR88=,d2de0eecb364b6ad6dfd68c57fbb2b61edd7f408c047202d5ab95910a24e2627,,,,,,,,,,,,,,,,,6df569c5541099fe9770b1fe2f01f0db5c29f1dbcb2435e98746ac38203314c4,audit_trails/artifacts/accepted_runtime_submissions/T3_XMK_CKKS_TADP_client_001_r18_fca0d438d2e64cda__6df569c5541099fe.json,,,,,,,,,,,,,827f3b850110164dd32ffd2a830877b14f7d3cbfd79815e0b0526ca0723e43bf,82d03588fb0b24e00584ea582df3e7e2823ffeacb2294846ad15872424afcb19,,
562,169042ffad2129eb7454ae83a262d447,9009c28128737f7948fb54beb932f446c0ce27d5cbdefb4938dce83226ac7abd,2026-08-24T23:16:04.369302+00:00,TADP-SEC/14.0,CLIENT_CIPHERTEXT_BINDING,T3_XMK_CKKS_TADP,,,,client_001,,,,,,,,,,,,,,,,,,,,,,,,,,,,,,,,,,,,,,,,CIPHERTEXT_BOUND_TO_SIGNED_UPDATE,,,,,,,,,,,,,,,,,C3_CONFIDENTIAL,3,,,,,,,,,,,,,64bea7043f150efdac54603ba5b7dfc3,,,,,,,,,,,,,,18,VERIFIED,,,,,True,,,,,False,gh1M5/O1NPpASfMSBpkb8LsN8F8mqpPK3y5Y5tbNZno=,fca0d438d2e64cdafd4e7e85e7461b52dec2e0a23627db7bb45ca835fc6839e7,LVS6iX3xyk+AW89N8K7wd5i2P+GtpUmTpzID/3W7LU4=,bc8415fdcd8ce63f5705691a21584fb555b2236747b95b73c70ec6fbcc02cc35,lepFkVTvpAs/PLIHxLwucQg4zl5VBm6ADd5kWFaOR88=,d2de0eecb364b6ad6dfd68c57fbb2b61edd7f408c047202d5ab95910a24e2627,"T3: xMK submit share (round-level finalize), noise=0.000",reference_python,n=|logq=|scale=|scheme=alg_xmk_ckks,xmk_agg_pk:ff832745a25ad5f0,,,,,,,,,140458f1133a5f27a734a9fca66e28a2e1b996eb50ee6999cd17e41d5385f505,,30da197043ceca471d38064aa0cd037476c10329f2ce0dcfc3e184ef5e648656,audit_trails/artifacts/ciphertext_attestations/T3_XMK_CKKS_TADP_client_001_r18_bccf3772c6ab320e__30da197043ceca47.json,,,,,,,,,,,,,,,82d03588fb0b24e00584ea582df3e7e2823ffeacb2294846ad15872424afcb19,8522f8c9dedfc3cfc83def92add6989a162ba729dc46bf667b44d97efc7e58be,,
563,105dd8afe1e28c3dc99b055f155254b7,9009c28128737f7948fb54beb932f446c0ce27d5cbdefb4938dce83226ac7abd,2026-08-24T23:16:12.113626+00:00,TADP-SEC/14.0,CLIENT_ACCEPTED_SUBMISSION,T3_XMK_CKKS_TADP,,,,client_001,,,,,,,,,,,2.3-phase1-fixed-threshold-critical-floor-review-profile,e910eb11d46f5a33a9f6a7d996c6c242f2a4caa089255874076d8ae12155dc94,2e5e1ea61ea1c71b07c235b309bb618daac98643cb3c0843acb266cd6b876512,cd72ec3b4911418e9899eae9aed63fa15aaf66633d0cb863f54d9ac8508d934e,833c0f503995ec3e68f8d11c30f392b1e756db044036faa02ce898eac71d1c91,VALIDATED_EVIDENCE_BUNDLE,,,,,,,,,,,,,,,,,,,,,,,,UPDATE_SUBMITTED_ENFORCED,,False,NOT_REQUIRED_AUTOMATED_POLICY,False,,,,,,,,,,,,,C3_CONFIDENTIAL,3,,,,,,,,6401d449cad49398af2f5e4da9bd6c0fbdde3a2a57f8a422907de7f0354cd145,71adf2c7741ed63f779fe8cebf9b4d1363fd18da1c5a49e39f32ec63cb8262f2,,,2026-08-25T22:32:04.883782+00:00,64bea7043f150efdac54603ba5b7dfc3,,,,,48ad9c18a89129cb37b2223f76be55fc668aa6d207948886972ea808a73ab788,fb3d22074638b626117fe964c14118080358fef7b59f761108b9655d9da67ac8,,,2026-08-25T23:13:49.031136+00:00,75d46ecd684a2dc4b6a8e27daff7fed8db3fae5cae653b9ddb3099795df8cd6c,active,,,19,ACCEPTED,ALL_BASELINE_CONTROLS,,,,True,True,True,True,True,False,Z+UnW4InYlQj4ltp1WjmwZpAZ0f1oXJ+ljSk+SGAerk=,ea6682fd8c3c540ae6cee26694dcb85a879e5b391f84cfd69085b953847c1583,LVS6iX3xyk+AW89N8K7wd5i2P+GtpUmTpzID/3W7LU4=,fe9fec56f9ec74b20271e68442cc4211902b1eb9f8defe432f49899f73132a94,6f4WBr6nNltja3Bq09e1kzOy8jU/Cu82jYRj+OW/3oA=,d2de0eecb364b6ad6dfd68c57fbb2b61edd7f408c047202d5ab95910a24e2627,,,,,,,,,,,,,,,,,4775b4a853ff1d038920fa65ae8f22273cf5f260d15d58e7513444667a8dcab3,audit_trails/artifacts/accepted_runtime_submissions/T3_XMK_CKKS_TADP_client_001_r19_ea6682fd8c3c540a__4775b4a853ff1d03.json,,,,,,,,,,,,,8522f8c9dedfc3cfc83def92add6989a162ba729dc46bf667b44d97efc7e58be,792c146a2f9302536d27fa1a213a2f29708f380182561d6591fc97210cbe0034,,
564,94167957c33c78e3f9e2abbee40bac25,9009c28128737f7948fb54beb932f446c0ce27d5cbdefb4938dce83226ac7abd,2026-08-24T23:16:12.448613+00:00,TADP-SEC/14.0,CLIENT_CIPHERTEXT_BINDING,T3_XMK_CKKS_TADP,,,,client_001,,,,,,,,,,,,,,,,,,,,,,,,,,,,,,,,,,,,,,,,CIPHERTEXT_BOUND_TO_SIGNED_UPDATE,,,,,,,,,,,,,,,,,C3_CONFIDENTIAL,3,,,,,,,,,,,,,64bea7043f150efdac54603ba5b7dfc3,,,,,,,,,,,,,,19,VERIFIED,,,,,True,,,,,False,Z+UnW4InYlQj4ltp1WjmwZpAZ0f1oXJ+ljSk+SGAerk=,ea6682fd8c3c540ae6cee26694dcb85a879e5b391f84cfd69085b953847c1583,LVS6iX3xyk+AW89N8K7wd5i2P+GtpUmTpzID/3W7LU4=,d2c7a93b185d95d7f0985cea81d4bf752dee54aed56f07a6f48d8c547749be9e,6f4WBr6nNltja3Bq09e1kzOy8jU/Cu82jYRj+OW/3oA=,d2de0eecb364b6ad6dfd68c57fbb2b61edd7f408c047202d5ab95910a24e2627,"T3: xMK submit share (round-level finalize), noise=0.000",reference_python,n=|logq=|scale=|scheme=alg_xmk_ckks,xmk_agg_pk:ff832745a25ad5f0,,,,,,,,,370c82afb130320befc34fc431596fa3374738d7daef4250d4689b1c8b030e28,,038e00e5b15db42c975dbc464cb91eaf1ec1f3a80adb2c8ffa9831784c00ceeb,audit_trails/artifacts/ciphertext_attestations/T3_XMK_CKKS_TADP_client_001_r19_29b09286a158305f__038e00e5b15db42c.json,,,,,,,,,,,,,,,792c146a2f9302536d27fa1a213a2f29708f380182561d6591fc97210cbe0034,c31ecd6aacff2f214b872ae3b0303f14efbfb5b694de09ee1a63672567958d5b,,
565,a7999e9eda8a456eefd0c72ba14aad79,9009c28128737f7948fb54beb932f446c0ce27d5cbdefb4938dce83226ac7abd,2026-08-24T23:16:19.174631+00:00,TADP-SEC/14.0,CLIENT_ACCEPTED_SUBMISSION,T3_XMK_CKKS_TADP,,,,client_001,,,,,,,,,,,2.3-phase1-fixed-threshold-critical-floor-review-profile,e910eb11d46f5a33a9f6a7d996c6c242f2a4caa089255874076d8ae12155dc94,2e5e1ea61ea1c71b07c235b309bb618daac98643cb3c0843acb266cd6b876512,cd72ec3b4911418e9899eae9aed63fa15aaf66633d0cb863f54d9ac8508d934e,833c0f503995ec3e68f8d11c30f392b1e756db044036faa02ce898eac71d1c91,VALIDATED_EVIDENCE_BUNDLE,,,,,,,,,,,,,,,,,,,,,,,,UPDATE_SUBMITTED_ENFORCED,,False,NOT_REQUIRED_AUTOMATED_POLICY,False,,,,,,,,,,,,,C3_CONFIDENTIAL,3,,,,,,,,6401d449cad49398af2f5e4da9bd6c0fbdde3a2a57f8a422907de7f0354cd145,71adf2c7741ed63f779fe8cebf9b4d1363fd18da1c5a49e39f32ec63cb8262f2,,,2026-08-25T22:32:04.883782+00:00,64bea7043f150efdac54603ba5b7dfc3,,,,,48ad9c18a89129cb37b2223f76be55fc668aa6d207948886972ea808a73ab788,fb3d22074638b626117fe964c14118080358fef7b59f761108b9655d9da67ac8,,,2026-08-25T23:13:49.031136+00:00,75d46ecd684a2dc4b6a8e27daff7fed8db3fae5cae653b9ddb3099795df8cd6c,active,,,20,ACCEPTED,ALL_BASELINE_CONTROLS,,,,True,True,True,True,True,False,+ZzQD/1XKWE+yqjtEdzHQq3t1kT6iWg9SW5JlZqWtmk=,df4c3047dd5f90a8fb0ad5756a3c60e864bd807e2055369c13a049a8c3750df1,LVS6iX3xyk+AW89N8K7wd5i2P+GtpUmTpzID/3W7LU4=,fbb6496dd13bccc0737b93171622a3b6e7764a48f52e5505093cbf552f769742,YKy0KXETZ2hEMZY7w78GpLmyhUyQ6vLLSJkpdNFpQ/k=,d2de0eecb364b6ad6dfd68c57fbb2b61edd7f408c047202d5ab95910a24e2627,,,,,,,,,,,,,,,,,c2b1a5f3afef1af98eec7d5b246fed732752928387e5fac9d15fc7aa2c8bb345,audit_trails/artifacts/accepted_runtime_submissions/T3_XMK_CKKS_TADP_client_001_r20_df4c3047dd5f90a8__c2b1a5f3afef1af9.json,,,,,,,,,,,,,c31ecd6aacff2f214b872ae3b0303f14efbfb5b694de09ee1a63672567958d5b,41358f3a4a1e44869fe43173314c3d5c567f979a0cc52d2b65146c81e008b18f,,
566,8dc087d0694247398604c79c659b1b74,9009c28128737f7948fb54beb932f446c0ce27d5cbdefb4938dce83226ac7abd,2026-08-24T23:16:19.516851+00:00,TADP-SEC/14.0,CLIENT_CIPHERTEXT_BINDING,T3_XMK_CKKS_TADP,,,,client_001,,,,,,,,,,,,,,,,,,,,,,,,,,,,,,,,,,,,,,,,CIPHERTEXT_BOUND_TO_SIGNED_UPDATE,,,,,,,,,,,,,,,,,C3_CONFIDENTIAL,3,,,,,,,,,,,,,64bea7043f150efdac54603ba5b7dfc3,,,,,,,,,,,,,,20,VERIFIED,,,,,True,,,,,False,+ZzQD/1XKWE+yqjtEdzHQq3t1kT6iWg9SW5JlZqWtmk=,df4c3047dd5f90a8fb0ad5756a3c60e864bd807e2055369c13a049a8c3750df1,LVS6iX3xyk+AW89N8K7wd5i2P+GtpUmTpzID/3W7LU4=,4632a6b4ea51e32a5072e33c19ec5ae93430e7dc7581d491351b5c1436b60788,YKy0KXETZ2hEMZY7w78GpLmyhUyQ6vLLSJkpdNFpQ/k=,d2de0eecb364b6ad6dfd68c57fbb2b61edd7f408c047202d5ab95910a24e2627,"T3: xMK submit share (round-level finalize), noise=0.000",reference_python,n=|logq=|scale=|scheme=alg_xmk_ckks,xmk_agg_pk:ff832745a25ad5f0,,,,,,,,,18ec88e56f97e43e64067aff40d0ff5e704b8b05623d0f15e519147e947a0fcf,,e7a8d653dd256bf37cb9c75128c77ac0e3b1eb3a94db0da6857457aa9f621cab,audit_trails/artifacts/ciphertext_attestations/T3_XMK_CKKS_TADP_client_001_r20_3f4f0eb03b84cd76__e7a8d653dd256bf3.json,,,,,,,,,,,,,,,41358f3a4a1e44869fe43173314c3d5c567f979a0cc52d2b65146c81e008b18f,95b94afaac4f436adc687bc1bede0f9ddd7a5d95943aec9ab84729914e09042e,,
567,02159426ae40774ad4fe89cf75417622,9009c28128737f7948fb54beb932f446c0ce27d5cbdefb4938dce83226ac7abd,2026-08-24T23:16:29.445967+00:00,TADP-SEC/14.0,CLIENT_ACCEPTED_SUBMISSION,T3_XMK_CKKS_TADP,,,,client_001,,,,,,,,,,,2.3-phase1-fixed-threshold-critical-floor-review-profile,e910eb11d46f5a33a9f6a7d996c6c242f2a4caa089255874076d8ae12155dc94,2e5e1ea61ea1c71b07c235b309bb618daac98643cb3c0843acb266cd6b876512,cd72ec3b4911418e9899eae9aed63fa15aaf66633d0cb863f54d9ac8508d934e,833c0f503995ec3e68f8d11c30f392b1e756db044036faa02ce898eac71d1c91,VALIDATED_EVIDENCE_BUNDLE,,,,,,,,,,,,,,,,,,,,,,,,UPDATE_SUBMITTED_ENFORCED,,False,NOT_REQUIRED_AUTOMATED_POLICY,False,,,,,,,,,,,,,C3_CONFIDENTIAL,3,,,,,,,,6401d449cad49398af2f5e4da9bd6c0fbdde3a2a57f8a422907de7f0354cd145,71adf2c7741ed63f779fe8cebf9b4d1363fd18da1c5a49e39f32ec63cb8262f2,,,2026-08-25T22:32:04.883782+00:00,df494cd41ae8047b1adcbb56f6bcd7ca,,,,,376acef6571a96efd60b5ac78db97a648f88af16c96a8ecf73041d83b7ef612a,3ae6e976f843bc0981b1407655c91921254e3a4f49cf819a8dd949afa002f976,,,2026-08-25T23:16:26.909862+00:00,75d46ecd684a2dc4b6a8e27daff7fed8db3fae5cae653b9ddb3099795df8cd6c,active,,,1,ACCEPTED,ALL_BASELINE_CONTROLS,,,,True,True,True,True,True,False,hSBtJxplmaaBg9TPt9QBihfiJ+FTwlZqUzT5KgjW19I=,92becbca33d70f0269d9a0e180070a0abe36c7ce6911d222da39eef564b9a702,LVS6iX3xyk+AW89N8K7wd5i2P+GtpUmTpzID/3W7LU4=,523fa779d0025447feb2bad470f75c0965dc6ac52722b3108d23af910e29048d,nZlI5+ROpc+vVdC4sfzi2UzEPUGbS1lwGIMLMKaoNKY=,d2de0eecb364b6ad6dfd68c57fbb2b61edd7f408c047202d5ab95910a24e2627,,,,,,,,,,,,,,,,,316f1a1b00818c5484b1f6d43b610055bd5fd51cc0134041978c69e7c2448734,audit_trails/artifacts/accepted_runtime_submissions/T3_XMK_CKKS_TADP_client_001_r1_92becbca33d70f02__316f1a1b00818c54.json,,,,,,,,,,,,,95b94afaac4f436adc687bc1bede0f9ddd7a5d95943aec9ab84729914e09042e,a4e76b6b56b97ff522f0fb042f59b45e2d4334a8456d3a250a6bd8a6911d996e,,
568,d893f6038b81dbf575357b717e95eaec,9009c28128737f7948fb54beb932f446c0ce27d5cbdefb4938dce83226ac7abd,2026-08-24T23:16:29.800759+00:00,TADP-SEC/14.0,CLIENT_CIPHERTEXT_BINDING,T3_XMK_CKKS_TADP,,,,client_001,,,,,,,,,,,,,,,,,,,,,,,,,,,,,,,,,,,,,,,,CIPHERTEXT_BOUND_TO_SIGNED_UPDATE,,,,,,,,,,,,,,,,,C3_CONFIDENTIAL,3,,,,,,,,,,,,,df494cd41ae8047b1adcbb56f6bcd7ca,,,,,,,,,,,,,,1,VERIFIED,,,,,True,,,,,False,hSBtJxplmaaBg9TPt9QBihfiJ+FTwlZqUzT5KgjW19I=,92becbca33d70f0269d9a0e180070a0abe36c7ce6911d222da39eef564b9a702,LVS6iX3xyk+AW89N8K7wd5i2P+GtpUmTpzID/3W7LU4=,b2dd6aa37cf5d1d77eddac1f186413d380c967dcc53c2b87adcb213d41259938,nZlI5+ROpc+vVdC4sfzi2UzEPUGbS1lwGIMLMKaoNKY=,d2de0eecb364b6ad6dfd68c57fbb2b61edd7f408c047202d5ab95910a24e2627,"T3: xMK submit share (round-level finalize), noise=0.000",reference_python,n=|logq=|scale=|scheme=alg_xmk_ckks,xmk_agg_pk:ff832745a25ad5f0,,,,,,,,,0b12ffbd3ac2a699aac8b93bd7006fd3fc895dde60e2e0370b5699b5c7d07100,,de38cc7e7b1623b95235ad82d69f89036acf969bebcf1a91ebe5db0902e25206,audit_trails/artifacts/ciphertext_attestations/T3_XMK_CKKS_TADP_client_001_r1_de82c033d629fb76__de38cc7e7b1623b9.json,,,,,,,,,,,,,,,a4e76b6b56b97ff522f0fb042f59b45e2d4334a8456d3a250a6bd8a6911d996e,55d41eea0c272200254405e708d63c7331e040b07e90d96c99a55fa3683a36eb,,
569,1f8679db449bd47d195f542677e685f7,9009c28128737f7948fb54beb932f446c0ce27d5cbdefb4938dce83226ac7abd,2026-08-24T23:16:37.253650+00:00,TADP-SEC/14.0,CLIENT_ACCEPTED_SUBMISSION,T3_XMK_CKKS_TADP,,,,client_001,,,,,,,,,,,2.3-phase1-fixed-threshold-critical-floor-review-profile,e910eb11d46f5a33a9f6a7d996c6c242f2a4caa089255874076d8ae12155dc94,2e5e1ea61ea1c71b07c235b309bb618daac98643cb3c0843acb266cd6b876512,cd72ec3b4911418e9899eae9aed63fa15aaf66633d0cb863f54d9ac8508d934e,833c0f503995ec3e68f8d11c30f392b1e756db044036faa02ce898eac71d1c91,VALIDATED_EVIDENCE_BUNDLE,,,,,,,,,,,,,,,,,,,,,,,,UPDATE_SUBMITTED_ENFORCED,,False,NOT_REQUIRED_AUTOMATED_POLICY,False,,,,,,,,,,,,,C3_CONFIDENTIAL,3,,,,,,,,6401d449cad49398af2f5e4da9bd6c0fbdde3a2a57f8a422907de7f0354cd145,71adf2c7741ed63f779fe8cebf9b4d1363fd18da1c5a49e39f32ec63cb8262f2,,,2026-08-25T22:32:04.883782+00:00,df494cd41ae8047b1adcbb56f6bcd7ca,,,,,376acef6571a96efd60b5ac78db97a648f88af16c96a8ecf73041d83b7ef612a,3ae6e976f843bc0981b1407655c91921254e3a4f49cf819a8dd949afa002f976,,,2026-08-25T23:16:26.909862+00:00,75d46ecd684a2dc4b6a8e27daff7fed8db3fae5cae653b9ddb3099795df8cd6c,active,,,2,ACCEPTED,ALL_BASELINE_CONTROLS,,,,True,True,True,True,True,False,9THIluQvazPiibqv8yS7KvVlJDKg5p/FBWBrdERJKtQ=,f71630977c2d48a3bafcfbcd9947d8475efe6748ded9841849b6dbfa44c2371a,LVS6iX3xyk+AW89N8K7wd5i2P+GtpUmTpzID/3W7LU4=,2aa9e8bfc07f9b6a20ccc311796e2b685fec68e51b23379f2c3f0c1f362e588e,MUwZStMXElImM+28Yi3qj5EJP89SNYEUTUYaOwYFoAs=,d2de0eecb364b6ad6dfd68c57fbb2b61edd7f408c047202d5ab95910a24e2627,,,,,,,,,,,,,,,,,547ab9f31567d07a299ca9cfd13bf496d7831d76ff2af22465b3266eb4888f98,audit_trails/artifacts/accepted_runtime_submissions/T3_XMK_CKKS_TADP_client_001_r2_f71630977c2d48a3__547ab9f31567d07a.json,,,,,,,,,,,,,55d41eea0c272200254405e708d63c7331e040b07e90d96c99a55fa3683a36eb,3cd73a0c5ec81fed4b021743786a098b880307a2977e06a23588f4649c2a166c,,
570,177067753bdf67124246bd6c414ef5a3,9009c28128737f7948fb54beb932f446c0ce27d5cbdefb4938dce83226ac7abd,2026-08-24T23:16:37.755711+00:00,TADP-SEC/14.0,CLIENT_CIPHERTEXT_BINDING,T3_XMK_CKKS_TADP,,,,client_001,,,,,,,,,,,,,,,,,,,,,,,,,,,,,,,,,,,,,,,,CIPHERTEXT_BOUND_TO_SIGNED_UPDATE,,,,,,,,,,,,,,,,,C3_CONFIDENTIAL,3,,,,,,,,,,,,,df494cd41ae8047b1adcbb56f6bcd7ca,,,,,,,,,,,,,,2,VERIFIED,,,,,True,,,,,False,9THIluQvazPiibqv8yS7KvVlJDKg5p/FBWBrdERJKtQ=,f71630977c2d48a3bafcfbcd9947d8475efe6748ded9841849b6dbfa44c2371a,LVS6iX3xyk+AW89N8K7wd5i2P+GtpUmTpzID/3W7LU4=,3332c4fd8765ae2f51641150842e892242e7b3b9621e03a72d8afcd26c53747b,MUwZStMXElImM+28Yi3qj5EJP89SNYEUTUYaOwYFoAs=,d2de0eecb364b6ad6dfd68c57fbb2b61edd7f408c047202d5ab95910a24e2627,"T3: xMK submit share (round-level finalize), noise=0.000",reference_python,n=|logq=|scale=|scheme=alg_xmk_ckks,xmk_agg_pk:ff832745a25ad5f0,,,,,,,,,3bba93edcc2fd6d6a64a11ac35558c4b17428c5326d1becdd21c29cd86fc5fc6,,2f502728f57fe32270940430029b604dc54d5ce70ac62cdfe6f420a5a804df14,audit_trails/artifacts/ciphertext_attestations/T3_XMK_CKKS_TADP_client_001_r2_0ccf28f22e8423ec__2f502728f57fe322.json,,,,,,,,,,,,,,,3cd73a0c5ec81fed4b021743786a098b880307a2977e06a23588f4649c2a166c,e033bbb783fda35989d5e8ccc00984dc4a51e8579521bb70e3569d08c1666aa0,,
571,bde96c378dd29eebc40c0facdb248c16,9009c28128737f7948fb54beb932f446c0ce27d5cbdefb4938dce83226ac7abd,2026-08-24T23:16:44.744685+00:00,TADP-SEC/14.0,CLIENT_ACCEPTED_SUBMISSION,T3_XMK_CKKS_TADP,,,,client_001,,,,,,,,,,,2.3-phase1-fixed-threshold-critical-floor-review-profile,e910eb11d46f5a33a9f6a7d996c6c242f2a4caa089255874076d8ae12155dc94,2e5e1ea61ea1c71b07c235b309bb618daac98643cb3c0843acb266cd6b876512,cd72ec3b4911418e9899eae9aed63fa15aaf66633d0cb863f54d9ac8508d934e,833c0f503995ec3e68f8d11c30f392b1e756db044036faa02ce898eac71d1c91,VALIDATED_EVIDENCE_BUNDLE,,,,,,,,,,,,,,,,,,,,,,,,UPDATE_SUBMITTED_ENFORCED,,False,NOT_REQUIRED_AUTOMATED_POLICY,False,,,,,,,,,,,,,C3_CONFIDENTIAL,3,,,,,,,,6401d449cad49398af2f5e4da9bd6c0fbdde3a2a57f8a422907de7f0354cd145,71adf2c7741ed63f779fe8cebf9b4d1363fd18da1c5a49e39f32ec63cb8262f2,,,2026-08-25T22:32:04.883782+00:00,df494cd41ae8047b1adcbb56f6bcd7ca,,,,,376acef6571a96efd60b5ac78db97a648f88af16c96a8ecf73041d83b7ef612a,3ae6e976f843bc0981b1407655c91921254e3a4f49cf819a8dd949afa002f976,,,2026-08-25T23:16:26.909862+00:00,75d46ecd684a2dc4b6a8e27daff7fed8db3fae5cae653b9ddb3099795df8cd6c,active,,,3,ACCEPTED,ALL_BASELINE_CONTROLS,,,,True,True,True,True,True,False,rjKqqW6u6HyGdmxDyZtRI2OgmlIMSLBNF7Qb5ZWKeE8=,372d783958a9401d3b4ac677fd6145a5b3cc17bb6d53438c016eb5a414cb1c0c,LVS6iX3xyk+AW89N8K7wd5i2P+GtpUmTpzID/3W7LU4=,9a50b08b339288a98fdad3d8e3bf10bacb0152e2e9af4808646770f90589fcda,bYToK4Xkdeu/JIcfVvoEw3bXYqrvplyCxpQWYF5ufg8=,d2de0eecb364b6ad6dfd68c57fbb2b61edd7f408c047202d5ab95910a24e2627,,,,,,,,,,,,,,,,,9a93c8e1ada6bdcf17b3db989e0b6b2dc7f05b8b934ad3aaa00870ca210f7c01,audit_trails/artifacts/accepted_runtime_submissions/T3_XMK_CKKS_TADP_client_001_r3_372d783958a9401d__9a93c8e1ada6bdcf.json,,,,,,,,,,,,,e033bbb783fda35989d5e8ccc00984dc4a51e8579521bb70e3569d08c1666aa0,682f08d4e7d669998f1f1bde0d4cdf270ffbced3adaebaf36b69b66a189c4e55,,
572,48e8ed652b5435a34e337d231d6a0467,9009c28128737f7948fb54beb932f446c0ce27d5cbdefb4938dce83226ac7abd,2026-08-24T23:16:45.092094+00:00,TADP-SEC/14.0,CLIENT_CIPHERTEXT_BINDING,T3_XMK_CKKS_TADP,,,,client_001,,,,,,,,,,,,,,,,,,,,,,,,,,,,,,,,,,,,,,,,CIPHERTEXT_BOUND_TO_SIGNED_UPDATE,,,,,,,,,,,,,,,,,C3_CONFIDENTIAL,3,,,,,,,,,,,,,df494cd41ae8047b1adcbb56f6bcd7ca,,,,,,,,,,,,,,3,VERIFIED,,,,,True,,,,,False,rjKqqW6u6HyGdmxDyZtRI2OgmlIMSLBNF7Qb5ZWKeE8=,372d783958a9401d3b4ac677fd6145a5b3cc17bb6d53438c016eb5a414cb1c0c,LVS6iX3xyk+AW89N8K7wd5i2P+GtpUmTpzID/3W7LU4=,ea9a109e1f941def221cdbdb78932173ca572b5c85525a36b098521e8ad0a9d5,bYToK4Xkdeu/JIcfVvoEw3bXYqrvplyCxpQWYF5ufg8=,d2de0eecb364b6ad6dfd68c57fbb2b61edd7f408c047202d5ab95910a24e2627,"T3: xMK submit share (round-level finalize), noise=0.000",reference_python,n=|logq=|scale=|scheme=alg_xmk_ckks,xmk_agg_pk:ff832745a25ad5f0,,,,,,,,,2cde2d4b2cb0a1b24a6b343d50cb110dc3259074e282b2b848c15252507e2ec9,,3949547924183824ff27ff41751bc9467fe58240e156164fba8827ae5433ae0f,audit_trails/artifacts/ciphertext_attestations/T3_XMK_CKKS_TADP_client_001_r3_b219ddca4f837ad7__3949547924183824.json,,,,,,,,,,,,,,,682f08d4e7d669998f1f1bde0d4cdf270ffbced3adaebaf36b69b66a189c4e55,2d99b25c4b26968c82109a1a748d5649244546abf9ae3a078771004491e26b71,,
573,620b3614da6522f3d438801c86bfc839,9009c28128737f7948fb54beb932f446c0ce27d5cbdefb4938dce83226ac7abd,2026-08-24T23:16:53.043705+00:00,TADP-SEC/14.0,CLIENT_ACCEPTED_SUBMISSION,T3_XMK_CKKS_TADP,,,,client_001,,,,,,,,,,,2.3-phase1-fixed-threshold-critical-floor-review-profile,e910eb11d46f5a33a9f6a7d996c6c242f2a4caa089255874076d8ae12155dc94,2e5e1ea61ea1c71b07c235b309bb618daac98643cb3c0843acb266cd6b876512,cd72ec3b4911418e9899eae9aed63fa15aaf66633d0cb863f54d9ac8508d934e,833c0f503995ec3e68f8d11c30f392b1e756db044036faa02ce898eac71d1c91,VALIDATED_EVIDENCE_BUNDLE,,,,,,,,,,,,,,,,,,,,,,,,UPDATE_SUBMITTED_ENFORCED,,False,NOT_REQUIRED_AUTOMATED_POLICY,False,,,,,,,,,,,,,C3_CONFIDENTIAL,3,,,,,,,,6401d449cad49398af2f5e4da9bd6c0fbdde3a2a57f8a422907de7f0354cd145,71adf2c7741ed63f779fe8cebf9b4d1363fd18da1c5a49e39f32ec63cb8262f2,,,2026-08-25T22:32:04.883782+00:00,df494cd41ae8047b1adcbb56f6bcd7ca,,,,,376acef6571a96efd60b5ac78db97a648f88af16c96a8ecf73041d83b7ef612a,3ae6e976f843bc0981b1407655c91921254e3a4f49cf819a8dd949afa002f976,,,2026-08-25T23:16:26.909862+00:00,75d46ecd684a2dc4b6a8e27daff7fed8db3fae5cae653b9ddb3099795df8cd6c,active,,,4,ACCEPTED,ALL_BASELINE_CONTROLS,,,,True,True,True,True,True,False,fJwS1BevIDur08TfKjeR6X7BN30oNbaWIdaHO1EXgeE=,36bd286f428a44550663b1193a8d19026798a3f1d71e711974405f5e88c03492,LVS6iX3xyk+AW89N8K7wd5i2P+GtpUmTpzID/3W7LU4=,bb96c6f6686ff522c6ac31e12898cb1ddd5d2e403fc3c073338d1fb79f7c9c98,Ld8co7L9m1LtjV5nn4tYLJGzncWnkRtGl/Ic9vEXuak=,d2de0eecb364b6ad6dfd68c57fbb2b61edd7f408c047202d5ab95910a24e2627,,,,,,,,,,,,,,,,,8e10191a68a102aeb6339158d47070003fcb0f936d0a9662ccc281e775c494c4,audit_trails/artifacts/accepted_runtime_submissions/T3_XMK_CKKS_TADP_client_001_r4_36bd286f428a4455__8e10191a68a102ae.json,,,,,,,,,,,,,2d99b25c4b26968c82109a1a748d5649244546abf9ae3a078771004491e26b71,fbab65c540028471bf60ad109332dfc9dca5beb11e978d4aef7527793adfeff8,,
574,7b696d812b923c734235dd65d20336b9,9009c28128737f7948fb54beb932f446c0ce27d5cbdefb4938dce83226ac7abd,2026-08-24T23:16:53.426258+00:00,TADP-SEC/14.0,CLIENT_CIPHERTEXT_BINDING,T3_XMK_CKKS_TADP,,,,client_001,,,,,,,,,,,,,,,,,,,,,,,,,,,,,,,,,,,,,,,,CIPHERTEXT_BOUND_TO_SIGNED_UPDATE,,,,,,,,,,,,,,,,,C3_CONFIDENTIAL,3,,,,,,,,,,,,,df494cd41ae8047b1adcbb56f6bcd7ca,,,,,,,,,,,,,,4,VERIFIED,,,,,True,,,,,False,fJwS1BevIDur08TfKjeR6X7BN30oNbaWIdaHO1EXgeE=,36bd286f428a44550663b1193a8d19026798a3f1d71e711974405f5e88c03492,LVS6iX3xyk+AW89N8K7wd5i2P+GtpUmTpzID/3W7LU4=,9567e5e26e26b70bdeb0b9331cccac5a6f99aabfb9e3d7cc8cfc9184433d543e,Ld8co7L9m1LtjV5nn4tYLJGzncWnkRtGl/Ic9vEXuak=,d2de0eecb364b6ad6dfd68c57fbb2b61edd7f408c047202d5ab95910a24e2627,"T3: xMK submit share (round-level finalize), noise=0.000",reference_python,n=|logq=|scale=|scheme=alg_xmk_ckks,xmk_agg_pk:ff832745a25ad5f0,,,,,,,,,e5a74bf325045e73c5e490d103300f235155511711842b5e75280ae5d8d20be5,,2bdcc835028f094ada118c9e59e3c789f149d1ec6f2cfad78b16f1e2ad032e8b,audit_trails/artifacts/ciphertext_attestations/T3_XMK_CKKS_TADP_client_001_r4_487bc5340141c125__2bdcc835028f094a.json,,,,,,,,,,,,,,,fbab65c540028471bf60ad109332dfc9dca5beb11e978d4aef7527793adfeff8,788c713cfbeac0275510ee85280a4d1944c1b6e499c35c49a2e88867cc73e7bc,,
575,85a7606db14b6402b921091649830233,9009c28128737f7948fb54beb932f446c0ce27d5cbdefb4938dce83226ac7abd,2026-08-24T23:17:00.279238+00:00,TADP-SEC/14.0,CLIENT_ACCEPTED_SUBMISSION,T3_XMK_CKKS_TADP,,,,client_001,,,,,,,,,,,2.3-phase1-fixed-threshold-critical-floor-review-profile,e910eb11d46f5a33a9f6a7d996c6c242f2a4caa089255874076d8ae12155dc94,2e5e1ea61ea1c71b07c235b309bb618daac98643cb3c0843acb266cd6b876512,cd72ec3b4911418e9899eae9aed63fa15aaf66633d0cb863f54d9ac8508d934e,833c0f503995ec3e68f8d11c30f392b1e756db044036faa02ce898eac71d1c91,VALIDATED_EVIDENCE_BUNDLE,,,,,,,,,,,,,,,,,,,,,,,,UPDATE_SUBMITTED_ENFORCED,,False,NOT_REQUIRED_AUTOMATED_POLICY,False,,,,,,,,,,,,,C3_CONFIDENTIAL,3,,,,,,,,6401d449cad49398af2f5e4da9bd6c0fbdde3a2a57f8a422907de7f0354cd145,71adf2c7741ed63f779fe8cebf9b4d1363fd18da1c5a49e39f32ec63cb8262f2,,,2026-08-25T22:32:04.883782+00:00,df494cd41ae8047b1adcbb56f6bcd7ca,,,,,376acef6571a96efd60b5ac78db97a648f88af16c96a8ecf73041d83b7ef612a,3ae6e976f843bc0981b1407655c91921254e3a4f49cf819a8dd949afa002f976,,,2026-08-25T23:16:26.909862+00:00,75d46ecd684a2dc4b6a8e27daff7fed8db3fae5cae653b9ddb3099795df8cd6c,active,,,5,ACCEPTED,ALL_BASELINE_CONTROLS,,,,True,True,True,True,True,False,1yXDQWJHm1FRKF/UXDBlI4FtVvgd+EFL9Ehp5onPDLY=,d155f52e497a0e078bc05a4ea877280f2870946a8ec90a9a5dbb715ff3719c81,LVS6iX3xyk+AW89N8K7wd5i2P+GtpUmTpzID/3W7LU4=,7aebbb797a1fd1d66f401b7cb2680e2c5913a38da75919072046fda4bfb79df9,1q609v11gArV9Y1tUpqOTvJRhtRz8wyx3CsTcW2ThhA=,d2de0eecb364b6ad6dfd68c57fbb2b61edd7f408c047202d5ab95910a24e2627,,,,,,,,,,,,,,,,,141e3147d707c6cab9c9025060919df245195cede91a8bedcf69778b2e42db32,audit_trails/artifacts/accepted_runtime_submissions/T3_XMK_CKKS_TADP_client_001_r5_d155f52e497a0e07__141e3147d707c6ca.json,,,,,,,,,,,,,788c713cfbeac0275510ee85280a4d1944c1b6e499c35c49a2e88867cc73e7bc,9897d512e1872bc2bb3163387fca5b1fa9cf466f2a9432db99bf4c2d1a1e54af,,
576,1a8b09c2a3702b08bf374bb673262cea,9009c28128737f7948fb54beb932f446c0ce27d5cbdefb4938dce83226ac7abd,2026-08-24T23:17:00.636848+00:00,TADP-SEC/14.0,CLIENT_CIPHERTEXT_BINDING,T3_XMK_CKKS_TADP,,,,client_001,,,,,,,,,,,,,,,,,,,,,,,,,,,,,,,,,,,,,,,,CIPHERTEXT_BOUND_TO_SIGNED_UPDATE,,,,,,,,,,,,,,,,,C3_CONFIDENTIAL,3,,,,,,,,,,,,,df494cd41ae8047b1adcbb56f6bcd7ca,,,,,,,,,,,,,,5,VERIFIED,,,,,True,,,,,False,1yXDQWJHm1FRKF/UXDBlI4FtVvgd+EFL9Ehp5onPDLY=,d155f52e497a0e078bc05a4ea877280f2870946a8ec90a9a5dbb715ff3719c81,LVS6iX3xyk+AW89N8K7wd5i2P+GtpUmTpzID/3W7LU4=,e63abe2de7a6b65a4b30eeadfbcd82f9a983f718bd0f01eab18c7f4a70403be9,1q609v11gArV9Y1tUpqOTvJRhtRz8wyx3CsTcW2ThhA=,d2de0eecb364b6ad6dfd68c57fbb2b61edd7f408c047202d5ab95910a24e2627,"T3: xMK submit share (round-level finalize), noise=0.000",reference_python,n=|logq=|scale=|scheme=alg_xmk_ckks,xmk_agg_pk:ff832745a25ad5f0,,,,,,,,,2092c7bc763839731caad4b917ffc92a1e433f0be40c5de19595bf46b86496a4,,e349535276a64be6ffabeff65c6996d7dda3d651663c94c17d0c84f9c9b847af,audit_trails/artifacts/ciphertext_attestations/T3_XMK_CKKS_TADP_client_001_r5_0574d8fbcd0d3d93__e349535276a64be6.json,,,,,,,,,,,,,,,9897d512e1872bc2bb3163387fca5b1fa9cf466f2a9432db99bf4c2d1a1e54af,d2a69ea2d4614daae21898a9cfc02f57570048b02655d6655c691db92c5669e1,,o9hvR5v+f5fkpm6L8VilgHz991mKgUq3sIc2tfyb/3EVgJxbeC+ehsHdU3tg+URjUgMrRL4haoIlyFqzle72AYf/vHp/qi0y74QJjflIKvrqQPN8KrTpTG0ITjKt/LUNAXTqbFbso7lKN48HXlrRyp8chaVQxov4XzgxqyNAl9105YamcGkwFy2lYZciVC83HHS2323cpf7qj6GOJeAWkzWx9DKVIERfHNntx8YG+OTPlxZ106pqKsBz/Q8Hbp76+K2+0SdExCAIoxIjoq1uSp3+PPttsLfunyojVU2jztJsvr/fJMgm7poseRlIo5QY9KZP/1pSd3xf6Q6OsN+nqdRePKqMvG1zlMFRsb8sXw6ldqW+QZZbNE9sfrm31Yzm1d8HaCdXN+8sNi4l9F2km87wBlVDS3J1AkZtcAqNscHR5E04xftrzg1mMd0DNrHnq2tZ4QYf2nAUfJaL80P7/rlXR85pClcFWNLWtCvYVwU+2jiJ84LRKHb2aLdp/de+
577,475ad99ec5ac75f50fa4777269732f39,9009c28128737f7948fb54beb932f446c0ce27d5cbdefb4938dce83226ac7abd,2026-08-24T23:17:08.506395+00:00,TADP-SEC/14.0,CLIENT_ACCEPTED_SUBMISSION,T3_XMK_CKKS_TADP,,,,client_001,,,,,,,,,,,2.3-phase1-fixed-threshold-critical-floor-review-profile,e910eb11d46f5a33a9f6a7d996c6c242f2a4caa089255874076d8ae12155dc94,2e5e1ea61ea1c71b07c235b309bb618daac98643cb3c0843acb266cd6b876512,cd72ec3b4911418e9899eae9aed63fa15aaf66633d0cb863f54d9ac8508d934e,833c0f503995ec3e68f8d11c30f392b1e756db044036faa02ce898eac71d1c91,VALIDATED_EVIDENCE_BUNDLE,,,,,,,,,,,,,,,,,,,,,,,,UPDATE_SUBMITTED_ENFORCED,,False,NOT_REQUIRED_AUTOMATED_POLICY,False,,,,,,,,,,,,,C3_CONFIDENTIAL,3,,,,,,,,6401d449cad49398af2f5e4da9bd6c0fbdde3a2a57f8a422907de7f0354cd145,71adf2c7741ed63f779fe8cebf9b4d1363fd18da1c5a49e39f32ec63cb8262f2,,,2026-08-25T22:32:04.883782+00:00,df494cd41ae8047b1adcbb56f6bcd7ca,,,,,376acef6571a96efd60b5ac78db97a648f88af16c96a8ecf73041d83b7ef612a,3ae6e976f843bc0981b1407655c91921254e3a4f49cf819a8dd949afa002f976,,,2026-08-25T23:16:26.909862+00:00,75d46ecd684a2dc4b6a8e27daff7fed8db3fae5cae653b9ddb3099795df8cd6c,active,,,6,ACCEPTED,ALL_BASELINE_CONTROLS,,,,True,True,True,True,True,False,qxHVsjvOEq/JSnJ3VzvX86v7EZ8pbSbU6A3en1i9t+4=,b3cc24bcae8e415b380ef267a1b0884183884150222896c2de71b58ad4ced239,LVS6iX3xyk+AW89N8K7wd5i2P+GtpUmTpzID/3W7LU4=,a7e185c315228d27ec5d510d704a939e6ba1719ef96113d86e83c3df7cc525dc,sMeNhdBRlCVyHZaHYsL+IDgzjzrWhlE/EmiYMKQXP2o=,d2de0eecb364b6ad6dfd68c57fbb2b61edd7f408c047202d5ab95910a24e2627,,,,,,,,,,,,,,,,,09a754dfdaaae4b2106bd426ac678115cfed8bb60246192946a5c08836fd06ae,audit_trails/artifacts/accepted_runtime_submissions/T3_XMK_CKKS_TADP_client_001_r6_b3cc24bcae8e415b__09a754dfdaaae4b2.json,,,,,,,,,,,,,d2a69ea2d4614daae21898a9cfc02f57570048b02655d6655c691db92c5669e1,5bf09effa8d8cae55801a7d03d3a75def3ec61eb9c3914e95a516b5cf5f9b48f,,
578,d59c4daa276466fe8deca69a2b2f2d79,9009c28128737f7948fb54beb932f446c0ce27d5cbdefb4938dce83226ac7abd,2026-08-24T23:17:08.885303+00:00,TADP-SEC/14.0,CLIENT_CIPHERTEXT_BINDING,T3_XMK_CKKS_TADP,,,,client_001,,,,,,,,,,,,,,,,,,,,,,,,,,,,,,,,,,,,,,,,CIPHERTEXT_BOUND_TO_SIGNED_UPDATE,,,,,,,,,,,,,,,,,C3_CONFIDENTIAL,3,,,,,,,,,,,,,df494cd41ae8047b1adcbb56f6bcd7ca,,,,,,,,,,,,,,6,VERIFIED,,,,,True,,,,,False,qxHVsjvOEq/JSnJ3VzvX86v7EZ8pbSbU6A3en1i9t+4=,b3cc24bcae8e415b380ef267a1b0884183884150222896c2de71b58ad4ced239,LVS6iX3xyk+AW89N8K7wd5i2P+GtpUmTpzID/3W7LU4=,a00f908ddd7454601887a279e321b9a1e2e3ddf7ed981984f64696e29b69793c,sMeNhdBRlCVyHZaHYsL+IDgzjzrWhlE/EmiYMKQXP2o=,d2de0eecb364b6ad6dfd68c57fbb2b61edd7f408c047202d5ab95910a24e2627,"T3: xMK submit share (round-level finalize), noise=0.000",reference_python,n=|logq=|scale=|scheme=alg_xmk_ckks,xmk_agg_pk:ff832745a25ad5f0,,,,,,,,,0c8f2c13f4348a10aa70e4f2569ab2210f2ec667a56f45b58e85e40de9e9979d,,e51b1c1c432924e8f79979047ae6fbb6dd8fffbf9ddc37710edc11196357c5f6,audit_trails/artifacts/ciphertext_attestations/T3_XMK_CKKS_TADP_client_001_r6_2076c72ce8e08b0e__e51b1c1c432924e8.json,,,,,,,,,,,,,,,5bf09effa8d8cae55801a7d03d3a75def3ec61eb9c3914e95a516b5cf5f9b48f,8d655e0bd990778a1fb1fa3e77cf013ab6a946764e1916a15c52c0196649184c,,
579,8ded6895733e84ba4e39d49eb50b1246,9009c28128737f7948fb54beb932f446c0ce27d5cbdefb4938dce83226ac7abd,2026-08-24T23:17:15.721964+00:00,TADP-SEC/14.0,CLIENT_ACCEPTED_SUBMISSION,T3_XMK_CKKS_TADP,,,,client_001,,,,,,,,,,,2.3-phase1-fixed-threshold-critical-floor-review-profile,e910eb11d46f5a33a9f6a7d996c6c242f2a4caa089255874076d8ae12155dc94,2e5e1ea61ea1c71b07c235b309bb618daac98643cb3c0843acb266cd6b876512,cd72ec3b4911418e9899eae9aed63fa15aaf66633d0cb863f54d9ac8508d934e,833c0f503995ec3e68f8d11c30f392b1e756db044036faa02ce898eac71d1c91,VALIDATED_EVIDENCE_BUNDLE,,,,,,,,,,,,,,,,,,,,,,,,UPDATE_SUBMITTED_ENFORCED,,False,NOT_REQUIRED_AUTOMATED_POLICY,False,,,,,,,,,,,,,C3_CONFIDENTIAL,3,,,,,,,,6401d449cad49398af2f5e4da9bd6c0fbdde3a2a57f8a422907de7f0354cd145,71adf2c7741ed63f779fe8cebf9b4d1363fd18da1c5a49e39f32ec63cb8262f2,,,2026-08-25T22:32:04.883782+00:00,df494cd41ae8047b1adcbb56f6bcd7ca,,,,,376acef6571a96efd60b5ac78db97a648f88af16c96a8ecf73041d83b7ef612a,3ae6e976f843bc0981b1407655c91921254e3a4f49cf819a8dd949afa002f976,,,2026-08-25T23:16:26.909862+00:00,75d46ecd684a2dc4b6a8e27daff7fed8db3fae5cae653b9ddb3099795df8cd6c,active,,,7,ACCEPTED,ALL_BASELINE_CONTROLS,,,,True,True,True,True,True,False,47e/TCf+rfmlg/dkcbTuBTZ8zPpvssM8OWQQnT6PQ2Q=,414e53e5fb017de537a79ee52c0e8a2a06b19b2fe7d83261710f92ade23759c6,LVS6iX3xyk+AW89N8K7wd5i2P+GtpUmTpzID/3W7LU4=,5ec0015de7d001f992ab1e2b578cabc9a888b7b77c4b80e08099be96ef786afd,oMNMm9gQxtQvmoX5ePpianL4hhTDqHG88igRWjAIHeg=,d2de0eecb364b6ad6dfd68c57fbb2b61edd7f408c047202d5ab95910a24e2627,,,,,,,,,,,,,,,,,baff2043d9058b7ad5d41e020ecc81ade28771cbad18139fbb939fe9aab92842,audit_trails/artifacts/accepted_runtime_submissions/T3_XMK_CKKS_TADP_client_001_r7_414e53e5fb017de5__baff2043d9058b7a.json,,,,,,,,,,,,,8d655e0bd990778a1fb1fa3e77cf013ab6a946764e1916a15c52c0196649184c,fd399fc0cedf1ffd6c433d2d8e04dcd43dc7c5110912b52964955b6ea7b1b17f,,
580,dc77220a5bf5ea0751da289322cdff68,9009c28128737f7948fb54beb932f446c0ce27d5cbdefb4938dce83226ac7abd,2026-08-24T23:17:16.234672+00:00,TADP-SEC/14.0,CLIENT_CIPHERTEXT_BINDING,T3_XMK_CKKS_TADP,,,,client_001,,,,,,,,,,,,,,,,,,,,,,,,,,,,,,,,,,,,,,,,CIPHERTEXT_BOUND_TO_SIGNED_UPDATE,,,,,,,,,,,,,,,,,C3_CONFIDENTIAL,3,,,,,,,,,,,,,df494cd41ae8047b1adcbb56f6bcd7ca,,,,,,,,,,,,,,7,VERIFIED,,,,,True,,,,,False,47e/TCf+rfmlg/dkcbTuBTZ8zPpvssM8OWQQnT6PQ2Q=,414e53e5fb017de537a79ee52c0e8a2a06b19b2fe7d83261710f92ade23759c6,LVS6iX3xyk+AW89N8K7wd5i2P+GtpUmTpzID/3W7LU4=,7d925e66b901d04deefc36e95a459829f9cd538a38d5760fa38db99f1bafdac4,oMNMm9gQxtQvmoX5ePpianL4hhTDqHG88igRWjAIHeg=,d2de0eecb364b6ad6dfd68c57fbb2b61edd7f408c047202d5ab95910a24e2627,"T3: xMK submit share (round-level finalize), noise=0.000",reference_python,n=|logq=|scale=|scheme=alg_xmk_ckks,xmk_agg_pk:ff832745a25ad5f0,,,,,,,,,c8b255fb202e2f55fcd51f0de901e66dd9706c76ab6dc1a1f015b13fe21a8a14,,bcbe5414f599f25f11c9555fef46acaf1a1648d46290d527684f656cd2b957c5,audit_trails/artifacts/ciphertext_attestations/T3_XMK_CKKS_TADP_client_001_r7_f2c68d43f2998251__bcbe5414f599f25f.json,,,,,,,,,,,,,,,fd399fc0cedf1ffd6c433d2d8e04dcd43dc7c5110912b52964955b6ea7b1b17f,1194981b66f27c57fe24e1120194569859825c632ffff3b1029e7320936294da,,
581,a1f446ee94f49a5f5adcbcb695f5545f,9009c28128737f7948fb54beb932f446c0ce27d5cbdefb4938dce83226ac7abd,2026-08-24T23:17:23.895335+00:00,TADP-SEC/14.0,CLIENT_ACCEPTED_SUBMISSION,T3_XMK_CKKS_TADP,,,,client_001,,,,,,,,,,,2.3-phase1-fixed-threshold-critical-floor-review-profile,e910eb11d46f5a33a9f6a7d996c6c242f2a4caa089255874076d8ae12155dc94,2e5e1ea61ea1c71b07c235b309bb618daac98643cb3c0843acb266cd6b876512,cd72ec3b4911418e9899eae9aed63fa15aaf66633d0cb863f54d9ac8508d934e,833c0f503995ec3e68f8d11c30f392b1e756db044036faa02ce898eac71d1c91,VALIDATED_EVIDENCE_BUNDLE,,,,,,,,,,,,,,,,,,,,,,,,UPDATE_SUBMITTED_ENFORCED,,False,NOT_REQUIRED_AUTOMATED_POLICY,False,,,,,,,,,,,,,C3_CONFIDENTIAL,3,,,,,,,,6401d449cad49398af2f5e4da9bd6c0fbdde3a2a57f8a422907de7f0354cd145,71adf2c7741ed63f779fe8cebf9b4d1363fd18da1c5a49e39f32ec63cb8262f2,,,2026-08-25T22:32:04.883782+00:00,df494cd41ae8047b1adcbb56f6bcd7ca,,,,,376acef6571a96efd60b5ac78db97a648f88af16c96a8ecf73041d83b7ef612a,3ae6e976f843bc0981b1407655c91921254e3a4f49cf819a8dd949afa002f976,,,2026-08-25T23:16:26.909862+00:00,75d46ecd684a2dc4b6a8e27daff7fed8db3fae5cae653b9ddb3099795df8cd6c,active,,,8,ACCEPTED,ALL_BASELINE_CONTROLS,,,,True,True,True,True,True,False,Sl/1oVYTIEivVMJT4VV45rgeluYZlFT1aS+Pz0pfMY0=,4e6e1cc720764d765cab4e0eb1a5e67ebf66e5e24b7c8864f1c59334e6ff164b,LVS6iX3xyk+AW89N8K7wd5i2P+GtpUmTpzID/3W7LU4=,09866611d5836e8dcdf41c7762838c78b863364b449b07f1e5d97332f6607a34,fTwcbP7KWRGtBzjPPoV2CkJmKI9GbS62HlxtY12uzjs=,d2de0eecb364b6ad6dfd68c57fbb2b61edd7f408c047202d5ab95910a24e2627,,,,,,,,,,,,,,,,,64c54738e5064172d18db4db556409024f308aa4ab8d1d284b1dc01c42156d04,audit_trails/artifacts/accepted_runtime_submissions/T3_XMK_CKKS_TADP_client_001_r8_4e6e1cc720764d76__64c54738e5064172.json,,,,,,,,,,,,,1194981b66f27c57fe24e1120194569859825c632ffff3b1029e7320936294da,2d4d519dd771d2e01e1c35bf5bcf46b1686d9af69adb5f046a7d0520a23ee309,,
582,9608fd4f98946e22f3e68bdd69dabac2,9009c28128737f7948fb54beb932f446c0ce27d5cbdefb4938dce83226ac7abd,2026-08-24T23:17:24.262051+00:00,TADP-SEC/14.0,CLIENT_CIPHERTEXT_BINDING,T3_XMK_CKKS_TADP,,,,client_001,,,,,,,,,,,,,,,,,,,,,,,,,,,,,,,,,,,,,,,,CIPHERTEXT_BOUND_TO_SIGNED_UPDATE,,,,,,,,,,,,,,,,,C3_CONFIDENTIAL,3,,,,,,,,,,,,,df494cd41ae8047b1adcbb56f6bcd7ca,,,,,,,,,,,,,,8,VERIFIED,,,,,True,,,,,False,Sl/1oVYTIEivVMJT4VV45rgeluYZlFT1aS+Pz0pfMY0=,4e6e1cc720764d765cab4e0eb1a5e67ebf66e5e24b7c8864f1c59334e6ff164b,LVS6iX3xyk+AW89N8K7wd5i2P+GtpUmTpzID/3W7LU4=,435773c9f86368ac97614c100489619da7103cb284103745b195fd20171c5be6,fTwcbP7KWRGtBzjPPoV2CkJmKI9GbS62HlxtY12uzjs=,d2de0eecb364b6ad6dfd68c57fbb2b61edd7f408c047202d5ab95910a24e2627,"T3: xMK submit share (round-level finalize), noise=0.000",reference_python,n=|logq=|scale=|scheme=alg_xmk_ckks,xmk_agg_pk:ff832745a25ad5f0,,,,,,,,,00ff15be5b5c9aebb93af7b87062f593c637d55b46b9d0a1dd140234189533a3,,3fabc1ad9ef0f67afa0f916c3ff898b68cb4437f74d89410703656e64b44a137,audit_trails/artifacts/ciphertext_attestations/T3_XMK_CKKS_TADP_client_001_r8_0aaed9ed1f41964a__3fabc1ad9ef0f67a.json,,,,,,,,,,,,,,,2d4d519dd771d2e01e1c35bf5bcf46b1686d9af69adb5f046a7d0520a23ee309,9d2ed9270e86d4b7f960d9c1c13a7102f5452bcc4a99d107f7a5cee718d7a109,,
583,5133619e733d7679862440e6b43c7cdc,9009c28128737f7948fb54beb932f446c0ce27d5cbdefb4938dce83226ac7abd,2026-08-24T23:17:32.026244+00:00,TADP-SEC/14.0,CLIENT_ACCEPTED_SUBMISSION,T3_XMK_CKKS_TADP,,,,client_001,,,,,,,,,,,2.3-phase1-fixed-threshold-critical-floor-review-profile,e910eb11d46f5a33a9f6a7d996c6c242f2a4caa089255874076d8ae12155dc94,2e5e1ea61ea1c71b07c235b309bb618daac98643cb3c0843acb266cd6b876512,cd72ec3b4911418e9899eae9aed63fa15aaf66633d0cb863f54d9ac8508d934e,833c0f503995ec3e68f8d11c30f392b1e756db044036faa02ce898eac71d1c91,VALIDATED_EVIDENCE_BUNDLE,,,,,,,,,,,,,,,,,,,,,,,,UPDATE_SUBMITTED_ENFORCED,,False,NOT_REQUIRED_AUTOMATED_POLICY,False,,,,,,,,,,,,,C3_CONFIDENTIAL,3,,,,,,,,6401d449cad49398af2f5e4da9bd6c0fbdde3a2a57f8a422907de7f0354cd145,71adf2c7741ed63f779fe8cebf9b4d1363fd18da1c5a49e39f32ec63cb8262f2,,,2026-08-25T22:32:04.883782+00:00,df494cd41ae8047b1adcbb56f6bcd7ca,,,,,376acef6571a96efd60b5ac78db97a648f88af16c96a8ecf73041d83b7ef612a,3ae6e976f843bc0981b1407655c91921254e3a4f49cf819a8dd949afa002f976,,,2026-08-25T23:16:26.909862+00:00,75d46ecd684a2dc4b6a8e27daff7fed8db3fae5cae653b9ddb3099795df8cd6c,active,,,9,ACCEPTED,ALL_BASELINE_CONTROLS,,,,True,True,True,True,True,False,RjDMZnzdjLtytjbweT/fGGKScXmMZu3jOrPHHt8HF4Q=,3626aae6f703e535450d395ba195cd214defd86d038dd8caad04f497883e2ea9,LVS6iX3xyk+AW89N8K7wd5i2P+GtpUmTpzID/3W7LU4=,64d300490f37a36c82167cb2eb6f127321897b8e751f9bff9a9146e3e2027aab,eRsQIRWNq+QCZ1e6udNGwEloKo+hwAx9uBWSbjOp6ZU=,d2de0eecb364b6ad6dfd68c57fbb2b61edd7f408c047202d5ab95910a24e2627,,,,,,,,,,,,,,,,,5ee141b7c5b97072bc1391d30f62803eb7791ddf22354fa23d8eaf5ce40b5833,audit_trails/artifacts/accepted_runtime_submissions/T3_XMK_CKKS_TADP_client_001_r9_3626aae6f703e535__5ee141b7c5b97072.json,,,,,,,,,,,,,9d2ed9270e86d4b7f960d9c1c13a7102f5452bcc4a99d107f7a5cee718d7a109,0514d5a5a4d2776f5757f29fd7b87bb935728e2f9c18404a11f43bd74a7607aa,,
584,b7d6374ce3d2e5dfbfb63699396fcbe2,9009c28128737f7948fb54beb932f446c0ce27d5cbdefb4938dce83226ac7abd,2026-08-24T23:17:32.514796+00:00,TADP-SEC/14.0,CLIENT_CIPHERTEXT_BINDING,T3_XMK_CKKS_TADP,,,,client_001,,,,,,,,,,,,,,,,,,,,,,,,,,,,,,,,,,,,,,,,CIPHERTEXT_BOUND_TO_SIGNED_UPDATE,,,,,,,,,,,,,,,,,C3_CONFIDENTIAL,3,,,,,,,,,,,,,df494cd41ae8047b1adcbb56f6bcd7ca,,,,,,,,,,,,,,9,VERIFIED,,,,,True,,,,,False,RjDMZnzdjLtytjbweT/fGGKScXmMZu3jOrPHHt8HF4Q=,3626aae6f703e535450d395ba195cd214defd86d038dd8caad04f497883e2ea9,LVS6iX3xyk+AW89N8K7wd5i2P+GtpUmTpzID/3W7LU4=,dab94cd419d749c8244dead86d975560ba3d7fa44df8bd88a7885f122cb3e228,eRsQIRWNq+QCZ1e6udNGwEloKo+hwAx9uBWSbjOp6ZU=,d2de0eecb364b6ad6dfd68c57fbb2b61edd7f408c047202d5ab95910a24e2627,"T3: xMK submit share (round-level finalize), noise=0.000",reference_python,n=|logq=|scale=|scheme=alg_xmk_ckks,xmk_agg_pk:ff832745a25ad5f0,,,,,,,,,9fd0847e4601a45ea6cdf30e9f28233a245c01fba08c7f4e275ab81adff8a832,,04daca0477191229ba98e8528d759979f5a239caa1c5d26605440bca5c3ca8bb,audit_trails/artifacts/ciphertext_attestations/T3_XMK_CKKS_TADP_client_001_r9_85591550a942c4ac__04daca0477191229.json,,,,,,,,,,,,,,,0514d5a5a4d2776f5757f29fd7b87bb935728e2f9c18404a11f43bd74a7607aa,aed87315ca738cb17586e1c032c170826bf1dd96ccf9eb1f5a34d99922385060,,
585,40d7f4039fcdc5367117f90aca941eca,9009c28128737f7948fb54beb932f446c0ce27d5cbdefb4938dce83226ac7abd,2026-08-24T23:17:39.401350+00:00,TADP-SEC/14.0,CLIENT_ACCEPTED_SUBMISSION,T3_XMK_CKKS_TADP,,,,client_001,,,,,,,,,,,2.3-phase1-fixed-threshold-critical-floor-review-profile,e910eb11d46f5a33a9f6a7d996c6c242f2a4caa089255874076d8ae12155dc94,2e5e1ea61ea1c71b07c235b309bb618daac98643cb3c0843acb266cd6b876512,cd72ec3b4911418e9899eae9aed63fa15aaf66633d0cb863f54d9ac8508d934e,833c0f503995ec3e68f8d11c30f392b1e756db044036faa02ce898eac71d1c91,VALIDATED_EVIDENCE_BUNDLE,,,,,,,,,,,,,,,,,,,,,,,,UPDATE_SUBMITTED_ENFORCED,,False,NOT_REQUIRED_AUTOMATED_POLICY,False,,,,,,,,,,,,,C3_CONFIDENTIAL,3,,,,,,,,6401d449cad49398af2f5e4da9bd6c0fbdde3a2a57f8a422907de7f0354cd145,71adf2c7741ed63f779fe8cebf9b4d1363fd18da1c5a49e39f32ec63cb8262f2,,,2026-08-25T22:32:04.883782+00:00,df494cd41ae8047b1adcbb56f6bcd7ca,,,,,376acef6571a96efd60b5ac78db97a648f88af16c96a8ecf73041d83b7ef612a,3ae6e976f843bc0981b1407655c91921254e3a4f49cf819a8dd949afa002f976,,,2026-08-25T23:16:26.909862+00:00,75d46ecd684a2dc4b6a8e27daff7fed8db3fae5cae653b9ddb3099795df8cd6c,active,,,10,ACCEPTED,ALL_BASELINE_CONTROLS,,,,True,True,True,True,True,False,VaDLccpxnx7K1r69d3YPIaHgWObyORTwTEdjNuvCB6U=,04355bcb943c34c64c89f5f34d655a51a4dcffaa985d7a7351a31bacb825d942,LVS6iX3xyk+AW89N8K7wd5i2P+GtpUmTpzID/3W7LU4=,d4e25fbd7ceb858d81a19a25801c690300a22bb8319883963ce5d58a06eb03dd,HNxonx5IGJ3jwgNseVsX9Y5rDPrkmve3gWss62kBZ2U=,d2de0eecb364b6ad6dfd68c57fbb2b61edd7f408c047202d5ab95910a24e2627,,,,,,,,,,,,,,,,,5ffa4253de89bd422a70e9c8f2eed310c9a576a039c4d684b010866bc1f96801,audit_trails/artifacts/accepted_runtime_submissions/T3_XMK_CKKS_TADP_client_001_r10_04355bcb943c34c6__5ffa4253de89bd42.json,,,,,,,,,,,,,aed87315ca738cb17586e1c032c170826bf1dd96ccf9eb1f5a34d99922385060,c78558b77f7d29adae3019c846025ad7c7f7e29155002f96c8f118820e513ebc,,
586,a824e7a96e27e7c18ecca03821104141,9009c28128737f7948fb54beb932f446c0ce27d5cbdefb4938dce83226ac7abd,2026-08-24T23:17:39.750528+00:00,TADP-SEC/14.0,CLIENT_CIPHERTEXT_BINDING,T3_XMK_CKKS_TADP,,,,client_001,,,,,,,,,,,,,,,,,,,,,,,,,,,,,,,,,,,,,,,,CIPHERTEXT_BOUND_TO_SIGNED_UPDATE,,,,,,,,,,,,,,,,,C3_CONFIDENTIAL,3,,,,,,,,,,,,,df494cd41ae8047b1adcbb56f6bcd7ca,,,,,,,,,,,,,,10,VERIFIED,,,,,True,,,,,False,VaDLccpxnx7K1r69d3YPIaHgWObyORTwTEdjNuvCB6U=,04355bcb943c34c64c89f5f34d655a51a4dcffaa985d7a7351a31bacb825d942,LVS6iX3xyk+AW89N8K7wd5i2P+GtpUmTpzID/3W7LU4=,1c1bad6168871948c68047618480227ca1967b046bb000cccc52eac8ecb87f48,HNxonx5IGJ3jwgNseVsX9Y5rDPrkmve3gWss62kBZ2U=,d2de0eecb364b6ad6dfd68c57fbb2b61edd7f408c047202d5ab95910a24e2627,"T3: xMK submit share (round-level finalize), noise=0.000",reference_python,n=|logq=|scale=|scheme=alg_xmk_ckks,xmk_agg_pk:ff832745a25ad5f0,,,,,,,,,7de0aa7550da5db66431fa9855cf284c001c687dddf9a3087cc2e1abc2f74022,,39fd602e79587b51dc3d2ab8c7f5113e13c40c47cd5831378a94e573212e716b,audit_trails/artifacts/ciphertext_attestations/T3_XMK_CKKS_TADP_client_001_r10_65299436b30c94f6__39fd602e79587b51.json,,,,,,,,,,,,,,,c78558b77f7d29adae3019c846025ad7c7f7e29155002f96c8f118820e513ebc,6ed0ef68f4ecd377eccd38ddfe9b74c25684299a6eb1dff5e1541b901cd30e43,,
587,5d8400b148e37ef356836ada30bb1492,9009c28128737f7948fb54beb932f446c0ce27d5cbdefb4938dce83226ac7abd,2026-08-24T23:17:47.562436+00:00,TADP-SEC/14.0,CLIENT_ACCEPTED_SUBMISSION,T3_XMK_CKKS_TADP,,,,client_001,,,,,,,,,,,2.3-phase1-fixed-threshold-critical-floor-review-profile,e910eb11d46f5a33a9f6a7d996c6c242f2a4caa089255874076d8ae12155dc94,2e5e1ea61ea1c71b07c235b309bb618daac98643cb3c0843acb266cd6b876512,cd72ec3b4911418e9899eae9aed63fa15aaf66633d0cb863f54d9ac8508d934e,833c0f503995ec3e68f8d11c30f392b1e756db044036faa02ce898eac71d1c91,VALIDATED_EVIDENCE_BUNDLE,,,,,,,,,,,,,,,,,,,,,,,,UPDATE_SUBMITTED_ENFORCED,,False,NOT_REQUIRED_AUTOMATED_POLICY,False,,,,,,,,,,,,,C3_CONFIDENTIAL,3,,,,,,,,6401d449cad49398af2f5e4da9bd6c0fbdde3a2a57f8a422907de7f0354cd145,71adf2c7741ed63f779fe8cebf9b4d1363fd18da1c5a49e39f32ec63cb8262f2,,,2026-08-25T22:32:04.883782+00:00,df494cd41ae8047b1adcbb56f6bcd7ca,,,,,376acef6571a96efd60b5ac78db97a648f88af16c96a8ecf73041d83b7ef612a,3ae6e976f843bc0981b1407655c91921254e3a4f49cf819a8dd949afa002f976,,,2026-08-25T23:16:26.909862+00:00,75d46ecd684a2dc4b6a8e27daff7fed8db3fae5cae653b9ddb3099795df8cd6c,active,,,11,ACCEPTED,ALL_BASELINE_CONTROLS,,,,True,True,True,True,True,False,DD6yt2Bh5PPwnuXjNSBngo789pBQ6zRKz0VorN0snMU=,c0d191feb2b525a8c2f5c7ff61eae9599ad246743e8755d10f9e3728351b05dd,LVS6iX3xyk+AW89N8K7wd5i2P+GtpUmTpzID/3W7LU4=,dccbad29e42ec44fc84246d4285e0ca8ddedef7a61d6c9d658c61b3c97e0949d,7BoPm7+hl7lERFzgL3nZaKc3XkTbb2etzxWN7ZIlCA4=,d2de0eecb364b6ad6dfd68c57fbb2b61edd7f408c047202d5ab95910a24e2627,,,,,,,,,,,,,,,,,afa2d06402a0857904e11e7337d815a45579c2c69281b6721a52141e9044fe52,audit_trails/artifacts/accepted_runtime_submissions/T3_XMK_CKKS_TADP_client_001_r11_c0d191feb2b525a8__afa2d06402a08579.json,,,,,,,,,,,,,6ed0ef68f4ecd377eccd38ddfe9b74c25684299a6eb1dff5e1541b901cd30e43,930297b8ea2dbaa1776aa7f0d077bbecd202b88bd5fc72f830b7fe2ea91cef13,,
588,32b28cd5ac315235b78f157e762c74c0,9009c28128737f7948fb54beb932f446c0ce27d5cbdefb4938dce83226ac7abd,2026-08-24T23:17:47.922061+00:00,TADP-SEC/14.0,CLIENT_CIPHERTEXT_BINDING,T3_XMK_CKKS_TADP,,,,client_001,,,,,,,,,,,,,,,,,,,,,,,,,,,,,,,,,,,,,,,,CIPHERTEXT_BOUND_TO_SIGNED_UPDATE,,,,,,,,,,,,,,,,,C3_CONFIDENTIAL,3,,,,,,,,,,,,,df494cd41ae8047b1adcbb56f6bcd7ca,,,,,,,,,,,,,,11,VERIFIED,,,,,True,,,,,False,DD6yt2Bh5PPwnuXjNSBngo789pBQ6zRKz0VorN0snMU=,c0d191feb2b525a8c2f5c7ff61eae9599ad246743e8755d10f9e3728351b05dd,LVS6iX3xyk+AW89N8K7wd5i2P+GtpUmTpzID/3W7LU4=,c67238b5a697f0c70ca83b04698d66b37bacedb097b55c555ddda0dcfad7b867,7BoPm7+hl7lERFzgL3nZaKc3XkTbb2etzxWN7ZIlCA4=,d2de0eecb364b6ad6dfd68c57fbb2b61edd7f408c047202d5ab95910a24e2627,"T3: xMK submit share (round-level finalize), noise=0.000",reference_python,n=|logq=|scale=|scheme=alg_xmk_ckks,xmk_agg_pk:ff832745a25ad5f0,,,,,,,,,f4388a490e571b3336674be2b762bb91fee3c83521b88221512c2c384ca7c862,,b150ecc95486bb6e0ef7d57345b6df1fd5f310dce48d9eabd6a90a12151e197a,audit_trails/artifacts/ciphertext_attestations/T3_XMK_CKKS_TADP_client_001_r11_8d81c1bc1027e551__b150ecc95486bb6e.json,,,,,,,,,,,,,,,930297b8ea2dbaa1776aa7f0d077bbecd202b88bd5fc72f830b7fe2ea91cef13,f34da89c89553126000046b7a7be17566bb6cd079d4d471c2fd12a42ea1c485b,,
589,6b6ba7a4332e4267a95b36436305ea83,9009c28128737f7948fb54beb932f446c0ce27d5cbdefb4938dce83226ac7abd,2026-08-24T23:17:54.708546+00:00,TADP-SEC/14.0,CLIENT_ACCEPTED_SUBMISSION,T3_XMK_CKKS_TADP,,,,client_001,,,,,,,,,,,2.3-phase1-fixed-threshold-critical-floor-review-profile,e910eb11d46f5a33a9f6a7d996c6c242f2a4caa089255874076d8ae12155dc94,2e5e1ea61ea1c71b07c235b309bb618daac98643cb3c0843acb266cd6b876512,cd72ec3b4911418e9899eae9aed63fa15aaf66633d0cb863f54d9ac8508d934e,833c0f503995ec3e68f8d11c30f392b1e756db044036faa02ce898eac71d1c91,VALIDATED_EVIDENCE_BUNDLE,,,,,,,,,,,,,,,,,,,,,,,,UPDATE_SUBMITTED_ENFORCED,,False,NOT_REQUIRED_AUTOMATED_POLICY,False,,,,,,,,,,,,,C3_CONFIDENTIAL,3,,,,,,,,6401d449cad49398af2f5e4da9bd6c0fbdde3a2a57f8a422907de7f0354cd145,71adf2c7741ed63f779fe8cebf9b4d1363fd18da1c5a49e39f32ec63cb8262f2,,,2026-08-25T22:32:04.883782+00:00,df494cd41ae8047b1adcbb56f6bcd7ca,,,,,376acef6571a96efd60b5ac78db97a648f88af16c96a8ecf73041d83b7ef612a,3ae6e976f843bc0981b1407655c91921254e3a4f49cf819a8dd949afa002f976,,,2026-08-25T23:16:26.909862+00:00,75d46ecd684a2dc4b6a8e27daff7fed8db3fae5cae653b9ddb3099795df8cd6c,active,,,12,ACCEPTED,ALL_BASELINE_CONTROLS,,,,True,True,True,True,True,False,ENt2NsYNk36drwX50e/BSE9eRscudNDfzJOW37vLWIU=,fc427b555a13c9eca9b00e02ed281ce1be8a46fae5ed3da684e8fb354c7511ee,LVS6iX3xyk+AW89N8K7wd5i2P+GtpUmTpzID/3W7LU4=,a207dc7ee6375aa203c6514109c7793e829d59284391476b255860e325ab88ee,J9cwWpKjRGiq3/ww4p/4gLdP8mW1u2cHzfoU20SX8xg=,d2de0eecb364b6ad6dfd68c57fbb2b61edd7f408c047202d5ab95910a24e2627,,,,,,,,,,,,,,,,,eb1aa82a0164a256114f45183c946025661c6c4a8dfdc3eb1e107302e654170a,audit_trails/artifacts/accepted_runtime_submissions/T3_XMK_CKKS_TADP_client_001_r12_fc427b555a13c9ec__eb1aa82a0164a256.json,,,,,,,,,,,,,f34da89c89553126000046b7a7be17566bb6cd079d4d471c2fd12a42ea1c485b,e2f589156d928eb36978e5d79f5ce3fa36b73e7431743f8ddfc9704122fed0ae,,
590,540430eb5acd6a5923ab67d95e0dbf3e,9009c28128737f7948fb54beb932f446c0ce27d5cbdefb4938dce83226ac7abd,2026-08-24T23:17:55.070690+00:00,TADP-SEC/14.0,CLIENT_CIPHERTEXT_BINDING,T3_XMK_CKKS_TADP,,,,client_001,,,,,,,,,,,,,,,,,,,,,,,,,,,,,,,,,,,,,,,,CIPHERTEXT_BOUND_TO_SIGNED_UPDATE,,,,,,,,,,,,,,,,,C3_CONFIDENTIAL,3,,,,,,,,,,,,,df494cd41ae8047b1adcbb56f6bcd7ca,,,,,,,,,,,,,,12,VERIFIED,,,,,True,,,,,False,ENt2NsYNk36drwX50e/BSE9eRscudNDfzJOW37vLWIU=,fc427b555a13c9eca9b00e02ed281ce1be8a46fae5ed3da684e8fb354c7511ee,LVS6iX3xyk+AW89N8K7wd5i2P+GtpUmTpzID/3W7LU4=,de6188a67601610a7dde86bf5b26d36d76b9894dba4c3b9b270648c0c9340bec,J9cwWpKjRGiq3/ww4p/4gLdP8mW1u2cHzfoU20SX8xg=,d2de0eecb364b6ad6dfd68c57fbb2b61edd7f408c047202d5ab95910a24e2627,"T3: xMK submit share (round-level finalize), noise=0.000",reference_python,n=|logq=|scale=|scheme=alg_xmk_ckks,xmk_agg_pk:ff832745a25ad5f0,,,,,,,,,7362f5e3e273d4b48b7553d2abacbfdf016a6a7d2e988bf16e2fd42d521044c3,,359d51072612dc5ad74903a10c102af1e5380d03f51a62f9c2c3eaeb88268caa,audit_trails/artifacts/ciphertext_attestations/T3_XMK_CKKS_TADP_client_001_r12_4f57a6419d55d91d__359d51072612dc5a.json,,,,,,,,,,,,,,,e2f589156d928eb36978e5d79f5ce3fa36b73e7431743f8ddfc9704122fed0ae,41f5d44d6de1b2b3cf244fa38d2d8e977a7b99d89c5f0593191860e31a6dab65,,
591,c25350076bca87946c8c12924dccb3d7,9009c28128737f7948fb54beb932f446c0ce27d5cbdefb4938dce83226ac7abd,2026-08-24T23:18:02.898447+00:00,TADP-SEC/14.0,CLIENT_ACCEPTED_SUBMISSION,T3_XMK_CKKS_TADP,,,,client_001,,,,,,,,,,,2.3-phase1-fixed-threshold-critical-floor-review-profile,e910eb11d46f5a33a9f6a7d996c6c242f2a4caa089255874076d8ae12155dc94,2e5e1ea61ea1c71b07c235b309bb618daac98643cb3c0843acb266cd6b876512,cd72ec3b4911418e9899eae9aed63fa15aaf66633d0cb863f54d9ac8508d934e,833c0f503995ec3e68f8d11c30f392b1e756db044036faa02ce898eac71d1c91,VALIDATED_EVIDENCE_BUNDLE,,,,,,,,,,,,,,,,,,,,,,,,UPDATE_SUBMITTED_ENFORCED,,False,NOT_REQUIRED_AUTOMATED_POLICY,False,,,,,,,,,,,,,C3_CONFIDENTIAL,3,,,,,,,,6401d449cad49398af2f5e4da9bd6c0fbdde3a2a57f8a422907de7f0354cd145,71adf2c7741ed63f779fe8cebf9b4d1363fd18da1c5a49e39f32ec63cb8262f2,,,2026-08-25T22:32:04.883782+00:00,df494cd41ae8047b1adcbb56f6bcd7ca,,,,,376acef6571a96efd60b5ac78db97a648f88af16c96a8ecf73041d83b7ef612a,3ae6e976f843bc0981b1407655c91921254e3a4f49cf819a8dd949afa002f976,,,2026-08-25T23:16:26.909862+00:00,75d46ecd684a2dc4b6a8e27daff7fed8db3fae5cae653b9ddb3099795df8cd6c,active,,,13,ACCEPTED,ALL_BASELINE_CONTROLS,,,,True,True,True,True,True,False,+2IvY2AXvgUpc6A084fjSWXvKDrwvoqPwOwKEWwS9Ic=,13e61b8a1fd0da2e329d5c13058dbc53223fa74cae7ac5214f5423997f9ef0d7,LVS6iX3xyk+AW89N8K7wd5i2P+GtpUmTpzID/3W7LU4=,a8f21b4e890018302c72f2d175393ab6019733de83b42b85f6137a7040d53d19,ewMkxdMOrWnEgRR6Sx6ugnGBx6GbVeDk6b/HnAdqGPk=,d2de0eecb364b6ad6dfd68c57fbb2b61edd7f408c047202d5ab95910a24e2627,,,,,,,,,,,,,,,,,dc4b05baec30740314b8ad847b29419a2281b09a6b56081f1d80c3fb682c86ad,audit_trails/artifacts/accepted_runtime_submissions/T3_XMK_CKKS_TADP_client_001_r13_13e61b8a1fd0da2e__dc4b05baec307403.json,,,,,,,,,,,,,41f5d44d6de1b2b3cf244fa38d2d8e977a7b99d89c5f0593191860e31a6dab65,b8d80360cf0dc14d85aa410279d3663dac413e6b456feb54ef5e34cbee7856e6,,
592,e9cb411222ea75fe58618f4a823106ce,9009c28128737f7948fb54beb932f446c0ce27d5cbdefb4938dce83226ac7abd,2026-08-24T23:18:03.270755+00:00,TADP-SEC/14.0,CLIENT_CIPHERTEXT_BINDING,T3_XMK_CKKS_TADP,,,,client_001,,,,,,,,,,,,,,,,,,,,,,,,,,,,,,,,,,,,,,,,CIPHERTEXT_BOUND_TO_SIGNED_UPDATE,,,,,,,,,,,,,,,,,C3_CONFIDENTIAL,3,,,,,,,,,,,,,df494cd41ae8047b1adcbb56f6bcd7ca,,,,,,,,,,,,,,13,VERIFIED,,,,,True,,,,,False,+2IvY2AXvgUpc6A084fjSWXvKDrwvoqPwOwKEWwS9Ic=,13e61b8a1fd0da2e329d5c13058dbc53223fa74cae7ac5214f5423997f9ef0d7,LVS6iX3xyk+AW89N8K7wd5i2P+GtpUmTpzID/3W7LU4=,603fcca741efcc6099d937e68111e44c67c892bedb5681c4ebe0c5f705882c47,ewMkxdMOrWnEgRR6Sx6ugnGBx6GbVeDk6b/HnAdqGPk=,d2de0eecb364b6ad6dfd68c57fbb2b61edd7f408c047202d5ab95910a24e2627,"T3: xMK submit share (round-level finalize), noise=0.000",reference_python,n=|logq=|scale=|scheme=alg_xmk_ckks,xmk_agg_pk:ff832745a25ad5f0,,,,,,,,,f5eb9414e1010beebbebf5eb94a481a230768a4637622c6cf5cbec3905b6da56,,1ec50e2b146a5155525f7ea6377fe4d7d125fe351039afa547266ee905ee07bd,audit_trails/artifacts/ciphertext_attestations/T3_XMK_CKKS_TADP_client_001_r13_19c57ee859643de1__1ec50e2b146a5155.json,,,,,,,,,,,,,,,b8d80360cf0dc14d85aa410279d3663dac413e6b456feb54ef5e34cbee7856e6,643c0ffa1be1505d4ce3ece439a99fd7cb9aab0abc156b6cf0b2c372e8afc17e,,
593,28db33996c2e7aa6e5ca242d10577354,9009c28128737f7948fb54beb932f446c0ce27d5cbdefb4938dce83226ac7abd,2026-08-24T23:18:09.987630+00:00,TADP-SEC/14.0,CLIENT_ACCEPTED_SUBMISSION,T3_XMK_CKKS_TADP,,,,client_001,,,,,,,,,,,2.3-phase1-fixed-threshold-critical-floor-review-profile,e910eb11d46f5a33a9f6a7d996c6c242f2a4caa089255874076d8ae12155dc94,2e5e1ea61ea1c71b07c235b309bb618daac98643cb3c0843acb266cd6b876512,cd72ec3b4911418e9899eae9aed63fa15aaf66633d0cb863f54d9ac8508d934e,833c0f503995ec3e68f8d11c30f392b1e756db044036faa02ce898eac71d1c91,VALIDATED_EVIDENCE_BUNDLE,,,,,,,,,,,,,,,,,,,,,,,,UPDATE_SUBMITTED_ENFORCED,,False,NOT_REQUIRED_AUTOMATED_POLICY,False,,,,,,,,,,,,,C3_CONFIDENTIAL,3,,,,,,,,6401d449cad49398af2f5e4da9bd6c0fbdde3a2a57f8a422907de7f0354cd145,71adf2c7741ed63f779fe8cebf9b4d1363fd18da1c5a49e39f32ec63cb8262f2,,,2026-08-25T22:32:04.883782+00:00,df494cd41ae8047b1adcbb56f6bcd7ca,,,,,376acef6571a96efd60b5ac78db97a648f88af16c96a8ecf73041d83b7ef612a,3ae6e976f843bc0981b1407655c91921254e3a4f49cf819a8dd949afa002f976,,,2026-08-25T23:16:26.909862+00:00,75d46ecd684a2dc4b6a8e27daff7fed8db3fae5cae653b9ddb3099795df8cd6c,active,,,14,ACCEPTED,ALL_BASELINE_CONTROLS,,,,True,True,True,True,True,False,TuEXOkQrPsi5Ly+DO3tNtqKiyH7BWBUwLrcWh3hVUEE=,daeda024841380af3553aa172dbede1d95000af619d2fa53418de8e92da3f931,LVS6iX3xyk+AW89N8K7wd5i2P+GtpUmTpzID/3W7LU4=,91c42f778fbe4a07266e9c98adc073a5c0fe33ccaa4cb4fcc180f29306cea586,TAZUmdtxqbGR190+qzAIF10IxGlPVV/ZpMuYXqvp9y4=,d2de0eecb364b6ad6dfd68c57fbb2b61edd7f408c047202d5ab95910a24e2627,,,,,,,,,,,,,,,,,0a2c70b2c59efbad90091d3bc35c91c8065f7757bb57d5727765fc363b4b4709,audit_trails/artifacts/accepted_runtime_submissions/T3_XMK_CKKS_TADP_client_001_r14_daeda024841380af__0a2c70b2c59efbad.json,,,,,,,,,,,,,643c0ffa1be1505d4ce3ece439a99fd7cb9aab0abc156b6cf0b2c372e8afc17e,98f0b6c138e70d9f73ce3bf0daf9bbd64437d1a77a414b724a1592d0b608fe93,,
594,53e1497d3173d5ba041398e378bbe39d,9009c28128737f7948fb54beb932f446c0ce27d5cbdefb4938dce83226ac7abd,2026-08-24T23:18:10.438018+00:00,TADP-SEC/14.0,CLIENT_CIPHERTEXT_BINDING,T3_XMK_CKKS_TADP,,,,client_001,,,,,,,,,,,,,,,,,,,,,,,,,,,,,,,,,,,,,,,,CIPHERTEXT_BOUND_TO_SIGNED_UPDATE,,,,,,,,,,,,,,,,,C3_CONFIDENTIAL,3,,,,,,,,,,,,,df494cd41ae8047b1adcbb56f6bcd7ca,,,,,,,,,,,,,,14,VERIFIED,,,,,True,,,,,False,TuEXOkQrPsi5Ly+DO3tNtqKiyH7BWBUwLrcWh3hVUEE=,daeda024841380af3553aa172dbede1d95000af619d2fa53418de8e92da3f931,LVS6iX3xyk+AW89N8K7wd5i2P+GtpUmTpzID/3W7LU4=,b96fca5712fea8cc71a505b635d0e6a897eb2e52a5d0ac041b0152f779e87262,TAZUmdtxqbGR190+qzAIF10IxGlPVV/ZpMuYXqvp9y4=,d2de0eecb364b6ad6dfd68c57fbb2b61edd7f408c047202d5ab95910a24e2627,"T3: xMK submit share (round-level finalize), noise=0.000",reference_python,n=|logq=|scale=|scheme=alg_xmk_ckks,xmk_agg_pk:ff832745a25ad5f0,,,,,,,,,0e47716319b1c143484b605d5263d85fb88d4136b069712c32d825bb41bb9749,,47744635a761ee8d5af33df4cb7ca7faaad0f025cf69d8b40099547d204be8da,audit_trails/artifacts/ciphertext_attestations/T3_XMK_CKKS_TADP_client_001_r14_51d02924657da323__47744635a761ee8d.json,,,,,,,,,,,,,,,98f0b6c138e70d9f73ce3bf0daf9bbd64437d1a77a414b724a1592d0b608fe93,5224d0ecadc6a4dbbfaa018bbbd1f69e11507808f068312f5c349d4d7ad4f5f1,,
595,81c7e35ed6b2a524635d89533e1a1537,9009c28128737f7948fb54beb932f446c0ce27d5cbdefb4938dce83226ac7abd,2026-08-24T23:18:18.141000+00:00,TADP-SEC/14.0,CLIENT_ACCEPTED_SUBMISSION,T3_XMK_CKKS_TADP,,,,client_001,,,,,,,,,,,2.3-phase1-fixed-threshold-critical-floor-review-profile,e910eb11d46f5a33a9f6a7d996c6c242f2a4caa089255874076d8ae12155dc94,2e5e1ea61ea1c71b07c235b309bb618daac98643cb3c0843acb266cd6b876512,cd72ec3b4911418e9899eae9aed63fa15aaf66633d0cb863f54d9ac8508d934e,833c0f503995ec3e68f8d11c30f392b1e756db044036faa02ce898eac71d1c91,VALIDATED_EVIDENCE_BUNDLE,,,,,,,,,,,,,,,,,,,,,,,,UPDATE_SUBMITTED_ENFORCED,,False,NOT_REQUIRED_AUTOMATED_POLICY,False,,,,,,,,,,,,,C3_CONFIDENTIAL,3,,,,,,,,6401d449cad49398af2f5e4da9bd6c0fbdde3a2a57f8a422907de7f0354cd145,71adf2c7741ed63f779fe8cebf9b4d1363fd18da1c5a49e39f32ec63cb8262f2,,,2026-08-25T22:32:04.883782+00:00,df494cd41ae8047b1adcbb56f6bcd7ca,,,,,376acef6571a96efd60b5ac78db97a648f88af16c96a8ecf73041d83b7ef612a,3ae6e976f843bc0981b1407655c91921254e3a4f49cf819a8dd949afa002f976,,,2026-08-25T23:16:26.909862+00:00,75d46ecd684a2dc4b6a8e27daff7fed8db3fae5cae653b9ddb3099795df8cd6c,active,,,15,ACCEPTED,ALL_BASELINE_CONTROLS,,,,True,True,True,True,True,False,9QitAlHX1SMG/PgDsTzfVX1csDzr7iPHdN+gCeOw3RI=,ec39c9d17616bc2064df32315739748abf41b64a0143de64def69c4ce039e750,LVS6iX3xyk+AW89N8K7wd5i2P+GtpUmTpzID/3W7LU4=,c9c200fdaa5356fefaabb489779d023c4dada3359332cb435a64820661f426f4,dYlEix/GigZH58NnFjXeMIRusUid3pt0DVkcvlX9daI=,d2de0eecb364b6ad6dfd68c57fbb2b61edd7f408c047202d5ab95910a24e2627,,,,,,,,,,,,,,,,,61224b5f134e3cdb6c70f451a0e4dbc6e4433f0468c584b9773fe5e58be351a9,audit_trails/artifacts/accepted_runtime_submissions/T3_XMK_CKKS_TADP_client_001_r15_ec39c9d17616bc20__61224b5f134e3cdb.json,,,,,,,,,,,,,5224d0ecadc6a4dbbfaa018bbbd1f69e11507808f068312f5c349d4d7ad4f5f1,d0eeac9c23a333c9ee384f3d0faa5644a097ff875e0fe97c50eca7fcd07397bc,,
596,c47c2699970c636d6d7db7c075364aa2,9009c28128737f7948fb54beb932f446c0ce27d5cbdefb4938dce83226ac7abd,2026-08-24T23:18:18.501278+00:00,TADP-SEC/14.0,CLIENT_CIPHERTEXT_BINDING,T3_XMK_CKKS_TADP,,,,client_001,,,,,,,,,,,,,,,,,,,,,,,,,,,,,,,,,,,,,,,,CIPHERTEXT_BOUND_TO_SIGNED_UPDATE,,,,,,,,,,,,,,,,,C3_CONFIDENTIAL,3,,,,,,,,,,,,,df494cd41ae8047b1adcbb56f6bcd7ca,,,,,,,,,,,,,,15,VERIFIED,,,,,True,,,,,False,9QitAlHX1SMG/PgDsTzfVX1csDzr7iPHdN+gCeOw3RI=,ec39c9d17616bc2064df32315739748abf41b64a0143de64def69c4ce039e750,LVS6iX3xyk+AW89N8K7wd5i2P+GtpUmTpzID/3W7LU4=,2f7edbe614fc6c969c15370c9feeb6401c3609d08315ab07976b63e691d1e831,dYlEix/GigZH58NnFjXeMIRusUid3pt0DVkcvlX9daI=,d2de0eecb364b6ad6dfd68c57fbb2b61edd7f408c047202d5ab95910a24e2627,"T3: xMK submit share (round-level finalize), noise=0.000",reference_python,n=|logq=|scale=|scheme=alg_xmk_ckks,xmk_agg_pk:ff832745a25ad5f0,,,,,,,,,2905c8fef73d96adc975ece6ce7f343a0cc6e4f001086f88f2fd4d6bd87fb785,,0a9fc5bd6ccaefccf894835c4dde565e61280e15848d0592b16c920371561b05,audit_trails/artifacts/ciphertext_attestations/T3_XMK_CKKS_TADP_client_001_r15_c7b97fb6b985f6d4__0a9fc5bd6ccaefcc.json,,,,,,,,,,,,,,,d0eeac9c23a333c9ee384f3d0faa5644a097ff875e0fe97c50eca7fcd07397bc,a731907c0fca36e2c0dd0236f91cede4e1ebf39e8f64e5ce39edadef4eb2242c,,
597,35ddafb754faf27a94c619ccee4c1da4,9009c28128737f7948fb54beb932f446c0ce27d5cbdefb4938dce83226ac7abd,2026-08-24T23:18:25.935677+00:00,TADP-SEC/14.0,CLIENT_ACCEPTED_SUBMISSION,T3_XMK_CKKS_TADP,,,,client_001,,,,,,,,,,,2.3-phase1-fixed-threshold-critical-floor-review-profile,e910eb11d46f5a33a9f6a7d996c6c242f2a4caa089255874076d8ae12155dc94,2e5e1ea61ea1c71b07c235b309bb618daac98643cb3c0843acb266cd6b876512,cd72ec3b4911418e9899eae9aed63fa15aaf66633d0cb863f54d9ac8508d934e,833c0f503995ec3e68f8d11c30f392b1e756db044036faa02ce898eac71d1c91,VALIDATED_EVIDENCE_BUNDLE,,,,,,,,,,,,,,,,,,,,,,,,UPDATE_SUBMITTED_ENFORCED,,False,NOT_REQUIRED_AUTOMATED_POLICY,False,,,,,,,,,,,,,C3_CONFIDENTIAL,3,,,,,,,,6401d449cad49398af2f5e4da9bd6c0fbdde3a2a57f8a422907de7f0354cd145,71adf2c7741ed63f779fe8cebf9b4d1363fd18da1c5a49e39f32ec63cb8262f2,,,2026-08-25T22:32:04.883782+00:00,df494cd41ae8047b1adcbb56f6bcd7ca,,,,,376acef6571a96efd60b5ac78db97a648f88af16c96a8ecf73041d83b7ef612a,3ae6e976f843bc0981b1407655c91921254e3a4f49cf819a8dd949afa002f976,,,2026-08-25T23:16:26.909862+00:00,75d46ecd684a2dc4b6a8e27daff7fed8db3fae5cae653b9ddb3099795df8cd6c,active,,,16,ACCEPTED,ALL_BASELINE_CONTROLS,,,,True,True,True,True,True,False,Hjdx7ACC+1s0pACv38wjHLXSnB//9Cay5w/1QZlRW3k=,39938e1e3ecaae992019470abce40eb9f339abefcc5743dfa7d2ffe9f8d0c9fc,LVS6iX3xyk+AW89N8K7wd5i2P+GtpUmTpzID/3W7LU4=,a7bb5b0f010896d5801e7ac8dd4b3fff324c1020e2f699574002ef248c5a67aa,uEerPHS8vMJbGdtPZUXEfUQucUxEyqxvFZr2zDC1naY=,d2de0eecb364b6ad6dfd68c57fbb2b61edd7f408c047202d5ab95910a24e2627,,,,,,,,,,,,,,,,,a46a1bd7b89da908256c45526b261f5b238f237e12f866376bf6aba69e15ec47,audit_trails/artifacts/accepted_runtime_submissions/T3_XMK_CKKS_TADP_client_001_r16_39938e1e3ecaae99__a46a1bd7b89da908.json,,,,,,,,,,,,,a731907c0fca36e2c0dd0236f91cede4e1ebf39e8f64e5ce39edadef4eb2242c,fc178833a27c4e9a48c5a8f1fc8f2106832f1d420cb747f50a1bfb010800bfa2,,
598,cc4ef9746d2462c8f0185ebce505ee84,9009c28128737f7948fb54beb932f446c0ce27d5cbdefb4938dce83226ac7abd,2026-08-24T23:18:26.425197+00:00,TADP-SEC/14.0,CLIENT_CIPHERTEXT_BINDING,T3_XMK_CKKS_TADP,,,,client_001,,,,,,,,,,,,,,,,,,,,,,,,,,,,,,,,,,,,,,,,CIPHERTEXT_BOUND_TO_SIGNED_UPDATE,,,,,,,,,,,,,,,,,C3_CONFIDENTIAL,3,,,,,,,,,,,,,df494cd41ae8047b1adcbb56f6bcd7ca,,,,,,,,,,,,,,16,VERIFIED,,,,,True,,,,,False,Hjdx7ACC+1s0pACv38wjHLXSnB//9Cay5w/1QZlRW3k=,39938e1e3ecaae992019470abce40eb9f339abefcc5743dfa7d2ffe9f8d0c9fc,LVS6iX3xyk+AW89N8K7wd5i2P+GtpUmTpzID/3W7LU4=,9751b0ea1c5f59add69ec0713789c207d4c7ed390fb63979e4d58dc707ab74e9,uEerPHS8vMJbGdtPZUXEfUQucUxEyqxvFZr2zDC1naY=,d2de0eecb364b6ad6dfd68c57fbb2b61edd7f408c047202d5ab95910a24e2627,"T3: xMK submit share (round-level finalize), noise=0.000",reference_python,n=|logq=|scale=|scheme=alg_xmk_ckks,xmk_agg_pk:ff832745a25ad5f0,,,,,,,,,6f595f9250dd166bb8a28fe88b679f61d362777f07609467708c929f1d1692e8,,2ff23820ee6ccac7502351b018dfa7fbb96bbbe434b385a4b4e1114ed973e40b,audit_trails/artifacts/ciphertext_attestations/T3_XMK_CKKS_TADP_client_001_r16_29d9d4c027b293bd__2ff23820ee6ccac7.json,,,,,,,,,,,,,,,fc178833a27c4e9a48c5a8f1fc8f2106832f1d420cb747f50a1bfb010800bfa2,cbc426dce56e0e82a6c7da1bdda86e645e116c5b5b2b6b3259c3297dcb397d7c,,
599,150c7126470404ddf8a689ac1cc5576a,9009c28128737f7948fb54beb932f446c0ce27d5cbdefb4938dce83226ac7abd,2026-08-24T23:18:33.461782+00:00,TADP-SEC/14.0,CLIENT_ACCEPTED_SUBMISSION,T3_XMK_CKKS_TADP,,,,client_001,,,,,,,,,,,2.3-phase1-fixed-threshold-critical-floor-review-profile,e910eb11d46f5a33a9f6a7d996c6c242f2a4caa089255874076d8ae12155dc94,2e5e1ea61ea1c71b07c235b309bb618daac98643cb3c0843acb266cd6b876512,cd72ec3b4911418e9899eae9aed63fa15aaf66633d0cb863f54d9ac8508d934e,833c0f503995ec3e68f8d11c30f392b1e756db044036faa02ce898eac71d1c91,VALIDATED_EVIDENCE_BUNDLE,,,,,,,,,,,,,,,,,,,,,,,,UPDATE_SUBMITTED_ENFORCED,,False,NOT_REQUIRED_AUTOMATED_POLICY,False,,,,,,,,,,,,,C3_CONFIDENTIAL,3,,,,,,,,6401d449cad49398af2f5e4da9bd6c0fbdde3a2a57f8a422907de7f0354cd145,71adf2c7741ed63f779fe8cebf9b4d1363fd18da1c5a49e39f32ec63cb8262f2,,,2026-08-25T22:32:04.883782+00:00,df494cd41ae8047b1adcbb56f6bcd7ca,,,,,376acef6571a96efd60b5ac78db97a648f88af16c96a8ecf73041d83b7ef612a,3ae6e976f843bc0981b1407655c91921254e3a4f49cf819a8dd949afa002f976,,,2026-08-25T23:16:26.909862+00:00,75d46ecd684a2dc4b6a8e27daff7fed8db3fae5cae653b9ddb3099795df8cd6c,active,,,17,ACCEPTED,ALL_BASELINE_CONTROLS,,,,True,True,True,True,True,False,BrToKqLiEWDsCHHdMx3lPa1wlKWOOyNzNtnc9fRtjDg=,3bfe2fe37e472e60e6cd56f98337394b1ffcb85a640acb818831f0c69662fb60,LVS6iX3xyk+AW89N8K7wd5i2P+GtpUmTpzID/3W7LU4=,0bd228b5a12224f5b0b43de37206539f20d6df66afc5e6350a1bc608fea322d9,h208cwB9IAzS3rZjYZffXZLGhKSPvdIqQ6mdIH3Xufs=,d2de0eecb364b6ad6dfd68c57fbb2b61edd7f408c047202d5ab95910a24e2627,,,,,,,,,,,,,,,,,c645c1dac8cd1087f73b26a80c64b9281f61b87b24b0aeba6d735ddefb82dd7e,audit_trails/artifacts/accepted_runtime_submissions/T3_XMK_CKKS_TADP_client_001_r17_3bfe2fe37e472e60__c645c1dac8cd1087.json,,,,,,,,,,,,,cbc426dce56e0e82a6c7da1bdda86e645e116c5b5b2b6b3259c3297dcb397d7c,124283d85f29a73dbe2b6ed184fe55cdced3f2d295d3f51462e5c419feefcc9f,,
600,99bb9e36931498f200deb57a4a59642c,9009c28128737f7948fb54beb932f446c0ce27d5cbdefb4938dce83226ac7abd,2026-08-24T23:18:33.818182+00:00,TADP-SEC/14.0,CLIENT_CIPHERTEXT_BINDING,T3_XMK_CKKS_TADP,,,,client_001,,,,,,,,,,,,,,,,,,,,,,,,,,,,,,,,,,,,,,,,CIPHERTEXT_BOUND_TO_SIGNED_UPDATE,,,,,,,,,,,,,,,,,C3_CONFIDENTIAL,3,,,,,,,,,,,,,df494cd41ae8047b1adcbb56f6bcd7ca,,,,,,,,,,,,,,17,VERIFIED,,,,,True,,,,,False,BrToKqLiEWDsCHHdMx3lPa1wlKWOOyNzNtnc9fRtjDg=,3bfe2fe37e472e60e6cd56f98337394b1ffcb85a640acb818831f0c69662fb60,LVS6iX3xyk+AW89N8K7wd5i2P+GtpUmTpzID/3W7LU4=,e2d7297e5da78799c3ea71ca005c42bdeca84c6eaa573f1d1e6e06fee95cd2de,h208cwB9IAzS3rZjYZffXZLGhKSPvdIqQ6mdIH3Xufs=,d2de0eecb364b6ad6dfd68c57fbb2b61edd7f408c047202d5ab95910a24e2627,"T3: xMK submit share (round-level finalize), noise=0.000",reference_python,n=|logq=|scale=|scheme=alg_xmk_ckks,xmk_agg_pk:ff832745a25ad5f0,,,,,,,,,24c9e0125ea7568029d65f512c6eee07369202e361a8d9feb5f5bddceb7a9253,,cbd42c7166c3c76f286e496d4526a91e8105c2b2e948cf73b9cce821ae046f73,audit_trails/artifacts/ciphertext_attestations/T3_XMK_CKKS_TADP_client_001_r17_e6c979d14c80d9bb__cbd42c7166c3c76f.json,,,,,,,,,,,,,,,124283d85f29a73dbe2b6ed184fe55cdced3f2d295d3f51462e5c419feefcc9f,ac653376ac9164757bc2388aae9413741f356d36422f14ffd7ca4e37bd811a6b,,
601,6fce19c0e099102a8abeedc96883e285,9009c28128737f7948fb54beb932f446c0ce27d5cbdefb4938dce83226ac7abd,2026-08-24T23:18:41.678526+00:00,TADP-SEC/14.0,CLIENT_ACCEPTED_SUBMISSION,T3_XMK_CKKS_TADP,,,,client_001,,,,,,,,,,,2.3-phase1-fixed-threshold-critical-floor-review-profile,e910eb11d46f5a33a9f6a7d996c6c242f2a4caa089255874076d8ae12155dc94,2e5e1ea61ea1c71b07c235b309bb618daac98643cb3c0843acb266cd6b876512,cd72ec3b4911418e9899eae9aed63fa15aaf66633d0cb863f54d9ac8508d934e,833c0f503995ec3e68f8d11c30f392b1e756db044036faa02ce898eac71d1c91,VALIDATED_EVIDENCE_BUNDLE,,,,,,,,,,,,,,,,,,,,,,,,UPDATE_SUBMITTED_ENFORCED,,False,NOT_REQUIRED_AUTOMATED_POLICY,False,,,,,,,,,,,,,C3_CONFIDENTIAL,3,,,,,,,,6401d449cad49398af2f5e4da9bd6c0fbdde3a2a57f8a422907de7f0354cd145,71adf2c7741ed63f779fe8cebf9b4d1363fd18da1c5a49e39f32ec63cb8262f2,,,2026-08-25T22:32:04.883782+00:00,df494cd41ae8047b1adcbb56f6bcd7ca,,,,,376acef6571a96efd60b5ac78db97a648f88af16c96a8ecf73041d83b7ef612a,3ae6e976f843bc0981b1407655c91921254e3a4f49cf819a8dd949afa002f976,,,2026-08-25T23:16:26.909862+00:00,75d46ecd684a2dc4b6a8e27daff7fed8db3fae5cae653b9ddb3099795df8cd6c,active,,,18,ACCEPTED,ALL_BASELINE_CONTROLS,,,,True,True,True,True,True,False,OH5i/GOpNjIgqNTKhwGZa1prOccbVsNZ/bs4iKhKZf0=,7fa6fa3f1d2e04b03a9cebb87cd53d27c098330ef2a01a636ae3417e05010d38,LVS6iX3xyk+AW89N8K7wd5i2P+GtpUmTpzID/3W7LU4=,ef57f3658be36bd1b618a8624fd1d9ed93a8c1f68a3e0b2138acb938bc46c985,svAYmMlghntxgHBDL/bI41ZGmTdawQqLzoATT5t9+A0=,d2de0eecb364b6ad6dfd68c57fbb2b61edd7f408c047202d5ab95910a24e2627,,,,,,,,,,,,,,,,,080ffdb08c8006300f389b2e9335020b6c3ee09a5b066745e61ecbf498cd08ab,audit_trails/artifacts/accepted_runtime_submissions/T3_XMK_CKKS_TADP_client_001_r18_7fa6fa3f1d2e04b0__080ffdb08c800630.json,,,,,,,,,,,,,ac653376ac9164757bc2388aae9413741f356d36422f14ffd7ca4e37bd811a6b,590e0bd74c8c4dc6b5686f808210edbdc25144dbb2acf45d57157fa08533381f,,
602,9095b35a6579ec46ae479910be6eafc0,9009c28128737f7948fb54beb932f446c0ce27d5cbdefb4938dce83226ac7abd,2026-08-24T23:18:42.020497+00:00,TADP-SEC/14.0,CLIENT_CIPHERTEXT_BINDING,T3_XMK_CKKS_TADP,,,,client_001,,,,,,,,,,,,,,,,,,,,,,,,,,,,,,,,,,,,,,,,CIPHERTEXT_BOUND_TO_SIGNED_UPDATE,,,,,,,,,,,,,,,,,C3_CONFIDENTIAL,3,,,,,,,,,,,,,df494cd41ae8047b1adcbb56f6bcd7ca,,,,,,,,,,,,,,18,VERIFIED,,,,,True,,,,,False,OH5i/GOpNjIgqNTKhwGZa1prOccbVsNZ/bs4iKhKZf0=,7fa6fa3f1d2e04b03a9cebb87cd53d27c098330ef2a01a636ae3417e05010d38,LVS6iX3xyk+AW89N8K7wd5i2P+GtpUmTpzID/3W7LU4=,008276451ec97789de872ed2d8f53f0a3e4f8d29dea1166fab25d0270fb1350b,svAYmMlghntxgHBDL/bI41ZGmTdawQqLzoATT5t9+A0=,d2de0eecb364b6ad6dfd68c57fbb2b61edd7f408c047202d5ab95910a24e2627,"T3: xMK submit share (round-level finalize), noise=0.000",reference_python,n=|logq=|scale=|scheme=alg_xmk_ckks,xmk_agg_pk:ff832745a25ad5f0,,,,,,,,,9a106a342a908861119380a3c4c73cdc5004742c0ec295f40fbef94988161ce7,,a142a6390b047dcdeeca01da5067dcceb6338bc24cd4a2eb45c8d6ae35358b53,audit_trails/artifacts/ciphertext_attestations/T3_XMK_CKKS_TADP_client_001_r18_af551937a0eb8ada__a142a6390b047dcd.json,,,,,,,,,,,,,,,590e0bd74c8c4dc6b5686f808210edbdc25144dbb2acf45d57157fa08533381f,f2b4d3cc07e415f60622a46e8d6440f5162ea43ed5267f3938def4b9fa926f25,,
603,418ed5d6ad64dbc8d05ff3769f40f467,9009c28128737f7948fb54beb932f446c0ce27d5cbdefb4938dce83226ac7abd,2026-08-24T23:18:48.979286+00:00,TADP-SEC/14.0,CLIENT_ACCEPTED_SUBMISSION,T3_XMK_CKKS_TADP,,,,client_001,,,,,,,,,,,2.3-phase1-fixed-threshold-critical-floor-review-profile,e910eb11d46f5a33a9f6a7d996c6c242f2a4caa089255874076d8ae12155dc94,2e5e1ea61ea1c71b07c235b309bb618daac98643cb3c0843acb266cd6b876512,cd72ec3b4911418e9899eae9aed63fa15aaf66633d0cb863f54d9ac8508d934e,833c0f503995ec3e68f8d11c30f392b1e756db044036faa02ce898eac71d1c91,VALIDATED_EVIDENCE_BUNDLE,,,,,,,,,,,,,,,,,,,,,,,,UPDATE_SUBMITTED_ENFORCED,,False,NOT_REQUIRED_AUTOMATED_POLICY,False,,,,,,,,,,,,,C3_CONFIDENTIAL,3,,,,,,,,6401d449cad49398af2f5e4da9bd6c0fbdde3a2a57f8a422907de7f0354cd145,71adf2c7741ed63f779fe8cebf9b4d1363fd18da1c5a49e39f32ec63cb8262f2,,,2026-08-25T22:32:04.883782+00:00,df494cd41ae8047b1adcbb56f6bcd7ca,,,,,376acef6571a96efd60b5ac78db97a648f88af16c96a8ecf73041d83b7ef612a,3ae6e976f843bc0981b1407655c91921254e3a4f49cf819a8dd949afa002f976,,,2026-08-25T23:16:26.909862+00:00,75d46ecd684a2dc4b6a8e27daff7fed8db3fae5cae653b9ddb3099795df8cd6c,active,,,19,ACCEPTED,ALL_BASELINE_CONTROLS,,,,True,True,True,True,True,False,foE7eeeXUsqILbH1HoTxxaNx9+n9dXiE+K4xlco2Vrs=,74ae1466fe579eb60e76a3d6f9f12ba07add2eec1f5d0354f4c4de19deef81ec,LVS6iX3xyk+AW89N8K7wd5i2P+GtpUmTpzID/3W7LU4=,fe10ee69de181b0a189844bb3eba28b953bdf9373782c7054558fa5fd7148c66,fo6FlsTp7e7SeWJnMOKrv42RfdmDScumhHMmXw4UOQ8=,d2de0eecb364b6ad6dfd68c57fbb2b61edd7f408c047202d5ab95910a24e2627,,,,,,,,,,,,,,,,,9d643f40a1e2d3b0aeef661b3ada6a1cf0b4219df126df3e3401b9bfb2af4173,audit_trails/artifacts/accepted_runtime_submissions/T3_XMK_CKKS_TADP_client_001_r19_74ae1466fe579eb6__9d643f40a1e2d3b0.json,,,,,,,,,,,,,f2b4d3cc07e415f60622a46e8d6440f5162ea43ed5267f3938def4b9fa926f25,214d8f745f6fa631feb6e5993389b851a819a48db8ae5f919791a7c79619b50a,,
604,b733efcd2b66594d8d3734e30d6b001c,9009c28128737f7948fb54beb932f446c0ce27d5cbdefb4938dce83226ac7abd,2026-08-24T23:18:49.332603+00:00,TADP-SEC/14.0,CLIENT_CIPHERTEXT_BINDING,T3_XMK_CKKS_TADP,,,,client_001,,,,,,,,,,,,,,,,,,,,,,,,,,,,,,,,,,,,,,,,CIPHERTEXT_BOUND_TO_SIGNED_UPDATE,,,,,,,,,,,,,,,,,C3_CONFIDENTIAL,3,,,,,,,,,,,,,df494cd41ae8047b1adcbb56f6bcd7ca,,,,,,,,,,,,,,19,VERIFIED,,,,,True,,,,,False,foE7eeeXUsqILbH1HoTxxaNx9+n9dXiE+K4xlco2Vrs=,74ae1466fe579eb60e76a3d6f9f12ba07add2eec1f5d0354f4c4de19deef81ec,LVS6iX3xyk+AW89N8K7wd5i2P+GtpUmTpzID/3W7LU4=,f9bb5c792de2963a3ad200a5637b72f00d9d6a6912fa6ca4b8c993dc44338bbc,fo6FlsTp7e7SeWJnMOKrv42RfdmDScumhHMmXw4UOQ8=,d2de0eecb364b6ad6dfd68c57fbb2b61edd7f408c047202d5ab95910a24e2627,"T3: xMK submit share (round-level finalize), noise=0.000",reference_python,n=|logq=|scale=|scheme=alg_xmk_ckks,xmk_agg_pk:ff832745a25ad5f0,,,,,,,,,fa33ed9b8f337ec62f8deb8216879f1917a615d3d35ed5cc95b77b88a6e801fe,,487994c3693d1ae155e79d5b2514d4e81eceead4e92733345436594a856db138,audit_trails/artifacts/ciphertext_attestations/T3_XMK_CKKS_TADP_client_001_r19_0778d66a3892c6ec__487994c3693d1ae1.json,,,,,,,,,,,,,,,214d8f745f6fa631feb6e5993389b851a819a48db8ae5f919791a7c79619b50a,69937ef451c933de496f1f7f3e2660e21f4782b25777e7aca8d77b062beadd9d,,
605,2e70a8822125b4f4d9211b8a34d86281,9009c28128737f7948fb54beb932f446c0ce27d5cbdefb4938dce83226ac7abd,2026-08-24T23:18:57.107176+00:00,TADP-SEC/14.0,CLIENT_ACCEPTED_SUBMISSION,T3_XMK_CKKS_TADP,,,,client_001,,,,,,,,,,,2.3-phase1-fixed-threshold-critical-floor-review-profile,e910eb11d46f5a33a9f6a7d996c6c242f2a4caa089255874076d8ae12155dc94,2e5e1ea61ea1c71b07c235b309bb618daac98643cb3c0843acb266cd6b876512,cd72ec3b4911418e9899eae9aed63fa15aaf66633d0cb863f54d9ac8508d934e,833c0f503995ec3e68f8d11c30f392b1e756db044036faa02ce898eac71d1c91,VALIDATED_EVIDENCE_BUNDLE,,,,,,,,,,,,,,,,,,,,,,,,UPDATE_SUBMITTED_ENFORCED,,False,NOT_REQUIRED_AUTOMATED_POLICY,False,,,,,,,,,,,,,C3_CONFIDENTIAL,3,,,,,,,,6401d449cad49398af2f5e4da9bd6c0fbdde3a2a57f8a422907de7f0354cd145,71adf2c7741ed63f779fe8cebf9b4d1363fd18da1c5a49e39f32ec63cb8262f2,,,2026-08-25T22:32:04.883782+00:00,df494cd41ae8047b1adcbb56f6bcd7ca,,,,,376acef6571a96efd60b5ac78db97a648f88af16c96a8ecf73041d83b7ef612a,3ae6e976f843bc0981b1407655c91921254e3a4f49cf819a8dd949afa002f976,,,2026-08-25T23:16:26.909862+00:00,75d46ecd684a2dc4b6a8e27daff7fed8db3fae5cae653b9ddb3099795df8cd6c,active,,,20,ACCEPTED,ALL_BASELINE_CONTROLS,,,,True,True,True,True,True,False,jacrgo3jbMFVLpwE99omkWm5QgAX7W7y2Xeupfq0ez0=,63de98790094d5c295d95a354ce9c0440ee5b21cae94efc1a8a8b5aa6a702aea,LVS6iX3xyk+AW89N8K7wd5i2P+GtpUmTpzID/3W7LU4=,534613ecfe9aee8c362ac47b197638122a9e884d97729daf004248c84820510e,/nuALGp7YlzjSWmpQZLeMweQXMAEc3pEDAOhuZnftGQ=,d2de0eecb364b6ad6dfd68c57fbb2b61edd7f408c047202d5ab95910a24e2627,,,,,,,,,,,,,,,,,ae63ea18a158dd9e29b01f5abb1b1e1b03919c16e63d0bd0c7d19499326b2c0a,audit_trails/artifacts/accepted_runtime_submissions/T3_XMK_CKKS_TADP_client_001_r20_63de98790094d5c2__ae63ea18a158dd9e.json,,,,,,,,,,,,,69937ef451c933de496f1f7f3e2660e21f4782b25777e7aca8d77b062beadd9d,f2fc4e632eac7db1186ca6a40146cd2126be340e93fa09e6cdeb55f7e67f48d1,,
606,fc4a5cfd4b9fdeec5cbe09c953ceb8ea,9009c28128737f7948fb54beb932f446c0ce27d5cbdefb4938dce83226ac7abd,2026-08-24T23:18:57.466311+00:00,TADP-SEC/14.0,CLIENT_CIPHERTEXT_BINDING,T3_XMK_CKKS_TADP,,,,client_001,,,,,,,,,,,,,,,,,,,,,,,,,,,,,,,,,,,,,,,,CIPHERTEXT_BOUND_TO_SIGNED_UPDATE,,,,,,,,,,,,,,,,,C3_CONFIDENTIAL,3,,,,,,,,,,,,,df494cd41ae8047b1adcbb56f6bcd7ca,,,,,,,,,,,,,,20,VERIFIED,,,,,True,,,,,False,jacrgo3jbMFVLpwE99omkWm5QgAX7W7y2Xeupfq0ez0=,63de98790094d5c295d95a354ce9c0440ee5b21cae94efc1a8a8b5aa6a702aea,LVS6iX3xyk+AW89N8K7wd5i2P+GtpUmTpzID/3W7LU4=,c4c22205f8fcc2aa591b6852c43d70eb0bf68b09a617fbcd2cde9ffd92428bce,/nuALGp7YlzjSWmpQZLeMweQXMAEc3pEDAOhuZnftGQ=,d2de0eecb364b6ad6dfd68c57fbb2b61edd7f408c047202d5ab95910a24e2627,"T3: xMK submit share (round-level finalize), noise=0.000",reference_python,n=|logq=|scale=|scheme=alg_xmk_ckks,xmk_agg_pk:ff832745a25ad5f0,,,,,,,,,4c33ac913c5cd2cdd838468d4f0ff467146f4fae1e97f6c5db003bc6b3d4ab6d,,be982c3f14901dc0ef58d446c31b7449c9610b64706c4ef2e8b90da7290c6d24,audit_trails/artifacts/ciphertext_attestations/T3_XMK_CKKS_TADP_client_001_r20_1b7f05adb2b8fe1b__be982c3f14901dc0.json,,,,,,,,,,,,,,,f2fc4e632eac7db1186ca6a40146cd2126be340e93fa09e6cdeb55f7e67f48d1,43e1f8f69e5cf2d199bbbc91e93ef1f72393e4ccaa226ef8c9725fb1302d9be9,,
607,dc8f6629ac8a193b3ba322f89554dc22,9009c28128737f7948fb54beb932f446c0ce27d5cbdefb4938dce83226ac7abd,2026-08-24T23:23:53.879023+00:00,TADP-SEC/14.0,CLIENT_ACCEPTED_SUBMISSION,T4_SAMK_TADP,,,,client_001,,,,,,,,,,,2.3-phase1-fixed-threshold-critical-floor-review-profile,e910eb11d46f5a33a9f6a7d996c6c242f2a4caa089255874076d8ae12155dc94,2e5e1ea61ea1c71b07c235b309bb618daac98643cb3c0843acb266cd6b876512,cd72ec3b4911418e9899eae9aed63fa15aaf66633d0cb863f54d9ac8508d934e,833c0f503995ec3e68f8d11c30f392b1e756db044036faa02ce898eac71d1c91,VALIDATED_EVIDENCE_BUNDLE,,,,,,,,,,,,,,,,,,,,,,,,UPDATE_SUBMITTED_ENFORCED,,False,NOT_REQUIRED_AUTOMATED_POLICY,False,,,,,,,,,,,,,C4_RESTRICTED,4,,,,,,,,6401d449cad49398af2f5e4da9bd6c0fbdde3a2a57f8a422907de7f0354cd145,71adf2c7741ed63f779fe8cebf9b4d1363fd18da1c5a49e39f32ec63cb8262f2,,,2026-08-25T22:32:04.883782+00:00,aba62810e86b5472ca90a0486c95c4c3,,,,,739b871848cc508562a87bc8e0893415edf1eb501dc1e7d1b6cd897a3aea59f1,5f0b37b6c13e6c3692f1840155171bb867fc38a0f7a7869a8492385c28e7fc4b,,,2026-08-25T23:19:30.914243+00:00,75d46ecd684a2dc4b6a8e27daff7fed8db3fae5cae653b9ddb3099795df8cd6c,active,,,1,ACCEPTED,ALL_BASELINE_CONTROLS,,,,True,True,True,True,True,False,jUv2h49ifsy/F+bQK5vxnRasrPqKIT4owJFj+2/SqrA=,f916267efe3f9efc715d912991add4724303b706c805d7c6f8f9d95e1645d19e,LVS6iX3xyk+AW89N8K7wd5i2P+GtpUmTpzID/3W7LU4=,8cd78e810e74a4e0c7f1a90f9543549628ab7c14c7ae820de90d1b2a61987184,MUKy9PXfefybJdPNavwdKZNHJzbHyDxO2GyrtojA/DA=,d2de0eecb364b6ad6dfd68c57fbb2b61edd7f408c047202d5ab95910a24e2627,,,,,,,,,,,,,,,,,c0e7b1ec1810302496076c03f10c8d626d9c5c3c8dbf092579019d51a8eac1c0,audit_trails/artifacts/accepted_runtime_submissions/T4_SAMK_TADP_client_001_r1_f916267efe3f9efc__c0e7b1ec18103024.json,,,,,,,,,,,,,43e1f8f69e5cf2d199bbbc91e93ef1f72393e4ccaa226ef8c9725fb1302d9be9,631e11749243a62c3d657604a8d3782d2efa124816647182447206713ce2f0c8,,
608,5f4d26040a2732bc4754fb256ef186ad,9009c28128737f7948fb54beb932f446c0ce27d5cbdefb4938dce83226ac7abd,2026-08-24T23:25:21.505578+00:00,TADP-SEC/14.0,CLIENT_CIPHERTEXT_BINDING,T4_SAMK_TADP,,,,client_001,,,,,,,,,,,,,,,,,,,,,,,,,,,,,,,,,,,,,,,,CIPHERTEXT_BOUND_TO_SIGNED_UPDATE,,,,,,,,,,,,,,,,,C4_RESTRICTED,4,,,,,,,,,,,,,aba62810e86b5472ca90a0486c95c4c3,,,,,,,,,,,,,,1,VERIFIED,,,,,True,,,,,False,jUv2h49ifsy/F+bQK5vxnRasrPqKIT4owJFj+2/SqrA=,f916267efe3f9efc715d912991add4724303b706c805d7c6f8f9d95e1645d19e,LVS6iX3xyk+AW89N8K7wd5i2P+GtpUmTpzID/3W7LU4=,dbbc90c2e113bf61ebec5697cefcd60d88ff9190dbc10203e4386de0fdf16c5f,MUKy9PXfefybJdPNavwdKZNHJzbHyDxO2GyrtojA/DA=,d2de0eecb364b6ad6dfd68c57fbb2b61edd7f408c047202d5ab95910a24e2627,T4: SAMK multi-key BFV update protection + Paillier-protected helper points,reference_python,SAMK|BFV_N=2048|q_bits=54|t=16777213|fixed_point_scale=1000000|Paillier_prime_bits=1536,client:client_001,,,,,,,,,5f3ecef357075ab6c8e6f25e6aef87b98930a7ad8ad4cca50acfac7ffe139687,,d6faf18ee5427442c368c1071c7033da92bf95f86c9e1a78f748d27a996c67a2,audit_trails/artifacts/ciphertext_attestations/T4_SAMK_TADP_client_001_r1_ca0448155db87fb4__d6faf18ee5427442.json,,,,,,,,,,,,,,,631e11749243a62c3d657604a8d3782d2efa124816647182447206713ce2f0c8,51ac9d0b4a038bb8206f9507a4029e4e8629c9f05b86fd99c40eb2c7166b7c78,,
609,d9e3eea8e6d3dd7b264cea4196ebbfed,9009c28128737f7948fb54beb932f446c0ce27d5cbdefb4938dce83226ac7abd,2026-08-24T23:43:04.090365+00:00,TADP-SEC/14.0,CLIENT_ACCEPTED_SUBMISSION,T4_SAMK_TADP,,,,client_001,,,,,,,,,,,2.3-phase1-fixed-threshold-critical-floor-review-profile,e910eb11d46f5a33a9f6a7d996c6c242f2a4caa089255874076d8ae12155dc94,2e5e1ea61ea1c71b07c235b309bb618daac98643cb3c0843acb266cd6b876512,cd72ec3b4911418e9899eae9aed63fa15aaf66633d0cb863f54d9ac8508d934e,833c0f503995ec3e68f8d11c30f392b1e756db044036faa02ce898eac71d1c91,VALIDATED_EVIDENCE_BUNDLE,,,,,,,,,,,,,,,,,,,,,,,,UPDATE_SUBMITTED_ENFORCED,,False,NOT_REQUIRED_AUTOMATED_POLICY,False,,,,,,,,,,,,,C4_RESTRICTED,4,,,,,,,,6401d449cad49398af2f5e4da9bd6c0fbdde3a2a57f8a422907de7f0354cd145,71adf2c7741ed63f779fe8cebf9b4d1363fd18da1c5a49e39f32ec63cb8262f2,,,2026-08-25T22:32:04.883782+00:00,aba62810e86b5472ca90a0486c95c4c3,,,,,739b871848cc508562a87bc8e0893415edf1eb501dc1e7d1b6cd897a3aea59f1,5f0b37b6c13e6c3692f1840155171bb867fc38a0f7a7869a8492385c28e7fc4b,,,2026-08-25T23:19:30.914243+00:00,75d46ecd684a2dc4b6a8e27daff7fed8db3fae5cae653b9ddb3099795df8cd6c,active,,,2,ACCEPTED,ALL_BASELINE_CONTROLS,,,,True,True,True,True,True,False,oJkiyKunnl7IJ5FlWeaDtmefP4EPwByB5JjzKRULlJc=,4e5f145d556c92a1306ba84e06fb7a4b891a4b67afeb8848b692e6c1d33d0a02,LVS6iX3xyk+AW89N8K7wd5i2P+GtpUmTpzID/3W7LU4=,68b795a1d7b786a8f15f5ae6c90dedfa6762fffb45d72871019f4e5720a68541,dW9+V7f6VPXYj/gs46hlvjWCoqEexm57djkR98IGL6g=,d2de0eecb364b6ad6dfd68c57fbb2b61edd7f408c047202d5ab95910a24e2627,,,,,,,,,,,,,,,,,bce92cf678904b626b2336faf3f5613b97c81b5734109135c509735eba1d271f,audit_trails/artifacts/accepted_runtime_submissions/T4_SAMK_TADP_client_001_r2_4e5f145d556c92a1__bce92cf678904b62.json,,,,,,,,,,,,,51ac9d0b4a038bb8206f9507a4029e4e8629c9f05b86fd99c40eb2c7166b7c78,7f6a9dc8ab8f23e273e5b66b484962869e264456a6fc1c457c712d4ab217ac1f,,
610,17f319c0de5e1991b791f30a59b6ceb5,9009c28128737f7948fb54beb932f446c0ce27d5cbdefb4938dce83226ac7abd,2026-08-24T23:44:30.488940+00:00,TADP-SEC/14.0,CLIENT_CIPHERTEXT_BINDING,T4_SAMK_TADP,,,,client_001,,,,,,,,,,,,,,,,,,,,,,,,,,,,,,,,,,,,,,,,CIPHERTEXT_BOUND_TO_SIGNED_UPDATE,,,,,,,,,,,,,,,,,C4_RESTRICTED,4,,,,,,,,,,,,,aba62810e86b5472ca90a0486c95c4c3,,,,,,,,,,,,,,2,VERIFIED,,,,,True,,,,,False,oJkiyKunnl7IJ5FlWeaDtmefP4EPwByB5JjzKRULlJc=,4e5f145d556c92a1306ba84e06fb7a4b891a4b67afeb8848b692e6c1d33d0a02,LVS6iX3xyk+AW89N8K7wd5i2P+GtpUmTpzID/3W7LU4=,8cadf7a47940d3e39814b21bd18f339d3dbca964632be206646a2b68ddc6e93f,dW9+V7f6VPXYj/gs46hlvjWCoqEexm57djkR98IGL6g=,d2de0eecb364b6ad6dfd68c57fbb2b61edd7f408c047202d5ab95910a24e2627,T4: SAMK multi-key BFV update protection + Paillier-protected helper points,reference_python,SAMK|BFV_N=2048|q_bits=54|t=16777213|fixed_point_scale=1000000|Paillier_prime_bits=1536,client:client_001,,,,,,,,,87a272d4ad7c1de13f0973c8e515fd1bfe4f63169c168f63b138e6f4f838e3e7,,c1e7d067f0b5e184e4f8ae70208fb56e712b748b1b1ffa6aea1fa0e854827ce1,audit_trails/artifacts/ciphertext_attestations/T4_SAMK_TADP_client_001_r2_c59ac928c797dcdf__c1e7d067f0b5e184.json,,,,,,,,,,,,,,,7f6a9dc8ab8f23e273e5b66b484962869e264456a6fc1c457c712d4ab217ac1f,e68b65a9247d472929c9cf5622d9472522f18b98671905059dc75ba5e25e1057,,
611,cffacb2da35a0998035aa24cdfc46978,9009c28128737f7948fb54beb932f446c0ce27d5cbdefb4938dce83226ac7abd,2026-08-25T00:02:06.569494+00:00,TADP-SEC/14.0,CLIENT_ACCEPTED_SUBMISSION,T4_SAMK_TADP,,,,client_001,,,,,,,,,,,2.3-phase1-fixed-threshold-critical-floor-review-profile,e910eb11d46f5a33a9f6a7d996c6c242f2a4caa089255874076d8ae12155dc94,2e5e1ea61ea1c71b07c235b309bb618daac98643cb3c0843acb266cd6b876512,cd72ec3b4911418e9899eae9aed63fa15aaf66633d0cb863f54d9ac8508d934e,833c0f503995ec3e68f8d11c30f392b1e756db044036faa02ce898eac71d1c91,VALIDATED_EVIDENCE_BUNDLE,,,,,,,,,,,,,,,,,,,,,,,,UPDATE_SUBMITTED_ENFORCED,,False,NOT_REQUIRED_AUTOMATED_POLICY,False,,,,,,,,,,,,,C4_RESTRICTED,4,,,,,,,,6401d449cad49398af2f5e4da9bd6c0fbdde3a2a57f8a422907de7f0354cd145,71adf2c7741ed63f779fe8cebf9b4d1363fd18da1c5a49e39f32ec63cb8262f2,,,2026-08-25T22:32:04.883782+00:00,aba62810e86b5472ca90a0486c95c4c3,,,,,739b871848cc508562a87bc8e0893415edf1eb501dc1e7d1b6cd897a3aea59f1,5f0b37b6c13e6c3692f1840155171bb867fc38a0f7a7869a8492385c28e7fc4b,,,2026-08-25T23:19:30.914243+00:00,75d46ecd684a2dc4b6a8e27daff7fed8db3fae5cae653b9ddb3099795df8cd6c,active,,,3,ACCEPTED,ALL_BASELINE_CONTROLS,,,,True,True,True,True,True,False,yRnZ3c3Gv1qN/Fq5Dhrgkk0nm/WYs986fny15P70bO0=,0199f2b33921668843a1e724a2f02689993dededd1bcbea1cb741f3786670db8,LVS6iX3xyk+AW89N8K7wd5i2P+GtpUmTpzID/3W7LU4=,6b85cb4073422e8f8e7c4f3c2ec07c9168d3448173944bc0d867cfbdfe5e0ec8,/83iY/FIkHOahnr2abLLILo8Tb3VvcwB1p/6ntSBVWc=,d2de0eecb364b6ad6dfd68c57fbb2b61edd7f408c047202d5ab95910a24e2627,,,,,,,,,,,,,,,,,6a459de3cc2acc37fd04a26e651fd886e2a054dafe4e60d53b6601816a14e641,audit_trails/artifacts/accepted_runtime_submissions/T4_SAMK_TADP_client_001_r3_0199f2b339216688__6a459de3cc2acc37.json,,,,,,,,,,,,,e68b65a9247d472929c9cf5622d9472522f18b98671905059dc75ba5e25e1057,6820dd667e254ba0a699f2d733d3bd55218d7c5f9d404c8b89f682793b3a9d79,,
612,1bbf5c4656bf8372300c8c047b518f1e,9009c28128737f7948fb54beb932f446c0ce27d5cbdefb4938dce83226ac7abd,2026-08-25T00:03:33.281756+00:00,TADP-SEC/14.0,CLIENT_CIPHERTEXT_BINDING,T4_SAMK_TADP,,,,client_001,,,,,,,,,,,,,,,,,,,,,,,,,,,,,,,,,,,,,,,,CIPHERTEXT_BOUND_TO_SIGNED_UPDATE,,,,,,,,,,,,,,,,,C4_RESTRICTED,4,,,,,,,,,,,,,aba62810e86b5472ca90a0486c95c4c3,,,,,,,,,,,,,,3,VERIFIED,,,,,True,,,,,False,yRnZ3c3Gv1qN/Fq5Dhrgkk0nm/WYs986fny15P70bO0=,0199f2b33921668843a1e724a2f02689993dededd1bcbea1cb741f3786670db8,LVS6iX3xyk+AW89N8K7wd5i2P+GtpUmTpzID/3W7LU4=,bf4c398b89cbea7d15e13a1194a74d5d1e705c21e7c00a263571bddf133e7f26,/83iY/FIkHOahnr2abLLILo8Tb3VvcwB1p/6ntSBVWc=,d2de0eecb364b6ad6dfd68c57fbb2b61edd7f408c047202d5ab95910a24e2627,T4: SAMK multi-key BFV update protection + Paillier-protected helper points,reference_python,SAMK|BFV_N=2048|q_bits=54|t=16777213|fixed_point_scale=1000000|Paillier_prime_bits=1536,client:client_001,,,,,,,,,1bf48ad8ef0ba0dff1f6c90654e99d8f5af603a6e5068aa82ad5e8fd892f6ac8,,ae8226e7aa57e3e174dd2cd7811dc78380fbfca347f6af82a57931ec95de5e40,audit_trails/artifacts/ciphertext_attestations/T4_SAMK_TADP_client_001_r3_27b8bb867e81b197__ae8226e7aa57e3e1.json,,,,,,,,,,,,,,,6820dd667e254ba0a699f2d733d3bd55218d7c5f9d404c8b89f682793b3a9d79,4a57481a136c114f8e767fab5210b00a687bdb556074671945ea8e9232d8ff52,,
613,5b824f2def5fada1da8c101e8b873d88,9009c28128737f7948fb54beb932f446c0ce27d5cbdefb4938dce83226ac7abd,2026-08-25T00:23:08.613853+00:00,TADP-SEC/14.0,CLIENT_ACCEPTED_SUBMISSION,T4_SAMK_TADP,,,,client_001,,,,,,,,,,,2.3-phase1-fixed-threshold-critical-floor-review-profile,e910eb11d46f5a33a9f6a7d996c6c242f2a4caa089255874076d8ae12155dc94,2e5e1ea61ea1c71b07c235b309bb618daac98643cb3c0843acb266cd6b876512,cd72ec3b4911418e9899eae9aed63fa15aaf66633d0cb863f54d9ac8508d934e,833c0f503995ec3e68f8d11c30f392b1e756db044036faa02ce898eac71d1c91,VALIDATED_EVIDENCE_BUNDLE,,,,,,,,,,,,,,,,,,,,,,,,UPDATE_SUBMITTED_ENFORCED,,False,NOT_REQUIRED_AUTOMATED_POLICY,False,,,,,,,,,,,,,C4_RESTRICTED,4,,,,,,,,6401d449cad49398af2f5e4da9bd6c0fbdde3a2a57f8a422907de7f0354cd145,71adf2c7741ed63f779fe8cebf9b4d1363fd18da1c5a49e39f32ec63cb8262f2,,,2026-08-25T22:32:04.883782+00:00,4ad68dbdae68d00e3aa63520e36e160f,,,,,f9879cbae090063cb5561d90157b5ea9234fbd0caa9a466c85591cc2082b2126,c90856e0c1829b432ddf5042918380598f94d04ab9786cb4980b228c3a6f562a,,,2026-08-26T00:19:46.218889+00:00,75d46ecd684a2dc4b6a8e27daff7fed8db3fae5cae653b9ddb3099795df8cd6c,active,,,1,ACCEPTED,ALL_BASELINE_CONTROLS,,,,True,True,True,True,True,False,RtEKXFvj5XAGtdGkX6ZOnLHv72lqPzX0FJ7c9Q98PoY=,61dc2248597e7bf69476b2f20ce6fdcd40505f52813552f3945ee6aec3c59578,LVS6iX3xyk+AW89N8K7wd5i2P+GtpUmTpzID/3W7LU4=,0a11675084e868fc947e3d07566d8384e5fa9d8c6e9f99795abff2460f446ca2,53hSeE1MC452bqLUvMLnrgvKo3CLPNZjslJV1SBeLPk=,d2de0eecb364b6ad6dfd68c57fbb2b61edd7f408c047202d5ab95910a24e2627,,,,,,,,,,,,,,,,,e63c4999db6d990daf1ae5c7c2631af4f7c4bf9d939eb2e8ef2f72ada05547a3,audit_trails/artifacts/accepted_runtime_submissions/T4_SAMK_TADP_client_001_r1_61dc2248597e7bf6__e63c4999db6d990d.json,,,,,,,,,,,,,4a57481a136c114f8e767fab5210b00a687bdb556074671945ea8e9232d8ff52,af268c00c99728b8d059815774068e1b7c241caf7ac2084703385c15bf01fab4,,
614,ec0ad92b25507495a4b2ecfd03655c8c,9009c28128737f7948fb54beb932f446c0ce27d5cbdefb4938dce83226ac7abd,2026-08-25T00:24:35.283775+00:00,TADP-SEC/14.0,CLIENT_CIPHERTEXT_BINDING,T4_SAMK_TADP,,,,client_001,,,,,,,,,,,,,,,,,,,,,,,,,,,,,,,,,,,,,,,,CIPHERTEXT_BOUND_TO_SIGNED_UPDATE,,,,,,,,,,,,,,,,,C4_RESTRICTED,4,,,,,,,,,,,,,4ad68dbdae68d00e3aa63520e36e160f,,,,,,,,,,,,,,1,VERIFIED,,,,,True,,,,,False,RtEKXFvj5XAGtdGkX6ZOnLHv72lqPzX0FJ7c9Q98PoY=,61dc2248597e7bf69476b2f20ce6fdcd40505f52813552f3945ee6aec3c59578,LVS6iX3xyk+AW89N8K7wd5i2P+GtpUmTpzID/3W7LU4=,92f58fbbfa3a88d7e07bda7d9f78c3432b38ca33d9a9386a0aeba07c4d919f2b,53hSeE1MC452bqLUvMLnrgvKo3CLPNZjslJV1SBeLPk=,d2de0eecb364b6ad6dfd68c57fbb2b61edd7f408c047202d5ab95910a24e2627,T4: SAMK multi-key BFV update protection + Paillier-protected helper points,reference_python,SAMK|BFV_N=2048|q_bits=54|t=16777213|fixed_point_scale=1000000|Paillier_prime_bits=1536,client:client_001,,,,,,,,,42d80ab6c893b560a44847013b08b6d774b99785232c555a11279e11c7f79a4c,,909b0fd3ac486845fbda5ead2625470cc67262ca52b99bcc9111d9fd2ec8cf77,audit_trails/artifacts/ciphertext_attestations/T4_SAMK_TADP_client_001_r1_1f0dfe53a4a1cd34__909b0fd3ac486845.json,,,,,,,,,,,,,,,af268c00c99728b8d059815774068e1b7c241caf7ac2084703385c15bf01fab4,365aad4f008af5fffa95acdfe1e7bb6a6a702fb31d025003e440856550b56ec4,,
615,77e1bd0832a78e63789a79f58d6fe867,9009c28128737f7948fb54beb932f446c0ce27d5cbdefb4938dce83226ac7abd,2026-08-25T00:42:13.849890+00:00,TADP-SEC/14.0,CLIENT_ACCEPTED_SUBMISSION,T4_SAMK_TADP,,,,client_001,,,,,,,,,,,2.3-phase1-fixed-threshold-critical-floor-review-profile,e910eb11d46f5a33a9f6a7d996c6c242f2a4caa089255874076d8ae12155dc94,2e5e1ea61ea1c71b07c235b309bb618daac98643cb3c0843acb266cd6b876512,cd72ec3b4911418e9899eae9aed63fa15aaf66633d0cb863f54d9ac8508d934e,833c0f503995ec3e68f8d11c30f392b1e756db044036faa02ce898eac71d1c91,VALIDATED_EVIDENCE_BUNDLE,,,,,,,,,,,,,,,,,,,,,,,,UPDATE_SUBMITTED_ENFORCED,,False,NOT_REQUIRED_AUTOMATED_POLICY,False,,,,,,,,,,,,,C4_RESTRICTED,4,,,,,,,,6401d449cad49398af2f5e4da9bd6c0fbdde3a2a57f8a422907de7f0354cd145,71adf2c7741ed63f779fe8cebf9b4d1363fd18da1c5a49e39f32ec63cb8262f2,,,2026-08-25T22:32:04.883782+00:00,4ad68dbdae68d00e3aa63520e36e160f,,,,,f9879cbae090063cb5561d90157b5ea9234fbd0caa9a466c85591cc2082b2126,c90856e0c1829b432ddf5042918380598f94d04ab9786cb4980b228c3a6f562a,,,2026-08-26T00:19:46.218889+00:00,75d46ecd684a2dc4b6a8e27daff7fed8db3fae5cae653b9ddb3099795df8cd6c,active,,,2,ACCEPTED,ALL_BASELINE_CONTROLS,,,,True,True,True,True,True,False,B3vAf5fmLpl14rhhL8TitFcmA1Tean0LAYf755uanyE=,de5f654aca8ee4cabc777081bdae81a7c310c5e45f3ce1a1f5af688c8659e999,LVS6iX3xyk+AW89N8K7wd5i2P+GtpUmTpzID/3W7LU4=,2f211d5a1d0ae57fd7f990e2f45246eb43abcb917ba123ef9b307521940bdf23,/wFlNcHIooyx05u59tEIerreRcz2EnzJBCxS007gIa8=,d2de0eecb364b6ad6dfd68c57fbb2b61edd7f408c047202d5ab95910a24e2627,,,,,,,,,,,,,,,,,f712b2053602693416f0069b7c42539cb0134aa9cd405db8339255fcecd8d978,audit_trails/artifacts/accepted_runtime_submissions/T4_SAMK_TADP_client_001_r2_de5f654aca8ee4ca__f712b20536026934.json,,,,,,,,,,,,,365aad4f008af5fffa95acdfe1e7bb6a6a702fb31d025003e440856550b56ec4,dbf1c81b00a0fee0f01115fdb4c319e0ec52750542be1324a198c1567ce810ae,,
616,7ba3ee6e0347f6af8aecf6f0eaee8e40,9009c28128737f7948fb54beb932f446c0ce27d5cbdefb4938dce83226ac7abd,2026-08-25T00:43:40.424625+00:00,TADP-SEC/14.0,CLIENT_CIPHERTEXT_BINDING,T4_SAMK_TADP,,,,client_001,,,,,,,,,,,,,,,,,,,,,,,,,,,,,,,,,,,,,,,,CIPHERTEXT_BOUND_TO_SIGNED_UPDATE,,,,,,,,,,,,,,,,,C4_RESTRICTED,4,,,,,,,,,,,,,4ad68dbdae68d00e3aa63520e36e160f,,,,,,,,,,,,,,2,VERIFIED,,,,,True,,,,,False,B3vAf5fmLpl14rhhL8TitFcmA1Tean0LAYf755uanyE=,de5f654aca8ee4cabc777081bdae81a7c310c5e45f3ce1a1f5af688c8659e999,LVS6iX3xyk+AW89N8K7wd5i2P+GtpUmTpzID/3W7LU4=,6d0b9b1cf511f456c795cc3cf110dfbdfadbc5c33f2d68e98f008776b6da5f8e,/wFlNcHIooyx05u59tEIerreRcz2EnzJBCxS007gIa8=,d2de0eecb364b6ad6dfd68c57fbb2b61edd7f408c047202d5ab95910a24e2627,T4: SAMK multi-key BFV update protection + Paillier-protected helper points,reference_python,SAMK|BFV_N=2048|q_bits=54|t=16777213|fixed_point_scale=1000000|Paillier_prime_bits=1536,client:client_001,,,,,,,,,c350c74f05651b0a15ecedeec0c98b21c5f5b090539b68da97d44c4ed8861333,,79fce511eb55ec3ca85173771958b7e120ad6044ec2925c72b5efa42887b30a4,audit_trails/artifacts/ciphertext_attestations/T4_SAMK_TADP_client_001_r2_b6bda677586d8d12__79fce511eb55ec3c.json,,,,,,,,,,,,,,,dbf1c81b00a0fee0f01115fdb4c319e0ec52750542be1324a198c1567ce810ae,6fb17e93fea02d572c3b26e8aa10552171c266d3f33a5edcc43f61db465e118d,,
617,b71e57b886bc5972b7ba87d4f9c3ccdc,9009c28128737f7948fb54beb932f446c0ce27d5cbdefb4938dce83226ac7abd,2026-08-25T01:01:21.275251+00:00,TADP-SEC/14.0,CLIENT_ACCEPTED_SUBMISSION,T4_SAMK_TADP,,,,client_001,,,,,,,,,,,2.3-phase1-fixed-threshold-critical-floor-review-profile,e910eb11d46f5a33a9f6a7d996c6c242f2a4caa089255874076d8ae12155dc94,2e5e1ea61ea1c71b07c235b309bb618daac98643cb3c0843acb266cd6b876512,cd72ec3b4911418e9899eae9aed63fa15aaf66633d0cb863f54d9ac8508d934e,833c0f503995ec3e68f8d11c30f392b1e756db044036faa02ce898eac71d1c91,VALIDATED_EVIDENCE_BUNDLE,,,,,,,,,,,,,,,,,,,,,,,,UPDATE_SUBMITTED_ENFORCED,,False,NOT_REQUIRED_AUTOMATED_POLICY,False,,,,,,,,,,,,,C4_RESTRICTED,4,,,,,,,,6401d449cad49398af2f5e4da9bd6c0fbdde3a2a57f8a422907de7f0354cd145,71adf2c7741ed63f779fe8cebf9b4d1363fd18da1c5a49e39f32ec63cb8262f2,,,2026-08-25T22:32:04.883782+00:00,4ad68dbdae68d00e3aa63520e36e160f,,,,,f9879cbae090063cb5561d90157b5ea9234fbd0caa9a466c85591cc2082b2126,c90856e0c1829b432ddf5042918380598f94d04ab9786cb4980b228c3a6f562a,,,2026-08-26T00:19:46.218889+00:00,75d46ecd684a2dc4b6a8e27daff7fed8db3fae5cae653b9ddb3099795df8cd6c,active,,,3,ACCEPTED,ALL_BASELINE_CONTROLS,,,,True,True,True,True,True,False,UitjvBwodIVZ/IRhIKAn+Bpulp5E303QdKqiV3Nxa5M=,7319307d0298cc8b01dd0e176e01d73853afc4c593c594f3ddfa5e8c2ab62f94,LVS6iX3xyk+AW89N8K7wd5i2P+GtpUmTpzID/3W7LU4=,fb6f83de11864de57390ae93f8b009f38a148cc3c6c63c8ad2f30a438a0fd6e2,D78s4VXw/XMZqHH5+aDjFmUU3UqjhmBE8rCYSc0pviE=,d2de0eecb364b6ad6dfd68c57fbb2b61edd7f408c047202d5ab95910a24e2627,,,,,,,,,,,,,,,,,7f3ca56b9c525025a741e96b939c537e192bf4cbc67607cc41fccd25715625ee,audit_trails/artifacts/accepted_runtime_submissions/T4_SAMK_TADP_client_001_r3_7319307d0298cc8b__7f3ca56b9c525025.json,,,,,,,,,,,,,6fb17e93fea02d572c3b26e8aa10552171c266d3f33a5edcc43f61db465e118d,3b3eef2ca3a426656a250d2a2a4591f621a3a8ccd7622bc680fb63e908857508,,
618,8efd6812e93f81eabda7673f5be2d93f,9009c28128737f7948fb54beb932f446c0ce27d5cbdefb4938dce83226ac7abd,2026-08-25T01:02:47.817881+00:00,TADP-SEC/14.0,CLIENT_CIPHERTEXT_BINDING,T4_SAMK_TADP,,,,client_001,,,,,,,,,,,,,,,,,,,,,,,,,,,,,,,,,,,,,,,,CIPHERTEXT_BOUND_TO_SIGNED_UPDATE,,,,,,,,,,,,,,,,,C4_RESTRICTED,4,,,,,,,,,,,,,4ad68dbdae68d00e3aa63520e36e160f,,,,,,,,,,,,,,3,VERIFIED,,,,,True,,,,,False,UitjvBwodIVZ/IRhIKAn+Bpulp5E303QdKqiV3Nxa5M=,7319307d0298cc8b01dd0e176e01d73853afc4c593c594f3ddfa5e8c2ab62f94,LVS6iX3xyk+AW89N8K7wd5i2P+GtpUmTpzID/3W7LU4=,c52367dbb37d944dc7ae3d722712d5cb1b9596dc36816728ceb9f982c294c4f9,D78s4VXw/XMZqHH5+aDjFmUU3UqjhmBE8rCYSc0pviE=,d2de0eecb364b6ad6dfd68c57fbb2b61edd7f408c047202d5ab95910a24e2627,T4: SAMK multi-key BFV update protection + Paillier-protected helper points,reference_python,SAMK|BFV_N=2048|q_bits=54|t=16777213|fixed_point_scale=1000000|Paillier_prime_bits=1536,client:client_001,,,,,,,,,10a9f71dfb759af666a44a5e00bf3280f623d76b431715c4530798e259c53cf4,,c79399e93f4e144fc1351b925c1aaaeae79127f4bbb168780e58baa84be9570f,audit_trails/artifacts/ciphertext_attestations/T4_SAMK_TADP_client_001_r3_0b124c45300a5ddd__c79399e93f4e144f.json,,,,,,,,,,,,,,,3b3eef2ca3a426656a250d2a2a4591f621a3a8ccd7622bc680fb63e908857508,71641f351efea24acedb839c4d9ccfb809a3f6c55d126a1dc2874a103c66a21c,,
619,78903aebcf60aa8938b4dddd49deab35,9009c28128737f7948fb54beb932f446c0ce27d5cbdefb4938dce83226ac7abd,2026-08-25T01:22:17.811364+00:00,TADP-SEC/14.0,CLIENT_ACCEPTED_SUBMISSION,T4_SAMK_TADP,,,,client_001,,,,,,,,,,,2.3-phase1-fixed-threshold-critical-floor-review-profile,e910eb11d46f5a33a9f6a7d996c6c242f2a4caa089255874076d8ae12155dc94,2e5e1ea61ea1c71b07c235b309bb618daac98643cb3c0843acb266cd6b876512,cd72ec3b4911418e9899eae9aed63fa15aaf66633d0cb863f54d9ac8508d934e,833c0f503995ec3e68f8d11c30f392b1e756db044036faa02ce898eac71d1c91,VALIDATED_EVIDENCE_BUNDLE,,,,,,,,,,,,,,,,,,,,,,,,UPDATE_SUBMITTED_ENFORCED,,False,NOT_REQUIRED_AUTOMATED_POLICY,False,,,,,,,,,,,,,C4_RESTRICTED,4,,,,,,,,6401d449cad49398af2f5e4da9bd6c0fbdde3a2a57f8a422907de7f0354cd145,71adf2c7741ed63f779fe8cebf9b4d1363fd18da1c5a49e39f32ec63cb8262f2,,,2026-08-25T22:32:04.883782+00:00,76fcd2402a825674fe9817919e9548b1,,,,,14a2f2718cec612bb95fe4bc432181381c28f5fb0e047053688792251d3a1537,4ca4bf4720302eb52819a820a759ef32a2cc13494bbfff68c9a53db9464bfb38,,,2026-08-26T01:19:00.791171+00:00,75d46ecd684a2dc4b6a8e27daff7fed8db3fae5cae653b9ddb3099795df8cd6c,active,,,1,ACCEPTED,ALL_BASELINE_CONTROLS,,,,True,True,True,True,True,False,XIgD5woYGPfAfaxKYfj7upO5zUOeqedJHy8+I3SV1Ws=,88152a21e62bcad3bc8393e6d12891676413068d7ffc5db7235b88aa0660af32,LVS6iX3xyk+AW89N8K7wd5i2P+GtpUmTpzID/3W7LU4=,e5159c651662f29d197930923f588f7da0c45cc99509e6819cf0214d1690dddc,qWGt2rkifN8o8SXwRi1McC0dFoBq5azkZ2R1+pa5fD8=,d2de0eecb364b6ad6dfd68c57fbb2b61edd7f408c047202d5ab95910a24e2627,,,,,,,,,,,,,,,,,4111570c782d93a5ac616f996b24989267cf99beaca9df49c726d6c4ccfd0686,audit_trails/artifacts/accepted_runtime_submissions/T4_SAMK_TADP_client_001_r1_88152a21e62bcad3__4111570c782d93a5.json,,,,,,,,,,,,,71641f351efea24acedb839c4d9ccfb809a3f6c55d126a1dc2874a103c66a21c,adfd6d9aca5edb1a138e039f04b74a2ad12c5a0254a4230ca56d0c3b3e851715,,
620,dd50b9e6ecadcde99fc8115575106bfd,9009c28128737f7948fb54beb932f446c0ce27d5cbdefb4938dce83226ac7abd,2026-08-25T01:23:44.980768+00:00,TADP-SEC/14.0,CLIENT_CIPHERTEXT_BINDING,T4_SAMK_TADP,,,,client_001,,,,,,,,,,,,,,,,,,,,,,,,,,,,,,,,,,,,,,,,CIPHERTEXT_BOUND_TO_SIGNED_UPDATE,,,,,,,,,,,,,,,,,C4_RESTRICTED,4,,,,,,,,,,,,,76fcd2402a825674fe9817919e9548b1,,,,,,,,,,,,,,1,VERIFIED,,,,,True,,,,,False,XIgD5woYGPfAfaxKYfj7upO5zUOeqedJHy8+I3SV1Ws=,88152a21e62bcad3bc8393e6d12891676413068d7ffc5db7235b88aa0660af32,LVS6iX3xyk+AW89N8K7wd5i2P+GtpUmTpzID/3W7LU4=,79861d1663c93712379360c4132f9180dd733edeafc29d76dbe3ceef6afc9e2a,qWGt2rkifN8o8SXwRi1McC0dFoBq5azkZ2R1+pa5fD8=,d2de0eecb364b6ad6dfd68c57fbb2b61edd7f408c047202d5ab95910a24e2627,T4: SAMK multi-key BFV update protection + Paillier-protected helper points,reference_python,SAMK|BFV_N=2048|q_bits=54|t=16777213|fixed_point_scale=1000000|Paillier_prime_bits=1536,client:client_001,,,,,,,,,f0ddd18b3a0d4b4959b65b007e38d58bc6dd349e2f6c8eb652474e80eb33d306,,11bfabed35fe56deb4870ebd2d49491a37f7ddce91ab69c97fd3bf7307995012,audit_trails/artifacts/ciphertext_attestations/T4_SAMK_TADP_client_001_r1_fbd92d3e80f1b258__11bfabed35fe56de.json,,,,,,,,,,,,,,,adfd6d9aca5edb1a138e039f04b74a2ad12c5a0254a4230ca56d0c3b3e851715,20f26097d7c322fc3779ee6a10f903b48db6108bb51e712d4ebc06bf807a1f8d,,
621,a3d8c17f9f4ca4eb8735dd0567b83bfd,9009c28128737f7948fb54beb932f446c0ce27d5cbdefb4938dce83226ac7abd,2026-08-25T01:41:26.491263+00:00,TADP-SEC/14.0,CLIENT_ACCEPTED_SUBMISSION,T4_SAMK_TADP,,,,client_001,,,,,,,,,,,2.3-phase1-fixed-threshold-critical-floor-review-profile,e910eb11d46f5a33a9f6a7d996c6c242f2a4caa089255874076d8ae12155dc94,2e5e1ea61ea1c71b07c235b309bb618daac98643cb3c0843acb266cd6b876512,cd72ec3b4911418e9899eae9aed63fa15aaf66633d0cb863f54d9ac8508d934e,833c0f503995ec3e68f8d11c30f392b1e756db044036faa02ce898eac71d1c91,VALIDATED_EVIDENCE_BUNDLE,,,,,,,,,,,,,,,,,,,,,,,,UPDATE_SUBMITTED_ENFORCED,,False,NOT_REQUIRED_AUTOMATED_POLICY,False,,,,,,,,,,,,,C4_RESTRICTED,4,,,,,,,,6401d449cad49398af2f5e4da9bd6c0fbdde3a2a57f8a422907de7f0354cd145,71adf2c7741ed63f779fe8cebf9b4d1363fd18da1c5a49e39f32ec63cb8262f2,,,2026-08-25T22:32:04.883782+00:00,76fcd2402a825674fe9817919e9548b1,,,,,14a2f2718cec612bb95fe4bc432181381c28f5fb0e047053688792251d3a1537,4ca4bf4720302eb52819a820a759ef32a2cc13494bbfff68c9a53db9464bfb38,,,2026-08-26T01:19:00.791171+00:00,75d46ecd684a2dc4b6a8e27daff7fed8db3fae5cae653b9ddb3099795df8cd6c,active,,,2,ACCEPTED,ALL_BASELINE_CONTROLS,,,,True,True,True,True,True,False,qJHOOkeaC36GaiIGuibS6e4Ql0nzPvPdguu2Pk2YwrA=,db62f9db4a99d845328b5e02095898b108b1f727a6084a0c5c958311223e0974,LVS6iX3xyk+AW89N8K7wd5i2P+GtpUmTpzID/3W7LU4=,39b370a691fe75d52f57fb24c6533cdeec3c277335245758028e4e5a7b8c236c,VAi9BhP9FF2maNkKuf/0tGYV6Uwna8QSPsy3CvisqPU=,d2de0eecb364b6ad6dfd68c57fbb2b61edd7f408c047202d5ab95910a24e2627,,,,,,,,,,,,,,,,,a32ff7fd30c85be98a5f136d7edfbd2c0986ac2a57ff3fd37060108e55dbe74f,audit_trails/artifacts/accepted_runtime_submissions/T4_SAMK_TADP_client_001_r2_db62f9db4a99d845__a32ff7fd30c85be9.json,,,,,,,,,,,,,20f26097d7c322fc3779ee6a10f903b48db6108bb51e712d4ebc06bf807a1f8d,6e4cd494da73974b3e3c233cbc379df01cd2df4bdf5aafe5c1ddda757532c4c5,,
622,c53843b17468fcd5dad7b5a11b028137,9009c28128737f7948fb54beb932f446c0ce27d5cbdefb4938dce83226ac7abd,2026-08-25T01:42:53.223852+00:00,TADP-SEC/14.0,CLIENT_CIPHERTEXT_BINDING,T4_SAMK_TADP,,,,client_001,,,,,,,,,,,,,,,,,,,,,,,,,,,,,,,,,,,,,,,,CIPHERTEXT_BOUND_TO_SIGNED_UPDATE,,,,,,,,,,,,,,,,,C4_RESTRICTED,4,,,,,,,,,,,,,76fcd2402a825674fe9817919e9548b1,,,,,,,,,,,,,,2,VERIFIED,,,,,True,,,,,False,qJHOOkeaC36GaiIGuibS6e4Ql0nzPvPdguu2Pk2YwrA=,db62f9db4a99d845328b5e02095898b108b1f727a6084a0c5c958311223e0974,LVS6iX3xyk+AW89N8K7wd5i2P+GtpUmTpzID/3W7LU4=,f3979249b0ea43f79747b38f39468ece3af55208cc9d45bcd28de1f2f6cdb633,VAi9BhP9FF2maNkKuf/0tGYV6Uwna8QSPsy3CvisqPU=,d2de0eecb364b6ad6dfd68c57fbb2b61edd7f408c047202d5ab95910a24e2627,T4: SAMK multi-key BFV update protection + Paillier-protected helper points,reference_python,SAMK|BFV_N=2048|q_bits=54|t=16777213|fixed_point_scale=1000000|Paillier_prime_bits=1536,client:client_001,,,,,,,,,3e8b5603adb30990c77687d825316a9174faa0cb12f419b5de82725f69438f31,,fbae70f8900de7874c20b84d51355a82552ad0a113b354cd18b86ecc68ccc561,audit_trails/artifacts/ciphertext_attestations/T4_SAMK_TADP_client_001_r2_bc7173cea736b0a8__fbae70f8900de787.json,,,,,,,,,,,,,,,6e4cd494da73974b3e3c233cbc379df01cd2df4bdf5aafe5c1ddda757532c4c5,25a688acd574d5f629e0dae9c53bffa435032e19afed50bd3475c6b742e1886b,,
623,b3be240122d2cebf8b856135ad6d6f42,9009c28128737f7948fb54beb932f446c0ce27d5cbdefb4938dce83226ac7abd,2026-08-25T02:00:33.490232+00:00,TADP-SEC/14.0,CLIENT_ACCEPTED_SUBMISSION,T4_SAMK_TADP,,,,client_001,,,,,,,,,,,2.3-phase1-fixed-threshold-critical-floor-review-profile,e910eb11d46f5a33a9f6a7d996c6c242f2a4caa089255874076d8ae12155dc94,2e5e1ea61ea1c71b07c235b309bb618daac98643cb3c0843acb266cd6b876512,cd72ec3b4911418e9899eae9aed63fa15aaf66633d0cb863f54d9ac8508d934e,833c0f503995ec3e68f8d11c30f392b1e756db044036faa02ce898eac71d1c91,VALIDATED_EVIDENCE_BUNDLE,,,,,,,,,,,,,,,,,,,,,,,,UPDATE_SUBMITTED_ENFORCED,,False,NOT_REQUIRED_AUTOMATED_POLICY,False,,,,,,,,,,,,,C4_RESTRICTED,4,,,,,,,,6401d449cad49398af2f5e4da9bd6c0fbdde3a2a57f8a422907de7f0354cd145,71adf2c7741ed63f779fe8cebf9b4d1363fd18da1c5a49e39f32ec63cb8262f2,,,2026-08-25T22:32:04.883782+00:00,76fcd2402a825674fe9817919e9548b1,,,,,14a2f2718cec612bb95fe4bc432181381c28f5fb0e047053688792251d3a1537,4ca4bf4720302eb52819a820a759ef32a2cc13494bbfff68c9a53db9464bfb38,,,2026-08-26T01:19:00.791171+00:00,75d46ecd684a2dc4b6a8e27daff7fed8db3fae5cae653b9ddb3099795df8cd6c,active,,,3,ACCEPTED,ALL_BASELINE_CONTROLS,,,,True,True,True,True,True,False,M21dpZXhUAWGZyiYOw6mTXkpOEO/0P0lO4Jp40x/i98=,de677f102dc72117c4be72447f2039d867c86878c602a74d6a84bfb455d9464b,LVS6iX3xyk+AW89N8K7wd5i2P+GtpUmTpzID/3W7LU4=,0984096c09724c5ec830d0bfbc69bb14f335f9970cd6dae7e3f8d5ad397f2ef5,BMq30AsnjtzY+lxMc7bKSyTbJFCH7fM7tfizkZ3nuoY=,d2de0eecb364b6ad6dfd68c57fbb2b61edd7f408c047202d5ab95910a24e2627,,,,,,,,,,,,,,,,,115eb68e0cdf3b4bd443ae8e7103656ea343c98ec44cd34cb86d8c9aff44dd38,audit_trails/artifacts/accepted_runtime_submissions/T4_SAMK_TADP_client_001_r3_de677f102dc72117__115eb68e0cdf3b4b.json,,,,,,,,,,,,,25a688acd574d5f629e0dae9c53bffa435032e19afed50bd3475c6b742e1886b,f4f40cd9110eb6295686dd6eecd478aac885d2fca0651042a292b325d7ca3b4f,,
624,fbee76e7dd96cc209ff276ae54bb8f08,9009c28128737f7948fb54beb932f446c0ce27d5cbdefb4938dce83226ac7abd,2026-08-25T02:01:59.884867+00:00,TADP-SEC/14.0,CLIENT_CIPHERTEXT_BINDING,T4_SAMK_TADP,,,,client_001,,,,,,,,,,,,,,,,,,,,,,,,,,,,,,,,,,,,,,,,CIPHERTEXT_BOUND_TO_SIGNED_UPDATE,,,,,,,,,,,,,,,,,C4_RESTRICTED,4,,,,,,,,,,,,,76fcd2402a825674fe9817919e9548b1,,,,,,,,,,,,,,3,VERIFIED,,,,,True,,,,,False,M21dpZXhUAWGZyiYOw6mTXkpOEO/0P0lO4Jp40x/i98=,de677f102dc72117c4be72447f2039d867c86878c602a74d6a84bfb455d9464b,LVS6iX3xyk+AW89N8K7wd5i2P+GtpUmTpzID/3W7LU4=,8bdb779c91a87009111a4d6ba8c42995dcc0fd0dd18f631449a77aa61d33416f,BMq30AsnjtzY+lxMc7bKSyTbJFCH7fM7tfizkZ3nuoY=,d2de0eecb364b6ad6dfd68c57fbb2b61edd7f408c047202d5ab95910a24e2627,T4: SAMK multi-key BFV update protection + Paillier-protected helper points,reference_python,SAMK|BFV_N=2048|q_bits=54|t=16777213|fixed_point_scale=1000000|Paillier_prime_bits=1536,client:client_001,,,,,,,,,61deb15ce3a0e7ea1570d7a7957d24339690a70ab96ae9a3eca2f64e32b5cf60,,247dcaf773a4046fd6d468bd54aac9fb6e4d22b56c2d780a93dd4c99d706672b,audit_trails/artifacts/ciphertext_attestations/T4_SAMK_TADP_client_001_r3_da589d106810792b__247dcaf773a4046f.json,,,,,,,,,,,,,,,f4f40cd9110eb6295686dd6eecd478aac885d2fca0651042a292b325d7ca3b4f,79ff7e4f40c08659b841ea0887e6b363c725a6c24814145ede558659c0e6cc78,,
625,9f00618088a8936156d41c716c19d15a,9009c28128737f7948fb54beb932f446c0ce27d5cbdefb4938dce83226ac7abd,2026-08-25T02:20:23.793739+00:00,TADP-SEC/14.0,CLIENT_ACCEPTED_SUBMISSION,T4_TEST_DROPOUT,,,,client_001,,,,,,,,,,,2.3-phase1-fixed-threshold-critical-floor-review-profile,e910eb11d46f5a33a9f6a7d996c6c242f2a4caa089255874076d8ae12155dc94,2e5e1ea61ea1c71b07c235b309bb618daac98643cb3c0843acb266cd6b876512,cd72ec3b4911418e9899eae9aed63fa15aaf66633d0cb863f54d9ac8508d934e,833c0f503995ec3e68f8d11c30f392b1e756db044036faa02ce898eac71d1c91,VALIDATED_EVIDENCE_BUNDLE,,,,,,,,,,,,,,,,,,,,,,,,UPDATE_SUBMITTED_ENFORCED,,False,NOT_REQUIRED_AUTOMATED_POLICY,False,,,,,,,,,,,,,C4_RESTRICTED,4,,,,,,,,6401d449cad49398af2f5e4da9bd6c0fbdde3a2a57f8a422907de7f0354cd145,71adf2c7741ed63f779fe8cebf9b4d1363fd18da1c5a49e39f32ec63cb8262f2,,,2026-08-25T22:32:04.883782+00:00,7e39202501e5786ec91a8496adb6a1c5,,,,,e25a2e5db6e138b95b694b1cd294c4201df7e554a6e232651dd1950f3379bd99,a21e1d5e2309aa0d7e9d71a43b1a1e1514fe2624e811775a443ad23394a469ba,,,2026-08-26T02:18:14.495001+00:00,75d46ecd684a2dc4b6a8e27daff7fed8db3fae5cae653b9ddb3099795df8cd6c,active,,,1,ACCEPTED,ALL_BASELINE_CONTROLS,,,,True,True,True,True,True,False,/Xw5LOqgdbmUux3FoU5EBy5d9jmNjboOzDOu8GOqvOA=,d5d957c47f73fa1465a0bd98ab01d6e3a3e9b4fecc60c5501624e79e5b544a45,LVS6iX3xyk+AW89N8K7wd5i2P+GtpUmTpzID/3W7LU4=,72b0673daef706bc209d8720b015c888038c9b6bcffee02ade679c9459b07e25,MUKy9PXfefybJdPNavwdKZNHJzbHyDxO2GyrtojA/DA=,d2de0eecb364b6ad6dfd68c57fbb2b61edd7f408c047202d5ab95910a24e2627,,,,,,,,,,,,,,,,,2af220a60a48fb06efec4abb0e4b5a01e8f651c9a364b1a6a209a59473a9f0ac,audit_trails/artifacts/accepted_runtime_submissions/T4_TEST_DROPOUT_client_001_r1_d5d957c47f73fa14__2af220a60a48fb06.json,,,,,,,,,,,,,79ff7e4f40c08659b841ea0887e6b363c725a6c24814145ede558659c0e6cc78,132545418845bd6a9ff966b24f163d314fc26a63f62d06799b80cee9f6e7c209,,
626,3ed36435b7f487a572e15b15159f3180,9009c28128737f7948fb54beb932f446c0ce27d5cbdefb4938dce83226ac7abd,2026-08-25T02:21:51.160814+00:00,TADP-SEC/14.0,CLIENT_CIPHERTEXT_BINDING,T4_TEST_DROPOUT,,,,client_001,,,,,,,,,,,,,,,,,,,,,,,,,,,,,,,,,,,,,,,,CIPHERTEXT_BOUND_TO_SIGNED_UPDATE,,,,,,,,,,,,,,,,,C4_RESTRICTED,4,,,,,,,,,,,,,7e39202501e5786ec91a8496adb6a1c5,,,,,,,,,,,,,,1,VERIFIED,,,,,True,,,,,False,/Xw5LOqgdbmUux3FoU5EBy5d9jmNjboOzDOu8GOqvOA=,d5d957c47f73fa1465a0bd98ab01d6e3a3e9b4fecc60c5501624e79e5b544a45,LVS6iX3xyk+AW89N8K7wd5i2P+GtpUmTpzID/3W7LU4=,c927a4555d1c81fd6b2571f0e6e1881656ea312b91b92404e712c207f31aef18,MUKy9PXfefybJdPNavwdKZNHJzbHyDxO2GyrtojA/DA=,d2de0eecb364b6ad6dfd68c57fbb2b61edd7f408c047202d5ab95910a24e2627,T4: SAMK multi-key BFV update protection + Paillier-protected helper points,reference_python,SAMK|BFV_N=2048|q_bits=54|t=16777213|fixed_point_scale=1000000|Paillier_prime_bits=1536,client:client_001,,,,,,,,,ccc2907ce0708d2a3637558855e21bca59f971db5597b923e415155e0c49e6de,,092d962ca244b0a7aca662e1496e6f8830518a17ea5280b69453a8719969f62a,audit_trails/artifacts/ciphertext_attestations/T4_TEST_DROPOUT_client_001_r1_2b7f3d0b37041edb__092d962ca244b0a7.json,,,,,,,,,,,,,,,132545418845bd6a9ff966b24f163d314fc26a63f62d06799b80cee9f6e7c209,5a50cb918f2d2889a2cb46bce643a9c91ddf1771bdf34b0666c4afa0cf864880,,
627,2fe262618c983f3fe7b90c1669a8ca53,9009c28128737f7948fb54beb932f446c0ce27d5cbdefb4938dce83226ac7abd,2026-08-25T02:39:52.989400+00:00,TADP-SEC/14.0,CLIENT_ACCEPTED_SUBMISSION,T4_TEST_DROPOUT,,,,client_001,,,,,,,,,,,2.3-phase1-fixed-threshold-critical-floor-review-profile,e910eb11d46f5a33a9f6a7d996c6c242f2a4caa089255874076d8ae12155dc94,2e5e1ea61ea1c71b07c235b309bb618daac98643cb3c0843acb266cd6b876512,cd72ec3b4911418e9899eae9aed63fa15aaf66633d0cb863f54d9ac8508d934e,833c0f503995ec3e68f8d11c30f392b1e756db044036faa02ce898eac71d1c91,VALIDATED_EVIDENCE_BUNDLE,,,,,,,,,,,,,,,,,,,,,,,,UPDATE_SUBMITTED_ENFORCED,,False,NOT_REQUIRED_AUTOMATED_POLICY,False,,,,,,,,,,,,,C4_RESTRICTED,4,,,,,,,,6401d449cad49398af2f5e4da9bd6c0fbdde3a2a57f8a422907de7f0354cd145,71adf2c7741ed63f779fe8cebf9b4d1363fd18da1c5a49e39f32ec63cb8262f2,,,2026-08-25T22:32:04.883782+00:00,ca13ac1d3da19c66b008414714168f12,,,,,676afec2bb20983b422bcf387a95b3ff506612cd05c8c800cd58294fdb215627,151a98526994dd8f38d6bf28beef51f1110e765c7077627baf7042c305839ec8,,,2026-08-26T02:36:32.499180+00:00,75d46ecd684a2dc4b6a8e27daff7fed8db3fae5cae653b9ddb3099795df8cd6c,active,,,1,ACCEPTED,ALL_BASELINE_CONTROLS,,,,True,True,True,True,True,False,RtEKXFvj5XAGtdGkX6ZOnLHv72lqPzX0FJ7c9Q98PoY=,621575131bf06e2698135462a58dca933b76acbad2b8cc725bd06a2ffbfafdd9,LVS6iX3xyk+AW89N8K7wd5i2P+GtpUmTpzID/3W7LU4=,ddca9757bba3d9ef47cd6dc39fb5e88627ac0a7ce7976c28c128fc63a233e647,53hSeE1MC452bqLUvMLnrgvKo3CLPNZjslJV1SBeLPk=,d2de0eecb364b6ad6dfd68c57fbb2b61edd7f408c047202d5ab95910a24e2627,,,,,,,,,,,,,,,,,a6f0f0f4704be15f901ee3b6d6a553504de1aeceb8be266c6e03a426b28963d8,audit_trails/artifacts/accepted_runtime_submissions/T4_TEST_DROPOUT_client_001_r1_621575131bf06e26__a6f0f0f4704be15f.json,,,,,,,,,,,,,5a50cb918f2d2889a2cb46bce643a9c91ddf1771bdf34b0666c4afa0cf864880,b57a3b8f105d151ff1908ece6e838cb3c7f49f86feefc79d97e3722b8a577282,,
628,a03924e73fcc7ded0896205a9a92b0e3,9009c28128737f7948fb54beb932f446c0ce27d5cbdefb4938dce83226ac7abd,2026-08-25T02:41:20.516328+00:00,TADP-SEC/14.0,CLIENT_CIPHERTEXT_BINDING,T4_TEST_DROPOUT,,,,client_001,,,,,,,,,,,,,,,,,,,,,,,,,,,,,,,,,,,,,,,,CIPHERTEXT_BOUND_TO_SIGNED_UPDATE,,,,,,,,,,,,,,,,,C4_RESTRICTED,4,,,,,,,,,,,,,ca13ac1d3da19c66b008414714168f12,,,,,,,,,,,,,,1,VERIFIED,,,,,True,,,,,False,RtEKXFvj5XAGtdGkX6ZOnLHv72lqPzX0FJ7c9Q98PoY=,621575131bf06e2698135462a58dca933b76acbad2b8cc725bd06a2ffbfafdd9,LVS6iX3xyk+AW89N8K7wd5i2P+GtpUmTpzID/3W7LU4=,0738ce015094fd3ef9fba05529d43bab4dfc0ea3a4ff5cb6895df738c6df8a09,53hSeE1MC452bqLUvMLnrgvKo3CLPNZjslJV1SBeLPk=,d2de0eecb364b6ad6dfd68c57fbb2b61edd7f408c047202d5ab95910a24e2627,T4: SAMK multi-key BFV update protection + Paillier-protected helper points,reference_python,SAMK|BFV_N=2048|q_bits=54|t=16777213|fixed_point_scale=1000000|Paillier_prime_bits=1536,client:client_001,,,,,,,,,ee38a9839a5e454a83fb05b045cf164d6f3a3f9d2e5353a317294988ddb610f8,,442245f453641aa27d1d5265e491c895e7fc76de9fbd272fdc27179d503cca10,audit_trails/artifacts/ciphertext_attestations/T4_TEST_DROPOUT_client_001_r1_d3b86142c93c80aa__442245f453641aa2.json,,,,,,,,,,,,,,,b57a3b8f105d151ff1908ece6e838cb3c7f49f86feefc79d97e3722b8a577282,3ae337eb7795db54426c3074bdfaf2bf27b5efdf9568b8c7f5423cdaa1b5b60c,,
629,6aa2e09fa0e45801d3d81278580e7332,9009c28128737f7948fb54beb932f446c0ce27d5cbdefb4938dce83226ac7abd,2026-08-25T02:57:59.964563+00:00,TADP-SEC/14.0,CLIENT_ACCEPTED_SUBMISSION,T4_TEST_DROPOUT,,,,client_001,,,,,,,,,,,2.3-phase1-fixed-threshold-critical-floor-review-profile,e910eb11d46f5a33a9f6a7d996c6c242f2a4caa089255874076d8ae12155dc94,2e5e1ea61ea1c71b07c235b309bb618daac98643cb3c0843acb266cd6b876512,cd72ec3b4911418e9899eae9aed63fa15aaf66633d0cb863f54d9ac8508d934e,833c0f503995ec3e68f8d11c30f392b1e756db044036faa02ce898eac71d1c91,VALIDATED_EVIDENCE_BUNDLE,,,,,,,,,,,,,,,,,,,,,,,,UPDATE_SUBMITTED_ENFORCED,,False,NOT_REQUIRED_AUTOMATED_POLICY,False,,,,,,,,,,,,,C4_RESTRICTED,4,,,,,,,,6401d449cad49398af2f5e4da9bd6c0fbdde3a2a57f8a422907de7f0354cd145,71adf2c7741ed63f779fe8cebf9b4d1363fd18da1c5a49e39f32ec63cb8262f2,,,2026-08-25T22:32:04.883782+00:00,013471b46664854f1e6ee5b4c5445f1a,,,,,af7e00ef913caa3ef4b7afe3cee44db882295d3e21acff73fe6285707e561b24,628bc0f3705fbc36dbf97389021068757c64700dcd39cc4cfb8b7c6cb3a53af6,,,2026-08-26T02:54:38.789703+00:00,75d46ecd684a2dc4b6a8e27daff7fed8db3fae5cae653b9ddb3099795df8cd6c,active,,,1,ACCEPTED,ALL_BASELINE_CONTROLS,,,,True,True,True,True,True,False,XIgD5woYGPfAfaxKYfj7upO5zUOeqedJHy8+I3SV1Ws=,47f1a7b3052de9866062ef205de70f181bbd65f5ee6d9fe7e9f2ddbe7acc70f8,LVS6iX3xyk+AW89N8K7wd5i2P+GtpUmTpzID/3W7LU4=,5a9dbe17e8635ecedc2f45a2c7e902566a77ca785a44092fe822e086f87363ff,qWGt2rkifN8o8SXwRi1McC0dFoBq5azkZ2R1+pa5fD8=,d2de0eecb364b6ad6dfd68c57fbb2b61edd7f408c047202d5ab95910a24e2627,,,,,,,,,,,,,,,,,991605653696ab82c1b7d54e0df98133a795a81089dd92d67c19b8eb9bae3790,audit_trails/artifacts/accepted_runtime_submissions/T4_TEST_DROPOUT_client_001_r1_47f1a7b3052de986__991605653696ab82.json,,,,,,,,,,,,,3ae337eb7795db54426c3074bdfaf2bf27b5efdf9568b8c7f5423cdaa1b5b60c,bccfa6ab639c3372336b41104985533971dcb4b9ee86990afe9de744966c395c,,
630,7d5eacfed0173a4d880d22865fedbf09,9009c28128737f7948fb54beb932f446c0ce27d5cbdefb4938dce83226ac7abd,2026-08-25T02:59:26.635642+00:00,TADP-SEC/14.0,CLIENT_CIPHERTEXT_BINDING,T4_TEST_DROPOUT,,,,client_001,,,,,,,,,,,,,,,,,,,,,,,,,,,,,,,,,,,,,,,,CIPHERTEXT_BOUND_TO_SIGNED_UPDATE,,,,,,,,,,,,,,,,,C4_RESTRICTED,4,,,,,,,,,,,,,013471b46664854f1e6ee5b4c5445f1a,,,,,,,,,,,,,,1,VERIFIED,,,,,True,,,,,False,XIgD5woYGPfAfaxKYfj7upO5zUOeqedJHy8+I3SV1Ws=,47f1a7b3052de9866062ef205de70f181bbd65f5ee6d9fe7e9f2ddbe7acc70f8,LVS6iX3xyk+AW89N8K7wd5i2P+GtpUmTpzID/3W7LU4=,80953d1ae392038ce8ac55398ab08af463a3eb514505fdfd415f3b03e710f1f7,qWGt2rkifN8o8SXwRi1McC0dFoBq5azkZ2R1+pa5fD8=,d2de0eecb364b6ad6dfd68c57fbb2b61edd7f408c047202d5ab95910a24e2627,T4: SAMK multi-key BFV update protection + Paillier-protected helper points,reference_python,SAMK|BFV_N=2048|q_bits=54|t=16777213|fixed_point_scale=1000000|Paillier_prime_bits=1536,client:client_001,,,,,,,,,5762d3d8fc8a925bf222e0812621a429f25e8cb1380ef077c8653c57f2822bd9,,65bb2597850feba6f86cd9e028474d5ec4048fe6431e44ef6b9742a2c772ec7e,audit_trails/artifacts/ciphertext_attestations/T4_TEST_DROPOUT_client_001_r1_65c5028badcbd438__65bb2597850feba6.json,,,,,,,,,,,,,,,bccfa6ab639c3372336b41104985533971dcb4b9ee86990afe9de744966c395c,0fdf467fbfa7c41c525b8677d9bb0e12cd1c8711b72ace3b1793caa5898e33f1,,
631,b4fcdacb47071e4852c729a892562410,9009c28128737f7948fb54beb932f446c0ce27d5cbdefb4938dce83226ac7abd,2026-08-25T03:13:00.762003+00:00,TADP-SEC/14.0,,,,client:client_001,seal:client:client_001,,,,,,,,,,,,,,,,,,,,,,,,,,,,,,,,,,,,,,,,,LEDGER_FINAL_SEAL,,,,,,,,,,,,,,,,,,,,,,,,,,,,,,,,,,,,,,,,,,,,,,,,,,,,,,,,,,,,,,,,,,,,,,,,,,,,,,,,,,,,,,,,,,,,,0fdf467fbfa7c41c525b8677d9bb0e12cd1c8711b72ace3b1793caa5898e33f1,f39cd03f56532b19a71ce36c35cce5b4e78fbc2e630704d72fec1ff336596ad6,0fdf467fbfa7c41c525b8677d9bb0e12cd1c8711b72ace3b1793caa5898e33f1,DUNFXJFg7R8xqTbMwQA5Ry0izwxGJNWdTXC387SOm00YjSfRv200GmpHL6uVMlMtvwHvqwSTclqDATk+I0YB30kzGeSEY18Sfa1nUt7Oyo8vyTIKpivga7qi2jBTcRhUoeQCdoI0Mig//oHNWkOsiUu5E+4Mpn1k7ZnW9/rNNLntXtNA/m4avIoxkpIEAiu+TZusv5KiAmnefeTVPPb+BS6wsg+pyTdjreBCbODm8v/qg/Owof66EQm6VcnoKuCYgbYH9vPawCujLW3A0VyrqmZm0APdHRc307CWaCdId7hvCNTqolmjSex3xnmrjRDCybOEaMBo3zq7D0rUgkjmRzuySbfW+m4QUmPpbsvnFs/npeuwPmYUOz7QemfF3rwpvtm1+990B5AO/nObAYsRzijSjGUf/r4kCptkN8p1NmOC0+f9iZDxChJg2gFQMzvXeNbSgKbOSc/w+fgfUvLY7MY8zkPvCN8JftOhuuhCpGVnc4WLHMNUFZw5BYLKgces
