sequence,event_id,ledger_id,timestamp,protocol_version,record_type,scenario,approach,mode,transaction_id,client_id,version,template,dataset_version,dataset_commitment,data_summary_hash,evidence_bundle_hash,evidence_bundle_artifact_hash,evidence_bundle_artifact_relpath,validator_version,rubric_version,governance_policy_version,evidence_manifest_hash,evidence_hash,data_manifest_hash,data_manifest_validation_hash,metadata_validation_status,dimension_scores,final_governance_values_hash,pscore,policy_profile_id,hps_accept_threshold,hps_reject_threshold,critical_profile_review_threshold,critical_profile_threshold_applied,critical_profile_threshold_name,critical_dimension_threshold,critical_dimensions,critical_hps,critical_dimension_min,arq_boundary_policy,arq_region,review_policy_id,review_recommendation,review_reason_code,review_reason_text,governance_archetype,risk_archetype,initial_action,final_action,action,review_outcome,manual_review_required,manual_review_disposition,safe_default_applied,current_session_eligibility,reassessment_eligibility,n_samples,position,percentile,cia_confidentiality,cia_integrity,cia_availability,cia_high_water,business_impact,client_required_security_class,client_required_security_tier,security_class,security_tier,computed_strictest_security_class,computed_strictest_security_tier,current_survivor_strictest_class,current_survivor_strictest_tier,session_locked_security_class,session_locked_security_tier,session_profile_locked,admission_receipt_hash,admission_receipt_signature_hash,admission_receipt_artifact_hash,admission_receipt_artifact_relpath,admission_expires_at,session_id,session_epoch,parent_session_id,parent_session_security_decision_hash,session_reform_reason,session_security_decision_hash,session_security_decision_signature_hash,session_decision_artifact_hash,session_decision_artifact_relpath,session_decision_expires_at,risk_assessment_hash,revocation_status,execution_mode,requested_benchmark_tier,round_id,event_status,verification_stage,violation_type,reason_code,violation_details,signature_verified,freshness_verified,pofc_verified,semantic_verified,rate_limit_ok,blocked_before_aggregation,payload_hash,envelope_hash,key_id,signature_hash,global_model_hash,model_schema_hash,crypto_mechanism,crypto_backend,parameter_set_id,key_tag,expanded,ks_applied,shares_available,shares_required,can_finalize,comm_factor,crypto_overhead_ms,noise_std,ciphertext_commitment,evaluation_key_commitment,ciphertext_attestation_artifact_hash,ciphertext_attestation_artifact_relpath,submission_artifact_hash,submission_artifact_relpath,artifact_type,artifact_id,artifact_hash,artifact_relpath,local_ledger_id,local_event_hash,local_ledger_head_hash,crypto_ledger_id,crypto_event_hash,crypto_ledger_head_hash,subledger_manifest_hash,subledger_seal_count,prev_hash,row_hash,bundle_hash,checkpoint_signature
1,f08e58f2c61ef8276c7c83a6b66edec9,9807b00ec9f05c0ed690f948a024469da45a3923628918d48e6175fa51233777,2026-08-22T17:40:43.990791+00:00,TADP-SEC/12.1,CLIENT_ACCEPTED_SUBMISSION,T1_Plain_TADP,,,,client_000,,,,,,,,,,,2.3-phase1-fixed-threshold-critical-floor-review-profile,47dd2e58be138865a6d591a63329509757be6b563afb2badb96beb09eac726e5,a663ab753fcbe1179628a237bb638420356ea261176b970e3553fa59bfe7e9d6,1c154f7d4e37aa15e037310f6b45ff14a874311a582c673470a238929d8125dd,8d877b4c3b654a235066cdd49bf4c7e04e1b662c0cf44a17b54811ea50677e11,VALIDATED_EVIDENCE_BUNDLE,,,,,,,,,,,,,,,,,,,,,,,,UPDATE_SUBMITTED_ENFORCED,,False,NOT_REQUIRED_AUTOMATED_POLICY,False,,,,,,,,,,,,,C1_PUBLIC,1,,,,,,,,6f8a5214daf0d8d5188f7da84fe0931408bac9ce898d47d09d53366ef6cfe2b8,c068640bad122342de0e81050f313e88a0b5bf947d459a5df25df6b117f89be9,,,2026-08-23T17:18:04.591571+00:00,47e8cc0fe5b1697a3806f5393cfbd09d,,,,,02a004077765517e54657a1072e98c5ff8b30be1276296850f021743aa43481c,78017c76e31288027c7db8223d4e56a84da9c1b408d2bc35093da2930a70d20b,,,2026-08-22T18:40:43.929834+00:00,eb562985f77fc8a152d2d22d15bfd3f4695b107bdaa4c375fc5dde2be0f10805,active,,,1,ACCEPTED,ALL_BASELINE_CONTROLS,,,,True,True,True,True,True,False,1nSXIIsHBxOMLPrh/CSiCxb6EQajvaGc1tNHRU/cHSM=,99d1aa0a72160364c41196b81f3ca6d7d22b53e93f0fef98d4a52a256d5e2476,lhIS+WjWdu7nwVo2eeSh1fX8D+pCzpAo3q6D86Frg0w=,1c4edbee2a859e16d3c0745aec7e831c39669ccd569d5ba70e5fcca446f78675,ij0QXzakTpJwf7kWURZWDMrtf3FvVItAm3+CdvSVB30=,29ac3bebc7d8bf95fc566b7fd18bb82a91593b8a3a0877f87ec4350551f94d53,,,,,,,,,,,,,,,,,30640ec892281ac620d49146aeb9b4e5862f4f9855578b11c18392d17e67eacc,audit_trails/artifacts/accepted_runtime_submissions/T1_Plain_TADP_client_000_r1_99d1aa0a72160364__30640ec892281ac6.json,,,,,,,,,,,,,5c7d27a2f9fdcbcf76e9eac43e17f4a822bbc52b3b86b5bc95cb1de6d31392a1,e3d9883e958f4ec89f9af117d40fb64850f295d99e201ba34b0853b11376a67d,,
2,df4817a4f7f19089f732a7767bf87357,9807b00ec9f05c0ed690f948a024469da45a3923628918d48e6175fa51233777,2026-08-22T17:40:44.006498+00:00,TADP-SEC/12.1,CLIENT_CIPHERTEXT_BINDING,T1_Plain_TADP,,,,client_000,,,,,,,,,,,,,,,,,,,,,,,,,,,,,,,,,,,,,,,,CIPHERTEXT_BOUND_TO_SIGNED_UPDATE,,,,,,,,,,,,,,,,,C1_PUBLIC,1,,,,,,,,,,,,,47e8cc0fe5b1697a3806f5393cfbd09d,,,,,,,,,,,,,,1,VERIFIED,,,,,True,,,,,False,1nSXIIsHBxOMLPrh/CSiCxb6EQajvaGc1tNHRU/cHSM=,99d1aa0a72160364c41196b81f3ca6d7d22b53e93f0fef98d4a52a256d5e2476,lhIS+WjWdu7nwVo2eeSh1fX8D+pCzpAo3q6D86Frg0w=,5de9204217520154f056e9ad146ad7e788e1f39c67e51e9a11abb53ba5da7099,ij0QXzakTpJwf7kWURZWDMrtf3FvVItAm3+CdvSVB30=,29ac3bebc7d8bf95fc566b7fd18bb82a91593b8a3a0877f87ec4350551f94d53,plaintext_update_no_noise,reference_python,n=|logq=|scale=|scheme=plain,plain,,,,,,,,,f62b50d3caea7cf4611c959678972abe038d2491a4a70a626fc75d5554207aa0,,080d7d7f20e2d519acc7c1ccd4b28a6dc5c7a4b6016cf7359c1e8b0a5397349b,audit_trails/artifacts/ciphertext_attestations/T1_Plain_TADP_client_000_r1_6d5708e470f6e671__080d7d7f20e2d519.json,,,,,,,,,,,,,,,e3d9883e958f4ec89f9af117d40fb64850f295d99e201ba34b0853b11376a67d,7483a856ae1e855a6c228e87b8a9c3e0f2504fa7c4b9573a1c012bc444e54049,,
3,4b631f203cc35076fdb2b295fcebe414,9807b00ec9f05c0ed690f948a024469da45a3923628918d48e6175fa51233777,2026-08-22T17:40:44.930920+00:00,TADP-SEC/12.1,CLIENT_ACCEPTED_SUBMISSION,T1_Plain_TADP,,,,client_000,,,,,,,,,,,2.3-phase1-fixed-threshold-critical-floor-review-profile,47dd2e58be138865a6d591a63329509757be6b563afb2badb96beb09eac726e5,a663ab753fcbe1179628a237bb638420356ea261176b970e3553fa59bfe7e9d6,1c154f7d4e37aa15e037310f6b45ff14a874311a582c673470a238929d8125dd,8d877b4c3b654a235066cdd49bf4c7e04e1b662c0cf44a17b54811ea50677e11,VALIDATED_EVIDENCE_BUNDLE,,,,,,,,,,,,,,,,,,,,,,,,UPDATE_SUBMITTED_ENFORCED,,False,NOT_REQUIRED_AUTOMATED_POLICY,False,,,,,,,,,,,,,C1_PUBLIC,1,,,,,,,,6f8a5214daf0d8d5188f7da84fe0931408bac9ce898d47d09d53366ef6cfe2b8,c068640bad122342de0e81050f313e88a0b5bf947d459a5df25df6b117f89be9,,,2026-08-23T17:18:04.591571+00:00,47e8cc0fe5b1697a3806f5393cfbd09d,,,,,02a004077765517e54657a1072e98c5ff8b30be1276296850f021743aa43481c,78017c76e31288027c7db8223d4e56a84da9c1b408d2bc35093da2930a70d20b,,,2026-08-22T18:40:43.929834+00:00,eb562985f77fc8a152d2d22d15bfd3f4695b107bdaa4c375fc5dde2be0f10805,active,,,2,ACCEPTED,ALL_BASELINE_CONTROLS,,,,True,True,True,True,True,False,z1wUmyPjREG4v70ReZU3l86+33h2KRrh/JUImQBuCxk=,141e34540ab94919d03b4876e36e7d2be2679b367cf357c950eb03d3cf478bb8,lhIS+WjWdu7nwVo2eeSh1fX8D+pCzpAo3q6D86Frg0w=,67232da3b5bb4adb71d421f3412fdfc932305cde4ccafaf92d0c9bffe6622722,5rQsZWSgAG6xFg6IXDX3b6hyQfj5IFIsi5ychQ5NgCU=,29ac3bebc7d8bf95fc566b7fd18bb82a91593b8a3a0877f87ec4350551f94d53,,,,,,,,,,,,,,,,,2761429b2fdb45a08397637899aa5a778a1788777d527c43be0233cf737e09df,audit_trails/artifacts/accepted_runtime_submissions/T1_Plain_TADP_client_000_r2_141e34540ab94919__2761429b2fdb45a0.json,,,,,,,,,,,,,7483a856ae1e855a6c228e87b8a9c3e0f2504fa7c4b9573a1c012bc444e54049,e172d86f6755a1c897402ca4b57097accbeb407670bbc8e2b8b0b9003af42384,,
4,c78f2ff5106f504adf1404d19a104180,9807b00ec9f05c0ed690f948a024469da45a3923628918d48e6175fa51233777,2026-08-22T17:40:44.946512+00:00,TADP-SEC/12.1,CLIENT_CIPHERTEXT_BINDING,T1_Plain_TADP,,,,client_000,,,,,,,,,,,,,,,,,,,,,,,,,,,,,,,,,,,,,,,,CIPHERTEXT_BOUND_TO_SIGNED_UPDATE,,,,,,,,,,,,,,,,,C1_PUBLIC,1,,,,,,,,,,,,,47e8cc0fe5b1697a3806f5393cfbd09d,,,,,,,,,,,,,,2,VERIFIED,,,,,True,,,,,False,z1wUmyPjREG4v70ReZU3l86+33h2KRrh/JUImQBuCxk=,141e34540ab94919d03b4876e36e7d2be2679b367cf357c950eb03d3cf478bb8,lhIS+WjWdu7nwVo2eeSh1fX8D+pCzpAo3q6D86Frg0w=,ec3cdae84f7d5dae7249bfb3a0c475d5b7252f2e8e9d515d3faff8d136d41b33,5rQsZWSgAG6xFg6IXDX3b6hyQfj5IFIsi5ychQ5NgCU=,29ac3bebc7d8bf95fc566b7fd18bb82a91593b8a3a0877f87ec4350551f94d53,plaintext_update_no_noise,reference_python,n=|logq=|scale=|scheme=plain,plain,,,,,,,,,f62b50d3caea7cf4611c959678972abe038d2491a4a70a626fc75d5554207aa0,,e9fba4104cd823224f975a6f401dff58d3e7f8e507e7294840d11bf5341f1b71,audit_trails/artifacts/ciphertext_attestations/T1_Plain_TADP_client_000_r2_fe2d31baf7c75c5a__e9fba4104cd82322.json,,,,,,,,,,,,,,,e172d86f6755a1c897402ca4b57097accbeb407670bbc8e2b8b0b9003af42384,4b4dbc0614d71fd5f205e5ab7453ed7f2a1c9a4ba66dff545deb79cadaf8a968,,
5,d99bcf6bc18b0ed00a8f6fb475a06107,9807b00ec9f05c0ed690f948a024469da45a3923628918d48e6175fa51233777,2026-08-22T17:40:45.867612+00:00,TADP-SEC/12.1,CLIENT_ACCEPTED_SUBMISSION,T1_Plain_TADP,,,,client_000,,,,,,,,,,,2.3-phase1-fixed-threshold-critical-floor-review-profile,47dd2e58be138865a6d591a63329509757be6b563afb2badb96beb09eac726e5,a663ab753fcbe1179628a237bb638420356ea261176b970e3553fa59bfe7e9d6,1c154f7d4e37aa15e037310f6b45ff14a874311a582c673470a238929d8125dd,8d877b4c3b654a235066cdd49bf4c7e04e1b662c0cf44a17b54811ea50677e11,VALIDATED_EVIDENCE_BUNDLE,,,,,,,,,,,,,,,,,,,,,,,,UPDATE_SUBMITTED_ENFORCED,,False,NOT_REQUIRED_AUTOMATED_POLICY,False,,,,,,,,,,,,,C1_PUBLIC,1,,,,,,,,6f8a5214daf0d8d5188f7da84fe0931408bac9ce898d47d09d53366ef6cfe2b8,c068640bad122342de0e81050f313e88a0b5bf947d459a5df25df6b117f89be9,,,2026-08-23T17:18:04.591571+00:00,47e8cc0fe5b1697a3806f5393cfbd09d,,,,,02a004077765517e54657a1072e98c5ff8b30be1276296850f021743aa43481c,78017c76e31288027c7db8223d4e56a84da9c1b408d2bc35093da2930a70d20b,,,2026-08-22T18:40:43.929834+00:00,eb562985f77fc8a152d2d22d15bfd3f4695b107bdaa4c375fc5dde2be0f10805,active,,,3,ACCEPTED,ALL_BASELINE_CONTROLS,,,,True,True,True,True,True,False,a5ZtpRRuZlA4gNjCbHCiIOFxMHHtXTkyDMLul5Ayrzk=,c58625dcf43580c26b50ddf608b2078cbdb0ab17dad4cc27cb156b1184b29fc6,lhIS+WjWdu7nwVo2eeSh1fX8D+pCzpAo3q6D86Frg0w=,d40ec94e3695404d4ac9057b111415e216bce38f549faec0aa69d1ef26f6ae87,hM/8TeU9e9tsEzixitYqEFbggOmbUVuwaOB2cbst3Nc=,29ac3bebc7d8bf95fc566b7fd18bb82a91593b8a3a0877f87ec4350551f94d53,,,,,,,,,,,,,,,,,f94edfa576ef5460ec9eb2db1aa4f8c1ba50f1915c2a90d088cd460a9d46cdaf,audit_trails/artifacts/accepted_runtime_submissions/T1_Plain_TADP_client_000_r3_c58625dcf43580c2__f94edfa576ef5460.json,,,,,,,,,,,,,4b4dbc0614d71fd5f205e5ab7453ed7f2a1c9a4ba66dff545deb79cadaf8a968,47e0b222f96940f5e10548ff6b7bb6bb045c1e5aa112dd2b15b96b49ef9424c1,,
6,c31a60dc20a1fee5bc85c5dc40d2f1ba,9807b00ec9f05c0ed690f948a024469da45a3923628918d48e6175fa51233777,2026-08-22T17:40:45.882459+00:00,TADP-SEC/12.1,CLIENT_CIPHERTEXT_BINDING,T1_Plain_TADP,,,,client_000,,,,,,,,,,,,,,,,,,,,,,,,,,,,,,,,,,,,,,,,CIPHERTEXT_BOUND_TO_SIGNED_UPDATE,,,,,,,,,,,,,,,,,C1_PUBLIC,1,,,,,,,,,,,,,47e8cc0fe5b1697a3806f5393cfbd09d,,,,,,,,,,,,,,3,VERIFIED,,,,,True,,,,,False,a5ZtpRRuZlA4gNjCbHCiIOFxMHHtXTkyDMLul5Ayrzk=,c58625dcf43580c26b50ddf608b2078cbdb0ab17dad4cc27cb156b1184b29fc6,lhIS+WjWdu7nwVo2eeSh1fX8D+pCzpAo3q6D86Frg0w=,5778ce6d382e724ea9cb6a6220a08983b48a23722b9060dbb619ab0a6582379d,hM/8TeU9e9tsEzixitYqEFbggOmbUVuwaOB2cbst3Nc=,29ac3bebc7d8bf95fc566b7fd18bb82a91593b8a3a0877f87ec4350551f94d53,plaintext_update_no_noise,reference_python,n=|logq=|scale=|scheme=plain,plain,,,,,,,,,f62b50d3caea7cf4611c959678972abe038d2491a4a70a626fc75d5554207aa0,,248cbf92adc9c8897b52e888c607a85206a3ad10ec4fd3033935dfd9c0932436,audit_trails/artifacts/ciphertext_attestations/T1_Plain_TADP_client_000_r3_cb472d35906a9f4e__248cbf92adc9c889.json,,,,,,,,,,,,,,,47e0b222f96940f5e10548ff6b7bb6bb045c1e5aa112dd2b15b96b49ef9424c1,ad7c1a5f0a44a4f93d527c0bb0eb0b1322cbfe53af8453af0261f78e83e7f04b,,
7,123e21eecb8abc206d7d34bf504d8c96,9807b00ec9f05c0ed690f948a024469da45a3923628918d48e6175fa51233777,2026-08-22T17:40:46.883406+00:00,TADP-SEC/12.1,CLIENT_ACCEPTED_SUBMISSION,T1_Plain_TADP,,,,client_000,,,,,,,,,,,2.3-phase1-fixed-threshold-critical-floor-review-profile,47dd2e58be138865a6d591a63329509757be6b563afb2badb96beb09eac726e5,a663ab753fcbe1179628a237bb638420356ea261176b970e3553fa59bfe7e9d6,1c154f7d4e37aa15e037310f6b45ff14a874311a582c673470a238929d8125dd,8d877b4c3b654a235066cdd49bf4c7e04e1b662c0cf44a17b54811ea50677e11,VALIDATED_EVIDENCE_BUNDLE,,,,,,,,,,,,,,,,,,,,,,,,UPDATE_SUBMITTED_ENFORCED,,False,NOT_REQUIRED_AUTOMATED_POLICY,False,,,,,,,,,,,,,C1_PUBLIC,1,,,,,,,,6f8a5214daf0d8d5188f7da84fe0931408bac9ce898d47d09d53366ef6cfe2b8,c068640bad122342de0e81050f313e88a0b5bf947d459a5df25df6b117f89be9,,,2026-08-23T17:18:04.591571+00:00,47e8cc0fe5b1697a3806f5393cfbd09d,,,,,02a004077765517e54657a1072e98c5ff8b30be1276296850f021743aa43481c,78017c76e31288027c7db8223d4e56a84da9c1b408d2bc35093da2930a70d20b,,,2026-08-22T18:40:43.929834+00:00,eb562985f77fc8a152d2d22d15bfd3f4695b107bdaa4c375fc5dde2be0f10805,active,,,4,ACCEPTED,ALL_BASELINE_CONTROLS,,,,True,True,True,True,True,False,jlEr0W8etq+F8o8qBRkRWk92DFKwlYDteD+i/bxH+4M=,5e3066e8fcbbe83a8c3ac06598477c25e454846f3d7c2f5f276f2c4d68213bce,lhIS+WjWdu7nwVo2eeSh1fX8D+pCzpAo3q6D86Frg0w=,2e5115c4791f6cdeb0124d8872064072d2ec446fce78064e2627dccb47ea971b,JmS2pVw78VZgr3pUL50eg3pMlHe5ma1ixzMGcdSPC+Y=,29ac3bebc7d8bf95fc566b7fd18bb82a91593b8a3a0877f87ec4350551f94d53,,,,,,,,,,,,,,,,,e3090ead53602f9daccd9394e3be85649dc4108668d6e033e43127ef39340d12,audit_trails/artifacts/accepted_runtime_submissions/T1_Plain_TADP_client_000_r4_5e3066e8fcbbe83a__e3090ead53602f9d.json,,,,,,,,,,,,,ad7c1a5f0a44a4f93d527c0bb0eb0b1322cbfe53af8453af0261f78e83e7f04b,545873b508fba2c4347eba1cb540e630c679244b235d701c09132ea80966c00d,,
8,d290cc785985d45b82763e4b00b575e4,9807b00ec9f05c0ed690f948a024469da45a3923628918d48e6175fa51233777,2026-08-22T17:40:46.900130+00:00,TADP-SEC/12.1,CLIENT_CIPHERTEXT_BINDING,T1_Plain_TADP,,,,client_000,,,,,,,,,,,,,,,,,,,,,,,,,,,,,,,,,,,,,,,,CIPHERTEXT_BOUND_TO_SIGNED_UPDATE,,,,,,,,,,,,,,,,,C1_PUBLIC,1,,,,,,,,,,,,,47e8cc0fe5b1697a3806f5393cfbd09d,,,,,,,,,,,,,,4,VERIFIED,,,,,True,,,,,False,jlEr0W8etq+F8o8qBRkRWk92DFKwlYDteD+i/bxH+4M=,5e3066e8fcbbe83a8c3ac06598477c25e454846f3d7c2f5f276f2c4d68213bce,lhIS+WjWdu7nwVo2eeSh1fX8D+pCzpAo3q6D86Frg0w=,71222e1d655144417e7b41f911848f6facbb72a3d5109ce40bf6497ae63abaa3,JmS2pVw78VZgr3pUL50eg3pMlHe5ma1ixzMGcdSPC+Y=,29ac3bebc7d8bf95fc566b7fd18bb82a91593b8a3a0877f87ec4350551f94d53,plaintext_update_no_noise,reference_python,n=|logq=|scale=|scheme=plain,plain,,,,,,,,,f62b50d3caea7cf4611c959678972abe038d2491a4a70a626fc75d5554207aa0,,687ff23427bd852453949859979944a212244956e3e0501fc94c009f57271044,audit_trails/artifacts/ciphertext_attestations/T1_Plain_TADP_client_000_r4_81ec8f192012d3fc__687ff23427bd8524.json,,,,,,,,,,,,,,,545873b508fba2c4347eba1cb540e630c679244b235d701c09132ea80966c00d,b419b71c755e29fc45f7005fc37a93e3d69b38d3f11e5cc779a0e39dbfcc16f5,,
9,2f2d0d7cf143a53f0051b79c4438c9a1,9807b00ec9f05c0ed690f948a024469da45a3923628918d48e6175fa51233777,2026-08-22T17:40:48.127539+00:00,TADP-SEC/12.1,CLIENT_ACCEPTED_SUBMISSION,T1_Plain_TADP,,,,client_000,,,,,,,,,,,2.3-phase1-fixed-threshold-critical-floor-review-profile,47dd2e58be138865a6d591a63329509757be6b563afb2badb96beb09eac726e5,a663ab753fcbe1179628a237bb638420356ea261176b970e3553fa59bfe7e9d6,1c154f7d4e37aa15e037310f6b45ff14a874311a582c673470a238929d8125dd,8d877b4c3b654a235066cdd49bf4c7e04e1b662c0cf44a17b54811ea50677e11,VALIDATED_EVIDENCE_BUNDLE,,,,,,,,,,,,,,,,,,,,,,,,UPDATE_SUBMITTED_ENFORCED,,False,NOT_REQUIRED_AUTOMATED_POLICY,False,,,,,,,,,,,,,C1_PUBLIC,1,,,,,,,,6f8a5214daf0d8d5188f7da84fe0931408bac9ce898d47d09d53366ef6cfe2b8,c068640bad122342de0e81050f313e88a0b5bf947d459a5df25df6b117f89be9,,,2026-08-23T17:18:04.591571+00:00,47e8cc0fe5b1697a3806f5393cfbd09d,,,,,02a004077765517e54657a1072e98c5ff8b30be1276296850f021743aa43481c,78017c76e31288027c7db8223d4e56a84da9c1b408d2bc35093da2930a70d20b,,,2026-08-22T18:40:43.929834+00:00,eb562985f77fc8a152d2d22d15bfd3f4695b107bdaa4c375fc5dde2be0f10805,active,,,5,ACCEPTED,ALL_BASELINE_CONTROLS,,,,True,True,True,True,True,False,YduNcU7DI223p5Tg2kSmSd72NzJImjpfdZxq3ZDSBmA=,1a0e24582217f065f18e95dda27ce8ab02169b9d50483b5842aff24bb4a7b019,lhIS+WjWdu7nwVo2eeSh1fX8D+pCzpAo3q6D86Frg0w=,1b8b2a123ade2af1efed3ac3ffb8e127849c371395d1bb780f67dbf1f768ac03,VKiHIggc6G3QOVHAi5IYddO/OGHmpOTvnU1CrWnyENg=,29ac3bebc7d8bf95fc566b7fd18bb82a91593b8a3a0877f87ec4350551f94d53,,,,,,,,,,,,,,,,,f01c0433b9875feccc5d05e411299c6a73c30d88b2e9a8fc6180506e966b3910,audit_trails/artifacts/accepted_runtime_submissions/T1_Plain_TADP_client_000_r5_1a0e24582217f065__f01c0433b9875fec.json,,,,,,,,,,,,,b419b71c755e29fc45f7005fc37a93e3d69b38d3f11e5cc779a0e39dbfcc16f5,849f41b79dfae218a344d4c604f1f25d6e07ed7d28a874b905d0cb0c0602cf97,,
10,4d5663e21931fb4efef64a489bf15f1c,9807b00ec9f05c0ed690f948a024469da45a3923628918d48e6175fa51233777,2026-08-22T17:40:48.144772+00:00,TADP-SEC/12.1,CLIENT_CIPHERTEXT_BINDING,T1_Plain_TADP,,,,client_000,,,,,,,,,,,,,,,,,,,,,,,,,,,,,,,,,,,,,,,,CIPHERTEXT_BOUND_TO_SIGNED_UPDATE,,,,,,,,,,,,,,,,,C1_PUBLIC,1,,,,,,,,,,,,,47e8cc0fe5b1697a3806f5393cfbd09d,,,,,,,,,,,,,,5,VERIFIED,,,,,True,,,,,False,YduNcU7DI223p5Tg2kSmSd72NzJImjpfdZxq3ZDSBmA=,1a0e24582217f065f18e95dda27ce8ab02169b9d50483b5842aff24bb4a7b019,lhIS+WjWdu7nwVo2eeSh1fX8D+pCzpAo3q6D86Frg0w=,9e4bd4edcd5eb263721ffc8be138620c2644ef45a45a40c4670a058226ebfef3,VKiHIggc6G3QOVHAi5IYddO/OGHmpOTvnU1CrWnyENg=,29ac3bebc7d8bf95fc566b7fd18bb82a91593b8a3a0877f87ec4350551f94d53,plaintext_update_no_noise,reference_python,n=|logq=|scale=|scheme=plain,plain,,,,,,,,,f62b50d3caea7cf4611c959678972abe038d2491a4a70a626fc75d5554207aa0,,e23644c32f4c198d2e36829f306dd020a109f00ba071dbb294228bedaddda905,audit_trails/artifacts/ciphertext_attestations/T1_Plain_TADP_client_000_r5_48ff075f08f16e3a__e23644c32f4c198d.json,,,,,,,,,,,,,,,849f41b79dfae218a344d4c604f1f25d6e07ed7d28a874b905d0cb0c0602cf97,0d07b91fd9c4031bb2337ded22ce1cfd554a52d374029d91a602e9ec9f74fad9,,
11,529dfd94964f0acafc413af261922354,9807b00ec9f05c0ed690f948a024469da45a3923628918d48e6175fa51233777,2026-08-22T17:40:49.386809+00:00,TADP-SEC/12.1,CLIENT_ACCEPTED_SUBMISSION,T1_Plain_TADP,,,,client_000,,,,,,,,,,,2.3-phase1-fixed-threshold-critical-floor-review-profile,47dd2e58be138865a6d591a63329509757be6b563afb2badb96beb09eac726e5,a663ab753fcbe1179628a237bb638420356ea261176b970e3553fa59bfe7e9d6,1c154f7d4e37aa15e037310f6b45ff14a874311a582c673470a238929d8125dd,8d877b4c3b654a235066cdd49bf4c7e04e1b662c0cf44a17b54811ea50677e11,VALIDATED_EVIDENCE_BUNDLE,,,,,,,,,,,,,,,,,,,,,,,,UPDATE_SUBMITTED_ENFORCED,,False,NOT_REQUIRED_AUTOMATED_POLICY,False,,,,,,,,,,,,,C1_PUBLIC,1,,,,,,,,6f8a5214daf0d8d5188f7da84fe0931408bac9ce898d47d09d53366ef6cfe2b8,c068640bad122342de0e81050f313e88a0b5bf947d459a5df25df6b117f89be9,,,2026-08-23T17:18:04.591571+00:00,47e8cc0fe5b1697a3806f5393cfbd09d,,,,,02a004077765517e54657a1072e98c5ff8b30be1276296850f021743aa43481c,78017c76e31288027c7db8223d4e56a84da9c1b408d2bc35093da2930a70d20b,,,2026-08-22T18:40:43.929834+00:00,eb562985f77fc8a152d2d22d15bfd3f4695b107bdaa4c375fc5dde2be0f10805,active,,,6,ACCEPTED,ALL_BASELINE_CONTROLS,,,,True,True,True,True,True,False,FqEpfbWCSpzKhohuZkMZ8EXa4LOwkH8lc/xvOYfdm48=,85fe2e4b7d273c5f9e0bc297e4880d66561810522af1b68f2c855f6abb6c3796,lhIS+WjWdu7nwVo2eeSh1fX8D+pCzpAo3q6D86Frg0w=,7818415d359330ec73f437f77cd476843191a4b8d912a61a47a6837b2a02b08f,q9ael3rUOdUmgJ4uJC0EQITbJxDYH3d9LVPNto7vJYI=,29ac3bebc7d8bf95fc566b7fd18bb82a91593b8a3a0877f87ec4350551f94d53,,,,,,,,,,,,,,,,,a5469069686355be5b24b9ac94a800c974872342f160542af7cba21b39d83974,audit_trails/artifacts/accepted_runtime_submissions/T1_Plain_TADP_client_000_r6_85fe2e4b7d273c5f__a5469069686355be.json,,,,,,,,,,,,,0d07b91fd9c4031bb2337ded22ce1cfd554a52d374029d91a602e9ec9f74fad9,9e0c50b7c899ba39a1e192ffdbdc27678418aceaf7a4577c84305f95d5ca27d0,,
12,91276f81cc99237e2516e0f1d729e4d4,9807b00ec9f05c0ed690f948a024469da45a3923628918d48e6175fa51233777,2026-08-22T17:40:49.408016+00:00,TADP-SEC/12.1,CLIENT_CIPHERTEXT_BINDING,T1_Plain_TADP,,,,client_000,,,,,,,,,,,,,,,,,,,,,,,,,,,,,,,,,,,,,,,,CIPHERTEXT_BOUND_TO_SIGNED_UPDATE,,,,,,,,,,,,,,,,,C1_PUBLIC,1,,,,,,,,,,,,,47e8cc0fe5b1697a3806f5393cfbd09d,,,,,,,,,,,,,,6,VERIFIED,,,,,True,,,,,False,FqEpfbWCSpzKhohuZkMZ8EXa4LOwkH8lc/xvOYfdm48=,85fe2e4b7d273c5f9e0bc297e4880d66561810522af1b68f2c855f6abb6c3796,lhIS+WjWdu7nwVo2eeSh1fX8D+pCzpAo3q6D86Frg0w=,cde2f668d6ede9352859d3e523cf705bf99ab4a02578c497b4c3da5616211d1a,q9ael3rUOdUmgJ4uJC0EQITbJxDYH3d9LVPNto7vJYI=,29ac3bebc7d8bf95fc566b7fd18bb82a91593b8a3a0877f87ec4350551f94d53,plaintext_update_no_noise,reference_python,n=|logq=|scale=|scheme=plain,plain,,,,,,,,,f62b50d3caea7cf4611c959678972abe038d2491a4a70a626fc75d5554207aa0,,55faa3bfa22ce80212e4917120e62c5633e5c9e6ec6c9af94f84b701e0bacbb7,audit_trails/artifacts/ciphertext_attestations/T1_Plain_TADP_client_000_r6_c59e11230375b7ef__55faa3bfa22ce802.json,,,,,,,,,,,,,,,9e0c50b7c899ba39a1e192ffdbdc27678418aceaf7a4577c84305f95d5ca27d0,28b9a83b4cbd6bcd3c965c197841eb1d2c64a10effc18331dadc6456f89482b4,,
13,91bc96732b88eeec3c1b0e772148d4cc,9807b00ec9f05c0ed690f948a024469da45a3923628918d48e6175fa51233777,2026-08-22T17:40:50.543154+00:00,TADP-SEC/12.1,CLIENT_ACCEPTED_SUBMISSION,T1_Plain_TADP,,,,client_000,,,,,,,,,,,2.3-phase1-fixed-threshold-critical-floor-review-profile,47dd2e58be138865a6d591a63329509757be6b563afb2badb96beb09eac726e5,a663ab753fcbe1179628a237bb638420356ea261176b970e3553fa59bfe7e9d6,1c154f7d4e37aa15e037310f6b45ff14a874311a582c673470a238929d8125dd,8d877b4c3b654a235066cdd49bf4c7e04e1b662c0cf44a17b54811ea50677e11,VALIDATED_EVIDENCE_BUNDLE,,,,,,,,,,,,,,,,,,,,,,,,UPDATE_SUBMITTED_ENFORCED,,False,NOT_REQUIRED_AUTOMATED_POLICY,False,,,,,,,,,,,,,C1_PUBLIC,1,,,,,,,,6f8a5214daf0d8d5188f7da84fe0931408bac9ce898d47d09d53366ef6cfe2b8,c068640bad122342de0e81050f313e88a0b5bf947d459a5df25df6b117f89be9,,,2026-08-23T17:18:04.591571+00:00,47e8cc0fe5b1697a3806f5393cfbd09d,,,,,02a004077765517e54657a1072e98c5ff8b30be1276296850f021743aa43481c,78017c76e31288027c7db8223d4e56a84da9c1b408d2bc35093da2930a70d20b,,,2026-08-22T18:40:43.929834+00:00,eb562985f77fc8a152d2d22d15bfd3f4695b107bdaa4c375fc5dde2be0f10805,active,,,7,ACCEPTED,ALL_BASELINE_CONTROLS,,,,True,True,True,True,True,False,oXJ5h9GHeXLhH+IXipkEgKfAbaa+VvqUPBFOx5ukiAg=,b089a615c6704cbad91749dd90a123c8c08e17068a27c494a191675a07329348,lhIS+WjWdu7nwVo2eeSh1fX8D+pCzpAo3q6D86Frg0w=,2b2da7cb23fae5b0d4bb851a2a00472352073a270db8593c49ba01d7e86b7ee8,3h6N4ItdmzOMm74AoZGSj+Rl5gfGl0YzJycehgE+Ros=,29ac3bebc7d8bf95fc566b7fd18bb82a91593b8a3a0877f87ec4350551f94d53,,,,,,,,,,,,,,,,,ca3e22a04874f03f887e12815c0b34ba22f8fda1733a263c7a039ee4f52a874c,audit_trails/artifacts/accepted_runtime_submissions/T1_Plain_TADP_client_000_r7_b089a615c6704cba__ca3e22a04874f03f.json,,,,,,,,,,,,,28b9a83b4cbd6bcd3c965c197841eb1d2c64a10effc18331dadc6456f89482b4,db8b219aae16c0739dd96048972af7c8aea9442cdc00d1fb4ce65823eea59b4d,,
14,8e98eb180b2cfb0d401ce4db45770328,9807b00ec9f05c0ed690f948a024469da45a3923628918d48e6175fa51233777,2026-08-22T17:40:50.557780+00:00,TADP-SEC/12.1,CLIENT_CIPHERTEXT_BINDING,T1_Plain_TADP,,,,client_000,,,,,,,,,,,,,,,,,,,,,,,,,,,,,,,,,,,,,,,,CIPHERTEXT_BOUND_TO_SIGNED_UPDATE,,,,,,,,,,,,,,,,,C1_PUBLIC,1,,,,,,,,,,,,,47e8cc0fe5b1697a3806f5393cfbd09d,,,,,,,,,,,,,,7,VERIFIED,,,,,True,,,,,False,oXJ5h9GHeXLhH+IXipkEgKfAbaa+VvqUPBFOx5ukiAg=,b089a615c6704cbad91749dd90a123c8c08e17068a27c494a191675a07329348,lhIS+WjWdu7nwVo2eeSh1fX8D+pCzpAo3q6D86Frg0w=,ea6adbdd40e158c11b532fee2856bbfd789a1b8970ddf8a8fb30beb7c6b33100,3h6N4ItdmzOMm74AoZGSj+Rl5gfGl0YzJycehgE+Ros=,29ac3bebc7d8bf95fc566b7fd18bb82a91593b8a3a0877f87ec4350551f94d53,plaintext_update_no_noise,reference_python,n=|logq=|scale=|scheme=plain,plain,,,,,,,,,f62b50d3caea7cf4611c959678972abe038d2491a4a70a626fc75d5554207aa0,,d49f8578bd8fde3022cdf6fecd6d028bda484bcf4d50069c6e92b5b62aafc4ae,audit_trails/artifacts/ciphertext_attestations/T1_Plain_TADP_client_000_r7_7468614a55bb6f38__d49f8578bd8fde30.json,,,,,,,,,,,,,,,db8b219aae16c0739dd96048972af7c8aea9442cdc00d1fb4ce65823eea59b4d,43ab7ae7cbd94db6cbeed1a5b2d3bb1b77aa9463a49e137233cecdc85648f735,,
15,91b4ec3d5e1b2d74a8524b4d27902c38,9807b00ec9f05c0ed690f948a024469da45a3923628918d48e6175fa51233777,2026-08-22T17:40:51.465546+00:00,TADP-SEC/12.1,CLIENT_ACCEPTED_SUBMISSION,T1_Plain_TADP,,,,client_000,,,,,,,,,,,2.3-phase1-fixed-threshold-critical-floor-review-profile,47dd2e58be138865a6d591a63329509757be6b563afb2badb96beb09eac726e5,a663ab753fcbe1179628a237bb638420356ea261176b970e3553fa59bfe7e9d6,1c154f7d4e37aa15e037310f6b45ff14a874311a582c673470a238929d8125dd,8d877b4c3b654a235066cdd49bf4c7e04e1b662c0cf44a17b54811ea50677e11,VALIDATED_EVIDENCE_BUNDLE,,,,,,,,,,,,,,,,,,,,,,,,UPDATE_SUBMITTED_ENFORCED,,False,NOT_REQUIRED_AUTOMATED_POLICY,False,,,,,,,,,,,,,C1_PUBLIC,1,,,,,,,,6f8a5214daf0d8d5188f7da84fe0931408bac9ce898d47d09d53366ef6cfe2b8,c068640bad122342de0e81050f313e88a0b5bf947d459a5df25df6b117f89be9,,,2026-08-23T17:18:04.591571+00:00,47e8cc0fe5b1697a3806f5393cfbd09d,,,,,02a004077765517e54657a1072e98c5ff8b30be1276296850f021743aa43481c,78017c76e31288027c7db8223d4e56a84da9c1b408d2bc35093da2930a70d20b,,,2026-08-22T18:40:43.929834+00:00,eb562985f77fc8a152d2d22d15bfd3f4695b107bdaa4c375fc5dde2be0f10805,active,,,8,ACCEPTED,ALL_BASELINE_CONTROLS,,,,True,True,True,True,True,False,Rq9LYYFm25j7VDr6CJYyUt22qTQLVRmZi+iCdRvXKII=,3479827c029c0591a2e7b1e1794fd6ba4fbbff379f2999079d87232eb1fe506f,lhIS+WjWdu7nwVo2eeSh1fX8D+pCzpAo3q6D86Frg0w=,a2982e449b9da4faad1ae8aa9a1f9d48768c92de17351b6f126822431c6b35d5,KlFmRu1iV/5fANH1o6LX+pqxG4FxKDK9hRQusGZdFOw=,29ac3bebc7d8bf95fc566b7fd18bb82a91593b8a3a0877f87ec4350551f94d53,,,,,,,,,,,,,,,,,c7fbf1021827c84011eb5b13cb039c7d6f0e5e45b0f77d5e221b1015917f60cc,audit_trails/artifacts/accepted_runtime_submissions/T1_Plain_TADP_client_000_r8_3479827c029c0591__c7fbf1021827c840.json,,,,,,,,,,,,,43ab7ae7cbd94db6cbeed1a5b2d3bb1b77aa9463a49e137233cecdc85648f735,4d139176bc72e21ace3e077b47c0700cd7c1d986507d0a339f7ef17f9b12789d,,
16,8ec69477a484d66f826ac227f9920720,9807b00ec9f05c0ed690f948a024469da45a3923628918d48e6175fa51233777,2026-08-22T17:40:51.479611+00:00,TADP-SEC/12.1,CLIENT_CIPHERTEXT_BINDING,T1_Plain_TADP,,,,client_000,,,,,,,,,,,,,,,,,,,,,,,,,,,,,,,,,,,,,,,,CIPHERTEXT_BOUND_TO_SIGNED_UPDATE,,,,,,,,,,,,,,,,,C1_PUBLIC,1,,,,,,,,,,,,,47e8cc0fe5b1697a3806f5393cfbd09d,,,,,,,,,,,,,,8,VERIFIED,,,,,True,,,,,False,Rq9LYYFm25j7VDr6CJYyUt22qTQLVRmZi+iCdRvXKII=,3479827c029c0591a2e7b1e1794fd6ba4fbbff379f2999079d87232eb1fe506f,lhIS+WjWdu7nwVo2eeSh1fX8D+pCzpAo3q6D86Frg0w=,1bf0ac83950eec2784845ba5512a214c18bc91f5f34c34530544a43dbae71b43,KlFmRu1iV/5fANH1o6LX+pqxG4FxKDK9hRQusGZdFOw=,29ac3bebc7d8bf95fc566b7fd18bb82a91593b8a3a0877f87ec4350551f94d53,plaintext_update_no_noise,reference_python,n=|logq=|scale=|scheme=plain,plain,,,,,,,,,f62b50d3caea7cf4611c959678972abe038d2491a4a70a626fc75d5554207aa0,,58238a9b3e3031af2b175284b06b897809ce9f5ad400684eac42cbe05a87acac,audit_trails/artifacts/ciphertext_attestations/T1_Plain_TADP_client_000_r8_b7cab86ac2517a82__58238a9b3e3031af.json,,,,,,,,,,,,,,,4d139176bc72e21ace3e077b47c0700cd7c1d986507d0a339f7ef17f9b12789d,be83014b79fe7680bd961f42aa0806e7ffa683184a7f33ce94f31688fa3b6f81,,
17,d6c7f16e8ff6fa34f9243a40267c1f24,9807b00ec9f05c0ed690f948a024469da45a3923628918d48e6175fa51233777,2026-08-22T17:40:52.381849+00:00,TADP-SEC/12.1,CLIENT_ACCEPTED_SUBMISSION,T1_Plain_TADP,,,,client_000,,,,,,,,,,,2.3-phase1-fixed-threshold-critical-floor-review-profile,47dd2e58be138865a6d591a63329509757be6b563afb2badb96beb09eac726e5,a663ab753fcbe1179628a237bb638420356ea261176b970e3553fa59bfe7e9d6,1c154f7d4e37aa15e037310f6b45ff14a874311a582c673470a238929d8125dd,8d877b4c3b654a235066cdd49bf4c7e04e1b662c0cf44a17b54811ea50677e11,VALIDATED_EVIDENCE_BUNDLE,,,,,,,,,,,,,,,,,,,,,,,,UPDATE_SUBMITTED_ENFORCED,,False,NOT_REQUIRED_AUTOMATED_POLICY,False,,,,,,,,,,,,,C1_PUBLIC,1,,,,,,,,6f8a5214daf0d8d5188f7da84fe0931408bac9ce898d47d09d53366ef6cfe2b8,c068640bad122342de0e81050f313e88a0b5bf947d459a5df25df6b117f89be9,,,2026-08-23T17:18:04.591571+00:00,47e8cc0fe5b1697a3806f5393cfbd09d,,,,,02a004077765517e54657a1072e98c5ff8b30be1276296850f021743aa43481c,78017c76e31288027c7db8223d4e56a84da9c1b408d2bc35093da2930a70d20b,,,2026-08-22T18:40:43.929834+00:00,eb562985f77fc8a152d2d22d15bfd3f4695b107bdaa4c375fc5dde2be0f10805,active,,,9,ACCEPTED,ALL_BASELINE_CONTROLS,,,,True,True,True,True,True,False,PK2gcR6lT/wsB8+gDs+LJy800WQwWC2KYDE3/tzPAEA=,c8b14c3ef6c2b186b977fb3f4f4c7e91a2ffd98d08354754fb0832e4ec78c06e,lhIS+WjWdu7nwVo2eeSh1fX8D+pCzpAo3q6D86Frg0w=,381a7a0ea9ac2607a8569856f31aca733fa2155045049e3d4db86aa6dd58d22f,jCASqu+crwdQbcZoAdvxMD9VyuGPCIN+BG44ejF11pg=,29ac3bebc7d8bf95fc566b7fd18bb82a91593b8a3a0877f87ec4350551f94d53,,,,,,,,,,,,,,,,,373b889798f301eeb4aa84b9c193c1846a31d603a71a601982980834034cf105,audit_trails/artifacts/accepted_runtime_submissions/T1_Plain_TADP_client_000_r9_c8b14c3ef6c2b186__373b889798f301ee.json,,,,,,,,,,,,,be83014b79fe7680bd961f42aa0806e7ffa683184a7f33ce94f31688fa3b6f81,a65893fae217620387814e8bdbc974e03f06b9be7155fdb65ff963967f0f82af,,
18,933b693bcc491c01a054636661c608bf,9807b00ec9f05c0ed690f948a024469da45a3923628918d48e6175fa51233777,2026-08-22T17:40:52.396406+00:00,TADP-SEC/12.1,CLIENT_CIPHERTEXT_BINDING,T1_Plain_TADP,,,,client_000,,,,,,,,,,,,,,,,,,,,,,,,,,,,,,,,,,,,,,,,CIPHERTEXT_BOUND_TO_SIGNED_UPDATE,,,,,,,,,,,,,,,,,C1_PUBLIC,1,,,,,,,,,,,,,47e8cc0fe5b1697a3806f5393cfbd09d,,,,,,,,,,,,,,9,VERIFIED,,,,,True,,,,,False,PK2gcR6lT/wsB8+gDs+LJy800WQwWC2KYDE3/tzPAEA=,c8b14c3ef6c2b186b977fb3f4f4c7e91a2ffd98d08354754fb0832e4ec78c06e,lhIS+WjWdu7nwVo2eeSh1fX8D+pCzpAo3q6D86Frg0w=,eef826f1b0c488e3cf6911295470b52fd9ea2cb04d82c578cad3461a26794534,jCASqu+crwdQbcZoAdvxMD9VyuGPCIN+BG44ejF11pg=,29ac3bebc7d8bf95fc566b7fd18bb82a91593b8a3a0877f87ec4350551f94d53,plaintext_update_no_noise,reference_python,n=|logq=|scale=|scheme=plain,plain,,,,,,,,,f62b50d3caea7cf4611c959678972abe038d2491a4a70a626fc75d5554207aa0,,899d78b06ba53c45dfa0b4a5c6f4c6a6c8b3871ad5f06fdf37545351d3446c8d,audit_trails/artifacts/ciphertext_attestations/T1_Plain_TADP_client_000_r9_5e6c3ead1d6a366b__899d78b06ba53c45.json,,,,,,,,,,,,,,,a65893fae217620387814e8bdbc974e03f06b9be7155fdb65ff963967f0f82af,1c4b41b4b48865f41fe7e9f1d83d70b110aac86fcfaae27f7ae1870bc86b5a21,,
19,64c99669f95826ed568253e156aa10db,9807b00ec9f05c0ed690f948a024469da45a3923628918d48e6175fa51233777,2026-08-22T17:40:53.301213+00:00,TADP-SEC/12.1,CLIENT_ACCEPTED_SUBMISSION,T1_Plain_TADP,,,,client_000,,,,,,,,,,,2.3-phase1-fixed-threshold-critical-floor-review-profile,47dd2e58be138865a6d591a63329509757be6b563afb2badb96beb09eac726e5,a663ab753fcbe1179628a237bb638420356ea261176b970e3553fa59bfe7e9d6,1c154f7d4e37aa15e037310f6b45ff14a874311a582c673470a238929d8125dd,8d877b4c3b654a235066cdd49bf4c7e04e1b662c0cf44a17b54811ea50677e11,VALIDATED_EVIDENCE_BUNDLE,,,,,,,,,,,,,,,,,,,,,,,,UPDATE_SUBMITTED_ENFORCED,,False,NOT_REQUIRED_AUTOMATED_POLICY,False,,,,,,,,,,,,,C1_PUBLIC,1,,,,,,,,6f8a5214daf0d8d5188f7da84fe0931408bac9ce898d47d09d53366ef6cfe2b8,c068640bad122342de0e81050f313e88a0b5bf947d459a5df25df6b117f89be9,,,2026-08-23T17:18:04.591571+00:00,47e8cc0fe5b1697a3806f5393cfbd09d,,,,,02a004077765517e54657a1072e98c5ff8b30be1276296850f021743aa43481c,78017c76e31288027c7db8223d4e56a84da9c1b408d2bc35093da2930a70d20b,,,2026-08-22T18:40:43.929834+00:00,eb562985f77fc8a152d2d22d15bfd3f4695b107bdaa4c375fc5dde2be0f10805,active,,,10,ACCEPTED,ALL_BASELINE_CONTROLS,,,,True,True,True,True,True,False,+cdlIL/KrTr4AullhYJPxKr8ubyubijdMUq6AmEIQys=,7f2b7844fdf7451b5ece108f8529f2d3f8591276059a2d341afad4b88a349908,lhIS+WjWdu7nwVo2eeSh1fX8D+pCzpAo3q6D86Frg0w=,c8fa70a3efbb8d76549c037e1a161fad9ee096d3c7b6599731beef74c120690c,m87fQzZwf/9g5HYDpsdcS4RGZKRB8Thu7++xJYtIIqA=,29ac3bebc7d8bf95fc566b7fd18bb82a91593b8a3a0877f87ec4350551f94d53,,,,,,,,,,,,,,,,,f35bb15c8f96d21ac2bd7c50fd12672638777011d72defaf854fe9819b37f3f0,audit_trails/artifacts/accepted_runtime_submissions/T1_Plain_TADP_client_000_r10_7f2b7844fdf7451b__f35bb15c8f96d21a.json,,,,,,,,,,,,,1c4b41b4b48865f41fe7e9f1d83d70b110aac86fcfaae27f7ae1870bc86b5a21,288852f613a796547f6db6dc038525831f6a342eddc60a792e4bf7df8bbb327d,,
20,9e78d65196ef9e6518fbd28ca59b1562,9807b00ec9f05c0ed690f948a024469da45a3923628918d48e6175fa51233777,2026-08-22T17:40:53.316011+00:00,TADP-SEC/12.1,CLIENT_CIPHERTEXT_BINDING,T1_Plain_TADP,,,,client_000,,,,,,,,,,,,,,,,,,,,,,,,,,,,,,,,,,,,,,,,CIPHERTEXT_BOUND_TO_SIGNED_UPDATE,,,,,,,,,,,,,,,,,C1_PUBLIC,1,,,,,,,,,,,,,47e8cc0fe5b1697a3806f5393cfbd09d,,,,,,,,,,,,,,10,VERIFIED,,,,,True,,,,,False,+cdlIL/KrTr4AullhYJPxKr8ubyubijdMUq6AmEIQys=,7f2b7844fdf7451b5ece108f8529f2d3f8591276059a2d341afad4b88a349908,lhIS+WjWdu7nwVo2eeSh1fX8D+pCzpAo3q6D86Frg0w=,8ea1b179ddd81f330df88f40ed4497d666a84d36bec11b8f7ab716f473f5727d,m87fQzZwf/9g5HYDpsdcS4RGZKRB8Thu7++xJYtIIqA=,29ac3bebc7d8bf95fc566b7fd18bb82a91593b8a3a0877f87ec4350551f94d53,plaintext_update_no_noise,reference_python,n=|logq=|scale=|scheme=plain,plain,,,,,,,,,f62b50d3caea7cf4611c959678972abe038d2491a4a70a626fc75d5554207aa0,,4c8e6cbcdbbdd872638ff0f0716c5a7953f88a7f390bf55587c04eec95080db6,audit_trails/artifacts/ciphertext_attestations/T1_Plain_TADP_client_000_r10_9a315eb9163798c1__4c8e6cbcdbbdd872.json,,,,,,,,,,,,,,,288852f613a796547f6db6dc038525831f6a342eddc60a792e4bf7df8bbb327d,7821afa55624a0b2d41c645e65f30946e6c1164f239e6a72c7e7f3ca6563c08d,,
21,764e0a8b2f21cc914f60a8ad7d3aeb28,9807b00ec9f05c0ed690f948a024469da45a3923628918d48e6175fa51233777,2026-08-22T17:40:54.252298+00:00,TADP-SEC/12.1,CLIENT_ACCEPTED_SUBMISSION,T1_Plain_TADP,,,,client_000,,,,,,,,,,,2.3-phase1-fixed-threshold-critical-floor-review-profile,47dd2e58be138865a6d591a63329509757be6b563afb2badb96beb09eac726e5,a663ab753fcbe1179628a237bb638420356ea261176b970e3553fa59bfe7e9d6,1c154f7d4e37aa15e037310f6b45ff14a874311a582c673470a238929d8125dd,8d877b4c3b654a235066cdd49bf4c7e04e1b662c0cf44a17b54811ea50677e11,VALIDATED_EVIDENCE_BUNDLE,,,,,,,,,,,,,,,,,,,,,,,,UPDATE_SUBMITTED_ENFORCED,,False,NOT_REQUIRED_AUTOMATED_POLICY,False,,,,,,,,,,,,,C1_PUBLIC,1,,,,,,,,6f8a5214daf0d8d5188f7da84fe0931408bac9ce898d47d09d53366ef6cfe2b8,c068640bad122342de0e81050f313e88a0b5bf947d459a5df25df6b117f89be9,,,2026-08-23T17:18:04.591571+00:00,47e8cc0fe5b1697a3806f5393cfbd09d,,,,,02a004077765517e54657a1072e98c5ff8b30be1276296850f021743aa43481c,78017c76e31288027c7db8223d4e56a84da9c1b408d2bc35093da2930a70d20b,,,2026-08-22T18:40:43.929834+00:00,eb562985f77fc8a152d2d22d15bfd3f4695b107bdaa4c375fc5dde2be0f10805,active,,,11,ACCEPTED,ALL_BASELINE_CONTROLS,,,,True,True,True,True,True,False,DhLk3ZrPAvi34vxrU3bZrDlPMifcimPrMVF3vOsd2e0=,1cdb7f779f861e26bd9d7a3fb648f2a7134389a8a491f2c3348a40fadea33793,lhIS+WjWdu7nwVo2eeSh1fX8D+pCzpAo3q6D86Frg0w=,c70171e840222eda5f6366693d57a5d9bd8300f123d245d0a553610eb0ab6266,R+BLCbLBjs5V2TliHa7yrLWqEc/Pfs6k4/p8SyJuS9k=,29ac3bebc7d8bf95fc566b7fd18bb82a91593b8a3a0877f87ec4350551f94d53,,,,,,,,,,,,,,,,,8bc9fc3f235154591c045760bb8bcaefdef1428a33369bcbbe1c913bc4965755,audit_trails/artifacts/accepted_runtime_submissions/T1_Plain_TADP_client_000_r11_1cdb7f779f861e26__8bc9fc3f23515459.json,,,,,,,,,,,,,7821afa55624a0b2d41c645e65f30946e6c1164f239e6a72c7e7f3ca6563c08d,d306afd6ce2befb98d450309002e45ef1463abbf42790732ba2ff0f087caaba4,,
22,253331678ef2e1a261cba3ebeb8b4e6a,9807b00ec9f05c0ed690f948a024469da45a3923628918d48e6175fa51233777,2026-08-22T17:40:54.266921+00:00,TADP-SEC/12.1,CLIENT_CIPHERTEXT_BINDING,T1_Plain_TADP,,,,client_000,,,,,,,,,,,,,,,,,,,,,,,,,,,,,,,,,,,,,,,,CIPHERTEXT_BOUND_TO_SIGNED_UPDATE,,,,,,,,,,,,,,,,,C1_PUBLIC,1,,,,,,,,,,,,,47e8cc0fe5b1697a3806f5393cfbd09d,,,,,,,,,,,,,,11,VERIFIED,,,,,True,,,,,False,DhLk3ZrPAvi34vxrU3bZrDlPMifcimPrMVF3vOsd2e0=,1cdb7f779f861e26bd9d7a3fb648f2a7134389a8a491f2c3348a40fadea33793,lhIS+WjWdu7nwVo2eeSh1fX8D+pCzpAo3q6D86Frg0w=,39ea17d782431bd633b33492e9dee66dd0d55a42d1794ea659a3313d3992fb24,R+BLCbLBjs5V2TliHa7yrLWqEc/Pfs6k4/p8SyJuS9k=,29ac3bebc7d8bf95fc566b7fd18bb82a91593b8a3a0877f87ec4350551f94d53,plaintext_update_no_noise,reference_python,n=|logq=|scale=|scheme=plain,plain,,,,,,,,,f62b50d3caea7cf4611c959678972abe038d2491a4a70a626fc75d5554207aa0,,61b4b9e6481b2044ba5f6c754ad82dcbbbdca33ab8a3a953ffb8b673669d1068,audit_trails/artifacts/ciphertext_attestations/T1_Plain_TADP_client_000_r11_635ddebaf37ee0cc__61b4b9e6481b2044.json,,,,,,,,,,,,,,,d306afd6ce2befb98d450309002e45ef1463abbf42790732ba2ff0f087caaba4,eabf1588949bffd8121051ab759df98d42227e3515cf8517d06ebfb2adfda995,,
23,52d5099520b13a7ce229e3d1a4001ff3,9807b00ec9f05c0ed690f948a024469da45a3923628918d48e6175fa51233777,2026-08-22T17:40:55.192723+00:00,TADP-SEC/12.1,CLIENT_ACCEPTED_SUBMISSION,T1_Plain_TADP,,,,client_000,,,,,,,,,,,2.3-phase1-fixed-threshold-critical-floor-review-profile,47dd2e58be138865a6d591a63329509757be6b563afb2badb96beb09eac726e5,a663ab753fcbe1179628a237bb638420356ea261176b970e3553fa59bfe7e9d6,1c154f7d4e37aa15e037310f6b45ff14a874311a582c673470a238929d8125dd,8d877b4c3b654a235066cdd49bf4c7e04e1b662c0cf44a17b54811ea50677e11,VALIDATED_EVIDENCE_BUNDLE,,,,,,,,,,,,,,,,,,,,,,,,UPDATE_SUBMITTED_ENFORCED,,False,NOT_REQUIRED_AUTOMATED_POLICY,False,,,,,,,,,,,,,C1_PUBLIC,1,,,,,,,,6f8a5214daf0d8d5188f7da84fe0931408bac9ce898d47d09d53366ef6cfe2b8,c068640bad122342de0e81050f313e88a0b5bf947d459a5df25df6b117f89be9,,,2026-08-23T17:18:04.591571+00:00,47e8cc0fe5b1697a3806f5393cfbd09d,,,,,02a004077765517e54657a1072e98c5ff8b30be1276296850f021743aa43481c,78017c76e31288027c7db8223d4e56a84da9c1b408d2bc35093da2930a70d20b,,,2026-08-22T18:40:43.929834+00:00,eb562985f77fc8a152d2d22d15bfd3f4695b107bdaa4c375fc5dde2be0f10805,active,,,12,ACCEPTED,ALL_BASELINE_CONTROLS,,,,True,True,True,True,True,False,NfuzRGfri7hQVah6x8k+6tB0uwzWMT2lg4k74Al3uLg=,bc030758d0f697377b68a18eec8071d2f7e2211b5a7566163353196e2916c55d,lhIS+WjWdu7nwVo2eeSh1fX8D+pCzpAo3q6D86Frg0w=,5d19bd45703680be25def1de0c3ca72391a3a206a26b814bad5eedf17908665e,JRPHujLeZhtVDfAL9XGXlW7Z2uV1toawAdVsuFRCpHw=,29ac3bebc7d8bf95fc566b7fd18bb82a91593b8a3a0877f87ec4350551f94d53,,,,,,,,,,,,,,,,,75a4039476b6c9e6804276bd6ba3dc49c99f18adbfd558b6700217f3c9d88a47,audit_trails/artifacts/accepted_runtime_submissions/T1_Plain_TADP_client_000_r12_bc030758d0f69737__75a4039476b6c9e6.json,,,,,,,,,,,,,eabf1588949bffd8121051ab759df98d42227e3515cf8517d06ebfb2adfda995,b2ad7fe2614377b0f1f44f1c98e87dc1d989c599f16eb4aadbe2abd6d4573e48,,
24,f28e64e7cfd7a154c85d8e457d7c69a9,9807b00ec9f05c0ed690f948a024469da45a3923628918d48e6175fa51233777,2026-08-22T17:40:55.207574+00:00,TADP-SEC/12.1,CLIENT_CIPHERTEXT_BINDING,T1_Plain_TADP,,,,client_000,,,,,,,,,,,,,,,,,,,,,,,,,,,,,,,,,,,,,,,,CIPHERTEXT_BOUND_TO_SIGNED_UPDATE,,,,,,,,,,,,,,,,,C1_PUBLIC,1,,,,,,,,,,,,,47e8cc0fe5b1697a3806f5393cfbd09d,,,,,,,,,,,,,,12,VERIFIED,,,,,True,,,,,False,NfuzRGfri7hQVah6x8k+6tB0uwzWMT2lg4k74Al3uLg=,bc030758d0f697377b68a18eec8071d2f7e2211b5a7566163353196e2916c55d,lhIS+WjWdu7nwVo2eeSh1fX8D+pCzpAo3q6D86Frg0w=,6b35bae5621f4332e3ecbb63e38cc4c2607133d94847927a4d80883b6f45f404,JRPHujLeZhtVDfAL9XGXlW7Z2uV1toawAdVsuFRCpHw=,29ac3bebc7d8bf95fc566b7fd18bb82a91593b8a3a0877f87ec4350551f94d53,plaintext_update_no_noise,reference_python,n=|logq=|scale=|scheme=plain,plain,,,,,,,,,f62b50d3caea7cf4611c959678972abe038d2491a4a70a626fc75d5554207aa0,,7e9cf0a3935150e87e2fa95323b401c998065824e7c48cc8ae54ff513f41f66e,audit_trails/artifacts/ciphertext_attestations/T1_Plain_TADP_client_000_r12_c5da8ac2cdd8e21b__7e9cf0a3935150e8.json,,,,,,,,,,,,,,,b2ad7fe2614377b0f1f44f1c98e87dc1d989c599f16eb4aadbe2abd6d4573e48,d0048f426882681cbb289f363bcacdfe04a66ed5953ed474ff614df08ef1cf36,,
25,419a34977b4f42ac52d08c774e3b0287,9807b00ec9f05c0ed690f948a024469da45a3923628918d48e6175fa51233777,2026-08-22T17:40:56.146266+00:00,TADP-SEC/12.1,CLIENT_ACCEPTED_SUBMISSION,T1_Plain_TADP,,,,client_000,,,,,,,,,,,2.3-phase1-fixed-threshold-critical-floor-review-profile,47dd2e58be138865a6d591a63329509757be6b563afb2badb96beb09eac726e5,a663ab753fcbe1179628a237bb638420356ea261176b970e3553fa59bfe7e9d6,1c154f7d4e37aa15e037310f6b45ff14a874311a582c673470a238929d8125dd,8d877b4c3b654a235066cdd49bf4c7e04e1b662c0cf44a17b54811ea50677e11,VALIDATED_EVIDENCE_BUNDLE,,,,,,,,,,,,,,,,,,,,,,,,UPDATE_SUBMITTED_ENFORCED,,False,NOT_REQUIRED_AUTOMATED_POLICY,False,,,,,,,,,,,,,C1_PUBLIC,1,,,,,,,,6f8a5214daf0d8d5188f7da84fe0931408bac9ce898d47d09d53366ef6cfe2b8,c068640bad122342de0e81050f313e88a0b5bf947d459a5df25df6b117f89be9,,,2026-08-23T17:18:04.591571+00:00,47e8cc0fe5b1697a3806f5393cfbd09d,,,,,02a004077765517e54657a1072e98c5ff8b30be1276296850f021743aa43481c,78017c76e31288027c7db8223d4e56a84da9c1b408d2bc35093da2930a70d20b,,,2026-08-22T18:40:43.929834+00:00,eb562985f77fc8a152d2d22d15bfd3f4695b107bdaa4c375fc5dde2be0f10805,active,,,13,ACCEPTED,ALL_BASELINE_CONTROLS,,,,True,True,True,True,True,False,w8iAk3ZBLQ54Jq0ExOUvT2tJnhV+Ex00+7n4ngJ8Xvg=,bb4f62181becf870624b2266ea747951b8cfc30bad2b25b09bff5da73ea20816,lhIS+WjWdu7nwVo2eeSh1fX8D+pCzpAo3q6D86Frg0w=,3dff15a1c5285483645807d2bccc92d7ecd2fb89e592db80b35d017a5b4c1a37,zWfteduMxGTCm157ecrE3FKZGRp/B5jWy/qGrKq3Bxs=,29ac3bebc7d8bf95fc566b7fd18bb82a91593b8a3a0877f87ec4350551f94d53,,,,,,,,,,,,,,,,,0b790705aadf1c997a801d16affa0e35fc58678744ac3415cf470affa0835589,audit_trails/artifacts/accepted_runtime_submissions/T1_Plain_TADP_client_000_r13_bb4f62181becf870__0b790705aadf1c99.json,,,,,,,,,,,,,d0048f426882681cbb289f363bcacdfe04a66ed5953ed474ff614df08ef1cf36,b1be19624216109c8fc29d14352896e23f7c0a6c7ef71a30caef8124924c9be3,,
26,c6192f2bb53e2b45ce1083a5bfe3145e,9807b00ec9f05c0ed690f948a024469da45a3923628918d48e6175fa51233777,2026-08-22T17:40:56.161075+00:00,TADP-SEC/12.1,CLIENT_CIPHERTEXT_BINDING,T1_Plain_TADP,,,,client_000,,,,,,,,,,,,,,,,,,,,,,,,,,,,,,,,,,,,,,,,CIPHERTEXT_BOUND_TO_SIGNED_UPDATE,,,,,,,,,,,,,,,,,C1_PUBLIC,1,,,,,,,,,,,,,47e8cc0fe5b1697a3806f5393cfbd09d,,,,,,,,,,,,,,13,VERIFIED,,,,,True,,,,,False,w8iAk3ZBLQ54Jq0ExOUvT2tJnhV+Ex00+7n4ngJ8Xvg=,bb4f62181becf870624b2266ea747951b8cfc30bad2b25b09bff5da73ea20816,lhIS+WjWdu7nwVo2eeSh1fX8D+pCzpAo3q6D86Frg0w=,2313a8cc54e435c88bacaf20596331f9290c26c7af8a44d66d9612c1f19c6aca,zWfteduMxGTCm157ecrE3FKZGRp/B5jWy/qGrKq3Bxs=,29ac3bebc7d8bf95fc566b7fd18bb82a91593b8a3a0877f87ec4350551f94d53,plaintext_update_no_noise,reference_python,n=|logq=|scale=|scheme=plain,plain,,,,,,,,,f62b50d3caea7cf4611c959678972abe038d2491a4a70a626fc75d5554207aa0,,517b7218f39760a74f4b28bcb971484af2e73bf9c54ced5f741545f2debffe3c,audit_trails/artifacts/ciphertext_attestations/T1_Plain_TADP_client_000_r13_becd36a1780a0570__517b7218f39760a7.json,,,,,,,,,,,,,,,b1be19624216109c8fc29d14352896e23f7c0a6c7ef71a30caef8124924c9be3,265a7cc0071301addf7790124dc15e7466ff248114fa8afc8a44877b643619e0,,
27,0cf7fb60906f51265b76fd91fefb6f99,9807b00ec9f05c0ed690f948a024469da45a3923628918d48e6175fa51233777,2026-08-22T17:40:57.081472+00:00,TADP-SEC/12.1,CLIENT_ACCEPTED_SUBMISSION,T1_Plain_TADP,,,,client_000,,,,,,,,,,,2.3-phase1-fixed-threshold-critical-floor-review-profile,47dd2e58be138865a6d591a63329509757be6b563afb2badb96beb09eac726e5,a663ab753fcbe1179628a237bb638420356ea261176b970e3553fa59bfe7e9d6,1c154f7d4e37aa15e037310f6b45ff14a874311a582c673470a238929d8125dd,8d877b4c3b654a235066cdd49bf4c7e04e1b662c0cf44a17b54811ea50677e11,VALIDATED_EVIDENCE_BUNDLE,,,,,,,,,,,,,,,,,,,,,,,,UPDATE_SUBMITTED_ENFORCED,,False,NOT_REQUIRED_AUTOMATED_POLICY,False,,,,,,,,,,,,,C1_PUBLIC,1,,,,,,,,6f8a5214daf0d8d5188f7da84fe0931408bac9ce898d47d09d53366ef6cfe2b8,c068640bad122342de0e81050f313e88a0b5bf947d459a5df25df6b117f89be9,,,2026-08-23T17:18:04.591571+00:00,47e8cc0fe5b1697a3806f5393cfbd09d,,,,,02a004077765517e54657a1072e98c5ff8b30be1276296850f021743aa43481c,78017c76e31288027c7db8223d4e56a84da9c1b408d2bc35093da2930a70d20b,,,2026-08-22T18:40:43.929834+00:00,eb562985f77fc8a152d2d22d15bfd3f4695b107bdaa4c375fc5dde2be0f10805,active,,,14,ACCEPTED,ALL_BASELINE_CONTROLS,,,,True,True,True,True,True,False,x3YCP9eA/v5ZBV6WS0Xh8+sY6POwguVANEWyr36jshA=,d040e165bd28a11029f9e597e5f7356e0b02b34d96642e8e9965d0ca71122846,lhIS+WjWdu7nwVo2eeSh1fX8D+pCzpAo3q6D86Frg0w=,3f21b64ebfeda11c900384230190fbd1708b8183773630e54102757382055924,ecZhNgPDSMzzGUOPG5Hlww1rxGx8GmuytQ5Lhiiryac=,29ac3bebc7d8bf95fc566b7fd18bb82a91593b8a3a0877f87ec4350551f94d53,,,,,,,,,,,,,,,,,73cff5ae8d4355e48f2c8fe371e83470f5f396759aa2d7553ea23b6581afcdd6,audit_trails/artifacts/accepted_runtime_submissions/T1_Plain_TADP_client_000_r14_d040e165bd28a110__73cff5ae8d4355e4.json,,,,,,,,,,,,,265a7cc0071301addf7790124dc15e7466ff248114fa8afc8a44877b643619e0,34b7f56032e401ff555c5ec5c6bd5b03b30257474aaa3f0e0e791862597d6a5c,,
28,076fd1f70c8445ff7deaaa56c2e3ba1b,9807b00ec9f05c0ed690f948a024469da45a3923628918d48e6175fa51233777,2026-08-22T17:40:57.096433+00:00,TADP-SEC/12.1,CLIENT_CIPHERTEXT_BINDING,T1_Plain_TADP,,,,client_000,,,,,,,,,,,,,,,,,,,,,,,,,,,,,,,,,,,,,,,,CIPHERTEXT_BOUND_TO_SIGNED_UPDATE,,,,,,,,,,,,,,,,,C1_PUBLIC,1,,,,,,,,,,,,,47e8cc0fe5b1697a3806f5393cfbd09d,,,,,,,,,,,,,,14,VERIFIED,,,,,True,,,,,False,x3YCP9eA/v5ZBV6WS0Xh8+sY6POwguVANEWyr36jshA=,d040e165bd28a11029f9e597e5f7356e0b02b34d96642e8e9965d0ca71122846,lhIS+WjWdu7nwVo2eeSh1fX8D+pCzpAo3q6D86Frg0w=,4e11b88f080f888c4b6639ad8ab6e62517a40ec5dd6caef3af63aef751aff0fc,ecZhNgPDSMzzGUOPG5Hlww1rxGx8GmuytQ5Lhiiryac=,29ac3bebc7d8bf95fc566b7fd18bb82a91593b8a3a0877f87ec4350551f94d53,plaintext_update_no_noise,reference_python,n=|logq=|scale=|scheme=plain,plain,,,,,,,,,f62b50d3caea7cf4611c959678972abe038d2491a4a70a626fc75d5554207aa0,,d5c90bc41320c501636229c7d9d4e113c280df553d9d53f0c174d76b7642b40e,audit_trails/artifacts/ciphertext_attestations/T1_Plain_TADP_client_000_r14_cc19151791f23c9d__d5c90bc41320c501.json,,,,,,,,,,,,,,,34b7f56032e401ff555c5ec5c6bd5b03b30257474aaa3f0e0e791862597d6a5c,f4d13b90274ef8449c6a7167acba9c6af442359fdda76205d88f57e59b2dbb8f,,
29,2bffb141505792e385f4b21f61ba6c1a,9807b00ec9f05c0ed690f948a024469da45a3923628918d48e6175fa51233777,2026-08-22T17:40:58.003910+00:00,TADP-SEC/12.1,CLIENT_ACCEPTED_SUBMISSION,T1_Plain_TADP,,,,client_000,,,,,,,,,,,2.3-phase1-fixed-threshold-critical-floor-review-profile,47dd2e58be138865a6d591a63329509757be6b563afb2badb96beb09eac726e5,a663ab753fcbe1179628a237bb638420356ea261176b970e3553fa59bfe7e9d6,1c154f7d4e37aa15e037310f6b45ff14a874311a582c673470a238929d8125dd,8d877b4c3b654a235066cdd49bf4c7e04e1b662c0cf44a17b54811ea50677e11,VALIDATED_EVIDENCE_BUNDLE,,,,,,,,,,,,,,,,,,,,,,,,UPDATE_SUBMITTED_ENFORCED,,False,NOT_REQUIRED_AUTOMATED_POLICY,False,,,,,,,,,,,,,C1_PUBLIC,1,,,,,,,,6f8a5214daf0d8d5188f7da84fe0931408bac9ce898d47d09d53366ef6cfe2b8,c068640bad122342de0e81050f313e88a0b5bf947d459a5df25df6b117f89be9,,,2026-08-23T17:18:04.591571+00:00,47e8cc0fe5b1697a3806f5393cfbd09d,,,,,02a004077765517e54657a1072e98c5ff8b30be1276296850f021743aa43481c,78017c76e31288027c7db8223d4e56a84da9c1b408d2bc35093da2930a70d20b,,,2026-08-22T18:40:43.929834+00:00,eb562985f77fc8a152d2d22d15bfd3f4695b107bdaa4c375fc5dde2be0f10805,active,,,15,ACCEPTED,ALL_BASELINE_CONTROLS,,,,True,True,True,True,True,False,auhjmCMlYf3CPDvfF+w8M4G2znV3KGHlU7PV5VF4H3E=,882b5d662b7a191fcb5479c77b6e9e8720285b4be514ebca9391ec695ad6c8ec,lhIS+WjWdu7nwVo2eeSh1fX8D+pCzpAo3q6D86Frg0w=,469da2f8bda077a15377a948c475b1a0459cfc859b5c88c85efd0ea200826ecf,au4CLedHcOlAiI+I41HjgUSXq5a6mbRC7BCIog4Hmsc=,29ac3bebc7d8bf95fc566b7fd18bb82a91593b8a3a0877f87ec4350551f94d53,,,,,,,,,,,,,,,,,7b9c6fb7c11bacf6ec3215a04826d92e042303c7865c5760a32fd7afacfb6fa5,audit_trails/artifacts/accepted_runtime_submissions/T1_Plain_TADP_client_000_r15_882b5d662b7a191f__7b9c6fb7c11bacf6.json,,,,,,,,,,,,,f4d13b90274ef8449c6a7167acba9c6af442359fdda76205d88f57e59b2dbb8f,b593904eda889b8b608ac0f2b3063825f829124f5cb43319397148f8a0bea0ba,,
30,992ed6711e6e5ca5849b745dcd5a6a93,9807b00ec9f05c0ed690f948a024469da45a3923628918d48e6175fa51233777,2026-08-22T17:40:58.018119+00:00,TADP-SEC/12.1,CLIENT_CIPHERTEXT_BINDING,T1_Plain_TADP,,,,client_000,,,,,,,,,,,,,,,,,,,,,,,,,,,,,,,,,,,,,,,,CIPHERTEXT_BOUND_TO_SIGNED_UPDATE,,,,,,,,,,,,,,,,,C1_PUBLIC,1,,,,,,,,,,,,,47e8cc0fe5b1697a3806f5393cfbd09d,,,,,,,,,,,,,,15,VERIFIED,,,,,True,,,,,False,auhjmCMlYf3CPDvfF+w8M4G2znV3KGHlU7PV5VF4H3E=,882b5d662b7a191fcb5479c77b6e9e8720285b4be514ebca9391ec695ad6c8ec,lhIS+WjWdu7nwVo2eeSh1fX8D+pCzpAo3q6D86Frg0w=,4659cca93f571884a584b2f65c0c2566e5fe0c6e958387f6711747e83db3670d,au4CLedHcOlAiI+I41HjgUSXq5a6mbRC7BCIog4Hmsc=,29ac3bebc7d8bf95fc566b7fd18bb82a91593b8a3a0877f87ec4350551f94d53,plaintext_update_no_noise,reference_python,n=|logq=|scale=|scheme=plain,plain,,,,,,,,,f62b50d3caea7cf4611c959678972abe038d2491a4a70a626fc75d5554207aa0,,d1bd313e905044816af527df24442d1fd52003638336fd2ce7b7ae92fabe0627,audit_trails/artifacts/ciphertext_attestations/T1_Plain_TADP_client_000_r15_bc8d19352bc5c969__d1bd313e90504481.json,,,,,,,,,,,,,,,b593904eda889b8b608ac0f2b3063825f829124f5cb43319397148f8a0bea0ba,4abdac7e85c3431aba02774cb5e946a0976167fabcec9d395899839322b5304b,,
31,21a14f0f11753e748c28dc79866bd309,9807b00ec9f05c0ed690f948a024469da45a3923628918d48e6175fa51233777,2026-08-22T17:40:58.966157+00:00,TADP-SEC/12.1,CLIENT_ACCEPTED_SUBMISSION,T1_Plain_TADP,,,,client_000,,,,,,,,,,,2.3-phase1-fixed-threshold-critical-floor-review-profile,47dd2e58be138865a6d591a63329509757be6b563afb2badb96beb09eac726e5,a663ab753fcbe1179628a237bb638420356ea261176b970e3553fa59bfe7e9d6,1c154f7d4e37aa15e037310f6b45ff14a874311a582c673470a238929d8125dd,8d877b4c3b654a235066cdd49bf4c7e04e1b662c0cf44a17b54811ea50677e11,VALIDATED_EVIDENCE_BUNDLE,,,,,,,,,,,,,,,,,,,,,,,,UPDATE_SUBMITTED_ENFORCED,,False,NOT_REQUIRED_AUTOMATED_POLICY,False,,,,,,,,,,,,,C1_PUBLIC,1,,,,,,,,6f8a5214daf0d8d5188f7da84fe0931408bac9ce898d47d09d53366ef6cfe2b8,c068640bad122342de0e81050f313e88a0b5bf947d459a5df25df6b117f89be9,,,2026-08-23T17:18:04.591571+00:00,47e8cc0fe5b1697a3806f5393cfbd09d,,,,,02a004077765517e54657a1072e98c5ff8b30be1276296850f021743aa43481c,78017c76e31288027c7db8223d4e56a84da9c1b408d2bc35093da2930a70d20b,,,2026-08-22T18:40:43.929834+00:00,eb562985f77fc8a152d2d22d15bfd3f4695b107bdaa4c375fc5dde2be0f10805,active,,,16,ACCEPTED,ALL_BASELINE_CONTROLS,,,,True,True,True,True,True,False,9c3HdMqsDWs2tM8+BZ28fDV3MGLyEYIkXuTl8JRTuyY=,63c7648de58351529f06bcfad965ecd96e66d2245a1d0ef7371536cff99c79b5,lhIS+WjWdu7nwVo2eeSh1fX8D+pCzpAo3q6D86Frg0w=,065cae9c7e904cd3ea20e5ae9e9378414a1162739535ee7e1d613d8850c4f812,s0S6mWYnjzbEy+OcYO4DUTxZB/yVjHnYzYgvQve+0YI=,29ac3bebc7d8bf95fc566b7fd18bb82a91593b8a3a0877f87ec4350551f94d53,,,,,,,,,,,,,,,,,7519cce0f0a982908ed0c901c1a55cd8ab8ece300a23b9de7448a6872aa6883d,audit_trails/artifacts/accepted_runtime_submissions/T1_Plain_TADP_client_000_r16_63c7648de5835152__7519cce0f0a98290.json,,,,,,,,,,,,,4abdac7e85c3431aba02774cb5e946a0976167fabcec9d395899839322b5304b,a07faa09277ff5e33813efa5e13cf9940e7119c8b204b69b91fac9a9b9c020e6,,
32,3499114d011c3427f95ce613690cd56b,9807b00ec9f05c0ed690f948a024469da45a3923628918d48e6175fa51233777,2026-08-22T17:40:58.981300+00:00,TADP-SEC/12.1,CLIENT_CIPHERTEXT_BINDING,T1_Plain_TADP,,,,client_000,,,,,,,,,,,,,,,,,,,,,,,,,,,,,,,,,,,,,,,,CIPHERTEXT_BOUND_TO_SIGNED_UPDATE,,,,,,,,,,,,,,,,,C1_PUBLIC,1,,,,,,,,,,,,,47e8cc0fe5b1697a3806f5393cfbd09d,,,,,,,,,,,,,,16,VERIFIED,,,,,True,,,,,False,9c3HdMqsDWs2tM8+BZ28fDV3MGLyEYIkXuTl8JRTuyY=,63c7648de58351529f06bcfad965ecd96e66d2245a1d0ef7371536cff99c79b5,lhIS+WjWdu7nwVo2eeSh1fX8D+pCzpAo3q6D86Frg0w=,0563641b757cdfcc30d76e50c92e6d68c7d2c1d5e1e68dd01fa8689ff6323809,s0S6mWYnjzbEy+OcYO4DUTxZB/yVjHnYzYgvQve+0YI=,29ac3bebc7d8bf95fc566b7fd18bb82a91593b8a3a0877f87ec4350551f94d53,plaintext_update_no_noise,reference_python,n=|logq=|scale=|scheme=plain,plain,,,,,,,,,f62b50d3caea7cf4611c959678972abe038d2491a4a70a626fc75d5554207aa0,,2afc39d051300b8877f26b95f0dad1189ae200222c8ba483960e29f72179505a,audit_trails/artifacts/ciphertext_attestations/T1_Plain_TADP_client_000_r16_935f77d4c6ea04eb__2afc39d051300b88.json,,,,,,,,,,,,,,,a07faa09277ff5e33813efa5e13cf9940e7119c8b204b69b91fac9a9b9c020e6,fff930ab13bb80c16882e337d7e2602be3a569127a60c4af2d87d7547b99ccf4,,
33,a84877e3339c4a572f01a14e57fbcce1,9807b00ec9f05c0ed690f948a024469da45a3923628918d48e6175fa51233777,2026-08-22T17:40:59.899275+00:00,TADP-SEC/12.1,CLIENT_ACCEPTED_SUBMISSION,T1_Plain_TADP,,,,client_000,,,,,,,,,,,2.3-phase1-fixed-threshold-critical-floor-review-profile,47dd2e58be138865a6d591a63329509757be6b563afb2badb96beb09eac726e5,a663ab753fcbe1179628a237bb638420356ea261176b970e3553fa59bfe7e9d6,1c154f7d4e37aa15e037310f6b45ff14a874311a582c673470a238929d8125dd,8d877b4c3b654a235066cdd49bf4c7e04e1b662c0cf44a17b54811ea50677e11,VALIDATED_EVIDENCE_BUNDLE,,,,,,,,,,,,,,,,,,,,,,,,UPDATE_SUBMITTED_ENFORCED,,False,NOT_REQUIRED_AUTOMATED_POLICY,False,,,,,,,,,,,,,C1_PUBLIC,1,,,,,,,,6f8a5214daf0d8d5188f7da84fe0931408bac9ce898d47d09d53366ef6cfe2b8,c068640bad122342de0e81050f313e88a0b5bf947d459a5df25df6b117f89be9,,,2026-08-23T17:18:04.591571+00:00,47e8cc0fe5b1697a3806f5393cfbd09d,,,,,02a004077765517e54657a1072e98c5ff8b30be1276296850f021743aa43481c,78017c76e31288027c7db8223d4e56a84da9c1b408d2bc35093da2930a70d20b,,,2026-08-22T18:40:43.929834+00:00,eb562985f77fc8a152d2d22d15bfd3f4695b107bdaa4c375fc5dde2be0f10805,active,,,17,ACCEPTED,ALL_BASELINE_CONTROLS,,,,True,True,True,True,True,False,vJHSXrQ/1W44Qiv6euXm0sHB5zsTVMJsSe6oW1cT/do=,ec6afdeb365e4515d78d31f17c3df96feac0153dd1a06aa0ed10dd5bbf3e9a30,lhIS+WjWdu7nwVo2eeSh1fX8D+pCzpAo3q6D86Frg0w=,325c5467e3a1d1d80b40cea464810b6160444bf2e7ba4fd2c0df3b1e23defbd3,pMjPceY0uGVgFgwdOBuj0c9jZA2iH2Lvt9+wssQ8ymk=,29ac3bebc7d8bf95fc566b7fd18bb82a91593b8a3a0877f87ec4350551f94d53,,,,,,,,,,,,,,,,,c791fb4c7ce78f300263ab4bcacc4bacb8cad8446a5aa05bfb6544ba45697ad2,audit_trails/artifacts/accepted_runtime_submissions/T1_Plain_TADP_client_000_r17_ec6afdeb365e4515__c791fb4c7ce78f30.json,,,,,,,,,,,,,fff930ab13bb80c16882e337d7e2602be3a569127a60c4af2d87d7547b99ccf4,5e7a94e60cbe8c4fe0f1a265ba775a20c97f93bc171d663f4820600b5bbab856,,
34,17d7b1b83775cb2925e4e8aa667a3732,9807b00ec9f05c0ed690f948a024469da45a3923628918d48e6175fa51233777,2026-08-22T17:40:59.913613+00:00,TADP-SEC/12.1,CLIENT_CIPHERTEXT_BINDING,T1_Plain_TADP,,,,client_000,,,,,,,,,,,,,,,,,,,,,,,,,,,,,,,,,,,,,,,,CIPHERTEXT_BOUND_TO_SIGNED_UPDATE,,,,,,,,,,,,,,,,,C1_PUBLIC,1,,,,,,,,,,,,,47e8cc0fe5b1697a3806f5393cfbd09d,,,,,,,,,,,,,,17,VERIFIED,,,,,True,,,,,False,vJHSXrQ/1W44Qiv6euXm0sHB5zsTVMJsSe6oW1cT/do=,ec6afdeb365e4515d78d31f17c3df96feac0153dd1a06aa0ed10dd5bbf3e9a30,lhIS+WjWdu7nwVo2eeSh1fX8D+pCzpAo3q6D86Frg0w=,9705c13e5e6bfc537ff47c40483c1d0aacd953089aa8901e5ee66eec1f7a4586,pMjPceY0uGVgFgwdOBuj0c9jZA2iH2Lvt9+wssQ8ymk=,29ac3bebc7d8bf95fc566b7fd18bb82a91593b8a3a0877f87ec4350551f94d53,plaintext_update_no_noise,reference_python,n=|logq=|scale=|scheme=plain,plain,,,,,,,,,f62b50d3caea7cf4611c959678972abe038d2491a4a70a626fc75d5554207aa0,,8f898ced95666e8b83a7070e32ae6e742bdd30269e14abe14fac95852c637dcb,audit_trails/artifacts/ciphertext_attestations/T1_Plain_TADP_client_000_r17_1ce527de31fe5f52__8f898ced95666e8b.json,,,,,,,,,,,,,,,5e7a94e60cbe8c4fe0f1a265ba775a20c97f93bc171d663f4820600b5bbab856,f7bf85cab79b0d665e7dfc5959385e10be54635b63bad975f0d16b1b71992a96,,
35,029793cec7cf02cd72464af922a4e174,9807b00ec9f05c0ed690f948a024469da45a3923628918d48e6175fa51233777,2026-08-22T17:41:01.069324+00:00,TADP-SEC/12.1,CLIENT_ACCEPTED_SUBMISSION,T1_Plain_TADP,,,,client_000,,,,,,,,,,,2.3-phase1-fixed-threshold-critical-floor-review-profile,47dd2e58be138865a6d591a63329509757be6b563afb2badb96beb09eac726e5,a663ab753fcbe1179628a237bb638420356ea261176b970e3553fa59bfe7e9d6,1c154f7d4e37aa15e037310f6b45ff14a874311a582c673470a238929d8125dd,8d877b4c3b654a235066cdd49bf4c7e04e1b662c0cf44a17b54811ea50677e11,VALIDATED_EVIDENCE_BUNDLE,,,,,,,,,,,,,,,,,,,,,,,,UPDATE_SUBMITTED_ENFORCED,,False,NOT_REQUIRED_AUTOMATED_POLICY,False,,,,,,,,,,,,,C1_PUBLIC,1,,,,,,,,6f8a5214daf0d8d5188f7da84fe0931408bac9ce898d47d09d53366ef6cfe2b8,c068640bad122342de0e81050f313e88a0b5bf947d459a5df25df6b117f89be9,,,2026-08-23T17:18:04.591571+00:00,47e8cc0fe5b1697a3806f5393cfbd09d,,,,,02a004077765517e54657a1072e98c5ff8b30be1276296850f021743aa43481c,78017c76e31288027c7db8223d4e56a84da9c1b408d2bc35093da2930a70d20b,,,2026-08-22T18:40:43.929834+00:00,eb562985f77fc8a152d2d22d15bfd3f4695b107bdaa4c375fc5dde2be0f10805,active,,,18,ACCEPTED,ALL_BASELINE_CONTROLS,,,,True,True,True,True,True,False,VUC0cHXWXikluX96WALjwLjb1hcn055x/M1Xo0N0a98=,96d347987870fd76769db36e8c8efb29f92752a5be5b63f40b055609ebbc830f,lhIS+WjWdu7nwVo2eeSh1fX8D+pCzpAo3q6D86Frg0w=,18758dc40c8b9348acf3abd3f5a4556342616941aadc7a3f5985947eef2497b2,BAOecOLqGwjf5622Y1dieSjSAHyDD+pvzaeqbM7ykh8=,29ac3bebc7d8bf95fc566b7fd18bb82a91593b8a3a0877f87ec4350551f94d53,,,,,,,,,,,,,,,,,632133a60c866aa0252421921ff2f22df91dc51e301f5b972f70baf5db3ddc52,audit_trails/artifacts/accepted_runtime_submissions/T1_Plain_TADP_client_000_r18_96d347987870fd76__632133a60c866aa0.json,,,,,,,,,,,,,f7bf85cab79b0d665e7dfc5959385e10be54635b63bad975f0d16b1b71992a96,d3ca6a9774ed5e3399ac6827f4eebb5c2c25ca6baadeecc26c530a2cf4dc063b,,
36,09f9b60cdd380cc86cf106420ec5ab46,9807b00ec9f05c0ed690f948a024469da45a3923628918d48e6175fa51233777,2026-08-22T17:41:01.084974+00:00,TADP-SEC/12.1,CLIENT_CIPHERTEXT_BINDING,T1_Plain_TADP,,,,client_000,,,,,,,,,,,,,,,,,,,,,,,,,,,,,,,,,,,,,,,,CIPHERTEXT_BOUND_TO_SIGNED_UPDATE,,,,,,,,,,,,,,,,,C1_PUBLIC,1,,,,,,,,,,,,,47e8cc0fe5b1697a3806f5393cfbd09d,,,,,,,,,,,,,,18,VERIFIED,,,,,True,,,,,False,VUC0cHXWXikluX96WALjwLjb1hcn055x/M1Xo0N0a98=,96d347987870fd76769db36e8c8efb29f92752a5be5b63f40b055609ebbc830f,lhIS+WjWdu7nwVo2eeSh1fX8D+pCzpAo3q6D86Frg0w=,bb2d65f5c3fceb60d2617567add86eb2f9c5ff6c30c8f6e480a74c37765f302e,BAOecOLqGwjf5622Y1dieSjSAHyDD+pvzaeqbM7ykh8=,29ac3bebc7d8bf95fc566b7fd18bb82a91593b8a3a0877f87ec4350551f94d53,plaintext_update_no_noise,reference_python,n=|logq=|scale=|scheme=plain,plain,,,,,,,,,f62b50d3caea7cf4611c959678972abe038d2491a4a70a626fc75d5554207aa0,,7ae28ce11ce68f34391fe7d1c10c927b0c4fc8b6aa6fb675279f14533039f5e4,audit_trails/artifacts/ciphertext_attestations/T1_Plain_TADP_client_000_r18_f3410c4950e94304__7ae28ce11ce68f34.json,,,,,,,,,,,,,,,d3ca6a9774ed5e3399ac6827f4eebb5c2c25ca6baadeecc26c530a2cf4dc063b,68f0925e4865e482d3f287397cf3a9560f46b42a10041ab2abeb9c4628fcffd6,,
37,1672b4b3866d35937504ae379ac1ca08,9807b00ec9f05c0ed690f948a024469da45a3923628918d48e6175fa51233777,2026-08-22T17:41:02.298658+00:00,TADP-SEC/12.1,CLIENT_ACCEPTED_SUBMISSION,T1_Plain_TADP,,,,client_000,,,,,,,,,,,2.3-phase1-fixed-threshold-critical-floor-review-profile,47dd2e58be138865a6d591a63329509757be6b563afb2badb96beb09eac726e5,a663ab753fcbe1179628a237bb638420356ea261176b970e3553fa59bfe7e9d6,1c154f7d4e37aa15e037310f6b45ff14a874311a582c673470a238929d8125dd,8d877b4c3b654a235066cdd49bf4c7e04e1b662c0cf44a17b54811ea50677e11,VALIDATED_EVIDENCE_BUNDLE,,,,,,,,,,,,,,,,,,,,,,,,UPDATE_SUBMITTED_ENFORCED,,False,NOT_REQUIRED_AUTOMATED_POLICY,False,,,,,,,,,,,,,C1_PUBLIC,1,,,,,,,,6f8a5214daf0d8d5188f7da84fe0931408bac9ce898d47d09d53366ef6cfe2b8,c068640bad122342de0e81050f313e88a0b5bf947d459a5df25df6b117f89be9,,,2026-08-23T17:18:04.591571+00:00,47e8cc0fe5b1697a3806f5393cfbd09d,,,,,02a004077765517e54657a1072e98c5ff8b30be1276296850f021743aa43481c,78017c76e31288027c7db8223d4e56a84da9c1b408d2bc35093da2930a70d20b,,,2026-08-22T18:40:43.929834+00:00,eb562985f77fc8a152d2d22d15bfd3f4695b107bdaa4c375fc5dde2be0f10805,active,,,19,ACCEPTED,ALL_BASELINE_CONTROLS,,,,True,True,True,True,True,False,ti2ImGMRWXZNiYy2mTldACe7DusdCSrCmE8yL9LmFIw=,5931414c865932f9b6a89b782b2591d8e992262c3b4de70a0f0034a6ad9c11c0,lhIS+WjWdu7nwVo2eeSh1fX8D+pCzpAo3q6D86Frg0w=,7e43c57bc1c79644b2042482034abb9e0f80504abea8b1bb42c15b72f15fecc7,0b0R1Gmy5wy95T6rjEinCHwgm5toZZFyw44SGsNnxLM=,29ac3bebc7d8bf95fc566b7fd18bb82a91593b8a3a0877f87ec4350551f94d53,,,,,,,,,,,,,,,,,d3436a28485ff8f026242d24f0a6c7b4dab9e4c1777f2f0ba8b28fa1766dd92a,audit_trails/artifacts/accepted_runtime_submissions/T1_Plain_TADP_client_000_r19_5931414c865932f9__d3436a28485ff8f0.json,,,,,,,,,,,,,68f0925e4865e482d3f287397cf3a9560f46b42a10041ab2abeb9c4628fcffd6,49b51b6cb28f5486f567c40c215554f1fd18234b71b257399de5bd3facf67eb5,,
38,6db486af11dd3123c242f600e55f3db3,9807b00ec9f05c0ed690f948a024469da45a3923628918d48e6175fa51233777,2026-08-22T17:41:02.321761+00:00,TADP-SEC/12.1,CLIENT_CIPHERTEXT_BINDING,T1_Plain_TADP,,,,client_000,,,,,,,,,,,,,,,,,,,,,,,,,,,,,,,,,,,,,,,,CIPHERTEXT_BOUND_TO_SIGNED_UPDATE,,,,,,,,,,,,,,,,,C1_PUBLIC,1,,,,,,,,,,,,,47e8cc0fe5b1697a3806f5393cfbd09d,,,,,,,,,,,,,,19,VERIFIED,,,,,True,,,,,False,ti2ImGMRWXZNiYy2mTldACe7DusdCSrCmE8yL9LmFIw=,5931414c865932f9b6a89b782b2591d8e992262c3b4de70a0f0034a6ad9c11c0,lhIS+WjWdu7nwVo2eeSh1fX8D+pCzpAo3q6D86Frg0w=,5be761e65bfd5819fd39313b55623bbc1e21b0a9a51f606bce766aee39748140,0b0R1Gmy5wy95T6rjEinCHwgm5toZZFyw44SGsNnxLM=,29ac3bebc7d8bf95fc566b7fd18bb82a91593b8a3a0877f87ec4350551f94d53,plaintext_update_no_noise,reference_python,n=|logq=|scale=|scheme=plain,plain,,,,,,,,,f62b50d3caea7cf4611c959678972abe038d2491a4a70a626fc75d5554207aa0,,ef54bb9e467ffb65ea8d7c10854c29762493152d89cb47619da3226bc3abac79,audit_trails/artifacts/ciphertext_attestations/T1_Plain_TADP_client_000_r19_54eca18a5e6a1441__ef54bb9e467ffb65.json,,,,,,,,,,,,,,,49b51b6cb28f5486f567c40c215554f1fd18234b71b257399de5bd3facf67eb5,6de1f6c61664d98fa9fe039ad0674c116e5017401665b0ad330ac6cc4885154b,,
39,982026ceb1f67f61f3f7b34a5b836938,9807b00ec9f05c0ed690f948a024469da45a3923628918d48e6175fa51233777,2026-08-22T17:41:03.572382+00:00,TADP-SEC/12.1,CLIENT_ACCEPTED_SUBMISSION,T1_Plain_TADP,,,,client_000,,,,,,,,,,,2.3-phase1-fixed-threshold-critical-floor-review-profile,47dd2e58be138865a6d591a63329509757be6b563afb2badb96beb09eac726e5,a663ab753fcbe1179628a237bb638420356ea261176b970e3553fa59bfe7e9d6,1c154f7d4e37aa15e037310f6b45ff14a874311a582c673470a238929d8125dd,8d877b4c3b654a235066cdd49bf4c7e04e1b662c0cf44a17b54811ea50677e11,VALIDATED_EVIDENCE_BUNDLE,,,,,,,,,,,,,,,,,,,,,,,,UPDATE_SUBMITTED_ENFORCED,,False,NOT_REQUIRED_AUTOMATED_POLICY,False,,,,,,,,,,,,,C1_PUBLIC,1,,,,,,,,6f8a5214daf0d8d5188f7da84fe0931408bac9ce898d47d09d53366ef6cfe2b8,c068640bad122342de0e81050f313e88a0b5bf947d459a5df25df6b117f89be9,,,2026-08-23T17:18:04.591571+00:00,47e8cc0fe5b1697a3806f5393cfbd09d,,,,,02a004077765517e54657a1072e98c5ff8b30be1276296850f021743aa43481c,78017c76e31288027c7db8223d4e56a84da9c1b408d2bc35093da2930a70d20b,,,2026-08-22T18:40:43.929834+00:00,eb562985f77fc8a152d2d22d15bfd3f4695b107bdaa4c375fc5dde2be0f10805,active,,,20,ACCEPTED,ALL_BASELINE_CONTROLS,,,,True,True,True,True,True,False,zAGvq23uds/k/+h3JWassF1oWqbGJeBSHQimTu+nMxw=,a0d1cbea67243f17c02e853cefa2b05a4a80adec412d8dec9c1e28d65ba59774,lhIS+WjWdu7nwVo2eeSh1fX8D+pCzpAo3q6D86Frg0w=,e1f7b08c67c948eb0cdd72dead881ab81af0be8408b564177a8b69163d6b1503,1UqvKnZq/p19AzL/y3cjFHUmZ5jBHOzwyrFQrrmQS/c=,29ac3bebc7d8bf95fc566b7fd18bb82a91593b8a3a0877f87ec4350551f94d53,,,,,,,,,,,,,,,,,cf8a7b9dc61d668beff604ced504e4b22b2d1d736046d16e16d7201ac6555cf6,audit_trails/artifacts/accepted_runtime_submissions/T1_Plain_TADP_client_000_r20_a0d1cbea67243f17__cf8a7b9dc61d668b.json,,,,,,,,,,,,,6de1f6c61664d98fa9fe039ad0674c116e5017401665b0ad330ac6cc4885154b,aaf17d0e5eb00e3575fa04aa4b955ed0e97dcb81fdbd0d56bd12bdcccba5e7c7,,
40,15d2ded4d0a91d937740ae9df00b3334,9807b00ec9f05c0ed690f948a024469da45a3923628918d48e6175fa51233777,2026-08-22T17:41:03.588831+00:00,TADP-SEC/12.1,CLIENT_CIPHERTEXT_BINDING,T1_Plain_TADP,,,,client_000,,,,,,,,,,,,,,,,,,,,,,,,,,,,,,,,,,,,,,,,CIPHERTEXT_BOUND_TO_SIGNED_UPDATE,,,,,,,,,,,,,,,,,C1_PUBLIC,1,,,,,,,,,,,,,47e8cc0fe5b1697a3806f5393cfbd09d,,,,,,,,,,,,,,20,VERIFIED,,,,,True,,,,,False,zAGvq23uds/k/+h3JWassF1oWqbGJeBSHQimTu+nMxw=,a0d1cbea67243f17c02e853cefa2b05a4a80adec412d8dec9c1e28d65ba59774,lhIS+WjWdu7nwVo2eeSh1fX8D+pCzpAo3q6D86Frg0w=,ca0850859ed858978fe163069172f77de1729ac3681288837bc4e19538bfe382,1UqvKnZq/p19AzL/y3cjFHUmZ5jBHOzwyrFQrrmQS/c=,29ac3bebc7d8bf95fc566b7fd18bb82a91593b8a3a0877f87ec4350551f94d53,plaintext_update_no_noise,reference_python,n=|logq=|scale=|scheme=plain,plain,,,,,,,,,f62b50d3caea7cf4611c959678972abe038d2491a4a70a626fc75d5554207aa0,,01e9fc71973a5351dd2cd5a2c1c9aef9eee7ab8fd36131468fdaeaad86f18d95,audit_trails/artifacts/ciphertext_attestations/T1_Plain_TADP_client_000_r20_08dd8b4155c58090__01e9fc71973a5351.json,,,,,,,,,,,,,,,aaf17d0e5eb00e3575fa04aa4b955ed0e97dcb81fdbd0d56bd12bdcccba5e7c7,6ad5ff9138edc2180885f469401c49b478adfb6de29213b8d8f88e6cb9e23944,,
41,eb4106409689bcf4b565cfb5864eaf1a,9807b00ec9f05c0ed690f948a024469da45a3923628918d48e6175fa51233777,2026-08-22T17:41:04.662978+00:00,TADP-SEC/12.1,CLIENT_ACCEPTED_SUBMISSION,T1_Plain_TADP,,,,client_000,,,,,,,,,,,2.3-phase1-fixed-threshold-critical-floor-review-profile,47dd2e58be138865a6d591a63329509757be6b563afb2badb96beb09eac726e5,a663ab753fcbe1179628a237bb638420356ea261176b970e3553fa59bfe7e9d6,1c154f7d4e37aa15e037310f6b45ff14a874311a582c673470a238929d8125dd,8d877b4c3b654a235066cdd49bf4c7e04e1b662c0cf44a17b54811ea50677e11,VALIDATED_EVIDENCE_BUNDLE,,,,,,,,,,,,,,,,,,,,,,,,UPDATE_SUBMITTED_ENFORCED,,False,NOT_REQUIRED_AUTOMATED_POLICY,False,,,,,,,,,,,,,C1_PUBLIC,1,,,,,,,,6f8a5214daf0d8d5188f7da84fe0931408bac9ce898d47d09d53366ef6cfe2b8,c068640bad122342de0e81050f313e88a0b5bf947d459a5df25df6b117f89be9,,,2026-08-23T17:18:04.591571+00:00,c02695f74725b6e474e167497caee27c,,,,,74e7e496a2965934815498fda15c0fe301c572934d9dad3bd52ab614cd21e31a,ffbd8cd13f98fbb3972b31201a51ad4c80cc5765daf49a97971895310d534338,,,2026-08-22T18:41:04.602347+00:00,eb562985f77fc8a152d2d22d15bfd3f4695b107bdaa4c375fc5dde2be0f10805,active,,,1,ACCEPTED,ALL_BASELINE_CONTROLS,,,,True,True,True,True,True,False,7xaytwxmNUsiORQNMo+6VPMvxK+MWw0setHaJKIB15A=,b00bc75dd26092128aa4cab916ec6443315327acf4ff8187432e07f9465ca884,lhIS+WjWdu7nwVo2eeSh1fX8D+pCzpAo3q6D86Frg0w=,7a8359e1a28ea6756577780a26c8193c6c995723a8707d145f81614f3a898896,6bI8gJlXPvcr/kCRfrnkFcIBvc0vugwFI07saXODFf0=,29ac3bebc7d8bf95fc566b7fd18bb82a91593b8a3a0877f87ec4350551f94d53,,,,,,,,,,,,,,,,,71aa6d722c814af96bf8d65df6a5a26bceaf4cbd89625dd3e1fe016e6f5cbf5c,audit_trails/artifacts/accepted_runtime_submissions/T1_Plain_TADP_client_000_r1_b00bc75dd2609212__71aa6d722c814af9.json,,,,,,,,,,,,,6ad5ff9138edc2180885f469401c49b478adfb6de29213b8d8f88e6cb9e23944,669a4af00ba62d59ca41351b3dad2e9618705a2e0ccb8ca5891eb5701e180b11,,
42,e754fab7f8fd045e0542c07cb665e344,9807b00ec9f05c0ed690f948a024469da45a3923628918d48e6175fa51233777,2026-08-22T17:41:04.678110+00:00,TADP-SEC/12.1,CLIENT_CIPHERTEXT_BINDING,T1_Plain_TADP,,,,client_000,,,,,,,,,,,,,,,,,,,,,,,,,,,,,,,,,,,,,,,,CIPHERTEXT_BOUND_TO_SIGNED_UPDATE,,,,,,,,,,,,,,,,,C1_PUBLIC,1,,,,,,,,,,,,,c02695f74725b6e474e167497caee27c,,,,,,,,,,,,,,1,VERIFIED,,,,,True,,,,,False,7xaytwxmNUsiORQNMo+6VPMvxK+MWw0setHaJKIB15A=,b00bc75dd26092128aa4cab916ec6443315327acf4ff8187432e07f9465ca884,lhIS+WjWdu7nwVo2eeSh1fX8D+pCzpAo3q6D86Frg0w=,3e6ab1c6adecc3d326c63c76aaf38c0aa800dd31fcd4160f44d4e2ca1a0d3c9a,6bI8gJlXPvcr/kCRfrnkFcIBvc0vugwFI07saXODFf0=,29ac3bebc7d8bf95fc566b7fd18bb82a91593b8a3a0877f87ec4350551f94d53,plaintext_update_no_noise,reference_python,n=|logq=|scale=|scheme=plain,plain,,,,,,,,,f62b50d3caea7cf4611c959678972abe038d2491a4a70a626fc75d5554207aa0,,1ea78e49acd4c2a25903c1725e4b06e882f1313b41a4503fb3da3736da323005,audit_trails/artifacts/ciphertext_attestations/T1_Plain_TADP_client_000_r1_ebcca097d6118556__1ea78e49acd4c2a2.json,,,,,,,,,,,,,,,669a4af00ba62d59ca41351b3dad2e9618705a2e0ccb8ca5891eb5701e180b11,1edd9f2cdfe081e6c0e9af40a7952843f7dbd498aa566822e68d3120deea18c6,,
43,06474423758fb39a62428987fad88780,9807b00ec9f05c0ed690f948a024469da45a3923628918d48e6175fa51233777,2026-08-22T17:41:05.592092+00:00,TADP-SEC/12.1,CLIENT_ACCEPTED_SUBMISSION,T1_Plain_TADP,,,,client_000,,,,,,,,,,,2.3-phase1-fixed-threshold-critical-floor-review-profile,47dd2e58be138865a6d591a63329509757be6b563afb2badb96beb09eac726e5,a663ab753fcbe1179628a237bb638420356ea261176b970e3553fa59bfe7e9d6,1c154f7d4e37aa15e037310f6b45ff14a874311a582c673470a238929d8125dd,8d877b4c3b654a235066cdd49bf4c7e04e1b662c0cf44a17b54811ea50677e11,VALIDATED_EVIDENCE_BUNDLE,,,,,,,,,,,,,,,,,,,,,,,,UPDATE_SUBMITTED_ENFORCED,,False,NOT_REQUIRED_AUTOMATED_POLICY,False,,,,,,,,,,,,,C1_PUBLIC,1,,,,,,,,6f8a5214daf0d8d5188f7da84fe0931408bac9ce898d47d09d53366ef6cfe2b8,c068640bad122342de0e81050f313e88a0b5bf947d459a5df25df6b117f89be9,,,2026-08-23T17:18:04.591571+00:00,c02695f74725b6e474e167497caee27c,,,,,74e7e496a2965934815498fda15c0fe301c572934d9dad3bd52ab614cd21e31a,ffbd8cd13f98fbb3972b31201a51ad4c80cc5765daf49a97971895310d534338,,,2026-08-22T18:41:04.602347+00:00,eb562985f77fc8a152d2d22d15bfd3f4695b107bdaa4c375fc5dde2be0f10805,active,,,2,ACCEPTED,ALL_BASELINE_CONTROLS,,,,True,True,True,True,True,False,2G8vbdiVnvvwr/szVxa/iWlcQt6Ks5F4VpeYG7wKBng=,2527513933fd8d7a3e271186bb6a6abf99f81b7b97793af3ed430ec99e91a50b,lhIS+WjWdu7nwVo2eeSh1fX8D+pCzpAo3q6D86Frg0w=,6b58ec38e5dd3e7b21f6a56ece873874bf263c1d7acdeec68e6a1229a81aea4c,njHvMWW3F1rcrvDNBfJm8TT2Fn+EBTij7oSvnqQoSNs=,29ac3bebc7d8bf95fc566b7fd18bb82a91593b8a3a0877f87ec4350551f94d53,,,,,,,,,,,,,,,,,cb3a7502210e2ef256a216bc9d90de055aa4d1c0913fdc5a50af622caea223b4,audit_trails/artifacts/accepted_runtime_submissions/T1_Plain_TADP_client_000_r2_2527513933fd8d7a__cb3a7502210e2ef2.json,,,,,,,,,,,,,1edd9f2cdfe081e6c0e9af40a7952843f7dbd498aa566822e68d3120deea18c6,8a90f3eb6faf3dc90547c7740ae9e0a3fcba755d8f416b321ba1bd5d5884db4a,,
44,a8e2f50dcb2816a1df67ca1b835b98ce,9807b00ec9f05c0ed690f948a024469da45a3923628918d48e6175fa51233777,2026-08-22T17:41:05.605933+00:00,TADP-SEC/12.1,CLIENT_CIPHERTEXT_BINDING,T1_Plain_TADP,,,,client_000,,,,,,,,,,,,,,,,,,,,,,,,,,,,,,,,,,,,,,,,CIPHERTEXT_BOUND_TO_SIGNED_UPDATE,,,,,,,,,,,,,,,,,C1_PUBLIC,1,,,,,,,,,,,,,c02695f74725b6e474e167497caee27c,,,,,,,,,,,,,,2,VERIFIED,,,,,True,,,,,False,2G8vbdiVnvvwr/szVxa/iWlcQt6Ks5F4VpeYG7wKBng=,2527513933fd8d7a3e271186bb6a6abf99f81b7b97793af3ed430ec99e91a50b,lhIS+WjWdu7nwVo2eeSh1fX8D+pCzpAo3q6D86Frg0w=,fc7ad9eefec4f7c30d595270665c5f7a28d19f8a9c5bcd0c06634489f27722de,njHvMWW3F1rcrvDNBfJm8TT2Fn+EBTij7oSvnqQoSNs=,29ac3bebc7d8bf95fc566b7fd18bb82a91593b8a3a0877f87ec4350551f94d53,plaintext_update_no_noise,reference_python,n=|logq=|scale=|scheme=plain,plain,,,,,,,,,f62b50d3caea7cf4611c959678972abe038d2491a4a70a626fc75d5554207aa0,,d4abff505e4dd7280bdaacf267bc657e28069e3ba533cbb52c3b5057cf829d92,audit_trails/artifacts/ciphertext_attestations/T1_Plain_TADP_client_000_r2_f76fa244590ed15a__d4abff505e4dd728.json,,,,,,,,,,,,,,,8a90f3eb6faf3dc90547c7740ae9e0a3fcba755d8f416b321ba1bd5d5884db4a,f749500e945c534fecbb1c6340c9504de214f2462cc75b11df9224e970cbe9fc,,
45,e6d98980a53060258a1f0818177faaca,9807b00ec9f05c0ed690f948a024469da45a3923628918d48e6175fa51233777,2026-08-22T17:41:06.500225+00:00,TADP-SEC/12.1,CLIENT_ACCEPTED_SUBMISSION,T1_Plain_TADP,,,,client_000,,,,,,,,,,,2.3-phase1-fixed-threshold-critical-floor-review-profile,47dd2e58be138865a6d591a63329509757be6b563afb2badb96beb09eac726e5,a663ab753fcbe1179628a237bb638420356ea261176b970e3553fa59bfe7e9d6,1c154f7d4e37aa15e037310f6b45ff14a874311a582c673470a238929d8125dd,8d877b4c3b654a235066cdd49bf4c7e04e1b662c0cf44a17b54811ea50677e11,VALIDATED_EVIDENCE_BUNDLE,,,,,,,,,,,,,,,,,,,,,,,,UPDATE_SUBMITTED_ENFORCED,,False,NOT_REQUIRED_AUTOMATED_POLICY,False,,,,,,,,,,,,,C1_PUBLIC,1,,,,,,,,6f8a5214daf0d8d5188f7da84fe0931408bac9ce898d47d09d53366ef6cfe2b8,c068640bad122342de0e81050f313e88a0b5bf947d459a5df25df6b117f89be9,,,2026-08-23T17:18:04.591571+00:00,c02695f74725b6e474e167497caee27c,,,,,74e7e496a2965934815498fda15c0fe301c572934d9dad3bd52ab614cd21e31a,ffbd8cd13f98fbb3972b31201a51ad4c80cc5765daf49a97971895310d534338,,,2026-08-22T18:41:04.602347+00:00,eb562985f77fc8a152d2d22d15bfd3f4695b107bdaa4c375fc5dde2be0f10805,active,,,3,ACCEPTED,ALL_BASELINE_CONTROLS,,,,True,True,True,True,True,False,/qaFVLPcANClrRP/c4pZGQH8krsJyL6rsdP4X5UQWFw=,def3f431b40c0bf66c85664c2d3e482e4f4806d832aa9380b0b60bb50c171b27,lhIS+WjWdu7nwVo2eeSh1fX8D+pCzpAo3q6D86Frg0w=,fc7ae447a4ba132b195cf981a6aa925b7c2ab01e43199df5c87a3fd63176ebab,ATTh3xEaZmhyfPL2QMIZMSg0MhasHc/2NmICufXVdx0=,29ac3bebc7d8bf95fc566b7fd18bb82a91593b8a3a0877f87ec4350551f94d53,,,,,,,,,,,,,,,,,3fd6a15d71f807e06aab01ba6e80f139d341ec7c8f2fefc23c9c889e05d20178,audit_trails/artifacts/accepted_runtime_submissions/T1_Plain_TADP_client_000_r3_def3f431b40c0bf6__3fd6a15d71f807e0.json,,,,,,,,,,,,,f749500e945c534fecbb1c6340c9504de214f2462cc75b11df9224e970cbe9fc,be1de565e5cd20b53b8098c8a7f99df1b5ee43082b0b5517ab72fc479f7b656e,,
46,4e8b926d3dfa31bfb2f9e0754e4948b9,9807b00ec9f05c0ed690f948a024469da45a3923628918d48e6175fa51233777,2026-08-22T17:41:06.514861+00:00,TADP-SEC/12.1,CLIENT_CIPHERTEXT_BINDING,T1_Plain_TADP,,,,client_000,,,,,,,,,,,,,,,,,,,,,,,,,,,,,,,,,,,,,,,,CIPHERTEXT_BOUND_TO_SIGNED_UPDATE,,,,,,,,,,,,,,,,,C1_PUBLIC,1,,,,,,,,,,,,,c02695f74725b6e474e167497caee27c,,,,,,,,,,,,,,3,VERIFIED,,,,,True,,,,,False,/qaFVLPcANClrRP/c4pZGQH8krsJyL6rsdP4X5UQWFw=,def3f431b40c0bf66c85664c2d3e482e4f4806d832aa9380b0b60bb50c171b27,lhIS+WjWdu7nwVo2eeSh1fX8D+pCzpAo3q6D86Frg0w=,f97601c4634c11437434a4ae0dd4040b4099f2394208a53ebfed5130b0604701,ATTh3xEaZmhyfPL2QMIZMSg0MhasHc/2NmICufXVdx0=,29ac3bebc7d8bf95fc566b7fd18bb82a91593b8a3a0877f87ec4350551f94d53,plaintext_update_no_noise,reference_python,n=|logq=|scale=|scheme=plain,plain,,,,,,,,,f62b50d3caea7cf4611c959678972abe038d2491a4a70a626fc75d5554207aa0,,b915e290269e00617e3712b4d2d734def96f699f63e9f4d0de35cb111c2e5b99,audit_trails/artifacts/ciphertext_attestations/T1_Plain_TADP_client_000_r3_2f72b62da35f377f__b915e290269e0061.json,,,,,,,,,,,,,,,be1de565e5cd20b53b8098c8a7f99df1b5ee43082b0b5517ab72fc479f7b656e,221f3d8a276df920237c683a0502ba9b5393dcc3cb76baeb326d66d66eb00dc0,,
47,8992c937cb9b02c811e80f781f8b3409,9807b00ec9f05c0ed690f948a024469da45a3923628918d48e6175fa51233777,2026-08-22T17:41:07.421525+00:00,TADP-SEC/12.1,CLIENT_ACCEPTED_SUBMISSION,T1_Plain_TADP,,,,client_000,,,,,,,,,,,2.3-phase1-fixed-threshold-critical-floor-review-profile,47dd2e58be138865a6d591a63329509757be6b563afb2badb96beb09eac726e5,a663ab753fcbe1179628a237bb638420356ea261176b970e3553fa59bfe7e9d6,1c154f7d4e37aa15e037310f6b45ff14a874311a582c673470a238929d8125dd,8d877b4c3b654a235066cdd49bf4c7e04e1b662c0cf44a17b54811ea50677e11,VALIDATED_EVIDENCE_BUNDLE,,,,,,,,,,,,,,,,,,,,,,,,UPDATE_SUBMITTED_ENFORCED,,False,NOT_REQUIRED_AUTOMATED_POLICY,False,,,,,,,,,,,,,C1_PUBLIC,1,,,,,,,,6f8a5214daf0d8d5188f7da84fe0931408bac9ce898d47d09d53366ef6cfe2b8,c068640bad122342de0e81050f313e88a0b5bf947d459a5df25df6b117f89be9,,,2026-08-23T17:18:04.591571+00:00,c02695f74725b6e474e167497caee27c,,,,,74e7e496a2965934815498fda15c0fe301c572934d9dad3bd52ab614cd21e31a,ffbd8cd13f98fbb3972b31201a51ad4c80cc5765daf49a97971895310d534338,,,2026-08-22T18:41:04.602347+00:00,eb562985f77fc8a152d2d22d15bfd3f4695b107bdaa4c375fc5dde2be0f10805,active,,,4,ACCEPTED,ALL_BASELINE_CONTROLS,,,,True,True,True,True,True,False,krr/y9w23Gt8G2sW3/xF3Xn4s5X/rUBxUw2nmgmzdrI=,4dcb541b2333f5d3f9c7f23874af9e451ab4887f2d8e04951fc554bbea1de399,lhIS+WjWdu7nwVo2eeSh1fX8D+pCzpAo3q6D86Frg0w=,f1431f21f78fbad252a9d0ce8b1ef9091c633916d305fee2a8c78876ce7eb5e8,dSYHnEqQ4npmh/jDhpujUAzod2hjCXlEwVAZGcdccdI=,29ac3bebc7d8bf95fc566b7fd18bb82a91593b8a3a0877f87ec4350551f94d53,,,,,,,,,,,,,,,,,0779ba8013148a28842c0aa8c8dd0dd8212e4c88019aac3b42faab2c24fb299d,audit_trails/artifacts/accepted_runtime_submissions/T1_Plain_TADP_client_000_r4_4dcb541b2333f5d3__0779ba8013148a28.json,,,,,,,,,,,,,221f3d8a276df920237c683a0502ba9b5393dcc3cb76baeb326d66d66eb00dc0,838803967ec9288e07b9da582cd7eb31a776151b4ec239693e194bb9a4532b4a,,
48,1c5bf3c78b23e364aa6e98c3ce84bf2c,9807b00ec9f05c0ed690f948a024469da45a3923628918d48e6175fa51233777,2026-08-22T17:41:07.436137+00:00,TADP-SEC/12.1,CLIENT_CIPHERTEXT_BINDING,T1_Plain_TADP,,,,client_000,,,,,,,,,,,,,,,,,,,,,,,,,,,,,,,,,,,,,,,,CIPHERTEXT_BOUND_TO_SIGNED_UPDATE,,,,,,,,,,,,,,,,,C1_PUBLIC,1,,,,,,,,,,,,,c02695f74725b6e474e167497caee27c,,,,,,,,,,,,,,4,VERIFIED,,,,,True,,,,,False,krr/y9w23Gt8G2sW3/xF3Xn4s5X/rUBxUw2nmgmzdrI=,4dcb541b2333f5d3f9c7f23874af9e451ab4887f2d8e04951fc554bbea1de399,lhIS+WjWdu7nwVo2eeSh1fX8D+pCzpAo3q6D86Frg0w=,22c2df33a21800620b8569d88c780ae3bf8e1b9c9fb0045a325ea5f72dce0af4,dSYHnEqQ4npmh/jDhpujUAzod2hjCXlEwVAZGcdccdI=,29ac3bebc7d8bf95fc566b7fd18bb82a91593b8a3a0877f87ec4350551f94d53,plaintext_update_no_noise,reference_python,n=|logq=|scale=|scheme=plain,plain,,,,,,,,,f62b50d3caea7cf4611c959678972abe038d2491a4a70a626fc75d5554207aa0,,efe88347eadef3370ff6b89cf3695840c149d79f9f2cfda1d9a1d97b73919c3c,audit_trails/artifacts/ciphertext_attestations/T1_Plain_TADP_client_000_r4_a48baa856edbf38c__efe88347eadef337.json,,,,,,,,,,,,,,,838803967ec9288e07b9da582cd7eb31a776151b4ec239693e194bb9a4532b4a,825f0563d98d6a6db29aebfc866fd8a00a319751144d5e4af019ae8ae2c532f6,,
49,0289da60670531c046e8347e5e27bb53,9807b00ec9f05c0ed690f948a024469da45a3923628918d48e6175fa51233777,2026-08-22T17:41:08.345029+00:00,TADP-SEC/12.1,CLIENT_ACCEPTED_SUBMISSION,T1_Plain_TADP,,,,client_000,,,,,,,,,,,2.3-phase1-fixed-threshold-critical-floor-review-profile,47dd2e58be138865a6d591a63329509757be6b563afb2badb96beb09eac726e5,a663ab753fcbe1179628a237bb638420356ea261176b970e3553fa59bfe7e9d6,1c154f7d4e37aa15e037310f6b45ff14a874311a582c673470a238929d8125dd,8d877b4c3b654a235066cdd49bf4c7e04e1b662c0cf44a17b54811ea50677e11,VALIDATED_EVIDENCE_BUNDLE,,,,,,,,,,,,,,,,,,,,,,,,UPDATE_SUBMITTED_ENFORCED,,False,NOT_REQUIRED_AUTOMATED_POLICY,False,,,,,,,,,,,,,C1_PUBLIC,1,,,,,,,,6f8a5214daf0d8d5188f7da84fe0931408bac9ce898d47d09d53366ef6cfe2b8,c068640bad122342de0e81050f313e88a0b5bf947d459a5df25df6b117f89be9,,,2026-08-23T17:18:04.591571+00:00,c02695f74725b6e474e167497caee27c,,,,,74e7e496a2965934815498fda15c0fe301c572934d9dad3bd52ab614cd21e31a,ffbd8cd13f98fbb3972b31201a51ad4c80cc5765daf49a97971895310d534338,,,2026-08-22T18:41:04.602347+00:00,eb562985f77fc8a152d2d22d15bfd3f4695b107bdaa4c375fc5dde2be0f10805,active,,,5,ACCEPTED,ALL_BASELINE_CONTROLS,,,,True,True,True,True,True,False,iHK6wAe9EAx1BdTzwjpRK3ve/OXlC3CdioFXd+0QKBs=,ea37d1ab0ab95b0e02d22527e04988e3b6d59c955401b8599aa003b8e29be87e,lhIS+WjWdu7nwVo2eeSh1fX8D+pCzpAo3q6D86Frg0w=,0a01df2c27ec9d87e197d20a755deb2ec839779c31143ecb1b2a2e96887a6501,GTT+HLFCOb5pw3xGlMXUVeocweIqpdPj3m2axzBnGQk=,29ac3bebc7d8bf95fc566b7fd18bb82a91593b8a3a0877f87ec4350551f94d53,,,,,,,,,,,,,,,,,300e5e8b918786e1bf55e2e5453dba8cda16c03ede39f56f6612ef863584e3e5,audit_trails/artifacts/accepted_runtime_submissions/T1_Plain_TADP_client_000_r5_ea37d1ab0ab95b0e__300e5e8b918786e1.json,,,,,,,,,,,,,825f0563d98d6a6db29aebfc866fd8a00a319751144d5e4af019ae8ae2c532f6,20cea25ed148b79c61ab39a5185fe4b9fee2f9c10b218cadf30d421d2470ee2b,,
50,58bec7c5a882b3286541cb6f40f67621,9807b00ec9f05c0ed690f948a024469da45a3923628918d48e6175fa51233777,2026-08-22T17:41:08.359888+00:00,TADP-SEC/12.1,CLIENT_CIPHERTEXT_BINDING,T1_Plain_TADP,,,,client_000,,,,,,,,,,,,,,,,,,,,,,,,,,,,,,,,,,,,,,,,CIPHERTEXT_BOUND_TO_SIGNED_UPDATE,,,,,,,,,,,,,,,,,C1_PUBLIC,1,,,,,,,,,,,,,c02695f74725b6e474e167497caee27c,,,,,,,,,,,,,,5,VERIFIED,,,,,True,,,,,False,iHK6wAe9EAx1BdTzwjpRK3ve/OXlC3CdioFXd+0QKBs=,ea37d1ab0ab95b0e02d22527e04988e3b6d59c955401b8599aa003b8e29be87e,lhIS+WjWdu7nwVo2eeSh1fX8D+pCzpAo3q6D86Frg0w=,cc616deb6de74750b4ccc804f43493bfc64b4df360bdd79cecb87ee2d046caa3,GTT+HLFCOb5pw3xGlMXUVeocweIqpdPj3m2axzBnGQk=,29ac3bebc7d8bf95fc566b7fd18bb82a91593b8a3a0877f87ec4350551f94d53,plaintext_update_no_noise,reference_python,n=|logq=|scale=|scheme=plain,plain,,,,,,,,,f62b50d3caea7cf4611c959678972abe038d2491a4a70a626fc75d5554207aa0,,b4d2d1722058e1dfb0a9110c9d8f58a31289bb5c545af732fb27d0e6536d9679,audit_trails/artifacts/ciphertext_attestations/T1_Plain_TADP_client_000_r5_a4d52a7d3d528614__b4d2d1722058e1df.json,,,,,,,,,,,,,,,20cea25ed148b79c61ab39a5185fe4b9fee2f9c10b218cadf30d421d2470ee2b,9770e2246a2795b9ed0f04d0a272b309e7f76782154ee729cacaa83b7a81865d,,
51,2e907b32293f60033d12a65fff49bebc,9807b00ec9f05c0ed690f948a024469da45a3923628918d48e6175fa51233777,2026-08-22T17:41:09.255128+00:00,TADP-SEC/12.1,CLIENT_ACCEPTED_SUBMISSION,T1_Plain_TADP,,,,client_000,,,,,,,,,,,2.3-phase1-fixed-threshold-critical-floor-review-profile,47dd2e58be138865a6d591a63329509757be6b563afb2badb96beb09eac726e5,a663ab753fcbe1179628a237bb638420356ea261176b970e3553fa59bfe7e9d6,1c154f7d4e37aa15e037310f6b45ff14a874311a582c673470a238929d8125dd,8d877b4c3b654a235066cdd49bf4c7e04e1b662c0cf44a17b54811ea50677e11,VALIDATED_EVIDENCE_BUNDLE,,,,,,,,,,,,,,,,,,,,,,,,UPDATE_SUBMITTED_ENFORCED,,False,NOT_REQUIRED_AUTOMATED_POLICY,False,,,,,,,,,,,,,C1_PUBLIC,1,,,,,,,,6f8a5214daf0d8d5188f7da84fe0931408bac9ce898d47d09d53366ef6cfe2b8,c068640bad122342de0e81050f313e88a0b5bf947d459a5df25df6b117f89be9,,,2026-08-23T17:18:04.591571+00:00,c02695f74725b6e474e167497caee27c,,,,,74e7e496a2965934815498fda15c0fe301c572934d9dad3bd52ab614cd21e31a,ffbd8cd13f98fbb3972b31201a51ad4c80cc5765daf49a97971895310d534338,,,2026-08-22T18:41:04.602347+00:00,eb562985f77fc8a152d2d22d15bfd3f4695b107bdaa4c375fc5dde2be0f10805,active,,,6,ACCEPTED,ALL_BASELINE_CONTROLS,,,,True,True,True,True,True,False,1wTvN2D3dXpWklCat5OK1RV0Lyq+bd6DXti91ycz0jA=,a9c81a6d6b99b1655f378c7bedc552add253afc4f90d5b0272b370242b0d59a0,lhIS+WjWdu7nwVo2eeSh1fX8D+pCzpAo3q6D86Frg0w=,8ca5b3a052a221e78cf7b12506177affa06c57f271f64fa7e00ca83fe5c9e24d,mkOs+LUHrdfoVQ7V65A7xUJfhCq/ooTUd/O8tQJPOUY=,29ac3bebc7d8bf95fc566b7fd18bb82a91593b8a3a0877f87ec4350551f94d53,,,,,,,,,,,,,,,,,05160c7e048ebfe2f8bdfc78bd9085162c0593de2f6baac3a9a5fc695b389eee,audit_trails/artifacts/accepted_runtime_submissions/T1_Plain_TADP_client_000_r6_a9c81a6d6b99b165__05160c7e048ebfe2.json,,,,,,,,,,,,,9770e2246a2795b9ed0f04d0a272b309e7f76782154ee729cacaa83b7a81865d,6a7915c87944d9f940c39d6ec391715bcf26c872e022ba0b12c2ce9b92a74ea2,,
52,91cba69670d79f5605a8c49f148e90b4,9807b00ec9f05c0ed690f948a024469da45a3923628918d48e6175fa51233777,2026-08-22T17:41:09.269847+00:00,TADP-SEC/12.1,CLIENT_CIPHERTEXT_BINDING,T1_Plain_TADP,,,,client_000,,,,,,,,,,,,,,,,,,,,,,,,,,,,,,,,,,,,,,,,CIPHERTEXT_BOUND_TO_SIGNED_UPDATE,,,,,,,,,,,,,,,,,C1_PUBLIC,1,,,,,,,,,,,,,c02695f74725b6e474e167497caee27c,,,,,,,,,,,,,,6,VERIFIED,,,,,True,,,,,False,1wTvN2D3dXpWklCat5OK1RV0Lyq+bd6DXti91ycz0jA=,a9c81a6d6b99b1655f378c7bedc552add253afc4f90d5b0272b370242b0d59a0,lhIS+WjWdu7nwVo2eeSh1fX8D+pCzpAo3q6D86Frg0w=,6d76875c6c22dc20c1729cb49cc998445c3af18b6e5a3663057085291e7976b8,mkOs+LUHrdfoVQ7V65A7xUJfhCq/ooTUd/O8tQJPOUY=,29ac3bebc7d8bf95fc566b7fd18bb82a91593b8a3a0877f87ec4350551f94d53,plaintext_update_no_noise,reference_python,n=|logq=|scale=|scheme=plain,plain,,,,,,,,,f62b50d3caea7cf4611c959678972abe038d2491a4a70a626fc75d5554207aa0,,13de323d580b4e72916c614bd33750bbc5940519300f4f5379b95f13453889a5,audit_trails/artifacts/ciphertext_attestations/T1_Plain_TADP_client_000_r6_9ad2f5818d3c88b6__13de323d580b4e72.json,,,,,,,,,,,,,,,6a7915c87944d9f940c39d6ec391715bcf26c872e022ba0b12c2ce9b92a74ea2,cc87a6d81ff46ea546dc3bf3cfeaf5da2e014788a96bc1f33921c3a65172f960,,
53,3f80f00b1fbad810d88e916f0f95e691,9807b00ec9f05c0ed690f948a024469da45a3923628918d48e6175fa51233777,2026-08-22T17:41:10.174774+00:00,TADP-SEC/12.1,CLIENT_ACCEPTED_SUBMISSION,T1_Plain_TADP,,,,client_000,,,,,,,,,,,2.3-phase1-fixed-threshold-critical-floor-review-profile,47dd2e58be138865a6d591a63329509757be6b563afb2badb96beb09eac726e5,a663ab753fcbe1179628a237bb638420356ea261176b970e3553fa59bfe7e9d6,1c154f7d4e37aa15e037310f6b45ff14a874311a582c673470a238929d8125dd,8d877b4c3b654a235066cdd49bf4c7e04e1b662c0cf44a17b54811ea50677e11,VALIDATED_EVIDENCE_BUNDLE,,,,,,,,,,,,,,,,,,,,,,,,UPDATE_SUBMITTED_ENFORCED,,False,NOT_REQUIRED_AUTOMATED_POLICY,False,,,,,,,,,,,,,C1_PUBLIC,1,,,,,,,,6f8a5214daf0d8d5188f7da84fe0931408bac9ce898d47d09d53366ef6cfe2b8,c068640bad122342de0e81050f313e88a0b5bf947d459a5df25df6b117f89be9,,,2026-08-23T17:18:04.591571+00:00,c02695f74725b6e474e167497caee27c,,,,,74e7e496a2965934815498fda15c0fe301c572934d9dad3bd52ab614cd21e31a,ffbd8cd13f98fbb3972b31201a51ad4c80cc5765daf49a97971895310d534338,,,2026-08-22T18:41:04.602347+00:00,eb562985f77fc8a152d2d22d15bfd3f4695b107bdaa4c375fc5dde2be0f10805,active,,,7,ACCEPTED,ALL_BASELINE_CONTROLS,,,,True,True,True,True,True,False,uaidhuoYuTQyEunLDnFRWLprGIPWAuI17dsZRNF21c8=,4ce756ceda93a752fccddae0f8a25cc124129ad624d3a753bee41b28ab981bef,lhIS+WjWdu7nwVo2eeSh1fX8D+pCzpAo3q6D86Frg0w=,302afbcdc9c11a4f136d317aea9db0aefa6666ff67738d1c6f6010143e106f31,v71phckzkECwLasprXJui+pa/wLAKZ5nIuYddEfowis=,29ac3bebc7d8bf95fc566b7fd18bb82a91593b8a3a0877f87ec4350551f94d53,,,,,,,,,,,,,,,,,875257f1dd4cfaee60383ddd9c55d639398db6bbb0cdf35331472a05e8f17188,audit_trails/artifacts/accepted_runtime_submissions/T1_Plain_TADP_client_000_r7_4ce756ceda93a752__875257f1dd4cfaee.json,,,,,,,,,,,,,cc87a6d81ff46ea546dc3bf3cfeaf5da2e014788a96bc1f33921c3a65172f960,3f42efc26bfebbf7e66f83addd6e180c7999895c69feb4cd6ee43ecf3cae2341,,
54,d1522ac96ffe6e6de12794855d65eb8f,9807b00ec9f05c0ed690f948a024469da45a3923628918d48e6175fa51233777,2026-08-22T17:41:10.189273+00:00,TADP-SEC/12.1,CLIENT_CIPHERTEXT_BINDING,T1_Plain_TADP,,,,client_000,,,,,,,,,,,,,,,,,,,,,,,,,,,,,,,,,,,,,,,,CIPHERTEXT_BOUND_TO_SIGNED_UPDATE,,,,,,,,,,,,,,,,,C1_PUBLIC,1,,,,,,,,,,,,,c02695f74725b6e474e167497caee27c,,,,,,,,,,,,,,7,VERIFIED,,,,,True,,,,,False,uaidhuoYuTQyEunLDnFRWLprGIPWAuI17dsZRNF21c8=,4ce756ceda93a752fccddae0f8a25cc124129ad624d3a753bee41b28ab981bef,lhIS+WjWdu7nwVo2eeSh1fX8D+pCzpAo3q6D86Frg0w=,1c8eb5b7c27c800d03ca285e3a60f3f76ab30c4c3adba8f94da63be3ed1ab5f6,v71phckzkECwLasprXJui+pa/wLAKZ5nIuYddEfowis=,29ac3bebc7d8bf95fc566b7fd18bb82a91593b8a3a0877f87ec4350551f94d53,plaintext_update_no_noise,reference_python,n=|logq=|scale=|scheme=plain,plain,,,,,,,,,f62b50d3caea7cf4611c959678972abe038d2491a4a70a626fc75d5554207aa0,,259c6f8a789cc45430c5cfe8ac7ae8cb588f2d0bffe38b0eb0f40dc3e2168bcd,audit_trails/artifacts/ciphertext_attestations/T1_Plain_TADP_client_000_r7_3aaab660dd90f04f__259c6f8a789cc454.json,,,,,,,,,,,,,,,3f42efc26bfebbf7e66f83addd6e180c7999895c69feb4cd6ee43ecf3cae2341,8c98fae795dd51ea63b36405d21115ea8814ecd9528c2fa34e17ea419f1d306d,,
55,695377f77f887b544d2cfb927a72ed53,9807b00ec9f05c0ed690f948a024469da45a3923628918d48e6175fa51233777,2026-08-22T17:41:11.108048+00:00,TADP-SEC/12.1,CLIENT_ACCEPTED_SUBMISSION,T1_Plain_TADP,,,,client_000,,,,,,,,,,,2.3-phase1-fixed-threshold-critical-floor-review-profile,47dd2e58be138865a6d591a63329509757be6b563afb2badb96beb09eac726e5,a663ab753fcbe1179628a237bb638420356ea261176b970e3553fa59bfe7e9d6,1c154f7d4e37aa15e037310f6b45ff14a874311a582c673470a238929d8125dd,8d877b4c3b654a235066cdd49bf4c7e04e1b662c0cf44a17b54811ea50677e11,VALIDATED_EVIDENCE_BUNDLE,,,,,,,,,,,,,,,,,,,,,,,,UPDATE_SUBMITTED_ENFORCED,,False,NOT_REQUIRED_AUTOMATED_POLICY,False,,,,,,,,,,,,,C1_PUBLIC,1,,,,,,,,6f8a5214daf0d8d5188f7da84fe0931408bac9ce898d47d09d53366ef6cfe2b8,c068640bad122342de0e81050f313e88a0b5bf947d459a5df25df6b117f89be9,,,2026-08-23T17:18:04.591571+00:00,c02695f74725b6e474e167497caee27c,,,,,74e7e496a2965934815498fda15c0fe301c572934d9dad3bd52ab614cd21e31a,ffbd8cd13f98fbb3972b31201a51ad4c80cc5765daf49a97971895310d534338,,,2026-08-22T18:41:04.602347+00:00,eb562985f77fc8a152d2d22d15bfd3f4695b107bdaa4c375fc5dde2be0f10805,active,,,8,ACCEPTED,ALL_BASELINE_CONTROLS,,,,True,True,True,True,True,False,phFdAR0X+w5tEwC8xx0FFC8F5mWxew0yLfLGbygK4fo=,0d681bbcc8556f4b24b47a57c4ee198f70ab0f6857b3e73f18b124f698843d19,lhIS+WjWdu7nwVo2eeSh1fX8D+pCzpAo3q6D86Frg0w=,bbf23783941aa9a3c30659d3f4f079a08d36763abc9bb8f2aa691a162fdff71f,44fYRBx12l7F/+pANTtTsi1LpxY4yRPp4EqyJd8boaE=,29ac3bebc7d8bf95fc566b7fd18bb82a91593b8a3a0877f87ec4350551f94d53,,,,,,,,,,,,,,,,,fb26e3152418466eb3518d44988c0f473a10ae220fcea660d4163a0d157e56ea,audit_trails/artifacts/accepted_runtime_submissions/T1_Plain_TADP_client_000_r8_0d681bbcc8556f4b__fb26e3152418466e.json,,,,,,,,,,,,,8c98fae795dd51ea63b36405d21115ea8814ecd9528c2fa34e17ea419f1d306d,afe2c8b5815e9d2cd4abe43f6e64ca31581a74380bee46d6f6c978e84c322d0c,,
56,e9288a14ff568882db7f1ab3cd282a05,9807b00ec9f05c0ed690f948a024469da45a3923628918d48e6175fa51233777,2026-08-22T17:41:11.123270+00:00,TADP-SEC/12.1,CLIENT_CIPHERTEXT_BINDING,T1_Plain_TADP,,,,client_000,,,,,,,,,,,,,,,,,,,,,,,,,,,,,,,,,,,,,,,,CIPHERTEXT_BOUND_TO_SIGNED_UPDATE,,,,,,,,,,,,,,,,,C1_PUBLIC,1,,,,,,,,,,,,,c02695f74725b6e474e167497caee27c,,,,,,,,,,,,,,8,VERIFIED,,,,,True,,,,,False,phFdAR0X+w5tEwC8xx0FFC8F5mWxew0yLfLGbygK4fo=,0d681bbcc8556f4b24b47a57c4ee198f70ab0f6857b3e73f18b124f698843d19,lhIS+WjWdu7nwVo2eeSh1fX8D+pCzpAo3q6D86Frg0w=,e450f8a6eb924f6c4348cd85743f576ff0e69bdb0ab80f62d0de62e6941ad0df,44fYRBx12l7F/+pANTtTsi1LpxY4yRPp4EqyJd8boaE=,29ac3bebc7d8bf95fc566b7fd18bb82a91593b8a3a0877f87ec4350551f94d53,plaintext_update_no_noise,reference_python,n=|logq=|scale=|scheme=plain,plain,,,,,,,,,f62b50d3caea7cf4611c959678972abe038d2491a4a70a626fc75d5554207aa0,,6fc4e3cc6cdc354cee2908330eec5336848ecbdd6b9d67fe8c099bf8446bdefd,audit_trails/artifacts/ciphertext_attestations/T1_Plain_TADP_client_000_r8_63c15229586c4078__6fc4e3cc6cdc354c.json,,,,,,,,,,,,,,,afe2c8b5815e9d2cd4abe43f6e64ca31581a74380bee46d6f6c978e84c322d0c,c330fdfd7983a32599cc6580ce4513cb8f929e9d5d6df17437d3cc441cb419c3,,
57,1868ccc0caa0ed55039c92ec28b55e11,9807b00ec9f05c0ed690f948a024469da45a3923628918d48e6175fa51233777,2026-08-22T17:41:12.050403+00:00,TADP-SEC/12.1,CLIENT_ACCEPTED_SUBMISSION,T1_Plain_TADP,,,,client_000,,,,,,,,,,,2.3-phase1-fixed-threshold-critical-floor-review-profile,47dd2e58be138865a6d591a63329509757be6b563afb2badb96beb09eac726e5,a663ab753fcbe1179628a237bb638420356ea261176b970e3553fa59bfe7e9d6,1c154f7d4e37aa15e037310f6b45ff14a874311a582c673470a238929d8125dd,8d877b4c3b654a235066cdd49bf4c7e04e1b662c0cf44a17b54811ea50677e11,VALIDATED_EVIDENCE_BUNDLE,,,,,,,,,,,,,,,,,,,,,,,,UPDATE_SUBMITTED_ENFORCED,,False,NOT_REQUIRED_AUTOMATED_POLICY,False,,,,,,,,,,,,,C1_PUBLIC,1,,,,,,,,6f8a5214daf0d8d5188f7da84fe0931408bac9ce898d47d09d53366ef6cfe2b8,c068640bad122342de0e81050f313e88a0b5bf947d459a5df25df6b117f89be9,,,2026-08-23T17:18:04.591571+00:00,c02695f74725b6e474e167497caee27c,,,,,74e7e496a2965934815498fda15c0fe301c572934d9dad3bd52ab614cd21e31a,ffbd8cd13f98fbb3972b31201a51ad4c80cc5765daf49a97971895310d534338,,,2026-08-22T18:41:04.602347+00:00,eb562985f77fc8a152d2d22d15bfd3f4695b107bdaa4c375fc5dde2be0f10805,active,,,9,ACCEPTED,ALL_BASELINE_CONTROLS,,,,True,True,True,True,True,False,FSgu2JkKT3IBagDWTKFb7yyi9UeZ7OlmvLATF0VZLZM=,5a5efa44f2d73872dd177de67c2e750c4d2e962e979173ff95b0ca50e43fcccb,lhIS+WjWdu7nwVo2eeSh1fX8D+pCzpAo3q6D86Frg0w=,2c4d9dfd28375a70bd64d50dc72ba13596c7a252708e2a2b29ca59445c072366,B4sa5RpS5YI/TU+UThOJk2dfOIH5usyzhg2EdMYIm8A=,29ac3bebc7d8bf95fc566b7fd18bb82a91593b8a3a0877f87ec4350551f94d53,,,,,,,,,,,,,,,,,71981fc12bcfe14ada62e50918b0568f4cfdba60eee93eb2eb2b3926a51b415b,audit_trails/artifacts/accepted_runtime_submissions/T1_Plain_TADP_client_000_r9_5a5efa44f2d73872__71981fc12bcfe14a.json,,,,,,,,,,,,,c330fdfd7983a32599cc6580ce4513cb8f929e9d5d6df17437d3cc441cb419c3,d74e10e01f6644dab1894f1ca935e19a046a224ff99b4f974b7a7f9ca9ddfd60,,
58,42eac5b17d52eb1f7585378b2f66fddd,9807b00ec9f05c0ed690f948a024469da45a3923628918d48e6175fa51233777,2026-08-22T17:41:12.065832+00:00,TADP-SEC/12.1,CLIENT_CIPHERTEXT_BINDING,T1_Plain_TADP,,,,client_000,,,,,,,,,,,,,,,,,,,,,,,,,,,,,,,,,,,,,,,,CIPHERTEXT_BOUND_TO_SIGNED_UPDATE,,,,,,,,,,,,,,,,,C1_PUBLIC,1,,,,,,,,,,,,,c02695f74725b6e474e167497caee27c,,,,,,,,,,,,,,9,VERIFIED,,,,,True,,,,,False,FSgu2JkKT3IBagDWTKFb7yyi9UeZ7OlmvLATF0VZLZM=,5a5efa44f2d73872dd177de67c2e750c4d2e962e979173ff95b0ca50e43fcccb,lhIS+WjWdu7nwVo2eeSh1fX8D+pCzpAo3q6D86Frg0w=,84d4adb11f3f914a7f1194f4896a302b59d67d81e74645e2fed5c4062f11ccb0,B4sa5RpS5YI/TU+UThOJk2dfOIH5usyzhg2EdMYIm8A=,29ac3bebc7d8bf95fc566b7fd18bb82a91593b8a3a0877f87ec4350551f94d53,plaintext_update_no_noise,reference_python,n=|logq=|scale=|scheme=plain,plain,,,,,,,,,f62b50d3caea7cf4611c959678972abe038d2491a4a70a626fc75d5554207aa0,,149845d7c0b3861297736c7bbd070c4ccdaa971ca2cd71505ddcbb51c73f6e35,audit_trails/artifacts/ciphertext_attestations/T1_Plain_TADP_client_000_r9_62ae1db4ff434afc__149845d7c0b38612.json,,,,,,,,,,,,,,,d74e10e01f6644dab1894f1ca935e19a046a224ff99b4f974b7a7f9ca9ddfd60,cd01f20ba8ce4a26ec5a9e1b6756ea421adff1824724f2bffcad1682539e2f05,,
59,8b71eda9af1f5e4ffd0bde4301ced0d1,9807b00ec9f05c0ed690f948a024469da45a3923628918d48e6175fa51233777,2026-08-22T17:41:12.993147+00:00,TADP-SEC/12.1,CLIENT_ACCEPTED_SUBMISSION,T1_Plain_TADP,,,,client_000,,,,,,,,,,,2.3-phase1-fixed-threshold-critical-floor-review-profile,47dd2e58be138865a6d591a63329509757be6b563afb2badb96beb09eac726e5,a663ab753fcbe1179628a237bb638420356ea261176b970e3553fa59bfe7e9d6,1c154f7d4e37aa15e037310f6b45ff14a874311a582c673470a238929d8125dd,8d877b4c3b654a235066cdd49bf4c7e04e1b662c0cf44a17b54811ea50677e11,VALIDATED_EVIDENCE_BUNDLE,,,,,,,,,,,,,,,,,,,,,,,,UPDATE_SUBMITTED_ENFORCED,,False,NOT_REQUIRED_AUTOMATED_POLICY,False,,,,,,,,,,,,,C1_PUBLIC,1,,,,,,,,6f8a5214daf0d8d5188f7da84fe0931408bac9ce898d47d09d53366ef6cfe2b8,c068640bad122342de0e81050f313e88a0b5bf947d459a5df25df6b117f89be9,,,2026-08-23T17:18:04.591571+00:00,c02695f74725b6e474e167497caee27c,,,,,74e7e496a2965934815498fda15c0fe301c572934d9dad3bd52ab614cd21e31a,ffbd8cd13f98fbb3972b31201a51ad4c80cc5765daf49a97971895310d534338,,,2026-08-22T18:41:04.602347+00:00,eb562985f77fc8a152d2d22d15bfd3f4695b107bdaa4c375fc5dde2be0f10805,active,,,10,ACCEPTED,ALL_BASELINE_CONTROLS,,,,True,True,True,True,True,False,FGU2LrCe4kKLhvP3wcEhqdFUiFhlwMsHi2Pi5MMyeCY=,8332146259a44947a482120a89d3690db036d398ee6c7b71b8f955119153ab54,lhIS+WjWdu7nwVo2eeSh1fX8D+pCzpAo3q6D86Frg0w=,adb41879129bea663503dd61e1c7ea497cf911c1a6115325f0addecefe1d3e37,BWRTkhpczaqop22MIBgrG127qv9mZohSwyy3/q0hAyc=,29ac3bebc7d8bf95fc566b7fd18bb82a91593b8a3a0877f87ec4350551f94d53,,,,,,,,,,,,,,,,,a91ff82e12c6b2b1704fff9be02b8583b2c74332c2766770e512124f238034d4,audit_trails/artifacts/accepted_runtime_submissions/T1_Plain_TADP_client_000_r10_8332146259a44947__a91ff82e12c6b2b1.json,,,,,,,,,,,,,cd01f20ba8ce4a26ec5a9e1b6756ea421adff1824724f2bffcad1682539e2f05,7709c1d9f4ace3a72fae75f4c4f961f477add1f8872f2615b85cc9a8711b7791,,
60,ddccbb45dbce8888b2eadea3e637c80b,9807b00ec9f05c0ed690f948a024469da45a3923628918d48e6175fa51233777,2026-08-22T17:41:13.008599+00:00,TADP-SEC/12.1,CLIENT_CIPHERTEXT_BINDING,T1_Plain_TADP,,,,client_000,,,,,,,,,,,,,,,,,,,,,,,,,,,,,,,,,,,,,,,,CIPHERTEXT_BOUND_TO_SIGNED_UPDATE,,,,,,,,,,,,,,,,,C1_PUBLIC,1,,,,,,,,,,,,,c02695f74725b6e474e167497caee27c,,,,,,,,,,,,,,10,VERIFIED,,,,,True,,,,,False,FGU2LrCe4kKLhvP3wcEhqdFUiFhlwMsHi2Pi5MMyeCY=,8332146259a44947a482120a89d3690db036d398ee6c7b71b8f955119153ab54,lhIS+WjWdu7nwVo2eeSh1fX8D+pCzpAo3q6D86Frg0w=,f6676dfb5747fcc52246c078f763a6d03412c41a004286d97d0b8f6af9d3a9dc,BWRTkhpczaqop22MIBgrG127qv9mZohSwyy3/q0hAyc=,29ac3bebc7d8bf95fc566b7fd18bb82a91593b8a3a0877f87ec4350551f94d53,plaintext_update_no_noise,reference_python,n=|logq=|scale=|scheme=plain,plain,,,,,,,,,f62b50d3caea7cf4611c959678972abe038d2491a4a70a626fc75d5554207aa0,,bbfeb112ee1ca676fd4d27897e54e270aad7c1e3ebefa45e9566ddc2edbcae19,audit_trails/artifacts/ciphertext_attestations/T1_Plain_TADP_client_000_r10_5e42e26986077bb0__bbfeb112ee1ca676.json,,,,,,,,,,,,,,,7709c1d9f4ace3a72fae75f4c4f961f477add1f8872f2615b85cc9a8711b7791,7c6cbbc903b4c63430f76ab3c0811ceeb4e2f3afa4c849e194d15681103b4e04,,
61,b2b12d10bd64fe9cbe5182ac31ebd203,9807b00ec9f05c0ed690f948a024469da45a3923628918d48e6175fa51233777,2026-08-22T17:41:14.037567+00:00,TADP-SEC/12.1,CLIENT_ACCEPTED_SUBMISSION,T1_Plain_TADP,,,,client_000,,,,,,,,,,,2.3-phase1-fixed-threshold-critical-floor-review-profile,47dd2e58be138865a6d591a63329509757be6b563afb2badb96beb09eac726e5,a663ab753fcbe1179628a237bb638420356ea261176b970e3553fa59bfe7e9d6,1c154f7d4e37aa15e037310f6b45ff14a874311a582c673470a238929d8125dd,8d877b4c3b654a235066cdd49bf4c7e04e1b662c0cf44a17b54811ea50677e11,VALIDATED_EVIDENCE_BUNDLE,,,,,,,,,,,,,,,,,,,,,,,,UPDATE_SUBMITTED_ENFORCED,,False,NOT_REQUIRED_AUTOMATED_POLICY,False,,,,,,,,,,,,,C1_PUBLIC,1,,,,,,,,6f8a5214daf0d8d5188f7da84fe0931408bac9ce898d47d09d53366ef6cfe2b8,c068640bad122342de0e81050f313e88a0b5bf947d459a5df25df6b117f89be9,,,2026-08-23T17:18:04.591571+00:00,c02695f74725b6e474e167497caee27c,,,,,74e7e496a2965934815498fda15c0fe301c572934d9dad3bd52ab614cd21e31a,ffbd8cd13f98fbb3972b31201a51ad4c80cc5765daf49a97971895310d534338,,,2026-08-22T18:41:04.602347+00:00,eb562985f77fc8a152d2d22d15bfd3f4695b107bdaa4c375fc5dde2be0f10805,active,,,11,ACCEPTED,ALL_BASELINE_CONTROLS,,,,True,True,True,True,True,False,RscUvm04mrch2kR7fM04J/ecoqz1M6ompyNtxOPW0fU=,ba7fd4697ac8f619a8e88939d5e5d2fb4c4bc6a56684e4fbfdc26e2792f3700c,lhIS+WjWdu7nwVo2eeSh1fX8D+pCzpAo3q6D86Frg0w=,a8029397000effd4da7721c389d5812fe46ea60c2ff7f4577ce1f5972a9ca565,Z+w6WHFBKvvKEZY6/qRDufrXiI76Xp58C8hZsdyGra8=,29ac3bebc7d8bf95fc566b7fd18bb82a91593b8a3a0877f87ec4350551f94d53,,,,,,,,,,,,,,,,,8d62b33f7f4d22f9a98769c6daee5b755af03e303d547f77e2274e327f912d15,audit_trails/artifacts/accepted_runtime_submissions/T1_Plain_TADP_client_000_r11_ba7fd4697ac8f619__8d62b33f7f4d22f9.json,,,,,,,,,,,,,7c6cbbc903b4c63430f76ab3c0811ceeb4e2f3afa4c849e194d15681103b4e04,73e42e5e20c8c6abc26eb85d9eb39ce3bb0b659b4be5e8270b589808adee2f58,,
62,608f531dcd23ea2d22633cbb309e0cb3,9807b00ec9f05c0ed690f948a024469da45a3923628918d48e6175fa51233777,2026-08-22T17:41:14.054562+00:00,TADP-SEC/12.1,CLIENT_CIPHERTEXT_BINDING,T1_Plain_TADP,,,,client_000,,,,,,,,,,,,,,,,,,,,,,,,,,,,,,,,,,,,,,,,CIPHERTEXT_BOUND_TO_SIGNED_UPDATE,,,,,,,,,,,,,,,,,C1_PUBLIC,1,,,,,,,,,,,,,c02695f74725b6e474e167497caee27c,,,,,,,,,,,,,,11,VERIFIED,,,,,True,,,,,False,RscUvm04mrch2kR7fM04J/ecoqz1M6ompyNtxOPW0fU=,ba7fd4697ac8f619a8e88939d5e5d2fb4c4bc6a56684e4fbfdc26e2792f3700c,lhIS+WjWdu7nwVo2eeSh1fX8D+pCzpAo3q6D86Frg0w=,68d592364d1d0e93d284bc33f79a17d8c2cf2e9418deb2e67011f740fa20526e,Z+w6WHFBKvvKEZY6/qRDufrXiI76Xp58C8hZsdyGra8=,29ac3bebc7d8bf95fc566b7fd18bb82a91593b8a3a0877f87ec4350551f94d53,plaintext_update_no_noise,reference_python,n=|logq=|scale=|scheme=plain,plain,,,,,,,,,f62b50d3caea7cf4611c959678972abe038d2491a4a70a626fc75d5554207aa0,,9bedee17356db7b1b351ee5a7bbc65c50b85905633fb28d6ea107746417358ae,audit_trails/artifacts/ciphertext_attestations/T1_Plain_TADP_client_000_r11_ea1ae09e1662e444__9bedee17356db7b1.json,,,,,,,,,,,,,,,73e42e5e20c8c6abc26eb85d9eb39ce3bb0b659b4be5e8270b589808adee2f58,1a15ef7cc1eb8e1718334b3969255051f90265a0adcbf9c714d4044b237d93ce,,
63,e3f34c5260fee05419d210dae012fec0,9807b00ec9f05c0ed690f948a024469da45a3923628918d48e6175fa51233777,2026-08-22T17:41:15.258989+00:00,TADP-SEC/12.1,CLIENT_ACCEPTED_SUBMISSION,T1_Plain_TADP,,,,client_000,,,,,,,,,,,2.3-phase1-fixed-threshold-critical-floor-review-profile,47dd2e58be138865a6d591a63329509757be6b563afb2badb96beb09eac726e5,a663ab753fcbe1179628a237bb638420356ea261176b970e3553fa59bfe7e9d6,1c154f7d4e37aa15e037310f6b45ff14a874311a582c673470a238929d8125dd,8d877b4c3b654a235066cdd49bf4c7e04e1b662c0cf44a17b54811ea50677e11,VALIDATED_EVIDENCE_BUNDLE,,,,,,,,,,,,,,,,,,,,,,,,UPDATE_SUBMITTED_ENFORCED,,False,NOT_REQUIRED_AUTOMATED_POLICY,False,,,,,,,,,,,,,C1_PUBLIC,1,,,,,,,,6f8a5214daf0d8d5188f7da84fe0931408bac9ce898d47d09d53366ef6cfe2b8,c068640bad122342de0e81050f313e88a0b5bf947d459a5df25df6b117f89be9,,,2026-08-23T17:18:04.591571+00:00,c02695f74725b6e474e167497caee27c,,,,,74e7e496a2965934815498fda15c0fe301c572934d9dad3bd52ab614cd21e31a,ffbd8cd13f98fbb3972b31201a51ad4c80cc5765daf49a97971895310d534338,,,2026-08-22T18:41:04.602347+00:00,eb562985f77fc8a152d2d22d15bfd3f4695b107bdaa4c375fc5dde2be0f10805,active,,,12,ACCEPTED,ALL_BASELINE_CONTROLS,,,,True,True,True,True,True,False,RrODSRvyQKg4XaBO6h99s8zlRVDdYm7ZXF8vDExC9eU=,58befc66f3df42416035f520121b1fb80a8ba386322ec92d95e0ddd133b52075,lhIS+WjWdu7nwVo2eeSh1fX8D+pCzpAo3q6D86Frg0w=,495c8626fb36090dbf3f4bb9c657dfecaf70cb7139823315d5aaecc39ae327dd,W9eudIayOfopS5+XcRn6sqHj7UjhYHPwoW4cK8VCb48=,29ac3bebc7d8bf95fc566b7fd18bb82a91593b8a3a0877f87ec4350551f94d53,,,,,,,,,,,,,,,,,0e23e84d68c2603241f13be56847b031e145aedf7d813c6dc6e0c90b6ca45650,audit_trails/artifacts/accepted_runtime_submissions/T1_Plain_TADP_client_000_r12_58befc66f3df4241__0e23e84d68c26032.json,,,,,,,,,,,,,1a15ef7cc1eb8e1718334b3969255051f90265a0adcbf9c714d4044b237d93ce,0a368d9dbf17b9af24252e4de4a26c7f13d4a1365cdb9dea97bf5bbe4503fe06,,
64,277030fe8814a5f8ce993691dfdf048a,9807b00ec9f05c0ed690f948a024469da45a3923628918d48e6175fa51233777,2026-08-22T17:41:15.279373+00:00,TADP-SEC/12.1,CLIENT_CIPHERTEXT_BINDING,T1_Plain_TADP,,,,client_000,,,,,,,,,,,,,,,,,,,,,,,,,,,,,,,,,,,,,,,,CIPHERTEXT_BOUND_TO_SIGNED_UPDATE,,,,,,,,,,,,,,,,,C1_PUBLIC,1,,,,,,,,,,,,,c02695f74725b6e474e167497caee27c,,,,,,,,,,,,,,12,VERIFIED,,,,,True,,,,,False,RrODSRvyQKg4XaBO6h99s8zlRVDdYm7ZXF8vDExC9eU=,58befc66f3df42416035f520121b1fb80a8ba386322ec92d95e0ddd133b52075,lhIS+WjWdu7nwVo2eeSh1fX8D+pCzpAo3q6D86Frg0w=,04423e5fb01882db701d71a119ff8c85df5972161516817b503c213355225c68,W9eudIayOfopS5+XcRn6sqHj7UjhYHPwoW4cK8VCb48=,29ac3bebc7d8bf95fc566b7fd18bb82a91593b8a3a0877f87ec4350551f94d53,plaintext_update_no_noise,reference_python,n=|logq=|scale=|scheme=plain,plain,,,,,,,,,f62b50d3caea7cf4611c959678972abe038d2491a4a70a626fc75d5554207aa0,,787f957cd2fa1c55fba8334d7f55c972e9ece6a93b83c23b18cfe243aebbc09d,audit_trails/artifacts/ciphertext_attestations/T1_Plain_TADP_client_000_r12_e702757453c19dc1__787f957cd2fa1c55.json,,,,,,,,,,,,,,,0a368d9dbf17b9af24252e4de4a26c7f13d4a1365cdb9dea97bf5bbe4503fe06,5c82563cb3b582fb40089c14c45bbd75bb5101ef180f54c4a69d7777180b583b,,wa4N9M5nUrZmNozsOPQflvjhObRN9QYokb8OyGeMTviOCOwPFWb690xMoYiHmSUhKvLP8boSu4fTDPY1F/F6JyrMiGibv95odSXX93z8I14k515FqOkSAZzsUAbajRn1O8tSUcZQ1KXzdtCPz3f15Hxdne2QhwKUwJIv4VxOwNIintLEH74hCFXMMGssjovNvnuRH2jzK8oT7kC5y4qY0Sba0f78C//L1VFtktp21Tlf4yznG499OMrz4F0F8wptzYi3ULM8xbxJPOtHAoPWswnoSaTjV7kThFV1mXUD4oTyoGfYgG68k8dewKKeUbJ6nyKeSWCSo3UePyuUk4LtcTQunirx5y9tbou9bEIP1NvAWD351e2RTS9pRnQqh5n84nHmCO1cuSb7K9s/f9e1m+ClBbbdQB9wHesc00t/SL5qFba9LDI2oZFdvdNhulUTqpjN5hghFnEWQtiys6xXNmCbOJiB+yhTn96WWWtTr5d90iXiCgmZBh0wLLS9ymp/
65,1bb29ca9e63da6f01e8f8db75b5789ea,9807b00ec9f05c0ed690f948a024469da45a3923628918d48e6175fa51233777,2026-08-22T17:41:16.624518+00:00,TADP-SEC/12.1,CLIENT_ACCEPTED_SUBMISSION,T1_Plain_TADP,,,,client_000,,,,,,,,,,,2.3-phase1-fixed-threshold-critical-floor-review-profile,47dd2e58be138865a6d591a63329509757be6b563afb2badb96beb09eac726e5,a663ab753fcbe1179628a237bb638420356ea261176b970e3553fa59bfe7e9d6,1c154f7d4e37aa15e037310f6b45ff14a874311a582c673470a238929d8125dd,8d877b4c3b654a235066cdd49bf4c7e04e1b662c0cf44a17b54811ea50677e11,VALIDATED_EVIDENCE_BUNDLE,,,,,,,,,,,,,,,,,,,,,,,,UPDATE_SUBMITTED_ENFORCED,,False,NOT_REQUIRED_AUTOMATED_POLICY,False,,,,,,,,,,,,,C1_PUBLIC,1,,,,,,,,6f8a5214daf0d8d5188f7da84fe0931408bac9ce898d47d09d53366ef6cfe2b8,c068640bad122342de0e81050f313e88a0b5bf947d459a5df25df6b117f89be9,,,2026-08-23T17:18:04.591571+00:00,c02695f74725b6e474e167497caee27c,,,,,74e7e496a2965934815498fda15c0fe301c572934d9dad3bd52ab614cd21e31a,ffbd8cd13f98fbb3972b31201a51ad4c80cc5765daf49a97971895310d534338,,,2026-08-22T18:41:04.602347+00:00,eb562985f77fc8a152d2d22d15bfd3f4695b107bdaa4c375fc5dde2be0f10805,active,,,13,ACCEPTED,ALL_BASELINE_CONTROLS,,,,True,True,True,True,True,False,niiRXXRjOIQAvFKAnMod96t4CtDVhA/DrK8rXmBIrsc=,f75b256d5ebada1e3245acbdd5fce5e1637eef17616374ffba18d2fca6e0a392,lhIS+WjWdu7nwVo2eeSh1fX8D+pCzpAo3q6D86Frg0w=,39361b32b9bdaab07c9f8aea90d9f5da78dfd7650ca1cc4d2d45bf93a37d87c6,MnwC9zADZyGPhfZqibdXXTy03y5AF2cfWEZGE8gQFqs=,29ac3bebc7d8bf95fc566b7fd18bb82a91593b8a3a0877f87ec4350551f94d53,,,,,,,,,,,,,,,,,33c68b19344a6067d0421eabd27386a2efd71945d52bcbd2a2ea200d152b75e4,audit_trails/artifacts/accepted_runtime_submissions/T1_Plain_TADP_client_000_r13_f75b256d5ebada1e__33c68b19344a6067.json,,,,,,,,,,,,,5c82563cb3b582fb40089c14c45bbd75bb5101ef180f54c4a69d7777180b583b,696e35066f426451d8ada01052468369a332a0224c1bc92645bcfb63b8fb0735,,
66,38ff2e0a7a543eef06f076fba7bf8257,9807b00ec9f05c0ed690f948a024469da45a3923628918d48e6175fa51233777,2026-08-22T17:41:16.641826+00:00,TADP-SEC/12.1,CLIENT_CIPHERTEXT_BINDING,T1_Plain_TADP,,,,client_000,,,,,,,,,,,,,,,,,,,,,,,,,,,,,,,,,,,,,,,,CIPHERTEXT_BOUND_TO_SIGNED_UPDATE,,,,,,,,,,,,,,,,,C1_PUBLIC,1,,,,,,,,,,,,,c02695f74725b6e474e167497caee27c,,,,,,,,,,,,,,13,VERIFIED,,,,,True,,,,,False,niiRXXRjOIQAvFKAnMod96t4CtDVhA/DrK8rXmBIrsc=,f75b256d5ebada1e3245acbdd5fce5e1637eef17616374ffba18d2fca6e0a392,lhIS+WjWdu7nwVo2eeSh1fX8D+pCzpAo3q6D86Frg0w=,e3c79e861985930a7b39dabd9f5994afd272d08d14c69eff32e3899b0b3c807d,MnwC9zADZyGPhfZqibdXXTy03y5AF2cfWEZGE8gQFqs=,29ac3bebc7d8bf95fc566b7fd18bb82a91593b8a3a0877f87ec4350551f94d53,plaintext_update_no_noise,reference_python,n=|logq=|scale=|scheme=plain,plain,,,,,,,,,f62b50d3caea7cf4611c959678972abe038d2491a4a70a626fc75d5554207aa0,,ff56ecf0610db3d2ee1df51cb60445cc42a49b88fe430c2fbced997a1eb0310a,audit_trails/artifacts/ciphertext_attestations/T1_Plain_TADP_client_000_r13_911bcae6d98878ff__ff56ecf0610db3d2.json,,,,,,,,,,,,,,,696e35066f426451d8ada01052468369a332a0224c1bc92645bcfb63b8fb0735,3076bc0b13e2cbda7dcd614bebe296797b229dec7945dff0ea59c42059f4c66f,,
67,aac3decd8fde6b6b83aefaebb3885d81,9807b00ec9f05c0ed690f948a024469da45a3923628918d48e6175fa51233777,2026-08-22T17:41:17.730263+00:00,TADP-SEC/12.1,CLIENT_ACCEPTED_SUBMISSION,T1_Plain_TADP,,,,client_000,,,,,,,,,,,2.3-phase1-fixed-threshold-critical-floor-review-profile,47dd2e58be138865a6d591a63329509757be6b563afb2badb96beb09eac726e5,a663ab753fcbe1179628a237bb638420356ea261176b970e3553fa59bfe7e9d6,1c154f7d4e37aa15e037310f6b45ff14a874311a582c673470a238929d8125dd,8d877b4c3b654a235066cdd49bf4c7e04e1b662c0cf44a17b54811ea50677e11,VALIDATED_EVIDENCE_BUNDLE,,,,,,,,,,,,,,,,,,,,,,,,UPDATE_SUBMITTED_ENFORCED,,False,NOT_REQUIRED_AUTOMATED_POLICY,False,,,,,,,,,,,,,C1_PUBLIC,1,,,,,,,,6f8a5214daf0d8d5188f7da84fe0931408bac9ce898d47d09d53366ef6cfe2b8,c068640bad122342de0e81050f313e88a0b5bf947d459a5df25df6b117f89be9,,,2026-08-23T17:18:04.591571+00:00,c02695f74725b6e474e167497caee27c,,,,,74e7e496a2965934815498fda15c0fe301c572934d9dad3bd52ab614cd21e31a,ffbd8cd13f98fbb3972b31201a51ad4c80cc5765daf49a97971895310d534338,,,2026-08-22T18:41:04.602347+00:00,eb562985f77fc8a152d2d22d15bfd3f4695b107bdaa4c375fc5dde2be0f10805,active,,,14,ACCEPTED,ALL_BASELINE_CONTROLS,,,,True,True,True,True,True,False,ZdBApVbQJitDQUpZ1qeAHmQRpPvjJ/KziP8Mxzr1c0A=,5307d50feb7383ffbf15b2391a90eaaf9f533840f713b5491ed881eec2acd83a,lhIS+WjWdu7nwVo2eeSh1fX8D+pCzpAo3q6D86Frg0w=,bd33f5074b790d08e2e08935a0eb1aa595d408b0941bd76a2e5c93541631244c,DJeAR/egSrZdxrE3CGNg2QxnrsQq6Ajhj4gktQ/b2Sw=,29ac3bebc7d8bf95fc566b7fd18bb82a91593b8a3a0877f87ec4350551f94d53,,,,,,,,,,,,,,,,,ec0f7d7ab6ca15cfec459f55fa860b0609f5217a423cc02988685656e5646724,audit_trails/artifacts/accepted_runtime_submissions/T1_Plain_TADP_client_000_r14_5307d50feb7383ff__ec0f7d7ab6ca15cf.json,,,,,,,,,,,,,3076bc0b13e2cbda7dcd614bebe296797b229dec7945dff0ea59c42059f4c66f,9086f9f3f143ef679088f44efa8d187d9524c5a8c6eb3a7a570b51e49ce7e3f1,,
68,ed33d37e8ce3efdf50c303d4fbdaf6d9,9807b00ec9f05c0ed690f948a024469da45a3923628918d48e6175fa51233777,2026-08-22T17:41:17.744711+00:00,TADP-SEC/12.1,CLIENT_CIPHERTEXT_BINDING,T1_Plain_TADP,,,,client_000,,,,,,,,,,,,,,,,,,,,,,,,,,,,,,,,,,,,,,,,CIPHERTEXT_BOUND_TO_SIGNED_UPDATE,,,,,,,,,,,,,,,,,C1_PUBLIC,1,,,,,,,,,,,,,c02695f74725b6e474e167497caee27c,,,,,,,,,,,,,,14,VERIFIED,,,,,True,,,,,False,ZdBApVbQJitDQUpZ1qeAHmQRpPvjJ/KziP8Mxzr1c0A=,5307d50feb7383ffbf15b2391a90eaaf9f533840f713b5491ed881eec2acd83a,lhIS+WjWdu7nwVo2eeSh1fX8D+pCzpAo3q6D86Frg0w=,8b483a40777786049ce1f7f7c84f49fcdc88249aed1444137dd37ef82eff3b67,DJeAR/egSrZdxrE3CGNg2QxnrsQq6Ajhj4gktQ/b2Sw=,29ac3bebc7d8bf95fc566b7fd18bb82a91593b8a3a0877f87ec4350551f94d53,plaintext_update_no_noise,reference_python,n=|logq=|scale=|scheme=plain,plain,,,,,,,,,f62b50d3caea7cf4611c959678972abe038d2491a4a70a626fc75d5554207aa0,,f912eb5e7d907984bc7e80db8a3c3dbb7fe23c7839cf3653bac8c58415ce5a62,audit_trails/artifacts/ciphertext_attestations/T1_Plain_TADP_client_000_r14_0f6dae0079a18e5e__f912eb5e7d907984.json,,,,,,,,,,,,,,,9086f9f3f143ef679088f44efa8d187d9524c5a8c6eb3a7a570b51e49ce7e3f1,263dba1079d913cd1758461d654501e8885812fa541cca66d8aaffa58358622e,,
69,494779c4ca263dd38b07127df7199e41,9807b00ec9f05c0ed690f948a024469da45a3923628918d48e6175fa51233777,2026-08-22T17:41:18.683492+00:00,TADP-SEC/12.1,CLIENT_ACCEPTED_SUBMISSION,T1_Plain_TADP,,,,client_000,,,,,,,,,,,2.3-phase1-fixed-threshold-critical-floor-review-profile,47dd2e58be138865a6d591a63329509757be6b563afb2badb96beb09eac726e5,a663ab753fcbe1179628a237bb638420356ea261176b970e3553fa59bfe7e9d6,1c154f7d4e37aa15e037310f6b45ff14a874311a582c673470a238929d8125dd,8d877b4c3b654a235066cdd49bf4c7e04e1b662c0cf44a17b54811ea50677e11,VALIDATED_EVIDENCE_BUNDLE,,,,,,,,,,,,,,,,,,,,,,,,UPDATE_SUBMITTED_ENFORCED,,False,NOT_REQUIRED_AUTOMATED_POLICY,False,,,,,,,,,,,,,C1_PUBLIC,1,,,,,,,,6f8a5214daf0d8d5188f7da84fe0931408bac9ce898d47d09d53366ef6cfe2b8,c068640bad122342de0e81050f313e88a0b5bf947d459a5df25df6b117f89be9,,,2026-08-23T17:18:04.591571+00:00,c02695f74725b6e474e167497caee27c,,,,,74e7e496a2965934815498fda15c0fe301c572934d9dad3bd52ab614cd21e31a,ffbd8cd13f98fbb3972b31201a51ad4c80cc5765daf49a97971895310d534338,,,2026-08-22T18:41:04.602347+00:00,eb562985f77fc8a152d2d22d15bfd3f4695b107bdaa4c375fc5dde2be0f10805,active,,,15,ACCEPTED,ALL_BASELINE_CONTROLS,,,,True,True,True,True,True,False,5m+YNdk3fXctI+098fN3V5cBA+7NGhr9BIRLfuhOBW4=,59b9df74287d166531cd0e2447a047481ad4fa042de912413012292a3d365bb0,lhIS+WjWdu7nwVo2eeSh1fX8D+pCzpAo3q6D86Frg0w=,2d3f78104d77f68808c498b35fd0276726abd5214c1cc643c75c3924fb5b64b9,Gus3JPcoZYnsUKiutxXq7AyTqucK40uZ8ANEKv2Ms78=,29ac3bebc7d8bf95fc566b7fd18bb82a91593b8a3a0877f87ec4350551f94d53,,,,,,,,,,,,,,,,,67be0ee4a8d76c9cfc25db45d968bd0d2b44e24e088d5290a25255e935f3f92b,audit_trails/artifacts/accepted_runtime_submissions/T1_Plain_TADP_client_000_r15_59b9df74287d1665__67be0ee4a8d76c9c.json,,,,,,,,,,,,,263dba1079d913cd1758461d654501e8885812fa541cca66d8aaffa58358622e,5d92b035250d0250935531557eb2a36a5d2930a3e955b7b999de2d33ee458df1,,
70,0fcf312de09246c4b8f789b6006de30c,9807b00ec9f05c0ed690f948a024469da45a3923628918d48e6175fa51233777,2026-08-22T17:41:18.697468+00:00,TADP-SEC/12.1,CLIENT_CIPHERTEXT_BINDING,T1_Plain_TADP,,,,client_000,,,,,,,,,,,,,,,,,,,,,,,,,,,,,,,,,,,,,,,,CIPHERTEXT_BOUND_TO_SIGNED_UPDATE,,,,,,,,,,,,,,,,,C1_PUBLIC,1,,,,,,,,,,,,,c02695f74725b6e474e167497caee27c,,,,,,,,,,,,,,15,VERIFIED,,,,,True,,,,,False,5m+YNdk3fXctI+098fN3V5cBA+7NGhr9BIRLfuhOBW4=,59b9df74287d166531cd0e2447a047481ad4fa042de912413012292a3d365bb0,lhIS+WjWdu7nwVo2eeSh1fX8D+pCzpAo3q6D86Frg0w=,9bfd7dc50428803befc3ebbd886b94f882ef590730269f55012355f174f628a6,Gus3JPcoZYnsUKiutxXq7AyTqucK40uZ8ANEKv2Ms78=,29ac3bebc7d8bf95fc566b7fd18bb82a91593b8a3a0877f87ec4350551f94d53,plaintext_update_no_noise,reference_python,n=|logq=|scale=|scheme=plain,plain,,,,,,,,,f62b50d3caea7cf4611c959678972abe038d2491a4a70a626fc75d5554207aa0,,3a662c1727ba1675d6097f2cb3b756d0ee6620d8c03c6d2e5609b8a0519862d1,audit_trails/artifacts/ciphertext_attestations/T1_Plain_TADP_client_000_r15_d2518f0fc01a989c__3a662c1727ba1675.json,,,,,,,,,,,,,,,5d92b035250d0250935531557eb2a36a5d2930a3e955b7b999de2d33ee458df1,7fd7b85641717b0a29514497d1ccc48244eaf59ccc04d96340ae56ec5bf3ad4f,,
71,39641901c58f2e2f1dac529bce796f94,9807b00ec9f05c0ed690f948a024469da45a3923628918d48e6175fa51233777,2026-08-22T17:41:19.619073+00:00,TADP-SEC/12.1,CLIENT_ACCEPTED_SUBMISSION,T1_Plain_TADP,,,,client_000,,,,,,,,,,,2.3-phase1-fixed-threshold-critical-floor-review-profile,47dd2e58be138865a6d591a63329509757be6b563afb2badb96beb09eac726e5,a663ab753fcbe1179628a237bb638420356ea261176b970e3553fa59bfe7e9d6,1c154f7d4e37aa15e037310f6b45ff14a874311a582c673470a238929d8125dd,8d877b4c3b654a235066cdd49bf4c7e04e1b662c0cf44a17b54811ea50677e11,VALIDATED_EVIDENCE_BUNDLE,,,,,,,,,,,,,,,,,,,,,,,,UPDATE_SUBMITTED_ENFORCED,,False,NOT_REQUIRED_AUTOMATED_POLICY,False,,,,,,,,,,,,,C1_PUBLIC,1,,,,,,,,6f8a5214daf0d8d5188f7da84fe0931408bac9ce898d47d09d53366ef6cfe2b8,c068640bad122342de0e81050f313e88a0b5bf947d459a5df25df6b117f89be9,,,2026-08-23T17:18:04.591571+00:00,c02695f74725b6e474e167497caee27c,,,,,74e7e496a2965934815498fda15c0fe301c572934d9dad3bd52ab614cd21e31a,ffbd8cd13f98fbb3972b31201a51ad4c80cc5765daf49a97971895310d534338,,,2026-08-22T18:41:04.602347+00:00,eb562985f77fc8a152d2d22d15bfd3f4695b107bdaa4c375fc5dde2be0f10805,active,,,16,ACCEPTED,ALL_BASELINE_CONTROLS,,,,True,True,True,True,True,False,NM+ZWAI7+bpjmO0JvtD8fxO8GcAvdc7JcF94X4S9xEo=,51e486bb5c0b6ba3bebdfda809a453af92d79ad5a17799f70b940ee97f7b9ce7,lhIS+WjWdu7nwVo2eeSh1fX8D+pCzpAo3q6D86Frg0w=,11af0e97f42517a5dc1e59396b4137930d042b7b4097a6dad2e421423123e2ec,N5FEE2+kCFIFpmCPtPHIQ3H/61HziMJcSsRUNMXyV50=,29ac3bebc7d8bf95fc566b7fd18bb82a91593b8a3a0877f87ec4350551f94d53,,,,,,,,,,,,,,,,,440a84e5ee635758cae19d1d71f06dfd0e4ef71892830acee5b90ccb18eab8a8,audit_trails/artifacts/accepted_runtime_submissions/T1_Plain_TADP_client_000_r16_51e486bb5c0b6ba3__440a84e5ee635758.json,,,,,,,,,,,,,7fd7b85641717b0a29514497d1ccc48244eaf59ccc04d96340ae56ec5bf3ad4f,1f806b2551dbe07abbf86a6dbd4da656b2985aea479566c47892d05dc6fe43e4,,
72,dc91f4500cb971c3b4d043b6a0d332f2,9807b00ec9f05c0ed690f948a024469da45a3923628918d48e6175fa51233777,2026-08-22T17:41:19.634303+00:00,TADP-SEC/12.1,CLIENT_CIPHERTEXT_BINDING,T1_Plain_TADP,,,,client_000,,,,,,,,,,,,,,,,,,,,,,,,,,,,,,,,,,,,,,,,CIPHERTEXT_BOUND_TO_SIGNED_UPDATE,,,,,,,,,,,,,,,,,C1_PUBLIC,1,,,,,,,,,,,,,c02695f74725b6e474e167497caee27c,,,,,,,,,,,,,,16,VERIFIED,,,,,True,,,,,False,NM+ZWAI7+bpjmO0JvtD8fxO8GcAvdc7JcF94X4S9xEo=,51e486bb5c0b6ba3bebdfda809a453af92d79ad5a17799f70b940ee97f7b9ce7,lhIS+WjWdu7nwVo2eeSh1fX8D+pCzpAo3q6D86Frg0w=,37aaf9817432f607bb3fa4ce181d48c54585e985baba73b85d302813cd3215bc,N5FEE2+kCFIFpmCPtPHIQ3H/61HziMJcSsRUNMXyV50=,29ac3bebc7d8bf95fc566b7fd18bb82a91593b8a3a0877f87ec4350551f94d53,plaintext_update_no_noise,reference_python,n=|logq=|scale=|scheme=plain,plain,,,,,,,,,f62b50d3caea7cf4611c959678972abe038d2491a4a70a626fc75d5554207aa0,,72edf0d9ed412c5d332c8adbc2a5517019d69bb840494b2b5ba89d4d5a25fcf2,audit_trails/artifacts/ciphertext_attestations/T1_Plain_TADP_client_000_r16_b6a5f10a7ce6a28e__72edf0d9ed412c5d.json,,,,,,,,,,,,,,,1f806b2551dbe07abbf86a6dbd4da656b2985aea479566c47892d05dc6fe43e4,469d245a69fcf5f6f8788a61d4786b755c25c739c9bf4a824fadba0d4df6e1d6,,
73,7fa6767fa76b12d2e908f7836db82595,9807b00ec9f05c0ed690f948a024469da45a3923628918d48e6175fa51233777,2026-08-22T17:41:20.529781+00:00,TADP-SEC/12.1,CLIENT_ACCEPTED_SUBMISSION,T1_Plain_TADP,,,,client_000,,,,,,,,,,,2.3-phase1-fixed-threshold-critical-floor-review-profile,47dd2e58be138865a6d591a63329509757be6b563afb2badb96beb09eac726e5,a663ab753fcbe1179628a237bb638420356ea261176b970e3553fa59bfe7e9d6,1c154f7d4e37aa15e037310f6b45ff14a874311a582c673470a238929d8125dd,8d877b4c3b654a235066cdd49bf4c7e04e1b662c0cf44a17b54811ea50677e11,VALIDATED_EVIDENCE_BUNDLE,,,,,,,,,,,,,,,,,,,,,,,,UPDATE_SUBMITTED_ENFORCED,,False,NOT_REQUIRED_AUTOMATED_POLICY,False,,,,,,,,,,,,,C1_PUBLIC,1,,,,,,,,6f8a5214daf0d8d5188f7da84fe0931408bac9ce898d47d09d53366ef6cfe2b8,c068640bad122342de0e81050f313e88a0b5bf947d459a5df25df6b117f89be9,,,2026-08-23T17:18:04.591571+00:00,c02695f74725b6e474e167497caee27c,,,,,74e7e496a2965934815498fda15c0fe301c572934d9dad3bd52ab614cd21e31a,ffbd8cd13f98fbb3972b31201a51ad4c80cc5765daf49a97971895310d534338,,,2026-08-22T18:41:04.602347+00:00,eb562985f77fc8a152d2d22d15bfd3f4695b107bdaa4c375fc5dde2be0f10805,active,,,17,ACCEPTED,ALL_BASELINE_CONTROLS,,,,True,True,True,True,True,False,HhMqeOCvJpeVUJPv7jFr5YPRtjUXRg0EtUK0DOp11vo=,41a4b7606aba600d60d8c90a1e9c96048b44ea4b2f589e7bbf7b44e1e6d05b92,lhIS+WjWdu7nwVo2eeSh1fX8D+pCzpAo3q6D86Frg0w=,ed6acf870c83993a7b9bcda4851e6497ea265cd86ad9bdd9336a6371e9526938,eDGlrEXgxkj/iWQ2nEJ9DfE9LEoCtnLIZ6wzZBJQrd0=,29ac3bebc7d8bf95fc566b7fd18bb82a91593b8a3a0877f87ec4350551f94d53,,,,,,,,,,,,,,,,,607fb5c05e707038ad3a3b133ac40dc5d139b466503c9f4f1173be7977224e2b,audit_trails/artifacts/accepted_runtime_submissions/T1_Plain_TADP_client_000_r17_41a4b7606aba600d__607fb5c05e707038.json,,,,,,,,,,,,,469d245a69fcf5f6f8788a61d4786b755c25c739c9bf4a824fadba0d4df6e1d6,b4680e55cea3cb948d69eb54675843c975b73ee18ab14dd4018517cdc16be42a,,
74,711a5105d663c42e4ef200ce93144092,9807b00ec9f05c0ed690f948a024469da45a3923628918d48e6175fa51233777,2026-08-22T17:41:20.545127+00:00,TADP-SEC/12.1,CLIENT_CIPHERTEXT_BINDING,T1_Plain_TADP,,,,client_000,,,,,,,,,,,,,,,,,,,,,,,,,,,,,,,,,,,,,,,,CIPHERTEXT_BOUND_TO_SIGNED_UPDATE,,,,,,,,,,,,,,,,,C1_PUBLIC,1,,,,,,,,,,,,,c02695f74725b6e474e167497caee27c,,,,,,,,,,,,,,17,VERIFIED,,,,,True,,,,,False,HhMqeOCvJpeVUJPv7jFr5YPRtjUXRg0EtUK0DOp11vo=,41a4b7606aba600d60d8c90a1e9c96048b44ea4b2f589e7bbf7b44e1e6d05b92,lhIS+WjWdu7nwVo2eeSh1fX8D+pCzpAo3q6D86Frg0w=,60c4479aa4b1885443594509f3cb158b1d7027cc2cf64bae1a35ad79281775b5,eDGlrEXgxkj/iWQ2nEJ9DfE9LEoCtnLIZ6wzZBJQrd0=,29ac3bebc7d8bf95fc566b7fd18bb82a91593b8a3a0877f87ec4350551f94d53,plaintext_update_no_noise,reference_python,n=|logq=|scale=|scheme=plain,plain,,,,,,,,,f62b50d3caea7cf4611c959678972abe038d2491a4a70a626fc75d5554207aa0,,9807393dfbe467e70b3955e22738b8260454341473c7321ec5625b8bf73b4d2a,audit_trails/artifacts/ciphertext_attestations/T1_Plain_TADP_client_000_r17_9a33758e2f903d7c__9807393dfbe467e7.json,,,,,,,,,,,,,,,b4680e55cea3cb948d69eb54675843c975b73ee18ab14dd4018517cdc16be42a,0e82417a67913f35102587f22b241dae7c5a637761f4d24acb9f4bb59de07f3c,,
75,70600cad7bae07bdd065dd4eb8ee8e1e,9807b00ec9f05c0ed690f948a024469da45a3923628918d48e6175fa51233777,2026-08-22T17:41:21.466491+00:00,TADP-SEC/12.1,CLIENT_ACCEPTED_SUBMISSION,T1_Plain_TADP,,,,client_000,,,,,,,,,,,2.3-phase1-fixed-threshold-critical-floor-review-profile,47dd2e58be138865a6d591a63329509757be6b563afb2badb96beb09eac726e5,a663ab753fcbe1179628a237bb638420356ea261176b970e3553fa59bfe7e9d6,1c154f7d4e37aa15e037310f6b45ff14a874311a582c673470a238929d8125dd,8d877b4c3b654a235066cdd49bf4c7e04e1b662c0cf44a17b54811ea50677e11,VALIDATED_EVIDENCE_BUNDLE,,,,,,,,,,,,,,,,,,,,,,,,UPDATE_SUBMITTED_ENFORCED,,False,NOT_REQUIRED_AUTOMATED_POLICY,False,,,,,,,,,,,,,C1_PUBLIC,1,,,,,,,,6f8a5214daf0d8d5188f7da84fe0931408bac9ce898d47d09d53366ef6cfe2b8,c068640bad122342de0e81050f313e88a0b5bf947d459a5df25df6b117f89be9,,,2026-08-23T17:18:04.591571+00:00,c02695f74725b6e474e167497caee27c,,,,,74e7e496a2965934815498fda15c0fe301c572934d9dad3bd52ab614cd21e31a,ffbd8cd13f98fbb3972b31201a51ad4c80cc5765daf49a97971895310d534338,,,2026-08-22T18:41:04.602347+00:00,eb562985f77fc8a152d2d22d15bfd3f4695b107bdaa4c375fc5dde2be0f10805,active,,,18,ACCEPTED,ALL_BASELINE_CONTROLS,,,,True,True,True,True,True,False,YJwgXJKJSvuG+AzeefBx5xLnH50PiXj8Ar+GYx85/KE=,90b33d30fbded487b63647e283c549b8ed75e09df039657f84e07a93b74a3967,lhIS+WjWdu7nwVo2eeSh1fX8D+pCzpAo3q6D86Frg0w=,fb362e923c6eb6d21679d50440e08bdc24bdf902a0a9660793663c65bdffdcc5,onrXLjZJ7hkpTzPDv/xzMF4GerReHNOANLXL+3LIflM=,29ac3bebc7d8bf95fc566b7fd18bb82a91593b8a3a0877f87ec4350551f94d53,,,,,,,,,,,,,,,,,68d0875d0f7cc025d08f3e2bafe001ba9abfe5c7b5f9313a082cb14c86885647,audit_trails/artifacts/accepted_runtime_submissions/T1_Plain_TADP_client_000_r18_90b33d30fbded487__68d0875d0f7cc025.json,,,,,,,,,,,,,0e82417a67913f35102587f22b241dae7c5a637761f4d24acb9f4bb59de07f3c,7dbb8a0b10378e76a7c6a9db28583d63ac498d0c7e6c7fa8ccfab97270c3a413,,
76,ed73b15235dc5db007fb6369965e2ce2,9807b00ec9f05c0ed690f948a024469da45a3923628918d48e6175fa51233777,2026-08-22T17:41:21.481529+00:00,TADP-SEC/12.1,CLIENT_CIPHERTEXT_BINDING,T1_Plain_TADP,,,,client_000,,,,,,,,,,,,,,,,,,,,,,,,,,,,,,,,,,,,,,,,CIPHERTEXT_BOUND_TO_SIGNED_UPDATE,,,,,,,,,,,,,,,,,C1_PUBLIC,1,,,,,,,,,,,,,c02695f74725b6e474e167497caee27c,,,,,,,,,,,,,,18,VERIFIED,,,,,True,,,,,False,YJwgXJKJSvuG+AzeefBx5xLnH50PiXj8Ar+GYx85/KE=,90b33d30fbded487b63647e283c549b8ed75e09df039657f84e07a93b74a3967,lhIS+WjWdu7nwVo2eeSh1fX8D+pCzpAo3q6D86Frg0w=,4604ef3c7bdaac199202e47dc061fdb7df7891939846cc7d2587e4ced0965b8e,onrXLjZJ7hkpTzPDv/xzMF4GerReHNOANLXL+3LIflM=,29ac3bebc7d8bf95fc566b7fd18bb82a91593b8a3a0877f87ec4350551f94d53,plaintext_update_no_noise,reference_python,n=|logq=|scale=|scheme=plain,plain,,,,,,,,,f62b50d3caea7cf4611c959678972abe038d2491a4a70a626fc75d5554207aa0,,16d50adb67b6686ff1e0b5cda9c30d0c81a1c77250b904b36101eb54f4ed1c04,audit_trails/artifacts/ciphertext_attestations/T1_Plain_TADP_client_000_r18_0bd01e26f2f7065e__16d50adb67b6686f.json,,,,,,,,,,,,,,,7dbb8a0b10378e76a7c6a9db28583d63ac498d0c7e6c7fa8ccfab97270c3a413,73311146ff793f13abb98ac952eb9127af4bfe151f3ffb0d9ba3dc96e5ad4f60,,
77,57da3b3ab632f0e48544c1c5980d98a0,9807b00ec9f05c0ed690f948a024469da45a3923628918d48e6175fa51233777,2026-08-22T17:41:22.418867+00:00,TADP-SEC/12.1,CLIENT_ACCEPTED_SUBMISSION,T1_Plain_TADP,,,,client_000,,,,,,,,,,,2.3-phase1-fixed-threshold-critical-floor-review-profile,47dd2e58be138865a6d591a63329509757be6b563afb2badb96beb09eac726e5,a663ab753fcbe1179628a237bb638420356ea261176b970e3553fa59bfe7e9d6,1c154f7d4e37aa15e037310f6b45ff14a874311a582c673470a238929d8125dd,8d877b4c3b654a235066cdd49bf4c7e04e1b662c0cf44a17b54811ea50677e11,VALIDATED_EVIDENCE_BUNDLE,,,,,,,,,,,,,,,,,,,,,,,,UPDATE_SUBMITTED_ENFORCED,,False,NOT_REQUIRED_AUTOMATED_POLICY,False,,,,,,,,,,,,,C1_PUBLIC,1,,,,,,,,6f8a5214daf0d8d5188f7da84fe0931408bac9ce898d47d09d53366ef6cfe2b8,c068640bad122342de0e81050f313e88a0b5bf947d459a5df25df6b117f89be9,,,2026-08-23T17:18:04.591571+00:00,c02695f74725b6e474e167497caee27c,,,,,74e7e496a2965934815498fda15c0fe301c572934d9dad3bd52ab614cd21e31a,ffbd8cd13f98fbb3972b31201a51ad4c80cc5765daf49a97971895310d534338,,,2026-08-22T18:41:04.602347+00:00,eb562985f77fc8a152d2d22d15bfd3f4695b107bdaa4c375fc5dde2be0f10805,active,,,19,ACCEPTED,ALL_BASELINE_CONTROLS,,,,True,True,True,True,True,False,XowIYoGjand0lghknBrg0wIBqQymemKF4w+YxOg4UP8=,fc0337265ef8ffe4ba70740f870d8a9061526fae6101fafd46b63033c7e8a7dc,lhIS+WjWdu7nwVo2eeSh1fX8D+pCzpAo3q6D86Frg0w=,e2bf36d70c491b1492f3effe1bd78602b5c4a03f92b939a70b45266a6c04f9e4,HCU35Uu6njcJuvqoRMh5TV9IIk5+8kiE1yujzgFj6XM=,29ac3bebc7d8bf95fc566b7fd18bb82a91593b8a3a0877f87ec4350551f94d53,,,,,,,,,,,,,,,,,dd4fe6b2bf7e49197d8e3506d5fb5ce660b8ffe2380c94651e467080d0e3a54b,audit_trails/artifacts/accepted_runtime_submissions/T1_Plain_TADP_client_000_r19_fc0337265ef8ffe4__dd4fe6b2bf7e4919.json,,,,,,,,,,,,,73311146ff793f13abb98ac952eb9127af4bfe151f3ffb0d9ba3dc96e5ad4f60,db95a40facd09c01d83bd114f74c9dfb06b56bd619f77e1b8ae27ebf2afcf102,,
78,4719bab10bdb3f15286629c64e390414,9807b00ec9f05c0ed690f948a024469da45a3923628918d48e6175fa51233777,2026-08-22T17:41:22.434095+00:00,TADP-SEC/12.1,CLIENT_CIPHERTEXT_BINDING,T1_Plain_TADP,,,,client_000,,,,,,,,,,,,,,,,,,,,,,,,,,,,,,,,,,,,,,,,CIPHERTEXT_BOUND_TO_SIGNED_UPDATE,,,,,,,,,,,,,,,,,C1_PUBLIC,1,,,,,,,,,,,,,c02695f74725b6e474e167497caee27c,,,,,,,,,,,,,,19,VERIFIED,,,,,True,,,,,False,XowIYoGjand0lghknBrg0wIBqQymemKF4w+YxOg4UP8=,fc0337265ef8ffe4ba70740f870d8a9061526fae6101fafd46b63033c7e8a7dc,lhIS+WjWdu7nwVo2eeSh1fX8D+pCzpAo3q6D86Frg0w=,dfeb5b15f8680d375616b89c75b4cb8658039a36726e5bf310117f83fcd8a316,HCU35Uu6njcJuvqoRMh5TV9IIk5+8kiE1yujzgFj6XM=,29ac3bebc7d8bf95fc566b7fd18bb82a91593b8a3a0877f87ec4350551f94d53,plaintext_update_no_noise,reference_python,n=|logq=|scale=|scheme=plain,plain,,,,,,,,,f62b50d3caea7cf4611c959678972abe038d2491a4a70a626fc75d5554207aa0,,1e376994cb616818b0f832aad5eed7394981ffd8080543fc0abb3a9bd072f955,audit_trails/artifacts/ciphertext_attestations/T1_Plain_TADP_client_000_r19_3209e305079d3200__1e376994cb616818.json,,,,,,,,,,,,,,,db95a40facd09c01d83bd114f74c9dfb06b56bd619f77e1b8ae27ebf2afcf102,aa6e0abfea6f7b4e730d38447be78b943151799f4e7479fb47df8b5053969676,,
79,2cec1aceb8a1f64c3ba498d9672329a4,9807b00ec9f05c0ed690f948a024469da45a3923628918d48e6175fa51233777,2026-08-22T17:41:23.357872+00:00,TADP-SEC/12.1,CLIENT_ACCEPTED_SUBMISSION,T1_Plain_TADP,,,,client_000,,,,,,,,,,,2.3-phase1-fixed-threshold-critical-floor-review-profile,47dd2e58be138865a6d591a63329509757be6b563afb2badb96beb09eac726e5,a663ab753fcbe1179628a237bb638420356ea261176b970e3553fa59bfe7e9d6,1c154f7d4e37aa15e037310f6b45ff14a874311a582c673470a238929d8125dd,8d877b4c3b654a235066cdd49bf4c7e04e1b662c0cf44a17b54811ea50677e11,VALIDATED_EVIDENCE_BUNDLE,,,,,,,,,,,,,,,,,,,,,,,,UPDATE_SUBMITTED_ENFORCED,,False,NOT_REQUIRED_AUTOMATED_POLICY,False,,,,,,,,,,,,,C1_PUBLIC,1,,,,,,,,6f8a5214daf0d8d5188f7da84fe0931408bac9ce898d47d09d53366ef6cfe2b8,c068640bad122342de0e81050f313e88a0b5bf947d459a5df25df6b117f89be9,,,2026-08-23T17:18:04.591571+00:00,c02695f74725b6e474e167497caee27c,,,,,74e7e496a2965934815498fda15c0fe301c572934d9dad3bd52ab614cd21e31a,ffbd8cd13f98fbb3972b31201a51ad4c80cc5765daf49a97971895310d534338,,,2026-08-22T18:41:04.602347+00:00,eb562985f77fc8a152d2d22d15bfd3f4695b107bdaa4c375fc5dde2be0f10805,active,,,20,ACCEPTED,ALL_BASELINE_CONTROLS,,,,True,True,True,True,True,False,DH1E2aDilKVQ8KaziAp9qcAgx06Yrk94TIDAuuO88kU=,3b78ee4988e8c9c1bca1d8c28136476f36cac81b560290a9a409aa74979f45ce,lhIS+WjWdu7nwVo2eeSh1fX8D+pCzpAo3q6D86Frg0w=,087235413602d0e427359d7eaa8f3bd9f51073a776226d712e03a15feab83d77,OS6GckChHWrpLNdMEYiJI3rtSFknhju8yJo/xIQQ5Ng=,29ac3bebc7d8bf95fc566b7fd18bb82a91593b8a3a0877f87ec4350551f94d53,,,,,,,,,,,,,,,,,b136d95aaad27bdaf7a35ef5223f5fe2970b8ff2739ef78cbd158ab1a5c48c7b,audit_trails/artifacts/accepted_runtime_submissions/T1_Plain_TADP_client_000_r20_3b78ee4988e8c9c1__b136d95aaad27bda.json,,,,,,,,,,,,,aa6e0abfea6f7b4e730d38447be78b943151799f4e7479fb47df8b5053969676,2bc511df5285802a515f6387cb46d9a28c0667b9f31b1b3ac815ef8df95d3233,,
80,e637ffc08dedf4eca24e07c02c86e4dc,9807b00ec9f05c0ed690f948a024469da45a3923628918d48e6175fa51233777,2026-08-22T17:41:23.371956+00:00,TADP-SEC/12.1,CLIENT_CIPHERTEXT_BINDING,T1_Plain_TADP,,,,client_000,,,,,,,,,,,,,,,,,,,,,,,,,,,,,,,,,,,,,,,,CIPHERTEXT_BOUND_TO_SIGNED_UPDATE,,,,,,,,,,,,,,,,,C1_PUBLIC,1,,,,,,,,,,,,,c02695f74725b6e474e167497caee27c,,,,,,,,,,,,,,20,VERIFIED,,,,,True,,,,,False,DH1E2aDilKVQ8KaziAp9qcAgx06Yrk94TIDAuuO88kU=,3b78ee4988e8c9c1bca1d8c28136476f36cac81b560290a9a409aa74979f45ce,lhIS+WjWdu7nwVo2eeSh1fX8D+pCzpAo3q6D86Frg0w=,71c078713aaa68f8a0752ddcf137be78bc21db60e4ab47f633011d46d94c028f,OS6GckChHWrpLNdMEYiJI3rtSFknhju8yJo/xIQQ5Ng=,29ac3bebc7d8bf95fc566b7fd18bb82a91593b8a3a0877f87ec4350551f94d53,plaintext_update_no_noise,reference_python,n=|logq=|scale=|scheme=plain,plain,,,,,,,,,f62b50d3caea7cf4611c959678972abe038d2491a4a70a626fc75d5554207aa0,,7aeb445d0ac8c71406c76e647b586492a88c60fcc70460e6abf9f5ea8c026cc0,audit_trails/artifacts/ciphertext_attestations/T1_Plain_TADP_client_000_r20_f2954476387d0a2b__7aeb445d0ac8c714.json,,,,,,,,,,,,,,,2bc511df5285802a515f6387cb46d9a28c0667b9f31b1b3ac815ef8df95d3233,ca5c1484db0968615cc6e4d2ad469f89a5b946e85b1d7c27d88dccc93aab55c3,,
81,9d1681dbcbf6af37588ed5d9be38e239,9807b00ec9f05c0ed690f948a024469da45a3923628918d48e6175fa51233777,2026-08-22T17:41:24.403158+00:00,TADP-SEC/12.1,CLIENT_ACCEPTED_SUBMISSION,T1_Plain_TADP,,,,client_000,,,,,,,,,,,2.3-phase1-fixed-threshold-critical-floor-review-profile,47dd2e58be138865a6d591a63329509757be6b563afb2badb96beb09eac726e5,a663ab753fcbe1179628a237bb638420356ea261176b970e3553fa59bfe7e9d6,1c154f7d4e37aa15e037310f6b45ff14a874311a582c673470a238929d8125dd,8d877b4c3b654a235066cdd49bf4c7e04e1b662c0cf44a17b54811ea50677e11,VALIDATED_EVIDENCE_BUNDLE,,,,,,,,,,,,,,,,,,,,,,,,UPDATE_SUBMITTED_ENFORCED,,False,NOT_REQUIRED_AUTOMATED_POLICY,False,,,,,,,,,,,,,C1_PUBLIC,1,,,,,,,,6f8a5214daf0d8d5188f7da84fe0931408bac9ce898d47d09d53366ef6cfe2b8,c068640bad122342de0e81050f313e88a0b5bf947d459a5df25df6b117f89be9,,,2026-08-23T17:18:04.591571+00:00,6486aa3046e5e26bd445de2872119e69,,,,,7cfa8b4cccb3826c339933a9968f0ef614429c5143b57b1ef56cef870af3d4eb,45175cbf518f6efe0c396861835d7ab00bbcb358ea84ce2cf997c52b6d1d7564,,,2026-08-22T18:41:24.346623+00:00,eb562985f77fc8a152d2d22d15bfd3f4695b107bdaa4c375fc5dde2be0f10805,active,,,1,ACCEPTED,ALL_BASELINE_CONTROLS,,,,True,True,True,True,True,False,u3lW2Dyi/u3uh3/jWL2Hnp0msKp+wF4qn6SOF6cpczQ=,cb83cf4792c0ef5255060663046c92afc5976d99ec9fc49c2462654f2730155f,lhIS+WjWdu7nwVo2eeSh1fX8D+pCzpAo3q6D86Frg0w=,d7c53e595caefd0c348736114515f435f5fa167ad8e7ff72b8be757768fcd789,J4sOB/Y7dVuwEgnc1teKWGSyDpb9hskfB4LG3tudQWg=,29ac3bebc7d8bf95fc566b7fd18bb82a91593b8a3a0877f87ec4350551f94d53,,,,,,,,,,,,,,,,,0f2654ed907f5441fc5df9cd8c18351d1e50ed8f35fd58ca70922bde142f5d74,audit_trails/artifacts/accepted_runtime_submissions/T1_Plain_TADP_client_000_r1_cb83cf4792c0ef52__0f2654ed907f5441.json,,,,,,,,,,,,,ca5c1484db0968615cc6e4d2ad469f89a5b946e85b1d7c27d88dccc93aab55c3,2015fa687994604d6f9b2506b5b11026cc0ec2cd8bf4b57d03f4fe78690b5049,,
82,a1c14e1778b1bfc688c90e00af8cbebb,9807b00ec9f05c0ed690f948a024469da45a3923628918d48e6175fa51233777,2026-08-22T17:41:24.417995+00:00,TADP-SEC/12.1,CLIENT_CIPHERTEXT_BINDING,T1_Plain_TADP,,,,client_000,,,,,,,,,,,,,,,,,,,,,,,,,,,,,,,,,,,,,,,,CIPHERTEXT_BOUND_TO_SIGNED_UPDATE,,,,,,,,,,,,,,,,,C1_PUBLIC,1,,,,,,,,,,,,,6486aa3046e5e26bd445de2872119e69,,,,,,,,,,,,,,1,VERIFIED,,,,,True,,,,,False,u3lW2Dyi/u3uh3/jWL2Hnp0msKp+wF4qn6SOF6cpczQ=,cb83cf4792c0ef5255060663046c92afc5976d99ec9fc49c2462654f2730155f,lhIS+WjWdu7nwVo2eeSh1fX8D+pCzpAo3q6D86Frg0w=,a4c23554e4d65aa178d339a7b88ee66d26e502b3a13a58ba0cda36265d9a7588,J4sOB/Y7dVuwEgnc1teKWGSyDpb9hskfB4LG3tudQWg=,29ac3bebc7d8bf95fc566b7fd18bb82a91593b8a3a0877f87ec4350551f94d53,plaintext_update_no_noise,reference_python,n=|logq=|scale=|scheme=plain,plain,,,,,,,,,f62b50d3caea7cf4611c959678972abe038d2491a4a70a626fc75d5554207aa0,,61fce8a3e4a7103d96b97b309caa1356a521eb8659818b0857b9a7e54f0292b5,audit_trails/artifacts/ciphertext_attestations/T1_Plain_TADP_client_000_r1_cd54f0f31dcb640c__61fce8a3e4a7103d.json,,,,,,,,,,,,,,,2015fa687994604d6f9b2506b5b11026cc0ec2cd8bf4b57d03f4fe78690b5049,914a44772f721354b49fd1b97ea95068c5483d17bc0c04dc44245613b5447078,,
83,5f1f9920aa1509810a73c8326f848f36,9807b00ec9f05c0ed690f948a024469da45a3923628918d48e6175fa51233777,2026-08-22T17:41:25.343235+00:00,TADP-SEC/12.1,CLIENT_ACCEPTED_SUBMISSION,T1_Plain_TADP,,,,client_000,,,,,,,,,,,2.3-phase1-fixed-threshold-critical-floor-review-profile,47dd2e58be138865a6d591a63329509757be6b563afb2badb96beb09eac726e5,a663ab753fcbe1179628a237bb638420356ea261176b970e3553fa59bfe7e9d6,1c154f7d4e37aa15e037310f6b45ff14a874311a582c673470a238929d8125dd,8d877b4c3b654a235066cdd49bf4c7e04e1b662c0cf44a17b54811ea50677e11,VALIDATED_EVIDENCE_BUNDLE,,,,,,,,,,,,,,,,,,,,,,,,UPDATE_SUBMITTED_ENFORCED,,False,NOT_REQUIRED_AUTOMATED_POLICY,False,,,,,,,,,,,,,C1_PUBLIC,1,,,,,,,,6f8a5214daf0d8d5188f7da84fe0931408bac9ce898d47d09d53366ef6cfe2b8,c068640bad122342de0e81050f313e88a0b5bf947d459a5df25df6b117f89be9,,,2026-08-23T17:18:04.591571+00:00,6486aa3046e5e26bd445de2872119e69,,,,,7cfa8b4cccb3826c339933a9968f0ef614429c5143b57b1ef56cef870af3d4eb,45175cbf518f6efe0c396861835d7ab00bbcb358ea84ce2cf997c52b6d1d7564,,,2026-08-22T18:41:24.346623+00:00,eb562985f77fc8a152d2d22d15bfd3f4695b107bdaa4c375fc5dde2be0f10805,active,,,2,ACCEPTED,ALL_BASELINE_CONTROLS,,,,True,True,True,True,True,False,POClUtJy6ExGedYN8pA+6WKsZ4UFFBKFSfRfakh9EUg=,10105ac5147d97216e2ffbcc6b415294dee2bd5e9b5fa55251f03ec049ed942b,lhIS+WjWdu7nwVo2eeSh1fX8D+pCzpAo3q6D86Frg0w=,331ef3d8f7199bd4daf76811a9aecc469187ca76f13d82e5e266954e980529a7,+yrm2oMVj6jL/KK4wLYgAuKbP8AIDLpAgkn8EBwURcs=,29ac3bebc7d8bf95fc566b7fd18bb82a91593b8a3a0877f87ec4350551f94d53,,,,,,,,,,,,,,,,,b6be0ace823188ed896ccc07f262f9f7fa50f5f6fba8a7e0c54da7a0800fac27,audit_trails/artifacts/accepted_runtime_submissions/T1_Plain_TADP_client_000_r2_10105ac5147d9721__b6be0ace823188ed.json,,,,,,,,,,,,,914a44772f721354b49fd1b97ea95068c5483d17bc0c04dc44245613b5447078,5763056ff5bce5a59745de82b63446e395f646885d1910eb152c9af2137acbcb,,
84,be90de39364cd14fc1c0eaa9375d336b,9807b00ec9f05c0ed690f948a024469da45a3923628918d48e6175fa51233777,2026-08-22T17:41:25.356943+00:00,TADP-SEC/12.1,CLIENT_CIPHERTEXT_BINDING,T1_Plain_TADP,,,,client_000,,,,,,,,,,,,,,,,,,,,,,,,,,,,,,,,,,,,,,,,CIPHERTEXT_BOUND_TO_SIGNED_UPDATE,,,,,,,,,,,,,,,,,C1_PUBLIC,1,,,,,,,,,,,,,6486aa3046e5e26bd445de2872119e69,,,,,,,,,,,,,,2,VERIFIED,,,,,True,,,,,False,POClUtJy6ExGedYN8pA+6WKsZ4UFFBKFSfRfakh9EUg=,10105ac5147d97216e2ffbcc6b415294dee2bd5e9b5fa55251f03ec049ed942b,lhIS+WjWdu7nwVo2eeSh1fX8D+pCzpAo3q6D86Frg0w=,4d2844be38846fe79928378ce42c5dd3875f9093a7c76ef222bddae024251aea,+yrm2oMVj6jL/KK4wLYgAuKbP8AIDLpAgkn8EBwURcs=,29ac3bebc7d8bf95fc566b7fd18bb82a91593b8a3a0877f87ec4350551f94d53,plaintext_update_no_noise,reference_python,n=|logq=|scale=|scheme=plain,plain,,,,,,,,,f62b50d3caea7cf4611c959678972abe038d2491a4a70a626fc75d5554207aa0,,411ee5cdc4a0f42bb0e825c495879abc15bd4bac5e69fec4430dda24b72280f2,audit_trails/artifacts/ciphertext_attestations/T1_Plain_TADP_client_000_r2_01d8a061967d48e0__411ee5cdc4a0f42b.json,,,,,,,,,,,,,,,5763056ff5bce5a59745de82b63446e395f646885d1910eb152c9af2137acbcb,af0cd86ba7577ad45ce313da35b7c3c3286c117aa0b4ebc34bf9ea4701322946,,
85,ce194b94a0acdf27014de882cc0169fe,9807b00ec9f05c0ed690f948a024469da45a3923628918d48e6175fa51233777,2026-08-22T17:41:26.256969+00:00,TADP-SEC/12.1,CLIENT_ACCEPTED_SUBMISSION,T1_Plain_TADP,,,,client_000,,,,,,,,,,,2.3-phase1-fixed-threshold-critical-floor-review-profile,47dd2e58be138865a6d591a63329509757be6b563afb2badb96beb09eac726e5,a663ab753fcbe1179628a237bb638420356ea261176b970e3553fa59bfe7e9d6,1c154f7d4e37aa15e037310f6b45ff14a874311a582c673470a238929d8125dd,8d877b4c3b654a235066cdd49bf4c7e04e1b662c0cf44a17b54811ea50677e11,VALIDATED_EVIDENCE_BUNDLE,,,,,,,,,,,,,,,,,,,,,,,,UPDATE_SUBMITTED_ENFORCED,,False,NOT_REQUIRED_AUTOMATED_POLICY,False,,,,,,,,,,,,,C1_PUBLIC,1,,,,,,,,6f8a5214daf0d8d5188f7da84fe0931408bac9ce898d47d09d53366ef6cfe2b8,c068640bad122342de0e81050f313e88a0b5bf947d459a5df25df6b117f89be9,,,2026-08-23T17:18:04.591571+00:00,6486aa3046e5e26bd445de2872119e69,,,,,7cfa8b4cccb3826c339933a9968f0ef614429c5143b57b1ef56cef870af3d4eb,45175cbf518f6efe0c396861835d7ab00bbcb358ea84ce2cf997c52b6d1d7564,,,2026-08-22T18:41:24.346623+00:00,eb562985f77fc8a152d2d22d15bfd3f4695b107bdaa4c375fc5dde2be0f10805,active,,,3,ACCEPTED,ALL_BASELINE_CONTROLS,,,,True,True,True,True,True,False,BC/UbLdua6PBrUAU8bHJ5pe2Otx8c1oONhH6PQYs59w=,693b8a03994f6e1ac6499a9f3be571b61635439e4d1beb712b115402d80d8d3c,lhIS+WjWdu7nwVo2eeSh1fX8D+pCzpAo3q6D86Frg0w=,ef02c299787f5cc95eed66bba8dbb6add1d90b425a0911dc7f3073bedcb60dfa,n+5SmF5480wUtVQpmKZO+lV7WMIkDL/GmQLE59jlrUY=,29ac3bebc7d8bf95fc566b7fd18bb82a91593b8a3a0877f87ec4350551f94d53,,,,,,,,,,,,,,,,,71b5b3ebf0e0a04223de188e83410bfe7034a7efe1f13905e0fa731fd926beb6,audit_trails/artifacts/accepted_runtime_submissions/T1_Plain_TADP_client_000_r3_693b8a03994f6e1a__71b5b3ebf0e0a042.json,,,,,,,,,,,,,af0cd86ba7577ad45ce313da35b7c3c3286c117aa0b4ebc34bf9ea4701322946,ae717ae93eb65d19660233b4b7bee41f18713889d6c253478d20546687ff571f,,
86,224e134dede30bf574ee01cd496b1f53,9807b00ec9f05c0ed690f948a024469da45a3923628918d48e6175fa51233777,2026-08-22T17:41:26.270858+00:00,TADP-SEC/12.1,CLIENT_CIPHERTEXT_BINDING,T1_Plain_TADP,,,,client_000,,,,,,,,,,,,,,,,,,,,,,,,,,,,,,,,,,,,,,,,CIPHERTEXT_BOUND_TO_SIGNED_UPDATE,,,,,,,,,,,,,,,,,C1_PUBLIC,1,,,,,,,,,,,,,6486aa3046e5e26bd445de2872119e69,,,,,,,,,,,,,,3,VERIFIED,,,,,True,,,,,False,BC/UbLdua6PBrUAU8bHJ5pe2Otx8c1oONhH6PQYs59w=,693b8a03994f6e1ac6499a9f3be571b61635439e4d1beb712b115402d80d8d3c,lhIS+WjWdu7nwVo2eeSh1fX8D+pCzpAo3q6D86Frg0w=,d06e63e25b889482f5b650e7e6f5bbb48b8b1782fffbf289a8d9e1d3c0d54e4c,n+5SmF5480wUtVQpmKZO+lV7WMIkDL/GmQLE59jlrUY=,29ac3bebc7d8bf95fc566b7fd18bb82a91593b8a3a0877f87ec4350551f94d53,plaintext_update_no_noise,reference_python,n=|logq=|scale=|scheme=plain,plain,,,,,,,,,f62b50d3caea7cf4611c959678972abe038d2491a4a70a626fc75d5554207aa0,,4eae9c7ec006f5bb5b3304836e167958f9d17657e56151eec289accaf9169e24,audit_trails/artifacts/ciphertext_attestations/T1_Plain_TADP_client_000_r3_a59db9926ff25eb7__4eae9c7ec006f5bb.json,,,,,,,,,,,,,,,ae717ae93eb65d19660233b4b7bee41f18713889d6c253478d20546687ff571f,2db47d0661b3b0a0d28e5b3b41afa8f4d4537915e5e17d5dc9951933274fc671,,
87,22b9fc90b82b716e4653cf0da28c53f3,9807b00ec9f05c0ed690f948a024469da45a3923628918d48e6175fa51233777,2026-08-22T17:41:27.175363+00:00,TADP-SEC/12.1,CLIENT_ACCEPTED_SUBMISSION,T1_Plain_TADP,,,,client_000,,,,,,,,,,,2.3-phase1-fixed-threshold-critical-floor-review-profile,47dd2e58be138865a6d591a63329509757be6b563afb2badb96beb09eac726e5,a663ab753fcbe1179628a237bb638420356ea261176b970e3553fa59bfe7e9d6,1c154f7d4e37aa15e037310f6b45ff14a874311a582c673470a238929d8125dd,8d877b4c3b654a235066cdd49bf4c7e04e1b662c0cf44a17b54811ea50677e11,VALIDATED_EVIDENCE_BUNDLE,,,,,,,,,,,,,,,,,,,,,,,,UPDATE_SUBMITTED_ENFORCED,,False,NOT_REQUIRED_AUTOMATED_POLICY,False,,,,,,,,,,,,,C1_PUBLIC,1,,,,,,,,6f8a5214daf0d8d5188f7da84fe0931408bac9ce898d47d09d53366ef6cfe2b8,c068640bad122342de0e81050f313e88a0b5bf947d459a5df25df6b117f89be9,,,2026-08-23T17:18:04.591571+00:00,6486aa3046e5e26bd445de2872119e69,,,,,7cfa8b4cccb3826c339933a9968f0ef614429c5143b57b1ef56cef870af3d4eb,45175cbf518f6efe0c396861835d7ab00bbcb358ea84ce2cf997c52b6d1d7564,,,2026-08-22T18:41:24.346623+00:00,eb562985f77fc8a152d2d22d15bfd3f4695b107bdaa4c375fc5dde2be0f10805,active,,,4,ACCEPTED,ALL_BASELINE_CONTROLS,,,,True,True,True,True,True,False,qAHKdpitXRFbbPFVejYkn1aTFvk0B7WcJt8E0xq47Ts=,7c85c1b8f818aea2652dd7d9e11ba148d922488e5d3a18945b19f0bd65920c6f,lhIS+WjWdu7nwVo2eeSh1fX8D+pCzpAo3q6D86Frg0w=,6813a2eb8545cd570da32533156a7ad8932895730d6be83d4b4e655f6730637b,HlhzuuYl2Q0k8S2bJedoa16IzVkaAo34hseKmF/js/s=,29ac3bebc7d8bf95fc566b7fd18bb82a91593b8a3a0877f87ec4350551f94d53,,,,,,,,,,,,,,,,,6a8a75f709fb29c0e52603934a715216e8088a8826b73c67b0fea92faf2dea38,audit_trails/artifacts/accepted_runtime_submissions/T1_Plain_TADP_client_000_r4_7c85c1b8f818aea2__6a8a75f709fb29c0.json,,,,,,,,,,,,,2db47d0661b3b0a0d28e5b3b41afa8f4d4537915e5e17d5dc9951933274fc671,17310c9b6dd6554a3aee122788f11e9d10eec17bd04e01b5552f05d5c8e4f6f4,,
88,d37b888041652c5eba29acf871cc8dc9,9807b00ec9f05c0ed690f948a024469da45a3923628918d48e6175fa51233777,2026-08-22T17:41:27.191401+00:00,TADP-SEC/12.1,CLIENT_CIPHERTEXT_BINDING,T1_Plain_TADP,,,,client_000,,,,,,,,,,,,,,,,,,,,,,,,,,,,,,,,,,,,,,,,CIPHERTEXT_BOUND_TO_SIGNED_UPDATE,,,,,,,,,,,,,,,,,C1_PUBLIC,1,,,,,,,,,,,,,6486aa3046e5e26bd445de2872119e69,,,,,,,,,,,,,,4,VERIFIED,,,,,True,,,,,False,qAHKdpitXRFbbPFVejYkn1aTFvk0B7WcJt8E0xq47Ts=,7c85c1b8f818aea2652dd7d9e11ba148d922488e5d3a18945b19f0bd65920c6f,lhIS+WjWdu7nwVo2eeSh1fX8D+pCzpAo3q6D86Frg0w=,f5be45d25bf5831a010a0a5fa3a2e49fb29a48588f40e58bd0c6b53707decaa6,HlhzuuYl2Q0k8S2bJedoa16IzVkaAo34hseKmF/js/s=,29ac3bebc7d8bf95fc566b7fd18bb82a91593b8a3a0877f87ec4350551f94d53,plaintext_update_no_noise,reference_python,n=|logq=|scale=|scheme=plain,plain,,,,,,,,,f62b50d3caea7cf4611c959678972abe038d2491a4a70a626fc75d5554207aa0,,c293f64afdd0cdedeaedb060d68f9b3f7fa3194bd14c7ebe425a92febdeb2362,audit_trails/artifacts/ciphertext_attestations/T1_Plain_TADP_client_000_r4_33081e03709e13b3__c293f64afdd0cded.json,,,,,,,,,,,,,,,17310c9b6dd6554a3aee122788f11e9d10eec17bd04e01b5552f05d5c8e4f6f4,58900bb6e4d90052562d65f1c4d96f9ea0a9d7e1a69b570ec5d1636a3d106341,,
89,5646706ce60e0403b3d44a45cf649e09,9807b00ec9f05c0ed690f948a024469da45a3923628918d48e6175fa51233777,2026-08-22T17:41:28.429888+00:00,TADP-SEC/12.1,CLIENT_ACCEPTED_SUBMISSION,T1_Plain_TADP,,,,client_000,,,,,,,,,,,2.3-phase1-fixed-threshold-critical-floor-review-profile,47dd2e58be138865a6d591a63329509757be6b563afb2badb96beb09eac726e5,a663ab753fcbe1179628a237bb638420356ea261176b970e3553fa59bfe7e9d6,1c154f7d4e37aa15e037310f6b45ff14a874311a582c673470a238929d8125dd,8d877b4c3b654a235066cdd49bf4c7e04e1b662c0cf44a17b54811ea50677e11,VALIDATED_EVIDENCE_BUNDLE,,,,,,,,,,,,,,,,,,,,,,,,UPDATE_SUBMITTED_ENFORCED,,False,NOT_REQUIRED_AUTOMATED_POLICY,False,,,,,,,,,,,,,C1_PUBLIC,1,,,,,,,,6f8a5214daf0d8d5188f7da84fe0931408bac9ce898d47d09d53366ef6cfe2b8,c068640bad122342de0e81050f313e88a0b5bf947d459a5df25df6b117f89be9,,,2026-08-23T17:18:04.591571+00:00,6486aa3046e5e26bd445de2872119e69,,,,,7cfa8b4cccb3826c339933a9968f0ef614429c5143b57b1ef56cef870af3d4eb,45175cbf518f6efe0c396861835d7ab00bbcb358ea84ce2cf997c52b6d1d7564,,,2026-08-22T18:41:24.346623+00:00,eb562985f77fc8a152d2d22d15bfd3f4695b107bdaa4c375fc5dde2be0f10805,active,,,5,ACCEPTED,ALL_BASELINE_CONTROLS,,,,True,True,True,True,True,False,Z6rcsmTq+1ue3c8boCP3EctBec0jMl8/66CbKu7i0LQ=,f688edcac0bc0797ce020b8ef3c3f8e46f588944043b49fe00db95388b664fe0,lhIS+WjWdu7nwVo2eeSh1fX8D+pCzpAo3q6D86Frg0w=,4a713da41105a3db73029e3e3510b712b81a2599fef76e7b80949e6d661f9754,eXy93KR6kcS/hjRENTlllsdTJ120hphlwBnb0BAyTek=,29ac3bebc7d8bf95fc566b7fd18bb82a91593b8a3a0877f87ec4350551f94d53,,,,,,,,,,,,,,,,,5e68873ed5014758902226f673aa125410da047e71a7cbd31c0229386acdd8fd,audit_trails/artifacts/accepted_runtime_submissions/T1_Plain_TADP_client_000_r5_f688edcac0bc0797__5e68873ed5014758.json,,,,,,,,,,,,,58900bb6e4d90052562d65f1c4d96f9ea0a9d7e1a69b570ec5d1636a3d106341,858e46f011dd2fdc82ab71c5dd1c547d6ffb8c38cf6fbd0f093a772d9da5b319,,
90,02fe109b52054215dfbb36f6f8a474a9,9807b00ec9f05c0ed690f948a024469da45a3923628918d48e6175fa51233777,2026-08-22T17:41:28.451871+00:00,TADP-SEC/12.1,CLIENT_CIPHERTEXT_BINDING,T1_Plain_TADP,,,,client_000,,,,,,,,,,,,,,,,,,,,,,,,,,,,,,,,,,,,,,,,CIPHERTEXT_BOUND_TO_SIGNED_UPDATE,,,,,,,,,,,,,,,,,C1_PUBLIC,1,,,,,,,,,,,,,6486aa3046e5e26bd445de2872119e69,,,,,,,,,,,,,,5,VERIFIED,,,,,True,,,,,False,Z6rcsmTq+1ue3c8boCP3EctBec0jMl8/66CbKu7i0LQ=,f688edcac0bc0797ce020b8ef3c3f8e46f588944043b49fe00db95388b664fe0,lhIS+WjWdu7nwVo2eeSh1fX8D+pCzpAo3q6D86Frg0w=,8977e2056ebf52f0629b3e2eb0af2d6b3042fb9bcc5b2955afdbdd55e05b8a84,eXy93KR6kcS/hjRENTlllsdTJ120hphlwBnb0BAyTek=,29ac3bebc7d8bf95fc566b7fd18bb82a91593b8a3a0877f87ec4350551f94d53,plaintext_update_no_noise,reference_python,n=|logq=|scale=|scheme=plain,plain,,,,,,,,,f62b50d3caea7cf4611c959678972abe038d2491a4a70a626fc75d5554207aa0,,17f2b41bdddca35c9079891f0e3b06e5378ebb7a5f623c2e5849fcd6a6a450c1,audit_trails/artifacts/ciphertext_attestations/T1_Plain_TADP_client_000_r5_af22daa7f1a25d29__17f2b41bdddca35c.json,,,,,,,,,,,,,,,858e46f011dd2fdc82ab71c5dd1c547d6ffb8c38cf6fbd0f093a772d9da5b319,167ab79e712530a2f86187ce59afdbe9202aa353cc68a9d05f290ba883f9f454,,
91,a19f60b95723d13285308771df04952b,9807b00ec9f05c0ed690f948a024469da45a3923628918d48e6175fa51233777,2026-08-22T17:41:29.724262+00:00,TADP-SEC/12.1,CLIENT_ACCEPTED_SUBMISSION,T1_Plain_TADP,,,,client_000,,,,,,,,,,,2.3-phase1-fixed-threshold-critical-floor-review-profile,47dd2e58be138865a6d591a63329509757be6b563afb2badb96beb09eac726e5,a663ab753fcbe1179628a237bb638420356ea261176b970e3553fa59bfe7e9d6,1c154f7d4e37aa15e037310f6b45ff14a874311a582c673470a238929d8125dd,8d877b4c3b654a235066cdd49bf4c7e04e1b662c0cf44a17b54811ea50677e11,VALIDATED_EVIDENCE_BUNDLE,,,,,,,,,,,,,,,,,,,,,,,,UPDATE_SUBMITTED_ENFORCED,,False,NOT_REQUIRED_AUTOMATED_POLICY,False,,,,,,,,,,,,,C1_PUBLIC,1,,,,,,,,6f8a5214daf0d8d5188f7da84fe0931408bac9ce898d47d09d53366ef6cfe2b8,c068640bad122342de0e81050f313e88a0b5bf947d459a5df25df6b117f89be9,,,2026-08-23T17:18:04.591571+00:00,6486aa3046e5e26bd445de2872119e69,,,,,7cfa8b4cccb3826c339933a9968f0ef614429c5143b57b1ef56cef870af3d4eb,45175cbf518f6efe0c396861835d7ab00bbcb358ea84ce2cf997c52b6d1d7564,,,2026-08-22T18:41:24.346623+00:00,eb562985f77fc8a152d2d22d15bfd3f4695b107bdaa4c375fc5dde2be0f10805,active,,,6,ACCEPTED,ALL_BASELINE_CONTROLS,,,,True,True,True,True,True,False,Muqf7Po2oN/I0dtuc6kC56QzjAdbBaEF8tgcakiswGo=,941a11b3b50d64a4ca76993bf4d6ee7977abe93d3a2d47460732a70836d4b52b,lhIS+WjWdu7nwVo2eeSh1fX8D+pCzpAo3q6D86Frg0w=,902e311331cdcf94724caed0fbe8700b38c6cfdd603492db008fa97cdf2142e8,Q6wgmDLJ9GlQ++mDWle9MzHypNPrUOHvL9beW2j5+Zg=,29ac3bebc7d8bf95fc566b7fd18bb82a91593b8a3a0877f87ec4350551f94d53,,,,,,,,,,,,,,,,,54c555e4d9cae5f47c6abb9c4fbda0d18fc6e6bf0c96541aa2fb7a9b735fbd09,audit_trails/artifacts/accepted_runtime_submissions/T1_Plain_TADP_client_000_r6_941a11b3b50d64a4__54c555e4d9cae5f4.json,,,,,,,,,,,,,167ab79e712530a2f86187ce59afdbe9202aa353cc68a9d05f290ba883f9f454,23fdf882cec8ebb5ee9317721eb6878fa9d6afe47aadb04fcf5e281bd5d0f4c3,,
92,d086d8259afcf572a9ffc9dae4b51dfe,9807b00ec9f05c0ed690f948a024469da45a3923628918d48e6175fa51233777,2026-08-22T17:41:29.746067+00:00,TADP-SEC/12.1,CLIENT_CIPHERTEXT_BINDING,T1_Plain_TADP,,,,client_000,,,,,,,,,,,,,,,,,,,,,,,,,,,,,,,,,,,,,,,,CIPHERTEXT_BOUND_TO_SIGNED_UPDATE,,,,,,,,,,,,,,,,,C1_PUBLIC,1,,,,,,,,,,,,,6486aa3046e5e26bd445de2872119e69,,,,,,,,,,,,,,6,VERIFIED,,,,,True,,,,,False,Muqf7Po2oN/I0dtuc6kC56QzjAdbBaEF8tgcakiswGo=,941a11b3b50d64a4ca76993bf4d6ee7977abe93d3a2d47460732a70836d4b52b,lhIS+WjWdu7nwVo2eeSh1fX8D+pCzpAo3q6D86Frg0w=,f3c82e31ca5584d74a4a2f37e2b26ef79cb003524dd5c7417d31ef258ede2afb,Q6wgmDLJ9GlQ++mDWle9MzHypNPrUOHvL9beW2j5+Zg=,29ac3bebc7d8bf95fc566b7fd18bb82a91593b8a3a0877f87ec4350551f94d53,plaintext_update_no_noise,reference_python,n=|logq=|scale=|scheme=plain,plain,,,,,,,,,f62b50d3caea7cf4611c959678972abe038d2491a4a70a626fc75d5554207aa0,,c58d1eb60849453e68ba79b75a1b2b8ebf6297ee06e8292091c55739b2566160,audit_trails/artifacts/ciphertext_attestations/T1_Plain_TADP_client_000_r6_5dfc22d85280cca0__c58d1eb60849453e.json,,,,,,,,,,,,,,,23fdf882cec8ebb5ee9317721eb6878fa9d6afe47aadb04fcf5e281bd5d0f4c3,d357215d39f0904451c5f295ce250e0df4d9a856d3575eef157cee30c79f9ce9,,
93,51f1982f733a685890b30ecb4220662d,9807b00ec9f05c0ed690f948a024469da45a3923628918d48e6175fa51233777,2026-08-22T17:41:30.982842+00:00,TADP-SEC/12.1,CLIENT_ACCEPTED_SUBMISSION,T1_Plain_TADP,,,,client_000,,,,,,,,,,,2.3-phase1-fixed-threshold-critical-floor-review-profile,47dd2e58be138865a6d591a63329509757be6b563afb2badb96beb09eac726e5,a663ab753fcbe1179628a237bb638420356ea261176b970e3553fa59bfe7e9d6,1c154f7d4e37aa15e037310f6b45ff14a874311a582c673470a238929d8125dd,8d877b4c3b654a235066cdd49bf4c7e04e1b662c0cf44a17b54811ea50677e11,VALIDATED_EVIDENCE_BUNDLE,,,,,,,,,,,,,,,,,,,,,,,,UPDATE_SUBMITTED_ENFORCED,,False,NOT_REQUIRED_AUTOMATED_POLICY,False,,,,,,,,,,,,,C1_PUBLIC,1,,,,,,,,6f8a5214daf0d8d5188f7da84fe0931408bac9ce898d47d09d53366ef6cfe2b8,c068640bad122342de0e81050f313e88a0b5bf947d459a5df25df6b117f89be9,,,2026-08-23T17:18:04.591571+00:00,6486aa3046e5e26bd445de2872119e69,,,,,7cfa8b4cccb3826c339933a9968f0ef614429c5143b57b1ef56cef870af3d4eb,45175cbf518f6efe0c396861835d7ab00bbcb358ea84ce2cf997c52b6d1d7564,,,2026-08-22T18:41:24.346623+00:00,eb562985f77fc8a152d2d22d15bfd3f4695b107bdaa4c375fc5dde2be0f10805,active,,,7,ACCEPTED,ALL_BASELINE_CONTROLS,,,,True,True,True,True,True,False,2qSM/zfh4u+BMLAuhcFVzOK2wJm7VDwA+vMvs2CQkMc=,44de0b3d66e34cd6660cbb819d2d03efbe70993c6895525bd85d5b622c9ee903,lhIS+WjWdu7nwVo2eeSh1fX8D+pCzpAo3q6D86Frg0w=,7c491aab2c6174395409c6b1681e63a48a42bf7d8222fb19b046d946dcb9171e,Rd9dtaea3jwdTrU7emTNT+qI1wx+v8HjxIR/MHqTpPc=,29ac3bebc7d8bf95fc566b7fd18bb82a91593b8a3a0877f87ec4350551f94d53,,,,,,,,,,,,,,,,,8145b7a6be20f9cd4837d247d36c2582e2582d524af198bf82eb89d9cb86127c,audit_trails/artifacts/accepted_runtime_submissions/T1_Plain_TADP_client_000_r7_44de0b3d66e34cd6__8145b7a6be20f9cd.json,,,,,,,,,,,,,d357215d39f0904451c5f295ce250e0df4d9a856d3575eef157cee30c79f9ce9,0f8ccf7dd0263ec02884eb51c465e39008a8f9b379b314c751b35f7e08658c43,,
94,19682ee41ea4a4f43d7fe3ff18c31782,9807b00ec9f05c0ed690f948a024469da45a3923628918d48e6175fa51233777,2026-08-22T17:41:30.999215+00:00,TADP-SEC/12.1,CLIENT_CIPHERTEXT_BINDING,T1_Plain_TADP,,,,client_000,,,,,,,,,,,,,,,,,,,,,,,,,,,,,,,,,,,,,,,,CIPHERTEXT_BOUND_TO_SIGNED_UPDATE,,,,,,,,,,,,,,,,,C1_PUBLIC,1,,,,,,,,,,,,,6486aa3046e5e26bd445de2872119e69,,,,,,,,,,,,,,7,VERIFIED,,,,,True,,,,,False,2qSM/zfh4u+BMLAuhcFVzOK2wJm7VDwA+vMvs2CQkMc=,44de0b3d66e34cd6660cbb819d2d03efbe70993c6895525bd85d5b622c9ee903,lhIS+WjWdu7nwVo2eeSh1fX8D+pCzpAo3q6D86Frg0w=,450b08b266dc95fb3a563791add648918d62fd50609c4377ee3a0a4cd4ec2dec,Rd9dtaea3jwdTrU7emTNT+qI1wx+v8HjxIR/MHqTpPc=,29ac3bebc7d8bf95fc566b7fd18bb82a91593b8a3a0877f87ec4350551f94d53,plaintext_update_no_noise,reference_python,n=|logq=|scale=|scheme=plain,plain,,,,,,,,,f62b50d3caea7cf4611c959678972abe038d2491a4a70a626fc75d5554207aa0,,0123a13b35acbc723d30226ececd5d20c3cae705c92a9119cb5638ec1e743899,audit_trails/artifacts/ciphertext_attestations/T1_Plain_TADP_client_000_r7_e089d4f4ffa8e70d__0123a13b35acbc72.json,,,,,,,,,,,,,,,0f8ccf7dd0263ec02884eb51c465e39008a8f9b379b314c751b35f7e08658c43,71a2077d75b252d67a2828d2e21a2c6a68e89cb94aef149f7e809701ad6a332f,,
95,cff3f9e4c8cd68c8c1b67b512125808a,9807b00ec9f05c0ed690f948a024469da45a3923628918d48e6175fa51233777,2026-08-22T17:41:31.935799+00:00,TADP-SEC/12.1,CLIENT_ACCEPTED_SUBMISSION,T1_Plain_TADP,,,,client_000,,,,,,,,,,,2.3-phase1-fixed-threshold-critical-floor-review-profile,47dd2e58be138865a6d591a63329509757be6b563afb2badb96beb09eac726e5,a663ab753fcbe1179628a237bb638420356ea261176b970e3553fa59bfe7e9d6,1c154f7d4e37aa15e037310f6b45ff14a874311a582c673470a238929d8125dd,8d877b4c3b654a235066cdd49bf4c7e04e1b662c0cf44a17b54811ea50677e11,VALIDATED_EVIDENCE_BUNDLE,,,,,,,,,,,,,,,,,,,,,,,,UPDATE_SUBMITTED_ENFORCED,,False,NOT_REQUIRED_AUTOMATED_POLICY,False,,,,,,,,,,,,,C1_PUBLIC,1,,,,,,,,6f8a5214daf0d8d5188f7da84fe0931408bac9ce898d47d09d53366ef6cfe2b8,c068640bad122342de0e81050f313e88a0b5bf947d459a5df25df6b117f89be9,,,2026-08-23T17:18:04.591571+00:00,6486aa3046e5e26bd445de2872119e69,,,,,7cfa8b4cccb3826c339933a9968f0ef614429c5143b57b1ef56cef870af3d4eb,45175cbf518f6efe0c396861835d7ab00bbcb358ea84ce2cf997c52b6d1d7564,,,2026-08-22T18:41:24.346623+00:00,eb562985f77fc8a152d2d22d15bfd3f4695b107bdaa4c375fc5dde2be0f10805,active,,,8,ACCEPTED,ALL_BASELINE_CONTROLS,,,,True,True,True,True,True,False,dojG1tCuyw7ULMXwEuvCQhkqHOTbQIS/MeRPYdFS408=,7f2133d289f27b9f50fdb8819f67c3625e682f4764906d9109ababac7531ad8b,lhIS+WjWdu7nwVo2eeSh1fX8D+pCzpAo3q6D86Frg0w=,fcdd496c9b81689eb581934b8ebd7c31eebc80eb15fce27cd1b49fd00787badf,VGlJ1RXlE7aoNuJQYOWqhNdF7Ik9AMYRs26rXgneWNg=,29ac3bebc7d8bf95fc566b7fd18bb82a91593b8a3a0877f87ec4350551f94d53,,,,,,,,,,,,,,,,,25de41f9ca21850a8cb749cd30b03c5a6e51cefdc50173034b8af2c94b79c4f4,audit_trails/artifacts/accepted_runtime_submissions/T1_Plain_TADP_client_000_r8_7f2133d289f27b9f__25de41f9ca21850a.json,,,,,,,,,,,,,71a2077d75b252d67a2828d2e21a2c6a68e89cb94aef149f7e809701ad6a332f,e5aaa4ac95c898a58b900d270f25620ace48e20692941c1772684be8e6cec5d9,,
96,afd7d75057f0c1b8797263f860b9dd2a,9807b00ec9f05c0ed690f948a024469da45a3923628918d48e6175fa51233777,2026-08-22T17:41:31.950860+00:00,TADP-SEC/12.1,CLIENT_CIPHERTEXT_BINDING,T1_Plain_TADP,,,,client_000,,,,,,,,,,,,,,,,,,,,,,,,,,,,,,,,,,,,,,,,CIPHERTEXT_BOUND_TO_SIGNED_UPDATE,,,,,,,,,,,,,,,,,C1_PUBLIC,1,,,,,,,,,,,,,6486aa3046e5e26bd445de2872119e69,,,,,,,,,,,,,,8,VERIFIED,,,,,True,,,,,False,dojG1tCuyw7ULMXwEuvCQhkqHOTbQIS/MeRPYdFS408=,7f2133d289f27b9f50fdb8819f67c3625e682f4764906d9109ababac7531ad8b,lhIS+WjWdu7nwVo2eeSh1fX8D+pCzpAo3q6D86Frg0w=,61cbda0c228ab06d33da3f856d3933eb6b1a47a6b9b9d7a62e28309a57ba0c23,VGlJ1RXlE7aoNuJQYOWqhNdF7Ik9AMYRs26rXgneWNg=,29ac3bebc7d8bf95fc566b7fd18bb82a91593b8a3a0877f87ec4350551f94d53,plaintext_update_no_noise,reference_python,n=|logq=|scale=|scheme=plain,plain,,,,,,,,,f62b50d3caea7cf4611c959678972abe038d2491a4a70a626fc75d5554207aa0,,513a3eda08c335812952b43867d644311d41e1ba5495f201d47e565f29e8cc84,audit_trails/artifacts/ciphertext_attestations/T1_Plain_TADP_client_000_r8_e1a38a7b0748e31e__513a3eda08c33581.json,,,,,,,,,,,,,,,e5aaa4ac95c898a58b900d270f25620ace48e20692941c1772684be8e6cec5d9,95068fa7cd276eb7419feb17aa4db3b0944c7ab0c1564a1af2d5bd88095d74ea,,
97,28acf8b9714cfd213f21d5b20214bfa7,9807b00ec9f05c0ed690f948a024469da45a3923628918d48e6175fa51233777,2026-08-22T17:41:32.907637+00:00,TADP-SEC/12.1,CLIENT_ACCEPTED_SUBMISSION,T1_Plain_TADP,,,,client_000,,,,,,,,,,,2.3-phase1-fixed-threshold-critical-floor-review-profile,47dd2e58be138865a6d591a63329509757be6b563afb2badb96beb09eac726e5,a663ab753fcbe1179628a237bb638420356ea261176b970e3553fa59bfe7e9d6,1c154f7d4e37aa15e037310f6b45ff14a874311a582c673470a238929d8125dd,8d877b4c3b654a235066cdd49bf4c7e04e1b662c0cf44a17b54811ea50677e11,VALIDATED_EVIDENCE_BUNDLE,,,,,,,,,,,,,,,,,,,,,,,,UPDATE_SUBMITTED_ENFORCED,,False,NOT_REQUIRED_AUTOMATED_POLICY,False,,,,,,,,,,,,,C1_PUBLIC,1,,,,,,,,6f8a5214daf0d8d5188f7da84fe0931408bac9ce898d47d09d53366ef6cfe2b8,c068640bad122342de0e81050f313e88a0b5bf947d459a5df25df6b117f89be9,,,2026-08-23T17:18:04.591571+00:00,6486aa3046e5e26bd445de2872119e69,,,,,7cfa8b4cccb3826c339933a9968f0ef614429c5143b57b1ef56cef870af3d4eb,45175cbf518f6efe0c396861835d7ab00bbcb358ea84ce2cf997c52b6d1d7564,,,2026-08-22T18:41:24.346623+00:00,eb562985f77fc8a152d2d22d15bfd3f4695b107bdaa4c375fc5dde2be0f10805,active,,,9,ACCEPTED,ALL_BASELINE_CONTROLS,,,,True,True,True,True,True,False,c+orWIYsKBs6qhn35X0ff3iC8zifm+02UXjLty26+LM=,f964c3315148622be7cb79559d41c3ea5b5562b7514378f603b0fcd5ef5df01d,lhIS+WjWdu7nwVo2eeSh1fX8D+pCzpAo3q6D86Frg0w=,5c1bdc16a15493050c98d436d87ef49051ba0eb984a4fbd92cc69a1f66c56df8,hy0viO7bCFtff1YPusC19MEU8pqipwgq9qLMpuQObUE=,29ac3bebc7d8bf95fc566b7fd18bb82a91593b8a3a0877f87ec4350551f94d53,,,,,,,,,,,,,,,,,3ff85f156431659b9aea25a33780b2cd1ce8f7f0e2df3b8f89d8090bf97ab62e,audit_trails/artifacts/accepted_runtime_submissions/T1_Plain_TADP_client_000_r9_f964c3315148622b__3ff85f156431659b.json,,,,,,,,,,,,,95068fa7cd276eb7419feb17aa4db3b0944c7ab0c1564a1af2d5bd88095d74ea,983e8a374335f41fc2890fbc119cd0e2b25a460ee6ddd288b6bc8e1a1e9d5238,,
98,804fd7eacdacbb33c2ef6b220649fc23,9807b00ec9f05c0ed690f948a024469da45a3923628918d48e6175fa51233777,2026-08-22T17:41:32.922964+00:00,TADP-SEC/12.1,CLIENT_CIPHERTEXT_BINDING,T1_Plain_TADP,,,,client_000,,,,,,,,,,,,,,,,,,,,,,,,,,,,,,,,,,,,,,,,CIPHERTEXT_BOUND_TO_SIGNED_UPDATE,,,,,,,,,,,,,,,,,C1_PUBLIC,1,,,,,,,,,,,,,6486aa3046e5e26bd445de2872119e69,,,,,,,,,,,,,,9,VERIFIED,,,,,True,,,,,False,c+orWIYsKBs6qhn35X0ff3iC8zifm+02UXjLty26+LM=,f964c3315148622be7cb79559d41c3ea5b5562b7514378f603b0fcd5ef5df01d,lhIS+WjWdu7nwVo2eeSh1fX8D+pCzpAo3q6D86Frg0w=,6b765b8337faa9faebcfe37e537f7d52a78a325a6bd9dfc8b82de69a2e2eb500,hy0viO7bCFtff1YPusC19MEU8pqipwgq9qLMpuQObUE=,29ac3bebc7d8bf95fc566b7fd18bb82a91593b8a3a0877f87ec4350551f94d53,plaintext_update_no_noise,reference_python,n=|logq=|scale=|scheme=plain,plain,,,,,,,,,f62b50d3caea7cf4611c959678972abe038d2491a4a70a626fc75d5554207aa0,,b6f5fadcbfcd646938943dafbe879699097774765c8213b0bd915323e2ee58ea,audit_trails/artifacts/ciphertext_attestations/T1_Plain_TADP_client_000_r9_a25d23b8e8678964__b6f5fadcbfcd6469.json,,,,,,,,,,,,,,,983e8a374335f41fc2890fbc119cd0e2b25a460ee6ddd288b6bc8e1a1e9d5238,de147cd9bd3e852402818757d9c45f936f2397d87da92440fe433dc2720ff703,,
99,a71323a51fb038998d5e1ddd256f0a49,9807b00ec9f05c0ed690f948a024469da45a3923628918d48e6175fa51233777,2026-08-22T17:41:33.860053+00:00,TADP-SEC/12.1,CLIENT_ACCEPTED_SUBMISSION,T1_Plain_TADP,,,,client_000,,,,,,,,,,,2.3-phase1-fixed-threshold-critical-floor-review-profile,47dd2e58be138865a6d591a63329509757be6b563afb2badb96beb09eac726e5,a663ab753fcbe1179628a237bb638420356ea261176b970e3553fa59bfe7e9d6,1c154f7d4e37aa15e037310f6b45ff14a874311a582c673470a238929d8125dd,8d877b4c3b654a235066cdd49bf4c7e04e1b662c0cf44a17b54811ea50677e11,VALIDATED_EVIDENCE_BUNDLE,,,,,,,,,,,,,,,,,,,,,,,,UPDATE_SUBMITTED_ENFORCED,,False,NOT_REQUIRED_AUTOMATED_POLICY,False,,,,,,,,,,,,,C1_PUBLIC,1,,,,,,,,6f8a5214daf0d8d5188f7da84fe0931408bac9ce898d47d09d53366ef6cfe2b8,c068640bad122342de0e81050f313e88a0b5bf947d459a5df25df6b117f89be9,,,2026-08-23T17:18:04.591571+00:00,6486aa3046e5e26bd445de2872119e69,,,,,7cfa8b4cccb3826c339933a9968f0ef614429c5143b57b1ef56cef870af3d4eb,45175cbf518f6efe0c396861835d7ab00bbcb358ea84ce2cf997c52b6d1d7564,,,2026-08-22T18:41:24.346623+00:00,eb562985f77fc8a152d2d22d15bfd3f4695b107bdaa4c375fc5dde2be0f10805,active,,,10,ACCEPTED,ALL_BASELINE_CONTROLS,,,,True,True,True,True,True,False,/yb+P9NlICPMU/cYxb1spYa86XQQIK9/XCsFFhxu8q8=,9f3ce4131d9450da679d03a42f2689b076a288104f1b557fc292154e58e66f10,lhIS+WjWdu7nwVo2eeSh1fX8D+pCzpAo3q6D86Frg0w=,320278bf6c105c8cb3cc81ca1d5a9d7ef18b354e66303cec5821af103d95ae8b,BpO+Yp27vo3ctpbY3Za9kfqgzZ6dW6ICtB1Yd33sItY=,29ac3bebc7d8bf95fc566b7fd18bb82a91593b8a3a0877f87ec4350551f94d53,,,,,,,,,,,,,,,,,849bd5178686a3f6db1bbee6ecb80b439765ebb33da7c2c574f5ff87a60d4dbf,audit_trails/artifacts/accepted_runtime_submissions/T1_Plain_TADP_client_000_r10_9f3ce4131d9450da__849bd5178686a3f6.json,,,,,,,,,,,,,de147cd9bd3e852402818757d9c45f936f2397d87da92440fe433dc2720ff703,e033897e7bc54c4cd4a38388363ec9d03c0ae92f583ea15abac85b6db09896e8,,
100,dcf41cea1fd99caf0000c8b3f45dcb2f,9807b00ec9f05c0ed690f948a024469da45a3923628918d48e6175fa51233777,2026-08-22T17:41:33.875182+00:00,TADP-SEC/12.1,CLIENT_CIPHERTEXT_BINDING,T1_Plain_TADP,,,,client_000,,,,,,,,,,,,,,,,,,,,,,,,,,,,,,,,,,,,,,,,CIPHERTEXT_BOUND_TO_SIGNED_UPDATE,,,,,,,,,,,,,,,,,C1_PUBLIC,1,,,,,,,,,,,,,6486aa3046e5e26bd445de2872119e69,,,,,,,,,,,,,,10,VERIFIED,,,,,True,,,,,False,/yb+P9NlICPMU/cYxb1spYa86XQQIK9/XCsFFhxu8q8=,9f3ce4131d9450da679d03a42f2689b076a288104f1b557fc292154e58e66f10,lhIS+WjWdu7nwVo2eeSh1fX8D+pCzpAo3q6D86Frg0w=,ad0a53055bd0c0b5d2ba7678151e361a7c0f3f3583b4620b8191d985cba6c044,BpO+Yp27vo3ctpbY3Za9kfqgzZ6dW6ICtB1Yd33sItY=,29ac3bebc7d8bf95fc566b7fd18bb82a91593b8a3a0877f87ec4350551f94d53,plaintext_update_no_noise,reference_python,n=|logq=|scale=|scheme=plain,plain,,,,,,,,,f62b50d3caea7cf4611c959678972abe038d2491a4a70a626fc75d5554207aa0,,5782852559964913b7fc02333263e4ba1671502a90e1eb2f20e21e8380c94215,audit_trails/artifacts/ciphertext_attestations/T1_Plain_TADP_client_000_r10_d25724bfa4eedf40__5782852559964913.json,,,,,,,,,,,,,,,e033897e7bc54c4cd4a38388363ec9d03c0ae92f583ea15abac85b6db09896e8,5f98ad16c7d2b71b785c01020769c5912878645b1250fdb4753657354985963a,,
101,72a80c5dd0590770078e1c9e9fa7c1b0,9807b00ec9f05c0ed690f948a024469da45a3923628918d48e6175fa51233777,2026-08-22T17:41:34.833527+00:00,TADP-SEC/12.1,CLIENT_ACCEPTED_SUBMISSION,T1_Plain_TADP,,,,client_000,,,,,,,,,,,2.3-phase1-fixed-threshold-critical-floor-review-profile,47dd2e58be138865a6d591a63329509757be6b563afb2badb96beb09eac726e5,a663ab753fcbe1179628a237bb638420356ea261176b970e3553fa59bfe7e9d6,1c154f7d4e37aa15e037310f6b45ff14a874311a582c673470a238929d8125dd,8d877b4c3b654a235066cdd49bf4c7e04e1b662c0cf44a17b54811ea50677e11,VALIDATED_EVIDENCE_BUNDLE,,,,,,,,,,,,,,,,,,,,,,,,UPDATE_SUBMITTED_ENFORCED,,False,NOT_REQUIRED_AUTOMATED_POLICY,False,,,,,,,,,,,,,C1_PUBLIC,1,,,,,,,,6f8a5214daf0d8d5188f7da84fe0931408bac9ce898d47d09d53366ef6cfe2b8,c068640bad122342de0e81050f313e88a0b5bf947d459a5df25df6b117f89be9,,,2026-08-23T17:18:04.591571+00:00,6486aa3046e5e26bd445de2872119e69,,,,,7cfa8b4cccb3826c339933a9968f0ef614429c5143b57b1ef56cef870af3d4eb,45175cbf518f6efe0c396861835d7ab00bbcb358ea84ce2cf997c52b6d1d7564,,,2026-08-22T18:41:24.346623+00:00,eb562985f77fc8a152d2d22d15bfd3f4695b107bdaa4c375fc5dde2be0f10805,active,,,11,ACCEPTED,ALL_BASELINE_CONTROLS,,,,True,True,True,True,True,False,+AVT/ZObH8JBWdJhO6inY67dqiViVe373GXeG49TgoE=,c714f42dbb89e3b54f791dcbb61c403dd3292a902851e10b60b4046f9aaf89d4,lhIS+WjWdu7nwVo2eeSh1fX8D+pCzpAo3q6D86Frg0w=,8aa6a6aaa7c953e3f1b86a9adc21e5d4b1669b81d5af2e153d42e3173fe2bf36,WXxm1uzmSPlPrmPJ62ZJXqvVT/abxT/n/WRIuoP8Nls=,29ac3bebc7d8bf95fc566b7fd18bb82a91593b8a3a0877f87ec4350551f94d53,,,,,,,,,,,,,,,,,8556d9fd38c595e28456c6b514bbebe80c7bc845ab09df814b80dce91dbceb75,audit_trails/artifacts/accepted_runtime_submissions/T1_Plain_TADP_client_000_r11_c714f42dbb89e3b5__8556d9fd38c595e2.json,,,,,,,,,,,,,5f98ad16c7d2b71b785c01020769c5912878645b1250fdb4753657354985963a,75d00d0240a6d292e0cc13d26b9a4f1fe78bf0dcd765fede3492b874a29c672c,,
102,0512cd25acfd073ec5bb100c8091b383,9807b00ec9f05c0ed690f948a024469da45a3923628918d48e6175fa51233777,2026-08-22T17:41:34.848079+00:00,TADP-SEC/12.1,CLIENT_CIPHERTEXT_BINDING,T1_Plain_TADP,,,,client_000,,,,,,,,,,,,,,,,,,,,,,,,,,,,,,,,,,,,,,,,CIPHERTEXT_BOUND_TO_SIGNED_UPDATE,,,,,,,,,,,,,,,,,C1_PUBLIC,1,,,,,,,,,,,,,6486aa3046e5e26bd445de2872119e69,,,,,,,,,,,,,,11,VERIFIED,,,,,True,,,,,False,+AVT/ZObH8JBWdJhO6inY67dqiViVe373GXeG49TgoE=,c714f42dbb89e3b54f791dcbb61c403dd3292a902851e10b60b4046f9aaf89d4,lhIS+WjWdu7nwVo2eeSh1fX8D+pCzpAo3q6D86Frg0w=,d1970f7ebf21cba685889b38306e9de2b028b4d907d6b617474e60d172eb7707,WXxm1uzmSPlPrmPJ62ZJXqvVT/abxT/n/WRIuoP8Nls=,29ac3bebc7d8bf95fc566b7fd18bb82a91593b8a3a0877f87ec4350551f94d53,plaintext_update_no_noise,reference_python,n=|logq=|scale=|scheme=plain,plain,,,,,,,,,f62b50d3caea7cf4611c959678972abe038d2491a4a70a626fc75d5554207aa0,,d61630d834e08f08db6d753f931623147d091e512a6b8522a48abaad63d0d0fa,audit_trails/artifacts/ciphertext_attestations/T1_Plain_TADP_client_000_r11_4c08d7771d777d9b__d61630d834e08f08.json,,,,,,,,,,,,,,,75d00d0240a6d292e0cc13d26b9a4f1fe78bf0dcd765fede3492b874a29c672c,093b6fa1d841dbb8f88bf35ed1b1a6c051f4555797fbdd9ca60e327b579aa788,,
103,fd30e1eb55bb6a57f87816fb412358bc,9807b00ec9f05c0ed690f948a024469da45a3923628918d48e6175fa51233777,2026-08-22T17:41:35.765814+00:00,TADP-SEC/12.1,CLIENT_ACCEPTED_SUBMISSION,T1_Plain_TADP,,,,client_000,,,,,,,,,,,2.3-phase1-fixed-threshold-critical-floor-review-profile,47dd2e58be138865a6d591a63329509757be6b563afb2badb96beb09eac726e5,a663ab753fcbe1179628a237bb638420356ea261176b970e3553fa59bfe7e9d6,1c154f7d4e37aa15e037310f6b45ff14a874311a582c673470a238929d8125dd,8d877b4c3b654a235066cdd49bf4c7e04e1b662c0cf44a17b54811ea50677e11,VALIDATED_EVIDENCE_BUNDLE,,,,,,,,,,,,,,,,,,,,,,,,UPDATE_SUBMITTED_ENFORCED,,False,NOT_REQUIRED_AUTOMATED_POLICY,False,,,,,,,,,,,,,C1_PUBLIC,1,,,,,,,,6f8a5214daf0d8d5188f7da84fe0931408bac9ce898d47d09d53366ef6cfe2b8,c068640bad122342de0e81050f313e88a0b5bf947d459a5df25df6b117f89be9,,,2026-08-23T17:18:04.591571+00:00,6486aa3046e5e26bd445de2872119e69,,,,,7cfa8b4cccb3826c339933a9968f0ef614429c5143b57b1ef56cef870af3d4eb,45175cbf518f6efe0c396861835d7ab00bbcb358ea84ce2cf997c52b6d1d7564,,,2026-08-22T18:41:24.346623+00:00,eb562985f77fc8a152d2d22d15bfd3f4695b107bdaa4c375fc5dde2be0f10805,active,,,12,ACCEPTED,ALL_BASELINE_CONTROLS,,,,True,True,True,True,True,False,j+ZLs9D0JpsQGzhHzrsBlBNcPRMxbbAns5psXmtnJ00=,1e3cbe874fc407b9ba9ba0069cba5e3d9ace95c7d2d5f91c701d404aeb20ff51,lhIS+WjWdu7nwVo2eeSh1fX8D+pCzpAo3q6D86Frg0w=,d4c99343b1917fb175caa6c88a7835b910110b52d8f28535a8c81253a1df75b2,n8gChcsPVR2/ArzAsQKfm4IISMQyfaciAcQITZyEzAQ=,29ac3bebc7d8bf95fc566b7fd18bb82a91593b8a3a0877f87ec4350551f94d53,,,,,,,,,,,,,,,,,b7e97526bbafd897985838961c4eb2b51e5a35200e488af4611459c7afbd7fbe,audit_trails/artifacts/accepted_runtime_submissions/T1_Plain_TADP_client_000_r12_1e3cbe874fc407b9__b7e97526bbafd897.json,,,,,,,,,,,,,093b6fa1d841dbb8f88bf35ed1b1a6c051f4555797fbdd9ca60e327b579aa788,d703a697a9cb1233c2876e37536770926dc2eed68fbbff03994ce802690d6a47,,
104,59a016f8e3fa25158f185f53bada29c6,9807b00ec9f05c0ed690f948a024469da45a3923628918d48e6175fa51233777,2026-08-22T17:41:35.782091+00:00,TADP-SEC/12.1,CLIENT_CIPHERTEXT_BINDING,T1_Plain_TADP,,,,client_000,,,,,,,,,,,,,,,,,,,,,,,,,,,,,,,,,,,,,,,,CIPHERTEXT_BOUND_TO_SIGNED_UPDATE,,,,,,,,,,,,,,,,,C1_PUBLIC,1,,,,,,,,,,,,,6486aa3046e5e26bd445de2872119e69,,,,,,,,,,,,,,12,VERIFIED,,,,,True,,,,,False,j+ZLs9D0JpsQGzhHzrsBlBNcPRMxbbAns5psXmtnJ00=,1e3cbe874fc407b9ba9ba0069cba5e3d9ace95c7d2d5f91c701d404aeb20ff51,lhIS+WjWdu7nwVo2eeSh1fX8D+pCzpAo3q6D86Frg0w=,2b98786ad23112302bd40e280f2ce447eeddb0ac8db86476935c26a15dad7332,n8gChcsPVR2/ArzAsQKfm4IISMQyfaciAcQITZyEzAQ=,29ac3bebc7d8bf95fc566b7fd18bb82a91593b8a3a0877f87ec4350551f94d53,plaintext_update_no_noise,reference_python,n=|logq=|scale=|scheme=plain,plain,,,,,,,,,f62b50d3caea7cf4611c959678972abe038d2491a4a70a626fc75d5554207aa0,,6be61c9a8c297e68839a566e73554cc32311e112c11a1d67127ce9c87dbc6950,audit_trails/artifacts/ciphertext_attestations/T1_Plain_TADP_client_000_r12_fc017e2c213620f6__6be61c9a8c297e68.json,,,,,,,,,,,,,,,d703a697a9cb1233c2876e37536770926dc2eed68fbbff03994ce802690d6a47,694dda37b5e057b32cd38d0e4723d8d9dcbe4338bb986b78e86f6f1dabfeb3af,,
105,53c4ce24ff4fa02b57a77f11b2eaf65b,9807b00ec9f05c0ed690f948a024469da45a3923628918d48e6175fa51233777,2026-08-22T17:41:36.748859+00:00,TADP-SEC/12.1,CLIENT_ACCEPTED_SUBMISSION,T1_Plain_TADP,,,,client_000,,,,,,,,,,,2.3-phase1-fixed-threshold-critical-floor-review-profile,47dd2e58be138865a6d591a63329509757be6b563afb2badb96beb09eac726e5,a663ab753fcbe1179628a237bb638420356ea261176b970e3553fa59bfe7e9d6,1c154f7d4e37aa15e037310f6b45ff14a874311a582c673470a238929d8125dd,8d877b4c3b654a235066cdd49bf4c7e04e1b662c0cf44a17b54811ea50677e11,VALIDATED_EVIDENCE_BUNDLE,,,,,,,,,,,,,,,,,,,,,,,,UPDATE_SUBMITTED_ENFORCED,,False,NOT_REQUIRED_AUTOMATED_POLICY,False,,,,,,,,,,,,,C1_PUBLIC,1,,,,,,,,6f8a5214daf0d8d5188f7da84fe0931408bac9ce898d47d09d53366ef6cfe2b8,c068640bad122342de0e81050f313e88a0b5bf947d459a5df25df6b117f89be9,,,2026-08-23T17:18:04.591571+00:00,6486aa3046e5e26bd445de2872119e69,,,,,7cfa8b4cccb3826c339933a9968f0ef614429c5143b57b1ef56cef870af3d4eb,45175cbf518f6efe0c396861835d7ab00bbcb358ea84ce2cf997c52b6d1d7564,,,2026-08-22T18:41:24.346623+00:00,eb562985f77fc8a152d2d22d15bfd3f4695b107bdaa4c375fc5dde2be0f10805,active,,,13,ACCEPTED,ALL_BASELINE_CONTROLS,,,,True,True,True,True,True,False,AKzQ6vMaw1WYHYxK50ehTbYsJJhiFOXCgi7cUC0LEXw=,d6dd6037785dded48cd749f564bc516d8e3cfa1abc27cf8d34ae99746238e7d8,lhIS+WjWdu7nwVo2eeSh1fX8D+pCzpAo3q6D86Frg0w=,2c071eaefda04a1ecb86a20b4861e08705f5357dbc736517e2a614f6e8eb2c04,NdDKvcESA/GkFNCrHCQF8rohB8/dmLtYgbf0pojgClA=,29ac3bebc7d8bf95fc566b7fd18bb82a91593b8a3a0877f87ec4350551f94d53,,,,,,,,,,,,,,,,,efbc6d8fd15a2368442533fdc837ab77b567cdf3d6b7fa60accd5d01937778b2,audit_trails/artifacts/accepted_runtime_submissions/T1_Plain_TADP_client_000_r13_d6dd6037785dded4__efbc6d8fd15a2368.json,,,,,,,,,,,,,694dda37b5e057b32cd38d0e4723d8d9dcbe4338bb986b78e86f6f1dabfeb3af,f5012c528fe4f558488aeebf55a864064c46b3c4ccd32075fcf09748cee1f8c0,,
106,384aac0861949b017952d37bdcea6232,9807b00ec9f05c0ed690f948a024469da45a3923628918d48e6175fa51233777,2026-08-22T17:41:36.764392+00:00,TADP-SEC/12.1,CLIENT_CIPHERTEXT_BINDING,T1_Plain_TADP,,,,client_000,,,,,,,,,,,,,,,,,,,,,,,,,,,,,,,,,,,,,,,,CIPHERTEXT_BOUND_TO_SIGNED_UPDATE,,,,,,,,,,,,,,,,,C1_PUBLIC,1,,,,,,,,,,,,,6486aa3046e5e26bd445de2872119e69,,,,,,,,,,,,,,13,VERIFIED,,,,,True,,,,,False,AKzQ6vMaw1WYHYxK50ehTbYsJJhiFOXCgi7cUC0LEXw=,d6dd6037785dded48cd749f564bc516d8e3cfa1abc27cf8d34ae99746238e7d8,lhIS+WjWdu7nwVo2eeSh1fX8D+pCzpAo3q6D86Frg0w=,437a84e4741d0361030fc7aa809e86946ce59ae88c61b898eae507560144330d,NdDKvcESA/GkFNCrHCQF8rohB8/dmLtYgbf0pojgClA=,29ac3bebc7d8bf95fc566b7fd18bb82a91593b8a3a0877f87ec4350551f94d53,plaintext_update_no_noise,reference_python,n=|logq=|scale=|scheme=plain,plain,,,,,,,,,f62b50d3caea7cf4611c959678972abe038d2491a4a70a626fc75d5554207aa0,,c36abaa1be513079fbebdfdcdb7e9e66c4cbce69241fa267a595adc68cb6e2c0,audit_trails/artifacts/ciphertext_attestations/T1_Plain_TADP_client_000_r13_9830d4c6e2ee1475__c36abaa1be513079.json,,,,,,,,,,,,,,,f5012c528fe4f558488aeebf55a864064c46b3c4ccd32075fcf09748cee1f8c0,2ab4344c59d50f0f20b03dafcce4da73d87b47be15dc0a2637c644577b3c1b88,,
107,7569e2a20173951b4ec0df915ebc0bb7,9807b00ec9f05c0ed690f948a024469da45a3923628918d48e6175fa51233777,2026-08-22T17:41:37.714102+00:00,TADP-SEC/12.1,CLIENT_ACCEPTED_SUBMISSION,T1_Plain_TADP,,,,client_000,,,,,,,,,,,2.3-phase1-fixed-threshold-critical-floor-review-profile,47dd2e58be138865a6d591a63329509757be6b563afb2badb96beb09eac726e5,a663ab753fcbe1179628a237bb638420356ea261176b970e3553fa59bfe7e9d6,1c154f7d4e37aa15e037310f6b45ff14a874311a582c673470a238929d8125dd,8d877b4c3b654a235066cdd49bf4c7e04e1b662c0cf44a17b54811ea50677e11,VALIDATED_EVIDENCE_BUNDLE,,,,,,,,,,,,,,,,,,,,,,,,UPDATE_SUBMITTED_ENFORCED,,False,NOT_REQUIRED_AUTOMATED_POLICY,False,,,,,,,,,,,,,C1_PUBLIC,1,,,,,,,,6f8a5214daf0d8d5188f7da84fe0931408bac9ce898d47d09d53366ef6cfe2b8,c068640bad122342de0e81050f313e88a0b5bf947d459a5df25df6b117f89be9,,,2026-08-23T17:18:04.591571+00:00,6486aa3046e5e26bd445de2872119e69,,,,,7cfa8b4cccb3826c339933a9968f0ef614429c5143b57b1ef56cef870af3d4eb,45175cbf518f6efe0c396861835d7ab00bbcb358ea84ce2cf997c52b6d1d7564,,,2026-08-22T18:41:24.346623+00:00,eb562985f77fc8a152d2d22d15bfd3f4695b107bdaa4c375fc5dde2be0f10805,active,,,14,ACCEPTED,ALL_BASELINE_CONTROLS,,,,True,True,True,True,True,False,AP/Casumo3kP5wu3vgV83/wOAoTiOWBFGDYzmVcv0Z4=,07fa5df60556cdd313ba85717e45a1827c6816b7b5dc30d0336557f620121131,lhIS+WjWdu7nwVo2eeSh1fX8D+pCzpAo3q6D86Frg0w=,cf24e191a85dcc5a2f34c3ca0d4bb2d31c902140221272ec8e9de7adac78db03,uDPWkQgCN4ShvI4oQtzkANAAjSF8iy2U2cxNecYEaPY=,29ac3bebc7d8bf95fc566b7fd18bb82a91593b8a3a0877f87ec4350551f94d53,,,,,,,,,,,,,,,,,45642d388dee09a21164699b3f810eb418bd3395b30629a3595051fe9ed4e903,audit_trails/artifacts/accepted_runtime_submissions/T1_Plain_TADP_client_000_r14_07fa5df60556cdd3__45642d388dee09a2.json,,,,,,,,,,,,,2ab4344c59d50f0f20b03dafcce4da73d87b47be15dc0a2637c644577b3c1b88,a47dce95b8883e2bcafb9117ee4dfebd2e6009f731232bdb608b5b6726b00e59,,
108,dceca4c071f1addbe86f6b66b813dc44,9807b00ec9f05c0ed690f948a024469da45a3923628918d48e6175fa51233777,2026-08-22T17:41:37.728713+00:00,TADP-SEC/12.1,CLIENT_CIPHERTEXT_BINDING,T1_Plain_TADP,,,,client_000,,,,,,,,,,,,,,,,,,,,,,,,,,,,,,,,,,,,,,,,CIPHERTEXT_BOUND_TO_SIGNED_UPDATE,,,,,,,,,,,,,,,,,C1_PUBLIC,1,,,,,,,,,,,,,6486aa3046e5e26bd445de2872119e69,,,,,,,,,,,,,,14,VERIFIED,,,,,True,,,,,False,AP/Casumo3kP5wu3vgV83/wOAoTiOWBFGDYzmVcv0Z4=,07fa5df60556cdd313ba85717e45a1827c6816b7b5dc30d0336557f620121131,lhIS+WjWdu7nwVo2eeSh1fX8D+pCzpAo3q6D86Frg0w=,d24b08d770fb588236cf3c26bdb2f0080f2ceb556a49badec6f4071a2c7dd7e1,uDPWkQgCN4ShvI4oQtzkANAAjSF8iy2U2cxNecYEaPY=,29ac3bebc7d8bf95fc566b7fd18bb82a91593b8a3a0877f87ec4350551f94d53,plaintext_update_no_noise,reference_python,n=|logq=|scale=|scheme=plain,plain,,,,,,,,,f62b50d3caea7cf4611c959678972abe038d2491a4a70a626fc75d5554207aa0,,b093d5e00caab279ad9b20c9415f63cec092346fb1059cfcb3320ecfcad9422c,audit_trails/artifacts/ciphertext_attestations/T1_Plain_TADP_client_000_r14_abbc06415853db9e__b093d5e00caab279.json,,,,,,,,,,,,,,,a47dce95b8883e2bcafb9117ee4dfebd2e6009f731232bdb608b5b6726b00e59,081f85b5468f5e226cf9801fbf422c78b3108b60d612b102108c331a254d23f1,,
109,45f2815f67ec13ca48cceb4122863bdc,9807b00ec9f05c0ed690f948a024469da45a3923628918d48e6175fa51233777,2026-08-22T17:41:38.676365+00:00,TADP-SEC/12.1,CLIENT_ACCEPTED_SUBMISSION,T1_Plain_TADP,,,,client_000,,,,,,,,,,,2.3-phase1-fixed-threshold-critical-floor-review-profile,47dd2e58be138865a6d591a63329509757be6b563afb2badb96beb09eac726e5,a663ab753fcbe1179628a237bb638420356ea261176b970e3553fa59bfe7e9d6,1c154f7d4e37aa15e037310f6b45ff14a874311a582c673470a238929d8125dd,8d877b4c3b654a235066cdd49bf4c7e04e1b662c0cf44a17b54811ea50677e11,VALIDATED_EVIDENCE_BUNDLE,,,,,,,,,,,,,,,,,,,,,,,,UPDATE_SUBMITTED_ENFORCED,,False,NOT_REQUIRED_AUTOMATED_POLICY,False,,,,,,,,,,,,,C1_PUBLIC,1,,,,,,,,6f8a5214daf0d8d5188f7da84fe0931408bac9ce898d47d09d53366ef6cfe2b8,c068640bad122342de0e81050f313e88a0b5bf947d459a5df25df6b117f89be9,,,2026-08-23T17:18:04.591571+00:00,6486aa3046e5e26bd445de2872119e69,,,,,7cfa8b4cccb3826c339933a9968f0ef614429c5143b57b1ef56cef870af3d4eb,45175cbf518f6efe0c396861835d7ab00bbcb358ea84ce2cf997c52b6d1d7564,,,2026-08-22T18:41:24.346623+00:00,eb562985f77fc8a152d2d22d15bfd3f4695b107bdaa4c375fc5dde2be0f10805,active,,,15,ACCEPTED,ALL_BASELINE_CONTROLS,,,,True,True,True,True,True,False,pzGrMDyNLm4EJbj3+dIcleQ1W91Px0yo/7ZxM7d3Gkk=,eb006a7a5e8b5dc4fe1cbf9932cb79f117cde398532d66c38057d2791d71f30b,lhIS+WjWdu7nwVo2eeSh1fX8D+pCzpAo3q6D86Frg0w=,ebd9c0a45ea29c424b0df17de529d07a096196a04b3c6e370481ddead2a49ed0,7zsDsfABaVO4wLmcNcpTpqmcS6ol5zXLMzVTZXoTZlI=,29ac3bebc7d8bf95fc566b7fd18bb82a91593b8a3a0877f87ec4350551f94d53,,,,,,,,,,,,,,,,,e3a696c03783e085797212c3094b594f9158fa68d5c0ff5f78fbb34544d15d77,audit_trails/artifacts/accepted_runtime_submissions/T1_Plain_TADP_client_000_r15_eb006a7a5e8b5dc4__e3a696c03783e085.json,,,,,,,,,,,,,081f85b5468f5e226cf9801fbf422c78b3108b60d612b102108c331a254d23f1,8bef08a8bd196ed5d5c691fd50d7703784500850169ecc62d52c469bc2ce2104,,
110,af2e01b1c1e04809525293e7d13011e5,9807b00ec9f05c0ed690f948a024469da45a3923628918d48e6175fa51233777,2026-08-22T17:41:38.692295+00:00,TADP-SEC/12.1,CLIENT_CIPHERTEXT_BINDING,T1_Plain_TADP,,,,client_000,,,,,,,,,,,,,,,,,,,,,,,,,,,,,,,,,,,,,,,,CIPHERTEXT_BOUND_TO_SIGNED_UPDATE,,,,,,,,,,,,,,,,,C1_PUBLIC,1,,,,,,,,,,,,,6486aa3046e5e26bd445de2872119e69,,,,,,,,,,,,,,15,VERIFIED,,,,,True,,,,,False,pzGrMDyNLm4EJbj3+dIcleQ1W91Px0yo/7ZxM7d3Gkk=,eb006a7a5e8b5dc4fe1cbf9932cb79f117cde398532d66c38057d2791d71f30b,lhIS+WjWdu7nwVo2eeSh1fX8D+pCzpAo3q6D86Frg0w=,43e7d75b580ef68518068560ae4e13bb26d6d6aa00543c1788ca9953be834aa5,7zsDsfABaVO4wLmcNcpTpqmcS6ol5zXLMzVTZXoTZlI=,29ac3bebc7d8bf95fc566b7fd18bb82a91593b8a3a0877f87ec4350551f94d53,plaintext_update_no_noise,reference_python,n=|logq=|scale=|scheme=plain,plain,,,,,,,,,f62b50d3caea7cf4611c959678972abe038d2491a4a70a626fc75d5554207aa0,,824211176e7d24d226ceba213198bc43844b2f7eeb8b4ef26450fa424cdf4a8e,audit_trails/artifacts/ciphertext_attestations/T1_Plain_TADP_client_000_r15_f5d1570e3f89173d__824211176e7d24d2.json,,,,,,,,,,,,,,,8bef08a8bd196ed5d5c691fd50d7703784500850169ecc62d52c469bc2ce2104,c56742bc81c104e55820f65e1d22ba299fea1eef4ad9dc2e4603acd50e576382,,
111,6dae36ecec7acdc428bb1309f118bc31,9807b00ec9f05c0ed690f948a024469da45a3923628918d48e6175fa51233777,2026-08-22T17:41:39.634513+00:00,TADP-SEC/12.1,CLIENT_ACCEPTED_SUBMISSION,T1_Plain_TADP,,,,client_000,,,,,,,,,,,2.3-phase1-fixed-threshold-critical-floor-review-profile,47dd2e58be138865a6d591a63329509757be6b563afb2badb96beb09eac726e5,a663ab753fcbe1179628a237bb638420356ea261176b970e3553fa59bfe7e9d6,1c154f7d4e37aa15e037310f6b45ff14a874311a582c673470a238929d8125dd,8d877b4c3b654a235066cdd49bf4c7e04e1b662c0cf44a17b54811ea50677e11,VALIDATED_EVIDENCE_BUNDLE,,,,,,,,,,,,,,,,,,,,,,,,UPDATE_SUBMITTED_ENFORCED,,False,NOT_REQUIRED_AUTOMATED_POLICY,False,,,,,,,,,,,,,C1_PUBLIC,1,,,,,,,,6f8a5214daf0d8d5188f7da84fe0931408bac9ce898d47d09d53366ef6cfe2b8,c068640bad122342de0e81050f313e88a0b5bf947d459a5df25df6b117f89be9,,,2026-08-23T17:18:04.591571+00:00,6486aa3046e5e26bd445de2872119e69,,,,,7cfa8b4cccb3826c339933a9968f0ef614429c5143b57b1ef56cef870af3d4eb,45175cbf518f6efe0c396861835d7ab00bbcb358ea84ce2cf997c52b6d1d7564,,,2026-08-22T18:41:24.346623+00:00,eb562985f77fc8a152d2d22d15bfd3f4695b107bdaa4c375fc5dde2be0f10805,active,,,16,ACCEPTED,ALL_BASELINE_CONTROLS,,,,True,True,True,True,True,False,+tgmRQYN5VM7Yk5E2fT7iqRg3+Ppl1vXUk34X6H7UTw=,ecd5e19d82fe4f27cab943028b0b95e014d5c8c47b876fb9e015d259dd70ef79,lhIS+WjWdu7nwVo2eeSh1fX8D+pCzpAo3q6D86Frg0w=,c8440d2430e94ce8c78e0a874f83560b937dded8204d86cc010725aad9445210,LH+IwlACVSXARkfh2xqrxDjae3Ki1OOGTlKr3BBNcDI=,29ac3bebc7d8bf95fc566b7fd18bb82a91593b8a3a0877f87ec4350551f94d53,,,,,,,,,,,,,,,,,3e82b9717deb05249a204ce2e8cb640855bb5445eca1157db89743152150ddea,audit_trails/artifacts/accepted_runtime_submissions/T1_Plain_TADP_client_000_r16_ecd5e19d82fe4f27__3e82b9717deb0524.json,,,,,,,,,,,,,c56742bc81c104e55820f65e1d22ba299fea1eef4ad9dc2e4603acd50e576382,8109c7589f1f1760b8bbf150fd7274ee834bf36e49a61aa45b346804f12e1ea4,,
112,807903e4b0f2740f3c9a70d377a04ca4,9807b00ec9f05c0ed690f948a024469da45a3923628918d48e6175fa51233777,2026-08-22T17:41:39.649532+00:00,TADP-SEC/12.1,CLIENT_CIPHERTEXT_BINDING,T1_Plain_TADP,,,,client_000,,,,,,,,,,,,,,,,,,,,,,,,,,,,,,,,,,,,,,,,CIPHERTEXT_BOUND_TO_SIGNED_UPDATE,,,,,,,,,,,,,,,,,C1_PUBLIC,1,,,,,,,,,,,,,6486aa3046e5e26bd445de2872119e69,,,,,,,,,,,,,,16,VERIFIED,,,,,True,,,,,False,+tgmRQYN5VM7Yk5E2fT7iqRg3+Ppl1vXUk34X6H7UTw=,ecd5e19d82fe4f27cab943028b0b95e014d5c8c47b876fb9e015d259dd70ef79,lhIS+WjWdu7nwVo2eeSh1fX8D+pCzpAo3q6D86Frg0w=,b33c2d0a4030ce7d864dd1bf93518b22bf0eaa03007a96de469d97dc2f0417f8,LH+IwlACVSXARkfh2xqrxDjae3Ki1OOGTlKr3BBNcDI=,29ac3bebc7d8bf95fc566b7fd18bb82a91593b8a3a0877f87ec4350551f94d53,plaintext_update_no_noise,reference_python,n=|logq=|scale=|scheme=plain,plain,,,,,,,,,f62b50d3caea7cf4611c959678972abe038d2491a4a70a626fc75d5554207aa0,,04bfc7ede7988bc046f4b57f39ba95df1f0200a8a1e42c28bfa1492fc8cb3aa0,audit_trails/artifacts/ciphertext_attestations/T1_Plain_TADP_client_000_r16_dfb8d75cff9e9df1__04bfc7ede7988bc0.json,,,,,,,,,,,,,,,8109c7589f1f1760b8bbf150fd7274ee834bf36e49a61aa45b346804f12e1ea4,c68a4cdcc685720294dffe0755897ad136964d284147399986c400ea454b13a5,,
113,51cd2e46131c4c8b09ab5da9d0e7b50c,9807b00ec9f05c0ed690f948a024469da45a3923628918d48e6175fa51233777,2026-08-22T17:41:40.555911+00:00,TADP-SEC/12.1,CLIENT_ACCEPTED_SUBMISSION,T1_Plain_TADP,,,,client_000,,,,,,,,,,,2.3-phase1-fixed-threshold-critical-floor-review-profile,47dd2e58be138865a6d591a63329509757be6b563afb2badb96beb09eac726e5,a663ab753fcbe1179628a237bb638420356ea261176b970e3553fa59bfe7e9d6,1c154f7d4e37aa15e037310f6b45ff14a874311a582c673470a238929d8125dd,8d877b4c3b654a235066cdd49bf4c7e04e1b662c0cf44a17b54811ea50677e11,VALIDATED_EVIDENCE_BUNDLE,,,,,,,,,,,,,,,,,,,,,,,,UPDATE_SUBMITTED_ENFORCED,,False,NOT_REQUIRED_AUTOMATED_POLICY,False,,,,,,,,,,,,,C1_PUBLIC,1,,,,,,,,6f8a5214daf0d8d5188f7da84fe0931408bac9ce898d47d09d53366ef6cfe2b8,c068640bad122342de0e81050f313e88a0b5bf947d459a5df25df6b117f89be9,,,2026-08-23T17:18:04.591571+00:00,6486aa3046e5e26bd445de2872119e69,,,,,7cfa8b4cccb3826c339933a9968f0ef614429c5143b57b1ef56cef870af3d4eb,45175cbf518f6efe0c396861835d7ab00bbcb358ea84ce2cf997c52b6d1d7564,,,2026-08-22T18:41:24.346623+00:00,eb562985f77fc8a152d2d22d15bfd3f4695b107bdaa4c375fc5dde2be0f10805,active,,,17,ACCEPTED,ALL_BASELINE_CONTROLS,,,,True,True,True,True,True,False,zSTzn5j/uBWPlVDjW5BNdXlgQ9uFuBIU1TpjkXLSRGY=,d7535161d99ed65074975e66b2f549dd3b67e1e8205de6884122157eafe62bc9,lhIS+WjWdu7nwVo2eeSh1fX8D+pCzpAo3q6D86Frg0w=,45630d4581bec0efa8eac8538b283f08bf4f55a58afc203e0a8f4f9e452a2c22,XKI7w61gxNLq21YpiL+U4npl9KcRPN0928/3+742174=,29ac3bebc7d8bf95fc566b7fd18bb82a91593b8a3a0877f87ec4350551f94d53,,,,,,,,,,,,,,,,,709231c236ca8b487970ce86b8d0b6efc19a72ae12be1e7a1486f9543375211a,audit_trails/artifacts/accepted_runtime_submissions/T1_Plain_TADP_client_000_r17_d7535161d99ed650__709231c236ca8b48.json,,,,,,,,,,,,,c68a4cdcc685720294dffe0755897ad136964d284147399986c400ea454b13a5,733ce2f1520d13f837acc1c786ebbf601604a9329103acadb4ceb345d788e162,,
114,d761c727e6f41077f2bf882a283b3e40,9807b00ec9f05c0ed690f948a024469da45a3923628918d48e6175fa51233777,2026-08-22T17:41:40.570426+00:00,TADP-SEC/12.1,CLIENT_CIPHERTEXT_BINDING,T1_Plain_TADP,,,,client_000,,,,,,,,,,,,,,,,,,,,,,,,,,,,,,,,,,,,,,,,CIPHERTEXT_BOUND_TO_SIGNED_UPDATE,,,,,,,,,,,,,,,,,C1_PUBLIC,1,,,,,,,,,,,,,6486aa3046e5e26bd445de2872119e69,,,,,,,,,,,,,,17,VERIFIED,,,,,True,,,,,False,zSTzn5j/uBWPlVDjW5BNdXlgQ9uFuBIU1TpjkXLSRGY=,d7535161d99ed65074975e66b2f549dd3b67e1e8205de6884122157eafe62bc9,lhIS+WjWdu7nwVo2eeSh1fX8D+pCzpAo3q6D86Frg0w=,ea1e5e3bd0148e4b5a94487fb922c2dc71989a106644ab20f1266f0245d7381e,XKI7w61gxNLq21YpiL+U4npl9KcRPN0928/3+742174=,29ac3bebc7d8bf95fc566b7fd18bb82a91593b8a3a0877f87ec4350551f94d53,plaintext_update_no_noise,reference_python,n=|logq=|scale=|scheme=plain,plain,,,,,,,,,f62b50d3caea7cf4611c959678972abe038d2491a4a70a626fc75d5554207aa0,,29ac9ace08b2ab694c0f71640306f9cafabb7bad9771ae2c9183f9abac1c5dc7,audit_trails/artifacts/ciphertext_attestations/T1_Plain_TADP_client_000_r17_b85c395f8b5cebd6__29ac9ace08b2ab69.json,,,,,,,,,,,,,,,733ce2f1520d13f837acc1c786ebbf601604a9329103acadb4ceb345d788e162,e73217e531b2aab38b1a4904775cfb8183b7f0e7fd8ad40a38aa77768f322549,,
115,69c04e42148c11894cb06998c39db177,9807b00ec9f05c0ed690f948a024469da45a3923628918d48e6175fa51233777,2026-08-22T17:41:41.688834+00:00,TADP-SEC/12.1,CLIENT_ACCEPTED_SUBMISSION,T1_Plain_TADP,,,,client_000,,,,,,,,,,,2.3-phase1-fixed-threshold-critical-floor-review-profile,47dd2e58be138865a6d591a63329509757be6b563afb2badb96beb09eac726e5,a663ab753fcbe1179628a237bb638420356ea261176b970e3553fa59bfe7e9d6,1c154f7d4e37aa15e037310f6b45ff14a874311a582c673470a238929d8125dd,8d877b4c3b654a235066cdd49bf4c7e04e1b662c0cf44a17b54811ea50677e11,VALIDATED_EVIDENCE_BUNDLE,,,,,,,,,,,,,,,,,,,,,,,,UPDATE_SUBMITTED_ENFORCED,,False,NOT_REQUIRED_AUTOMATED_POLICY,False,,,,,,,,,,,,,C1_PUBLIC,1,,,,,,,,6f8a5214daf0d8d5188f7da84fe0931408bac9ce898d47d09d53366ef6cfe2b8,c068640bad122342de0e81050f313e88a0b5bf947d459a5df25df6b117f89be9,,,2026-08-23T17:18:04.591571+00:00,6486aa3046e5e26bd445de2872119e69,,,,,7cfa8b4cccb3826c339933a9968f0ef614429c5143b57b1ef56cef870af3d4eb,45175cbf518f6efe0c396861835d7ab00bbcb358ea84ce2cf997c52b6d1d7564,,,2026-08-22T18:41:24.346623+00:00,eb562985f77fc8a152d2d22d15bfd3f4695b107bdaa4c375fc5dde2be0f10805,active,,,18,ACCEPTED,ALL_BASELINE_CONTROLS,,,,True,True,True,True,True,False,wRRyh7CSyvrtUNoR68Hh4buULKs0TVEZYDcsq0/+2NQ=,c4edf354053d43435c55553274e8e082756d06f0c0f91693e4a5e8d146cb6c70,lhIS+WjWdu7nwVo2eeSh1fX8D+pCzpAo3q6D86Frg0w=,2c027f707384d8d066d6096798188ec04533abde1af70519e2f5384e4e1cb07d,HuUEffycgeDHKWn8KKXpzParcgqA6Uo/ftf1sdUTMAk=,29ac3bebc7d8bf95fc566b7fd18bb82a91593b8a3a0877f87ec4350551f94d53,,,,,,,,,,,,,,,,,1005e47648e69e65334db4965ae9b6811b75235b829c16f0c8698ca3db3dab16,audit_trails/artifacts/accepted_runtime_submissions/T1_Plain_TADP_client_000_r18_c4edf354053d4343__1005e47648e69e65.json,,,,,,,,,,,,,e73217e531b2aab38b1a4904775cfb8183b7f0e7fd8ad40a38aa77768f322549,ebd2415c716e1b245baebfa251bdfdb696b4782acd10105fd9f687f108cca70f,,
116,ce86de752d09fa9c52df002f53d3cea1,9807b00ec9f05c0ed690f948a024469da45a3923628918d48e6175fa51233777,2026-08-22T17:41:41.706445+00:00,TADP-SEC/12.1,CLIENT_CIPHERTEXT_BINDING,T1_Plain_TADP,,,,client_000,,,,,,,,,,,,,,,,,,,,,,,,,,,,,,,,,,,,,,,,CIPHERTEXT_BOUND_TO_SIGNED_UPDATE,,,,,,,,,,,,,,,,,C1_PUBLIC,1,,,,,,,,,,,,,6486aa3046e5e26bd445de2872119e69,,,,,,,,,,,,,,18,VERIFIED,,,,,True,,,,,False,wRRyh7CSyvrtUNoR68Hh4buULKs0TVEZYDcsq0/+2NQ=,c4edf354053d43435c55553274e8e082756d06f0c0f91693e4a5e8d146cb6c70,lhIS+WjWdu7nwVo2eeSh1fX8D+pCzpAo3q6D86Frg0w=,b8a7c5f65eac3b1fac411581e5df42b04f259540f5ab90bad80b89339618e92d,HuUEffycgeDHKWn8KKXpzParcgqA6Uo/ftf1sdUTMAk=,29ac3bebc7d8bf95fc566b7fd18bb82a91593b8a3a0877f87ec4350551f94d53,plaintext_update_no_noise,reference_python,n=|logq=|scale=|scheme=plain,plain,,,,,,,,,f62b50d3caea7cf4611c959678972abe038d2491a4a70a626fc75d5554207aa0,,9ca8b78532accdf5bff00ac958e3e8ff07563161d878435d505694c28e2bf3e1,audit_trails/artifacts/ciphertext_attestations/T1_Plain_TADP_client_000_r18_1ed7a9a42f26ea7e__9ca8b78532accdf5.json,,,,,,,,,,,,,,,ebd2415c716e1b245baebfa251bdfdb696b4782acd10105fd9f687f108cca70f,ead146261dd6bd254d7ff4a7ccfefad4fa8342b0520c5bedffd19476ebd16504,,
117,97daa9dc7e46fe0a7ea644a57a660776,9807b00ec9f05c0ed690f948a024469da45a3923628918d48e6175fa51233777,2026-08-22T17:41:42.880495+00:00,TADP-SEC/12.1,CLIENT_ACCEPTED_SUBMISSION,T1_Plain_TADP,,,,client_000,,,,,,,,,,,2.3-phase1-fixed-threshold-critical-floor-review-profile,47dd2e58be138865a6d591a63329509757be6b563afb2badb96beb09eac726e5,a663ab753fcbe1179628a237bb638420356ea261176b970e3553fa59bfe7e9d6,1c154f7d4e37aa15e037310f6b45ff14a874311a582c673470a238929d8125dd,8d877b4c3b654a235066cdd49bf4c7e04e1b662c0cf44a17b54811ea50677e11,VALIDATED_EVIDENCE_BUNDLE,,,,,,,,,,,,,,,,,,,,,,,,UPDATE_SUBMITTED_ENFORCED,,False,NOT_REQUIRED_AUTOMATED_POLICY,False,,,,,,,,,,,,,C1_PUBLIC,1,,,,,,,,6f8a5214daf0d8d5188f7da84fe0931408bac9ce898d47d09d53366ef6cfe2b8,c068640bad122342de0e81050f313e88a0b5bf947d459a5df25df6b117f89be9,,,2026-08-23T17:18:04.591571+00:00,6486aa3046e5e26bd445de2872119e69,,,,,7cfa8b4cccb3826c339933a9968f0ef614429c5143b57b1ef56cef870af3d4eb,45175cbf518f6efe0c396861835d7ab00bbcb358ea84ce2cf997c52b6d1d7564,,,2026-08-22T18:41:24.346623+00:00,eb562985f77fc8a152d2d22d15bfd3f4695b107bdaa4c375fc5dde2be0f10805,active,,,19,ACCEPTED,ALL_BASELINE_CONTROLS,,,,True,True,True,True,True,False,F6qtbcPkAA06ZgKo0lzKjVsJtGGEbOJDk9nAaB7LjrM=,add9ffcbf3fc213bce3713ada6b45d0ffa9abd93e18a76a2305f391defd83564,lhIS+WjWdu7nwVo2eeSh1fX8D+pCzpAo3q6D86Frg0w=,754a3b12f626eab8170a415ab0dc5f315f8e5f8469b6c071b566a8fcb1ef0f72,LkZU9y4X464/lL3HgTBiuk2jjaBCy8CZKyt01rj6TPk=,29ac3bebc7d8bf95fc566b7fd18bb82a91593b8a3a0877f87ec4350551f94d53,,,,,,,,,,,,,,,,,5d159ee56cf5505e5f4bcf2d2693f6f4d490dc7415061d14cf713125e025e323,audit_trails/artifacts/accepted_runtime_submissions/T1_Plain_TADP_client_000_r19_add9ffcbf3fc213b__5d159ee56cf5505e.json,,,,,,,,,,,,,ead146261dd6bd254d7ff4a7ccfefad4fa8342b0520c5bedffd19476ebd16504,4588b6ae6360423f38c5c9ad6e5d73af42ac53a1b47ee7f1da7a48b3405b3288,,
118,4d330fc69b7f7e705919f3ddc29b5781,9807b00ec9f05c0ed690f948a024469da45a3923628918d48e6175fa51233777,2026-08-22T17:41:42.895722+00:00,TADP-SEC/12.1,CLIENT_CIPHERTEXT_BINDING,T1_Plain_TADP,,,,client_000,,,,,,,,,,,,,,,,,,,,,,,,,,,,,,,,,,,,,,,,CIPHERTEXT_BOUND_TO_SIGNED_UPDATE,,,,,,,,,,,,,,,,,C1_PUBLIC,1,,,,,,,,,,,,,6486aa3046e5e26bd445de2872119e69,,,,,,,,,,,,,,19,VERIFIED,,,,,True,,,,,False,F6qtbcPkAA06ZgKo0lzKjVsJtGGEbOJDk9nAaB7LjrM=,add9ffcbf3fc213bce3713ada6b45d0ffa9abd93e18a76a2305f391defd83564,lhIS+WjWdu7nwVo2eeSh1fX8D+pCzpAo3q6D86Frg0w=,78c76a922bdfa1753ea3fbf0890a9c3a5173c92f8bff25b73b50357edc543e57,LkZU9y4X464/lL3HgTBiuk2jjaBCy8CZKyt01rj6TPk=,29ac3bebc7d8bf95fc566b7fd18bb82a91593b8a3a0877f87ec4350551f94d53,plaintext_update_no_noise,reference_python,n=|logq=|scale=|scheme=plain,plain,,,,,,,,,f62b50d3caea7cf4611c959678972abe038d2491a4a70a626fc75d5554207aa0,,4a9d4b881ed2a14aa4f7d97c1fef7b5a30a205baeb3eb79a2d4b22674dc5cb4e,audit_trails/artifacts/ciphertext_attestations/T1_Plain_TADP_client_000_r19_a02cce417e4e1e85__4a9d4b881ed2a14a.json,,,,,,,,,,,,,,,4588b6ae6360423f38c5c9ad6e5d73af42ac53a1b47ee7f1da7a48b3405b3288,23c92be7ce066fc4db99ba0a0908f65245a0a31a0c477f122b820e1c607195a4,,
119,e66285e6fc3bcb36e1446652e0fedbd7,9807b00ec9f05c0ed690f948a024469da45a3923628918d48e6175fa51233777,2026-08-22T17:41:44.179827+00:00,TADP-SEC/12.1,CLIENT_ACCEPTED_SUBMISSION,T1_Plain_TADP,,,,client_000,,,,,,,,,,,2.3-phase1-fixed-threshold-critical-floor-review-profile,47dd2e58be138865a6d591a63329509757be6b563afb2badb96beb09eac726e5,a663ab753fcbe1179628a237bb638420356ea261176b970e3553fa59bfe7e9d6,1c154f7d4e37aa15e037310f6b45ff14a874311a582c673470a238929d8125dd,8d877b4c3b654a235066cdd49bf4c7e04e1b662c0cf44a17b54811ea50677e11,VALIDATED_EVIDENCE_BUNDLE,,,,,,,,,,,,,,,,,,,,,,,,UPDATE_SUBMITTED_ENFORCED,,False,NOT_REQUIRED_AUTOMATED_POLICY,False,,,,,,,,,,,,,C1_PUBLIC,1,,,,,,,,6f8a5214daf0d8d5188f7da84fe0931408bac9ce898d47d09d53366ef6cfe2b8,c068640bad122342de0e81050f313e88a0b5bf947d459a5df25df6b117f89be9,,,2026-08-23T17:18:04.591571+00:00,6486aa3046e5e26bd445de2872119e69,,,,,7cfa8b4cccb3826c339933a9968f0ef614429c5143b57b1ef56cef870af3d4eb,45175cbf518f6efe0c396861835d7ab00bbcb358ea84ce2cf997c52b6d1d7564,,,2026-08-22T18:41:24.346623+00:00,eb562985f77fc8a152d2d22d15bfd3f4695b107bdaa4c375fc5dde2be0f10805,active,,,20,ACCEPTED,ALL_BASELINE_CONTROLS,,,,True,True,True,True,True,False,xNgfS0GSLVcregL5q2w+8EARaONuC2zY7NFDVyF82Vo=,75c5b6896db1f1cd9bb0093febed17b2764a015169f2ea43e1ef299205fa8e03,lhIS+WjWdu7nwVo2eeSh1fX8D+pCzpAo3q6D86Frg0w=,c93a75eec7e6f0404ad8b130130c7bc6c3649f9a05786eae982825cbbdb0e397,oba5u6guQz5bjlyzJ8iNpHdf6OmuSPm9Wvp245jU9qw=,29ac3bebc7d8bf95fc566b7fd18bb82a91593b8a3a0877f87ec4350551f94d53,,,,,,,,,,,,,,,,,3c9a008ecd56ff30d6943dc29722880b4520f59abed18be11f4b37754ecea9c1,audit_trails/artifacts/accepted_runtime_submissions/T1_Plain_TADP_client_000_r20_75c5b6896db1f1cd__3c9a008ecd56ff30.json,,,,,,,,,,,,,23c92be7ce066fc4db99ba0a0908f65245a0a31a0c477f122b820e1c607195a4,b89498bf6f66a9af624ac13e00bc660c3c4134c9ac9a6a86c10ae2cc02b0129c,,
120,3f0c8d37b32ab3c633e4636eb5d686e1,9807b00ec9f05c0ed690f948a024469da45a3923628918d48e6175fa51233777,2026-08-22T17:41:44.199003+00:00,TADP-SEC/12.1,CLIENT_CIPHERTEXT_BINDING,T1_Plain_TADP,,,,client_000,,,,,,,,,,,,,,,,,,,,,,,,,,,,,,,,,,,,,,,,CIPHERTEXT_BOUND_TO_SIGNED_UPDATE,,,,,,,,,,,,,,,,,C1_PUBLIC,1,,,,,,,,,,,,,6486aa3046e5e26bd445de2872119e69,,,,,,,,,,,,,,20,VERIFIED,,,,,True,,,,,False,xNgfS0GSLVcregL5q2w+8EARaONuC2zY7NFDVyF82Vo=,75c5b6896db1f1cd9bb0093febed17b2764a015169f2ea43e1ef299205fa8e03,lhIS+WjWdu7nwVo2eeSh1fX8D+pCzpAo3q6D86Frg0w=,59d868ed08c9e898ff65ae7cacc9165d19df135923853efdd9bc5348bebe1ea6,oba5u6guQz5bjlyzJ8iNpHdf6OmuSPm9Wvp245jU9qw=,29ac3bebc7d8bf95fc566b7fd18bb82a91593b8a3a0877f87ec4350551f94d53,plaintext_update_no_noise,reference_python,n=|logq=|scale=|scheme=plain,plain,,,,,,,,,f62b50d3caea7cf4611c959678972abe038d2491a4a70a626fc75d5554207aa0,,528b7cc12fc0b12157ec63cabf6761396340d556785014aa7680f9c6aa7d5317,audit_trails/artifacts/ciphertext_attestations/T1_Plain_TADP_client_000_r20_c699c9841447aa6e__528b7cc12fc0b121.json,,,,,,,,,,,,,,,b89498bf6f66a9af624ac13e00bc660c3c4134c9ac9a6a86c10ae2cc02b0129c,9bf664b2b5e66e91acd1e69fae1cb4ae3960afc45a19b5640ec1cf964ab713ac,,
121,1f93bdfeeaed89772c32a2ac426ceb38,9807b00ec9f05c0ed690f948a024469da45a3923628918d48e6175fa51233777,2026-08-22T17:41:45.380048+00:00,TADP-SEC/12.1,CLIENT_ACCEPTED_SUBMISSION,T1_Plain_TADP,,,,client_000,,,,,,,,,,,2.3-phase1-fixed-threshold-critical-floor-review-profile,47dd2e58be138865a6d591a63329509757be6b563afb2badb96beb09eac726e5,a663ab753fcbe1179628a237bb638420356ea261176b970e3553fa59bfe7e9d6,1c154f7d4e37aa15e037310f6b45ff14a874311a582c673470a238929d8125dd,8d877b4c3b654a235066cdd49bf4c7e04e1b662c0cf44a17b54811ea50677e11,VALIDATED_EVIDENCE_BUNDLE,,,,,,,,,,,,,,,,,,,,,,,,UPDATE_SUBMITTED_ENFORCED,,False,NOT_REQUIRED_AUTOMATED_POLICY,False,,,,,,,,,,,,,C1_PUBLIC,1,,,,,,,,6f8a5214daf0d8d5188f7da84fe0931408bac9ce898d47d09d53366ef6cfe2b8,c068640bad122342de0e81050f313e88a0b5bf947d459a5df25df6b117f89be9,,,2026-08-23T17:18:04.591571+00:00,004742d35e8095b1207d33b5101c8e3f,,,,,30300ae3849b74417402ebea4f2d0b34c8295af994133e740878d4571fd8758e,df68ec0558a59a205c98f3bff8aff1b8596edc54041bf53f692c6fc64f58b08d,,,2026-08-22T18:41:45.320180+00:00,eb562985f77fc8a152d2d22d15bfd3f4695b107bdaa4c375fc5dde2be0f10805,active,,,1,ACCEPTED,ALL_BASELINE_CONTROLS,,,,True,True,True,True,True,False,Kd2f4fKYCyDG5yA/zbmojbYYnmPMQbXBjxKxKA4/wMc=,aaacdfa46a4ceebf7450c2040a35f51d978430ec5c5959248506cd3ef2c47211,lhIS+WjWdu7nwVo2eeSh1fX8D+pCzpAo3q6D86Frg0w=,ac0fe3d40fd03cd713b2bc6ec5563a5e404d6ba9751fd29ded2ddc8a5521a716,/H8yDF0d1eyZeMq30kXyeKUgT/fz6t8F6qYuf6Ti1zA=,29ac3bebc7d8bf95fc566b7fd18bb82a91593b8a3a0877f87ec4350551f94d53,,,,,,,,,,,,,,,,,f3e875b1ccb403b34b197d2b3a8cad3f8e64dbeaca7b15eb4b6f578a5a3ba3bc,audit_trails/artifacts/accepted_runtime_submissions/T1_Plain_TADP_client_000_r1_aaacdfa46a4ceebf__f3e875b1ccb403b3.json,,,,,,,,,,,,,9bf664b2b5e66e91acd1e69fae1cb4ae3960afc45a19b5640ec1cf964ab713ac,258e4d8a679511933bf2d24f88a2d4233fbfd3e8fd58405976ca7c7e0d40f021,,
122,9476fe0a27b55e979b9b00f781d29a6b,9807b00ec9f05c0ed690f948a024469da45a3923628918d48e6175fa51233777,2026-08-22T17:41:45.394347+00:00,TADP-SEC/12.1,CLIENT_CIPHERTEXT_BINDING,T1_Plain_TADP,,,,client_000,,,,,,,,,,,,,,,,,,,,,,,,,,,,,,,,,,,,,,,,CIPHERTEXT_BOUND_TO_SIGNED_UPDATE,,,,,,,,,,,,,,,,,C1_PUBLIC,1,,,,,,,,,,,,,004742d35e8095b1207d33b5101c8e3f,,,,,,,,,,,,,,1,VERIFIED,,,,,True,,,,,False,Kd2f4fKYCyDG5yA/zbmojbYYnmPMQbXBjxKxKA4/wMc=,aaacdfa46a4ceebf7450c2040a35f51d978430ec5c5959248506cd3ef2c47211,lhIS+WjWdu7nwVo2eeSh1fX8D+pCzpAo3q6D86Frg0w=,5755959e70e23e1f809a2daeba7ebc01d933141bf35da71339f64c516cc8ea06,/H8yDF0d1eyZeMq30kXyeKUgT/fz6t8F6qYuf6Ti1zA=,29ac3bebc7d8bf95fc566b7fd18bb82a91593b8a3a0877f87ec4350551f94d53,plaintext_update_no_noise,reference_python,n=|logq=|scale=|scheme=plain,plain,,,,,,,,,f62b50d3caea7cf4611c959678972abe038d2491a4a70a626fc75d5554207aa0,,c235cf46c2c53e939405d698af3972748b2acd04aaf393e2e7d00b0c5ffa6667,audit_trails/artifacts/ciphertext_attestations/T1_Plain_TADP_client_000_r1_c185f77a70b6ebc7__c235cf46c2c53e93.json,,,,,,,,,,,,,,,258e4d8a679511933bf2d24f88a2d4233fbfd3e8fd58405976ca7c7e0d40f021,ea4ba09c9df81aea61c101d6f6c785ba246c2bece3279e8153ddd85816743954,,
123,26f519cecd1e4c14772332e532edf267,9807b00ec9f05c0ed690f948a024469da45a3923628918d48e6175fa51233777,2026-08-22T17:41:46.301132+00:00,TADP-SEC/12.1,CLIENT_ACCEPTED_SUBMISSION,T1_Plain_TADP,,,,client_000,,,,,,,,,,,2.3-phase1-fixed-threshold-critical-floor-review-profile,47dd2e58be138865a6d591a63329509757be6b563afb2badb96beb09eac726e5,a663ab753fcbe1179628a237bb638420356ea261176b970e3553fa59bfe7e9d6,1c154f7d4e37aa15e037310f6b45ff14a874311a582c673470a238929d8125dd,8d877b4c3b654a235066cdd49bf4c7e04e1b662c0cf44a17b54811ea50677e11,VALIDATED_EVIDENCE_BUNDLE,,,,,,,,,,,,,,,,,,,,,,,,UPDATE_SUBMITTED_ENFORCED,,False,NOT_REQUIRED_AUTOMATED_POLICY,False,,,,,,,,,,,,,C1_PUBLIC,1,,,,,,,,6f8a5214daf0d8d5188f7da84fe0931408bac9ce898d47d09d53366ef6cfe2b8,c068640bad122342de0e81050f313e88a0b5bf947d459a5df25df6b117f89be9,,,2026-08-23T17:18:04.591571+00:00,004742d35e8095b1207d33b5101c8e3f,,,,,30300ae3849b74417402ebea4f2d0b34c8295af994133e740878d4571fd8758e,df68ec0558a59a205c98f3bff8aff1b8596edc54041bf53f692c6fc64f58b08d,,,2026-08-22T18:41:45.320180+00:00,eb562985f77fc8a152d2d22d15bfd3f4695b107bdaa4c375fc5dde2be0f10805,active,,,2,ACCEPTED,ALL_BASELINE_CONTROLS,,,,True,True,True,True,True,False,t3oHnJLKNGlf+FS6FAC/TbD7wbeqBBt/HD/LwZpZICI=,353387a33916dc5f4474f012e436646fd72e91403e788febafbca54efccbb4bd,lhIS+WjWdu7nwVo2eeSh1fX8D+pCzpAo3q6D86Frg0w=,bf9043719aa47f99f517afe462bef4290de0c74eab8ac7b8d88e889156ff6b2b,cF/8X75TJ1XNVQ7rR8RAwY6fnDfejp2oj6euAxKo4a4=,29ac3bebc7d8bf95fc566b7fd18bb82a91593b8a3a0877f87ec4350551f94d53,,,,,,,,,,,,,,,,,dd79f83a11d2555be4d5de9500f8f3050a01efc79073f4e0e5889262fc56b4a1,audit_trails/artifacts/accepted_runtime_submissions/T1_Plain_TADP_client_000_r2_353387a33916dc5f__dd79f83a11d2555b.json,,,,,,,,,,,,,ea4ba09c9df81aea61c101d6f6c785ba246c2bece3279e8153ddd85816743954,597df09e86cf12c3ab4843fe171f62fe6054f4aedc983cf35fee8dfd195560e2,,
124,262e98f67d6c1f35dd67397110cc6e1f,9807b00ec9f05c0ed690f948a024469da45a3923628918d48e6175fa51233777,2026-08-22T17:41:46.320066+00:00,TADP-SEC/12.1,CLIENT_CIPHERTEXT_BINDING,T1_Plain_TADP,,,,client_000,,,,,,,,,,,,,,,,,,,,,,,,,,,,,,,,,,,,,,,,CIPHERTEXT_BOUND_TO_SIGNED_UPDATE,,,,,,,,,,,,,,,,,C1_PUBLIC,1,,,,,,,,,,,,,004742d35e8095b1207d33b5101c8e3f,,,,,,,,,,,,,,2,VERIFIED,,,,,True,,,,,False,t3oHnJLKNGlf+FS6FAC/TbD7wbeqBBt/HD/LwZpZICI=,353387a33916dc5f4474f012e436646fd72e91403e788febafbca54efccbb4bd,lhIS+WjWdu7nwVo2eeSh1fX8D+pCzpAo3q6D86Frg0w=,ca213c843efa431548a21ec03092bd81154293428a6e93c282bcbb9cbef75a87,cF/8X75TJ1XNVQ7rR8RAwY6fnDfejp2oj6euAxKo4a4=,29ac3bebc7d8bf95fc566b7fd18bb82a91593b8a3a0877f87ec4350551f94d53,plaintext_update_no_noise,reference_python,n=|logq=|scale=|scheme=plain,plain,,,,,,,,,f62b50d3caea7cf4611c959678972abe038d2491a4a70a626fc75d5554207aa0,,ea56fc04345e99cbae35d406061480d75eaa2f3b7a900ba2b19ead6f381f4444,audit_trails/artifacts/ciphertext_attestations/T1_Plain_TADP_client_000_r2_197810cb143305d1__ea56fc04345e99cb.json,,,,,,,,,,,,,,,597df09e86cf12c3ab4843fe171f62fe6054f4aedc983cf35fee8dfd195560e2,1a4a1b7d8d5cbc4147223c657cad0ff9136d076730d25251637c7b94567d4cfd,,
125,012eb840a32ca10ea2f882a7695cf073,9807b00ec9f05c0ed690f948a024469da45a3923628918d48e6175fa51233777,2026-08-22T17:41:47.248587+00:00,TADP-SEC/12.1,CLIENT_ACCEPTED_SUBMISSION,T1_Plain_TADP,,,,client_000,,,,,,,,,,,2.3-phase1-fixed-threshold-critical-floor-review-profile,47dd2e58be138865a6d591a63329509757be6b563afb2badb96beb09eac726e5,a663ab753fcbe1179628a237bb638420356ea261176b970e3553fa59bfe7e9d6,1c154f7d4e37aa15e037310f6b45ff14a874311a582c673470a238929d8125dd,8d877b4c3b654a235066cdd49bf4c7e04e1b662c0cf44a17b54811ea50677e11,VALIDATED_EVIDENCE_BUNDLE,,,,,,,,,,,,,,,,,,,,,,,,UPDATE_SUBMITTED_ENFORCED,,False,NOT_REQUIRED_AUTOMATED_POLICY,False,,,,,,,,,,,,,C1_PUBLIC,1,,,,,,,,6f8a5214daf0d8d5188f7da84fe0931408bac9ce898d47d09d53366ef6cfe2b8,c068640bad122342de0e81050f313e88a0b5bf947d459a5df25df6b117f89be9,,,2026-08-23T17:18:04.591571+00:00,004742d35e8095b1207d33b5101c8e3f,,,,,30300ae3849b74417402ebea4f2d0b34c8295af994133e740878d4571fd8758e,df68ec0558a59a205c98f3bff8aff1b8596edc54041bf53f692c6fc64f58b08d,,,2026-08-22T18:41:45.320180+00:00,eb562985f77fc8a152d2d22d15bfd3f4695b107bdaa4c375fc5dde2be0f10805,active,,,3,ACCEPTED,ALL_BASELINE_CONTROLS,,,,True,True,True,True,True,False,OyR+PX27V5MbL2gl7mm/zbUTZ7VXbWEexv3NzFK1yOA=,5a8ec2daa5130c9f36ccbcaef04a4cf959c797127f989158d5d6d1a43061e276,lhIS+WjWdu7nwVo2eeSh1fX8D+pCzpAo3q6D86Frg0w=,7046a2a12771ca502200a0943e67efcf1b9a969ee0d209b05213c5e26b27ba30,uNqHvTlqagvtcbtTi2GDXCusXjI7ykc6yYxn3A0rnpI=,29ac3bebc7d8bf95fc566b7fd18bb82a91593b8a3a0877f87ec4350551f94d53,,,,,,,,,,,,,,,,,0e98df0acdb9d64bc2dd3b2f5e79d1b789837e9b6557ba3276d1bfb7584059c5,audit_trails/artifacts/accepted_runtime_submissions/T1_Plain_TADP_client_000_r3_5a8ec2daa5130c9f__0e98df0acdb9d64b.json,,,,,,,,,,,,,1a4a1b7d8d5cbc4147223c657cad0ff9136d076730d25251637c7b94567d4cfd,e3f9d78b6a76213801fbca25fffa35ee4d67651ad03186ea937eeb51f3500dc6,,
126,013fadcbf86816206806ba93d06e1c57,9807b00ec9f05c0ed690f948a024469da45a3923628918d48e6175fa51233777,2026-08-22T17:41:47.265098+00:00,TADP-SEC/12.1,CLIENT_CIPHERTEXT_BINDING,T1_Plain_TADP,,,,client_000,,,,,,,,,,,,,,,,,,,,,,,,,,,,,,,,,,,,,,,,CIPHERTEXT_BOUND_TO_SIGNED_UPDATE,,,,,,,,,,,,,,,,,C1_PUBLIC,1,,,,,,,,,,,,,004742d35e8095b1207d33b5101c8e3f,,,,,,,,,,,,,,3,VERIFIED,,,,,True,,,,,False,OyR+PX27V5MbL2gl7mm/zbUTZ7VXbWEexv3NzFK1yOA=,5a8ec2daa5130c9f36ccbcaef04a4cf959c797127f989158d5d6d1a43061e276,lhIS+WjWdu7nwVo2eeSh1fX8D+pCzpAo3q6D86Frg0w=,ff4e18b49befbf9d219ce0a73c693930de91bbdda7ec29cf7d39e429e7b31e4d,uNqHvTlqagvtcbtTi2GDXCusXjI7ykc6yYxn3A0rnpI=,29ac3bebc7d8bf95fc566b7fd18bb82a91593b8a3a0877f87ec4350551f94d53,plaintext_update_no_noise,reference_python,n=|logq=|scale=|scheme=plain,plain,,,,,,,,,f62b50d3caea7cf4611c959678972abe038d2491a4a70a626fc75d5554207aa0,,5f8371c69eb7c73140a91b26d4f16e14f4daff2cb9a222878e50a33a6b942a46,audit_trails/artifacts/ciphertext_attestations/T1_Plain_TADP_client_000_r3_361413b51f554d0f__5f8371c69eb7c731.json,,,,,,,,,,,,,,,e3f9d78b6a76213801fbca25fffa35ee4d67651ad03186ea937eeb51f3500dc6,1cca2cd5cd6747c9b0302b8a466e9cefa68f6f1f74f4e2225b3cd80330c340c1,,
127,68e45a8b4d2085723e4a0baa0c6a1032,9807b00ec9f05c0ed690f948a024469da45a3923628918d48e6175fa51233777,2026-08-22T17:41:48.200473+00:00,TADP-SEC/12.1,CLIENT_ACCEPTED_SUBMISSION,T1_Plain_TADP,,,,client_000,,,,,,,,,,,2.3-phase1-fixed-threshold-critical-floor-review-profile,47dd2e58be138865a6d591a63329509757be6b563afb2badb96beb09eac726e5,a663ab753fcbe1179628a237bb638420356ea261176b970e3553fa59bfe7e9d6,1c154f7d4e37aa15e037310f6b45ff14a874311a582c673470a238929d8125dd,8d877b4c3b654a235066cdd49bf4c7e04e1b662c0cf44a17b54811ea50677e11,VALIDATED_EVIDENCE_BUNDLE,,,,,,,,,,,,,,,,,,,,,,,,UPDATE_SUBMITTED_ENFORCED,,False,NOT_REQUIRED_AUTOMATED_POLICY,False,,,,,,,,,,,,,C1_PUBLIC,1,,,,,,,,6f8a5214daf0d8d5188f7da84fe0931408bac9ce898d47d09d53366ef6cfe2b8,c068640bad122342de0e81050f313e88a0b5bf947d459a5df25df6b117f89be9,,,2026-08-23T17:18:04.591571+00:00,004742d35e8095b1207d33b5101c8e3f,,,,,30300ae3849b74417402ebea4f2d0b34c8295af994133e740878d4571fd8758e,df68ec0558a59a205c98f3bff8aff1b8596edc54041bf53f692c6fc64f58b08d,,,2026-08-22T18:41:45.320180+00:00,eb562985f77fc8a152d2d22d15bfd3f4695b107bdaa4c375fc5dde2be0f10805,active,,,4,ACCEPTED,ALL_BASELINE_CONTROLS,,,,True,True,True,True,True,False,OBKhkt2r/+NnV2umelLTlCS+WsoJdeeNMBrR/9FLcVE=,e6d522544c3678aae683efaecc3684d10cc157538a3ff984447d44b0d501176a,lhIS+WjWdu7nwVo2eeSh1fX8D+pCzpAo3q6D86Frg0w=,9877148aa5c8eab14977c1fbacf9960be65d4c76b5ede8d0064d7d53ff817913,v+7Gtp1nWZD8iIN9XT9rldcgPjFjlweBaDB1YGT8EZU=,29ac3bebc7d8bf95fc566b7fd18bb82a91593b8a3a0877f87ec4350551f94d53,,,,,,,,,,,,,,,,,c8f884fb76bca102ffcbd5b8b21b80e2f15e5d744ba33288a006232045153843,audit_trails/artifacts/accepted_runtime_submissions/T1_Plain_TADP_client_000_r4_e6d522544c3678aa__c8f884fb76bca102.json,,,,,,,,,,,,,1cca2cd5cd6747c9b0302b8a466e9cefa68f6f1f74f4e2225b3cd80330c340c1,f996b71e7d7e61a3a22bb0acc350a4f1fd4cc3d18cbed4200b9296bda5e0f2f9,,
128,3fcd7669856643aa887859ad092d6308,9807b00ec9f05c0ed690f948a024469da45a3923628918d48e6175fa51233777,2026-08-22T17:41:48.215327+00:00,TADP-SEC/12.1,CLIENT_CIPHERTEXT_BINDING,T1_Plain_TADP,,,,client_000,,,,,,,,,,,,,,,,,,,,,,,,,,,,,,,,,,,,,,,,CIPHERTEXT_BOUND_TO_SIGNED_UPDATE,,,,,,,,,,,,,,,,,C1_PUBLIC,1,,,,,,,,,,,,,004742d35e8095b1207d33b5101c8e3f,,,,,,,,,,,,,,4,VERIFIED,,,,,True,,,,,False,OBKhkt2r/+NnV2umelLTlCS+WsoJdeeNMBrR/9FLcVE=,e6d522544c3678aae683efaecc3684d10cc157538a3ff984447d44b0d501176a,lhIS+WjWdu7nwVo2eeSh1fX8D+pCzpAo3q6D86Frg0w=,3170e5af242f61dcf54b703a8c1f9bb130b97be52e420b03806c97923dc07abb,v+7Gtp1nWZD8iIN9XT9rldcgPjFjlweBaDB1YGT8EZU=,29ac3bebc7d8bf95fc566b7fd18bb82a91593b8a3a0877f87ec4350551f94d53,plaintext_update_no_noise,reference_python,n=|logq=|scale=|scheme=plain,plain,,,,,,,,,f62b50d3caea7cf4611c959678972abe038d2491a4a70a626fc75d5554207aa0,,49044e68f7c9969b2fe7b345c7ae802c43abe1820ab79543cf8f05e9631a82bb,audit_trails/artifacts/ciphertext_attestations/T1_Plain_TADP_client_000_r4_1f69b288621b8d04__49044e68f7c9969b.json,,,,,,,,,,,,,,,f996b71e7d7e61a3a22bb0acc350a4f1fd4cc3d18cbed4200b9296bda5e0f2f9,b116f5e481011409ba2e60b86ad111d31b6f7f9fbadac384b4e2a91a946f4c37,,yjHs41qX7QtgeBAqKopywQLqJYfvOJZ36GKDG2xEpAzCMNGaVPSEmUT0S1gjKzUYWJ+G6hbRXqlauPyLBQqmVVTx5NOZvWju4XRXLVKokd8o95Ngn80aBr9hJ6CTFAlPMPUcNLvyBihzptyYCX3lCn/GhQrcbGvX7lCo+oh729+35ObKB11SMuF5N+7YSq2jcQfCgJwdBblnXGnT1hxznOvqhCpqvpf+o5rtEi9YPh6WVY6kMXo8zBpHfydq56YMXoR59R5+Okz96X34pIQ/hUtrfUOlXdDH1wzbr4yFUde910/MVtNgGdqpKGsP/UOQMrp6n09YjO2H5lkOdImh5AbU2V7hUuOjtzqX5KZzHWdila6tgQ4v1rEL5eGs7+Y4T/VNeOWm7h8zpU3KpVVjo2ZF7+F8lRUfmKp9fM3r3DbrUEynvDTkf3zbyr36sWPWCwmlEOlYmYXPB2E1zuWJb16nZ//Twey+c1vYKaJlrVnitCeBbLyl3THyg7s4JhrE
129,3168bfa0dce0fb9b24fd682dfbe23d02,9807b00ec9f05c0ed690f948a024469da45a3923628918d48e6175fa51233777,2026-08-22T17:41:49.181925+00:00,TADP-SEC/12.1,CLIENT_ACCEPTED_SUBMISSION,T1_Plain_TADP,,,,client_000,,,,,,,,,,,2.3-phase1-fixed-threshold-critical-floor-review-profile,47dd2e58be138865a6d591a63329509757be6b563afb2badb96beb09eac726e5,a663ab753fcbe1179628a237bb638420356ea261176b970e3553fa59bfe7e9d6,1c154f7d4e37aa15e037310f6b45ff14a874311a582c673470a238929d8125dd,8d877b4c3b654a235066cdd49bf4c7e04e1b662c0cf44a17b54811ea50677e11,VALIDATED_EVIDENCE_BUNDLE,,,,,,,,,,,,,,,,,,,,,,,,UPDATE_SUBMITTED_ENFORCED,,False,NOT_REQUIRED_AUTOMATED_POLICY,False,,,,,,,,,,,,,C1_PUBLIC,1,,,,,,,,6f8a5214daf0d8d5188f7da84fe0931408bac9ce898d47d09d53366ef6cfe2b8,c068640bad122342de0e81050f313e88a0b5bf947d459a5df25df6b117f89be9,,,2026-08-23T17:18:04.591571+00:00,004742d35e8095b1207d33b5101c8e3f,,,,,30300ae3849b74417402ebea4f2d0b34c8295af994133e740878d4571fd8758e,df68ec0558a59a205c98f3bff8aff1b8596edc54041bf53f692c6fc64f58b08d,,,2026-08-22T18:41:45.320180+00:00,eb562985f77fc8a152d2d22d15bfd3f4695b107bdaa4c375fc5dde2be0f10805,active,,,5,ACCEPTED,ALL_BASELINE_CONTROLS,,,,True,True,True,True,True,False,u4segOvk5xOJX4JUgOKbcrMclO9tjcR2V9S9BfAjlNA=,1d900bf494e610dbd7593dfbdb15524aef9256c1b5158c186886c4b2c30dacc2,lhIS+WjWdu7nwVo2eeSh1fX8D+pCzpAo3q6D86Frg0w=,3fbadfdc6e95a594b4a75d581d0a5ead90109ed75b9f1b4948833f892a26a6f8,dlUwezX2HD5PKQqngKqf3KAa9BRuGEydLtMKbZrbYCw=,29ac3bebc7d8bf95fc566b7fd18bb82a91593b8a3a0877f87ec4350551f94d53,,,,,,,,,,,,,,,,,313fec1933ab044e613ae8a867e7168ec2a3d134ce0de85df6750e68dc4899be,audit_trails/artifacts/accepted_runtime_submissions/T1_Plain_TADP_client_000_r5_1d900bf494e610db__313fec1933ab044e.json,,,,,,,,,,,,,b116f5e481011409ba2e60b86ad111d31b6f7f9fbadac384b4e2a91a946f4c37,44a7a40d9c0f4d13fa1eb36c1c06132cfbad56c3a2ffc48fb7d14ee84f5c62fb,,
130,3f68277598892699a378224e0aee82d2,9807b00ec9f05c0ed690f948a024469da45a3923628918d48e6175fa51233777,2026-08-22T17:41:49.197495+00:00,TADP-SEC/12.1,CLIENT_CIPHERTEXT_BINDING,T1_Plain_TADP,,,,client_000,,,,,,,,,,,,,,,,,,,,,,,,,,,,,,,,,,,,,,,,CIPHERTEXT_BOUND_TO_SIGNED_UPDATE,,,,,,,,,,,,,,,,,C1_PUBLIC,1,,,,,,,,,,,,,004742d35e8095b1207d33b5101c8e3f,,,,,,,,,,,,,,5,VERIFIED,,,,,True,,,,,False,u4segOvk5xOJX4JUgOKbcrMclO9tjcR2V9S9BfAjlNA=,1d900bf494e610dbd7593dfbdb15524aef9256c1b5158c186886c4b2c30dacc2,lhIS+WjWdu7nwVo2eeSh1fX8D+pCzpAo3q6D86Frg0w=,61afcc890d2aeec1a998731c9b699f8fcc30a0645d883d58f04b778c5ca9bcf5,dlUwezX2HD5PKQqngKqf3KAa9BRuGEydLtMKbZrbYCw=,29ac3bebc7d8bf95fc566b7fd18bb82a91593b8a3a0877f87ec4350551f94d53,plaintext_update_no_noise,reference_python,n=|logq=|scale=|scheme=plain,plain,,,,,,,,,f62b50d3caea7cf4611c959678972abe038d2491a4a70a626fc75d5554207aa0,,d6b8cd14935468ebf3dbec105167169e84f4b3b617b789c0e30441abc25c94c4,audit_trails/artifacts/ciphertext_attestations/T1_Plain_TADP_client_000_r5_db8e074b2222947a__d6b8cd14935468eb.json,,,,,,,,,,,,,,,44a7a40d9c0f4d13fa1eb36c1c06132cfbad56c3a2ffc48fb7d14ee84f5c62fb,ee86602148ef2e3b068491961692f8fbd4543d72075db39ebfd5c616ffe3c591,,
131,fdcb8886828fd952842e8c201fd3afee,9807b00ec9f05c0ed690f948a024469da45a3923628918d48e6175fa51233777,2026-08-22T17:41:50.126772+00:00,TADP-SEC/12.1,CLIENT_ACCEPTED_SUBMISSION,T1_Plain_TADP,,,,client_000,,,,,,,,,,,2.3-phase1-fixed-threshold-critical-floor-review-profile,47dd2e58be138865a6d591a63329509757be6b563afb2badb96beb09eac726e5,a663ab753fcbe1179628a237bb638420356ea261176b970e3553fa59bfe7e9d6,1c154f7d4e37aa15e037310f6b45ff14a874311a582c673470a238929d8125dd,8d877b4c3b654a235066cdd49bf4c7e04e1b662c0cf44a17b54811ea50677e11,VALIDATED_EVIDENCE_BUNDLE,,,,,,,,,,,,,,,,,,,,,,,,UPDATE_SUBMITTED_ENFORCED,,False,NOT_REQUIRED_AUTOMATED_POLICY,False,,,,,,,,,,,,,C1_PUBLIC,1,,,,,,,,6f8a5214daf0d8d5188f7da84fe0931408bac9ce898d47d09d53366ef6cfe2b8,c068640bad122342de0e81050f313e88a0b5bf947d459a5df25df6b117f89be9,,,2026-08-23T17:18:04.591571+00:00,004742d35e8095b1207d33b5101c8e3f,,,,,30300ae3849b74417402ebea4f2d0b34c8295af994133e740878d4571fd8758e,df68ec0558a59a205c98f3bff8aff1b8596edc54041bf53f692c6fc64f58b08d,,,2026-08-22T18:41:45.320180+00:00,eb562985f77fc8a152d2d22d15bfd3f4695b107bdaa4c375fc5dde2be0f10805,active,,,6,ACCEPTED,ALL_BASELINE_CONTROLS,,,,True,True,True,True,True,False,TiSioIjKoGC/xoxsp5RSsXzUPX6jIey7dfDPqnG5SPg=,6c5f192ef36b24a8ccf4b79cc6e275bd4526e3213e183f241c22398d5ceb4d14,lhIS+WjWdu7nwVo2eeSh1fX8D+pCzpAo3q6D86Frg0w=,23a13cc4be747af21db539f0f5afd61f843b6e919c09290f57a91e1330272a8c,DHOXTDBvUHsZ/yi8wD+wUriHsUJfLXsKmLj7P4w5Lhc=,29ac3bebc7d8bf95fc566b7fd18bb82a91593b8a3a0877f87ec4350551f94d53,,,,,,,,,,,,,,,,,3c729c7ff5a586f2bffabd81872bdc4947657b5a4a135d6e656156f3bd8954f0,audit_trails/artifacts/accepted_runtime_submissions/T1_Plain_TADP_client_000_r6_6c5f192ef36b24a8__3c729c7ff5a586f2.json,,,,,,,,,,,,,ee86602148ef2e3b068491961692f8fbd4543d72075db39ebfd5c616ffe3c591,8978aa0fc2dd42295e2fa6dd9bb49fed75cd6b7da145b8d5ba3072f33e1abdce,,
132,73b7dbb9970122dc0746f9f0b6e0b140,9807b00ec9f05c0ed690f948a024469da45a3923628918d48e6175fa51233777,2026-08-22T17:41:50.140599+00:00,TADP-SEC/12.1,CLIENT_CIPHERTEXT_BINDING,T1_Plain_TADP,,,,client_000,,,,,,,,,,,,,,,,,,,,,,,,,,,,,,,,,,,,,,,,CIPHERTEXT_BOUND_TO_SIGNED_UPDATE,,,,,,,,,,,,,,,,,C1_PUBLIC,1,,,,,,,,,,,,,004742d35e8095b1207d33b5101c8e3f,,,,,,,,,,,,,,6,VERIFIED,,,,,True,,,,,False,TiSioIjKoGC/xoxsp5RSsXzUPX6jIey7dfDPqnG5SPg=,6c5f192ef36b24a8ccf4b79cc6e275bd4526e3213e183f241c22398d5ceb4d14,lhIS+WjWdu7nwVo2eeSh1fX8D+pCzpAo3q6D86Frg0w=,74336ad87b3b20f36542d1ba130f54a3b03bad517d11b56d888af8094a7e2d31,DHOXTDBvUHsZ/yi8wD+wUriHsUJfLXsKmLj7P4w5Lhc=,29ac3bebc7d8bf95fc566b7fd18bb82a91593b8a3a0877f87ec4350551f94d53,plaintext_update_no_noise,reference_python,n=|logq=|scale=|scheme=plain,plain,,,,,,,,,f62b50d3caea7cf4611c959678972abe038d2491a4a70a626fc75d5554207aa0,,31610818068db2e4c1a4ffffbd40afcbc309b1c3b44722e3542974d56d8921eb,audit_trails/artifacts/ciphertext_attestations/T1_Plain_TADP_client_000_r6_567f30b4c89722e3__31610818068db2e4.json,,,,,,,,,,,,,,,8978aa0fc2dd42295e2fa6dd9bb49fed75cd6b7da145b8d5ba3072f33e1abdce,ea4ef6f47d39a37bcf4168df403cd582d72bcce6e20a69d7d7e3915b8e4d8e1d,,
133,80115a7e957e07fd566b5763e3f83578,9807b00ec9f05c0ed690f948a024469da45a3923628918d48e6175fa51233777,2026-08-22T17:41:51.041608+00:00,TADP-SEC/12.1,CLIENT_ACCEPTED_SUBMISSION,T1_Plain_TADP,,,,client_000,,,,,,,,,,,2.3-phase1-fixed-threshold-critical-floor-review-profile,47dd2e58be138865a6d591a63329509757be6b563afb2badb96beb09eac726e5,a663ab753fcbe1179628a237bb638420356ea261176b970e3553fa59bfe7e9d6,1c154f7d4e37aa15e037310f6b45ff14a874311a582c673470a238929d8125dd,8d877b4c3b654a235066cdd49bf4c7e04e1b662c0cf44a17b54811ea50677e11,VALIDATED_EVIDENCE_BUNDLE,,,,,,,,,,,,,,,,,,,,,,,,UPDATE_SUBMITTED_ENFORCED,,False,NOT_REQUIRED_AUTOMATED_POLICY,False,,,,,,,,,,,,,C1_PUBLIC,1,,,,,,,,6f8a5214daf0d8d5188f7da84fe0931408bac9ce898d47d09d53366ef6cfe2b8,c068640bad122342de0e81050f313e88a0b5bf947d459a5df25df6b117f89be9,,,2026-08-23T17:18:04.591571+00:00,004742d35e8095b1207d33b5101c8e3f,,,,,30300ae3849b74417402ebea4f2d0b34c8295af994133e740878d4571fd8758e,df68ec0558a59a205c98f3bff8aff1b8596edc54041bf53f692c6fc64f58b08d,,,2026-08-22T18:41:45.320180+00:00,eb562985f77fc8a152d2d22d15bfd3f4695b107bdaa4c375fc5dde2be0f10805,active,,,7,ACCEPTED,ALL_BASELINE_CONTROLS,,,,True,True,True,True,True,False,gN66j17h+chT96IIdZ4Zj4roQrNEgq8iroh/HXjqO5I=,1461c26abc6f1f6f678e0effffb667c1ec2769314fb9fe3f8b1a0d38aacb2b8a,lhIS+WjWdu7nwVo2eeSh1fX8D+pCzpAo3q6D86Frg0w=,9ae63795ebcb3adf61d4240b5c9599c99758576374c9c9bf0f75607c36820129,gzcUect4W9wNqZPYPkrS9HY033D8+phQndfaO/xqGdc=,29ac3bebc7d8bf95fc566b7fd18bb82a91593b8a3a0877f87ec4350551f94d53,,,,,,,,,,,,,,,,,12a1a0a894bbcbb262bad8552378a841ae651666127710f46719b7163bc18a83,audit_trails/artifacts/accepted_runtime_submissions/T1_Plain_TADP_client_000_r7_1461c26abc6f1f6f__12a1a0a894bbcbb2.json,,,,,,,,,,,,,ea4ef6f47d39a37bcf4168df403cd582d72bcce6e20a69d7d7e3915b8e4d8e1d,80731eaa68b7430f927739cbed8b71b28967a88185efb9194e82cd032bfdb699,,
134,7060f7b3990992269b5d9a4c1f3609e1,9807b00ec9f05c0ed690f948a024469da45a3923628918d48e6175fa51233777,2026-08-22T17:41:51.055872+00:00,TADP-SEC/12.1,CLIENT_CIPHERTEXT_BINDING,T1_Plain_TADP,,,,client_000,,,,,,,,,,,,,,,,,,,,,,,,,,,,,,,,,,,,,,,,CIPHERTEXT_BOUND_TO_SIGNED_UPDATE,,,,,,,,,,,,,,,,,C1_PUBLIC,1,,,,,,,,,,,,,004742d35e8095b1207d33b5101c8e3f,,,,,,,,,,,,,,7,VERIFIED,,,,,True,,,,,False,gN66j17h+chT96IIdZ4Zj4roQrNEgq8iroh/HXjqO5I=,1461c26abc6f1f6f678e0effffb667c1ec2769314fb9fe3f8b1a0d38aacb2b8a,lhIS+WjWdu7nwVo2eeSh1fX8D+pCzpAo3q6D86Frg0w=,05d324bcba68d117eb36f204b62e58bebfd53ead243e62a6d3daa0173dc91199,gzcUect4W9wNqZPYPkrS9HY033D8+phQndfaO/xqGdc=,29ac3bebc7d8bf95fc566b7fd18bb82a91593b8a3a0877f87ec4350551f94d53,plaintext_update_no_noise,reference_python,n=|logq=|scale=|scheme=plain,plain,,,,,,,,,f62b50d3caea7cf4611c959678972abe038d2491a4a70a626fc75d5554207aa0,,90e75cd0ee4629e402f71ca5f68c4f5d8da0b7ae1e77762b70afe07f7ae74cb7,audit_trails/artifacts/ciphertext_attestations/T1_Plain_TADP_client_000_r7_4e1c5ae8634f204f__90e75cd0ee4629e4.json,,,,,,,,,,,,,,,80731eaa68b7430f927739cbed8b71b28967a88185efb9194e82cd032bfdb699,1ef4a099093dbfc7924500e456537de34c3ccd7f1c429f121b25a1521b64e5ca,,
135,a60eb92dffd26650391922a9bb184f6c,9807b00ec9f05c0ed690f948a024469da45a3923628918d48e6175fa51233777,2026-08-22T17:41:51.974196+00:00,TADP-SEC/12.1,CLIENT_ACCEPTED_SUBMISSION,T1_Plain_TADP,,,,client_000,,,,,,,,,,,2.3-phase1-fixed-threshold-critical-floor-review-profile,47dd2e58be138865a6d591a63329509757be6b563afb2badb96beb09eac726e5,a663ab753fcbe1179628a237bb638420356ea261176b970e3553fa59bfe7e9d6,1c154f7d4e37aa15e037310f6b45ff14a874311a582c673470a238929d8125dd,8d877b4c3b654a235066cdd49bf4c7e04e1b662c0cf44a17b54811ea50677e11,VALIDATED_EVIDENCE_BUNDLE,,,,,,,,,,,,,,,,,,,,,,,,UPDATE_SUBMITTED_ENFORCED,,False,NOT_REQUIRED_AUTOMATED_POLICY,False,,,,,,,,,,,,,C1_PUBLIC,1,,,,,,,,6f8a5214daf0d8d5188f7da84fe0931408bac9ce898d47d09d53366ef6cfe2b8,c068640bad122342de0e81050f313e88a0b5bf947d459a5df25df6b117f89be9,,,2026-08-23T17:18:04.591571+00:00,004742d35e8095b1207d33b5101c8e3f,,,,,30300ae3849b74417402ebea4f2d0b34c8295af994133e740878d4571fd8758e,df68ec0558a59a205c98f3bff8aff1b8596edc54041bf53f692c6fc64f58b08d,,,2026-08-22T18:41:45.320180+00:00,eb562985f77fc8a152d2d22d15bfd3f4695b107bdaa4c375fc5dde2be0f10805,active,,,8,ACCEPTED,ALL_BASELINE_CONTROLS,,,,True,True,True,True,True,False,4ABr/YdiLUBVq865j8VxzdDNEN0WbI9ZnGuPF9Acl2g=,b1d45b2955c7092e4be77ed8049bec3ad7fff8c05b7c8f528e83d5cd345261b3,lhIS+WjWdu7nwVo2eeSh1fX8D+pCzpAo3q6D86Frg0w=,97accdafb068a9dbfa12956e5293d90f665dda73abcfbf02fd987060ab01fb27,BjSeewk9izPWS45+cywpAQFby9/g8eoZ58X0WjSV+lM=,29ac3bebc7d8bf95fc566b7fd18bb82a91593b8a3a0877f87ec4350551f94d53,,,,,,,,,,,,,,,,,a6fb2ff0a1dc68fa2a282c5b22a32b1d27099013f1c9ea44f973637e63b8b5ae,audit_trails/artifacts/accepted_runtime_submissions/T1_Plain_TADP_client_000_r8_b1d45b2955c7092e__a6fb2ff0a1dc68fa.json,,,,,,,,,,,,,1ef4a099093dbfc7924500e456537de34c3ccd7f1c429f121b25a1521b64e5ca,9399c336621aa655701e8a8c9d02092cb7b46271283616556bd1d88a72823330,,
136,10e5489861c023a520d41f7ee2ce9f1c,9807b00ec9f05c0ed690f948a024469da45a3923628918d48e6175fa51233777,2026-08-22T17:41:51.988147+00:00,TADP-SEC/12.1,CLIENT_CIPHERTEXT_BINDING,T1_Plain_TADP,,,,client_000,,,,,,,,,,,,,,,,,,,,,,,,,,,,,,,,,,,,,,,,CIPHERTEXT_BOUND_TO_SIGNED_UPDATE,,,,,,,,,,,,,,,,,C1_PUBLIC,1,,,,,,,,,,,,,004742d35e8095b1207d33b5101c8e3f,,,,,,,,,,,,,,8,VERIFIED,,,,,True,,,,,False,4ABr/YdiLUBVq865j8VxzdDNEN0WbI9ZnGuPF9Acl2g=,b1d45b2955c7092e4be77ed8049bec3ad7fff8c05b7c8f528e83d5cd345261b3,lhIS+WjWdu7nwVo2eeSh1fX8D+pCzpAo3q6D86Frg0w=,e54208df10b6084bb22f24f183476696ff8f80a9ecf3de4d4e290db85e923ce0,BjSeewk9izPWS45+cywpAQFby9/g8eoZ58X0WjSV+lM=,29ac3bebc7d8bf95fc566b7fd18bb82a91593b8a3a0877f87ec4350551f94d53,plaintext_update_no_noise,reference_python,n=|logq=|scale=|scheme=plain,plain,,,,,,,,,f62b50d3caea7cf4611c959678972abe038d2491a4a70a626fc75d5554207aa0,,701037edad67589b83a89eb8f73c8f5a3f18b317c31de6be7fa3a9f103b0757b,audit_trails/artifacts/ciphertext_attestations/T1_Plain_TADP_client_000_r8_9d9c23e5b8718157__701037edad67589b.json,,,,,,,,,,,,,,,9399c336621aa655701e8a8c9d02092cb7b46271283616556bd1d88a72823330,cd5c559da26394d77406787e202bbabc6ec87b55afbfd108daccd8c7402f3b2d,,
137,99a74cfb1705710be1253a5c3793d91e,9807b00ec9f05c0ed690f948a024469da45a3923628918d48e6175fa51233777,2026-08-22T17:41:52.886870+00:00,TADP-SEC/12.1,CLIENT_ACCEPTED_SUBMISSION,T1_Plain_TADP,,,,client_000,,,,,,,,,,,2.3-phase1-fixed-threshold-critical-floor-review-profile,47dd2e58be138865a6d591a63329509757be6b563afb2badb96beb09eac726e5,a663ab753fcbe1179628a237bb638420356ea261176b970e3553fa59bfe7e9d6,1c154f7d4e37aa15e037310f6b45ff14a874311a582c673470a238929d8125dd,8d877b4c3b654a235066cdd49bf4c7e04e1b662c0cf44a17b54811ea50677e11,VALIDATED_EVIDENCE_BUNDLE,,,,,,,,,,,,,,,,,,,,,,,,UPDATE_SUBMITTED_ENFORCED,,False,NOT_REQUIRED_AUTOMATED_POLICY,False,,,,,,,,,,,,,C1_PUBLIC,1,,,,,,,,6f8a5214daf0d8d5188f7da84fe0931408bac9ce898d47d09d53366ef6cfe2b8,c068640bad122342de0e81050f313e88a0b5bf947d459a5df25df6b117f89be9,,,2026-08-23T17:18:04.591571+00:00,004742d35e8095b1207d33b5101c8e3f,,,,,30300ae3849b74417402ebea4f2d0b34c8295af994133e740878d4571fd8758e,df68ec0558a59a205c98f3bff8aff1b8596edc54041bf53f692c6fc64f58b08d,,,2026-08-22T18:41:45.320180+00:00,eb562985f77fc8a152d2d22d15bfd3f4695b107bdaa4c375fc5dde2be0f10805,active,,,9,ACCEPTED,ALL_BASELINE_CONTROLS,,,,True,True,True,True,True,False,ybZEIZx3uTHJXgp3uJ1b82le8Rlmf+OtT3Qc7zLcN6I=,d4beb5c9edc97fc583670a7ae155e6dd383638a6a10da73d7351d4ddc7bdea47,lhIS+WjWdu7nwVo2eeSh1fX8D+pCzpAo3q6D86Frg0w=,6e082f3976ae24a8fb6c90e4f3fc2356bf8dc457b3eca9090c594a05fe7eaa8f,vhXjy67yGNGswdJo3aZeAIWM5iybOcbfKH1DqT5Bkw8=,29ac3bebc7d8bf95fc566b7fd18bb82a91593b8a3a0877f87ec4350551f94d53,,,,,,,,,,,,,,,,,9e0d4e975dc526f96c8564f107ce5fec8e66c0d474f337f652a26447bea8578d,audit_trails/artifacts/accepted_runtime_submissions/T1_Plain_TADP_client_000_r9_d4beb5c9edc97fc5__9e0d4e975dc526f9.json,,,,,,,,,,,,,cd5c559da26394d77406787e202bbabc6ec87b55afbfd108daccd8c7402f3b2d,ea66204614b52f0357946b5fc25530dd20617bb46bb99263281dae060f0cf066,,
138,c5150ae133cf4be2dc73d022c9884a06,9807b00ec9f05c0ed690f948a024469da45a3923628918d48e6175fa51233777,2026-08-22T17:41:52.901074+00:00,TADP-SEC/12.1,CLIENT_CIPHERTEXT_BINDING,T1_Plain_TADP,,,,client_000,,,,,,,,,,,,,,,,,,,,,,,,,,,,,,,,,,,,,,,,CIPHERTEXT_BOUND_TO_SIGNED_UPDATE,,,,,,,,,,,,,,,,,C1_PUBLIC,1,,,,,,,,,,,,,004742d35e8095b1207d33b5101c8e3f,,,,,,,,,,,,,,9,VERIFIED,,,,,True,,,,,False,ybZEIZx3uTHJXgp3uJ1b82le8Rlmf+OtT3Qc7zLcN6I=,d4beb5c9edc97fc583670a7ae155e6dd383638a6a10da73d7351d4ddc7bdea47,lhIS+WjWdu7nwVo2eeSh1fX8D+pCzpAo3q6D86Frg0w=,eb64c7acf2987b1b5e7183f762fb548f8d2dcc170917dd9d73d5a76c2e8a67ec,vhXjy67yGNGswdJo3aZeAIWM5iybOcbfKH1DqT5Bkw8=,29ac3bebc7d8bf95fc566b7fd18bb82a91593b8a3a0877f87ec4350551f94d53,plaintext_update_no_noise,reference_python,n=|logq=|scale=|scheme=plain,plain,,,,,,,,,f62b50d3caea7cf4611c959678972abe038d2491a4a70a626fc75d5554207aa0,,ac98f18389a628a9215d2fe006d11f72fcf77570fa17a876194b9a2781105dd8,audit_trails/artifacts/ciphertext_attestations/T1_Plain_TADP_client_000_r9_e1d4e63af8770e39__ac98f18389a628a9.json,,,,,,,,,,,,,,,ea66204614b52f0357946b5fc25530dd20617bb46bb99263281dae060f0cf066,70eb228c3759c40e5f0ba1a96536ddb0fc89b5bad3215b2a65567db08c0c54eb,,
139,317466515fc53c0bb7bbd9050af5a4de,9807b00ec9f05c0ed690f948a024469da45a3923628918d48e6175fa51233777,2026-08-22T17:41:53.815425+00:00,TADP-SEC/12.1,CLIENT_ACCEPTED_SUBMISSION,T1_Plain_TADP,,,,client_000,,,,,,,,,,,2.3-phase1-fixed-threshold-critical-floor-review-profile,47dd2e58be138865a6d591a63329509757be6b563afb2badb96beb09eac726e5,a663ab753fcbe1179628a237bb638420356ea261176b970e3553fa59bfe7e9d6,1c154f7d4e37aa15e037310f6b45ff14a874311a582c673470a238929d8125dd,8d877b4c3b654a235066cdd49bf4c7e04e1b662c0cf44a17b54811ea50677e11,VALIDATED_EVIDENCE_BUNDLE,,,,,,,,,,,,,,,,,,,,,,,,UPDATE_SUBMITTED_ENFORCED,,False,NOT_REQUIRED_AUTOMATED_POLICY,False,,,,,,,,,,,,,C1_PUBLIC,1,,,,,,,,6f8a5214daf0d8d5188f7da84fe0931408bac9ce898d47d09d53366ef6cfe2b8,c068640bad122342de0e81050f313e88a0b5bf947d459a5df25df6b117f89be9,,,2026-08-23T17:18:04.591571+00:00,004742d35e8095b1207d33b5101c8e3f,,,,,30300ae3849b74417402ebea4f2d0b34c8295af994133e740878d4571fd8758e,df68ec0558a59a205c98f3bff8aff1b8596edc54041bf53f692c6fc64f58b08d,,,2026-08-22T18:41:45.320180+00:00,eb562985f77fc8a152d2d22d15bfd3f4695b107bdaa4c375fc5dde2be0f10805,active,,,10,ACCEPTED,ALL_BASELINE_CONTROLS,,,,True,True,True,True,True,False,u1p4Pc4F06Le70FQ6K1niA9M2/X6XJfWPNFN25Ee+a4=,8076ec70e42d04936a60f8a01df6eae5b19f865bd4d066f87f476c540324a1b0,lhIS+WjWdu7nwVo2eeSh1fX8D+pCzpAo3q6D86Frg0w=,606dba29500f4cd566c2ed36402618fbcd97a5d56a3eac8a1fedfa5f69a9ab6b,OzrdtrBZBtZHG4a/SYeT5BHEB6d8drUEuSz9partHcM=,29ac3bebc7d8bf95fc566b7fd18bb82a91593b8a3a0877f87ec4350551f94d53,,,,,,,,,,,,,,,,,19e978bf2cabc120eaa2b39a19ae50d265f0220d1e37132f8fe88ec1372fa8e2,audit_trails/artifacts/accepted_runtime_submissions/T1_Plain_TADP_client_000_r10_8076ec70e42d0493__19e978bf2cabc120.json,,,,,,,,,,,,,70eb228c3759c40e5f0ba1a96536ddb0fc89b5bad3215b2a65567db08c0c54eb,1a431d28a31d9cf2b813d2fcf600b8e642755acc786948a93a511db11a6afd12,,
140,03693edfe2580a71f940cefc2989e74c,9807b00ec9f05c0ed690f948a024469da45a3923628918d48e6175fa51233777,2026-08-22T17:41:53.831176+00:00,TADP-SEC/12.1,CLIENT_CIPHERTEXT_BINDING,T1_Plain_TADP,,,,client_000,,,,,,,,,,,,,,,,,,,,,,,,,,,,,,,,,,,,,,,,CIPHERTEXT_BOUND_TO_SIGNED_UPDATE,,,,,,,,,,,,,,,,,C1_PUBLIC,1,,,,,,,,,,,,,004742d35e8095b1207d33b5101c8e3f,,,,,,,,,,,,,,10,VERIFIED,,,,,True,,,,,False,u1p4Pc4F06Le70FQ6K1niA9M2/X6XJfWPNFN25Ee+a4=,8076ec70e42d04936a60f8a01df6eae5b19f865bd4d066f87f476c540324a1b0,lhIS+WjWdu7nwVo2eeSh1fX8D+pCzpAo3q6D86Frg0w=,b18b9fbc3fd707a2532145617ceba1e303299ad2c493d527b5d26558d0b2f2fe,OzrdtrBZBtZHG4a/SYeT5BHEB6d8drUEuSz9partHcM=,29ac3bebc7d8bf95fc566b7fd18bb82a91593b8a3a0877f87ec4350551f94d53,plaintext_update_no_noise,reference_python,n=|logq=|scale=|scheme=plain,plain,,,,,,,,,f62b50d3caea7cf4611c959678972abe038d2491a4a70a626fc75d5554207aa0,,acb2f407512e4c0a892ec2299a6729b6b3f7cef61be2323d20dbd5d7c1e18288,audit_trails/artifacts/ciphertext_attestations/T1_Plain_TADP_client_000_r10_64747a3938f42f0c__acb2f407512e4c0a.json,,,,,,,,,,,,,,,1a431d28a31d9cf2b813d2fcf600b8e642755acc786948a93a511db11a6afd12,5664c77173c2a4734d03b278257380d084abbdb079e13bad28e25c53dec5a598,,
141,70b20aeec57f0eeb75ebe401e1bbf961,9807b00ec9f05c0ed690f948a024469da45a3923628918d48e6175fa51233777,2026-08-22T17:41:54.837927+00:00,TADP-SEC/12.1,CLIENT_ACCEPTED_SUBMISSION,T1_Plain_TADP,,,,client_000,,,,,,,,,,,2.3-phase1-fixed-threshold-critical-floor-review-profile,47dd2e58be138865a6d591a63329509757be6b563afb2badb96beb09eac726e5,a663ab753fcbe1179628a237bb638420356ea261176b970e3553fa59bfe7e9d6,1c154f7d4e37aa15e037310f6b45ff14a874311a582c673470a238929d8125dd,8d877b4c3b654a235066cdd49bf4c7e04e1b662c0cf44a17b54811ea50677e11,VALIDATED_EVIDENCE_BUNDLE,,,,,,,,,,,,,,,,,,,,,,,,UPDATE_SUBMITTED_ENFORCED,,False,NOT_REQUIRED_AUTOMATED_POLICY,False,,,,,,,,,,,,,C1_PUBLIC,1,,,,,,,,6f8a5214daf0d8d5188f7da84fe0931408bac9ce898d47d09d53366ef6cfe2b8,c068640bad122342de0e81050f313e88a0b5bf947d459a5df25df6b117f89be9,,,2026-08-23T17:18:04.591571+00:00,004742d35e8095b1207d33b5101c8e3f,,,,,30300ae3849b74417402ebea4f2d0b34c8295af994133e740878d4571fd8758e,df68ec0558a59a205c98f3bff8aff1b8596edc54041bf53f692c6fc64f58b08d,,,2026-08-22T18:41:45.320180+00:00,eb562985f77fc8a152d2d22d15bfd3f4695b107bdaa4c375fc5dde2be0f10805,active,,,11,ACCEPTED,ALL_BASELINE_CONTROLS,,,,True,True,True,True,True,False,7F096+nbEvzFa1M2c/i01Hp8ysS+uTaBn1kB0767HHA=,e03aad303e5f88e465d31a5d8d93b791e370752dc442596803f03a4552b21b69,lhIS+WjWdu7nwVo2eeSh1fX8D+pCzpAo3q6D86Frg0w=,364b15e475890675d147055d32630ff6f937c06486f80088b83d23b4261a773f,0k+EKtiWYY+KDghlCqBNXOBGqcCMZl+irSFxGzxJ6JA=,29ac3bebc7d8bf95fc566b7fd18bb82a91593b8a3a0877f87ec4350551f94d53,,,,,,,,,,,,,,,,,63fbc06790177307246ab21ff49577e7635daed6fa75f049cfc227087d5919f1,audit_trails/artifacts/accepted_runtime_submissions/T1_Plain_TADP_client_000_r11_e03aad303e5f88e4__63fbc06790177307.json,,,,,,,,,,,,,5664c77173c2a4734d03b278257380d084abbdb079e13bad28e25c53dec5a598,e11d98a99fbd52a7789555028fbdb9442ea2621ab39efcbfe49e78f5f433be6d,,
142,d15fe0f929275e77980ce5a255f46ad5,9807b00ec9f05c0ed690f948a024469da45a3923628918d48e6175fa51233777,2026-08-22T17:41:54.858147+00:00,TADP-SEC/12.1,CLIENT_CIPHERTEXT_BINDING,T1_Plain_TADP,,,,client_000,,,,,,,,,,,,,,,,,,,,,,,,,,,,,,,,,,,,,,,,CIPHERTEXT_BOUND_TO_SIGNED_UPDATE,,,,,,,,,,,,,,,,,C1_PUBLIC,1,,,,,,,,,,,,,004742d35e8095b1207d33b5101c8e3f,,,,,,,,,,,,,,11,VERIFIED,,,,,True,,,,,False,7F096+nbEvzFa1M2c/i01Hp8ysS+uTaBn1kB0767HHA=,e03aad303e5f88e465d31a5d8d93b791e370752dc442596803f03a4552b21b69,lhIS+WjWdu7nwVo2eeSh1fX8D+pCzpAo3q6D86Frg0w=,bc5008d6e0e983a00667cad129be141f3b8a54d0655914f5d52aa5f21da7bc5e,0k+EKtiWYY+KDghlCqBNXOBGqcCMZl+irSFxGzxJ6JA=,29ac3bebc7d8bf95fc566b7fd18bb82a91593b8a3a0877f87ec4350551f94d53,plaintext_update_no_noise,reference_python,n=|logq=|scale=|scheme=plain,plain,,,,,,,,,f62b50d3caea7cf4611c959678972abe038d2491a4a70a626fc75d5554207aa0,,039b63021d32ecfa91b69fa2136c1fe5a23e094693cc1f61655a3e6120ebd857,audit_trails/artifacts/ciphertext_attestations/T1_Plain_TADP_client_000_r11_3e5dfa2b08dd6667__039b63021d32ecfa.json,,,,,,,,,,,,,,,e11d98a99fbd52a7789555028fbdb9442ea2621ab39efcbfe49e78f5f433be6d,ace8abf13ab9b860589415c37123c7058a3d4029f042766b74dfa003337307ed,,
143,3acc37c260c03114abdf2a6824d6bb87,9807b00ec9f05c0ed690f948a024469da45a3923628918d48e6175fa51233777,2026-08-22T17:41:56.081215+00:00,TADP-SEC/12.1,CLIENT_ACCEPTED_SUBMISSION,T1_Plain_TADP,,,,client_000,,,,,,,,,,,2.3-phase1-fixed-threshold-critical-floor-review-profile,47dd2e58be138865a6d591a63329509757be6b563afb2badb96beb09eac726e5,a663ab753fcbe1179628a237bb638420356ea261176b970e3553fa59bfe7e9d6,1c154f7d4e37aa15e037310f6b45ff14a874311a582c673470a238929d8125dd,8d877b4c3b654a235066cdd49bf4c7e04e1b662c0cf44a17b54811ea50677e11,VALIDATED_EVIDENCE_BUNDLE,,,,,,,,,,,,,,,,,,,,,,,,UPDATE_SUBMITTED_ENFORCED,,False,NOT_REQUIRED_AUTOMATED_POLICY,False,,,,,,,,,,,,,C1_PUBLIC,1,,,,,,,,6f8a5214daf0d8d5188f7da84fe0931408bac9ce898d47d09d53366ef6cfe2b8,c068640bad122342de0e81050f313e88a0b5bf947d459a5df25df6b117f89be9,,,2026-08-23T17:18:04.591571+00:00,004742d35e8095b1207d33b5101c8e3f,,,,,30300ae3849b74417402ebea4f2d0b34c8295af994133e740878d4571fd8758e,df68ec0558a59a205c98f3bff8aff1b8596edc54041bf53f692c6fc64f58b08d,,,2026-08-22T18:41:45.320180+00:00,eb562985f77fc8a152d2d22d15bfd3f4695b107bdaa4c375fc5dde2be0f10805,active,,,12,ACCEPTED,ALL_BASELINE_CONTROLS,,,,True,True,True,True,True,False,uJPSUwM+YtZL/P9IjwON5hoGtehkZ6fbSi+S68fQuEM=,102f17008c793b5d9cfe1b167efa216fe3711e732a47257bc3b081ce3b0f8af6,lhIS+WjWdu7nwVo2eeSh1fX8D+pCzpAo3q6D86Frg0w=,cba282b9d314e0bdf48cf5340976687d80052bb94e649ce156c8f6c23f6038ff,jHYbdnJb9qX4JbtqYwgNx144QsadAsyqYl9drMDkd7M=,29ac3bebc7d8bf95fc566b7fd18bb82a91593b8a3a0877f87ec4350551f94d53,,,,,,,,,,,,,,,,,80d08cd4d85a938a21dce0008c75a7316a805fe5711784b3b2c65a6080cec6a1,audit_trails/artifacts/accepted_runtime_submissions/T1_Plain_TADP_client_000_r12_102f17008c793b5d__80d08cd4d85a938a.json,,,,,,,,,,,,,ace8abf13ab9b860589415c37123c7058a3d4029f042766b74dfa003337307ed,0cac5d53d139d09e56bf6973b63ee6e146f490566d3da5b60aa9a8e83bce4fd8,,
144,c816c667cb4376976d42b2581b5cbbcc,9807b00ec9f05c0ed690f948a024469da45a3923628918d48e6175fa51233777,2026-08-22T17:41:56.096353+00:00,TADP-SEC/12.1,CLIENT_CIPHERTEXT_BINDING,T1_Plain_TADP,,,,client_000,,,,,,,,,,,,,,,,,,,,,,,,,,,,,,,,,,,,,,,,CIPHERTEXT_BOUND_TO_SIGNED_UPDATE,,,,,,,,,,,,,,,,,C1_PUBLIC,1,,,,,,,,,,,,,004742d35e8095b1207d33b5101c8e3f,,,,,,,,,,,,,,12,VERIFIED,,,,,True,,,,,False,uJPSUwM+YtZL/P9IjwON5hoGtehkZ6fbSi+S68fQuEM=,102f17008c793b5d9cfe1b167efa216fe3711e732a47257bc3b081ce3b0f8af6,lhIS+WjWdu7nwVo2eeSh1fX8D+pCzpAo3q6D86Frg0w=,25c5c65e3dd927e2dd07f773e33046593ce5f8e78aa88b322006d7c8267f6ca2,jHYbdnJb9qX4JbtqYwgNx144QsadAsyqYl9drMDkd7M=,29ac3bebc7d8bf95fc566b7fd18bb82a91593b8a3a0877f87ec4350551f94d53,plaintext_update_no_noise,reference_python,n=|logq=|scale=|scheme=plain,plain,,,,,,,,,f62b50d3caea7cf4611c959678972abe038d2491a4a70a626fc75d5554207aa0,,b71daed9a96adcda2b8e8f2252fbcead6e361d140a00c1e969d46a6a066eab3c,audit_trails/artifacts/ciphertext_attestations/T1_Plain_TADP_client_000_r12_b4d858cba2ac905b__b71daed9a96adcda.json,,,,,,,,,,,,,,,0cac5d53d139d09e56bf6973b63ee6e146f490566d3da5b60aa9a8e83bce4fd8,400e3277401ed28930484ecf0bae9d83858cfbcb43033f76c321bf13d0783168,,
145,4571ee049daa2ac9d1e6451bc7294c24,9807b00ec9f05c0ed690f948a024469da45a3923628918d48e6175fa51233777,2026-08-22T17:41:57.381372+00:00,TADP-SEC/12.1,CLIENT_ACCEPTED_SUBMISSION,T1_Plain_TADP,,,,client_000,,,,,,,,,,,2.3-phase1-fixed-threshold-critical-floor-review-profile,47dd2e58be138865a6d591a63329509757be6b563afb2badb96beb09eac726e5,a663ab753fcbe1179628a237bb638420356ea261176b970e3553fa59bfe7e9d6,1c154f7d4e37aa15e037310f6b45ff14a874311a582c673470a238929d8125dd,8d877b4c3b654a235066cdd49bf4c7e04e1b662c0cf44a17b54811ea50677e11,VALIDATED_EVIDENCE_BUNDLE,,,,,,,,,,,,,,,,,,,,,,,,UPDATE_SUBMITTED_ENFORCED,,False,NOT_REQUIRED_AUTOMATED_POLICY,False,,,,,,,,,,,,,C1_PUBLIC,1,,,,,,,,6f8a5214daf0d8d5188f7da84fe0931408bac9ce898d47d09d53366ef6cfe2b8,c068640bad122342de0e81050f313e88a0b5bf947d459a5df25df6b117f89be9,,,2026-08-23T17:18:04.591571+00:00,004742d35e8095b1207d33b5101c8e3f,,,,,30300ae3849b74417402ebea4f2d0b34c8295af994133e740878d4571fd8758e,df68ec0558a59a205c98f3bff8aff1b8596edc54041bf53f692c6fc64f58b08d,,,2026-08-22T18:41:45.320180+00:00,eb562985f77fc8a152d2d22d15bfd3f4695b107bdaa4c375fc5dde2be0f10805,active,,,13,ACCEPTED,ALL_BASELINE_CONTROLS,,,,True,True,True,True,True,False,JWM0qXOE7bzzHSLdWDou7gFwajK7+mtgJrxeDHXmTI0=,d3f44da3d38d201b6e649f9d621d8c48c27ba9424bb4ee85a3fc77f5f1d1137b,lhIS+WjWdu7nwVo2eeSh1fX8D+pCzpAo3q6D86Frg0w=,591142533c14c481a75005d7228d6a5b8c7be3f10895131e5b65bee9464497bb,hOvR1lnmtYGBtHS5nCS5CzEpWC4usYZExu/mXbxI5LY=,29ac3bebc7d8bf95fc566b7fd18bb82a91593b8a3a0877f87ec4350551f94d53,,,,,,,,,,,,,,,,,fcbda4f791f027260d6aaad5861f01da81026f6166d98804970d8c7e2e3b927a,audit_trails/artifacts/accepted_runtime_submissions/T1_Plain_TADP_client_000_r13_d3f44da3d38d201b__fcbda4f791f02726.json,,,,,,,,,,,,,400e3277401ed28930484ecf0bae9d83858cfbcb43033f76c321bf13d0783168,e2296a9f00343f276462515387b5b333436ef04fe82d7e2f74583b8ffa5aae20,,
146,b0c9dc6265c46296e4bb1e842201f9fe,9807b00ec9f05c0ed690f948a024469da45a3923628918d48e6175fa51233777,2026-08-22T17:41:57.404684+00:00,TADP-SEC/12.1,CLIENT_CIPHERTEXT_BINDING,T1_Plain_TADP,,,,client_000,,,,,,,,,,,,,,,,,,,,,,,,,,,,,,,,,,,,,,,,CIPHERTEXT_BOUND_TO_SIGNED_UPDATE,,,,,,,,,,,,,,,,,C1_PUBLIC,1,,,,,,,,,,,,,004742d35e8095b1207d33b5101c8e3f,,,,,,,,,,,,,,13,VERIFIED,,,,,True,,,,,False,JWM0qXOE7bzzHSLdWDou7gFwajK7+mtgJrxeDHXmTI0=,d3f44da3d38d201b6e649f9d621d8c48c27ba9424bb4ee85a3fc77f5f1d1137b,lhIS+WjWdu7nwVo2eeSh1fX8D+pCzpAo3q6D86Frg0w=,1125f627152c473173eefccee0b06842c8cce94aaffc8d67eb1040208634f067,hOvR1lnmtYGBtHS5nCS5CzEpWC4usYZExu/mXbxI5LY=,29ac3bebc7d8bf95fc566b7fd18bb82a91593b8a3a0877f87ec4350551f94d53,plaintext_update_no_noise,reference_python,n=|logq=|scale=|scheme=plain,plain,,,,,,,,,f62b50d3caea7cf4611c959678972abe038d2491a4a70a626fc75d5554207aa0,,42b52d8c83475c1ab97e0523a139fb87352062b205494638b23c07c35221c8f7,audit_trails/artifacts/ciphertext_attestations/T1_Plain_TADP_client_000_r13_e2613fad9a38127b__42b52d8c83475c1a.json,,,,,,,,,,,,,,,e2296a9f00343f276462515387b5b333436ef04fe82d7e2f74583b8ffa5aae20,0382cb92ccb8e0be99b6fea9d55e3d8cc889da3f0c85229ca0bc3021befe4858,,
147,bdf3fad82ba36b0ea76e8311e8a9a5e2,9807b00ec9f05c0ed690f948a024469da45a3923628918d48e6175fa51233777,2026-08-22T17:41:58.592616+00:00,TADP-SEC/12.1,CLIENT_ACCEPTED_SUBMISSION,T1_Plain_TADP,,,,client_000,,,,,,,,,,,2.3-phase1-fixed-threshold-critical-floor-review-profile,47dd2e58be138865a6d591a63329509757be6b563afb2badb96beb09eac726e5,a663ab753fcbe1179628a237bb638420356ea261176b970e3553fa59bfe7e9d6,1c154f7d4e37aa15e037310f6b45ff14a874311a582c673470a238929d8125dd,8d877b4c3b654a235066cdd49bf4c7e04e1b662c0cf44a17b54811ea50677e11,VALIDATED_EVIDENCE_BUNDLE,,,,,,,,,,,,,,,,,,,,,,,,UPDATE_SUBMITTED_ENFORCED,,False,NOT_REQUIRED_AUTOMATED_POLICY,False,,,,,,,,,,,,,C1_PUBLIC,1,,,,,,,,6f8a5214daf0d8d5188f7da84fe0931408bac9ce898d47d09d53366ef6cfe2b8,c068640bad122342de0e81050f313e88a0b5bf947d459a5df25df6b117f89be9,,,2026-08-23T17:18:04.591571+00:00,004742d35e8095b1207d33b5101c8e3f,,,,,30300ae3849b74417402ebea4f2d0b34c8295af994133e740878d4571fd8758e,df68ec0558a59a205c98f3bff8aff1b8596edc54041bf53f692c6fc64f58b08d,,,2026-08-22T18:41:45.320180+00:00,eb562985f77fc8a152d2d22d15bfd3f4695b107bdaa4c375fc5dde2be0f10805,active,,,14,ACCEPTED,ALL_BASELINE_CONTROLS,,,,True,True,True,True,True,False,/UU9mMlYU5t+OlfTGia6ABsUmNkhEcgesSaAihdGv6U=,8a1644690a6a3659e902f880d21b8653cfbc954cc5efd4468e4ac3dad18e5ce6,lhIS+WjWdu7nwVo2eeSh1fX8D+pCzpAo3q6D86Frg0w=,fead1dd8c22af69fb2a2caf75c2b5da872d0994ac762d39055b809d574f500f6,+hlOaNoYajBCYUCCqbSlWh/5iKhsX5bhdI7jzwQSFGQ=,29ac3bebc7d8bf95fc566b7fd18bb82a91593b8a3a0877f87ec4350551f94d53,,,,,,,,,,,,,,,,,cc11eea67965609f01c2ba8161c041232cf7fe0a446f9fe4e0358ff64f1549d9,audit_trails/artifacts/accepted_runtime_submissions/T1_Plain_TADP_client_000_r14_8a1644690a6a3659__cc11eea67965609f.json,,,,,,,,,,,,,0382cb92ccb8e0be99b6fea9d55e3d8cc889da3f0c85229ca0bc3021befe4858,8bbd26526dc38db051298f988e8111deeb5ea6b30b9b104efc49c665c4c3e9e7,,
148,216671fe4e95b1fcd289666ffa0d7419,9807b00ec9f05c0ed690f948a024469da45a3923628918d48e6175fa51233777,2026-08-22T17:41:58.609037+00:00,TADP-SEC/12.1,CLIENT_CIPHERTEXT_BINDING,T1_Plain_TADP,,,,client_000,,,,,,,,,,,,,,,,,,,,,,,,,,,,,,,,,,,,,,,,CIPHERTEXT_BOUND_TO_SIGNED_UPDATE,,,,,,,,,,,,,,,,,C1_PUBLIC,1,,,,,,,,,,,,,004742d35e8095b1207d33b5101c8e3f,,,,,,,,,,,,,,14,VERIFIED,,,,,True,,,,,False,/UU9mMlYU5t+OlfTGia6ABsUmNkhEcgesSaAihdGv6U=,8a1644690a6a3659e902f880d21b8653cfbc954cc5efd4468e4ac3dad18e5ce6,lhIS+WjWdu7nwVo2eeSh1fX8D+pCzpAo3q6D86Frg0w=,642b47ed7655fb2bac871adc3ceac127c89f1ec5c499e518fcefc1ab7e2c65e8,+hlOaNoYajBCYUCCqbSlWh/5iKhsX5bhdI7jzwQSFGQ=,29ac3bebc7d8bf95fc566b7fd18bb82a91593b8a3a0877f87ec4350551f94d53,plaintext_update_no_noise,reference_python,n=|logq=|scale=|scheme=plain,plain,,,,,,,,,f62b50d3caea7cf4611c959678972abe038d2491a4a70a626fc75d5554207aa0,,fbd1c82297e85e2afac1a1bb7255bc16e51c881dfddb10f0a9b1af6388c6a0c8,audit_trails/artifacts/ciphertext_attestations/T1_Plain_TADP_client_000_r14_1d7ea59e0f60f0d8__fbd1c82297e85e2a.json,,,,,,,,,,,,,,,8bbd26526dc38db051298f988e8111deeb5ea6b30b9b104efc49c665c4c3e9e7,b1265853d50f1465a0c33af379be6a042a4d3aa7fb3cd15db2df874d6cc0de3f,,
149,5c1556b806616c81ef6310085de4b486,9807b00ec9f05c0ed690f948a024469da45a3923628918d48e6175fa51233777,2026-08-22T17:41:59.557527+00:00,TADP-SEC/12.1,CLIENT_ACCEPTED_SUBMISSION,T1_Plain_TADP,,,,client_000,,,,,,,,,,,2.3-phase1-fixed-threshold-critical-floor-review-profile,47dd2e58be138865a6d591a63329509757be6b563afb2badb96beb09eac726e5,a663ab753fcbe1179628a237bb638420356ea261176b970e3553fa59bfe7e9d6,1c154f7d4e37aa15e037310f6b45ff14a874311a582c673470a238929d8125dd,8d877b4c3b654a235066cdd49bf4c7e04e1b662c0cf44a17b54811ea50677e11,VALIDATED_EVIDENCE_BUNDLE,,,,,,,,,,,,,,,,,,,,,,,,UPDATE_SUBMITTED_ENFORCED,,False,NOT_REQUIRED_AUTOMATED_POLICY,False,,,,,,,,,,,,,C1_PUBLIC,1,,,,,,,,6f8a5214daf0d8d5188f7da84fe0931408bac9ce898d47d09d53366ef6cfe2b8,c068640bad122342de0e81050f313e88a0b5bf947d459a5df25df6b117f89be9,,,2026-08-23T17:18:04.591571+00:00,004742d35e8095b1207d33b5101c8e3f,,,,,30300ae3849b74417402ebea4f2d0b34c8295af994133e740878d4571fd8758e,df68ec0558a59a205c98f3bff8aff1b8596edc54041bf53f692c6fc64f58b08d,,,2026-08-22T18:41:45.320180+00:00,eb562985f77fc8a152d2d22d15bfd3f4695b107bdaa4c375fc5dde2be0f10805,active,,,15,ACCEPTED,ALL_BASELINE_CONTROLS,,,,True,True,True,True,True,False,3iLIfmdieyWd7D61Fj350OO7WV5jbIw+Xqogbyv5VdE=,9f826cc2f26b9fa7a14abcec9a735edbeca71a0f2020c7f70916e9b1f8a27d65,lhIS+WjWdu7nwVo2eeSh1fX8D+pCzpAo3q6D86Frg0w=,7d1aef9804a0bd127f9f32d8c01edd41116b5050ea267532dce8aeb404f6199a,6ONHDNwHiJlAgjmZU2Hw+Ho+JP7drqshyEMc3YkcF0U=,29ac3bebc7d8bf95fc566b7fd18bb82a91593b8a3a0877f87ec4350551f94d53,,,,,,,,,,,,,,,,,da614c1de299f0558650d9900ae0b811ca4ef3a03401e1751e4074edf4be2888,audit_trails/artifacts/accepted_runtime_submissions/T1_Plain_TADP_client_000_r15_9f826cc2f26b9fa7__da614c1de299f055.json,,,,,,,,,,,,,b1265853d50f1465a0c33af379be6a042a4d3aa7fb3cd15db2df874d6cc0de3f,2c3852ef751ed9b722cc7a53096497481ae7650d280909010be69bdd3491f5f1,,
150,bdeaee93273cace26727302cb044b493,9807b00ec9f05c0ed690f948a024469da45a3923628918d48e6175fa51233777,2026-08-22T17:41:59.573146+00:00,TADP-SEC/12.1,CLIENT_CIPHERTEXT_BINDING,T1_Plain_TADP,,,,client_000,,,,,,,,,,,,,,,,,,,,,,,,,,,,,,,,,,,,,,,,CIPHERTEXT_BOUND_TO_SIGNED_UPDATE,,,,,,,,,,,,,,,,,C1_PUBLIC,1,,,,,,,,,,,,,004742d35e8095b1207d33b5101c8e3f,,,,,,,,,,,,,,15,VERIFIED,,,,,True,,,,,False,3iLIfmdieyWd7D61Fj350OO7WV5jbIw+Xqogbyv5VdE=,9f826cc2f26b9fa7a14abcec9a735edbeca71a0f2020c7f70916e9b1f8a27d65,lhIS+WjWdu7nwVo2eeSh1fX8D+pCzpAo3q6D86Frg0w=,4672f422def48255470772a1b8cd9f08266bced107897b42808eca42f81a46a5,6ONHDNwHiJlAgjmZU2Hw+Ho+JP7drqshyEMc3YkcF0U=,29ac3bebc7d8bf95fc566b7fd18bb82a91593b8a3a0877f87ec4350551f94d53,plaintext_update_no_noise,reference_python,n=|logq=|scale=|scheme=plain,plain,,,,,,,,,f62b50d3caea7cf4611c959678972abe038d2491a4a70a626fc75d5554207aa0,,9c14add6369695285a2f54cc6c4674ed3afc26ef75284ed4c3d14838e1369af9,audit_trails/artifacts/ciphertext_attestations/T1_Plain_TADP_client_000_r15_ea67b3f4f763728c__9c14add636969528.json,,,,,,,,,,,,,,,2c3852ef751ed9b722cc7a53096497481ae7650d280909010be69bdd3491f5f1,0ebf023edaab7f82b6e3c221b189e16387f390f4b5c95fc84b57028b39d89c31,,
151,be80e8dec5c5423da952e678bac884bf,9807b00ec9f05c0ed690f948a024469da45a3923628918d48e6175fa51233777,2026-08-22T17:42:00.530438+00:00,TADP-SEC/12.1,CLIENT_ACCEPTED_SUBMISSION,T1_Plain_TADP,,,,client_000,,,,,,,,,,,2.3-phase1-fixed-threshold-critical-floor-review-profile,47dd2e58be138865a6d591a63329509757be6b563afb2badb96beb09eac726e5,a663ab753fcbe1179628a237bb638420356ea261176b970e3553fa59bfe7e9d6,1c154f7d4e37aa15e037310f6b45ff14a874311a582c673470a238929d8125dd,8d877b4c3b654a235066cdd49bf4c7e04e1b662c0cf44a17b54811ea50677e11,VALIDATED_EVIDENCE_BUNDLE,,,,,,,,,,,,,,,,,,,,,,,,UPDATE_SUBMITTED_ENFORCED,,False,NOT_REQUIRED_AUTOMATED_POLICY,False,,,,,,,,,,,,,C1_PUBLIC,1,,,,,,,,6f8a5214daf0d8d5188f7da84fe0931408bac9ce898d47d09d53366ef6cfe2b8,c068640bad122342de0e81050f313e88a0b5bf947d459a5df25df6b117f89be9,,,2026-08-23T17:18:04.591571+00:00,004742d35e8095b1207d33b5101c8e3f,,,,,30300ae3849b74417402ebea4f2d0b34c8295af994133e740878d4571fd8758e,df68ec0558a59a205c98f3bff8aff1b8596edc54041bf53f692c6fc64f58b08d,,,2026-08-22T18:41:45.320180+00:00,eb562985f77fc8a152d2d22d15bfd3f4695b107bdaa4c375fc5dde2be0f10805,active,,,16,ACCEPTED,ALL_BASELINE_CONTROLS,,,,True,True,True,True,True,False,+k9/1KSTPXg8B0LWUVUXtHc6vHSV93++IUE4+cOov6o=,f3dcb78e1859f04e7096a499af09a733d3db8e03db2f00e34576202a19d658ab,lhIS+WjWdu7nwVo2eeSh1fX8D+pCzpAo3q6D86Frg0w=,baddef1c24d41abced323c7b7b55e9a5fcf715f6102679c87608fc18f7b4827c,Xck6mh58tSsc9HI2Hfmkc53VEYQUvvjdlkBGNmoN8KE=,29ac3bebc7d8bf95fc566b7fd18bb82a91593b8a3a0877f87ec4350551f94d53,,,,,,,,,,,,,,,,,2834f84e67800250380494b6062ce95c7f6adab5d40a26d1f4675d21d3e648a5,audit_trails/artifacts/accepted_runtime_submissions/T1_Plain_TADP_client_000_r16_f3dcb78e1859f04e__2834f84e67800250.json,,,,,,,,,,,,,0ebf023edaab7f82b6e3c221b189e16387f390f4b5c95fc84b57028b39d89c31,c63bff7d03e306c870899425f7ae8d7b334435f4d92ce7d4d4061d66ec807205,,
152,183dacea45b4090d33261b37ccc9e5f4,9807b00ec9f05c0ed690f948a024469da45a3923628918d48e6175fa51233777,2026-08-22T17:42:00.544985+00:00,TADP-SEC/12.1,CLIENT_CIPHERTEXT_BINDING,T1_Plain_TADP,,,,client_000,,,,,,,,,,,,,,,,,,,,,,,,,,,,,,,,,,,,,,,,CIPHERTEXT_BOUND_TO_SIGNED_UPDATE,,,,,,,,,,,,,,,,,C1_PUBLIC,1,,,,,,,,,,,,,004742d35e8095b1207d33b5101c8e3f,,,,,,,,,,,,,,16,VERIFIED,,,,,True,,,,,False,+k9/1KSTPXg8B0LWUVUXtHc6vHSV93++IUE4+cOov6o=,f3dcb78e1859f04e7096a499af09a733d3db8e03db2f00e34576202a19d658ab,lhIS+WjWdu7nwVo2eeSh1fX8D+pCzpAo3q6D86Frg0w=,11df4f8f84b3193e04ba197c7c9c61d8a2c6eb91fb5f5a83abfdc5a00a3b409f,Xck6mh58tSsc9HI2Hfmkc53VEYQUvvjdlkBGNmoN8KE=,29ac3bebc7d8bf95fc566b7fd18bb82a91593b8a3a0877f87ec4350551f94d53,plaintext_update_no_noise,reference_python,n=|logq=|scale=|scheme=plain,plain,,,,,,,,,f62b50d3caea7cf4611c959678972abe038d2491a4a70a626fc75d5554207aa0,,59199f42384d2a5dc11ab975a1d7436fb9e463ada9691dd097f31f4ac26c0d6c,audit_trails/artifacts/ciphertext_attestations/T1_Plain_TADP_client_000_r16_bc39befbeb6f42a2__59199f42384d2a5d.json,,,,,,,,,,,,,,,c63bff7d03e306c870899425f7ae8d7b334435f4d92ce7d4d4061d66ec807205,055f8912c41ec506bf022942a4e83c5fc418fdaa5c32f8c7e3d14ff7660213ca,,
153,d5d406810f841f8d090bf1eb0dc8b416,9807b00ec9f05c0ed690f948a024469da45a3923628918d48e6175fa51233777,2026-08-22T17:42:01.488793+00:00,TADP-SEC/12.1,CLIENT_ACCEPTED_SUBMISSION,T1_Plain_TADP,,,,client_000,,,,,,,,,,,2.3-phase1-fixed-threshold-critical-floor-review-profile,47dd2e58be138865a6d591a63329509757be6b563afb2badb96beb09eac726e5,a663ab753fcbe1179628a237bb638420356ea261176b970e3553fa59bfe7e9d6,1c154f7d4e37aa15e037310f6b45ff14a874311a582c673470a238929d8125dd,8d877b4c3b654a235066cdd49bf4c7e04e1b662c0cf44a17b54811ea50677e11,VALIDATED_EVIDENCE_BUNDLE,,,,,,,,,,,,,,,,,,,,,,,,UPDATE_SUBMITTED_ENFORCED,,False,NOT_REQUIRED_AUTOMATED_POLICY,False,,,,,,,,,,,,,C1_PUBLIC,1,,,,,,,,6f8a5214daf0d8d5188f7da84fe0931408bac9ce898d47d09d53366ef6cfe2b8,c068640bad122342de0e81050f313e88a0b5bf947d459a5df25df6b117f89be9,,,2026-08-23T17:18:04.591571+00:00,004742d35e8095b1207d33b5101c8e3f,,,,,30300ae3849b74417402ebea4f2d0b34c8295af994133e740878d4571fd8758e,df68ec0558a59a205c98f3bff8aff1b8596edc54041bf53f692c6fc64f58b08d,,,2026-08-22T18:41:45.320180+00:00,eb562985f77fc8a152d2d22d15bfd3f4695b107bdaa4c375fc5dde2be0f10805,active,,,17,ACCEPTED,ALL_BASELINE_CONTROLS,,,,True,True,True,True,True,False,PrXshjH+LwiK17g8cOa+OBBmRO5Z+JDm6OERBHpoc9c=,4fb63b4dd07d72e20fb2eeab2b0aedc33e87f2e05ccfc85d18bd04d93844ad39,lhIS+WjWdu7nwVo2eeSh1fX8D+pCzpAo3q6D86Frg0w=,d8a18dd27d1c12ca2ac40f7701b71c2d1040b8d08e103c94d27701609e890ec8,gO7LUOGl1iezN5KtXNHWyZ6QNycznPySiSS45tZIGOE=,29ac3bebc7d8bf95fc566b7fd18bb82a91593b8a3a0877f87ec4350551f94d53,,,,,,,,,,,,,,,,,0a447321e182903153d36cd078a9fb16776d2442c886d1dc7e249c3059f182a3,audit_trails/artifacts/accepted_runtime_submissions/T1_Plain_TADP_client_000_r17_4fb63b4dd07d72e2__0a447321e1829031.json,,,,,,,,,,,,,055f8912c41ec506bf022942a4e83c5fc418fdaa5c32f8c7e3d14ff7660213ca,908fac1a1f48b43394fd84d4e15e9e54c31407db1711d59ce5231f78e1334f6c,,
154,a4c13d773492ea3c562c927169df1773,9807b00ec9f05c0ed690f948a024469da45a3923628918d48e6175fa51233777,2026-08-22T17:42:01.504776+00:00,TADP-SEC/12.1,CLIENT_CIPHERTEXT_BINDING,T1_Plain_TADP,,,,client_000,,,,,,,,,,,,,,,,,,,,,,,,,,,,,,,,,,,,,,,,CIPHERTEXT_BOUND_TO_SIGNED_UPDATE,,,,,,,,,,,,,,,,,C1_PUBLIC,1,,,,,,,,,,,,,004742d35e8095b1207d33b5101c8e3f,,,,,,,,,,,,,,17,VERIFIED,,,,,True,,,,,False,PrXshjH+LwiK17g8cOa+OBBmRO5Z+JDm6OERBHpoc9c=,4fb63b4dd07d72e20fb2eeab2b0aedc33e87f2e05ccfc85d18bd04d93844ad39,lhIS+WjWdu7nwVo2eeSh1fX8D+pCzpAo3q6D86Frg0w=,6dfc5098a9dd1097954a3a53bbd8a7e37666d25b0b4495e530055287deacab9c,gO7LUOGl1iezN5KtXNHWyZ6QNycznPySiSS45tZIGOE=,29ac3bebc7d8bf95fc566b7fd18bb82a91593b8a3a0877f87ec4350551f94d53,plaintext_update_no_noise,reference_python,n=|logq=|scale=|scheme=plain,plain,,,,,,,,,f62b50d3caea7cf4611c959678972abe038d2491a4a70a626fc75d5554207aa0,,b2a5256e14a2e9d224991960cca4c32a155a4be31e68b113470972d807cec502,audit_trails/artifacts/ciphertext_attestations/T1_Plain_TADP_client_000_r17_6f86c9172205c11b__b2a5256e14a2e9d2.json,,,,,,,,,,,,,,,908fac1a1f48b43394fd84d4e15e9e54c31407db1711d59ce5231f78e1334f6c,2c62e18371c1838fd93444cb1bbfb71d4fcc86fb78b459ea26faea4b6f033a29,,
155,25dfc9e5212433bc69ca8049ae78f747,9807b00ec9f05c0ed690f948a024469da45a3923628918d48e6175fa51233777,2026-08-22T17:42:02.468622+00:00,TADP-SEC/12.1,CLIENT_ACCEPTED_SUBMISSION,T1_Plain_TADP,,,,client_000,,,,,,,,,,,2.3-phase1-fixed-threshold-critical-floor-review-profile,47dd2e58be138865a6d591a63329509757be6b563afb2badb96beb09eac726e5,a663ab753fcbe1179628a237bb638420356ea261176b970e3553fa59bfe7e9d6,1c154f7d4e37aa15e037310f6b45ff14a874311a582c673470a238929d8125dd,8d877b4c3b654a235066cdd49bf4c7e04e1b662c0cf44a17b54811ea50677e11,VALIDATED_EVIDENCE_BUNDLE,,,,,,,,,,,,,,,,,,,,,,,,UPDATE_SUBMITTED_ENFORCED,,False,NOT_REQUIRED_AUTOMATED_POLICY,False,,,,,,,,,,,,,C1_PUBLIC,1,,,,,,,,6f8a5214daf0d8d5188f7da84fe0931408bac9ce898d47d09d53366ef6cfe2b8,c068640bad122342de0e81050f313e88a0b5bf947d459a5df25df6b117f89be9,,,2026-08-23T17:18:04.591571+00:00,004742d35e8095b1207d33b5101c8e3f,,,,,30300ae3849b74417402ebea4f2d0b34c8295af994133e740878d4571fd8758e,df68ec0558a59a205c98f3bff8aff1b8596edc54041bf53f692c6fc64f58b08d,,,2026-08-22T18:41:45.320180+00:00,eb562985f77fc8a152d2d22d15bfd3f4695b107bdaa4c375fc5dde2be0f10805,active,,,18,ACCEPTED,ALL_BASELINE_CONTROLS,,,,True,True,True,True,True,False,4pceNp+UY9aHM9bOJenlRYvAWKbKOHACoKFf4WDDoPg=,c63b6fee1fe2e945a503f583d88edb232c1ecdd423038a2049d818fd4923a504,lhIS+WjWdu7nwVo2eeSh1fX8D+pCzpAo3q6D86Frg0w=,e59626dbcefd6ed13b21a71bb96fe4490a19db69077ff8c12395afb8ae52816b,khPiRNvm0La+PAfwkjOXPNQlIJokHux0KQdBPaqlZ80=,29ac3bebc7d8bf95fc566b7fd18bb82a91593b8a3a0877f87ec4350551f94d53,,,,,,,,,,,,,,,,,436d5b5c54baf5e891bd923bdacbf6df66ec75726f36316a5148d0dfb9a80e43,audit_trails/artifacts/accepted_runtime_submissions/T1_Plain_TADP_client_000_r18_c63b6fee1fe2e945__436d5b5c54baf5e8.json,,,,,,,,,,,,,2c62e18371c1838fd93444cb1bbfb71d4fcc86fb78b459ea26faea4b6f033a29,7074255584b76ceebd1ebfb5b8153dcc261aa3d2c6b6ebc29b93ee2e66a73b4c,,
156,9db6851313d267b2b9d533b16bb70cea,9807b00ec9f05c0ed690f948a024469da45a3923628918d48e6175fa51233777,2026-08-22T17:42:02.484502+00:00,TADP-SEC/12.1,CLIENT_CIPHERTEXT_BINDING,T1_Plain_TADP,,,,client_000,,,,,,,,,,,,,,,,,,,,,,,,,,,,,,,,,,,,,,,,CIPHERTEXT_BOUND_TO_SIGNED_UPDATE,,,,,,,,,,,,,,,,,C1_PUBLIC,1,,,,,,,,,,,,,004742d35e8095b1207d33b5101c8e3f,,,,,,,,,,,,,,18,VERIFIED,,,,,True,,,,,False,4pceNp+UY9aHM9bOJenlRYvAWKbKOHACoKFf4WDDoPg=,c63b6fee1fe2e945a503f583d88edb232c1ecdd423038a2049d818fd4923a504,lhIS+WjWdu7nwVo2eeSh1fX8D+pCzpAo3q6D86Frg0w=,367535af82c0c22438f705d5d7525cc0dde64980836ec213b9da335d55fc1245,khPiRNvm0La+PAfwkjOXPNQlIJokHux0KQdBPaqlZ80=,29ac3bebc7d8bf95fc566b7fd18bb82a91593b8a3a0877f87ec4350551f94d53,plaintext_update_no_noise,reference_python,n=|logq=|scale=|scheme=plain,plain,,,,,,,,,f62b50d3caea7cf4611c959678972abe038d2491a4a70a626fc75d5554207aa0,,b790b8c2c3013a6159a92cf230eaa89a434a1e964cee407570db0f811e5c6240,audit_trails/artifacts/ciphertext_attestations/T1_Plain_TADP_client_000_r18_ec63f2df0f074c14__b790b8c2c3013a61.json,,,,,,,,,,,,,,,7074255584b76ceebd1ebfb5b8153dcc261aa3d2c6b6ebc29b93ee2e66a73b4c,dcd144d00943bf33641c66a63a28e20d5aaf5b191192f5f94a56777f5a7ed561,,
157,ea4a7e3abce4677985020a92da4ab8ee,9807b00ec9f05c0ed690f948a024469da45a3923628918d48e6175fa51233777,2026-08-22T17:42:03.427092+00:00,TADP-SEC/12.1,CLIENT_ACCEPTED_SUBMISSION,T1_Plain_TADP,,,,client_000,,,,,,,,,,,2.3-phase1-fixed-threshold-critical-floor-review-profile,47dd2e58be138865a6d591a63329509757be6b563afb2badb96beb09eac726e5,a663ab753fcbe1179628a237bb638420356ea261176b970e3553fa59bfe7e9d6,1c154f7d4e37aa15e037310f6b45ff14a874311a582c673470a238929d8125dd,8d877b4c3b654a235066cdd49bf4c7e04e1b662c0cf44a17b54811ea50677e11,VALIDATED_EVIDENCE_BUNDLE,,,,,,,,,,,,,,,,,,,,,,,,UPDATE_SUBMITTED_ENFORCED,,False,NOT_REQUIRED_AUTOMATED_POLICY,False,,,,,,,,,,,,,C1_PUBLIC,1,,,,,,,,6f8a5214daf0d8d5188f7da84fe0931408bac9ce898d47d09d53366ef6cfe2b8,c068640bad122342de0e81050f313e88a0b5bf947d459a5df25df6b117f89be9,,,2026-08-23T17:18:04.591571+00:00,004742d35e8095b1207d33b5101c8e3f,,,,,30300ae3849b74417402ebea4f2d0b34c8295af994133e740878d4571fd8758e,df68ec0558a59a205c98f3bff8aff1b8596edc54041bf53f692c6fc64f58b08d,,,2026-08-22T18:41:45.320180+00:00,eb562985f77fc8a152d2d22d15bfd3f4695b107bdaa4c375fc5dde2be0f10805,active,,,19,ACCEPTED,ALL_BASELINE_CONTROLS,,,,True,True,True,True,True,False,Gm9F2sGLikWauNg396R9o0h60+ZGoceLoXisEODOFB4=,01d00bf0632d9d0e63a7cabd7f013997c437fb6356237f52e4890c8f5b3cb4da,lhIS+WjWdu7nwVo2eeSh1fX8D+pCzpAo3q6D86Frg0w=,1382e20b4cdc7c778019ab50b4ec1b4f70516a92a2b222c4d284a845a19c7cf1,EquXDaLGhWepyiamqrFXgQFY+JExdLMLddnZo/0RtyE=,29ac3bebc7d8bf95fc566b7fd18bb82a91593b8a3a0877f87ec4350551f94d53,,,,,,,,,,,,,,,,,1bfb70781e07cd684f5f0d52f502e81973688f951c90c1cee5dc63eac522ec75,audit_trails/artifacts/accepted_runtime_submissions/T1_Plain_TADP_client_000_r19_01d00bf0632d9d0e__1bfb70781e07cd68.json,,,,,,,,,,,,,dcd144d00943bf33641c66a63a28e20d5aaf5b191192f5f94a56777f5a7ed561,331a1397ce4a5201b4a11af6220af3a474d9695246e80a0671358df97c70f36b,,
158,ee01663234d025274e3ca41b14cb9299,9807b00ec9f05c0ed690f948a024469da45a3923628918d48e6175fa51233777,2026-08-22T17:42:03.442561+00:00,TADP-SEC/12.1,CLIENT_CIPHERTEXT_BINDING,T1_Plain_TADP,,,,client_000,,,,,,,,,,,,,,,,,,,,,,,,,,,,,,,,,,,,,,,,CIPHERTEXT_BOUND_TO_SIGNED_UPDATE,,,,,,,,,,,,,,,,,C1_PUBLIC,1,,,,,,,,,,,,,004742d35e8095b1207d33b5101c8e3f,,,,,,,,,,,,,,19,VERIFIED,,,,,True,,,,,False,Gm9F2sGLikWauNg396R9o0h60+ZGoceLoXisEODOFB4=,01d00bf0632d9d0e63a7cabd7f013997c437fb6356237f52e4890c8f5b3cb4da,lhIS+WjWdu7nwVo2eeSh1fX8D+pCzpAo3q6D86Frg0w=,7ff620ce78976a852fa3693a8412f833cc02f1f145ece552c91c14a98282b09f,EquXDaLGhWepyiamqrFXgQFY+JExdLMLddnZo/0RtyE=,29ac3bebc7d8bf95fc566b7fd18bb82a91593b8a3a0877f87ec4350551f94d53,plaintext_update_no_noise,reference_python,n=|logq=|scale=|scheme=plain,plain,,,,,,,,,f62b50d3caea7cf4611c959678972abe038d2491a4a70a626fc75d5554207aa0,,df7b1e2564fab167d20168ddfef161bd969730af95a562fa474ca0bd9de1f540,audit_trails/artifacts/ciphertext_attestations/T1_Plain_TADP_client_000_r19_78d0978cf3410a59__df7b1e2564fab167.json,,,,,,,,,,,,,,,331a1397ce4a5201b4a11af6220af3a474d9695246e80a0671358df97c70f36b,b8f0d50c162a4c553a87c1d1296071ebdf0d1288b2ec1bae49c0bcce084ef272,,
159,45bbc913df9783acceb1e1fcb2ae3a15,9807b00ec9f05c0ed690f948a024469da45a3923628918d48e6175fa51233777,2026-08-22T17:42:04.390035+00:00,TADP-SEC/12.1,CLIENT_ACCEPTED_SUBMISSION,T1_Plain_TADP,,,,client_000,,,,,,,,,,,2.3-phase1-fixed-threshold-critical-floor-review-profile,47dd2e58be138865a6d591a63329509757be6b563afb2badb96beb09eac726e5,a663ab753fcbe1179628a237bb638420356ea261176b970e3553fa59bfe7e9d6,1c154f7d4e37aa15e037310f6b45ff14a874311a582c673470a238929d8125dd,8d877b4c3b654a235066cdd49bf4c7e04e1b662c0cf44a17b54811ea50677e11,VALIDATED_EVIDENCE_BUNDLE,,,,,,,,,,,,,,,,,,,,,,,,UPDATE_SUBMITTED_ENFORCED,,False,NOT_REQUIRED_AUTOMATED_POLICY,False,,,,,,,,,,,,,C1_PUBLIC,1,,,,,,,,6f8a5214daf0d8d5188f7da84fe0931408bac9ce898d47d09d53366ef6cfe2b8,c068640bad122342de0e81050f313e88a0b5bf947d459a5df25df6b117f89be9,,,2026-08-23T17:18:04.591571+00:00,004742d35e8095b1207d33b5101c8e3f,,,,,30300ae3849b74417402ebea4f2d0b34c8295af994133e740878d4571fd8758e,df68ec0558a59a205c98f3bff8aff1b8596edc54041bf53f692c6fc64f58b08d,,,2026-08-22T18:41:45.320180+00:00,eb562985f77fc8a152d2d22d15bfd3f4695b107bdaa4c375fc5dde2be0f10805,active,,,20,ACCEPTED,ALL_BASELINE_CONTROLS,,,,True,True,True,True,True,False,3IRg/n776dnpkazz8aeHtuBJ51CB6J/FygfooSH1AaI=,cf9861cd63184d02d4fa679c3be55678d59e0893ba0f8a493f437d9ed8b9a0f1,lhIS+WjWdu7nwVo2eeSh1fX8D+pCzpAo3q6D86Frg0w=,11d8261234dc985e62e28bf1d5f2e7b98eec9cd37119db0d059ca7c4675ccf81,ndZR+LpatjSYLGz7n5rPOS0jgkHOQS4rEX/qlSgmK6k=,29ac3bebc7d8bf95fc566b7fd18bb82a91593b8a3a0877f87ec4350551f94d53,,,,,,,,,,,,,,,,,a89b33a748f56e8b11e79249b67cc76adef610caf25d0fe206af0ede61ab5a2a,audit_trails/artifacts/accepted_runtime_submissions/T1_Plain_TADP_client_000_r20_cf9861cd63184d02__a89b33a748f56e8b.json,,,,,,,,,,,,,b8f0d50c162a4c553a87c1d1296071ebdf0d1288b2ec1bae49c0bcce084ef272,687fa2ce7a8d34bdafacd2bb35bf76628420b5f70dfb7ac7c2fd84ed0d5faf43,,
160,b4e93187d73f5f39812a69d520e53ca5,9807b00ec9f05c0ed690f948a024469da45a3923628918d48e6175fa51233777,2026-08-22T17:42:04.403432+00:00,TADP-SEC/12.1,CLIENT_CIPHERTEXT_BINDING,T1_Plain_TADP,,,,client_000,,,,,,,,,,,,,,,,,,,,,,,,,,,,,,,,,,,,,,,,CIPHERTEXT_BOUND_TO_SIGNED_UPDATE,,,,,,,,,,,,,,,,,C1_PUBLIC,1,,,,,,,,,,,,,004742d35e8095b1207d33b5101c8e3f,,,,,,,,,,,,,,20,VERIFIED,,,,,True,,,,,False,3IRg/n776dnpkazz8aeHtuBJ51CB6J/FygfooSH1AaI=,cf9861cd63184d02d4fa679c3be55678d59e0893ba0f8a493f437d9ed8b9a0f1,lhIS+WjWdu7nwVo2eeSh1fX8D+pCzpAo3q6D86Frg0w=,92236d47c58b48247f82881d2438de6a5f69abd9de1d4bd3c2c08b4411904a16,ndZR+LpatjSYLGz7n5rPOS0jgkHOQS4rEX/qlSgmK6k=,29ac3bebc7d8bf95fc566b7fd18bb82a91593b8a3a0877f87ec4350551f94d53,plaintext_update_no_noise,reference_python,n=|logq=|scale=|scheme=plain,plain,,,,,,,,,f62b50d3caea7cf4611c959678972abe038d2491a4a70a626fc75d5554207aa0,,ae82a289c47526b7f5a923645eddf90e40c1ed08b51042023cbe98cb5640001a,audit_trails/artifacts/ciphertext_attestations/T1_Plain_TADP_client_000_r20_0b4f588387cc4232__ae82a289c47526b7.json,,,,,,,,,,,,,,,687fa2ce7a8d34bdafacd2bb35bf76628420b5f70dfb7ac7c2fd84ed0d5faf43,17b166dcffea24b0fc21e0fc9e9d1b935cc7e7ec309fab56fa7286029142e10c,,
161,5ef6bf02ed8a30a96eaf369b029a1441,9807b00ec9f05c0ed690f948a024469da45a3923628918d48e6175fa51233777,2026-08-22T17:42:05.447852+00:00,TADP-SEC/12.1,CLIENT_ACCEPTED_SUBMISSION,T1_Plain_TADP,,,,client_000,,,,,,,,,,,2.3-phase1-fixed-threshold-critical-floor-review-profile,47dd2e58be138865a6d591a63329509757be6b563afb2badb96beb09eac726e5,a663ab753fcbe1179628a237bb638420356ea261176b970e3553fa59bfe7e9d6,1c154f7d4e37aa15e037310f6b45ff14a874311a582c673470a238929d8125dd,8d877b4c3b654a235066cdd49bf4c7e04e1b662c0cf44a17b54811ea50677e11,VALIDATED_EVIDENCE_BUNDLE,,,,,,,,,,,,,,,,,,,,,,,,UPDATE_SUBMITTED_ENFORCED,,False,NOT_REQUIRED_AUTOMATED_POLICY,False,,,,,,,,,,,,,C1_PUBLIC,1,,,,,,,,6f8a5214daf0d8d5188f7da84fe0931408bac9ce898d47d09d53366ef6cfe2b8,c068640bad122342de0e81050f313e88a0b5bf947d459a5df25df6b117f89be9,,,2026-08-23T17:18:04.591571+00:00,a15b348f85bb182c83947cdb6e17beca,,,,,f8309220f1f45e721e8a9f419a375e6f95d94048bf5ffb4f916c98e7b2c1dd07,24c12d14a92d2be05ad3768d38115bacefec33d0936948386fe66f83fd4e6522,,,2026-08-22T18:42:05.390208+00:00,eb562985f77fc8a152d2d22d15bfd3f4695b107bdaa4c375fc5dde2be0f10805,active,,,1,ACCEPTED,ALL_BASELINE_CONTROLS,,,,True,True,True,True,True,False,QBMeM4Gy+X4Y2ZkM8f5xATiLm5FpYM4ahZJfpwAeaAI=,afeb3987931bb46d847e03bb59bbbc3ad9e0f35abfea1c0d4ff3d86268146edb,lhIS+WjWdu7nwVo2eeSh1fX8D+pCzpAo3q6D86Frg0w=,3cabfe15fff907da5ba405303f2df80b181084aac7dbcfc869ff7026a4a4de9c,zWaanIG/Ulv0T9sLCtTS+EuBdOHG+ZF1EziwsgnsOIM=,29ac3bebc7d8bf95fc566b7fd18bb82a91593b8a3a0877f87ec4350551f94d53,,,,,,,,,,,,,,,,,f5d239618c548015d604046efe04ebbee663b6e5032cf11068929f3250d8fb6e,audit_trails/artifacts/accepted_runtime_submissions/T1_Plain_TADP_client_000_r1_afeb3987931bb46d__f5d239618c548015.json,,,,,,,,,,,,,17b166dcffea24b0fc21e0fc9e9d1b935cc7e7ec309fab56fa7286029142e10c,d0406bcc82f23b5fe055d9b5f2a48c14c6116ad821013b0d27f44a0269d2a6ff,,
162,6ebc81e8e33b6c18d6848baae53cc6af,9807b00ec9f05c0ed690f948a024469da45a3923628918d48e6175fa51233777,2026-08-22T17:42:05.463075+00:00,TADP-SEC/12.1,CLIENT_CIPHERTEXT_BINDING,T1_Plain_TADP,,,,client_000,,,,,,,,,,,,,,,,,,,,,,,,,,,,,,,,,,,,,,,,CIPHERTEXT_BOUND_TO_SIGNED_UPDATE,,,,,,,,,,,,,,,,,C1_PUBLIC,1,,,,,,,,,,,,,a15b348f85bb182c83947cdb6e17beca,,,,,,,,,,,,,,1,VERIFIED,,,,,True,,,,,False,QBMeM4Gy+X4Y2ZkM8f5xATiLm5FpYM4ahZJfpwAeaAI=,afeb3987931bb46d847e03bb59bbbc3ad9e0f35abfea1c0d4ff3d86268146edb,lhIS+WjWdu7nwVo2eeSh1fX8D+pCzpAo3q6D86Frg0w=,0498246c02b2765e8677dbd18f6edad3aeb7e3098382c083a47ac9e48a8c34aa,zWaanIG/Ulv0T9sLCtTS+EuBdOHG+ZF1EziwsgnsOIM=,29ac3bebc7d8bf95fc566b7fd18bb82a91593b8a3a0877f87ec4350551f94d53,plaintext_update_no_noise,reference_python,n=|logq=|scale=|scheme=plain,plain,,,,,,,,,f62b50d3caea7cf4611c959678972abe038d2491a4a70a626fc75d5554207aa0,,202e5a56265a28f0f96b499e83a05855f8f9a3c8ee0e8027857652877b9d7757,audit_trails/artifacts/ciphertext_attestations/T1_Plain_TADP_client_000_r1_937b88c1b2492967__202e5a56265a28f0.json,,,,,,,,,,,,,,,d0406bcc82f23b5fe055d9b5f2a48c14c6116ad821013b0d27f44a0269d2a6ff,cbc8631659113b1eea2c10dc232e0080762e841d4dffc3e00694bd16e48566b6,,
163,54aaf3f78b8b543a3977128a5d20c6ee,9807b00ec9f05c0ed690f948a024469da45a3923628918d48e6175fa51233777,2026-08-22T17:42:06.389248+00:00,TADP-SEC/12.1,CLIENT_ACCEPTED_SUBMISSION,T1_Plain_TADP,,,,client_000,,,,,,,,,,,2.3-phase1-fixed-threshold-critical-floor-review-profile,47dd2e58be138865a6d591a63329509757be6b563afb2badb96beb09eac726e5,a663ab753fcbe1179628a237bb638420356ea261176b970e3553fa59bfe7e9d6,1c154f7d4e37aa15e037310f6b45ff14a874311a582c673470a238929d8125dd,8d877b4c3b654a235066cdd49bf4c7e04e1b662c0cf44a17b54811ea50677e11,VALIDATED_EVIDENCE_BUNDLE,,,,,,,,,,,,,,,,,,,,,,,,UPDATE_SUBMITTED_ENFORCED,,False,NOT_REQUIRED_AUTOMATED_POLICY,False,,,,,,,,,,,,,C1_PUBLIC,1,,,,,,,,6f8a5214daf0d8d5188f7da84fe0931408bac9ce898d47d09d53366ef6cfe2b8,c068640bad122342de0e81050f313e88a0b5bf947d459a5df25df6b117f89be9,,,2026-08-23T17:18:04.591571+00:00,a15b348f85bb182c83947cdb6e17beca,,,,,f8309220f1f45e721e8a9f419a375e6f95d94048bf5ffb4f916c98e7b2c1dd07,24c12d14a92d2be05ad3768d38115bacefec33d0936948386fe66f83fd4e6522,,,2026-08-22T18:42:05.390208+00:00,eb562985f77fc8a152d2d22d15bfd3f4695b107bdaa4c375fc5dde2be0f10805,active,,,2,ACCEPTED,ALL_BASELINE_CONTROLS,,,,True,True,True,True,True,False,XJ7c1bl9L2o+puCZyHjE7IxFmOlftcvGxFU+Iw05Lks=,45994a3f21a144600bf49b1f13715789b5176906880e585212697fa1c04ea47e,lhIS+WjWdu7nwVo2eeSh1fX8D+pCzpAo3q6D86Frg0w=,284662072c38316ae5a0641b1d0aee6c2a9f31908c3c012467ec0274e8660cef,Nx22vAlMED8VZNtydbkuGxGuTsjZiMB8jqVRsukfO1E=,29ac3bebc7d8bf95fc566b7fd18bb82a91593b8a3a0877f87ec4350551f94d53,,,,,,,,,,,,,,,,,465117f23c68a43f22c3c02f1f0362f936535372b92325bf60ab3f193cfb89c5,audit_trails/artifacts/accepted_runtime_submissions/T1_Plain_TADP_client_000_r2_45994a3f21a14460__465117f23c68a43f.json,,,,,,,,,,,,,cbc8631659113b1eea2c10dc232e0080762e841d4dffc3e00694bd16e48566b6,f92081b603555faca8aa18e160e05b85fdc1a95e48448071b3b33b2bec0a2828,,
164,d84fe5cdcc0d1bbd0871540af5e26cbb,9807b00ec9f05c0ed690f948a024469da45a3923628918d48e6175fa51233777,2026-08-22T17:42:06.403529+00:00,TADP-SEC/12.1,CLIENT_CIPHERTEXT_BINDING,T1_Plain_TADP,,,,client_000,,,,,,,,,,,,,,,,,,,,,,,,,,,,,,,,,,,,,,,,CIPHERTEXT_BOUND_TO_SIGNED_UPDATE,,,,,,,,,,,,,,,,,C1_PUBLIC,1,,,,,,,,,,,,,a15b348f85bb182c83947cdb6e17beca,,,,,,,,,,,,,,2,VERIFIED,,,,,True,,,,,False,XJ7c1bl9L2o+puCZyHjE7IxFmOlftcvGxFU+Iw05Lks=,45994a3f21a144600bf49b1f13715789b5176906880e585212697fa1c04ea47e,lhIS+WjWdu7nwVo2eeSh1fX8D+pCzpAo3q6D86Frg0w=,fce3b661a3b5a571d123ed693f1161800a6a0fa6d382096d5af3ad1e549d4206,Nx22vAlMED8VZNtydbkuGxGuTsjZiMB8jqVRsukfO1E=,29ac3bebc7d8bf95fc566b7fd18bb82a91593b8a3a0877f87ec4350551f94d53,plaintext_update_no_noise,reference_python,n=|logq=|scale=|scheme=plain,plain,,,,,,,,,f62b50d3caea7cf4611c959678972abe038d2491a4a70a626fc75d5554207aa0,,47042f10f9a4efd9f93ac80c8cf7eb7150b289dd6aab7e2840414fa6e50142fd,audit_trails/artifacts/ciphertext_attestations/T1_Plain_TADP_client_000_r2_f641aefd8a845ab7__47042f10f9a4efd9.json,,,,,,,,,,,,,,,f92081b603555faca8aa18e160e05b85fdc1a95e48448071b3b33b2bec0a2828,f0b7867697dc75b133d123c67a087017f521442605698bb075d3920f582d2066,,
165,b2530a71d4435cc9e9077fbf16821f1a,9807b00ec9f05c0ed690f948a024469da45a3923628918d48e6175fa51233777,2026-08-22T17:42:07.336214+00:00,TADP-SEC/12.1,CLIENT_ACCEPTED_SUBMISSION,T1_Plain_TADP,,,,client_000,,,,,,,,,,,2.3-phase1-fixed-threshold-critical-floor-review-profile,47dd2e58be138865a6d591a63329509757be6b563afb2badb96beb09eac726e5,a663ab753fcbe1179628a237bb638420356ea261176b970e3553fa59bfe7e9d6,1c154f7d4e37aa15e037310f6b45ff14a874311a582c673470a238929d8125dd,8d877b4c3b654a235066cdd49bf4c7e04e1b662c0cf44a17b54811ea50677e11,VALIDATED_EVIDENCE_BUNDLE,,,,,,,,,,,,,,,,,,,,,,,,UPDATE_SUBMITTED_ENFORCED,,False,NOT_REQUIRED_AUTOMATED_POLICY,False,,,,,,,,,,,,,C1_PUBLIC,1,,,,,,,,6f8a5214daf0d8d5188f7da84fe0931408bac9ce898d47d09d53366ef6cfe2b8,c068640bad122342de0e81050f313e88a0b5bf947d459a5df25df6b117f89be9,,,2026-08-23T17:18:04.591571+00:00,a15b348f85bb182c83947cdb6e17beca,,,,,f8309220f1f45e721e8a9f419a375e6f95d94048bf5ffb4f916c98e7b2c1dd07,24c12d14a92d2be05ad3768d38115bacefec33d0936948386fe66f83fd4e6522,,,2026-08-22T18:42:05.390208+00:00,eb562985f77fc8a152d2d22d15bfd3f4695b107bdaa4c375fc5dde2be0f10805,active,,,3,ACCEPTED,ALL_BASELINE_CONTROLS,,,,True,True,True,True,True,False,mY4R8ibi9wKK/TcF7I2QIRiHpzAzXSsS7/n/be2o0iw=,a9e268934c9680d188cfa4863f89505b5594af8117bc92bb2011fe5c2862a5c4,lhIS+WjWdu7nwVo2eeSh1fX8D+pCzpAo3q6D86Frg0w=,d01dbca883b60b8af96801a753b60b0d4589d85a15f8f1bdd2e35786f6eed17b,gfaxKj8WNwBine8/pvF1UhulGDAgiTkYc679Q+6d2js=,29ac3bebc7d8bf95fc566b7fd18bb82a91593b8a3a0877f87ec4350551f94d53,,,,,,,,,,,,,,,,,f969d9113ca524ca8f70de94a3d5913b726687f6b2b3bb482069a275b03441fa,audit_trails/artifacts/accepted_runtime_submissions/T1_Plain_TADP_client_000_r3_a9e268934c9680d1__f969d9113ca524ca.json,,,,,,,,,,,,,f0b7867697dc75b133d123c67a087017f521442605698bb075d3920f582d2066,2257cdbf73fc9977a2b9fa9f8edfb0473b9c43c7e66a6508f0a9a4e9df5af2fa,,
166,ce10f5b3afad4f97f21792ca860732d6,9807b00ec9f05c0ed690f948a024469da45a3923628918d48e6175fa51233777,2026-08-22T17:42:07.350421+00:00,TADP-SEC/12.1,CLIENT_CIPHERTEXT_BINDING,T1_Plain_TADP,,,,client_000,,,,,,,,,,,,,,,,,,,,,,,,,,,,,,,,,,,,,,,,CIPHERTEXT_BOUND_TO_SIGNED_UPDATE,,,,,,,,,,,,,,,,,C1_PUBLIC,1,,,,,,,,,,,,,a15b348f85bb182c83947cdb6e17beca,,,,,,,,,,,,,,3,VERIFIED,,,,,True,,,,,False,mY4R8ibi9wKK/TcF7I2QIRiHpzAzXSsS7/n/be2o0iw=,a9e268934c9680d188cfa4863f89505b5594af8117bc92bb2011fe5c2862a5c4,lhIS+WjWdu7nwVo2eeSh1fX8D+pCzpAo3q6D86Frg0w=,6b8bc8e22fb28146669fea30475d0e649882cd774f7498efec77e86cf6aacca2,gfaxKj8WNwBine8/pvF1UhulGDAgiTkYc679Q+6d2js=,29ac3bebc7d8bf95fc566b7fd18bb82a91593b8a3a0877f87ec4350551f94d53,plaintext_update_no_noise,reference_python,n=|logq=|scale=|scheme=plain,plain,,,,,,,,,f62b50d3caea7cf4611c959678972abe038d2491a4a70a626fc75d5554207aa0,,bcbe136f965122abfa9b78f7e2a4578bfd510292504daf37c369307f5b900286,audit_trails/artifacts/ciphertext_attestations/T1_Plain_TADP_client_000_r3_56ce1f1bf76d93fa__bcbe136f965122ab.json,,,,,,,,,,,,,,,2257cdbf73fc9977a2b9fa9f8edfb0473b9c43c7e66a6508f0a9a4e9df5af2fa,7de32326dfef86e9fb7b9dd809dc3c259bf1f78181588eede10346bb9dec2ad4,,
167,8f10fcf4cab78f5963cd949c5eb75753,9807b00ec9f05c0ed690f948a024469da45a3923628918d48e6175fa51233777,2026-08-22T17:42:08.296882+00:00,TADP-SEC/12.1,CLIENT_ACCEPTED_SUBMISSION,T1_Plain_TADP,,,,client_000,,,,,,,,,,,2.3-phase1-fixed-threshold-critical-floor-review-profile,47dd2e58be138865a6d591a63329509757be6b563afb2badb96beb09eac726e5,a663ab753fcbe1179628a237bb638420356ea261176b970e3553fa59bfe7e9d6,1c154f7d4e37aa15e037310f6b45ff14a874311a582c673470a238929d8125dd,8d877b4c3b654a235066cdd49bf4c7e04e1b662c0cf44a17b54811ea50677e11,VALIDATED_EVIDENCE_BUNDLE,,,,,,,,,,,,,,,,,,,,,,,,UPDATE_SUBMITTED_ENFORCED,,False,NOT_REQUIRED_AUTOMATED_POLICY,False,,,,,,,,,,,,,C1_PUBLIC,1,,,,,,,,6f8a5214daf0d8d5188f7da84fe0931408bac9ce898d47d09d53366ef6cfe2b8,c068640bad122342de0e81050f313e88a0b5bf947d459a5df25df6b117f89be9,,,2026-08-23T17:18:04.591571+00:00,a15b348f85bb182c83947cdb6e17beca,,,,,f8309220f1f45e721e8a9f419a375e6f95d94048bf5ffb4f916c98e7b2c1dd07,24c12d14a92d2be05ad3768d38115bacefec33d0936948386fe66f83fd4e6522,,,2026-08-22T18:42:05.390208+00:00,eb562985f77fc8a152d2d22d15bfd3f4695b107bdaa4c375fc5dde2be0f10805,active,,,4,ACCEPTED,ALL_BASELINE_CONTROLS,,,,True,True,True,True,True,False,HSsLKGO+GfbReh7BaihPIyZR1GXcbLb7dwTWFBToSpM=,0181ea9b50442ca03f88b1a7668a6da14e243e4aac60280dac001f2a052ef900,lhIS+WjWdu7nwVo2eeSh1fX8D+pCzpAo3q6D86Frg0w=,42475e3928e29aa7d1d4081a6d2891fb4d1d04fa4316f03cf4657b4609d93e18,SC8bbqyKdBxCLctTm07CdYgXZSpD79CBPQJM3+9k/rA=,29ac3bebc7d8bf95fc566b7fd18bb82a91593b8a3a0877f87ec4350551f94d53,,,,,,,,,,,,,,,,,bfd05f4b20bb8b6ee426b8be811b24a8352e374dc180138521b44a488b532afc,audit_trails/artifacts/accepted_runtime_submissions/T1_Plain_TADP_client_000_r4_0181ea9b50442ca0__bfd05f4b20bb8b6e.json,,,,,,,,,,,,,7de32326dfef86e9fb7b9dd809dc3c259bf1f78181588eede10346bb9dec2ad4,39810ddd64c5c89bcb4cf3aeda4f359962a15b23535683d6d212a17bb6cb01de,,
168,adaeb556815e9d96baa8f55a2faf2975,9807b00ec9f05c0ed690f948a024469da45a3923628918d48e6175fa51233777,2026-08-22T17:42:08.316352+00:00,TADP-SEC/12.1,CLIENT_CIPHERTEXT_BINDING,T1_Plain_TADP,,,,client_000,,,,,,,,,,,,,,,,,,,,,,,,,,,,,,,,,,,,,,,,CIPHERTEXT_BOUND_TO_SIGNED_UPDATE,,,,,,,,,,,,,,,,,C1_PUBLIC,1,,,,,,,,,,,,,a15b348f85bb182c83947cdb6e17beca,,,,,,,,,,,,,,4,VERIFIED,,,,,True,,,,,False,HSsLKGO+GfbReh7BaihPIyZR1GXcbLb7dwTWFBToSpM=,0181ea9b50442ca03f88b1a7668a6da14e243e4aac60280dac001f2a052ef900,lhIS+WjWdu7nwVo2eeSh1fX8D+pCzpAo3q6D86Frg0w=,c9f2a4e56c90b84af8234d15a770c1cfb6ceda86dc0bcb2d38614641802d5a64,SC8bbqyKdBxCLctTm07CdYgXZSpD79CBPQJM3+9k/rA=,29ac3bebc7d8bf95fc566b7fd18bb82a91593b8a3a0877f87ec4350551f94d53,plaintext_update_no_noise,reference_python,n=|logq=|scale=|scheme=plain,plain,,,,,,,,,f62b50d3caea7cf4611c959678972abe038d2491a4a70a626fc75d5554207aa0,,a7c72ed0d71254c2c5a4b65f6c27a4515d4badcba3711c750a00892b97b3b908,audit_trails/artifacts/ciphertext_attestations/T1_Plain_TADP_client_000_r4_8b10c36fbd2a2759__a7c72ed0d71254c2.json,,,,,,,,,,,,,,,39810ddd64c5c89bcb4cf3aeda4f359962a15b23535683d6d212a17bb6cb01de,7244dbebbfa2be34f6f5d33abae9ba19ad2ab907099412ec916d19c402f48c0c,,
169,a8b7f31c3b0268f1d52f9353221c0ee5,9807b00ec9f05c0ed690f948a024469da45a3923628918d48e6175fa51233777,2026-08-22T17:42:09.558043+00:00,TADP-SEC/12.1,CLIENT_ACCEPTED_SUBMISSION,T1_Plain_TADP,,,,client_000,,,,,,,,,,,2.3-phase1-fixed-threshold-critical-floor-review-profile,47dd2e58be138865a6d591a63329509757be6b563afb2badb96beb09eac726e5,a663ab753fcbe1179628a237bb638420356ea261176b970e3553fa59bfe7e9d6,1c154f7d4e37aa15e037310f6b45ff14a874311a582c673470a238929d8125dd,8d877b4c3b654a235066cdd49bf4c7e04e1b662c0cf44a17b54811ea50677e11,VALIDATED_EVIDENCE_BUNDLE,,,,,,,,,,,,,,,,,,,,,,,,UPDATE_SUBMITTED_ENFORCED,,False,NOT_REQUIRED_AUTOMATED_POLICY,False,,,,,,,,,,,,,C1_PUBLIC,1,,,,,,,,6f8a5214daf0d8d5188f7da84fe0931408bac9ce898d47d09d53366ef6cfe2b8,c068640bad122342de0e81050f313e88a0b5bf947d459a5df25df6b117f89be9,,,2026-08-23T17:18:04.591571+00:00,a15b348f85bb182c83947cdb6e17beca,,,,,f8309220f1f45e721e8a9f419a375e6f95d94048bf5ffb4f916c98e7b2c1dd07,24c12d14a92d2be05ad3768d38115bacefec33d0936948386fe66f83fd4e6522,,,2026-08-22T18:42:05.390208+00:00,eb562985f77fc8a152d2d22d15bfd3f4695b107bdaa4c375fc5dde2be0f10805,active,,,5,ACCEPTED,ALL_BASELINE_CONTROLS,,,,True,True,True,True,True,False,QRJ4jCRGMrkTYf1EpkRdOUx9JbXFbQ7L5rcw5Tmm6qI=,540613699d6b65c429414b43108fc686b9e4a00e4a4289becfa1ae37dee775f4,lhIS+WjWdu7nwVo2eeSh1fX8D+pCzpAo3q6D86Frg0w=,489296d0a836607f59a6c5ee1a85215d248a351bc63a07dd3a6c83fcd4024784,VGJsGU+Wx04Y3KotBoLm4VVEjbpQ+/RxSpVLpy3myTE=,29ac3bebc7d8bf95fc566b7fd18bb82a91593b8a3a0877f87ec4350551f94d53,,,,,,,,,,,,,,,,,60f476a2a5293bacb8a67135e6cc90d47f24d617f3bd7811122602a5e98d6673,audit_trails/artifacts/accepted_runtime_submissions/T1_Plain_TADP_client_000_r5_540613699d6b65c4__60f476a2a5293bac.json,,,,,,,,,,,,,7244dbebbfa2be34f6f5d33abae9ba19ad2ab907099412ec916d19c402f48c0c,848d35419192f3eacdfe73f6cd200812d8110c7f82353e85b2de73e7f4c2fbdb,,
170,62f5e9153bdc3ff83105cf39f92877a6,9807b00ec9f05c0ed690f948a024469da45a3923628918d48e6175fa51233777,2026-08-22T17:42:09.574436+00:00,TADP-SEC/12.1,CLIENT_CIPHERTEXT_BINDING,T1_Plain_TADP,,,,client_000,,,,,,,,,,,,,,,,,,,,,,,,,,,,,,,,,,,,,,,,CIPHERTEXT_BOUND_TO_SIGNED_UPDATE,,,,,,,,,,,,,,,,,C1_PUBLIC,1,,,,,,,,,,,,,a15b348f85bb182c83947cdb6e17beca,,,,,,,,,,,,,,5,VERIFIED,,,,,True,,,,,False,QRJ4jCRGMrkTYf1EpkRdOUx9JbXFbQ7L5rcw5Tmm6qI=,540613699d6b65c429414b43108fc686b9e4a00e4a4289becfa1ae37dee775f4,lhIS+WjWdu7nwVo2eeSh1fX8D+pCzpAo3q6D86Frg0w=,86f12e5484c894a4eb4d37f02d3ac1ba452cf8a6b2ccdc2eef9589de2f3d9de8,VGJsGU+Wx04Y3KotBoLm4VVEjbpQ+/RxSpVLpy3myTE=,29ac3bebc7d8bf95fc566b7fd18bb82a91593b8a3a0877f87ec4350551f94d53,plaintext_update_no_noise,reference_python,n=|logq=|scale=|scheme=plain,plain,,,,,,,,,f62b50d3caea7cf4611c959678972abe038d2491a4a70a626fc75d5554207aa0,,b8fc1788ad0a11ca734f3d97f93f1bc4b23bc4ab278a4bba94365243a787307d,audit_trails/artifacts/ciphertext_attestations/T1_Plain_TADP_client_000_r5_e5507782e38cc396__b8fc1788ad0a11ca.json,,,,,,,,,,,,,,,848d35419192f3eacdfe73f6cd200812d8110c7f82353e85b2de73e7f4c2fbdb,1c27377fba12f7f1174e48a5ecb9def0b57f33132ea84666dbd3d8c133c3beaf,,
171,577fb7f3da54681cff0b1ba4e3e91aea,9807b00ec9f05c0ed690f948a024469da45a3923628918d48e6175fa51233777,2026-08-22T17:42:10.823940+00:00,TADP-SEC/12.1,CLIENT_ACCEPTED_SUBMISSION,T1_Plain_TADP,,,,client_000,,,,,,,,,,,2.3-phase1-fixed-threshold-critical-floor-review-profile,47dd2e58be138865a6d591a63329509757be6b563afb2badb96beb09eac726e5,a663ab753fcbe1179628a237bb638420356ea261176b970e3553fa59bfe7e9d6,1c154f7d4e37aa15e037310f6b45ff14a874311a582c673470a238929d8125dd,8d877b4c3b654a235066cdd49bf4c7e04e1b662c0cf44a17b54811ea50677e11,VALIDATED_EVIDENCE_BUNDLE,,,,,,,,,,,,,,,,,,,,,,,,UPDATE_SUBMITTED_ENFORCED,,False,NOT_REQUIRED_AUTOMATED_POLICY,False,,,,,,,,,,,,,C1_PUBLIC,1,,,,,,,,6f8a5214daf0d8d5188f7da84fe0931408bac9ce898d47d09d53366ef6cfe2b8,c068640bad122342de0e81050f313e88a0b5bf947d459a5df25df6b117f89be9,,,2026-08-23T17:18:04.591571+00:00,a15b348f85bb182c83947cdb6e17beca,,,,,f8309220f1f45e721e8a9f419a375e6f95d94048bf5ffb4f916c98e7b2c1dd07,24c12d14a92d2be05ad3768d38115bacefec33d0936948386fe66f83fd4e6522,,,2026-08-22T18:42:05.390208+00:00,eb562985f77fc8a152d2d22d15bfd3f4695b107bdaa4c375fc5dde2be0f10805,active,,,6,ACCEPTED,ALL_BASELINE_CONTROLS,,,,True,True,True,True,True,False,4ks3BaJ3Zyq+0esi9WRmijG/14zxehNHDg3/shCrbn4=,73e40a33552300d9a90e85d7abfaed0d8b49a06d20a3b576806b5147758b8e74,lhIS+WjWdu7nwVo2eeSh1fX8D+pCzpAo3q6D86Frg0w=,19c560a3cd0eecb33b4fb919af4be21cd0e5b2238cda8ccd1a2e136944a4b527,htTBhUf/R3d6dlCy0zbI61eW7zjnml4nb3JB+Bdciho=,29ac3bebc7d8bf95fc566b7fd18bb82a91593b8a3a0877f87ec4350551f94d53,,,,,,,,,,,,,,,,,f140cb278dc30b2fb7b541a6f3cfad65037c2345aa7459b2606b5b5b95e374ef,audit_trails/artifacts/accepted_runtime_submissions/T1_Plain_TADP_client_000_r6_73e40a33552300d9__f140cb278dc30b2f.json,,,,,,,,,,,,,1c27377fba12f7f1174e48a5ecb9def0b57f33132ea84666dbd3d8c133c3beaf,7b38979e83b36b3d726147aeec9fdcf3caa099068334c7ecaf0540aab2a63485,,
172,4f6db20930aad7a70c9ec49d99a3ffa9,9807b00ec9f05c0ed690f948a024469da45a3923628918d48e6175fa51233777,2026-08-22T17:42:10.845590+00:00,TADP-SEC/12.1,CLIENT_CIPHERTEXT_BINDING,T1_Plain_TADP,,,,client_000,,,,,,,,,,,,,,,,,,,,,,,,,,,,,,,,,,,,,,,,CIPHERTEXT_BOUND_TO_SIGNED_UPDATE,,,,,,,,,,,,,,,,,C1_PUBLIC,1,,,,,,,,,,,,,a15b348f85bb182c83947cdb6e17beca,,,,,,,,,,,,,,6,VERIFIED,,,,,True,,,,,False,4ks3BaJ3Zyq+0esi9WRmijG/14zxehNHDg3/shCrbn4=,73e40a33552300d9a90e85d7abfaed0d8b49a06d20a3b576806b5147758b8e74,lhIS+WjWdu7nwVo2eeSh1fX8D+pCzpAo3q6D86Frg0w=,178deaa8e4ab8f3447366e7b0b24103b6d33d9459556936293bb5de63b054053,htTBhUf/R3d6dlCy0zbI61eW7zjnml4nb3JB+Bdciho=,29ac3bebc7d8bf95fc566b7fd18bb82a91593b8a3a0877f87ec4350551f94d53,plaintext_update_no_noise,reference_python,n=|logq=|scale=|scheme=plain,plain,,,,,,,,,f62b50d3caea7cf4611c959678972abe038d2491a4a70a626fc75d5554207aa0,,b844aebab41d5c612f1f40a0e2da316b592cea22ab28d0470e80a9a20bea0903,audit_trails/artifacts/ciphertext_attestations/T1_Plain_TADP_client_000_r6_68387c157e1e539a__b844aebab41d5c61.json,,,,,,,,,,,,,,,7b38979e83b36b3d726147aeec9fdcf3caa099068334c7ecaf0540aab2a63485,38756401313d6de113391d956bd0676397c9cfc18a9e3709ecf3261d12d7183f,,
173,693d3f1d56576e0493c0efa747427600,9807b00ec9f05c0ed690f948a024469da45a3923628918d48e6175fa51233777,2026-08-22T17:42:12.039806+00:00,TADP-SEC/12.1,CLIENT_ACCEPTED_SUBMISSION,T1_Plain_TADP,,,,client_000,,,,,,,,,,,2.3-phase1-fixed-threshold-critical-floor-review-profile,47dd2e58be138865a6d591a63329509757be6b563afb2badb96beb09eac726e5,a663ab753fcbe1179628a237bb638420356ea261176b970e3553fa59bfe7e9d6,1c154f7d4e37aa15e037310f6b45ff14a874311a582c673470a238929d8125dd,8d877b4c3b654a235066cdd49bf4c7e04e1b662c0cf44a17b54811ea50677e11,VALIDATED_EVIDENCE_BUNDLE,,,,,,,,,,,,,,,,,,,,,,,,UPDATE_SUBMITTED_ENFORCED,,False,NOT_REQUIRED_AUTOMATED_POLICY,False,,,,,,,,,,,,,C1_PUBLIC,1,,,,,,,,6f8a5214daf0d8d5188f7da84fe0931408bac9ce898d47d09d53366ef6cfe2b8,c068640bad122342de0e81050f313e88a0b5bf947d459a5df25df6b117f89be9,,,2026-08-23T17:18:04.591571+00:00,a15b348f85bb182c83947cdb6e17beca,,,,,f8309220f1f45e721e8a9f419a375e6f95d94048bf5ffb4f916c98e7b2c1dd07,24c12d14a92d2be05ad3768d38115bacefec33d0936948386fe66f83fd4e6522,,,2026-08-22T18:42:05.390208+00:00,eb562985f77fc8a152d2d22d15bfd3f4695b107bdaa4c375fc5dde2be0f10805,active,,,7,ACCEPTED,ALL_BASELINE_CONTROLS,,,,True,True,True,True,True,False,zOjVtt/LR/4IwKMYyBl1d2c+6o7lmWkzgPXREC8fdBQ=,ededa530c9947fcddc54429ca68fe57f45f7d8be77659496956222c14caa3356,lhIS+WjWdu7nwVo2eeSh1fX8D+pCzpAo3q6D86Frg0w=,271171b13cb2fff586a6d2c4ad52325b6627cf2c301bedce98df03576ba2dae7,UykMJ63APVJGdflIQfdLJRZZyB2OAv9rJMBNwi6kXWk=,29ac3bebc7d8bf95fc566b7fd18bb82a91593b8a3a0877f87ec4350551f94d53,,,,,,,,,,,,,,,,,016cf86479f210e78902febc4792c9a6e12845b45737f2743a0071aa2201af6d,audit_trails/artifacts/accepted_runtime_submissions/T1_Plain_TADP_client_000_r7_ededa530c9947fcd__016cf86479f210e7.json,,,,,,,,,,,,,38756401313d6de113391d956bd0676397c9cfc18a9e3709ecf3261d12d7183f,7382668482222ea3bfc243667cbc112a3b8b6681676a7ef8cdbdbef9fc33563d,,
174,81217274d7299567c247bc9e0beea2ac,9807b00ec9f05c0ed690f948a024469da45a3923628918d48e6175fa51233777,2026-08-22T17:42:12.055583+00:00,TADP-SEC/12.1,CLIENT_CIPHERTEXT_BINDING,T1_Plain_TADP,,,,client_000,,,,,,,,,,,,,,,,,,,,,,,,,,,,,,,,,,,,,,,,CIPHERTEXT_BOUND_TO_SIGNED_UPDATE,,,,,,,,,,,,,,,,,C1_PUBLIC,1,,,,,,,,,,,,,a15b348f85bb182c83947cdb6e17beca,,,,,,,,,,,,,,7,VERIFIED,,,,,True,,,,,False,zOjVtt/LR/4IwKMYyBl1d2c+6o7lmWkzgPXREC8fdBQ=,ededa530c9947fcddc54429ca68fe57f45f7d8be77659496956222c14caa3356,lhIS+WjWdu7nwVo2eeSh1fX8D+pCzpAo3q6D86Frg0w=,eac3e0f3e0396ab2856e67b8d9b0763148a37256f56983d74841feefc61b6b97,UykMJ63APVJGdflIQfdLJRZZyB2OAv9rJMBNwi6kXWk=,29ac3bebc7d8bf95fc566b7fd18bb82a91593b8a3a0877f87ec4350551f94d53,plaintext_update_no_noise,reference_python,n=|logq=|scale=|scheme=plain,plain,,,,,,,,,f62b50d3caea7cf4611c959678972abe038d2491a4a70a626fc75d5554207aa0,,babcb6127d9fcde252b747832cb692290552081dc02b0cda3434a220b0a27662,audit_trails/artifacts/ciphertext_attestations/T1_Plain_TADP_client_000_r7_e3cb733102068cde__babcb6127d9fcde2.json,,,,,,,,,,,,,,,7382668482222ea3bfc243667cbc112a3b8b6681676a7ef8cdbdbef9fc33563d,7f20741c0208e4a2f42cb3cb97e625e79adf2b60314d95f4253c7417e525c138,,
175,faa3329e0c4f4f707eac12da0729e3d0,9807b00ec9f05c0ed690f948a024469da45a3923628918d48e6175fa51233777,2026-08-22T17:42:12.984900+00:00,TADP-SEC/12.1,CLIENT_ACCEPTED_SUBMISSION,T1_Plain_TADP,,,,client_000,,,,,,,,,,,2.3-phase1-fixed-threshold-critical-floor-review-profile,47dd2e58be138865a6d591a63329509757be6b563afb2badb96beb09eac726e5,a663ab753fcbe1179628a237bb638420356ea261176b970e3553fa59bfe7e9d6,1c154f7d4e37aa15e037310f6b45ff14a874311a582c673470a238929d8125dd,8d877b4c3b654a235066cdd49bf4c7e04e1b662c0cf44a17b54811ea50677e11,VALIDATED_EVIDENCE_BUNDLE,,,,,,,,,,,,,,,,,,,,,,,,UPDATE_SUBMITTED_ENFORCED,,False,NOT_REQUIRED_AUTOMATED_POLICY,False,,,,,,,,,,,,,C1_PUBLIC,1,,,,,,,,6f8a5214daf0d8d5188f7da84fe0931408bac9ce898d47d09d53366ef6cfe2b8,c068640bad122342de0e81050f313e88a0b5bf947d459a5df25df6b117f89be9,,,2026-08-23T17:18:04.591571+00:00,a15b348f85bb182c83947cdb6e17beca,,,,,f8309220f1f45e721e8a9f419a375e6f95d94048bf5ffb4f916c98e7b2c1dd07,24c12d14a92d2be05ad3768d38115bacefec33d0936948386fe66f83fd4e6522,,,2026-08-22T18:42:05.390208+00:00,eb562985f77fc8a152d2d22d15bfd3f4695b107bdaa4c375fc5dde2be0f10805,active,,,8,ACCEPTED,ALL_BASELINE_CONTROLS,,,,True,True,True,True,True,False,/Xyx00QLezGieWUhN/KHTse3cdXL1LcJQ1uKyDnbiT8=,4938993346b4d1982cb5cf0033f7833a3caf5861765d5248844fb4431584d8ec,lhIS+WjWdu7nwVo2eeSh1fX8D+pCzpAo3q6D86Frg0w=,cd7c72cd32fe90c1d6bc875428a7269272395297719d28d51ecaff5128cfbc21,88XFlXNF+K5fRlbeo9Kcx6tW7EfuSoczkSxmdB7WNXQ=,29ac3bebc7d8bf95fc566b7fd18bb82a91593b8a3a0877f87ec4350551f94d53,,,,,,,,,,,,,,,,,372fd566d2486d56086014c8f90a76d4a352d62f2d3f9aeca5b6e1c0a4f51186,audit_trails/artifacts/accepted_runtime_submissions/T1_Plain_TADP_client_000_r8_4938993346b4d198__372fd566d2486d56.json,,,,,,,,,,,,,7f20741c0208e4a2f42cb3cb97e625e79adf2b60314d95f4253c7417e525c138,4275720030eb6fa0a3bf0144be3ed29ab7c4b876046fd924490b94802c7cc4d4,,
176,6754f567ecabce1d56c3cf431cf2b097,9807b00ec9f05c0ed690f948a024469da45a3923628918d48e6175fa51233777,2026-08-22T17:42:12.998798+00:00,TADP-SEC/12.1,CLIENT_CIPHERTEXT_BINDING,T1_Plain_TADP,,,,client_000,,,,,,,,,,,,,,,,,,,,,,,,,,,,,,,,,,,,,,,,CIPHERTEXT_BOUND_TO_SIGNED_UPDATE,,,,,,,,,,,,,,,,,C1_PUBLIC,1,,,,,,,,,,,,,a15b348f85bb182c83947cdb6e17beca,,,,,,,,,,,,,,8,VERIFIED,,,,,True,,,,,False,/Xyx00QLezGieWUhN/KHTse3cdXL1LcJQ1uKyDnbiT8=,4938993346b4d1982cb5cf0033f7833a3caf5861765d5248844fb4431584d8ec,lhIS+WjWdu7nwVo2eeSh1fX8D+pCzpAo3q6D86Frg0w=,bcd6cc18ff074f47d79a90df4e8fc622ca7b55b37ca70885f22005f9df0feeaa,88XFlXNF+K5fRlbeo9Kcx6tW7EfuSoczkSxmdB7WNXQ=,29ac3bebc7d8bf95fc566b7fd18bb82a91593b8a3a0877f87ec4350551f94d53,plaintext_update_no_noise,reference_python,n=|logq=|scale=|scheme=plain,plain,,,,,,,,,f62b50d3caea7cf4611c959678972abe038d2491a4a70a626fc75d5554207aa0,,f4f01e919260d81e7b94df37ed299f4d0fbaed867ee9632fe4037edae61f0169,audit_trails/artifacts/ciphertext_attestations/T1_Plain_TADP_client_000_r8_b2ac71f73c47bbb2__f4f01e919260d81e.json,,,,,,,,,,,,,,,4275720030eb6fa0a3bf0144be3ed29ab7c4b876046fd924490b94802c7cc4d4,73f972068f687a3c0d44080614c8fad9f5dddcac81ea353cb028d88b6a601bcb,,
177,0dbeb6b2911470a7136f48806a5cc488,9807b00ec9f05c0ed690f948a024469da45a3923628918d48e6175fa51233777,2026-08-22T17:42:13.909388+00:00,TADP-SEC/12.1,CLIENT_ACCEPTED_SUBMISSION,T1_Plain_TADP,,,,client_000,,,,,,,,,,,2.3-phase1-fixed-threshold-critical-floor-review-profile,47dd2e58be138865a6d591a63329509757be6b563afb2badb96beb09eac726e5,a663ab753fcbe1179628a237bb638420356ea261176b970e3553fa59bfe7e9d6,1c154f7d4e37aa15e037310f6b45ff14a874311a582c673470a238929d8125dd,8d877b4c3b654a235066cdd49bf4c7e04e1b662c0cf44a17b54811ea50677e11,VALIDATED_EVIDENCE_BUNDLE,,,,,,,,,,,,,,,,,,,,,,,,UPDATE_SUBMITTED_ENFORCED,,False,NOT_REQUIRED_AUTOMATED_POLICY,False,,,,,,,,,,,,,C1_PUBLIC,1,,,,,,,,6f8a5214daf0d8d5188f7da84fe0931408bac9ce898d47d09d53366ef6cfe2b8,c068640bad122342de0e81050f313e88a0b5bf947d459a5df25df6b117f89be9,,,2026-08-23T17:18:04.591571+00:00,a15b348f85bb182c83947cdb6e17beca,,,,,f8309220f1f45e721e8a9f419a375e6f95d94048bf5ffb4f916c98e7b2c1dd07,24c12d14a92d2be05ad3768d38115bacefec33d0936948386fe66f83fd4e6522,,,2026-08-22T18:42:05.390208+00:00,eb562985f77fc8a152d2d22d15bfd3f4695b107bdaa4c375fc5dde2be0f10805,active,,,9,ACCEPTED,ALL_BASELINE_CONTROLS,,,,True,True,True,True,True,False,QlzTl4ghUWDad6dwxZ/xr+EK//YVjXI2xc/hx7n+yHY=,b821da8fbe846780f4042c939971ef1aae741340da9c760b38f8a25dee8d80fb,lhIS+WjWdu7nwVo2eeSh1fX8D+pCzpAo3q6D86Frg0w=,446114980bde3416ff09a7e5f34cccf5b654cf0e898be1db616a0186430346f8,dkX3EX5yaLo27pHp8+mW9feGYiIQBoWPjqkq7dThi/U=,29ac3bebc7d8bf95fc566b7fd18bb82a91593b8a3a0877f87ec4350551f94d53,,,,,,,,,,,,,,,,,1af2108e1fc5e1271aecd9662cb0359b22a8a661ec0b4b7535924a7fb6164225,audit_trails/artifacts/accepted_runtime_submissions/T1_Plain_TADP_client_000_r9_b821da8fbe846780__1af2108e1fc5e127.json,,,,,,,,,,,,,73f972068f687a3c0d44080614c8fad9f5dddcac81ea353cb028d88b6a601bcb,c6ee4dc7335e9a981ab2c79184d0d8d7231858d2ce718c21faaf972158c5e6c7,,
178,8b97dbc05e22b3371415c4a63c58fe90,9807b00ec9f05c0ed690f948a024469da45a3923628918d48e6175fa51233777,2026-08-22T17:42:13.924341+00:00,TADP-SEC/12.1,CLIENT_CIPHERTEXT_BINDING,T1_Plain_TADP,,,,client_000,,,,,,,,,,,,,,,,,,,,,,,,,,,,,,,,,,,,,,,,CIPHERTEXT_BOUND_TO_SIGNED_UPDATE,,,,,,,,,,,,,,,,,C1_PUBLIC,1,,,,,,,,,,,,,a15b348f85bb182c83947cdb6e17beca,,,,,,,,,,,,,,9,VERIFIED,,,,,True,,,,,False,QlzTl4ghUWDad6dwxZ/xr+EK//YVjXI2xc/hx7n+yHY=,b821da8fbe846780f4042c939971ef1aae741340da9c760b38f8a25dee8d80fb,lhIS+WjWdu7nwVo2eeSh1fX8D+pCzpAo3q6D86Frg0w=,0cd9e58a9e1b1cf0aaa1e82528c824274152951a1ab9e9469094c0b548980a37,dkX3EX5yaLo27pHp8+mW9feGYiIQBoWPjqkq7dThi/U=,29ac3bebc7d8bf95fc566b7fd18bb82a91593b8a3a0877f87ec4350551f94d53,plaintext_update_no_noise,reference_python,n=|logq=|scale=|scheme=plain,plain,,,,,,,,,f62b50d3caea7cf4611c959678972abe038d2491a4a70a626fc75d5554207aa0,,487ce3fefca66035e180ac0df0ae3e7aa67d69fb66963769ba4ed7dc52eb0ce7,audit_trails/artifacts/ciphertext_attestations/T1_Plain_TADP_client_000_r9_22bead6585917a35__487ce3fefca66035.json,,,,,,,,,,,,,,,c6ee4dc7335e9a981ab2c79184d0d8d7231858d2ce718c21faaf972158c5e6c7,162be634e903515fe565aeb9195e4f2b48cf19bd6790e52e723af9b85437f273,,
179,5536937bcd082900aadc7f8b6d378faf,9807b00ec9f05c0ed690f948a024469da45a3923628918d48e6175fa51233777,2026-08-22T17:42:14.836252+00:00,TADP-SEC/12.1,CLIENT_ACCEPTED_SUBMISSION,T1_Plain_TADP,,,,client_000,,,,,,,,,,,2.3-phase1-fixed-threshold-critical-floor-review-profile,47dd2e58be138865a6d591a63329509757be6b563afb2badb96beb09eac726e5,a663ab753fcbe1179628a237bb638420356ea261176b970e3553fa59bfe7e9d6,1c154f7d4e37aa15e037310f6b45ff14a874311a582c673470a238929d8125dd,8d877b4c3b654a235066cdd49bf4c7e04e1b662c0cf44a17b54811ea50677e11,VALIDATED_EVIDENCE_BUNDLE,,,,,,,,,,,,,,,,,,,,,,,,UPDATE_SUBMITTED_ENFORCED,,False,NOT_REQUIRED_AUTOMATED_POLICY,False,,,,,,,,,,,,,C1_PUBLIC,1,,,,,,,,6f8a5214daf0d8d5188f7da84fe0931408bac9ce898d47d09d53366ef6cfe2b8,c068640bad122342de0e81050f313e88a0b5bf947d459a5df25df6b117f89be9,,,2026-08-23T17:18:04.591571+00:00,a15b348f85bb182c83947cdb6e17beca,,,,,f8309220f1f45e721e8a9f419a375e6f95d94048bf5ffb4f916c98e7b2c1dd07,24c12d14a92d2be05ad3768d38115bacefec33d0936948386fe66f83fd4e6522,,,2026-08-22T18:42:05.390208+00:00,eb562985f77fc8a152d2d22d15bfd3f4695b107bdaa4c375fc5dde2be0f10805,active,,,10,ACCEPTED,ALL_BASELINE_CONTROLS,,,,True,True,True,True,True,False,ycvdAzxLweubc0maIeXcZPSuWehDxGsL43I9TkUuFG0=,57a71dfd1e9f52b33561619d5ff83dd99cac260cd631796b43f00691507c9b1d,lhIS+WjWdu7nwVo2eeSh1fX8D+pCzpAo3q6D86Frg0w=,4f61638b5258c21ed6ac42e0992b0cbbaf1e98b18566ee5e734c61c4d409edfd,tUJSUjJ48AytjZebKFLRrFaLc5AnTD8sJa7N4fAb03E=,29ac3bebc7d8bf95fc566b7fd18bb82a91593b8a3a0877f87ec4350551f94d53,,,,,,,,,,,,,,,,,46a1afb9276e7f45c7d517a15305d85dcd7723d16d2548daad98c572e53ba2a0,audit_trails/artifacts/accepted_runtime_submissions/T1_Plain_TADP_client_000_r10_57a71dfd1e9f52b3__46a1afb9276e7f45.json,,,,,,,,,,,,,162be634e903515fe565aeb9195e4f2b48cf19bd6790e52e723af9b85437f273,959bb61ce7095adb2724c3474fed974e1d892a3f114bcd023955fd7163ef5453,,
180,53ac694f04681467d0f20fa0f14465a4,9807b00ec9f05c0ed690f948a024469da45a3923628918d48e6175fa51233777,2026-08-22T17:42:14.850991+00:00,TADP-SEC/12.1,CLIENT_CIPHERTEXT_BINDING,T1_Plain_TADP,,,,client_000,,,,,,,,,,,,,,,,,,,,,,,,,,,,,,,,,,,,,,,,CIPHERTEXT_BOUND_TO_SIGNED_UPDATE,,,,,,,,,,,,,,,,,C1_PUBLIC,1,,,,,,,,,,,,,a15b348f85bb182c83947cdb6e17beca,,,,,,,,,,,,,,10,VERIFIED,,,,,True,,,,,False,ycvdAzxLweubc0maIeXcZPSuWehDxGsL43I9TkUuFG0=,57a71dfd1e9f52b33561619d5ff83dd99cac260cd631796b43f00691507c9b1d,lhIS+WjWdu7nwVo2eeSh1fX8D+pCzpAo3q6D86Frg0w=,a73fc7ab7f66a8f7b8cd498b3a81026273ec6deb3e18cecd4c76b25e713eaa6b,tUJSUjJ48AytjZebKFLRrFaLc5AnTD8sJa7N4fAb03E=,29ac3bebc7d8bf95fc566b7fd18bb82a91593b8a3a0877f87ec4350551f94d53,plaintext_update_no_noise,reference_python,n=|logq=|scale=|scheme=plain,plain,,,,,,,,,f62b50d3caea7cf4611c959678972abe038d2491a4a70a626fc75d5554207aa0,,65d6fc010834ca2c0bb755d2a92f4d8e5cd35367f9d36c95caf692a6e9f4cca3,audit_trails/artifacts/ciphertext_attestations/T1_Plain_TADP_client_000_r10_79b4f076faf105e1__65d6fc010834ca2c.json,,,,,,,,,,,,,,,959bb61ce7095adb2724c3474fed974e1d892a3f114bcd023955fd7163ef5453,c2ba5c46556de602c5e75ed0ac9e928cdada12ffba395c69b3e1a5e6a25ad33b,,
181,fa625ed717d6bf9f93d483498fd7ece8,9807b00ec9f05c0ed690f948a024469da45a3923628918d48e6175fa51233777,2026-08-22T17:42:15.769076+00:00,TADP-SEC/12.1,CLIENT_ACCEPTED_SUBMISSION,T1_Plain_TADP,,,,client_000,,,,,,,,,,,2.3-phase1-fixed-threshold-critical-floor-review-profile,47dd2e58be138865a6d591a63329509757be6b563afb2badb96beb09eac726e5,a663ab753fcbe1179628a237bb638420356ea261176b970e3553fa59bfe7e9d6,1c154f7d4e37aa15e037310f6b45ff14a874311a582c673470a238929d8125dd,8d877b4c3b654a235066cdd49bf4c7e04e1b662c0cf44a17b54811ea50677e11,VALIDATED_EVIDENCE_BUNDLE,,,,,,,,,,,,,,,,,,,,,,,,UPDATE_SUBMITTED_ENFORCED,,False,NOT_REQUIRED_AUTOMATED_POLICY,False,,,,,,,,,,,,,C1_PUBLIC,1,,,,,,,,6f8a5214daf0d8d5188f7da84fe0931408bac9ce898d47d09d53366ef6cfe2b8,c068640bad122342de0e81050f313e88a0b5bf947d459a5df25df6b117f89be9,,,2026-08-23T17:18:04.591571+00:00,a15b348f85bb182c83947cdb6e17beca,,,,,f8309220f1f45e721e8a9f419a375e6f95d94048bf5ffb4f916c98e7b2c1dd07,24c12d14a92d2be05ad3768d38115bacefec33d0936948386fe66f83fd4e6522,,,2026-08-22T18:42:05.390208+00:00,eb562985f77fc8a152d2d22d15bfd3f4695b107bdaa4c375fc5dde2be0f10805,active,,,11,ACCEPTED,ALL_BASELINE_CONTROLS,,,,True,True,True,True,True,False,/V0HiHjsWQqjHEJx2ZbxnYZe87NufB0bvhblcy+rE4M=,4d76010b42f6b94e50124f14850d82731c9f4f41bf2c879d5a7c8957b626e5d3,lhIS+WjWdu7nwVo2eeSh1fX8D+pCzpAo3q6D86Frg0w=,c3ec8fa94b799aac29fc5022e543d67d6a8870ca92235ec146b244bccb1e9f77,ils2WgLhgAo8DohGowiRVFMT83tJbwDYdmHiL2ZUVN0=,29ac3bebc7d8bf95fc566b7fd18bb82a91593b8a3a0877f87ec4350551f94d53,,,,,,,,,,,,,,,,,00b34068e0ddc111d319f027f6d6696c36a5efe2a5db4d0c358c22a2c4c62a33,audit_trails/artifacts/accepted_runtime_submissions/T1_Plain_TADP_client_000_r11_4d76010b42f6b94e__00b34068e0ddc111.json,,,,,,,,,,,,,c2ba5c46556de602c5e75ed0ac9e928cdada12ffba395c69b3e1a5e6a25ad33b,042c4a5375dc324e868f2e9620a4a26bc742c1dfa66c56496c9defe2b68af03c,,
182,841c0fc9b86a8a44f05493e073406d76,9807b00ec9f05c0ed690f948a024469da45a3923628918d48e6175fa51233777,2026-08-22T17:42:15.783954+00:00,TADP-SEC/12.1,CLIENT_CIPHERTEXT_BINDING,T1_Plain_TADP,,,,client_000,,,,,,,,,,,,,,,,,,,,,,,,,,,,,,,,,,,,,,,,CIPHERTEXT_BOUND_TO_SIGNED_UPDATE,,,,,,,,,,,,,,,,,C1_PUBLIC,1,,,,,,,,,,,,,a15b348f85bb182c83947cdb6e17beca,,,,,,,,,,,,,,11,VERIFIED,,,,,True,,,,,False,/V0HiHjsWQqjHEJx2ZbxnYZe87NufB0bvhblcy+rE4M=,4d76010b42f6b94e50124f14850d82731c9f4f41bf2c879d5a7c8957b626e5d3,lhIS+WjWdu7nwVo2eeSh1fX8D+pCzpAo3q6D86Frg0w=,9f68d5dd414c6a0b4297b9466da592571ddad0a9905220ba487b233c570927a8,ils2WgLhgAo8DohGowiRVFMT83tJbwDYdmHiL2ZUVN0=,29ac3bebc7d8bf95fc566b7fd18bb82a91593b8a3a0877f87ec4350551f94d53,plaintext_update_no_noise,reference_python,n=|logq=|scale=|scheme=plain,plain,,,,,,,,,f62b50d3caea7cf4611c959678972abe038d2491a4a70a626fc75d5554207aa0,,c766d2bd2101540c5751df88e251d628db6ab306e2abe19fefc52055247d22c8,audit_trails/artifacts/ciphertext_attestations/T1_Plain_TADP_client_000_r11_84a68255eae5a495__c766d2bd2101540c.json,,,,,,,,,,,,,,,042c4a5375dc324e868f2e9620a4a26bc742c1dfa66c56496c9defe2b68af03c,5a6dcc964a3c1c5993588d6532e3bf1ebd5988aecf62ec1859a8b27fee28403b,,
183,5548b0e0179b118059bcc3d57f4482c7,9807b00ec9f05c0ed690f948a024469da45a3923628918d48e6175fa51233777,2026-08-22T17:42:16.711171+00:00,TADP-SEC/12.1,CLIENT_ACCEPTED_SUBMISSION,T1_Plain_TADP,,,,client_000,,,,,,,,,,,2.3-phase1-fixed-threshold-critical-floor-review-profile,47dd2e58be138865a6d591a63329509757be6b563afb2badb96beb09eac726e5,a663ab753fcbe1179628a237bb638420356ea261176b970e3553fa59bfe7e9d6,1c154f7d4e37aa15e037310f6b45ff14a874311a582c673470a238929d8125dd,8d877b4c3b654a235066cdd49bf4c7e04e1b662c0cf44a17b54811ea50677e11,VALIDATED_EVIDENCE_BUNDLE,,,,,,,,,,,,,,,,,,,,,,,,UPDATE_SUBMITTED_ENFORCED,,False,NOT_REQUIRED_AUTOMATED_POLICY,False,,,,,,,,,,,,,C1_PUBLIC,1,,,,,,,,6f8a5214daf0d8d5188f7da84fe0931408bac9ce898d47d09d53366ef6cfe2b8,c068640bad122342de0e81050f313e88a0b5bf947d459a5df25df6b117f89be9,,,2026-08-23T17:18:04.591571+00:00,a15b348f85bb182c83947cdb6e17beca,,,,,f8309220f1f45e721e8a9f419a375e6f95d94048bf5ffb4f916c98e7b2c1dd07,24c12d14a92d2be05ad3768d38115bacefec33d0936948386fe66f83fd4e6522,,,2026-08-22T18:42:05.390208+00:00,eb562985f77fc8a152d2d22d15bfd3f4695b107bdaa4c375fc5dde2be0f10805,active,,,12,ACCEPTED,ALL_BASELINE_CONTROLS,,,,True,True,True,True,True,False,e2rwNzG44yt0ecw+NrAYCd1989/nb1vdCTh0FcQXc68=,adf5a13350fef02322318e428f5d066c734f50698e64e41a9b01bcd3aba0a85c,lhIS+WjWdu7nwVo2eeSh1fX8D+pCzpAo3q6D86Frg0w=,63f3307eede26e49e1a39c6c5a00d76c3455e0a47e3d41183926971546a8e943,8VJ5N50jyItASHVvyuzNIFGbA30gO3QhFgftEVYgXTE=,29ac3bebc7d8bf95fc566b7fd18bb82a91593b8a3a0877f87ec4350551f94d53,,,,,,,,,,,,,,,,,e3fa0de62fd211cb3a088b4c2e796bfd8d69ba87d79fd856c7234db8749e3b7a,audit_trails/artifacts/accepted_runtime_submissions/T1_Plain_TADP_client_000_r12_adf5a13350fef023__e3fa0de62fd211cb.json,,,,,,,,,,,,,5a6dcc964a3c1c5993588d6532e3bf1ebd5988aecf62ec1859a8b27fee28403b,3cf1c3a9aa8a1c1bf1ad7f2fff62101cef13be670d65b12237db2f550f69cf1e,,
184,aef9729f3636a73b3edc59bda690840d,9807b00ec9f05c0ed690f948a024469da45a3923628918d48e6175fa51233777,2026-08-22T17:42:16.724912+00:00,TADP-SEC/12.1,CLIENT_CIPHERTEXT_BINDING,T1_Plain_TADP,,,,client_000,,,,,,,,,,,,,,,,,,,,,,,,,,,,,,,,,,,,,,,,CIPHERTEXT_BOUND_TO_SIGNED_UPDATE,,,,,,,,,,,,,,,,,C1_PUBLIC,1,,,,,,,,,,,,,a15b348f85bb182c83947cdb6e17beca,,,,,,,,,,,,,,12,VERIFIED,,,,,True,,,,,False,e2rwNzG44yt0ecw+NrAYCd1989/nb1vdCTh0FcQXc68=,adf5a13350fef02322318e428f5d066c734f50698e64e41a9b01bcd3aba0a85c,lhIS+WjWdu7nwVo2eeSh1fX8D+pCzpAo3q6D86Frg0w=,f9b93e75bcdbb671850a8792acef6a2a163e4167fbad4b9efb56d72a635c3543,8VJ5N50jyItASHVvyuzNIFGbA30gO3QhFgftEVYgXTE=,29ac3bebc7d8bf95fc566b7fd18bb82a91593b8a3a0877f87ec4350551f94d53,plaintext_update_no_noise,reference_python,n=|logq=|scale=|scheme=plain,plain,,,,,,,,,f62b50d3caea7cf4611c959678972abe038d2491a4a70a626fc75d5554207aa0,,761513f2cdc6be361be14ef608c90ff60b60cdaf76a09585cedef9dc6021da97,audit_trails/artifacts/ciphertext_attestations/T1_Plain_TADP_client_000_r12_8dd5cf183ec899e8__761513f2cdc6be36.json,,,,,,,,,,,,,,,3cf1c3a9aa8a1c1bf1ad7f2fff62101cef13be670d65b12237db2f550f69cf1e,81194f917bff3ba3a77d5b6ff874115cb05693f5e55f5ce8529a0d5382c11a8d,,
185,7bdba5717f145086017541d7e0fd6606,9807b00ec9f05c0ed690f948a024469da45a3923628918d48e6175fa51233777,2026-08-22T17:42:17.634786+00:00,TADP-SEC/12.1,CLIENT_ACCEPTED_SUBMISSION,T1_Plain_TADP,,,,client_000,,,,,,,,,,,2.3-phase1-fixed-threshold-critical-floor-review-profile,47dd2e58be138865a6d591a63329509757be6b563afb2badb96beb09eac726e5,a663ab753fcbe1179628a237bb638420356ea261176b970e3553fa59bfe7e9d6,1c154f7d4e37aa15e037310f6b45ff14a874311a582c673470a238929d8125dd,8d877b4c3b654a235066cdd49bf4c7e04e1b662c0cf44a17b54811ea50677e11,VALIDATED_EVIDENCE_BUNDLE,,,,,,,,,,,,,,,,,,,,,,,,UPDATE_SUBMITTED_ENFORCED,,False,NOT_REQUIRED_AUTOMATED_POLICY,False,,,,,,,,,,,,,C1_PUBLIC,1,,,,,,,,6f8a5214daf0d8d5188f7da84fe0931408bac9ce898d47d09d53366ef6cfe2b8,c068640bad122342de0e81050f313e88a0b5bf947d459a5df25df6b117f89be9,,,2026-08-23T17:18:04.591571+00:00,a15b348f85bb182c83947cdb6e17beca,,,,,f8309220f1f45e721e8a9f419a375e6f95d94048bf5ffb4f916c98e7b2c1dd07,24c12d14a92d2be05ad3768d38115bacefec33d0936948386fe66f83fd4e6522,,,2026-08-22T18:42:05.390208+00:00,eb562985f77fc8a152d2d22d15bfd3f4695b107bdaa4c375fc5dde2be0f10805,active,,,13,ACCEPTED,ALL_BASELINE_CONTROLS,,,,True,True,True,True,True,False,eym8ZvsjLMzHOPumhqcX+5p5N9wiRDsxqk5dOQV+/yc=,e04180b93a651f4419094f4e8fe36778570d04cd051e507421cb432924ee9c2a,lhIS+WjWdu7nwVo2eeSh1fX8D+pCzpAo3q6D86Frg0w=,f3eee7c6e9b23a57f31336e0e526f9d1dae21f2d155ee774d78eb559b5d3bcf4,ZCAoa+xdW2/hhfbsE7pHQeYad+kQkqdLp/6C6poX4TE=,29ac3bebc7d8bf95fc566b7fd18bb82a91593b8a3a0877f87ec4350551f94d53,,,,,,,,,,,,,,,,,7fb9987bb4b68b6de8f91b175665885e7a025bcecde562c1ce216788188e8480,audit_trails/artifacts/accepted_runtime_submissions/T1_Plain_TADP_client_000_r13_e04180b93a651f44__7fb9987bb4b68b6d.json,,,,,,,,,,,,,81194f917bff3ba3a77d5b6ff874115cb05693f5e55f5ce8529a0d5382c11a8d,c710ab4d36893d7225b5924afb12e5195e8870c1b6090a625b81f9ba60e1be2d,,
186,07b56731d97b47b9def7c97ac22d93f9,9807b00ec9f05c0ed690f948a024469da45a3923628918d48e6175fa51233777,2026-08-22T17:42:17.649241+00:00,TADP-SEC/12.1,CLIENT_CIPHERTEXT_BINDING,T1_Plain_TADP,,,,client_000,,,,,,,,,,,,,,,,,,,,,,,,,,,,,,,,,,,,,,,,CIPHERTEXT_BOUND_TO_SIGNED_UPDATE,,,,,,,,,,,,,,,,,C1_PUBLIC,1,,,,,,,,,,,,,a15b348f85bb182c83947cdb6e17beca,,,,,,,,,,,,,,13,VERIFIED,,,,,True,,,,,False,eym8ZvsjLMzHOPumhqcX+5p5N9wiRDsxqk5dOQV+/yc=,e04180b93a651f4419094f4e8fe36778570d04cd051e507421cb432924ee9c2a,lhIS+WjWdu7nwVo2eeSh1fX8D+pCzpAo3q6D86Frg0w=,c3b38c322860432d788dbf86a99ddaa580fad3bd6d64e1856a80b3ea4e72c3ea,ZCAoa+xdW2/hhfbsE7pHQeYad+kQkqdLp/6C6poX4TE=,29ac3bebc7d8bf95fc566b7fd18bb82a91593b8a3a0877f87ec4350551f94d53,plaintext_update_no_noise,reference_python,n=|logq=|scale=|scheme=plain,plain,,,,,,,,,f62b50d3caea7cf4611c959678972abe038d2491a4a70a626fc75d5554207aa0,,33656a4674c21e28bdd479c30cee565ee5954beb75a820ee5b2df11626ebc662,audit_trails/artifacts/ciphertext_attestations/T1_Plain_TADP_client_000_r13_b5a2f871c2dace50__33656a4674c21e28.json,,,,,,,,,,,,,,,c710ab4d36893d7225b5924afb12e5195e8870c1b6090a625b81f9ba60e1be2d,1b8d3faedcdf72e08a288df707f71eb2759756af481fbef21ce02d95cb76ef79,,
187,c8d9cf87b433b7a5ba7a743c5660da2b,9807b00ec9f05c0ed690f948a024469da45a3923628918d48e6175fa51233777,2026-08-22T17:42:18.545301+00:00,TADP-SEC/12.1,CLIENT_ACCEPTED_SUBMISSION,T1_Plain_TADP,,,,client_000,,,,,,,,,,,2.3-phase1-fixed-threshold-critical-floor-review-profile,47dd2e58be138865a6d591a63329509757be6b563afb2badb96beb09eac726e5,a663ab753fcbe1179628a237bb638420356ea261176b970e3553fa59bfe7e9d6,1c154f7d4e37aa15e037310f6b45ff14a874311a582c673470a238929d8125dd,8d877b4c3b654a235066cdd49bf4c7e04e1b662c0cf44a17b54811ea50677e11,VALIDATED_EVIDENCE_BUNDLE,,,,,,,,,,,,,,,,,,,,,,,,UPDATE_SUBMITTED_ENFORCED,,False,NOT_REQUIRED_AUTOMATED_POLICY,False,,,,,,,,,,,,,C1_PUBLIC,1,,,,,,,,6f8a5214daf0d8d5188f7da84fe0931408bac9ce898d47d09d53366ef6cfe2b8,c068640bad122342de0e81050f313e88a0b5bf947d459a5df25df6b117f89be9,,,2026-08-23T17:18:04.591571+00:00,a15b348f85bb182c83947cdb6e17beca,,,,,f8309220f1f45e721e8a9f419a375e6f95d94048bf5ffb4f916c98e7b2c1dd07,24c12d14a92d2be05ad3768d38115bacefec33d0936948386fe66f83fd4e6522,,,2026-08-22T18:42:05.390208+00:00,eb562985f77fc8a152d2d22d15bfd3f4695b107bdaa4c375fc5dde2be0f10805,active,,,14,ACCEPTED,ALL_BASELINE_CONTROLS,,,,True,True,True,True,True,False,Ew56EdUYNb1VoRZJ5ObnM1TFuRW9LzwfxlvLLQuL2VQ=,d677dabc327e38af082ffb93b104a7648234d4153e8bee76f131bb86e843158d,lhIS+WjWdu7nwVo2eeSh1fX8D+pCzpAo3q6D86Frg0w=,b1cd4c51d822ea358bc05066c4eae252795750c9c70d58dbc53267ec0bae3bc4,JEtYhAV5ClzhGKXc5SDerLFf3ZruqBf4mg64ti7g3ZU=,29ac3bebc7d8bf95fc566b7fd18bb82a91593b8a3a0877f87ec4350551f94d53,,,,,,,,,,,,,,,,,00cd57b3079416cf2a0fca708ebdf00bcdf037df5170c0c56656513561d2a74b,audit_trails/artifacts/accepted_runtime_submissions/T1_Plain_TADP_client_000_r14_d677dabc327e38af__00cd57b3079416cf.json,,,,,,,,,,,,,1b8d3faedcdf72e08a288df707f71eb2759756af481fbef21ce02d95cb76ef79,2f021ae510e5f1c7ee3394f25ce65f0f951eaaf8c7f73e140555d179e7b5df9f,,
188,861a87ecfd62d5b27a29b8ea64ebeab4,9807b00ec9f05c0ed690f948a024469da45a3923628918d48e6175fa51233777,2026-08-22T17:42:18.560396+00:00,TADP-SEC/12.1,CLIENT_CIPHERTEXT_BINDING,T1_Plain_TADP,,,,client_000,,,,,,,,,,,,,,,,,,,,,,,,,,,,,,,,,,,,,,,,CIPHERTEXT_BOUND_TO_SIGNED_UPDATE,,,,,,,,,,,,,,,,,C1_PUBLIC,1,,,,,,,,,,,,,a15b348f85bb182c83947cdb6e17beca,,,,,,,,,,,,,,14,VERIFIED,,,,,True,,,,,False,Ew56EdUYNb1VoRZJ5ObnM1TFuRW9LzwfxlvLLQuL2VQ=,d677dabc327e38af082ffb93b104a7648234d4153e8bee76f131bb86e843158d,lhIS+WjWdu7nwVo2eeSh1fX8D+pCzpAo3q6D86Frg0w=,ee5287fc456349fe8e3af6726e123ca09776c045a71bc442934bf2cf891cb8bf,JEtYhAV5ClzhGKXc5SDerLFf3ZruqBf4mg64ti7g3ZU=,29ac3bebc7d8bf95fc566b7fd18bb82a91593b8a3a0877f87ec4350551f94d53,plaintext_update_no_noise,reference_python,n=|logq=|scale=|scheme=plain,plain,,,,,,,,,f62b50d3caea7cf4611c959678972abe038d2491a4a70a626fc75d5554207aa0,,ff529456c124a30ada9ccc2489472ed651af6482999c57eb527bb5e260703595,audit_trails/artifacts/ciphertext_attestations/T1_Plain_TADP_client_000_r14_91ffce2586238f02__ff529456c124a30a.json,,,,,,,,,,,,,,,2f021ae510e5f1c7ee3394f25ce65f0f951eaaf8c7f73e140555d179e7b5df9f,023e8c875b64562061aba0368d5bd5ca543a334856525a2c44cc49969a34a44b,,
189,15d15cad23f7a23133eb475d527b652c,9807b00ec9f05c0ed690f948a024469da45a3923628918d48e6175fa51233777,2026-08-22T17:42:19.469954+00:00,TADP-SEC/12.1,CLIENT_ACCEPTED_SUBMISSION,T1_Plain_TADP,,,,client_000,,,,,,,,,,,2.3-phase1-fixed-threshold-critical-floor-review-profile,47dd2e58be138865a6d591a63329509757be6b563afb2badb96beb09eac726e5,a663ab753fcbe1179628a237bb638420356ea261176b970e3553fa59bfe7e9d6,1c154f7d4e37aa15e037310f6b45ff14a874311a582c673470a238929d8125dd,8d877b4c3b654a235066cdd49bf4c7e04e1b662c0cf44a17b54811ea50677e11,VALIDATED_EVIDENCE_BUNDLE,,,,,,,,,,,,,,,,,,,,,,,,UPDATE_SUBMITTED_ENFORCED,,False,NOT_REQUIRED_AUTOMATED_POLICY,False,,,,,,,,,,,,,C1_PUBLIC,1,,,,,,,,6f8a5214daf0d8d5188f7da84fe0931408bac9ce898d47d09d53366ef6cfe2b8,c068640bad122342de0e81050f313e88a0b5bf947d459a5df25df6b117f89be9,,,2026-08-23T17:18:04.591571+00:00,a15b348f85bb182c83947cdb6e17beca,,,,,f8309220f1f45e721e8a9f419a375e6f95d94048bf5ffb4f916c98e7b2c1dd07,24c12d14a92d2be05ad3768d38115bacefec33d0936948386fe66f83fd4e6522,,,2026-08-22T18:42:05.390208+00:00,eb562985f77fc8a152d2d22d15bfd3f4695b107bdaa4c375fc5dde2be0f10805,active,,,15,ACCEPTED,ALL_BASELINE_CONTROLS,,,,True,True,True,True,True,False,U6EwnkaeRdNYyboic1Q1gFuzRj5jY1QguJ6lk7GrrV4=,b577d64d98048ad1a68792f2e0557319f350284190833977ef642282d22b6cb9,lhIS+WjWdu7nwVo2eeSh1fX8D+pCzpAo3q6D86Frg0w=,dd21395d7e4e40d948020d42b1318e95d68a767c22c023b90e2d75942f2851e4,NUG8L3L4Ix2Iz1kGYH5LEMBi+gLG+zEBQGKjXGN4ZCw=,29ac3bebc7d8bf95fc566b7fd18bb82a91593b8a3a0877f87ec4350551f94d53,,,,,,,,,,,,,,,,,7195e85c3a93f625ce3aad94a32d57b22cd3f17cef3ebf80e689e68df33bbf16,audit_trails/artifacts/accepted_runtime_submissions/T1_Plain_TADP_client_000_r15_b577d64d98048ad1__7195e85c3a93f625.json,,,,,,,,,,,,,023e8c875b64562061aba0368d5bd5ca543a334856525a2c44cc49969a34a44b,cb4b21f1a5cae2463a917e52b073d2b49f147b52bb29272dc4405521113befb1,,
190,d84c56b08c5696a94331b5182a2fcded,9807b00ec9f05c0ed690f948a024469da45a3923628918d48e6175fa51233777,2026-08-22T17:42:19.484192+00:00,TADP-SEC/12.1,CLIENT_CIPHERTEXT_BINDING,T1_Plain_TADP,,,,client_000,,,,,,,,,,,,,,,,,,,,,,,,,,,,,,,,,,,,,,,,CIPHERTEXT_BOUND_TO_SIGNED_UPDATE,,,,,,,,,,,,,,,,,C1_PUBLIC,1,,,,,,,,,,,,,a15b348f85bb182c83947cdb6e17beca,,,,,,,,,,,,,,15,VERIFIED,,,,,True,,,,,False,U6EwnkaeRdNYyboic1Q1gFuzRj5jY1QguJ6lk7GrrV4=,b577d64d98048ad1a68792f2e0557319f350284190833977ef642282d22b6cb9,lhIS+WjWdu7nwVo2eeSh1fX8D+pCzpAo3q6D86Frg0w=,03202093115593c7ed18e6becf5d72377b17d183f61d93052c59ecf1593cab96,NUG8L3L4Ix2Iz1kGYH5LEMBi+gLG+zEBQGKjXGN4ZCw=,29ac3bebc7d8bf95fc566b7fd18bb82a91593b8a3a0877f87ec4350551f94d53,plaintext_update_no_noise,reference_python,n=|logq=|scale=|scheme=plain,plain,,,,,,,,,f62b50d3caea7cf4611c959678972abe038d2491a4a70a626fc75d5554207aa0,,f8b998860cc55c36563a19e5a6d8d4a44b8d0cdbca0a0879734e1071d5c260d7,audit_trails/artifacts/ciphertext_attestations/T1_Plain_TADP_client_000_r15_0b14f18bf5d0ac9a__f8b998860cc55c36.json,,,,,,,,,,,,,,,cb4b21f1a5cae2463a917e52b073d2b49f147b52bb29272dc4405521113befb1,a32fb3422725f58698ee0b2598f5a72ce06bae9344a39dc34121c00fd433ac33,,
191,ff5e87fc475f8ca3adda7645fe9bf3ac,9807b00ec9f05c0ed690f948a024469da45a3923628918d48e6175fa51233777,2026-08-22T17:42:20.386467+00:00,TADP-SEC/12.1,CLIENT_ACCEPTED_SUBMISSION,T1_Plain_TADP,,,,client_000,,,,,,,,,,,2.3-phase1-fixed-threshold-critical-floor-review-profile,47dd2e58be138865a6d591a63329509757be6b563afb2badb96beb09eac726e5,a663ab753fcbe1179628a237bb638420356ea261176b970e3553fa59bfe7e9d6,1c154f7d4e37aa15e037310f6b45ff14a874311a582c673470a238929d8125dd,8d877b4c3b654a235066cdd49bf4c7e04e1b662c0cf44a17b54811ea50677e11,VALIDATED_EVIDENCE_BUNDLE,,,,,,,,,,,,,,,,,,,,,,,,UPDATE_SUBMITTED_ENFORCED,,False,NOT_REQUIRED_AUTOMATED_POLICY,False,,,,,,,,,,,,,C1_PUBLIC,1,,,,,,,,6f8a5214daf0d8d5188f7da84fe0931408bac9ce898d47d09d53366ef6cfe2b8,c068640bad122342de0e81050f313e88a0b5bf947d459a5df25df6b117f89be9,,,2026-08-23T17:18:04.591571+00:00,a15b348f85bb182c83947cdb6e17beca,,,,,f8309220f1f45e721e8a9f419a375e6f95d94048bf5ffb4f916c98e7b2c1dd07,24c12d14a92d2be05ad3768d38115bacefec33d0936948386fe66f83fd4e6522,,,2026-08-22T18:42:05.390208+00:00,eb562985f77fc8a152d2d22d15bfd3f4695b107bdaa4c375fc5dde2be0f10805,active,,,16,ACCEPTED,ALL_BASELINE_CONTROLS,,,,True,True,True,True,True,False,9S/7rZoZ4P82RVns1j+qc8rIL1QGo0HeA707cV7KJaA=,c648d38609afe3594f63c477230cc4dc329a1695915b40db934f25e2cb15a4d6,lhIS+WjWdu7nwVo2eeSh1fX8D+pCzpAo3q6D86Frg0w=,941a346a6aab889f8be6fba996d1179a1a42d3ef22fb7faa533982a014ecccc6,Scnm7fMGKmo7hjg3bzASd7L0F946twkSgdw8N3LPNwo=,29ac3bebc7d8bf95fc566b7fd18bb82a91593b8a3a0877f87ec4350551f94d53,,,,,,,,,,,,,,,,,0d249f75da00cb9d0087ec30813381128b4aacbe24bd717ee05594c541c7615b,audit_trails/artifacts/accepted_runtime_submissions/T1_Plain_TADP_client_000_r16_c648d38609afe359__0d249f75da00cb9d.json,,,,,,,,,,,,,a32fb3422725f58698ee0b2598f5a72ce06bae9344a39dc34121c00fd433ac33,c1539a6f73439056c45b9145cbd391cce8a613c1a72e841b7eca5086fa44a792,,
192,bb2283ed89fb87e039e76160e8149bc2,9807b00ec9f05c0ed690f948a024469da45a3923628918d48e6175fa51233777,2026-08-22T17:42:20.400544+00:00,TADP-SEC/12.1,CLIENT_CIPHERTEXT_BINDING,T1_Plain_TADP,,,,client_000,,,,,,,,,,,,,,,,,,,,,,,,,,,,,,,,,,,,,,,,CIPHERTEXT_BOUND_TO_SIGNED_UPDATE,,,,,,,,,,,,,,,,,C1_PUBLIC,1,,,,,,,,,,,,,a15b348f85bb182c83947cdb6e17beca,,,,,,,,,,,,,,16,VERIFIED,,,,,True,,,,,False,9S/7rZoZ4P82RVns1j+qc8rIL1QGo0HeA707cV7KJaA=,c648d38609afe3594f63c477230cc4dc329a1695915b40db934f25e2cb15a4d6,lhIS+WjWdu7nwVo2eeSh1fX8D+pCzpAo3q6D86Frg0w=,0c891b5f26b38c49468441911634626bea42704bbb2cf70e47bdb2a324ee8509,Scnm7fMGKmo7hjg3bzASd7L0F946twkSgdw8N3LPNwo=,29ac3bebc7d8bf95fc566b7fd18bb82a91593b8a3a0877f87ec4350551f94d53,plaintext_update_no_noise,reference_python,n=|logq=|scale=|scheme=plain,plain,,,,,,,,,f62b50d3caea7cf4611c959678972abe038d2491a4a70a626fc75d5554207aa0,,75ff6cbd754a9811bde8bcca0c0dd845d8e65e3aedb7a931beeae323f46a7855,audit_trails/artifacts/ciphertext_attestations/T1_Plain_TADP_client_000_r16_5c8a3d8c9fdf4918__75ff6cbd754a9811.json,,,,,,,,,,,,,,,c1539a6f73439056c45b9145cbd391cce8a613c1a72e841b7eca5086fa44a792,570f8eb00d3fc87b9a9a98fa9a16186966dcd6bd339adce403b3bb3004615648,,tsOR82ZVBEV4PD8u5/KJs913J+ynyAc8infVsgCpZ9UBfWCu7QKsg8D8KmCk0FMcMgb+OrsOSYrjlEnZeX2Cqg6E1H1NxLS1YFNC3X9RVmL6v8HUGQmCkrtef6Nf/3Ba/KA1sKz4DWiuu5wdYOj45ShGoj5mgcbQgtNWoec8GaJGNr4tg3LqMYbdbkUI0XdM+3RE1FYEg4v03WoEnMILxTYoY4vHIxjXI6T1EQ9MH5BWVAq5FL3B3sxQvwRGFsgMGDBMXveBM8o/yF/Vc2XN7KTd526HwrmWtn5rkaLjvOJ600TXgVZhqvpTbfb6jDoUZ+qtp6TXPdVSn61NZISut/E6k2it2o1+3yJSUM03VbZLctnuymJXtVKbxLsMAQE5CsQcDdq9JxHX8tu7+FzoaZi2JKdOnLzgMm1q68D/t4TKbwZJ826wKB6r26u9rqBkOy0+ML2y2SjNICaQOCUXaAYH2XfqGUQHHn6rIt5F0bkSloxZEZQ3qg0ch/tH5P/P
193,ddc20ea68818eb8df7b10c4678dd07d0,9807b00ec9f05c0ed690f948a024469da45a3923628918d48e6175fa51233777,2026-08-22T17:42:21.341464+00:00,TADP-SEC/12.1,CLIENT_ACCEPTED_SUBMISSION,T1_Plain_TADP,,,,client_000,,,,,,,,,,,2.3-phase1-fixed-threshold-critical-floor-review-profile,47dd2e58be138865a6d591a63329509757be6b563afb2badb96beb09eac726e5,a663ab753fcbe1179628a237bb638420356ea261176b970e3553fa59bfe7e9d6,1c154f7d4e37aa15e037310f6b45ff14a874311a582c673470a238929d8125dd,8d877b4c3b654a235066cdd49bf4c7e04e1b662c0cf44a17b54811ea50677e11,VALIDATED_EVIDENCE_BUNDLE,,,,,,,,,,,,,,,,,,,,,,,,UPDATE_SUBMITTED_ENFORCED,,False,NOT_REQUIRED_AUTOMATED_POLICY,False,,,,,,,,,,,,,C1_PUBLIC,1,,,,,,,,6f8a5214daf0d8d5188f7da84fe0931408bac9ce898d47d09d53366ef6cfe2b8,c068640bad122342de0e81050f313e88a0b5bf947d459a5df25df6b117f89be9,,,2026-08-23T17:18:04.591571+00:00,a15b348f85bb182c83947cdb6e17beca,,,,,f8309220f1f45e721e8a9f419a375e6f95d94048bf5ffb4f916c98e7b2c1dd07,24c12d14a92d2be05ad3768d38115bacefec33d0936948386fe66f83fd4e6522,,,2026-08-22T18:42:05.390208+00:00,eb562985f77fc8a152d2d22d15bfd3f4695b107bdaa4c375fc5dde2be0f10805,active,,,17,ACCEPTED,ALL_BASELINE_CONTROLS,,,,True,True,True,True,True,False,SOuuv15XVJG6gVqEDLaV2GCmFHNOo32lf+n9ZBGADBo=,57d3320962484704e970c6c018566a5c8611b0a5b2a0fb6f50f5469489d020cd,lhIS+WjWdu7nwVo2eeSh1fX8D+pCzpAo3q6D86Frg0w=,7cb1057c097ecee7b627a00de4c772f28e29a33c29b727d796a3ef7756abde2c,UeKFT804Z5eX2u7ZxallKwMbreNqkBArah22oO5hU0A=,29ac3bebc7d8bf95fc566b7fd18bb82a91593b8a3a0877f87ec4350551f94d53,,,,,,,,,,,,,,,,,85558432d58875cf0009a330558909d52d342923c653391a120a1b62ff319900,audit_trails/artifacts/accepted_runtime_submissions/T1_Plain_TADP_client_000_r17_57d3320962484704__85558432d58875cf.json,,,,,,,,,,,,,570f8eb00d3fc87b9a9a98fa9a16186966dcd6bd339adce403b3bb3004615648,0e6231ae9b6a1e41770042d8ba0cf07108e579a3dd567f246a60d794a1f217a5,,
194,43bae3f879ee00b7d397ef151d4f54f2,9807b00ec9f05c0ed690f948a024469da45a3923628918d48e6175fa51233777,2026-08-22T17:42:21.356070+00:00,TADP-SEC/12.1,CLIENT_CIPHERTEXT_BINDING,T1_Plain_TADP,,,,client_000,,,,,,,,,,,,,,,,,,,,,,,,,,,,,,,,,,,,,,,,CIPHERTEXT_BOUND_TO_SIGNED_UPDATE,,,,,,,,,,,,,,,,,C1_PUBLIC,1,,,,,,,,,,,,,a15b348f85bb182c83947cdb6e17beca,,,,,,,,,,,,,,17,VERIFIED,,,,,True,,,,,False,SOuuv15XVJG6gVqEDLaV2GCmFHNOo32lf+n9ZBGADBo=,57d3320962484704e970c6c018566a5c8611b0a5b2a0fb6f50f5469489d020cd,lhIS+WjWdu7nwVo2eeSh1fX8D+pCzpAo3q6D86Frg0w=,69d447627643863956732588b49a6d4d6ec40bcaa7cfd4060e98b04c91358ebf,UeKFT804Z5eX2u7ZxallKwMbreNqkBArah22oO5hU0A=,29ac3bebc7d8bf95fc566b7fd18bb82a91593b8a3a0877f87ec4350551f94d53,plaintext_update_no_noise,reference_python,n=|logq=|scale=|scheme=plain,plain,,,,,,,,,f62b50d3caea7cf4611c959678972abe038d2491a4a70a626fc75d5554207aa0,,2a973942077c27f821b453ba750cb0e574b0ee8d0b875c976c3dc9cd0dbb59ab,audit_trails/artifacts/ciphertext_attestations/T1_Plain_TADP_client_000_r17_a32ce8a23913dde3__2a973942077c27f8.json,,,,,,,,,,,,,,,0e6231ae9b6a1e41770042d8ba0cf07108e579a3dd567f246a60d794a1f217a5,9bcccf7e997b98499910fb9070ab5e8ec8986418e0a90e3b94d2785fddc85d3d,,
195,896517036e713b66570d55d6ac90adf7,9807b00ec9f05c0ed690f948a024469da45a3923628918d48e6175fa51233777,2026-08-22T17:42:22.475385+00:00,TADP-SEC/12.1,CLIENT_ACCEPTED_SUBMISSION,T1_Plain_TADP,,,,client_000,,,,,,,,,,,2.3-phase1-fixed-threshold-critical-floor-review-profile,47dd2e58be138865a6d591a63329509757be6b563afb2badb96beb09eac726e5,a663ab753fcbe1179628a237bb638420356ea261176b970e3553fa59bfe7e9d6,1c154f7d4e37aa15e037310f6b45ff14a874311a582c673470a238929d8125dd,8d877b4c3b654a235066cdd49bf4c7e04e1b662c0cf44a17b54811ea50677e11,VALIDATED_EVIDENCE_BUNDLE,,,,,,,,,,,,,,,,,,,,,,,,UPDATE_SUBMITTED_ENFORCED,,False,NOT_REQUIRED_AUTOMATED_POLICY,False,,,,,,,,,,,,,C1_PUBLIC,1,,,,,,,,6f8a5214daf0d8d5188f7da84fe0931408bac9ce898d47d09d53366ef6cfe2b8,c068640bad122342de0e81050f313e88a0b5bf947d459a5df25df6b117f89be9,,,2026-08-23T17:18:04.591571+00:00,a15b348f85bb182c83947cdb6e17beca,,,,,f8309220f1f45e721e8a9f419a375e6f95d94048bf5ffb4f916c98e7b2c1dd07,24c12d14a92d2be05ad3768d38115bacefec33d0936948386fe66f83fd4e6522,,,2026-08-22T18:42:05.390208+00:00,eb562985f77fc8a152d2d22d15bfd3f4695b107bdaa4c375fc5dde2be0f10805,active,,,18,ACCEPTED,ALL_BASELINE_CONTROLS,,,,True,True,True,True,True,False,lcKZSHTUJ+zUflXlh5fGjEWpv4NjaJHiEpMtnkaTJng=,fbaaa925734ffaffde9d50a2cd8af985cfed1474a5600dac7b17db2a8d2f5119,lhIS+WjWdu7nwVo2eeSh1fX8D+pCzpAo3q6D86Frg0w=,fc1a13dbf49f193ecd4c7fc77a320737030e0619427f589747af1791fd390e6f,3fSFx8rGBSVAR0MpJFIcJ8tjnmA1xj4IgolFCA2mV18=,29ac3bebc7d8bf95fc566b7fd18bb82a91593b8a3a0877f87ec4350551f94d53,,,,,,,,,,,,,,,,,fa7e27181177386e62fe3ce9514eb0119226a651207c25ab47cf3a16154d868e,audit_trails/artifacts/accepted_runtime_submissions/T1_Plain_TADP_client_000_r18_fbaaa925734ffaff__fa7e27181177386e.json,,,,,,,,,,,,,9bcccf7e997b98499910fb9070ab5e8ec8986418e0a90e3b94d2785fddc85d3d,e74da6ba788a8d905f0c6d28873cb3846ed3ddd988182d37513de61dc892705b,,
196,911ae71bfa03794c64a76297acbc4011,9807b00ec9f05c0ed690f948a024469da45a3923628918d48e6175fa51233777,2026-08-22T17:42:22.491128+00:00,TADP-SEC/12.1,CLIENT_CIPHERTEXT_BINDING,T1_Plain_TADP,,,,client_000,,,,,,,,,,,,,,,,,,,,,,,,,,,,,,,,,,,,,,,,CIPHERTEXT_BOUND_TO_SIGNED_UPDATE,,,,,,,,,,,,,,,,,C1_PUBLIC,1,,,,,,,,,,,,,a15b348f85bb182c83947cdb6e17beca,,,,,,,,,,,,,,18,VERIFIED,,,,,True,,,,,False,lcKZSHTUJ+zUflXlh5fGjEWpv4NjaJHiEpMtnkaTJng=,fbaaa925734ffaffde9d50a2cd8af985cfed1474a5600dac7b17db2a8d2f5119,lhIS+WjWdu7nwVo2eeSh1fX8D+pCzpAo3q6D86Frg0w=,d6a4a60ba8ac6f3d165d6f66ac1c1a446d0a0eec039b32240a415aef498be23a,3fSFx8rGBSVAR0MpJFIcJ8tjnmA1xj4IgolFCA2mV18=,29ac3bebc7d8bf95fc566b7fd18bb82a91593b8a3a0877f87ec4350551f94d53,plaintext_update_no_noise,reference_python,n=|logq=|scale=|scheme=plain,plain,,,,,,,,,f62b50d3caea7cf4611c959678972abe038d2491a4a70a626fc75d5554207aa0,,e5cb9d80d5dbc5cd858fbf6371ee6399e265242b1987b7fb506ccca9cf0f8482,audit_trails/artifacts/ciphertext_attestations/T1_Plain_TADP_client_000_r18_cfb2d296aad36bc7__e5cb9d80d5dbc5cd.json,,,,,,,,,,,,,,,e74da6ba788a8d905f0c6d28873cb3846ed3ddd988182d37513de61dc892705b,56cc465628200dbe453b3d4455a56061e6ae12aff2aa18da94d3307293968219,,
197,0f94049313632b5e399b069ce1cac38b,9807b00ec9f05c0ed690f948a024469da45a3923628918d48e6175fa51233777,2026-08-22T17:42:23.664427+00:00,TADP-SEC/12.1,CLIENT_ACCEPTED_SUBMISSION,T1_Plain_TADP,,,,client_000,,,,,,,,,,,2.3-phase1-fixed-threshold-critical-floor-review-profile,47dd2e58be138865a6d591a63329509757be6b563afb2badb96beb09eac726e5,a663ab753fcbe1179628a237bb638420356ea261176b970e3553fa59bfe7e9d6,1c154f7d4e37aa15e037310f6b45ff14a874311a582c673470a238929d8125dd,8d877b4c3b654a235066cdd49bf4c7e04e1b662c0cf44a17b54811ea50677e11,VALIDATED_EVIDENCE_BUNDLE,,,,,,,,,,,,,,,,,,,,,,,,UPDATE_SUBMITTED_ENFORCED,,False,NOT_REQUIRED_AUTOMATED_POLICY,False,,,,,,,,,,,,,C1_PUBLIC,1,,,,,,,,6f8a5214daf0d8d5188f7da84fe0931408bac9ce898d47d09d53366ef6cfe2b8,c068640bad122342de0e81050f313e88a0b5bf947d459a5df25df6b117f89be9,,,2026-08-23T17:18:04.591571+00:00,a15b348f85bb182c83947cdb6e17beca,,,,,f8309220f1f45e721e8a9f419a375e6f95d94048bf5ffb4f916c98e7b2c1dd07,24c12d14a92d2be05ad3768d38115bacefec33d0936948386fe66f83fd4e6522,,,2026-08-22T18:42:05.390208+00:00,eb562985f77fc8a152d2d22d15bfd3f4695b107bdaa4c375fc5dde2be0f10805,active,,,19,ACCEPTED,ALL_BASELINE_CONTROLS,,,,True,True,True,True,True,False,CH7ngTLHQIMwlAovYi86I9yuQ8rgR4k9I2eIXE7J3b4=,7f31362d05296dde719664f81af71bf0ad8d3b36bc65acb7d2c463d086440d5c,lhIS+WjWdu7nwVo2eeSh1fX8D+pCzpAo3q6D86Frg0w=,010789afc68bd41dea0d4ca5c22b4dfb16ec53acd483e4f0712c665fa1815229,MlqzKgQkicOGF8p15ipgEvtOCFM/DjkWVcSu0On7/Qk=,29ac3bebc7d8bf95fc566b7fd18bb82a91593b8a3a0877f87ec4350551f94d53,,,,,,,,,,,,,,,,,aa53d150d60d122e54b1abc3fbc1d940dfcc354bcc6cf365d98e51e6dd9d1c8c,audit_trails/artifacts/accepted_runtime_submissions/T1_Plain_TADP_client_000_r19_7f31362d05296dde__aa53d150d60d122e.json,,,,,,,,,,,,,56cc465628200dbe453b3d4455a56061e6ae12aff2aa18da94d3307293968219,e7ef6c85e08e1c9b8f993f68b4eade83ded93d99547f08e0386ee6f503b98934,,
198,aff20697b5e1372c990064b2527a2bb7,9807b00ec9f05c0ed690f948a024469da45a3923628918d48e6175fa51233777,2026-08-22T17:42:23.680935+00:00,TADP-SEC/12.1,CLIENT_CIPHERTEXT_BINDING,T1_Plain_TADP,,,,client_000,,,,,,,,,,,,,,,,,,,,,,,,,,,,,,,,,,,,,,,,CIPHERTEXT_BOUND_TO_SIGNED_UPDATE,,,,,,,,,,,,,,,,,C1_PUBLIC,1,,,,,,,,,,,,,a15b348f85bb182c83947cdb6e17beca,,,,,,,,,,,,,,19,VERIFIED,,,,,True,,,,,False,CH7ngTLHQIMwlAovYi86I9yuQ8rgR4k9I2eIXE7J3b4=,7f31362d05296dde719664f81af71bf0ad8d3b36bc65acb7d2c463d086440d5c,lhIS+WjWdu7nwVo2eeSh1fX8D+pCzpAo3q6D86Frg0w=,e1a44b8253808e1523b5a4cdad9fc4412b0e7bf4a6ab2168bb988e058a3449d3,MlqzKgQkicOGF8p15ipgEvtOCFM/DjkWVcSu0On7/Qk=,29ac3bebc7d8bf95fc566b7fd18bb82a91593b8a3a0877f87ec4350551f94d53,plaintext_update_no_noise,reference_python,n=|logq=|scale=|scheme=plain,plain,,,,,,,,,f62b50d3caea7cf4611c959678972abe038d2491a4a70a626fc75d5554207aa0,,e1d3ee46753061595108350a4b294633682d9843dacc6840a4d69811abe564dc,audit_trails/artifacts/ciphertext_attestations/T1_Plain_TADP_client_000_r19_042918b66a7d8286__e1d3ee4675306159.json,,,,,,,,,,,,,,,e7ef6c85e08e1c9b8f993f68b4eade83ded93d99547f08e0386ee6f503b98934,0783d5c329db4089fb262d388dbf05caf017850d8e8e4b8929a1f558b2f58a23,,
199,7c793073c8cb6a835c7dfb29ee19b62a,9807b00ec9f05c0ed690f948a024469da45a3923628918d48e6175fa51233777,2026-08-22T17:42:24.994414+00:00,TADP-SEC/12.1,CLIENT_ACCEPTED_SUBMISSION,T1_Plain_TADP,,,,client_000,,,,,,,,,,,2.3-phase1-fixed-threshold-critical-floor-review-profile,47dd2e58be138865a6d591a63329509757be6b563afb2badb96beb09eac726e5,a663ab753fcbe1179628a237bb638420356ea261176b970e3553fa59bfe7e9d6,1c154f7d4e37aa15e037310f6b45ff14a874311a582c673470a238929d8125dd,8d877b4c3b654a235066cdd49bf4c7e04e1b662c0cf44a17b54811ea50677e11,VALIDATED_EVIDENCE_BUNDLE,,,,,,,,,,,,,,,,,,,,,,,,UPDATE_SUBMITTED_ENFORCED,,False,NOT_REQUIRED_AUTOMATED_POLICY,False,,,,,,,,,,,,,C1_PUBLIC,1,,,,,,,,6f8a5214daf0d8d5188f7da84fe0931408bac9ce898d47d09d53366ef6cfe2b8,c068640bad122342de0e81050f313e88a0b5bf947d459a5df25df6b117f89be9,,,2026-08-23T17:18:04.591571+00:00,a15b348f85bb182c83947cdb6e17beca,,,,,f8309220f1f45e721e8a9f419a375e6f95d94048bf5ffb4f916c98e7b2c1dd07,24c12d14a92d2be05ad3768d38115bacefec33d0936948386fe66f83fd4e6522,,,2026-08-22T18:42:05.390208+00:00,eb562985f77fc8a152d2d22d15bfd3f4695b107bdaa4c375fc5dde2be0f10805,active,,,20,ACCEPTED,ALL_BASELINE_CONTROLS,,,,True,True,True,True,True,False,tqBm+8MsC2cwjxMe+jP71w8L+MhHX1CXWX3oCLVmOhg=,8d7346360a10d1785b40533f94b87c9cb47d7a941f60480e1e747e57d85b3593,lhIS+WjWdu7nwVo2eeSh1fX8D+pCzpAo3q6D86Frg0w=,6aef2fc8774462cb850974be551d22a6b8f0c4ef7612b8bc2a549057a67959c5,xtymCQPrQdzUE+FjmVG6EuEw8Qvp23F/6vY93Ix499U=,29ac3bebc7d8bf95fc566b7fd18bb82a91593b8a3a0877f87ec4350551f94d53,,,,,,,,,,,,,,,,,18800f1dc314403f993d61d8c5f949fe3e3d7cfad6d3c1be7f3b5bb19486f1c5,audit_trails/artifacts/accepted_runtime_submissions/T1_Plain_TADP_client_000_r20_8d7346360a10d178__18800f1dc314403f.json,,,,,,,,,,,,,0783d5c329db4089fb262d388dbf05caf017850d8e8e4b8929a1f558b2f58a23,698ce72f3b6b312b0e814f2d5c9f2e5e47a44d162ea9222c2532882e8e21b049,,
200,bd9079ab3759659719cb356032033490,9807b00ec9f05c0ed690f948a024469da45a3923628918d48e6175fa51233777,2026-08-22T17:42:25.013322+00:00,TADP-SEC/12.1,CLIENT_CIPHERTEXT_BINDING,T1_Plain_TADP,,,,client_000,,,,,,,,,,,,,,,,,,,,,,,,,,,,,,,,,,,,,,,,CIPHERTEXT_BOUND_TO_SIGNED_UPDATE,,,,,,,,,,,,,,,,,C1_PUBLIC,1,,,,,,,,,,,,,a15b348f85bb182c83947cdb6e17beca,,,,,,,,,,,,,,20,VERIFIED,,,,,True,,,,,False,tqBm+8MsC2cwjxMe+jP71w8L+MhHX1CXWX3oCLVmOhg=,8d7346360a10d1785b40533f94b87c9cb47d7a941f60480e1e747e57d85b3593,lhIS+WjWdu7nwVo2eeSh1fX8D+pCzpAo3q6D86Frg0w=,27fb4824ffea68dd5a1b046eb497fb1e301fe17db54e94907903858773ca620c,xtymCQPrQdzUE+FjmVG6EuEw8Qvp23F/6vY93Ix499U=,29ac3bebc7d8bf95fc566b7fd18bb82a91593b8a3a0877f87ec4350551f94d53,plaintext_update_no_noise,reference_python,n=|logq=|scale=|scheme=plain,plain,,,,,,,,,f62b50d3caea7cf4611c959678972abe038d2491a4a70a626fc75d5554207aa0,,9b2b0457219a027f045d1cac3c7e46610df18aaff293b427cd13a42f5fb0e09a,audit_trails/artifacts/ciphertext_attestations/T1_Plain_TADP_client_000_r20_cba1e157d2435fed__9b2b0457219a027f.json,,,,,,,,,,,,,,,698ce72f3b6b312b0e814f2d5c9f2e5e47a44d162ea9222c2532882e8e21b049,efac76fd4ddf81b5a8fe42bc80afdf5866486d9483bf648e6a1ab84128af7c72,,
201,a990d18b3044e7590e0ca6b5ee32cb36,9807b00ec9f05c0ed690f948a024469da45a3923628918d48e6175fa51233777,2026-08-22T17:42:29.225001+00:00,TADP-SEC/12.1,CLIENT_ACCEPTED_SUBMISSION,T2_DF_KS_TADP,,,,client_000,,,,,,,,,,,2.3-phase1-fixed-threshold-critical-floor-review-profile,47dd2e58be138865a6d591a63329509757be6b563afb2badb96beb09eac726e5,a663ab753fcbe1179628a237bb638420356ea261176b970e3553fa59bfe7e9d6,1c154f7d4e37aa15e037310f6b45ff14a874311a582c673470a238929d8125dd,8d877b4c3b654a235066cdd49bf4c7e04e1b662c0cf44a17b54811ea50677e11,VALIDATED_EVIDENCE_BUNDLE,,,,,,,,,,,,,,,,,,,,,,,,UPDATE_SUBMITTED_ENFORCED,,False,NOT_REQUIRED_AUTOMATED_POLICY,False,,,,,,,,,,,,,C2_INTERNAL,2,,,,,,,,6f8a5214daf0d8d5188f7da84fe0931408bac9ce898d47d09d53366ef6cfe2b8,c068640bad122342de0e81050f313e88a0b5bf947d459a5df25df6b117f89be9,,,2026-08-23T17:18:04.591571+00:00,291e6e90f9499edde9b28c0284e3cc47,,,,,c141694a0ff3b94665196f8fa589a463d97e2ed4daf7f74f02fc61f8a6e2eeda,d3e502453bb303c1de5b6b28c1e5d53ed9ca68504c03602066ca27ef80975098,,,2026-08-22T18:42:29.165178+00:00,eb562985f77fc8a152d2d22d15bfd3f4695b107bdaa4c375fc5dde2be0f10805,active,,,1,ACCEPTED,ALL_BASELINE_CONTROLS,,,,True,True,True,True,True,False,1nSXIIsHBxOMLPrh/CSiCxb6EQajvaGc1tNHRU/cHSM=,baba9d0753f453b431ab3cb0ba26a806d55df897730e0c1cb2631f83c6f55d16,lhIS+WjWdu7nwVo2eeSh1fX8D+pCzpAo3q6D86Frg0w=,d839bb6229dfc25912345ac507ea8a49bd74b832b8612c7d5756c142667e8cd6,ij0QXzakTpJwf7kWURZWDMrtf3FvVItAm3+CdvSVB30=,29ac3bebc7d8bf95fc566b7fd18bb82a91593b8a3a0877f87ec4350551f94d53,,,,,,,,,,,,,,,,,39a7c237a599a109f6256c70f4876f5a01d2958d457cf93d3f0e837305cf2fde,audit_trails/artifacts/accepted_runtime_submissions/T2_DF_KS_TADP_client_000_r1_baba9d0753f453b4__39a7c237a599a109.json,,,,,,,,,,,,,efac76fd4ddf81b5a8fe42bc80afdf5866486d9483bf648e6a1ab84128af7c72,c7339511b1b5812de74864a354c0cd007550173c255b5f8efcf6ed143a07f024,,
202,e2a769754633753fd2c0bf9de6ded888,9807b00ec9f05c0ed690f948a024469da45a3923628918d48e6175fa51233777,2026-08-22T17:42:29.585877+00:00,TADP-SEC/12.1,CLIENT_CIPHERTEXT_BINDING,T2_DF_KS_TADP,,,,client_000,,,,,,,,,,,,,,,,,,,,,,,,,,,,,,,,,,,,,,,,CIPHERTEXT_BOUND_TO_SIGNED_UPDATE,,,,,,,,,,,,,,,,,C2_INTERNAL,2,,,,,,,,,,,,,291e6e90f9499edde9b28c0284e3cc47,,,,,,,,,,,,,,1,VERIFIED,,,,,True,,,,,False,1nSXIIsHBxOMLPrh/CSiCxb6EQajvaGc1tNHRU/cHSM=,baba9d0753f453b431ab3cb0ba26a806d55df897730e0c1cb2631f83c6f55d16,lhIS+WjWdu7nwVo2eeSh1fX8D+pCzpAo3q6D86Frg0w=,58c88795ed3eaeed44e1a2bcaff17ff61cb5e46161c02c36609c1ef066974230,ij0QXzakTpJwf7kWURZWDMrtf3FvVItAm3+CdvSVB30=,29ac3bebc7d8bf95fc566b7fd18bb82a91593b8a3a0877f87ec4350551f94d53,T2: real Modified-DF encryption → homomorphic multiplication → matrix-M key switching,reference_python,n=|logq=|scale=|scheme=real_modified_df_ks,df_server_or_authorized_aggregate_key,,,,,,,,,bb3f540d07f7937382cacd75bce135d6512f875110343cbd72a3a02bc970f421,,5e23484b0ff87c147c6f46dbd060aa3969c6b3325dbb5d0924fa755148426fd7,audit_trails/artifacts/ciphertext_attestations/T2_DF_KS_TADP_client_000_r1_7e300c58b507828f__5e23484b0ff87c14.json,,,,,,,,,,,,,,,c7339511b1b5812de74864a354c0cd007550173c255b5f8efcf6ed143a07f024,d71c9c1eb2a736f0d8357d4c3ed9526e6454749255e426ea0f2c3275408b0ee3,,
203,a1c5ee6233d6e1c14513ac42d2826690,9807b00ec9f05c0ed690f948a024469da45a3923628918d48e6175fa51233777,2026-08-22T17:42:34.318594+00:00,TADP-SEC/12.1,CLIENT_ACCEPTED_SUBMISSION,T2_DF_KS_TADP,,,,client_000,,,,,,,,,,,2.3-phase1-fixed-threshold-critical-floor-review-profile,47dd2e58be138865a6d591a63329509757be6b563afb2badb96beb09eac726e5,a663ab753fcbe1179628a237bb638420356ea261176b970e3553fa59bfe7e9d6,1c154f7d4e37aa15e037310f6b45ff14a874311a582c673470a238929d8125dd,8d877b4c3b654a235066cdd49bf4c7e04e1b662c0cf44a17b54811ea50677e11,VALIDATED_EVIDENCE_BUNDLE,,,,,,,,,,,,,,,,,,,,,,,,UPDATE_SUBMITTED_ENFORCED,,False,NOT_REQUIRED_AUTOMATED_POLICY,False,,,,,,,,,,,,,C2_INTERNAL,2,,,,,,,,6f8a5214daf0d8d5188f7da84fe0931408bac9ce898d47d09d53366ef6cfe2b8,c068640bad122342de0e81050f313e88a0b5bf947d459a5df25df6b117f89be9,,,2026-08-23T17:18:04.591571+00:00,291e6e90f9499edde9b28c0284e3cc47,,,,,c141694a0ff3b94665196f8fa589a463d97e2ed4daf7f74f02fc61f8a6e2eeda,d3e502453bb303c1de5b6b28c1e5d53ed9ca68504c03602066ca27ef80975098,,,2026-08-22T18:42:29.165178+00:00,eb562985f77fc8a152d2d22d15bfd3f4695b107bdaa4c375fc5dde2be0f10805,active,,,2,ACCEPTED,ALL_BASELINE_CONTROLS,,,,True,True,True,True,True,False,jDt2nuNjuP/UuXSlh+eyHHpc8nBDI8CAXbvGd7iLnPc=,e84028d75105916cac67144584941cc225d8034322ab32e4eace8d0057df310b,lhIS+WjWdu7nwVo2eeSh1fX8D+pCzpAo3q6D86Frg0w=,2b3370f0d8414e9ba1baf800ab1ea11acd76fb2fab987b258df2c190c1fa5f4e,k+GvB30/Rx+Yir4F9ZlUb2GliWyWY0mh38OQsNl8qhE=,29ac3bebc7d8bf95fc566b7fd18bb82a91593b8a3a0877f87ec4350551f94d53,,,,,,,,,,,,,,,,,6225ed136959f8eb0b0390ba448f036782a74e92d9669b8914ed86b9a1bb21ec,audit_trails/artifacts/accepted_runtime_submissions/T2_DF_KS_TADP_client_000_r2_e84028d75105916c__6225ed136959f8eb.json,,,,,,,,,,,,,d71c9c1eb2a736f0d8357d4c3ed9526e6454749255e426ea0f2c3275408b0ee3,027e0d890b7cc7a7e587351a7df924aefd874c0b1d291bbac4c34d34ab97ed6b,,
204,a732972a16ef0fec81029dbf5dd1b515,9807b00ec9f05c0ed690f948a024469da45a3923628918d48e6175fa51233777,2026-08-22T17:42:34.669482+00:00,TADP-SEC/12.1,CLIENT_CIPHERTEXT_BINDING,T2_DF_KS_TADP,,,,client_000,,,,,,,,,,,,,,,,,,,,,,,,,,,,,,,,,,,,,,,,CIPHERTEXT_BOUND_TO_SIGNED_UPDATE,,,,,,,,,,,,,,,,,C2_INTERNAL,2,,,,,,,,,,,,,291e6e90f9499edde9b28c0284e3cc47,,,,,,,,,,,,,,2,VERIFIED,,,,,True,,,,,False,jDt2nuNjuP/UuXSlh+eyHHpc8nBDI8CAXbvGd7iLnPc=,e84028d75105916cac67144584941cc225d8034322ab32e4eace8d0057df310b,lhIS+WjWdu7nwVo2eeSh1fX8D+pCzpAo3q6D86Frg0w=,414c30eefbbdefffd44cf5d4a98a7521c9cd9c6ed4c0c5daefcfcebf062e88aa,k+GvB30/Rx+Yir4F9ZlUb2GliWyWY0mh38OQsNl8qhE=,29ac3bebc7d8bf95fc566b7fd18bb82a91593b8a3a0877f87ec4350551f94d53,T2: real Modified-DF encryption → homomorphic multiplication → matrix-M key switching,reference_python,n=|logq=|scale=|scheme=real_modified_df_ks,df_server_or_authorized_aggregate_key,,,,,,,,,0a1a5f5424e9d3615358f17247291c911c4112e687adeac3b9b3272e12b1ff43,,18033839d7f6e3ed5762c635ab0c9449b62d2efa6e73a857b12e5ee2b33454e2,audit_trails/artifacts/ciphertext_attestations/T2_DF_KS_TADP_client_000_r2_cdf62a27469043dc__18033839d7f6e3ed.json,,,,,,,,,,,,,,,027e0d890b7cc7a7e587351a7df924aefd874c0b1d291bbac4c34d34ab97ed6b,de2e1bcb146d953ce8c21331859357fcca425a7597800e554f2e305c3e35c5d3,,
205,37901b41b19cb3d0366fda798b299998,9807b00ec9f05c0ed690f948a024469da45a3923628918d48e6175fa51233777,2026-08-22T17:42:40.906697+00:00,TADP-SEC/12.1,CLIENT_ACCEPTED_SUBMISSION,T2_DF_KS_TADP,,,,client_000,,,,,,,,,,,2.3-phase1-fixed-threshold-critical-floor-review-profile,47dd2e58be138865a6d591a63329509757be6b563afb2badb96beb09eac726e5,a663ab753fcbe1179628a237bb638420356ea261176b970e3553fa59bfe7e9d6,1c154f7d4e37aa15e037310f6b45ff14a874311a582c673470a238929d8125dd,8d877b4c3b654a235066cdd49bf4c7e04e1b662c0cf44a17b54811ea50677e11,VALIDATED_EVIDENCE_BUNDLE,,,,,,,,,,,,,,,,,,,,,,,,UPDATE_SUBMITTED_ENFORCED,,False,NOT_REQUIRED_AUTOMATED_POLICY,False,,,,,,,,,,,,,C2_INTERNAL,2,,,,,,,,6f8a5214daf0d8d5188f7da84fe0931408bac9ce898d47d09d53366ef6cfe2b8,c068640bad122342de0e81050f313e88a0b5bf947d459a5df25df6b117f89be9,,,2026-08-23T17:18:04.591571+00:00,291e6e90f9499edde9b28c0284e3cc47,,,,,c141694a0ff3b94665196f8fa589a463d97e2ed4daf7f74f02fc61f8a6e2eeda,d3e502453bb303c1de5b6b28c1e5d53ed9ca68504c03602066ca27ef80975098,,,2026-08-22T18:42:29.165178+00:00,eb562985f77fc8a152d2d22d15bfd3f4695b107bdaa4c375fc5dde2be0f10805,active,,,3,ACCEPTED,ALL_BASELINE_CONTROLS,,,,True,True,True,True,True,False,pdWnFjgP9OfG85VAMFP4exwX/W7Pv5GmNa/xAnOlv2M=,a1cbda279eafe586c4c15ef7e17387796ac63516743ab1a066f1dd21a873abde,lhIS+WjWdu7nwVo2eeSh1fX8D+pCzpAo3q6D86Frg0w=,f8e4aa2cb9b59cb3d76d5c290b01344ebb1ad889612aa0d29d53128b2c95a14c,mxrqEUgYZPk1TBbyf5qHRp2jHASoRCUpmbpjU9uuMhY=,29ac3bebc7d8bf95fc566b7fd18bb82a91593b8a3a0877f87ec4350551f94d53,,,,,,,,,,,,,,,,,1b152ff522804ad9cf4fd3d8fbcdf487d7eb77f5cc4ee6c3c1856a458d58e26b,audit_trails/artifacts/accepted_runtime_submissions/T2_DF_KS_TADP_client_000_r3_a1cbda279eafe586__1b152ff522804ad9.json,,,,,,,,,,,,,de2e1bcb146d953ce8c21331859357fcca425a7597800e554f2e305c3e35c5d3,1ce220cf9e90229afe12c3176cbd68e895028ae78510822eb1eec4086ee42b5f,,
206,9fdf8bc880b46a1cb29297489612e7cb,9807b00ec9f05c0ed690f948a024469da45a3923628918d48e6175fa51233777,2026-08-22T17:42:41.259459+00:00,TADP-SEC/12.1,CLIENT_CIPHERTEXT_BINDING,T2_DF_KS_TADP,,,,client_000,,,,,,,,,,,,,,,,,,,,,,,,,,,,,,,,,,,,,,,,CIPHERTEXT_BOUND_TO_SIGNED_UPDATE,,,,,,,,,,,,,,,,,C2_INTERNAL,2,,,,,,,,,,,,,291e6e90f9499edde9b28c0284e3cc47,,,,,,,,,,,,,,3,VERIFIED,,,,,True,,,,,False,pdWnFjgP9OfG85VAMFP4exwX/W7Pv5GmNa/xAnOlv2M=,a1cbda279eafe586c4c15ef7e17387796ac63516743ab1a066f1dd21a873abde,lhIS+WjWdu7nwVo2eeSh1fX8D+pCzpAo3q6D86Frg0w=,ba24cc62d776cc7ee6cd0bd42b4e569f3e3bb9baf666a58045ac023fd532873a,mxrqEUgYZPk1TBbyf5qHRp2jHASoRCUpmbpjU9uuMhY=,29ac3bebc7d8bf95fc566b7fd18bb82a91593b8a3a0877f87ec4350551f94d53,T2: real Modified-DF encryption → homomorphic multiplication → matrix-M key switching,reference_python,n=|logq=|scale=|scheme=real_modified_df_ks,df_server_or_authorized_aggregate_key,,,,,,,,,d347527c23e47b8ac46b286390efedaa65050d0f240cbd14b6718488f78ce0a2,,cf56c09b36af187740196a9c1b414c47499ae777e57ad5787ebe60583d8e65a9,audit_trails/artifacts/ciphertext_attestations/T2_DF_KS_TADP_client_000_r3_b09f29c0e24ad436__cf56c09b36af1877.json,,,,,,,,,,,,,,,1ce220cf9e90229afe12c3176cbd68e895028ae78510822eb1eec4086ee42b5f,e1a9a40e68204476c74811cc011fa19ca6c0829cc98b613610654c472520eb64,,
207,d0a2abd1a00dfa8466eea639835d59d7,9807b00ec9f05c0ed690f948a024469da45a3923628918d48e6175fa51233777,2026-08-22T17:42:45.998107+00:00,TADP-SEC/12.1,CLIENT_ACCEPTED_SUBMISSION,T2_DF_KS_TADP,,,,client_000,,,,,,,,,,,2.3-phase1-fixed-threshold-critical-floor-review-profile,47dd2e58be138865a6d591a63329509757be6b563afb2badb96beb09eac726e5,a663ab753fcbe1179628a237bb638420356ea261176b970e3553fa59bfe7e9d6,1c154f7d4e37aa15e037310f6b45ff14a874311a582c673470a238929d8125dd,8d877b4c3b654a235066cdd49bf4c7e04e1b662c0cf44a17b54811ea50677e11,VALIDATED_EVIDENCE_BUNDLE,,,,,,,,,,,,,,,,,,,,,,,,UPDATE_SUBMITTED_ENFORCED,,False,NOT_REQUIRED_AUTOMATED_POLICY,False,,,,,,,,,,,,,C2_INTERNAL,2,,,,,,,,6f8a5214daf0d8d5188f7da84fe0931408bac9ce898d47d09d53366ef6cfe2b8,c068640bad122342de0e81050f313e88a0b5bf947d459a5df25df6b117f89be9,,,2026-08-23T17:18:04.591571+00:00,291e6e90f9499edde9b28c0284e3cc47,,,,,c141694a0ff3b94665196f8fa589a463d97e2ed4daf7f74f02fc61f8a6e2eeda,d3e502453bb303c1de5b6b28c1e5d53ed9ca68504c03602066ca27ef80975098,,,2026-08-22T18:42:29.165178+00:00,eb562985f77fc8a152d2d22d15bfd3f4695b107bdaa4c375fc5dde2be0f10805,active,,,4,ACCEPTED,ALL_BASELINE_CONTROLS,,,,True,True,True,True,True,False,mK0Pi/6kIwXJKIItILPlCwkE8LHPrhuWwBrETEoJwBM=,9bade4bb6cb0d66e4271e5fc0f02a3976694d5fa7864ed143c1070b5dddbf1ff,lhIS+WjWdu7nwVo2eeSh1fX8D+pCzpAo3q6D86Frg0w=,c7b5b2db79457be4f209723cb08f9a28c9dc2bbf9c3a176d64207ca4d327d945,6OzhS3UHBTQO1AeJ7cwOl1UWLiB0mWpn3ZNO7c4ibLk=,29ac3bebc7d8bf95fc566b7fd18bb82a91593b8a3a0877f87ec4350551f94d53,,,,,,,,,,,,,,,,,9c4415287d5f8977a4de149883ede58258b14cb585304344de441dcc96e471f4,audit_trails/artifacts/accepted_runtime_submissions/T2_DF_KS_TADP_client_000_r4_9bade4bb6cb0d66e__9c4415287d5f8977.json,,,,,,,,,,,,,e1a9a40e68204476c74811cc011fa19ca6c0829cc98b613610654c472520eb64,d00e166ff06d4c3e23a5d0b7e1c59480d75cb749df0add5c2e473af38c5ee776,,
208,d33f582975f17d803c96d12de26820a8,9807b00ec9f05c0ed690f948a024469da45a3923628918d48e6175fa51233777,2026-08-22T17:42:46.351735+00:00,TADP-SEC/12.1,CLIENT_CIPHERTEXT_BINDING,T2_DF_KS_TADP,,,,client_000,,,,,,,,,,,,,,,,,,,,,,,,,,,,,,,,,,,,,,,,CIPHERTEXT_BOUND_TO_SIGNED_UPDATE,,,,,,,,,,,,,,,,,C2_INTERNAL,2,,,,,,,,,,,,,291e6e90f9499edde9b28c0284e3cc47,,,,,,,,,,,,,,4,VERIFIED,,,,,True,,,,,False,mK0Pi/6kIwXJKIItILPlCwkE8LHPrhuWwBrETEoJwBM=,9bade4bb6cb0d66e4271e5fc0f02a3976694d5fa7864ed143c1070b5dddbf1ff,lhIS+WjWdu7nwVo2eeSh1fX8D+pCzpAo3q6D86Frg0w=,8bdb5f1bd40da00a18c22d81e33b83f73f41a73c5c9a270b154e193e9c6d8b5f,6OzhS3UHBTQO1AeJ7cwOl1UWLiB0mWpn3ZNO7c4ibLk=,29ac3bebc7d8bf95fc566b7fd18bb82a91593b8a3a0877f87ec4350551f94d53,T2: real Modified-DF encryption → homomorphic multiplication → matrix-M key switching,reference_python,n=|logq=|scale=|scheme=real_modified_df_ks,df_server_or_authorized_aggregate_key,,,,,,,,,c90cbcfe64d3de4911cfed75a6e2e74b157ef102bd8127a9cab1fc8b2e7465da,,07aae04769d6204e09454ff5c1cbcec1707e9277c103cdad22cf24c460a6b3e6,audit_trails/artifacts/ciphertext_attestations/T2_DF_KS_TADP_client_000_r4_ba409be191355ddc__07aae04769d6204e.json,,,,,,,,,,,,,,,d00e166ff06d4c3e23a5d0b7e1c59480d75cb749df0add5c2e473af38c5ee776,dc44e416b7897bfa00098f1cfbb88b69fc485b7c2a3e0da49c2b126af3c73b3b,,
209,7366d70280e76d013e87f72137280f39,9807b00ec9f05c0ed690f948a024469da45a3923628918d48e6175fa51233777,2026-08-22T17:42:52.580840+00:00,TADP-SEC/12.1,CLIENT_ACCEPTED_SUBMISSION,T2_DF_KS_TADP,,,,client_000,,,,,,,,,,,2.3-phase1-fixed-threshold-critical-floor-review-profile,47dd2e58be138865a6d591a63329509757be6b563afb2badb96beb09eac726e5,a663ab753fcbe1179628a237bb638420356ea261176b970e3553fa59bfe7e9d6,1c154f7d4e37aa15e037310f6b45ff14a874311a582c673470a238929d8125dd,8d877b4c3b654a235066cdd49bf4c7e04e1b662c0cf44a17b54811ea50677e11,VALIDATED_EVIDENCE_BUNDLE,,,,,,,,,,,,,,,,,,,,,,,,UPDATE_SUBMITTED_ENFORCED,,False,NOT_REQUIRED_AUTOMATED_POLICY,False,,,,,,,,,,,,,C2_INTERNAL,2,,,,,,,,6f8a5214daf0d8d5188f7da84fe0931408bac9ce898d47d09d53366ef6cfe2b8,c068640bad122342de0e81050f313e88a0b5bf947d459a5df25df6b117f89be9,,,2026-08-23T17:18:04.591571+00:00,291e6e90f9499edde9b28c0284e3cc47,,,,,c141694a0ff3b94665196f8fa589a463d97e2ed4daf7f74f02fc61f8a6e2eeda,d3e502453bb303c1de5b6b28c1e5d53ed9ca68504c03602066ca27ef80975098,,,2026-08-22T18:42:29.165178+00:00,eb562985f77fc8a152d2d22d15bfd3f4695b107bdaa4c375fc5dde2be0f10805,active,,,5,ACCEPTED,ALL_BASELINE_CONTROLS,,,,True,True,True,True,True,False,pdVCfN7nDXge3fXg83YtKTICooJW6SRcVakoEdNBRf0=,75c47aaa710e7aef4d50b333dcdc177970151e82ce1476cf5399038e274de0ac,lhIS+WjWdu7nwVo2eeSh1fX8D+pCzpAo3q6D86Frg0w=,054c8b05ca79bef82c4d3abc74f848bbcc3845edcfe1f401c604c12ea9e90dda,cq0JNarm5mzgdrN0cRSJ6Uom0Lzlmnv8tHN80JWDHu0=,29ac3bebc7d8bf95fc566b7fd18bb82a91593b8a3a0877f87ec4350551f94d53,,,,,,,,,,,,,,,,,7df20276cedf6bcd8b69f1fc9438e78f2fbe7092230606d4fe0b8d210c5c70f6,audit_trails/artifacts/accepted_runtime_submissions/T2_DF_KS_TADP_client_000_r5_75c47aaa710e7aef__7df20276cedf6bcd.json,,,,,,,,,,,,,dc44e416b7897bfa00098f1cfbb88b69fc485b7c2a3e0da49c2b126af3c73b3b,7972a3d8d9060ce338a1deff10498aaf72017ea1dd0baf8e7233d90b0538c1f7,,
210,859cbbf17fc1060f3eebfcebb091eb77,9807b00ec9f05c0ed690f948a024469da45a3923628918d48e6175fa51233777,2026-08-22T17:42:52.932420+00:00,TADP-SEC/12.1,CLIENT_CIPHERTEXT_BINDING,T2_DF_KS_TADP,,,,client_000,,,,,,,,,,,,,,,,,,,,,,,,,,,,,,,,,,,,,,,,CIPHERTEXT_BOUND_TO_SIGNED_UPDATE,,,,,,,,,,,,,,,,,C2_INTERNAL,2,,,,,,,,,,,,,291e6e90f9499edde9b28c0284e3cc47,,,,,,,,,,,,,,5,VERIFIED,,,,,True,,,,,False,pdVCfN7nDXge3fXg83YtKTICooJW6SRcVakoEdNBRf0=,75c47aaa710e7aef4d50b333dcdc177970151e82ce1476cf5399038e274de0ac,lhIS+WjWdu7nwVo2eeSh1fX8D+pCzpAo3q6D86Frg0w=,fa4c8972d88eee96e50a7cb90c4222b170e44b6ecc5241ed34b9f252a9b108c0,cq0JNarm5mzgdrN0cRSJ6Uom0Lzlmnv8tHN80JWDHu0=,29ac3bebc7d8bf95fc566b7fd18bb82a91593b8a3a0877f87ec4350551f94d53,T2: real Modified-DF encryption → homomorphic multiplication → matrix-M key switching,reference_python,n=|logq=|scale=|scheme=real_modified_df_ks,df_server_or_authorized_aggregate_key,,,,,,,,,dbb8f78aebfff30a6bad766f30805db76f23a5dec2f22d0c6a419ed08bc4fa62,,590188b8583c9c7b323b3403577bafc9763fc59f248e996dd87d0f35f6ffebd5,audit_trails/artifacts/ciphertext_attestations/T2_DF_KS_TADP_client_000_r5_17620790add4ee22__590188b8583c9c7b.json,,,,,,,,,,,,,,,7972a3d8d9060ce338a1deff10498aaf72017ea1dd0baf8e7233d90b0538c1f7,ff9c14852460162c88ff905e2714801556fc3f1acc5f799acd41e91b0ef91c54,,
211,5cc3cac47ae60e3c45da6fde915d34be,9807b00ec9f05c0ed690f948a024469da45a3923628918d48e6175fa51233777,2026-08-22T17:42:57.687919+00:00,TADP-SEC/12.1,CLIENT_ACCEPTED_SUBMISSION,T2_DF_KS_TADP,,,,client_000,,,,,,,,,,,2.3-phase1-fixed-threshold-critical-floor-review-profile,47dd2e58be138865a6d591a63329509757be6b563afb2badb96beb09eac726e5,a663ab753fcbe1179628a237bb638420356ea261176b970e3553fa59bfe7e9d6,1c154f7d4e37aa15e037310f6b45ff14a874311a582c673470a238929d8125dd,8d877b4c3b654a235066cdd49bf4c7e04e1b662c0cf44a17b54811ea50677e11,VALIDATED_EVIDENCE_BUNDLE,,,,,,,,,,,,,,,,,,,,,,,,UPDATE_SUBMITTED_ENFORCED,,False,NOT_REQUIRED_AUTOMATED_POLICY,False,,,,,,,,,,,,,C2_INTERNAL,2,,,,,,,,6f8a5214daf0d8d5188f7da84fe0931408bac9ce898d47d09d53366ef6cfe2b8,c068640bad122342de0e81050f313e88a0b5bf947d459a5df25df6b117f89be9,,,2026-08-23T17:18:04.591571+00:00,291e6e90f9499edde9b28c0284e3cc47,,,,,c141694a0ff3b94665196f8fa589a463d97e2ed4daf7f74f02fc61f8a6e2eeda,d3e502453bb303c1de5b6b28c1e5d53ed9ca68504c03602066ca27ef80975098,,,2026-08-22T18:42:29.165178+00:00,eb562985f77fc8a152d2d22d15bfd3f4695b107bdaa4c375fc5dde2be0f10805,active,,,6,ACCEPTED,ALL_BASELINE_CONTROLS,,,,True,True,True,True,True,False,gO0eTL6EeXNZz85T5StGug2LrxnZaDK0W5vh8TLoK3Y=,413af0eeba9a27ed8c31c2ad2977ddff77d33fe627241202bfaeb0f4b3fca7e9,lhIS+WjWdu7nwVo2eeSh1fX8D+pCzpAo3q6D86Frg0w=,93935010243300cf186dc4abac465a6b6ce4edf6336a6b1b963305956829c080,/w0ARRujqOBk3MyMbaVogGf/9USjLLl8pHiCiDsMEAc=,29ac3bebc7d8bf95fc566b7fd18bb82a91593b8a3a0877f87ec4350551f94d53,,,,,,,,,,,,,,,,,46d8c64ea8c9d2286d9f689271bf0fda8d45e1106fa7c28452b4166c3a2745fc,audit_trails/artifacts/accepted_runtime_submissions/T2_DF_KS_TADP_client_000_r6_413af0eeba9a27ed__46d8c64ea8c9d228.json,,,,,,,,,,,,,ff9c14852460162c88ff905e2714801556fc3f1acc5f799acd41e91b0ef91c54,9a738b1d076bc26ec611f1f2d6d8737d3d0322e08813b2fe4d03124d789f8354,,
212,6513ac1d0c9ef2d6b59e820bc992f77d,9807b00ec9f05c0ed690f948a024469da45a3923628918d48e6175fa51233777,2026-08-22T17:42:58.037530+00:00,TADP-SEC/12.1,CLIENT_CIPHERTEXT_BINDING,T2_DF_KS_TADP,,,,client_000,,,,,,,,,,,,,,,,,,,,,,,,,,,,,,,,,,,,,,,,CIPHERTEXT_BOUND_TO_SIGNED_UPDATE,,,,,,,,,,,,,,,,,C2_INTERNAL,2,,,,,,,,,,,,,291e6e90f9499edde9b28c0284e3cc47,,,,,,,,,,,,,,6,VERIFIED,,,,,True,,,,,False,gO0eTL6EeXNZz85T5StGug2LrxnZaDK0W5vh8TLoK3Y=,413af0eeba9a27ed8c31c2ad2977ddff77d33fe627241202bfaeb0f4b3fca7e9,lhIS+WjWdu7nwVo2eeSh1fX8D+pCzpAo3q6D86Frg0w=,eed92a2849e476172904f57f9c95e3e66a5bce885de2378a70791ad60ce9bb3f,/w0ARRujqOBk3MyMbaVogGf/9USjLLl8pHiCiDsMEAc=,29ac3bebc7d8bf95fc566b7fd18bb82a91593b8a3a0877f87ec4350551f94d53,T2: real Modified-DF encryption → homomorphic multiplication → matrix-M key switching,reference_python,n=|logq=|scale=|scheme=real_modified_df_ks,df_server_or_authorized_aggregate_key,,,,,,,,,943bb53f543a68c09639c5dff94c1fcf73ec73602abfa9c748abfced91571a2c,,d08881ee53032a17d9bd4e648c12fd8e5006d7d217fee5f40f78bd3046e3ad69,audit_trails/artifacts/ciphertext_attestations/T2_DF_KS_TADP_client_000_r6_ff26aad89c328e85__d08881ee53032a17.json,,,,,,,,,,,,,,,9a738b1d076bc26ec611f1f2d6d8737d3d0322e08813b2fe4d03124d789f8354,8c1de2e98962ad4283f93d3e2cc70128dd318690fa9c34fcb3730750d7b8b82f,,
213,6f53d84318da027ee66a1ff3c0f61c12,9807b00ec9f05c0ed690f948a024469da45a3923628918d48e6175fa51233777,2026-08-22T17:43:02.865979+00:00,TADP-SEC/12.1,CLIENT_ACCEPTED_SUBMISSION,T2_DF_KS_TADP,,,,client_000,,,,,,,,,,,2.3-phase1-fixed-threshold-critical-floor-review-profile,47dd2e58be138865a6d591a63329509757be6b563afb2badb96beb09eac726e5,a663ab753fcbe1179628a237bb638420356ea261176b970e3553fa59bfe7e9d6,1c154f7d4e37aa15e037310f6b45ff14a874311a582c673470a238929d8125dd,8d877b4c3b654a235066cdd49bf4c7e04e1b662c0cf44a17b54811ea50677e11,VALIDATED_EVIDENCE_BUNDLE,,,,,,,,,,,,,,,,,,,,,,,,UPDATE_SUBMITTED_ENFORCED,,False,NOT_REQUIRED_AUTOMATED_POLICY,False,,,,,,,,,,,,,C2_INTERNAL,2,,,,,,,,6f8a5214daf0d8d5188f7da84fe0931408bac9ce898d47d09d53366ef6cfe2b8,c068640bad122342de0e81050f313e88a0b5bf947d459a5df25df6b117f89be9,,,2026-08-23T17:18:04.591571+00:00,291e6e90f9499edde9b28c0284e3cc47,,,,,c141694a0ff3b94665196f8fa589a463d97e2ed4daf7f74f02fc61f8a6e2eeda,d3e502453bb303c1de5b6b28c1e5d53ed9ca68504c03602066ca27ef80975098,,,2026-08-22T18:42:29.165178+00:00,eb562985f77fc8a152d2d22d15bfd3f4695b107bdaa4c375fc5dde2be0f10805,active,,,7,ACCEPTED,ALL_BASELINE_CONTROLS,,,,True,True,True,True,True,False,nvGRJ40aY3JY8gjA+no48cXxgikihQ2oMMhvpZXA+z0=,3937a3968bf6139985b3e02633c045b5e325ece84a8eb144b8b2b02ac92d90cd,lhIS+WjWdu7nwVo2eeSh1fX8D+pCzpAo3q6D86Frg0w=,b61bae3cec36b5d43e1257917196f79db7b248e3642f753f837ad5a2813fe528,jP3zuXEWtblrqXYjBKxQKpMsT4SzL2Mvb2zhwQdMA38=,29ac3bebc7d8bf95fc566b7fd18bb82a91593b8a3a0877f87ec4350551f94d53,,,,,,,,,,,,,,,,,51e28baee89b942897fa07026b34a00f3ebdbe823afe0f21ea3f8a065270b0c6,audit_trails/artifacts/accepted_runtime_submissions/T2_DF_KS_TADP_client_000_r7_3937a3968bf61399__51e28baee89b9428.json,,,,,,,,,,,,,8c1de2e98962ad4283f93d3e2cc70128dd318690fa9c34fcb3730750d7b8b82f,d060b6e693f6a38dc614bc64e3944f471c912b2125a1110b4e293499a8c5d580,,
214,6a3f4faac1366a28af1a0def1904a495,9807b00ec9f05c0ed690f948a024469da45a3923628918d48e6175fa51233777,2026-08-22T17:43:03.504434+00:00,TADP-SEC/12.1,CLIENT_CIPHERTEXT_BINDING,T2_DF_KS_TADP,,,,client_000,,,,,,,,,,,,,,,,,,,,,,,,,,,,,,,,,,,,,,,,CIPHERTEXT_BOUND_TO_SIGNED_UPDATE,,,,,,,,,,,,,,,,,C2_INTERNAL,2,,,,,,,,,,,,,291e6e90f9499edde9b28c0284e3cc47,,,,,,,,,,,,,,7,VERIFIED,,,,,True,,,,,False,nvGRJ40aY3JY8gjA+no48cXxgikihQ2oMMhvpZXA+z0=,3937a3968bf6139985b3e02633c045b5e325ece84a8eb144b8b2b02ac92d90cd,lhIS+WjWdu7nwVo2eeSh1fX8D+pCzpAo3q6D86Frg0w=,b408a951195edae083e0607a27d93feb7aa221c0100798b715341a7cb59ed9cf,jP3zuXEWtblrqXYjBKxQKpMsT4SzL2Mvb2zhwQdMA38=,29ac3bebc7d8bf95fc566b7fd18bb82a91593b8a3a0877f87ec4350551f94d53,T2: real Modified-DF encryption → homomorphic multiplication → matrix-M key switching,reference_python,n=|logq=|scale=|scheme=real_modified_df_ks,df_server_or_authorized_aggregate_key,,,,,,,,,883b04f04b26ce734e07b6babe594fd4937742800d1cfca0ae2e453422d940ac,,3c60661faa39d8c202b31bc30cf817485e826536715b19575c1887d1d3044380,audit_trails/artifacts/ciphertext_attestations/T2_DF_KS_TADP_client_000_r7_a3d366352301bc12__3c60661faa39d8c2.json,,,,,,,,,,,,,,,d060b6e693f6a38dc614bc64e3944f471c912b2125a1110b4e293499a8c5d580,4f0f93d9cf4ef9e82c2bee0be421ad6f034c78826cda6bbf968a2b40d45f1f83,,
215,d5214e9883625fec400e6f294df14811,9807b00ec9f05c0ed690f948a024469da45a3923628918d48e6175fa51233777,2026-08-22T17:43:09.359895+00:00,TADP-SEC/12.1,CLIENT_ACCEPTED_SUBMISSION,T2_DF_KS_TADP,,,,client_000,,,,,,,,,,,2.3-phase1-fixed-threshold-critical-floor-review-profile,47dd2e58be138865a6d591a63329509757be6b563afb2badb96beb09eac726e5,a663ab753fcbe1179628a237bb638420356ea261176b970e3553fa59bfe7e9d6,1c154f7d4e37aa15e037310f6b45ff14a874311a582c673470a238929d8125dd,8d877b4c3b654a235066cdd49bf4c7e04e1b662c0cf44a17b54811ea50677e11,VALIDATED_EVIDENCE_BUNDLE,,,,,,,,,,,,,,,,,,,,,,,,UPDATE_SUBMITTED_ENFORCED,,False,NOT_REQUIRED_AUTOMATED_POLICY,False,,,,,,,,,,,,,C2_INTERNAL,2,,,,,,,,6f8a5214daf0d8d5188f7da84fe0931408bac9ce898d47d09d53366ef6cfe2b8,c068640bad122342de0e81050f313e88a0b5bf947d459a5df25df6b117f89be9,,,2026-08-23T17:18:04.591571+00:00,291e6e90f9499edde9b28c0284e3cc47,,,,,c141694a0ff3b94665196f8fa589a463d97e2ed4daf7f74f02fc61f8a6e2eeda,d3e502453bb303c1de5b6b28c1e5d53ed9ca68504c03602066ca27ef80975098,,,2026-08-22T18:42:29.165178+00:00,eb562985f77fc8a152d2d22d15bfd3f4695b107bdaa4c375fc5dde2be0f10805,active,,,8,ACCEPTED,ALL_BASELINE_CONTROLS,,,,True,True,True,True,True,False,jinlUchbLZTtYvqgB1WQz2siUFa0v4EcqCpE45IBJpA=,80d403525e99c15edbc3e68da2ad3fa485f19e9569410ac5d3c92aaeb3cd5ddf,lhIS+WjWdu7nwVo2eeSh1fX8D+pCzpAo3q6D86Frg0w=,7a59186398917012ac59cf8bb7c4a2790383fd7200fece5878ed020cd181ff68,V/tFdM9hiPml9VqiQrTX1Z1xmhGuhqWmqS3TJUnd8d8=,29ac3bebc7d8bf95fc566b7fd18bb82a91593b8a3a0877f87ec4350551f94d53,,,,,,,,,,,,,,,,,b21333a179264a566c02c83b3075c4d3a94d87512bb1c7706252e3e47bf622b6,audit_trails/artifacts/accepted_runtime_submissions/T2_DF_KS_TADP_client_000_r8_80d403525e99c15e__b21333a179264a56.json,,,,,,,,,,,,,4f0f93d9cf4ef9e82c2bee0be421ad6f034c78826cda6bbf968a2b40d45f1f83,08b25ed7dda9d2efad3e5798f68210116c5929e2f7340a5274852ccf5cd19d78,,
216,eebf5587fddde87aabd3ebdcfd93ada4,9807b00ec9f05c0ed690f948a024469da45a3923628918d48e6175fa51233777,2026-08-22T17:43:09.711247+00:00,TADP-SEC/12.1,CLIENT_CIPHERTEXT_BINDING,T2_DF_KS_TADP,,,,client_000,,,,,,,,,,,,,,,,,,,,,,,,,,,,,,,,,,,,,,,,CIPHERTEXT_BOUND_TO_SIGNED_UPDATE,,,,,,,,,,,,,,,,,C2_INTERNAL,2,,,,,,,,,,,,,291e6e90f9499edde9b28c0284e3cc47,,,,,,,,,,,,,,8,VERIFIED,,,,,True,,,,,False,jinlUchbLZTtYvqgB1WQz2siUFa0v4EcqCpE45IBJpA=,80d403525e99c15edbc3e68da2ad3fa485f19e9569410ac5d3c92aaeb3cd5ddf,lhIS+WjWdu7nwVo2eeSh1fX8D+pCzpAo3q6D86Frg0w=,158c87e033c5133e5fd870be976cfb9131a77a8fc224345543fa1e697ac7f406,V/tFdM9hiPml9VqiQrTX1Z1xmhGuhqWmqS3TJUnd8d8=,29ac3bebc7d8bf95fc566b7fd18bb82a91593b8a3a0877f87ec4350551f94d53,T2: real Modified-DF encryption → homomorphic multiplication → matrix-M key switching,reference_python,n=|logq=|scale=|scheme=real_modified_df_ks,df_server_or_authorized_aggregate_key,,,,,,,,,9a3031eac37d0c0cf5ad5d5cec3bfc81e17815ba3faa4180dd1c0dab007b6a0f,,2d73979b39d5a784c66ab10bf1d9989314f1f76f93f4decd94bc54d143433fdc,audit_trails/artifacts/ciphertext_attestations/T2_DF_KS_TADP_client_000_r8_9a7ba03a8b2ecc93__2d73979b39d5a784.json,,,,,,,,,,,,,,,08b25ed7dda9d2efad3e5798f68210116c5929e2f7340a5274852ccf5cd19d78,46e48c5d472a40c814b3eda4b442276b40c4ed03887d9b5adcd5f3f5113cfd8e,,
217,98a7e805aaed678d3839909b76697410,9807b00ec9f05c0ed690f948a024469da45a3923628918d48e6175fa51233777,2026-08-22T17:43:14.435877+00:00,TADP-SEC/12.1,CLIENT_ACCEPTED_SUBMISSION,T2_DF_KS_TADP,,,,client_000,,,,,,,,,,,2.3-phase1-fixed-threshold-critical-floor-review-profile,47dd2e58be138865a6d591a63329509757be6b563afb2badb96beb09eac726e5,a663ab753fcbe1179628a237bb638420356ea261176b970e3553fa59bfe7e9d6,1c154f7d4e37aa15e037310f6b45ff14a874311a582c673470a238929d8125dd,8d877b4c3b654a235066cdd49bf4c7e04e1b662c0cf44a17b54811ea50677e11,VALIDATED_EVIDENCE_BUNDLE,,,,,,,,,,,,,,,,,,,,,,,,UPDATE_SUBMITTED_ENFORCED,,False,NOT_REQUIRED_AUTOMATED_POLICY,False,,,,,,,,,,,,,C2_INTERNAL,2,,,,,,,,6f8a5214daf0d8d5188f7da84fe0931408bac9ce898d47d09d53366ef6cfe2b8,c068640bad122342de0e81050f313e88a0b5bf947d459a5df25df6b117f89be9,,,2026-08-23T17:18:04.591571+00:00,291e6e90f9499edde9b28c0284e3cc47,,,,,c141694a0ff3b94665196f8fa589a463d97e2ed4daf7f74f02fc61f8a6e2eeda,d3e502453bb303c1de5b6b28c1e5d53ed9ca68504c03602066ca27ef80975098,,,2026-08-22T18:42:29.165178+00:00,eb562985f77fc8a152d2d22d15bfd3f4695b107bdaa4c375fc5dde2be0f10805,active,,,9,ACCEPTED,ALL_BASELINE_CONTROLS,,,,True,True,True,True,True,False,X9CNuGFkUTTAms/UF1ttxXvRyTYiVxGyxnoP21/NMEQ=,6021e3826a795449a4e9ef98a45ebff3d1821af09405417092f992264b77a062,lhIS+WjWdu7nwVo2eeSh1fX8D+pCzpAo3q6D86Frg0w=,6e188b870b4c07077371b4f136c98eedb6587509f72fb5718425bb2886b3cef5,hpsaynjjEMF0cVh7nyAybGlUaKv5KbxEcMMup53mqn0=,29ac3bebc7d8bf95fc566b7fd18bb82a91593b8a3a0877f87ec4350551f94d53,,,,,,,,,,,,,,,,,d061e543c5b905521f9f8b79852ca83c41f62f256efc311303f33688763aa726,audit_trails/artifacts/accepted_runtime_submissions/T2_DF_KS_TADP_client_000_r9_6021e3826a795449__d061e543c5b90552.json,,,,,,,,,,,,,46e48c5d472a40c814b3eda4b442276b40c4ed03887d9b5adcd5f3f5113cfd8e,08cd3467e82a2814f2475d75c6e8af47f37a2376bd563a7b8800364774329cad,,
218,1b05bf1e1fb1720de4e3add20210e765,9807b00ec9f05c0ed690f948a024469da45a3923628918d48e6175fa51233777,2026-08-22T17:43:14.787529+00:00,TADP-SEC/12.1,CLIENT_CIPHERTEXT_BINDING,T2_DF_KS_TADP,,,,client_000,,,,,,,,,,,,,,,,,,,,,,,,,,,,,,,,,,,,,,,,CIPHERTEXT_BOUND_TO_SIGNED_UPDATE,,,,,,,,,,,,,,,,,C2_INTERNAL,2,,,,,,,,,,,,,291e6e90f9499edde9b28c0284e3cc47,,,,,,,,,,,,,,9,VERIFIED,,,,,True,,,,,False,X9CNuGFkUTTAms/UF1ttxXvRyTYiVxGyxnoP21/NMEQ=,6021e3826a795449a4e9ef98a45ebff3d1821af09405417092f992264b77a062,lhIS+WjWdu7nwVo2eeSh1fX8D+pCzpAo3q6D86Frg0w=,cb90e8ebe967d9794a7ea8b2981911b7fef8dc2d72b2edf15d25cfd936e2d265,hpsaynjjEMF0cVh7nyAybGlUaKv5KbxEcMMup53mqn0=,29ac3bebc7d8bf95fc566b7fd18bb82a91593b8a3a0877f87ec4350551f94d53,T2: real Modified-DF encryption → homomorphic multiplication → matrix-M key switching,reference_python,n=|logq=|scale=|scheme=real_modified_df_ks,df_server_or_authorized_aggregate_key,,,,,,,,,806f2c82ad1d99602bbd9f1713b5a231e14ec5a82b999dee528ae40fe99250b3,,e5a18e37581f07d0c110eacb544da4854ea49f0882234f2b66dfecf64c098eb1,audit_trails/artifacts/ciphertext_attestations/T2_DF_KS_TADP_client_000_r9_84e2e2b2b17934b3__e5a18e37581f07d0.json,,,,,,,,,,,,,,,08cd3467e82a2814f2475d75c6e8af47f37a2376bd563a7b8800364774329cad,bc92a2c9f96e1dbf67ecf478e561d47fb6e17ddafb5e1c8d7ea40e5dd56caffc,,
219,9ff952a7008ab28d2706b1952bc2a403,9807b00ec9f05c0ed690f948a024469da45a3923628918d48e6175fa51233777,2026-08-22T17:43:21.060538+00:00,TADP-SEC/12.1,CLIENT_ACCEPTED_SUBMISSION,T2_DF_KS_TADP,,,,client_000,,,,,,,,,,,2.3-phase1-fixed-threshold-critical-floor-review-profile,47dd2e58be138865a6d591a63329509757be6b563afb2badb96beb09eac726e5,a663ab753fcbe1179628a237bb638420356ea261176b970e3553fa59bfe7e9d6,1c154f7d4e37aa15e037310f6b45ff14a874311a582c673470a238929d8125dd,8d877b4c3b654a235066cdd49bf4c7e04e1b662c0cf44a17b54811ea50677e11,VALIDATED_EVIDENCE_BUNDLE,,,,,,,,,,,,,,,,,,,,,,,,UPDATE_SUBMITTED_ENFORCED,,False,NOT_REQUIRED_AUTOMATED_POLICY,False,,,,,,,,,,,,,C2_INTERNAL,2,,,,,,,,6f8a5214daf0d8d5188f7da84fe0931408bac9ce898d47d09d53366ef6cfe2b8,c068640bad122342de0e81050f313e88a0b5bf947d459a5df25df6b117f89be9,,,2026-08-23T17:18:04.591571+00:00,291e6e90f9499edde9b28c0284e3cc47,,,,,c141694a0ff3b94665196f8fa589a463d97e2ed4daf7f74f02fc61f8a6e2eeda,d3e502453bb303c1de5b6b28c1e5d53ed9ca68504c03602066ca27ef80975098,,,2026-08-22T18:42:29.165178+00:00,eb562985f77fc8a152d2d22d15bfd3f4695b107bdaa4c375fc5dde2be0f10805,active,,,10,ACCEPTED,ALL_BASELINE_CONTROLS,,,,True,True,True,True,True,False,9B+6NUNm04UjEaNLmQk2BtDXv37YRjxJqHrt8fezAsc=,758ccb85c815c4c8e4eec4b3f016ab1165152aaa418008bd4ae66b56553fbcee,lhIS+WjWdu7nwVo2eeSh1fX8D+pCzpAo3q6D86Frg0w=,96112c82dd1e15cbf5fff65c67ce60fe763e0f1dae00da58ddf0d18d2c25b4a5,sJ+BvQJqZnUSUFmcrJVchNo8u3Vx3cH+PDmCZEXabo4=,29ac3bebc7d8bf95fc566b7fd18bb82a91593b8a3a0877f87ec4350551f94d53,,,,,,,,,,,,,,,,,7e097c4a6734e9fc69e3569fd3c935d0b7343b17401a35f7cb249685bf52d1de,audit_trails/artifacts/accepted_runtime_submissions/T2_DF_KS_TADP_client_000_r10_758ccb85c815c4c8__7e097c4a6734e9fc.json,,,,,,,,,,,,,bc92a2c9f96e1dbf67ecf478e561d47fb6e17ddafb5e1c8d7ea40e5dd56caffc,ecaf651b76d611557752d8c02bb9a8b5190ab5ef2a4d5817283e2c465ee61799,,
220,a0bbdc5bf9e68389a58499f21ff90ddc,9807b00ec9f05c0ed690f948a024469da45a3923628918d48e6175fa51233777,2026-08-22T17:43:21.431944+00:00,TADP-SEC/12.1,CLIENT_CIPHERTEXT_BINDING,T2_DF_KS_TADP,,,,client_000,,,,,,,,,,,,,,,,,,,,,,,,,,,,,,,,,,,,,,,,CIPHERTEXT_BOUND_TO_SIGNED_UPDATE,,,,,,,,,,,,,,,,,C2_INTERNAL,2,,,,,,,,,,,,,291e6e90f9499edde9b28c0284e3cc47,,,,,,,,,,,,,,10,VERIFIED,,,,,True,,,,,False,9B+6NUNm04UjEaNLmQk2BtDXv37YRjxJqHrt8fezAsc=,758ccb85c815c4c8e4eec4b3f016ab1165152aaa418008bd4ae66b56553fbcee,lhIS+WjWdu7nwVo2eeSh1fX8D+pCzpAo3q6D86Frg0w=,bafdc63c14c5f15d22c9db3bcbe5b61a40a6abbebc4e988f7db802eda8cc621f,sJ+BvQJqZnUSUFmcrJVchNo8u3Vx3cH+PDmCZEXabo4=,29ac3bebc7d8bf95fc566b7fd18bb82a91593b8a3a0877f87ec4350551f94d53,T2: real Modified-DF encryption → homomorphic multiplication → matrix-M key switching,reference_python,n=|logq=|scale=|scheme=real_modified_df_ks,df_server_or_authorized_aggregate_key,,,,,,,,,c5c4846a8fb8accb076c467fada287cec10976b336f0032d3142163b484d4cff,,222a0eb6c2e810a995bb6a2979fe79c6a7ff7e19be81101176467f67033bbf9e,audit_trails/artifacts/ciphertext_attestations/T2_DF_KS_TADP_client_000_r10_907a957342c8d3db__222a0eb6c2e810a9.json,,,,,,,,,,,,,,,ecaf651b76d611557752d8c02bb9a8b5190ab5ef2a4d5817283e2c465ee61799,54e4dea410a439311bfb0a4e001b190cb89b552040e3691e0fbbbffd143103d3,,
221,3807cf76ed6c9f29a4031b090355c065,9807b00ec9f05c0ed690f948a024469da45a3923628918d48e6175fa51233777,2026-08-22T17:43:26.145901+00:00,TADP-SEC/12.1,CLIENT_ACCEPTED_SUBMISSION,T2_DF_KS_TADP,,,,client_000,,,,,,,,,,,2.3-phase1-fixed-threshold-critical-floor-review-profile,47dd2e58be138865a6d591a63329509757be6b563afb2badb96beb09eac726e5,a663ab753fcbe1179628a237bb638420356ea261176b970e3553fa59bfe7e9d6,1c154f7d4e37aa15e037310f6b45ff14a874311a582c673470a238929d8125dd,8d877b4c3b654a235066cdd49bf4c7e04e1b662c0cf44a17b54811ea50677e11,VALIDATED_EVIDENCE_BUNDLE,,,,,,,,,,,,,,,,,,,,,,,,UPDATE_SUBMITTED_ENFORCED,,False,NOT_REQUIRED_AUTOMATED_POLICY,False,,,,,,,,,,,,,C2_INTERNAL,2,,,,,,,,6f8a5214daf0d8d5188f7da84fe0931408bac9ce898d47d09d53366ef6cfe2b8,c068640bad122342de0e81050f313e88a0b5bf947d459a5df25df6b117f89be9,,,2026-08-23T17:18:04.591571+00:00,291e6e90f9499edde9b28c0284e3cc47,,,,,c141694a0ff3b94665196f8fa589a463d97e2ed4daf7f74f02fc61f8a6e2eeda,d3e502453bb303c1de5b6b28c1e5d53ed9ca68504c03602066ca27ef80975098,,,2026-08-22T18:42:29.165178+00:00,eb562985f77fc8a152d2d22d15bfd3f4695b107bdaa4c375fc5dde2be0f10805,active,,,11,ACCEPTED,ALL_BASELINE_CONTROLS,,,,True,True,True,True,True,False,T/k46Yo/Q7aPh6TKJCUNar9c3wBvMZNjPgUSYKkmZVQ=,57c8d8ed08c36a39a1911b1218c16dd90a4c44d9cbc8689974e00c393ed30b6f,lhIS+WjWdu7nwVo2eeSh1fX8D+pCzpAo3q6D86Frg0w=,94f02570282cf2aa7866f158d8b4468d31cd8b57b9db02fdba4f19e9250a8bfb,e307p9D4hymzVezuMPOAqBRPvNf4k3rxxss3AZgrbWw=,29ac3bebc7d8bf95fc566b7fd18bb82a91593b8a3a0877f87ec4350551f94d53,,,,,,,,,,,,,,,,,0c0909d602c8d1689440d22ec8a712e4a7e5ae96e799a4f57f5fe2913fe9122e,audit_trails/artifacts/accepted_runtime_submissions/T2_DF_KS_TADP_client_000_r11_57c8d8ed08c36a39__0c0909d602c8d168.json,,,,,,,,,,,,,54e4dea410a439311bfb0a4e001b190cb89b552040e3691e0fbbbffd143103d3,3f31f741593dfd324d78dc789dab6c55971542ffaaa5da41fa83441369f50411,,
222,b25af4e1a65ea01f0beb55d3f409ec0a,9807b00ec9f05c0ed690f948a024469da45a3923628918d48e6175fa51233777,2026-08-22T17:43:26.507950+00:00,TADP-SEC/12.1,CLIENT_CIPHERTEXT_BINDING,T2_DF_KS_TADP,,,,client_000,,,,,,,,,,,,,,,,,,,,,,,,,,,,,,,,,,,,,,,,CIPHERTEXT_BOUND_TO_SIGNED_UPDATE,,,,,,,,,,,,,,,,,C2_INTERNAL,2,,,,,,,,,,,,,291e6e90f9499edde9b28c0284e3cc47,,,,,,,,,,,,,,11,VERIFIED,,,,,True,,,,,False,T/k46Yo/Q7aPh6TKJCUNar9c3wBvMZNjPgUSYKkmZVQ=,57c8d8ed08c36a39a1911b1218c16dd90a4c44d9cbc8689974e00c393ed30b6f,lhIS+WjWdu7nwVo2eeSh1fX8D+pCzpAo3q6D86Frg0w=,f1c5712f841f71bf7e37b96ac3ca464c33a6c430aa6b317322d5304e03becbdc,e307p9D4hymzVezuMPOAqBRPvNf4k3rxxss3AZgrbWw=,29ac3bebc7d8bf95fc566b7fd18bb82a91593b8a3a0877f87ec4350551f94d53,T2: real Modified-DF encryption → homomorphic multiplication → matrix-M key switching,reference_python,n=|logq=|scale=|scheme=real_modified_df_ks,df_server_or_authorized_aggregate_key,,,,,,,,,74f05a74267b7ad8e756cc46cdcfb619cefc13186db5ce62997128149013c9f8,,42c342a429517693bbd1766520c064072a10a3afaeb4ca2ddefc50ebc969b2ec,audit_trails/artifacts/ciphertext_attestations/T2_DF_KS_TADP_client_000_r11_51cdac184e47471f__42c342a429517693.json,,,,,,,,,,,,,,,3f31f741593dfd324d78dc789dab6c55971542ffaaa5da41fa83441369f50411,0b1a29bee46d414c3a0e9861f21298f04d18fb9ad39640d2df0c04f1317dc506,,
223,3f1fc574da5ea0cf9dd47774ed5d3bcd,9807b00ec9f05c0ed690f948a024469da45a3923628918d48e6175fa51233777,2026-08-22T17:43:32.194360+00:00,TADP-SEC/12.1,CLIENT_ACCEPTED_SUBMISSION,T2_DF_KS_TADP,,,,client_000,,,,,,,,,,,2.3-phase1-fixed-threshold-critical-floor-review-profile,47dd2e58be138865a6d591a63329509757be6b563afb2badb96beb09eac726e5,a663ab753fcbe1179628a237bb638420356ea261176b970e3553fa59bfe7e9d6,1c154f7d4e37aa15e037310f6b45ff14a874311a582c673470a238929d8125dd,8d877b4c3b654a235066cdd49bf4c7e04e1b662c0cf44a17b54811ea50677e11,VALIDATED_EVIDENCE_BUNDLE,,,,,,,,,,,,,,,,,,,,,,,,UPDATE_SUBMITTED_ENFORCED,,False,NOT_REQUIRED_AUTOMATED_POLICY,False,,,,,,,,,,,,,C2_INTERNAL,2,,,,,,,,6f8a5214daf0d8d5188f7da84fe0931408bac9ce898d47d09d53366ef6cfe2b8,c068640bad122342de0e81050f313e88a0b5bf947d459a5df25df6b117f89be9,,,2026-08-23T17:18:04.591571+00:00,291e6e90f9499edde9b28c0284e3cc47,,,,,c141694a0ff3b94665196f8fa589a463d97e2ed4daf7f74f02fc61f8a6e2eeda,d3e502453bb303c1de5b6b28c1e5d53ed9ca68504c03602066ca27ef80975098,,,2026-08-22T18:42:29.165178+00:00,eb562985f77fc8a152d2d22d15bfd3f4695b107bdaa4c375fc5dde2be0f10805,active,,,12,ACCEPTED,ALL_BASELINE_CONTROLS,,,,True,True,True,True,True,False,DNkz5HLMpxWjBkratofUXEq5NvXMRuqZV4kD1+zdB9Q=,6ccf573c3eb058952f07cfc52d9f23e967fb06125bd91c045cbda6f46ea4f9d4,lhIS+WjWdu7nwVo2eeSh1fX8D+pCzpAo3q6D86Frg0w=,efc46ae71f820b0e1b90ecfd00326afc64772a478d9d5f1bf5c34da79d9bd38d,7as/ZetMLnzMaoCZgL8/36ARqaIyu3cPO0gkaPJ3L1c=,29ac3bebc7d8bf95fc566b7fd18bb82a91593b8a3a0877f87ec4350551f94d53,,,,,,,,,,,,,,,,,7141154e3a077fe164c9dce3ed82c879bfac9a442877ef22520d209f2b97b2c2,audit_trails/artifacts/accepted_runtime_submissions/T2_DF_KS_TADP_client_000_r12_6ccf573c3eb05895__7141154e3a077fe1.json,,,,,,,,,,,,,0b1a29bee46d414c3a0e9861f21298f04d18fb9ad39640d2df0c04f1317dc506,cb9d3422e37ff0de6704b87282216d98008a703e9499d21cc3cc0fd756887df2,,
224,f5f6040c37a3ef9c25ca2953538ca5d4,9807b00ec9f05c0ed690f948a024469da45a3923628918d48e6175fa51233777,2026-08-22T17:43:32.803992+00:00,TADP-SEC/12.1,CLIENT_CIPHERTEXT_BINDING,T2_DF_KS_TADP,,,,client_000,,,,,,,,,,,,,,,,,,,,,,,,,,,,,,,,,,,,,,,,CIPHERTEXT_BOUND_TO_SIGNED_UPDATE,,,,,,,,,,,,,,,,,C2_INTERNAL,2,,,,,,,,,,,,,291e6e90f9499edde9b28c0284e3cc47,,,,,,,,,,,,,,12,VERIFIED,,,,,True,,,,,False,DNkz5HLMpxWjBkratofUXEq5NvXMRuqZV4kD1+zdB9Q=,6ccf573c3eb058952f07cfc52d9f23e967fb06125bd91c045cbda6f46ea4f9d4,lhIS+WjWdu7nwVo2eeSh1fX8D+pCzpAo3q6D86Frg0w=,f111d0228952c86afeaa87918c981b1462b63011d40ee41ea1ef4f851b538d3e,7as/ZetMLnzMaoCZgL8/36ARqaIyu3cPO0gkaPJ3L1c=,29ac3bebc7d8bf95fc566b7fd18bb82a91593b8a3a0877f87ec4350551f94d53,T2: real Modified-DF encryption → homomorphic multiplication → matrix-M key switching,reference_python,n=|logq=|scale=|scheme=real_modified_df_ks,df_server_or_authorized_aggregate_key,,,,,,,,,1990fdf65b693e458229c4e6b48ee8d54f1461086832375f0469f35a824b1490,,facc45b51c49d7c757f395105da1dbe8aab8bf3c8ee44941eb1ac6d6cc252756,audit_trails/artifacts/ciphertext_attestations/T2_DF_KS_TADP_client_000_r12_aa335a8e515c656d__facc45b51c49d7c7.json,,,,,,,,,,,,,,,cb9d3422e37ff0de6704b87282216d98008a703e9499d21cc3cc0fd756887df2,9c66d743003d5886a7921c15d83e1e240a9c5cf36aeb418ab50bb856884d32c2,,
225,d25b2d8d9e1f51d2c5f5186f5e2797fd,9807b00ec9f05c0ed690f948a024469da45a3923628918d48e6175fa51233777,2026-08-22T17:43:37.783519+00:00,TADP-SEC/12.1,CLIENT_ACCEPTED_SUBMISSION,T2_DF_KS_TADP,,,,client_000,,,,,,,,,,,2.3-phase1-fixed-threshold-critical-floor-review-profile,47dd2e58be138865a6d591a63329509757be6b563afb2badb96beb09eac726e5,a663ab753fcbe1179628a237bb638420356ea261176b970e3553fa59bfe7e9d6,1c154f7d4e37aa15e037310f6b45ff14a874311a582c673470a238929d8125dd,8d877b4c3b654a235066cdd49bf4c7e04e1b662c0cf44a17b54811ea50677e11,VALIDATED_EVIDENCE_BUNDLE,,,,,,,,,,,,,,,,,,,,,,,,UPDATE_SUBMITTED_ENFORCED,,False,NOT_REQUIRED_AUTOMATED_POLICY,False,,,,,,,,,,,,,C2_INTERNAL,2,,,,,,,,6f8a5214daf0d8d5188f7da84fe0931408bac9ce898d47d09d53366ef6cfe2b8,c068640bad122342de0e81050f313e88a0b5bf947d459a5df25df6b117f89be9,,,2026-08-23T17:18:04.591571+00:00,291e6e90f9499edde9b28c0284e3cc47,,,,,c141694a0ff3b94665196f8fa589a463d97e2ed4daf7f74f02fc61f8a6e2eeda,d3e502453bb303c1de5b6b28c1e5d53ed9ca68504c03602066ca27ef80975098,,,2026-08-22T18:42:29.165178+00:00,eb562985f77fc8a152d2d22d15bfd3f4695b107bdaa4c375fc5dde2be0f10805,active,,,13,ACCEPTED,ALL_BASELINE_CONTROLS,,,,True,True,True,True,True,False,f7Pk1ANXfo+0dG05TlBQq4ydesOCkVNZhP9mQxtTMxA=,45cc96f602ddde304cb78654f208d27bee2280200022075fd04c3aeee97f85c5,lhIS+WjWdu7nwVo2eeSh1fX8D+pCzpAo3q6D86Frg0w=,6ef7b3d9cf374eb0425585e529e3c6f73c12d935c570d27a6304f4007dc53cae,9/DAzM00fXkXZ3UCMXEr5O/N9/YNkfqllaAefPhQjDY=,29ac3bebc7d8bf95fc566b7fd18bb82a91593b8a3a0877f87ec4350551f94d53,,,,,,,,,,,,,,,,,01a89646d59b9d5b3e57923a4e4e58223774de4c77beb0af3e6861e2e971ba76,audit_trails/artifacts/accepted_runtime_submissions/T2_DF_KS_TADP_client_000_r13_45cc96f602ddde30__01a89646d59b9d5b.json,,,,,,,,,,,,,9c66d743003d5886a7921c15d83e1e240a9c5cf36aeb418ab50bb856884d32c2,bcab4ad068ea07a01e7b09a0d053fdb084977b7a8e5198cc4f99bd77fba92bdf,,
226,19cdc6c163866d61f7ff1b2bd4d944cf,9807b00ec9f05c0ed690f948a024469da45a3923628918d48e6175fa51233777,2026-08-22T17:43:38.146795+00:00,TADP-SEC/12.1,CLIENT_CIPHERTEXT_BINDING,T2_DF_KS_TADP,,,,client_000,,,,,,,,,,,,,,,,,,,,,,,,,,,,,,,,,,,,,,,,CIPHERTEXT_BOUND_TO_SIGNED_UPDATE,,,,,,,,,,,,,,,,,C2_INTERNAL,2,,,,,,,,,,,,,291e6e90f9499edde9b28c0284e3cc47,,,,,,,,,,,,,,13,VERIFIED,,,,,True,,,,,False,f7Pk1ANXfo+0dG05TlBQq4ydesOCkVNZhP9mQxtTMxA=,45cc96f602ddde304cb78654f208d27bee2280200022075fd04c3aeee97f85c5,lhIS+WjWdu7nwVo2eeSh1fX8D+pCzpAo3q6D86Frg0w=,1bd8c73997c1d543d67ae3cce54d020cf3a956cd449ad3061cf276d4dceabbd4,9/DAzM00fXkXZ3UCMXEr5O/N9/YNkfqllaAefPhQjDY=,29ac3bebc7d8bf95fc566b7fd18bb82a91593b8a3a0877f87ec4350551f94d53,T2: real Modified-DF encryption → homomorphic multiplication → matrix-M key switching,reference_python,n=|logq=|scale=|scheme=real_modified_df_ks,df_server_or_authorized_aggregate_key,,,,,,,,,b3762953126b9ecdeca935e4e4cdc97f66e49fcbaaf674f783e511165671ef5e,,28cc8d762d6a05e4c999832eb53067fdead29cf74c4af04764c197155161f805,audit_trails/artifacts/ciphertext_attestations/T2_DF_KS_TADP_client_000_r13_a3ee2b4f7f1dedfc__28cc8d762d6a05e4.json,,,,,,,,,,,,,,,bcab4ad068ea07a01e7b09a0d053fdb084977b7a8e5198cc4f99bd77fba92bdf,c44d1d8cea294c668844dcaf50e771fb680455d66d54284c6d2228ff132e8f4e,,
227,f1509c3ffe37da7e0bab2049abceb8d4,9807b00ec9f05c0ed690f948a024469da45a3923628918d48e6175fa51233777,2026-08-22T17:43:42.842116+00:00,TADP-SEC/12.1,CLIENT_ACCEPTED_SUBMISSION,T2_DF_KS_TADP,,,,client_000,,,,,,,,,,,2.3-phase1-fixed-threshold-critical-floor-review-profile,47dd2e58be138865a6d591a63329509757be6b563afb2badb96beb09eac726e5,a663ab753fcbe1179628a237bb638420356ea261176b970e3553fa59bfe7e9d6,1c154f7d4e37aa15e037310f6b45ff14a874311a582c673470a238929d8125dd,8d877b4c3b654a235066cdd49bf4c7e04e1b662c0cf44a17b54811ea50677e11,VALIDATED_EVIDENCE_BUNDLE,,,,,,,,,,,,,,,,,,,,,,,,UPDATE_SUBMITTED_ENFORCED,,False,NOT_REQUIRED_AUTOMATED_POLICY,False,,,,,,,,,,,,,C2_INTERNAL,2,,,,,,,,6f8a5214daf0d8d5188f7da84fe0931408bac9ce898d47d09d53366ef6cfe2b8,c068640bad122342de0e81050f313e88a0b5bf947d459a5df25df6b117f89be9,,,2026-08-23T17:18:04.591571+00:00,291e6e90f9499edde9b28c0284e3cc47,,,,,c141694a0ff3b94665196f8fa589a463d97e2ed4daf7f74f02fc61f8a6e2eeda,d3e502453bb303c1de5b6b28c1e5d53ed9ca68504c03602066ca27ef80975098,,,2026-08-22T18:42:29.165178+00:00,eb562985f77fc8a152d2d22d15bfd3f4695b107bdaa4c375fc5dde2be0f10805,active,,,14,ACCEPTED,ALL_BASELINE_CONTROLS,,,,True,True,True,True,True,False,8Y9RBVN9CpA0CmAkprCjKz5cNHHvT/9MSsNb1F5mGBk=,79cd174018fd905e75ba203dbd0dbbc362a2fd8e4c6c6ff12e6f9550fcf85def,lhIS+WjWdu7nwVo2eeSh1fX8D+pCzpAo3q6D86Frg0w=,e42d6cc5be6f9552eabd74ae3212540a3cf4b6eb336bdde366c6a678e93a5a96,oOoxZFwQ3RyzNY41pOW54fqo5IBqhb3G71Y56nOC9/E=,29ac3bebc7d8bf95fc566b7fd18bb82a91593b8a3a0877f87ec4350551f94d53,,,,,,,,,,,,,,,,,257ae4f70b7e7a445bbfba244ff790dd4753b849cb2ac987015c1237efc1ed7b,audit_trails/artifacts/accepted_runtime_submissions/T2_DF_KS_TADP_client_000_r14_79cd174018fd905e__257ae4f70b7e7a44.json,,,,,,,,,,,,,c44d1d8cea294c668844dcaf50e771fb680455d66d54284c6d2228ff132e8f4e,7a17d0aeae49fd0ee80a4dee50a4222621da1569d9dbc22ad1ccdd3a99a5e87b,,
228,741f611b631b1d501b4bab0becc16e39,9807b00ec9f05c0ed690f948a024469da45a3923628918d48e6175fa51233777,2026-08-22T17:43:43.205437+00:00,TADP-SEC/12.1,CLIENT_CIPHERTEXT_BINDING,T2_DF_KS_TADP,,,,client_000,,,,,,,,,,,,,,,,,,,,,,,,,,,,,,,,,,,,,,,,CIPHERTEXT_BOUND_TO_SIGNED_UPDATE,,,,,,,,,,,,,,,,,C2_INTERNAL,2,,,,,,,,,,,,,291e6e90f9499edde9b28c0284e3cc47,,,,,,,,,,,,,,14,VERIFIED,,,,,True,,,,,False,8Y9RBVN9CpA0CmAkprCjKz5cNHHvT/9MSsNb1F5mGBk=,79cd174018fd905e75ba203dbd0dbbc362a2fd8e4c6c6ff12e6f9550fcf85def,lhIS+WjWdu7nwVo2eeSh1fX8D+pCzpAo3q6D86Frg0w=,4d1f02ec530f75b13398fa930e4c06f942b838d50eb7e8b6feda0a8c897f289b,oOoxZFwQ3RyzNY41pOW54fqo5IBqhb3G71Y56nOC9/E=,29ac3bebc7d8bf95fc566b7fd18bb82a91593b8a3a0877f87ec4350551f94d53,T2: real Modified-DF encryption → homomorphic multiplication → matrix-M key switching,reference_python,n=|logq=|scale=|scheme=real_modified_df_ks,df_server_or_authorized_aggregate_key,,,,,,,,,af755a1499d5a9b3a1d5c9cacb4c47ce8f523ec94999c4667613f0e8b2611c1f,,745052f8c8fa36015deaa5851a29e178433f03e324d7531d55a873af0880f42d,audit_trails/artifacts/ciphertext_attestations/T2_DF_KS_TADP_client_000_r14_6e5f5f6db1772d77__745052f8c8fa3601.json,,,,,,,,,,,,,,,7a17d0aeae49fd0ee80a4dee50a4222621da1569d9dbc22ad1ccdd3a99a5e87b,4084dd7771f15cdd930da67837381d9985adfa8e8b8a62cd30a4b7ef666652c7,,
229,06af961ed1d9be8caa216cd13353be41,9807b00ec9f05c0ed690f948a024469da45a3923628918d48e6175fa51233777,2026-08-22T17:43:49.419786+00:00,TADP-SEC/12.1,CLIENT_ACCEPTED_SUBMISSION,T2_DF_KS_TADP,,,,client_000,,,,,,,,,,,2.3-phase1-fixed-threshold-critical-floor-review-profile,47dd2e58be138865a6d591a63329509757be6b563afb2badb96beb09eac726e5,a663ab753fcbe1179628a237bb638420356ea261176b970e3553fa59bfe7e9d6,1c154f7d4e37aa15e037310f6b45ff14a874311a582c673470a238929d8125dd,8d877b4c3b654a235066cdd49bf4c7e04e1b662c0cf44a17b54811ea50677e11,VALIDATED_EVIDENCE_BUNDLE,,,,,,,,,,,,,,,,,,,,,,,,UPDATE_SUBMITTED_ENFORCED,,False,NOT_REQUIRED_AUTOMATED_POLICY,False,,,,,,,,,,,,,C2_INTERNAL,2,,,,,,,,6f8a5214daf0d8d5188f7da84fe0931408bac9ce898d47d09d53366ef6cfe2b8,c068640bad122342de0e81050f313e88a0b5bf947d459a5df25df6b117f89be9,,,2026-08-23T17:18:04.591571+00:00,291e6e90f9499edde9b28c0284e3cc47,,,,,c141694a0ff3b94665196f8fa589a463d97e2ed4daf7f74f02fc61f8a6e2eeda,d3e502453bb303c1de5b6b28c1e5d53ed9ca68504c03602066ca27ef80975098,,,2026-08-22T18:42:29.165178+00:00,eb562985f77fc8a152d2d22d15bfd3f4695b107bdaa4c375fc5dde2be0f10805,active,,,15,ACCEPTED,ALL_BASELINE_CONTROLS,,,,True,True,True,True,True,False,+M3umKyTr/RbuQOU1vLkQG0dnBkO7V8C0KW4IDUUlYE=,813deb221962518596036df659409500491836ecf49273bc43ede790104a4c71,lhIS+WjWdu7nwVo2eeSh1fX8D+pCzpAo3q6D86Frg0w=,9740f463abcf4cd42df7c6394a2b372841de697a7eb11d5037a45b752e0377fc,GXc8gVO6tkUWt5RX0vioqO80ujWGG6AgbUSPVA7f39M=,29ac3bebc7d8bf95fc566b7fd18bb82a91593b8a3a0877f87ec4350551f94d53,,,,,,,,,,,,,,,,,6a9067238ec7fa8004e5f8a2da5e30a28a30482e5c2e3d1c03745cfdfd17fdbe,audit_trails/artifacts/accepted_runtime_submissions/T2_DF_KS_TADP_client_000_r15_813deb2219625185__6a9067238ec7fa80.json,,,,,,,,,,,,,4084dd7771f15cdd930da67837381d9985adfa8e8b8a62cd30a4b7ef666652c7,b5742d92d21ed9bda0726419624eaf0972226dfcddfed6750c02944b8af36714,,
230,d33fe081f62bdfa2c6fef1b9a67fbd34,9807b00ec9f05c0ed690f948a024469da45a3923628918d48e6175fa51233777,2026-08-22T17:43:49.792955+00:00,TADP-SEC/12.1,CLIENT_CIPHERTEXT_BINDING,T2_DF_KS_TADP,,,,client_000,,,,,,,,,,,,,,,,,,,,,,,,,,,,,,,,,,,,,,,,CIPHERTEXT_BOUND_TO_SIGNED_UPDATE,,,,,,,,,,,,,,,,,C2_INTERNAL,2,,,,,,,,,,,,,291e6e90f9499edde9b28c0284e3cc47,,,,,,,,,,,,,,15,VERIFIED,,,,,True,,,,,False,+M3umKyTr/RbuQOU1vLkQG0dnBkO7V8C0KW4IDUUlYE=,813deb221962518596036df659409500491836ecf49273bc43ede790104a4c71,lhIS+WjWdu7nwVo2eeSh1fX8D+pCzpAo3q6D86Frg0w=,896074b64584a963f9bf72386a3b7392b8e6221683dc42d6e5ec9506dd2fc593,GXc8gVO6tkUWt5RX0vioqO80ujWGG6AgbUSPVA7f39M=,29ac3bebc7d8bf95fc566b7fd18bb82a91593b8a3a0877f87ec4350551f94d53,T2: real Modified-DF encryption → homomorphic multiplication → matrix-M key switching,reference_python,n=|logq=|scale=|scheme=real_modified_df_ks,df_server_or_authorized_aggregate_key,,,,,,,,,90f485c0d7704446d9710f18e5c07c2d5311dd24a64a4a0eb056423fc0fbbe7c,,d19210612e82fde10863c983e0c60ed2e33cb3f3de91df5c1d481bff2a2a2074,audit_trails/artifacts/ciphertext_attestations/T2_DF_KS_TADP_client_000_r15_717f5ddf5aa976f7__d19210612e82fde1.json,,,,,,,,,,,,,,,b5742d92d21ed9bda0726419624eaf0972226dfcddfed6750c02944b8af36714,4270f2a9d97448341c1a60673d885b4409428f067dc928fba080b5f0aef6175c,,
231,63a71d70da328451de6e663e5ac22577,9807b00ec9f05c0ed690f948a024469da45a3923628918d48e6175fa51233777,2026-08-22T17:43:54.524362+00:00,TADP-SEC/12.1,CLIENT_ACCEPTED_SUBMISSION,T2_DF_KS_TADP,,,,client_000,,,,,,,,,,,2.3-phase1-fixed-threshold-critical-floor-review-profile,47dd2e58be138865a6d591a63329509757be6b563afb2badb96beb09eac726e5,a663ab753fcbe1179628a237bb638420356ea261176b970e3553fa59bfe7e9d6,1c154f7d4e37aa15e037310f6b45ff14a874311a582c673470a238929d8125dd,8d877b4c3b654a235066cdd49bf4c7e04e1b662c0cf44a17b54811ea50677e11,VALIDATED_EVIDENCE_BUNDLE,,,,,,,,,,,,,,,,,,,,,,,,UPDATE_SUBMITTED_ENFORCED,,False,NOT_REQUIRED_AUTOMATED_POLICY,False,,,,,,,,,,,,,C2_INTERNAL,2,,,,,,,,6f8a5214daf0d8d5188f7da84fe0931408bac9ce898d47d09d53366ef6cfe2b8,c068640bad122342de0e81050f313e88a0b5bf947d459a5df25df6b117f89be9,,,2026-08-23T17:18:04.591571+00:00,291e6e90f9499edde9b28c0284e3cc47,,,,,c141694a0ff3b94665196f8fa589a463d97e2ed4daf7f74f02fc61f8a6e2eeda,d3e502453bb303c1de5b6b28c1e5d53ed9ca68504c03602066ca27ef80975098,,,2026-08-22T18:42:29.165178+00:00,eb562985f77fc8a152d2d22d15bfd3f4695b107bdaa4c375fc5dde2be0f10805,active,,,16,ACCEPTED,ALL_BASELINE_CONTROLS,,,,True,True,True,True,True,False,2xggfFc5IX210/FwwxrBlgAkanZUjU+YjkZ/vlWyCBI=,9b03718d15fde163f2e5dd469c5a92e944b10ac3ad8ccb4864b8c058cde830aa,lhIS+WjWdu7nwVo2eeSh1fX8D+pCzpAo3q6D86Frg0w=,f04643ee5c66dda9c99906f3ba97b67f7cb4e8f3283019a8a23705c614699b32,g7Wlw0HeYseqWipDlOOy4wBJT8zscq9eZIXg8IAC6yA=,29ac3bebc7d8bf95fc566b7fd18bb82a91593b8a3a0877f87ec4350551f94d53,,,,,,,,,,,,,,,,,3342cd7714cf91737448b917d02e8d4945c211c3c85620391a542a912570ec30,audit_trails/artifacts/accepted_runtime_submissions/T2_DF_KS_TADP_client_000_r16_9b03718d15fde163__3342cd7714cf9173.json,,,,,,,,,,,,,4270f2a9d97448341c1a60673d885b4409428f067dc928fba080b5f0aef6175c,7775f011286d7f88734ede4ad705271cf4db5958d2bec06de3a7f0345ccc5d15,,
232,bffe78febb9190e09c4861583efb5fda,9807b00ec9f05c0ed690f948a024469da45a3923628918d48e6175fa51233777,2026-08-22T17:43:54.891239+00:00,TADP-SEC/12.1,CLIENT_CIPHERTEXT_BINDING,T2_DF_KS_TADP,,,,client_000,,,,,,,,,,,,,,,,,,,,,,,,,,,,,,,,,,,,,,,,CIPHERTEXT_BOUND_TO_SIGNED_UPDATE,,,,,,,,,,,,,,,,,C2_INTERNAL,2,,,,,,,,,,,,,291e6e90f9499edde9b28c0284e3cc47,,,,,,,,,,,,,,16,VERIFIED,,,,,True,,,,,False,2xggfFc5IX210/FwwxrBlgAkanZUjU+YjkZ/vlWyCBI=,9b03718d15fde163f2e5dd469c5a92e944b10ac3ad8ccb4864b8c058cde830aa,lhIS+WjWdu7nwVo2eeSh1fX8D+pCzpAo3q6D86Frg0w=,a9574be9ae0c46690bee0869983ba8f1fe83f9d2fde1d41158a0d9ab0ff6d703,g7Wlw0HeYseqWipDlOOy4wBJT8zscq9eZIXg8IAC6yA=,29ac3bebc7d8bf95fc566b7fd18bb82a91593b8a3a0877f87ec4350551f94d53,T2: real Modified-DF encryption → homomorphic multiplication → matrix-M key switching,reference_python,n=|logq=|scale=|scheme=real_modified_df_ks,df_server_or_authorized_aggregate_key,,,,,,,,,bd27ffd268bba638a05376e1ba11a40dd4f2334502d73cb7df35a153a93d4665,,ff3ef4b77cc30442f7d8d4cf116bd5317ea1a8e42582f770d30da7847e908ebd,audit_trails/artifacts/ciphertext_attestations/T2_DF_KS_TADP_client_000_r16_a311eb6080b9cb9e__ff3ef4b77cc30442.json,,,,,,,,,,,,,,,7775f011286d7f88734ede4ad705271cf4db5958d2bec06de3a7f0345ccc5d15,7985abdd2b8afdae3c8c043463be2461b9b7635da0512045a5d004dc86e7460b,,
233,df2768f470348b8113a75713b62e07c7,9807b00ec9f05c0ed690f948a024469da45a3923628918d48e6175fa51233777,2026-08-22T17:44:01.095571+00:00,TADP-SEC/12.1,CLIENT_ACCEPTED_SUBMISSION,T2_DF_KS_TADP,,,,client_000,,,,,,,,,,,2.3-phase1-fixed-threshold-critical-floor-review-profile,47dd2e58be138865a6d591a63329509757be6b563afb2badb96beb09eac726e5,a663ab753fcbe1179628a237bb638420356ea261176b970e3553fa59bfe7e9d6,1c154f7d4e37aa15e037310f6b45ff14a874311a582c673470a238929d8125dd,8d877b4c3b654a235066cdd49bf4c7e04e1b662c0cf44a17b54811ea50677e11,VALIDATED_EVIDENCE_BUNDLE,,,,,,,,,,,,,,,,,,,,,,,,UPDATE_SUBMITTED_ENFORCED,,False,NOT_REQUIRED_AUTOMATED_POLICY,False,,,,,,,,,,,,,C2_INTERNAL,2,,,,,,,,6f8a5214daf0d8d5188f7da84fe0931408bac9ce898d47d09d53366ef6cfe2b8,c068640bad122342de0e81050f313e88a0b5bf947d459a5df25df6b117f89be9,,,2026-08-23T17:18:04.591571+00:00,291e6e90f9499edde9b28c0284e3cc47,,,,,c141694a0ff3b94665196f8fa589a463d97e2ed4daf7f74f02fc61f8a6e2eeda,d3e502453bb303c1de5b6b28c1e5d53ed9ca68504c03602066ca27ef80975098,,,2026-08-22T18:42:29.165178+00:00,eb562985f77fc8a152d2d22d15bfd3f4695b107bdaa4c375fc5dde2be0f10805,active,,,17,ACCEPTED,ALL_BASELINE_CONTROLS,,,,True,True,True,True,True,False,bWzIXRguAzpekOPjGlLKM3JJdqJCbnbqNazj3q9mYok=,bc53221d41a3b469253d2c5fdf06371adbc432fdbb1b1af5f85252b4698f4344,lhIS+WjWdu7nwVo2eeSh1fX8D+pCzpAo3q6D86Frg0w=,49544b1453aac9ecf66602deac25ae4afb957bc047f215e130accf0e2e695198,p7BxbfY43J5uVcjg9H3LJadgdBJnvRLT/lXRM8aNY3c=,29ac3bebc7d8bf95fc566b7fd18bb82a91593b8a3a0877f87ec4350551f94d53,,,,,,,,,,,,,,,,,15f47118c949f2a908a42123a945f8d421068de8ce22558091afe14362982da9,audit_trails/artifacts/accepted_runtime_submissions/T2_DF_KS_TADP_client_000_r17_bc53221d41a3b469__15f47118c949f2a9.json,,,,,,,,,,,,,7985abdd2b8afdae3c8c043463be2461b9b7635da0512045a5d004dc86e7460b,f01a24dd82e955140115ebbc92de0007a791a63a43bda32ee4fd5a9898bb83b0,,
234,d9091d757ff4bf698a7d48f50c35a8c4,9807b00ec9f05c0ed690f948a024469da45a3923628918d48e6175fa51233777,2026-08-22T17:44:01.444251+00:00,TADP-SEC/12.1,CLIENT_CIPHERTEXT_BINDING,T2_DF_KS_TADP,,,,client_000,,,,,,,,,,,,,,,,,,,,,,,,,,,,,,,,,,,,,,,,CIPHERTEXT_BOUND_TO_SIGNED_UPDATE,,,,,,,,,,,,,,,,,C2_INTERNAL,2,,,,,,,,,,,,,291e6e90f9499edde9b28c0284e3cc47,,,,,,,,,,,,,,17,VERIFIED,,,,,True,,,,,False,bWzIXRguAzpekOPjGlLKM3JJdqJCbnbqNazj3q9mYok=,bc53221d41a3b469253d2c5fdf06371adbc432fdbb1b1af5f85252b4698f4344,lhIS+WjWdu7nwVo2eeSh1fX8D+pCzpAo3q6D86Frg0w=,564bb25d5c30c6e05a7782419178dcda63c89a979b0669fad132ea98bd0cd815,p7BxbfY43J5uVcjg9H3LJadgdBJnvRLT/lXRM8aNY3c=,29ac3bebc7d8bf95fc566b7fd18bb82a91593b8a3a0877f87ec4350551f94d53,T2: real Modified-DF encryption → homomorphic multiplication → matrix-M key switching,reference_python,n=|logq=|scale=|scheme=real_modified_df_ks,df_server_or_authorized_aggregate_key,,,,,,,,,0ca25b615a854e811afdc8dbf7b31d8de5a274c8d6e858cb97b501bd8b77f41a,,ad1d765d3e9669fdafcc8c14fa391ccd0bb29a987806c1f499bd75382c2fd164,audit_trails/artifacts/ciphertext_attestations/T2_DF_KS_TADP_client_000_r17_4b841ff813793f85__ad1d765d3e9669fd.json,,,,,,,,,,,,,,,f01a24dd82e955140115ebbc92de0007a791a63a43bda32ee4fd5a9898bb83b0,44500929d637d1a7ec71ce6b2c1b08dfb188e3e218bea6bad5a4e3a16716639c,,
235,26117f368ec2d35015cfecada9ea01a1,9807b00ec9f05c0ed690f948a024469da45a3923628918d48e6175fa51233777,2026-08-22T17:44:06.150598+00:00,TADP-SEC/12.1,CLIENT_ACCEPTED_SUBMISSION,T2_DF_KS_TADP,,,,client_000,,,,,,,,,,,2.3-phase1-fixed-threshold-critical-floor-review-profile,47dd2e58be138865a6d591a63329509757be6b563afb2badb96beb09eac726e5,a663ab753fcbe1179628a237bb638420356ea261176b970e3553fa59bfe7e9d6,1c154f7d4e37aa15e037310f6b45ff14a874311a582c673470a238929d8125dd,8d877b4c3b654a235066cdd49bf4c7e04e1b662c0cf44a17b54811ea50677e11,VALIDATED_EVIDENCE_BUNDLE,,,,,,,,,,,,,,,,,,,,,,,,UPDATE_SUBMITTED_ENFORCED,,False,NOT_REQUIRED_AUTOMATED_POLICY,False,,,,,,,,,,,,,C2_INTERNAL,2,,,,,,,,6f8a5214daf0d8d5188f7da84fe0931408bac9ce898d47d09d53366ef6cfe2b8,c068640bad122342de0e81050f313e88a0b5bf947d459a5df25df6b117f89be9,,,2026-08-23T17:18:04.591571+00:00,291e6e90f9499edde9b28c0284e3cc47,,,,,c141694a0ff3b94665196f8fa589a463d97e2ed4daf7f74f02fc61f8a6e2eeda,d3e502453bb303c1de5b6b28c1e5d53ed9ca68504c03602066ca27ef80975098,,,2026-08-22T18:42:29.165178+00:00,eb562985f77fc8a152d2d22d15bfd3f4695b107bdaa4c375fc5dde2be0f10805,active,,,18,ACCEPTED,ALL_BASELINE_CONTROLS,,,,True,True,True,True,True,False,dsAWH9S8f9LnvAixrgAaMeF0VJ4X6ZPlrdc0mglAnzs=,6a88802b09f1f36f404948700eefb3ed89f96ee322150beddec72f8cf96fbbcb,lhIS+WjWdu7nwVo2eeSh1fX8D+pCzpAo3q6D86Frg0w=,e293e9a38cee47d9b9efe874cde88d9abb9975da6d38f3946fb30d691a35a15b,9wBEXqUeZOuEITB2mTkz7tGzBmRgUty5f60FZHGqDjY=,29ac3bebc7d8bf95fc566b7fd18bb82a91593b8a3a0877f87ec4350551f94d53,,,,,,,,,,,,,,,,,b923a4d6cd4767240fdb076b5580ce8646e22a1af53eab5a6cf68526a7538038,audit_trails/artifacts/accepted_runtime_submissions/T2_DF_KS_TADP_client_000_r18_6a88802b09f1f36f__b923a4d6cd476724.json,,,,,,,,,,,,,44500929d637d1a7ec71ce6b2c1b08dfb188e3e218bea6bad5a4e3a16716639c,9b1a4f0a44743315e383aa9232770ef18eefd5ee7f4d240811ee29ae6c053ad2,,
236,1ed64a0891160953a6d81e4404baa42d,9807b00ec9f05c0ed690f948a024469da45a3923628918d48e6175fa51233777,2026-08-22T17:44:06.520125+00:00,TADP-SEC/12.1,CLIENT_CIPHERTEXT_BINDING,T2_DF_KS_TADP,,,,client_000,,,,,,,,,,,,,,,,,,,,,,,,,,,,,,,,,,,,,,,,CIPHERTEXT_BOUND_TO_SIGNED_UPDATE,,,,,,,,,,,,,,,,,C2_INTERNAL,2,,,,,,,,,,,,,291e6e90f9499edde9b28c0284e3cc47,,,,,,,,,,,,,,18,VERIFIED,,,,,True,,,,,False,dsAWH9S8f9LnvAixrgAaMeF0VJ4X6ZPlrdc0mglAnzs=,6a88802b09f1f36f404948700eefb3ed89f96ee322150beddec72f8cf96fbbcb,lhIS+WjWdu7nwVo2eeSh1fX8D+pCzpAo3q6D86Frg0w=,62d247d2bf6edd6733e6ca48dc60a45c3b3478360ddf2e7111f9354ea5052d77,9wBEXqUeZOuEITB2mTkz7tGzBmRgUty5f60FZHGqDjY=,29ac3bebc7d8bf95fc566b7fd18bb82a91593b8a3a0877f87ec4350551f94d53,T2: real Modified-DF encryption → homomorphic multiplication → matrix-M key switching,reference_python,n=|logq=|scale=|scheme=real_modified_df_ks,df_server_or_authorized_aggregate_key,,,,,,,,,2a5e557c79b22a7d6401d2746375854f9455962c43ab964327be70f9652fb993,,8c335526e31622d1ba0212022bbdbb0b12c167f4d406b26eab4398eaebafe63a,audit_trails/artifacts/ciphertext_attestations/T2_DF_KS_TADP_client_000_r18_1018aab9eb792a63__8c335526e31622d1.json,,,,,,,,,,,,,,,9b1a4f0a44743315e383aa9232770ef18eefd5ee7f4d240811ee29ae6c053ad2,ec8842255bcfb5a4ff91e77b04e6d270d24736fe81f4df240c4517e0a3878b1c,,
237,e95ba6a75dccfb06904064a725ff2d28,9807b00ec9f05c0ed690f948a024469da45a3923628918d48e6175fa51233777,2026-08-22T17:44:11.735086+00:00,TADP-SEC/12.1,CLIENT_ACCEPTED_SUBMISSION,T2_DF_KS_TADP,,,,client_000,,,,,,,,,,,2.3-phase1-fixed-threshold-critical-floor-review-profile,47dd2e58be138865a6d591a63329509757be6b563afb2badb96beb09eac726e5,a663ab753fcbe1179628a237bb638420356ea261176b970e3553fa59bfe7e9d6,1c154f7d4e37aa15e037310f6b45ff14a874311a582c673470a238929d8125dd,8d877b4c3b654a235066cdd49bf4c7e04e1b662c0cf44a17b54811ea50677e11,VALIDATED_EVIDENCE_BUNDLE,,,,,,,,,,,,,,,,,,,,,,,,UPDATE_SUBMITTED_ENFORCED,,False,NOT_REQUIRED_AUTOMATED_POLICY,False,,,,,,,,,,,,,C2_INTERNAL,2,,,,,,,,6f8a5214daf0d8d5188f7da84fe0931408bac9ce898d47d09d53366ef6cfe2b8,c068640bad122342de0e81050f313e88a0b5bf947d459a5df25df6b117f89be9,,,2026-08-23T17:18:04.591571+00:00,291e6e90f9499edde9b28c0284e3cc47,,,,,c141694a0ff3b94665196f8fa589a463d97e2ed4daf7f74f02fc61f8a6e2eeda,d3e502453bb303c1de5b6b28c1e5d53ed9ca68504c03602066ca27ef80975098,,,2026-08-22T18:42:29.165178+00:00,eb562985f77fc8a152d2d22d15bfd3f4695b107bdaa4c375fc5dde2be0f10805,active,,,19,ACCEPTED,ALL_BASELINE_CONTROLS,,,,True,True,True,True,True,False,uKSHNbF+mK+Zvqaar84u0U60IiUMml75Eiyr+EkX8tQ=,e205b973abeff0cf33af2aec1e647d261432bd1f4e6e649e4abd3e7d92264c2a,lhIS+WjWdu7nwVo2eeSh1fX8D+pCzpAo3q6D86Frg0w=,04dddfdb94566161663cb9787fd4302216729a1f050fa3098844ad3a9e4fba1a,UrPXaF5vR2J5nh3Kb9MQTeTPgN30zNksGdkZJcya6jk=,29ac3bebc7d8bf95fc566b7fd18bb82a91593b8a3a0877f87ec4350551f94d53,,,,,,,,,,,,,,,,,d3691da64ec4504a435732f31fb7ff1e17885f85ebd30a78aa11afc868dd4667,audit_trails/artifacts/accepted_runtime_submissions/T2_DF_KS_TADP_client_000_r19_e205b973abeff0cf__d3691da64ec4504a.json,,,,,,,,,,,,,ec8842255bcfb5a4ff91e77b04e6d270d24736fe81f4df240c4517e0a3878b1c,2be364508a2aeb22fbc4e59921e5cd7b39d1f5a0480bf9f419e721aab30ab3ef,,
238,0d566bcd1cbfb8df8dabc3f2a3f7b5ff,9807b00ec9f05c0ed690f948a024469da45a3923628918d48e6175fa51233777,2026-08-22T17:44:12.358754+00:00,TADP-SEC/12.1,CLIENT_CIPHERTEXT_BINDING,T2_DF_KS_TADP,,,,client_000,,,,,,,,,,,,,,,,,,,,,,,,,,,,,,,,,,,,,,,,CIPHERTEXT_BOUND_TO_SIGNED_UPDATE,,,,,,,,,,,,,,,,,C2_INTERNAL,2,,,,,,,,,,,,,291e6e90f9499edde9b28c0284e3cc47,,,,,,,,,,,,,,19,VERIFIED,,,,,True,,,,,False,uKSHNbF+mK+Zvqaar84u0U60IiUMml75Eiyr+EkX8tQ=,e205b973abeff0cf33af2aec1e647d261432bd1f4e6e649e4abd3e7d92264c2a,lhIS+WjWdu7nwVo2eeSh1fX8D+pCzpAo3q6D86Frg0w=,8128041f4c4edd10132540bf9489e529e17a5e7baa30e5a4ba105ab55ab6e905,UrPXaF5vR2J5nh3Kb9MQTeTPgN30zNksGdkZJcya6jk=,29ac3bebc7d8bf95fc566b7fd18bb82a91593b8a3a0877f87ec4350551f94d53,T2: real Modified-DF encryption → homomorphic multiplication → matrix-M key switching,reference_python,n=|logq=|scale=|scheme=real_modified_df_ks,df_server_or_authorized_aggregate_key,,,,,,,,,2ad870f57a57ddfbd7bcef88d3dba6f0888385381ef344a747ed6380eb672f3f,,1bc091edc08dc02f84e65be403be6aa3bdef382172e1657bc8763b9d17828daa,audit_trails/artifacts/ciphertext_attestations/T2_DF_KS_TADP_client_000_r19_ad4a67252f004d76__1bc091edc08dc02f.json,,,,,,,,,,,,,,,2be364508a2aeb22fbc4e59921e5cd7b39d1f5a0480bf9f419e721aab30ab3ef,48e16997579368c60c7c5b5d5fadafd095bb03f7c88f17d91c5c93b026c3417c,,
239,6ec39698e0a8234abfa9accdd694f065,9807b00ec9f05c0ed690f948a024469da45a3923628918d48e6175fa51233777,2026-08-22T17:44:17.805644+00:00,TADP-SEC/12.1,CLIENT_ACCEPTED_SUBMISSION,T2_DF_KS_TADP,,,,client_000,,,,,,,,,,,2.3-phase1-fixed-threshold-critical-floor-review-profile,47dd2e58be138865a6d591a63329509757be6b563afb2badb96beb09eac726e5,a663ab753fcbe1179628a237bb638420356ea261176b970e3553fa59bfe7e9d6,1c154f7d4e37aa15e037310f6b45ff14a874311a582c673470a238929d8125dd,8d877b4c3b654a235066cdd49bf4c7e04e1b662c0cf44a17b54811ea50677e11,VALIDATED_EVIDENCE_BUNDLE,,,,,,,,,,,,,,,,,,,,,,,,UPDATE_SUBMITTED_ENFORCED,,False,NOT_REQUIRED_AUTOMATED_POLICY,False,,,,,,,,,,,,,C2_INTERNAL,2,,,,,,,,6f8a5214daf0d8d5188f7da84fe0931408bac9ce898d47d09d53366ef6cfe2b8,c068640bad122342de0e81050f313e88a0b5bf947d459a5df25df6b117f89be9,,,2026-08-23T17:18:04.591571+00:00,291e6e90f9499edde9b28c0284e3cc47,,,,,c141694a0ff3b94665196f8fa589a463d97e2ed4daf7f74f02fc61f8a6e2eeda,d3e502453bb303c1de5b6b28c1e5d53ed9ca68504c03602066ca27ef80975098,,,2026-08-22T18:42:29.165178+00:00,eb562985f77fc8a152d2d22d15bfd3f4695b107bdaa4c375fc5dde2be0f10805,active,,,20,ACCEPTED,ALL_BASELINE_CONTROLS,,,,True,True,True,True,True,False,7YUSsSoHbAfGgbmBym2EN/51xj/MMKk0KXf6bFn4MBc=,0f0f32cc610915cc567f3d2f0c2c77f718e546e34746ba9fb1354fad5caed627,lhIS+WjWdu7nwVo2eeSh1fX8D+pCzpAo3q6D86Frg0w=,f87e720ebc4bdb9d6bfa99d3d0c6c67707849fd827615c13d4af61033d4366a2,zJzt73s0/ATOPO9FwbqA8PjwjQr6/1GtRvSadGuxgk0=,29ac3bebc7d8bf95fc566b7fd18bb82a91593b8a3a0877f87ec4350551f94d53,,,,,,,,,,,,,,,,,8b8e53bf41a3a51d931accd23f9e16299f7fa6697df4092b6681d6735b22fcb9,audit_trails/artifacts/accepted_runtime_submissions/T2_DF_KS_TADP_client_000_r20_0f0f32cc610915cc__8b8e53bf41a3a51d.json,,,,,,,,,,,,,48e16997579368c60c7c5b5d5fadafd095bb03f7c88f17d91c5c93b026c3417c,b3d3174872c345c3f848885ea57c051619b8e6f86b519f289d0c7a237b12cb21,,
240,d7f5eb37bd50a83041560b5d053b4e87,9807b00ec9f05c0ed690f948a024469da45a3923628918d48e6175fa51233777,2026-08-22T17:44:18.158968+00:00,TADP-SEC/12.1,CLIENT_CIPHERTEXT_BINDING,T2_DF_KS_TADP,,,,client_000,,,,,,,,,,,,,,,,,,,,,,,,,,,,,,,,,,,,,,,,CIPHERTEXT_BOUND_TO_SIGNED_UPDATE,,,,,,,,,,,,,,,,,C2_INTERNAL,2,,,,,,,,,,,,,291e6e90f9499edde9b28c0284e3cc47,,,,,,,,,,,,,,20,VERIFIED,,,,,True,,,,,False,7YUSsSoHbAfGgbmBym2EN/51xj/MMKk0KXf6bFn4MBc=,0f0f32cc610915cc567f3d2f0c2c77f718e546e34746ba9fb1354fad5caed627,lhIS+WjWdu7nwVo2eeSh1fX8D+pCzpAo3q6D86Frg0w=,4dd1d7289eb2d621163d8f35e07ab13e63ad303b8f8e972a3030a496ee71caf3,zJzt73s0/ATOPO9FwbqA8PjwjQr6/1GtRvSadGuxgk0=,29ac3bebc7d8bf95fc566b7fd18bb82a91593b8a3a0877f87ec4350551f94d53,T2: real Modified-DF encryption → homomorphic multiplication → matrix-M key switching,reference_python,n=|logq=|scale=|scheme=real_modified_df_ks,df_server_or_authorized_aggregate_key,,,,,,,,,b1b6ca83e8e6d132917595367c979a9b78266b3316c7cdba460f112ae790b07d,,e1a92f9cbbcca043183fd169f3befbe7a4aec4987614f9162931fdc5e7766d65,audit_trails/artifacts/ciphertext_attestations/T2_DF_KS_TADP_client_000_r20_51b0344aa5a698a4__e1a92f9cbbcca043.json,,,,,,,,,,,,,,,b3d3174872c345c3f848885ea57c051619b8e6f86b519f289d0c7a237b12cb21,9bbf3e57bca7a1d8224e9848ed1b57f7cbf44df5e29fd5dbef02800b2b06e6f0,,
241,dff436f65485dd4d5bd9cc3cb28ffeca,9807b00ec9f05c0ed690f948a024469da45a3923628918d48e6175fa51233777,2026-08-22T17:44:23.016739+00:00,TADP-SEC/12.1,CLIENT_ACCEPTED_SUBMISSION,T2_DF_KS_TADP,,,,client_000,,,,,,,,,,,2.3-phase1-fixed-threshold-critical-floor-review-profile,47dd2e58be138865a6d591a63329509757be6b563afb2badb96beb09eac726e5,a663ab753fcbe1179628a237bb638420356ea261176b970e3553fa59bfe7e9d6,1c154f7d4e37aa15e037310f6b45ff14a874311a582c673470a238929d8125dd,8d877b4c3b654a235066cdd49bf4c7e04e1b662c0cf44a17b54811ea50677e11,VALIDATED_EVIDENCE_BUNDLE,,,,,,,,,,,,,,,,,,,,,,,,UPDATE_SUBMITTED_ENFORCED,,False,NOT_REQUIRED_AUTOMATED_POLICY,False,,,,,,,,,,,,,C2_INTERNAL,2,,,,,,,,6f8a5214daf0d8d5188f7da84fe0931408bac9ce898d47d09d53366ef6cfe2b8,c068640bad122342de0e81050f313e88a0b5bf947d459a5df25df6b117f89be9,,,2026-08-23T17:18:04.591571+00:00,401470ea49f52a5bd04afe9b932d07cb,,,,,19a5a822fe806754313ac34563d1fa8dd2f35b0314c2c9d04b1e28c1ae7efbb5,edbc862ef1c700591b1b477c245ff5c124fb9427140e98a6e2e5c9907e0275ac,,,2026-08-22T18:44:22.958744+00:00,eb562985f77fc8a152d2d22d15bfd3f4695b107bdaa4c375fc5dde2be0f10805,active,,,1,ACCEPTED,ALL_BASELINE_CONTROLS,,,,True,True,True,True,True,False,7xaytwxmNUsiORQNMo+6VPMvxK+MWw0setHaJKIB15A=,12152affa43cca51d16dc6ce50ed87c3bb005f67bcd1fe8c96b6e747a0c8863b,lhIS+WjWdu7nwVo2eeSh1fX8D+pCzpAo3q6D86Frg0w=,357893ab90ef130d4a6fe90af294305f9969707271a5de0dfbd4f0093eec9797,6bI8gJlXPvcr/kCRfrnkFcIBvc0vugwFI07saXODFf0=,29ac3bebc7d8bf95fc566b7fd18bb82a91593b8a3a0877f87ec4350551f94d53,,,,,,,,,,,,,,,,,48a618b35eae03af7d0b24553f50e0999c4dd0203781582fe76bbf6f5112a7e0,audit_trails/artifacts/accepted_runtime_submissions/T2_DF_KS_TADP_client_000_r1_12152affa43cca51__48a618b35eae03af.json,,,,,,,,,,,,,9bbf3e57bca7a1d8224e9848ed1b57f7cbf44df5e29fd5dbef02800b2b06e6f0,e012bb6487f9b948940c6782ec54e5c732fc5772c33b656123b38fb4404144be,,
242,1cbfdf95058e5e8a582f1d9a07c267c1,9807b00ec9f05c0ed690f948a024469da45a3923628918d48e6175fa51233777,2026-08-22T17:44:23.372226+00:00,TADP-SEC/12.1,CLIENT_CIPHERTEXT_BINDING,T2_DF_KS_TADP,,,,client_000,,,,,,,,,,,,,,,,,,,,,,,,,,,,,,,,,,,,,,,,CIPHERTEXT_BOUND_TO_SIGNED_UPDATE,,,,,,,,,,,,,,,,,C2_INTERNAL,2,,,,,,,,,,,,,401470ea49f52a5bd04afe9b932d07cb,,,,,,,,,,,,,,1,VERIFIED,,,,,True,,,,,False,7xaytwxmNUsiORQNMo+6VPMvxK+MWw0setHaJKIB15A=,12152affa43cca51d16dc6ce50ed87c3bb005f67bcd1fe8c96b6e747a0c8863b,lhIS+WjWdu7nwVo2eeSh1fX8D+pCzpAo3q6D86Frg0w=,ab93648bf335d4ade2c470f5cfa9cbfcc007df0f1ea7eeec016d1980ff7084f0,6bI8gJlXPvcr/kCRfrnkFcIBvc0vugwFI07saXODFf0=,29ac3bebc7d8bf95fc566b7fd18bb82a91593b8a3a0877f87ec4350551f94d53,T2: real Modified-DF encryption → homomorphic multiplication → matrix-M key switching,reference_python,n=|logq=|scale=|scheme=real_modified_df_ks,df_server_or_authorized_aggregate_key,,,,,,,,,2f499269f627456e037551bab7b7639648363fbd33c8f24f3de3cd5c442fbfbb,,b0d198006d12c5d48532b6488b054a08cbcf7853fe2825c88860a128f80743bc,audit_trails/artifacts/ciphertext_attestations/T2_DF_KS_TADP_client_000_r1_a6b3f0da94cf6be5__b0d198006d12c5d4.json,,,,,,,,,,,,,,,e012bb6487f9b948940c6782ec54e5c732fc5772c33b656123b38fb4404144be,4529f3a3c599468c8ae329aff1740c4908444c8bce4fb16db4633c39eff97922,,
243,eed094da7f1a608e5049e0a6ba8b6e76,9807b00ec9f05c0ed690f948a024469da45a3923628918d48e6175fa51233777,2026-08-22T17:44:29.608231+00:00,TADP-SEC/12.1,CLIENT_ACCEPTED_SUBMISSION,T2_DF_KS_TADP,,,,client_000,,,,,,,,,,,2.3-phase1-fixed-threshold-critical-floor-review-profile,47dd2e58be138865a6d591a63329509757be6b563afb2badb96beb09eac726e5,a663ab753fcbe1179628a237bb638420356ea261176b970e3553fa59bfe7e9d6,1c154f7d4e37aa15e037310f6b45ff14a874311a582c673470a238929d8125dd,8d877b4c3b654a235066cdd49bf4c7e04e1b662c0cf44a17b54811ea50677e11,VALIDATED_EVIDENCE_BUNDLE,,,,,,,,,,,,,,,,,,,,,,,,UPDATE_SUBMITTED_ENFORCED,,False,NOT_REQUIRED_AUTOMATED_POLICY,False,,,,,,,,,,,,,C2_INTERNAL,2,,,,,,,,6f8a5214daf0d8d5188f7da84fe0931408bac9ce898d47d09d53366ef6cfe2b8,c068640bad122342de0e81050f313e88a0b5bf947d459a5df25df6b117f89be9,,,2026-08-23T17:18:04.591571+00:00,401470ea49f52a5bd04afe9b932d07cb,,,,,19a5a822fe806754313ac34563d1fa8dd2f35b0314c2c9d04b1e28c1ae7efbb5,edbc862ef1c700591b1b477c245ff5c124fb9427140e98a6e2e5c9907e0275ac,,,2026-08-22T18:44:22.958744+00:00,eb562985f77fc8a152d2d22d15bfd3f4695b107bdaa4c375fc5dde2be0f10805,active,,,2,ACCEPTED,ALL_BASELINE_CONTROLS,,,,True,True,True,True,True,False,TL5RQ65ha+uWLfsEVHJb/OdRjwSeDOM8+J8Bc/UVZG4=,cd16d1cd3094eed1c4b0d0bc7de23455a30de35074e28135f1fd6a95b55da8a8,lhIS+WjWdu7nwVo2eeSh1fX8D+pCzpAo3q6D86Frg0w=,c947c4e090646d310afe4a7ab7582b64e7b483a1f0892abf8bde14d2dd5a8e03,RzC4Bha2yy0zqhscAE0ljQ1DwK0Fti19GcGZNQFdiOA=,29ac3bebc7d8bf95fc566b7fd18bb82a91593b8a3a0877f87ec4350551f94d53,,,,,,,,,,,,,,,,,163adffba2279f56228f69e07e99396b47062f6a4587787ea0fa5737b7d2d866,audit_trails/artifacts/accepted_runtime_submissions/T2_DF_KS_TADP_client_000_r2_cd16d1cd3094eed1__163adffba2279f56.json,,,,,,,,,,,,,4529f3a3c599468c8ae329aff1740c4908444c8bce4fb16db4633c39eff97922,a9d4c641c36b9b23812236bcdd787da2173ffb10efd80f3851fcd341ba1a3135,,
244,83816bcaca1fcf2e539574137a6da8e6,9807b00ec9f05c0ed690f948a024469da45a3923628918d48e6175fa51233777,2026-08-22T17:44:29.967625+00:00,TADP-SEC/12.1,CLIENT_CIPHERTEXT_BINDING,T2_DF_KS_TADP,,,,client_000,,,,,,,,,,,,,,,,,,,,,,,,,,,,,,,,,,,,,,,,CIPHERTEXT_BOUND_TO_SIGNED_UPDATE,,,,,,,,,,,,,,,,,C2_INTERNAL,2,,,,,,,,,,,,,401470ea49f52a5bd04afe9b932d07cb,,,,,,,,,,,,,,2,VERIFIED,,,,,True,,,,,False,TL5RQ65ha+uWLfsEVHJb/OdRjwSeDOM8+J8Bc/UVZG4=,cd16d1cd3094eed1c4b0d0bc7de23455a30de35074e28135f1fd6a95b55da8a8,lhIS+WjWdu7nwVo2eeSh1fX8D+pCzpAo3q6D86Frg0w=,d54627a8c226210d8a2a5f2828cb630ac37fb7118bfe47b2511f8d6468316fbd,RzC4Bha2yy0zqhscAE0ljQ1DwK0Fti19GcGZNQFdiOA=,29ac3bebc7d8bf95fc566b7fd18bb82a91593b8a3a0877f87ec4350551f94d53,T2: real Modified-DF encryption → homomorphic multiplication → matrix-M key switching,reference_python,n=|logq=|scale=|scheme=real_modified_df_ks,df_server_or_authorized_aggregate_key,,,,,,,,,eb635d376a130cb92bad0593aa0d9fd5bf86cc64761c65855ad83ea865046bac,,0b0a96688925be50ae9e89d9518f268477115e992f02579512e67f093b6d8742,audit_trails/artifacts/ciphertext_attestations/T2_DF_KS_TADP_client_000_r2_412c10073b3f7c9e__0b0a96688925be50.json,,,,,,,,,,,,,,,a9d4c641c36b9b23812236bcdd787da2173ffb10efd80f3851fcd341ba1a3135,5810a7a7166db657039d9ed2c7d6b4cf060dcddbec625b89740afd2deb78f1f0,,
245,66e76625f571b7760b0dc73210bb7e0b,9807b00ec9f05c0ed690f948a024469da45a3923628918d48e6175fa51233777,2026-08-22T17:44:34.673454+00:00,TADP-SEC/12.1,CLIENT_ACCEPTED_SUBMISSION,T2_DF_KS_TADP,,,,client_000,,,,,,,,,,,2.3-phase1-fixed-threshold-critical-floor-review-profile,47dd2e58be138865a6d591a63329509757be6b563afb2badb96beb09eac726e5,a663ab753fcbe1179628a237bb638420356ea261176b970e3553fa59bfe7e9d6,1c154f7d4e37aa15e037310f6b45ff14a874311a582c673470a238929d8125dd,8d877b4c3b654a235066cdd49bf4c7e04e1b662c0cf44a17b54811ea50677e11,VALIDATED_EVIDENCE_BUNDLE,,,,,,,,,,,,,,,,,,,,,,,,UPDATE_SUBMITTED_ENFORCED,,False,NOT_REQUIRED_AUTOMATED_POLICY,False,,,,,,,,,,,,,C2_INTERNAL,2,,,,,,,,6f8a5214daf0d8d5188f7da84fe0931408bac9ce898d47d09d53366ef6cfe2b8,c068640bad122342de0e81050f313e88a0b5bf947d459a5df25df6b117f89be9,,,2026-08-23T17:18:04.591571+00:00,401470ea49f52a5bd04afe9b932d07cb,,,,,19a5a822fe806754313ac34563d1fa8dd2f35b0314c2c9d04b1e28c1ae7efbb5,edbc862ef1c700591b1b477c245ff5c124fb9427140e98a6e2e5c9907e0275ac,,,2026-08-22T18:44:22.958744+00:00,eb562985f77fc8a152d2d22d15bfd3f4695b107bdaa4c375fc5dde2be0f10805,active,,,3,ACCEPTED,ALL_BASELINE_CONTROLS,,,,True,True,True,True,True,False,W5D8248CE8ppMWUCy577xYQCRmKErATGy+1S6RPSRqM=,0c042ffcc39e2cae9482ab875a4e96238e9d5156e11d87d9c361a7017482bce7,lhIS+WjWdu7nwVo2eeSh1fX8D+pCzpAo3q6D86Frg0w=,640fa4587f002d26a3187da21f1b6d0efd354987ca521bf7367589c78ec6dd53,DBGZjtBPOWYUOZLM1kHc3t/2DYFPdp8vsyvA77ukv1w=,29ac3bebc7d8bf95fc566b7fd18bb82a91593b8a3a0877f87ec4350551f94d53,,,,,,,,,,,,,,,,,eefbf45dff753bc6616239bb48fc6525abeb856c7cdc0fd398d365c4dcb5afa8,audit_trails/artifacts/accepted_runtime_submissions/T2_DF_KS_TADP_client_000_r3_0c042ffcc39e2cae__eefbf45dff753bc6.json,,,,,,,,,,,,,5810a7a7166db657039d9ed2c7d6b4cf060dcddbec625b89740afd2deb78f1f0,2c904a97355b44e892617024c130cd74ef6636f8212873bd091011a2ce4392b5,,
246,2c9ec0c89c5debb59c20f4ec24723d5f,9807b00ec9f05c0ed690f948a024469da45a3923628918d48e6175fa51233777,2026-08-22T17:44:35.023422+00:00,TADP-SEC/12.1,CLIENT_CIPHERTEXT_BINDING,T2_DF_KS_TADP,,,,client_000,,,,,,,,,,,,,,,,,,,,,,,,,,,,,,,,,,,,,,,,CIPHERTEXT_BOUND_TO_SIGNED_UPDATE,,,,,,,,,,,,,,,,,C2_INTERNAL,2,,,,,,,,,,,,,401470ea49f52a5bd04afe9b932d07cb,,,,,,,,,,,,,,3,VERIFIED,,,,,True,,,,,False,W5D8248CE8ppMWUCy577xYQCRmKErATGy+1S6RPSRqM=,0c042ffcc39e2cae9482ab875a4e96238e9d5156e11d87d9c361a7017482bce7,lhIS+WjWdu7nwVo2eeSh1fX8D+pCzpAo3q6D86Frg0w=,58256b255d0148e0cf68a4db8674eadfdf946d46909d4167f0a80ebdb9e8df7e,DBGZjtBPOWYUOZLM1kHc3t/2DYFPdp8vsyvA77ukv1w=,29ac3bebc7d8bf95fc566b7fd18bb82a91593b8a3a0877f87ec4350551f94d53,T2: real Modified-DF encryption → homomorphic multiplication → matrix-M key switching,reference_python,n=|logq=|scale=|scheme=real_modified_df_ks,df_server_or_authorized_aggregate_key,,,,,,,,,651ffc075cb291f893e10e9ae2880f72238afdb9fd5757139c6dc3a436063b8f,,315b2ca78116b44ea903ba02b5a8a09afdb02ae1fb364034a1e8eb3496599ad5,audit_trails/artifacts/ciphertext_attestations/T2_DF_KS_TADP_client_000_r3_6ed7d5a7e454e559__315b2ca78116b44e.json,,,,,,,,,,,,,,,2c904a97355b44e892617024c130cd74ef6636f8212873bd091011a2ce4392b5,e6b43eb7de78359eafe266816ab4d3ef480dd534a516dfb1a8d15977a17a7244,,
247,893948f02ebf72b8386e9f3e33f7703a,9807b00ec9f05c0ed690f948a024469da45a3923628918d48e6175fa51233777,2026-08-22T17:44:41.231207+00:00,TADP-SEC/12.1,CLIENT_ACCEPTED_SUBMISSION,T2_DF_KS_TADP,,,,client_000,,,,,,,,,,,2.3-phase1-fixed-threshold-critical-floor-review-profile,47dd2e58be138865a6d591a63329509757be6b563afb2badb96beb09eac726e5,a663ab753fcbe1179628a237bb638420356ea261176b970e3553fa59bfe7e9d6,1c154f7d4e37aa15e037310f6b45ff14a874311a582c673470a238929d8125dd,8d877b4c3b654a235066cdd49bf4c7e04e1b662c0cf44a17b54811ea50677e11,VALIDATED_EVIDENCE_BUNDLE,,,,,,,,,,,,,,,,,,,,,,,,UPDATE_SUBMITTED_ENFORCED,,False,NOT_REQUIRED_AUTOMATED_POLICY,False,,,,,,,,,,,,,C2_INTERNAL,2,,,,,,,,6f8a5214daf0d8d5188f7da84fe0931408bac9ce898d47d09d53366ef6cfe2b8,c068640bad122342de0e81050f313e88a0b5bf947d459a5df25df6b117f89be9,,,2026-08-23T17:18:04.591571+00:00,401470ea49f52a5bd04afe9b932d07cb,,,,,19a5a822fe806754313ac34563d1fa8dd2f35b0314c2c9d04b1e28c1ae7efbb5,edbc862ef1c700591b1b477c245ff5c124fb9427140e98a6e2e5c9907e0275ac,,,2026-08-22T18:44:22.958744+00:00,eb562985f77fc8a152d2d22d15bfd3f4695b107bdaa4c375fc5dde2be0f10805,active,,,4,ACCEPTED,ALL_BASELINE_CONTROLS,,,,True,True,True,True,True,False,YzkVCdcx/zvDWTHyXNFYXlHWNHU3NFT6u8zZLPTOGO8=,468f4067a009c30573d35f4bfd9b4cddcd9d1cfff161d421037a401bd16fa72a,lhIS+WjWdu7nwVo2eeSh1fX8D+pCzpAo3q6D86Frg0w=,7e00cd5ebe2620e494a2990d3b099fa0a23ca2b3dbbe02fe646ff24d1b8daaa5,1kjn5H+T4bYg65M3BUpaZ7SXIYiQ+VIWpcTiSPLGwGU=,29ac3bebc7d8bf95fc566b7fd18bb82a91593b8a3a0877f87ec4350551f94d53,,,,,,,,,,,,,,,,,b83cdde283a58132a3bc4df2361fe1389a59cbf116888ec43b6149ef172912b2,audit_trails/artifacts/accepted_runtime_submissions/T2_DF_KS_TADP_client_000_r4_468f4067a009c305__b83cdde283a58132.json,,,,,,,,,,,,,e6b43eb7de78359eafe266816ab4d3ef480dd534a516dfb1a8d15977a17a7244,526843e34a77015445bf1c46e949f55788e7861ad0b2c58eeb5c62fe68410849,,
248,7bea19bce4cd45610b4f7be83d064f1e,9807b00ec9f05c0ed690f948a024469da45a3923628918d48e6175fa51233777,2026-08-22T17:44:41.594466+00:00,TADP-SEC/12.1,CLIENT_CIPHERTEXT_BINDING,T2_DF_KS_TADP,,,,client_000,,,,,,,,,,,,,,,,,,,,,,,,,,,,,,,,,,,,,,,,CIPHERTEXT_BOUND_TO_SIGNED_UPDATE,,,,,,,,,,,,,,,,,C2_INTERNAL,2,,,,,,,,,,,,,401470ea49f52a5bd04afe9b932d07cb,,,,,,,,,,,,,,4,VERIFIED,,,,,True,,,,,False,YzkVCdcx/zvDWTHyXNFYXlHWNHU3NFT6u8zZLPTOGO8=,468f4067a009c30573d35f4bfd9b4cddcd9d1cfff161d421037a401bd16fa72a,lhIS+WjWdu7nwVo2eeSh1fX8D+pCzpAo3q6D86Frg0w=,36381047e595c8eb5f2bce4ec458554afe6b0956c0a748fb25ed6474f4ad8dc7,1kjn5H+T4bYg65M3BUpaZ7SXIYiQ+VIWpcTiSPLGwGU=,29ac3bebc7d8bf95fc566b7fd18bb82a91593b8a3a0877f87ec4350551f94d53,T2: real Modified-DF encryption → homomorphic multiplication → matrix-M key switching,reference_python,n=|logq=|scale=|scheme=real_modified_df_ks,df_server_or_authorized_aggregate_key,,,,,,,,,c6512340e6e2e83cc2455544b5fffabf80f9d5eb6e3032ebac8c11082a65de8a,,310601f30f73b676c53e6e35580352e9b133013f3770dfa9b1df88535156eef1,audit_trails/artifacts/ciphertext_attestations/T2_DF_KS_TADP_client_000_r4_cead649122cde356__310601f30f73b676.json,,,,,,,,,,,,,,,526843e34a77015445bf1c46e949f55788e7861ad0b2c58eeb5c62fe68410849,d934ef6f7b77e07fc5880fba25365e22e78db67f2864fb8214be5b04e0d82601,,
249,9082d3ac0d95525b41965c423c3e3fa1,9807b00ec9f05c0ed690f948a024469da45a3923628918d48e6175fa51233777,2026-08-22T17:44:46.312949+00:00,TADP-SEC/12.1,CLIENT_ACCEPTED_SUBMISSION,T2_DF_KS_TADP,,,,client_000,,,,,,,,,,,2.3-phase1-fixed-threshold-critical-floor-review-profile,47dd2e58be138865a6d591a63329509757be6b563afb2badb96beb09eac726e5,a663ab753fcbe1179628a237bb638420356ea261176b970e3553fa59bfe7e9d6,1c154f7d4e37aa15e037310f6b45ff14a874311a582c673470a238929d8125dd,8d877b4c3b654a235066cdd49bf4c7e04e1b662c0cf44a17b54811ea50677e11,VALIDATED_EVIDENCE_BUNDLE,,,,,,,,,,,,,,,,,,,,,,,,UPDATE_SUBMITTED_ENFORCED,,False,NOT_REQUIRED_AUTOMATED_POLICY,False,,,,,,,,,,,,,C2_INTERNAL,2,,,,,,,,6f8a5214daf0d8d5188f7da84fe0931408bac9ce898d47d09d53366ef6cfe2b8,c068640bad122342de0e81050f313e88a0b5bf947d459a5df25df6b117f89be9,,,2026-08-23T17:18:04.591571+00:00,401470ea49f52a5bd04afe9b932d07cb,,,,,19a5a822fe806754313ac34563d1fa8dd2f35b0314c2c9d04b1e28c1ae7efbb5,edbc862ef1c700591b1b477c245ff5c124fb9427140e98a6e2e5c9907e0275ac,,,2026-08-22T18:44:22.958744+00:00,eb562985f77fc8a152d2d22d15bfd3f4695b107bdaa4c375fc5dde2be0f10805,active,,,5,ACCEPTED,ALL_BASELINE_CONTROLS,,,,True,True,True,True,True,False,uNpVEJBTz3LGTuXxLGdOj5dpAtbNFjDvCfj2+H4to6E=,956a33ef5efc982489528fdb2fb1fb87cd14900e1b63a357fef5aff4acc6c8f5,lhIS+WjWdu7nwVo2eeSh1fX8D+pCzpAo3q6D86Frg0w=,45eba24ac408c0a71cc63d0c8a1afc395457eb04705d5aa9169e1fafcd775039,wcxkOkv5na/4nMKxXAm/uz3aD7wQWFDkFj2YgjS2l64=,29ac3bebc7d8bf95fc566b7fd18bb82a91593b8a3a0877f87ec4350551f94d53,,,,,,,,,,,,,,,,,89692b612cca2af8d981b4b63ba06a2d996d6cefcba4a6a2514dff20c2685cdf,audit_trails/artifacts/accepted_runtime_submissions/T2_DF_KS_TADP_client_000_r5_956a33ef5efc9824__89692b612cca2af8.json,,,,,,,,,,,,,d934ef6f7b77e07fc5880fba25365e22e78db67f2864fb8214be5b04e0d82601,77b4cbcff5d122152226c058367e3febbb262c9ced7775588c1bc031c525e761,,
250,39d647f9a7013121c1bab3bf1fd551bd,9807b00ec9f05c0ed690f948a024469da45a3923628918d48e6175fa51233777,2026-08-22T17:44:46.662211+00:00,TADP-SEC/12.1,CLIENT_CIPHERTEXT_BINDING,T2_DF_KS_TADP,,,,client_000,,,,,,,,,,,,,,,,,,,,,,,,,,,,,,,,,,,,,,,,CIPHERTEXT_BOUND_TO_SIGNED_UPDATE,,,,,,,,,,,,,,,,,C2_INTERNAL,2,,,,,,,,,,,,,401470ea49f52a5bd04afe9b932d07cb,,,,,,,,,,,,,,5,VERIFIED,,,,,True,,,,,False,uNpVEJBTz3LGTuXxLGdOj5dpAtbNFjDvCfj2+H4to6E=,956a33ef5efc982489528fdb2fb1fb87cd14900e1b63a357fef5aff4acc6c8f5,lhIS+WjWdu7nwVo2eeSh1fX8D+pCzpAo3q6D86Frg0w=,f7ef59d7d73ce14e5f416c053e3c344f8a7f339daf90bafaf017b8bf3b69aeb0,wcxkOkv5na/4nMKxXAm/uz3aD7wQWFDkFj2YgjS2l64=,29ac3bebc7d8bf95fc566b7fd18bb82a91593b8a3a0877f87ec4350551f94d53,T2: real Modified-DF encryption → homomorphic multiplication → matrix-M key switching,reference_python,n=|logq=|scale=|scheme=real_modified_df_ks,df_server_or_authorized_aggregate_key,,,,,,,,,08ef99b94cad3dc21d8aa301e12a610135690e5410bd7b3ccc407cd33d1f24a0,,4b553096baaeb81df00f73922c9d666734ce4ed5ee315834527974ece9b2079a,audit_trails/artifacts/ciphertext_attestations/T2_DF_KS_TADP_client_000_r5_9e79b3284965a8a4__4b553096baaeb81d.json,,,,,,,,,,,,,,,77b4cbcff5d122152226c058367e3febbb262c9ced7775588c1bc031c525e761,3cb04319ade75be4f6475988651e7184b965e46c0f417ee6b78244c3e5ba3087,,
251,ee84d4537d09099b4438966947a8160b,9807b00ec9f05c0ed690f948a024469da45a3923628918d48e6175fa51233777,2026-08-22T17:44:51.483868+00:00,TADP-SEC/12.1,CLIENT_ACCEPTED_SUBMISSION,T2_DF_KS_TADP,,,,client_000,,,,,,,,,,,2.3-phase1-fixed-threshold-critical-floor-review-profile,47dd2e58be138865a6d591a63329509757be6b563afb2badb96beb09eac726e5,a663ab753fcbe1179628a237bb638420356ea261176b970e3553fa59bfe7e9d6,1c154f7d4e37aa15e037310f6b45ff14a874311a582c673470a238929d8125dd,8d877b4c3b654a235066cdd49bf4c7e04e1b662c0cf44a17b54811ea50677e11,VALIDATED_EVIDENCE_BUNDLE,,,,,,,,,,,,,,,,,,,,,,,,UPDATE_SUBMITTED_ENFORCED,,False,NOT_REQUIRED_AUTOMATED_POLICY,False,,,,,,,,,,,,,C2_INTERNAL,2,,,,,,,,6f8a5214daf0d8d5188f7da84fe0931408bac9ce898d47d09d53366ef6cfe2b8,c068640bad122342de0e81050f313e88a0b5bf947d459a5df25df6b117f89be9,,,2026-08-23T17:18:04.591571+00:00,401470ea49f52a5bd04afe9b932d07cb,,,,,19a5a822fe806754313ac34563d1fa8dd2f35b0314c2c9d04b1e28c1ae7efbb5,edbc862ef1c700591b1b477c245ff5c124fb9427140e98a6e2e5c9907e0275ac,,,2026-08-22T18:44:22.958744+00:00,eb562985f77fc8a152d2d22d15bfd3f4695b107bdaa4c375fc5dde2be0f10805,active,,,6,ACCEPTED,ALL_BASELINE_CONTROLS,,,,True,True,True,True,True,False,6iy6qItK/GxsUo3ff87XX+n0VR0sXG9+6Rj/dTUgXDs=,5eee893e581fa3ecc6a40d3292a951a9b3a4294b6ef652cd24169492c5e946f1,lhIS+WjWdu7nwVo2eeSh1fX8D+pCzpAo3q6D86Frg0w=,86f85a63d08eb034272595403a1b8a2291409e11c3da3b495c50b1725fb07ac3,GqdxBblyBuYJpmLji9qa5LkwBJuVNXMo4OamP5yXiZ4=,29ac3bebc7d8bf95fc566b7fd18bb82a91593b8a3a0877f87ec4350551f94d53,,,,,,,,,,,,,,,,,ac9203a51fa171a83de0b47c0731b10a89877902fefbc6173652c9ae6b51bdbd,audit_trails/artifacts/accepted_runtime_submissions/T2_DF_KS_TADP_client_000_r6_5eee893e581fa3ec__ac9203a51fa171a8.json,,,,,,,,,,,,,3cb04319ade75be4f6475988651e7184b965e46c0f417ee6b78244c3e5ba3087,45f87fe4629c695167e82a7404c2372409c5dce14a8f4aae51c3ec0ccdf35512,,
252,a8f06bbd41f4b540eb177c156cc9375f,9807b00ec9f05c0ed690f948a024469da45a3923628918d48e6175fa51233777,2026-08-22T17:44:52.131786+00:00,TADP-SEC/12.1,CLIENT_CIPHERTEXT_BINDING,T2_DF_KS_TADP,,,,client_000,,,,,,,,,,,,,,,,,,,,,,,,,,,,,,,,,,,,,,,,CIPHERTEXT_BOUND_TO_SIGNED_UPDATE,,,,,,,,,,,,,,,,,C2_INTERNAL,2,,,,,,,,,,,,,401470ea49f52a5bd04afe9b932d07cb,,,,,,,,,,,,,,6,VERIFIED,,,,,True,,,,,False,6iy6qItK/GxsUo3ff87XX+n0VR0sXG9+6Rj/dTUgXDs=,5eee893e581fa3ecc6a40d3292a951a9b3a4294b6ef652cd24169492c5e946f1,lhIS+WjWdu7nwVo2eeSh1fX8D+pCzpAo3q6D86Frg0w=,0eb2df022c24d48413c0031ee4d90e1103cd5b167cff3a427291fadb48b7132a,GqdxBblyBuYJpmLji9qa5LkwBJuVNXMo4OamP5yXiZ4=,29ac3bebc7d8bf95fc566b7fd18bb82a91593b8a3a0877f87ec4350551f94d53,T2: real Modified-DF encryption → homomorphic multiplication → matrix-M key switching,reference_python,n=|logq=|scale=|scheme=real_modified_df_ks,df_server_or_authorized_aggregate_key,,,,,,,,,4cebffb8b07deed4cb71acfa69950277c9279cab7f862bbba910e5c4d76ca8ac,,750b2a66353632fe90ce8bdf8286d2d0b879d9beed4fe3c63d2a0515db96dda3,audit_trails/artifacts/ciphertext_attestations/T2_DF_KS_TADP_client_000_r6_60fd252178235d2b__750b2a66353632fe.json,,,,,,,,,,,,,,,45f87fe4629c695167e82a7404c2372409c5dce14a8f4aae51c3ec0ccdf35512,b540c569274366b4214cf23a6e733eacc891713561aa45559ee1a22879023b78,,
253,30df968dc9bdd569e9c9e136abae25f5,9807b00ec9f05c0ed690f948a024469da45a3923628918d48e6175fa51233777,2026-08-22T17:44:57.976886+00:00,TADP-SEC/12.1,CLIENT_ACCEPTED_SUBMISSION,T2_DF_KS_TADP,,,,client_000,,,,,,,,,,,2.3-phase1-fixed-threshold-critical-floor-review-profile,47dd2e58be138865a6d591a63329509757be6b563afb2badb96beb09eac726e5,a663ab753fcbe1179628a237bb638420356ea261176b970e3553fa59bfe7e9d6,1c154f7d4e37aa15e037310f6b45ff14a874311a582c673470a238929d8125dd,8d877b4c3b654a235066cdd49bf4c7e04e1b662c0cf44a17b54811ea50677e11,VALIDATED_EVIDENCE_BUNDLE,,,,,,,,,,,,,,,,,,,,,,,,UPDATE_SUBMITTED_ENFORCED,,False,NOT_REQUIRED_AUTOMATED_POLICY,False,,,,,,,,,,,,,C2_INTERNAL,2,,,,,,,,6f8a5214daf0d8d5188f7da84fe0931408bac9ce898d47d09d53366ef6cfe2b8,c068640bad122342de0e81050f313e88a0b5bf947d459a5df25df6b117f89be9,,,2026-08-23T17:18:04.591571+00:00,401470ea49f52a5bd04afe9b932d07cb,,,,,19a5a822fe806754313ac34563d1fa8dd2f35b0314c2c9d04b1e28c1ae7efbb5,edbc862ef1c700591b1b477c245ff5c124fb9427140e98a6e2e5c9907e0275ac,,,2026-08-22T18:44:22.958744+00:00,eb562985f77fc8a152d2d22d15bfd3f4695b107bdaa4c375fc5dde2be0f10805,active,,,7,ACCEPTED,ALL_BASELINE_CONTROLS,,,,True,True,True,True,True,False,fGCze35afdu71evRCxcjgX5ybkqhxr1yMn0+qm4NCn4=,fff7828bd558eb764b458970b05d8c066d1ece66439c0a4304d9f17d7aaad698,lhIS+WjWdu7nwVo2eeSh1fX8D+pCzpAo3q6D86Frg0w=,57c5e86adee5bcaf19c9e444420d14a65f13240bc435f4dd4a2b945cec04a5c2,cXfB2fkhHftVW3bP/2Nn5Z9YzK+4Piu0IzIrP0ttAl8=,29ac3bebc7d8bf95fc566b7fd18bb82a91593b8a3a0877f87ec4350551f94d53,,,,,,,,,,,,,,,,,93c836b09c596893b2c5d66547113838a2c3e0f26cf196cd579bd153ab5306b6,audit_trails/artifacts/accepted_runtime_submissions/T2_DF_KS_TADP_client_000_r7_fff7828bd558eb76__93c836b09c596893.json,,,,,,,,,,,,,b540c569274366b4214cf23a6e733eacc891713561aa45559ee1a22879023b78,60a5aa881614967e2c7003a9af79781c613f7af6ec08fb9b289feb00d7ce3a6d,,
254,502825f9ec083f439e82369dc107d2da,9807b00ec9f05c0ed690f948a024469da45a3923628918d48e6175fa51233777,2026-08-22T17:44:58.330547+00:00,TADP-SEC/12.1,CLIENT_CIPHERTEXT_BINDING,T2_DF_KS_TADP,,,,client_000,,,,,,,,,,,,,,,,,,,,,,,,,,,,,,,,,,,,,,,,CIPHERTEXT_BOUND_TO_SIGNED_UPDATE,,,,,,,,,,,,,,,,,C2_INTERNAL,2,,,,,,,,,,,,,401470ea49f52a5bd04afe9b932d07cb,,,,,,,,,,,,,,7,VERIFIED,,,,,True,,,,,False,fGCze35afdu71evRCxcjgX5ybkqhxr1yMn0+qm4NCn4=,fff7828bd558eb764b458970b05d8c066d1ece66439c0a4304d9f17d7aaad698,lhIS+WjWdu7nwVo2eeSh1fX8D+pCzpAo3q6D86Frg0w=,a9926c2140e91bf418c4f4979bce910c0d02e4fcba0d09f0f6647f1acbb99242,cXfB2fkhHftVW3bP/2Nn5Z9YzK+4Piu0IzIrP0ttAl8=,29ac3bebc7d8bf95fc566b7fd18bb82a91593b8a3a0877f87ec4350551f94d53,T2: real Modified-DF encryption → homomorphic multiplication → matrix-M key switching,reference_python,n=|logq=|scale=|scheme=real_modified_df_ks,df_server_or_authorized_aggregate_key,,,,,,,,,05c13fce947bb2edc632ca8cb410b8b022a8ad0825743fd718f8c1f835fba232,,dfc0f86b0d813bd05f30d92359e8c0fee6481719dad940bf747416758f3cb240,audit_trails/artifacts/ciphertext_attestations/T2_DF_KS_TADP_client_000_r7_ecf39e3de86534cd__dfc0f86b0d813bd0.json,,,,,,,,,,,,,,,60a5aa881614967e2c7003a9af79781c613f7af6ec08fb9b289feb00d7ce3a6d,8c61d119d4a9e0b79fe52676aa94ee455b814b1aaa33ca3b9bb9b0ea327bafc0,,
255,8c174f4e9658951ab1f344163e9f0ec7,9807b00ec9f05c0ed690f948a024469da45a3923628918d48e6175fa51233777,2026-08-22T17:45:03.070745+00:00,TADP-SEC/12.1,CLIENT_ACCEPTED_SUBMISSION,T2_DF_KS_TADP,,,,client_000,,,,,,,,,,,2.3-phase1-fixed-threshold-critical-floor-review-profile,47dd2e58be138865a6d591a63329509757be6b563afb2badb96beb09eac726e5,a663ab753fcbe1179628a237bb638420356ea261176b970e3553fa59bfe7e9d6,1c154f7d4e37aa15e037310f6b45ff14a874311a582c673470a238929d8125dd,8d877b4c3b654a235066cdd49bf4c7e04e1b662c0cf44a17b54811ea50677e11,VALIDATED_EVIDENCE_BUNDLE,,,,,,,,,,,,,,,,,,,,,,,,UPDATE_SUBMITTED_ENFORCED,,False,NOT_REQUIRED_AUTOMATED_POLICY,False,,,,,,,,,,,,,C2_INTERNAL,2,,,,,,,,6f8a5214daf0d8d5188f7da84fe0931408bac9ce898d47d09d53366ef6cfe2b8,c068640bad122342de0e81050f313e88a0b5bf947d459a5df25df6b117f89be9,,,2026-08-23T17:18:04.591571+00:00,401470ea49f52a5bd04afe9b932d07cb,,,,,19a5a822fe806754313ac34563d1fa8dd2f35b0314c2c9d04b1e28c1ae7efbb5,edbc862ef1c700591b1b477c245ff5c124fb9427140e98a6e2e5c9907e0275ac,,,2026-08-22T18:44:22.958744+00:00,eb562985f77fc8a152d2d22d15bfd3f4695b107bdaa4c375fc5dde2be0f10805,active,,,8,ACCEPTED,ALL_BASELINE_CONTROLS,,,,True,True,True,True,True,False,ExIIIeILSSUeLO8MRLvP/FnqIa8h9FArTGuCI4GKgfE=,9a719f8ce096340a889b99ced536f8c5cc613ac3451b619ff606952a8ba3b03c,lhIS+WjWdu7nwVo2eeSh1fX8D+pCzpAo3q6D86Frg0w=,6acb9408bb29f048576f27b3c47f2604737d852a4a4d6450aba4f4176b332b07,TTg7BIcCdeo2BmBTImK4qy9aer5nBIkLFaQgGS1CUZs=,29ac3bebc7d8bf95fc566b7fd18bb82a91593b8a3a0877f87ec4350551f94d53,,,,,,,,,,,,,,,,,d63b24802d022a29b5b046178740714769c54a987c318f01f46ff004605b971c,audit_trails/artifacts/accepted_runtime_submissions/T2_DF_KS_TADP_client_000_r8_9a719f8ce096340a__d63b24802d022a29.json,,,,,,,,,,,,,8c61d119d4a9e0b79fe52676aa94ee455b814b1aaa33ca3b9bb9b0ea327bafc0,3d9485f69c2ba7b80e531977be3d72ec80b87a8b608ae2fd16045bfe77dce3c8,,
256,31c0b212606004d1802b6d86eba2d350,9807b00ec9f05c0ed690f948a024469da45a3923628918d48e6175fa51233777,2026-08-22T17:45:03.424560+00:00,TADP-SEC/12.1,CLIENT_CIPHERTEXT_BINDING,T2_DF_KS_TADP,,,,client_000,,,,,,,,,,,,,,,,,,,,,,,,,,,,,,,,,,,,,,,,CIPHERTEXT_BOUND_TO_SIGNED_UPDATE,,,,,,,,,,,,,,,,,C2_INTERNAL,2,,,,,,,,,,,,,401470ea49f52a5bd04afe9b932d07cb,,,,,,,,,,,,,,8,VERIFIED,,,,,True,,,,,False,ExIIIeILSSUeLO8MRLvP/FnqIa8h9FArTGuCI4GKgfE=,9a719f8ce096340a889b99ced536f8c5cc613ac3451b619ff606952a8ba3b03c,lhIS+WjWdu7nwVo2eeSh1fX8D+pCzpAo3q6D86Frg0w=,e0478f55634028b4e52e63e416c0bcc899c512a6f2cb5fae304ec17cba0a10d1,TTg7BIcCdeo2BmBTImK4qy9aer5nBIkLFaQgGS1CUZs=,29ac3bebc7d8bf95fc566b7fd18bb82a91593b8a3a0877f87ec4350551f94d53,T2: real Modified-DF encryption → homomorphic multiplication → matrix-M key switching,reference_python,n=|logq=|scale=|scheme=real_modified_df_ks,df_server_or_authorized_aggregate_key,,,,,,,,,6bcb20b7ea05e0b09a784ece0c31b00226ff2ebbcd0b851ac54887358f70cf4f,,1551fe732e07502eccd6f9403679b56581c3e90d2f5adc87efb472b3e12980ac,audit_trails/artifacts/ciphertext_attestations/T2_DF_KS_TADP_client_000_r8_299e68ded455d0d9__1551fe732e07502e.json,,,,,,,,,,,,,,,3d9485f69c2ba7b80e531977be3d72ec80b87a8b608ae2fd16045bfe77dce3c8,a5ff2511efb022f5b6e35a2513cbf46c34a4cf08f4f39212ceedff349e6f1460,,0ytFBReYFoXhb/HbfICHIvlizagK5THiZdASRq6YfsX+hFc5rJdPmonpdAqfIQncX0DRaLpttToS7GqUaVlGiwvZnQ8pqynY1tAkLxrbD/ZEkvD+R0cH/mKr9WoSSjXXSutG5v9GVMvAIcOHXkOYQuD4eQlbFGplqFtBza8F1H2bRHbHsHqI9ApaxSwbqKeB21MkEQJaKfXI0gL7yHYcnkd9yQ4nEzywhO4f98iixYPiAuXLG94A7TevPNoHqnYkZNNL+pxFXGU4l6KWFPKzQ5roCcqoHyHo2Pl5DSfOprjiZpDvvmB2McyVNMXwRDLZHoRhZ5wtH+REZ01LNtHh13mbN17+kLOmiJGQRKp5s+tLBPn3etSCzx1Ts3gVgV+yQdxFcRtMYLKDdQQNq3zhnyHreP9JQcotT/wUbY7JOzo4nOY1on5sRKO9ofsS7xVRguXhB4y/OlfFheBq1yaUOPYv9eqtGFTucs+71sTVMS1yA9+z2Amey8P0jiM1iy/B
257,3a3d2cd9931d991b69b333cd06742ab0,9807b00ec9f05c0ed690f948a024469da45a3923628918d48e6175fa51233777,2026-08-22T17:45:09.689133+00:00,TADP-SEC/12.1,CLIENT_ACCEPTED_SUBMISSION,T2_DF_KS_TADP,,,,client_000,,,,,,,,,,,2.3-phase1-fixed-threshold-critical-floor-review-profile,47dd2e58be138865a6d591a63329509757be6b563afb2badb96beb09eac726e5,a663ab753fcbe1179628a237bb638420356ea261176b970e3553fa59bfe7e9d6,1c154f7d4e37aa15e037310f6b45ff14a874311a582c673470a238929d8125dd,8d877b4c3b654a235066cdd49bf4c7e04e1b662c0cf44a17b54811ea50677e11,VALIDATED_EVIDENCE_BUNDLE,,,,,,,,,,,,,,,,,,,,,,,,UPDATE_SUBMITTED_ENFORCED,,False,NOT_REQUIRED_AUTOMATED_POLICY,False,,,,,,,,,,,,,C2_INTERNAL,2,,,,,,,,6f8a5214daf0d8d5188f7da84fe0931408bac9ce898d47d09d53366ef6cfe2b8,c068640bad122342de0e81050f313e88a0b5bf947d459a5df25df6b117f89be9,,,2026-08-23T17:18:04.591571+00:00,401470ea49f52a5bd04afe9b932d07cb,,,,,19a5a822fe806754313ac34563d1fa8dd2f35b0314c2c9d04b1e28c1ae7efbb5,edbc862ef1c700591b1b477c245ff5c124fb9427140e98a6e2e5c9907e0275ac,,,2026-08-22T18:44:22.958744+00:00,eb562985f77fc8a152d2d22d15bfd3f4695b107bdaa4c375fc5dde2be0f10805,active,,,9,ACCEPTED,ALL_BASELINE_CONTROLS,,,,True,True,True,True,True,False,g5CbWrFuyvDXBYyQFD0J3FQceLBArSgENu+WZeD+phU=,5d20b7ac5faebeb74e239e000d32c681cee4a8c69a6af9e3e3d38190427eaaed,lhIS+WjWdu7nwVo2eeSh1fX8D+pCzpAo3q6D86Frg0w=,bbc1fccd7381620318d0e76cfcce1a80025f3253ce3f9bc96cf9dfbe307d02ff,TLcoqJRA3X1ccL/5mBBeImEHlqQ+HhQzJ7NDaFwg0Jk=,29ac3bebc7d8bf95fc566b7fd18bb82a91593b8a3a0877f87ec4350551f94d53,,,,,,,,,,,,,,,,,44fb429f57a9a35877c8fe0d1dc3af7859f92aec14f9e1cd22b4043605a09b11,audit_trails/artifacts/accepted_runtime_submissions/T2_DF_KS_TADP_client_000_r9_5d20b7ac5faebeb7__44fb429f57a9a358.json,,,,,,,,,,,,,a5ff2511efb022f5b6e35a2513cbf46c34a4cf08f4f39212ceedff349e6f1460,f372004b08a323efc1c234c25f4d373e5c6ec474e5dcdc815c46f9e2d5355805,,
258,dd6575b34ff08f7092005ca0bc742044,9807b00ec9f05c0ed690f948a024469da45a3923628918d48e6175fa51233777,2026-08-22T17:45:10.054983+00:00,TADP-SEC/12.1,CLIENT_CIPHERTEXT_BINDING,T2_DF_KS_TADP,,,,client_000,,,,,,,,,,,,,,,,,,,,,,,,,,,,,,,,,,,,,,,,CIPHERTEXT_BOUND_TO_SIGNED_UPDATE,,,,,,,,,,,,,,,,,C2_INTERNAL,2,,,,,,,,,,,,,401470ea49f52a5bd04afe9b932d07cb,,,,,,,,,,,,,,9,VERIFIED,,,,,True,,,,,False,g5CbWrFuyvDXBYyQFD0J3FQceLBArSgENu+WZeD+phU=,5d20b7ac5faebeb74e239e000d32c681cee4a8c69a6af9e3e3d38190427eaaed,lhIS+WjWdu7nwVo2eeSh1fX8D+pCzpAo3q6D86Frg0w=,7b1fec70c03051a3c79902766df2cd880c5eb1dd10249c72633f529cda24af3b,TLcoqJRA3X1ccL/5mBBeImEHlqQ+HhQzJ7NDaFwg0Jk=,29ac3bebc7d8bf95fc566b7fd18bb82a91593b8a3a0877f87ec4350551f94d53,T2: real Modified-DF encryption → homomorphic multiplication → matrix-M key switching,reference_python,n=|logq=|scale=|scheme=real_modified_df_ks,df_server_or_authorized_aggregate_key,,,,,,,,,df71dc07ec80d2673cf5f3183e4eefadcdb1615ecc8fb12fb062431b821c35e7,,9710718082809b56ea785ba99d24857eacb202f290973998a4b977cfa1979f72,audit_trails/artifacts/ciphertext_attestations/T2_DF_KS_TADP_client_000_r9_220d42a1836d1a55__9710718082809b56.json,,,,,,,,,,,,,,,f372004b08a323efc1c234c25f4d373e5c6ec474e5dcdc815c46f9e2d5355805,17f991835631f6c907c9a22c4e114e86d47b223f5734758557a9872b6601e9af,,
259,e0c0c862e56b10a6ed8bdfd2b115feee,9807b00ec9f05c0ed690f948a024469da45a3923628918d48e6175fa51233777,2026-08-22T17:45:14.811900+00:00,TADP-SEC/12.1,CLIENT_ACCEPTED_SUBMISSION,T2_DF_KS_TADP,,,,client_000,,,,,,,,,,,2.3-phase1-fixed-threshold-critical-floor-review-profile,47dd2e58be138865a6d591a63329509757be6b563afb2badb96beb09eac726e5,a663ab753fcbe1179628a237bb638420356ea261176b970e3553fa59bfe7e9d6,1c154f7d4e37aa15e037310f6b45ff14a874311a582c673470a238929d8125dd,8d877b4c3b654a235066cdd49bf4c7e04e1b662c0cf44a17b54811ea50677e11,VALIDATED_EVIDENCE_BUNDLE,,,,,,,,,,,,,,,,,,,,,,,,UPDATE_SUBMITTED_ENFORCED,,False,NOT_REQUIRED_AUTOMATED_POLICY,False,,,,,,,,,,,,,C2_INTERNAL,2,,,,,,,,6f8a5214daf0d8d5188f7da84fe0931408bac9ce898d47d09d53366ef6cfe2b8,c068640bad122342de0e81050f313e88a0b5bf947d459a5df25df6b117f89be9,,,2026-08-23T17:18:04.591571+00:00,401470ea49f52a5bd04afe9b932d07cb,,,,,19a5a822fe806754313ac34563d1fa8dd2f35b0314c2c9d04b1e28c1ae7efbb5,edbc862ef1c700591b1b477c245ff5c124fb9427140e98a6e2e5c9907e0275ac,,,2026-08-22T18:44:22.958744+00:00,eb562985f77fc8a152d2d22d15bfd3f4695b107bdaa4c375fc5dde2be0f10805,active,,,10,ACCEPTED,ALL_BASELINE_CONTROLS,,,,True,True,True,True,True,False,gVUJ0VI+kL38pPMqd96tZSyeQFDVXeDjiS/6vhTGkBc=,cbf4998d644b1b48106f9efe5f1953abc59f2246a351308b34ce7fa9055f8fa2,lhIS+WjWdu7nwVo2eeSh1fX8D+pCzpAo3q6D86Frg0w=,3eea3f2308bfd9a0aa0851df9f2a652794fcb68fbcd546d26971c0434101f4c7,gI0ZXBuRf6DdT459APH9m+18V/4fBu9ZUxYPpaT099k=,29ac3bebc7d8bf95fc566b7fd18bb82a91593b8a3a0877f87ec4350551f94d53,,,,,,,,,,,,,,,,,d73a1283f500db07151eeec9f2079c6a5040ea6a25338587f3abe9d441f73ebf,audit_trails/artifacts/accepted_runtime_submissions/T2_DF_KS_TADP_client_000_r10_cbf4998d644b1b48__d73a1283f500db07.json,,,,,,,,,,,,,17f991835631f6c907c9a22c4e114e86d47b223f5734758557a9872b6601e9af,50779b1ac094c106a48e6c9621b55b6d0702c2f817c40799a69f4f0f1cd556b7,,
260,3c4418beb592a756dc850b946ed408ac,9807b00ec9f05c0ed690f948a024469da45a3923628918d48e6175fa51233777,2026-08-22T17:45:15.188148+00:00,TADP-SEC/12.1,CLIENT_CIPHERTEXT_BINDING,T2_DF_KS_TADP,,,,client_000,,,,,,,,,,,,,,,,,,,,,,,,,,,,,,,,,,,,,,,,CIPHERTEXT_BOUND_TO_SIGNED_UPDATE,,,,,,,,,,,,,,,,,C2_INTERNAL,2,,,,,,,,,,,,,401470ea49f52a5bd04afe9b932d07cb,,,,,,,,,,,,,,10,VERIFIED,,,,,True,,,,,False,gVUJ0VI+kL38pPMqd96tZSyeQFDVXeDjiS/6vhTGkBc=,cbf4998d644b1b48106f9efe5f1953abc59f2246a351308b34ce7fa9055f8fa2,lhIS+WjWdu7nwVo2eeSh1fX8D+pCzpAo3q6D86Frg0w=,6aaa9dc94275f080aa5a3ec01eddfab8ef1abc901db83b7b584b3660f8b1876d,gI0ZXBuRf6DdT459APH9m+18V/4fBu9ZUxYPpaT099k=,29ac3bebc7d8bf95fc566b7fd18bb82a91593b8a3a0877f87ec4350551f94d53,T2: real Modified-DF encryption → homomorphic multiplication → matrix-M key switching,reference_python,n=|logq=|scale=|scheme=real_modified_df_ks,df_server_or_authorized_aggregate_key,,,,,,,,,2c9f70a35025904293ce91c2243c988c3db6a41c1d21ca3fc922c5a249d481bf,,1ab584b348b8b826eb05f03e57336f7c42f953f6c6a39ccfe81c0ee433c321f3,audit_trails/artifacts/ciphertext_attestations/T2_DF_KS_TADP_client_000_r10_efab9433ef001a33__1ab584b348b8b826.json,,,,,,,,,,,,,,,50779b1ac094c106a48e6c9621b55b6d0702c2f817c40799a69f4f0f1cd556b7,892929207d8684a751a91aa09695ef9cf3690923367ff03bc6cf73adaacce044,,
261,0777a7e735c871a9767882defd2ec73c,9807b00ec9f05c0ed690f948a024469da45a3923628918d48e6175fa51233777,2026-08-22T17:45:21.119715+00:00,TADP-SEC/12.1,CLIENT_ACCEPTED_SUBMISSION,T2_DF_KS_TADP,,,,client_000,,,,,,,,,,,2.3-phase1-fixed-threshold-critical-floor-review-profile,47dd2e58be138865a6d591a63329509757be6b563afb2badb96beb09eac726e5,a663ab753fcbe1179628a237bb638420356ea261176b970e3553fa59bfe7e9d6,1c154f7d4e37aa15e037310f6b45ff14a874311a582c673470a238929d8125dd,8d877b4c3b654a235066cdd49bf4c7e04e1b662c0cf44a17b54811ea50677e11,VALIDATED_EVIDENCE_BUNDLE,,,,,,,,,,,,,,,,,,,,,,,,UPDATE_SUBMITTED_ENFORCED,,False,NOT_REQUIRED_AUTOMATED_POLICY,False,,,,,,,,,,,,,C2_INTERNAL,2,,,,,,,,6f8a5214daf0d8d5188f7da84fe0931408bac9ce898d47d09d53366ef6cfe2b8,c068640bad122342de0e81050f313e88a0b5bf947d459a5df25df6b117f89be9,,,2026-08-23T17:18:04.591571+00:00,401470ea49f52a5bd04afe9b932d07cb,,,,,19a5a822fe806754313ac34563d1fa8dd2f35b0314c2c9d04b1e28c1ae7efbb5,edbc862ef1c700591b1b477c245ff5c124fb9427140e98a6e2e5c9907e0275ac,,,2026-08-22T18:44:22.958744+00:00,eb562985f77fc8a152d2d22d15bfd3f4695b107bdaa4c375fc5dde2be0f10805,active,,,11,ACCEPTED,ALL_BASELINE_CONTROLS,,,,True,True,True,True,True,False,2gMy1y5penvky4L+YY/Ju52a92CKWQE7yqxv4pDiFZs=,297e83480a6b0404bbf23af1f1759cb922ba3f773a195709234484d7eb29bd60,lhIS+WjWdu7nwVo2eeSh1fX8D+pCzpAo3q6D86Frg0w=,60c54b423d277582f4f8c35d73ece9c1e5c5fc3a3aa59692239be64d2fe89288,dUVWC4bkK1Oq73EcDWbqzaivUuFKi6k3Ug9Zi8kX1bQ=,29ac3bebc7d8bf95fc566b7fd18bb82a91593b8a3a0877f87ec4350551f94d53,,,,,,,,,,,,,,,,,bace61600594cfac7152503f70355683c41097b4d3ebd94dba6e8440b3919606,audit_trails/artifacts/accepted_runtime_submissions/T2_DF_KS_TADP_client_000_r11_297e83480a6b0404__bace61600594cfac.json,,,,,,,,,,,,,892929207d8684a751a91aa09695ef9cf3690923367ff03bc6cf73adaacce044,1b003134ac29bf3fcd927c4c7887a522f2a84eae7b8df1a52d24f8d02be57e3b,,
262,256a07f4d477cf8f1fb8f0d34c6b56d7,9807b00ec9f05c0ed690f948a024469da45a3923628918d48e6175fa51233777,2026-08-22T17:45:21.767679+00:00,TADP-SEC/12.1,CLIENT_CIPHERTEXT_BINDING,T2_DF_KS_TADP,,,,client_000,,,,,,,,,,,,,,,,,,,,,,,,,,,,,,,,,,,,,,,,CIPHERTEXT_BOUND_TO_SIGNED_UPDATE,,,,,,,,,,,,,,,,,C2_INTERNAL,2,,,,,,,,,,,,,401470ea49f52a5bd04afe9b932d07cb,,,,,,,,,,,,,,11,VERIFIED,,,,,True,,,,,False,2gMy1y5penvky4L+YY/Ju52a92CKWQE7yqxv4pDiFZs=,297e83480a6b0404bbf23af1f1759cb922ba3f773a195709234484d7eb29bd60,lhIS+WjWdu7nwVo2eeSh1fX8D+pCzpAo3q6D86Frg0w=,394bb3db57662baaa024d8800e83c47cd770f3cd8a5d6cd35d815e3b81715430,dUVWC4bkK1Oq73EcDWbqzaivUuFKi6k3Ug9Zi8kX1bQ=,29ac3bebc7d8bf95fc566b7fd18bb82a91593b8a3a0877f87ec4350551f94d53,T2: real Modified-DF encryption → homomorphic multiplication → matrix-M key switching,reference_python,n=|logq=|scale=|scheme=real_modified_df_ks,df_server_or_authorized_aggregate_key,,,,,,,,,eaf91080deac08e9374212520cbc32bac278d38046be5ab47cdc7fa915ca3db4,,96db3f3f5514f2c45e7ba07d47713f94b7869e6e38ddebc986f7d13948b9e176,audit_trails/artifacts/ciphertext_attestations/T2_DF_KS_TADP_client_000_r11_b75383f726e6459e__96db3f3f5514f2c4.json,,,,,,,,,,,,,,,1b003134ac29bf3fcd927c4c7887a522f2a84eae7b8df1a52d24f8d02be57e3b,2cff20e1552e2cc12bbe97a1ca5fd71ef235b00f656f9591f911236a66684a50,,
263,55c730903878243c77788848eebb14db,9807b00ec9f05c0ed690f948a024469da45a3923628918d48e6175fa51233777,2026-08-22T17:45:26.594019+00:00,TADP-SEC/12.1,CLIENT_ACCEPTED_SUBMISSION,T2_DF_KS_TADP,,,,client_000,,,,,,,,,,,2.3-phase1-fixed-threshold-critical-floor-review-profile,47dd2e58be138865a6d591a63329509757be6b563afb2badb96beb09eac726e5,a663ab753fcbe1179628a237bb638420356ea261176b970e3553fa59bfe7e9d6,1c154f7d4e37aa15e037310f6b45ff14a874311a582c673470a238929d8125dd,8d877b4c3b654a235066cdd49bf4c7e04e1b662c0cf44a17b54811ea50677e11,VALIDATED_EVIDENCE_BUNDLE,,,,,,,,,,,,,,,,,,,,,,,,UPDATE_SUBMITTED_ENFORCED,,False,NOT_REQUIRED_AUTOMATED_POLICY,False,,,,,,,,,,,,,C2_INTERNAL,2,,,,,,,,6f8a5214daf0d8d5188f7da84fe0931408bac9ce898d47d09d53366ef6cfe2b8,c068640bad122342de0e81050f313e88a0b5bf947d459a5df25df6b117f89be9,,,2026-08-23T17:18:04.591571+00:00,401470ea49f52a5bd04afe9b932d07cb,,,,,19a5a822fe806754313ac34563d1fa8dd2f35b0314c2c9d04b1e28c1ae7efbb5,edbc862ef1c700591b1b477c245ff5c124fb9427140e98a6e2e5c9907e0275ac,,,2026-08-22T18:44:22.958744+00:00,eb562985f77fc8a152d2d22d15bfd3f4695b107bdaa4c375fc5dde2be0f10805,active,,,12,ACCEPTED,ALL_BASELINE_CONTROLS,,,,True,True,True,True,True,False,8CeOAcYkfwWpn4baFFZuWA4arGRx7KbvBQOkN/NlmY0=,4451536eceac9a48a61b55a31c3d986d15ed55990d6d9cea546c91dc5b00a218,lhIS+WjWdu7nwVo2eeSh1fX8D+pCzpAo3q6D86Frg0w=,48453f13ad404c9b408e288e7590714f9de8b5f077537b64de58294b972d1fb6,fAc+D95gnttYcFUS3uRKXi3KYUOAJaV25Kde0JcIutA=,29ac3bebc7d8bf95fc566b7fd18bb82a91593b8a3a0877f87ec4350551f94d53,,,,,,,,,,,,,,,,,890b5479013016c01ff6be90fec077413cd38720680f8b1039445ed424cbc28e,audit_trails/artifacts/accepted_runtime_submissions/T2_DF_KS_TADP_client_000_r12_4451536eceac9a48__890b5479013016c0.json,,,,,,,,,,,,,2cff20e1552e2cc12bbe97a1ca5fd71ef235b00f656f9591f911236a66684a50,50df74586521e0b8bf26a91cd6cdbcc6d84a11c936236bb03fbdc009675a5c51,,
264,c0fa58c7c0b668acbcab8ec0815b03d2,9807b00ec9f05c0ed690f948a024469da45a3923628918d48e6175fa51233777,2026-08-22T17:45:26.965261+00:00,TADP-SEC/12.1,CLIENT_CIPHERTEXT_BINDING,T2_DF_KS_TADP,,,,client_000,,,,,,,,,,,,,,,,,,,,,,,,,,,,,,,,,,,,,,,,CIPHERTEXT_BOUND_TO_SIGNED_UPDATE,,,,,,,,,,,,,,,,,C2_INTERNAL,2,,,,,,,,,,,,,401470ea49f52a5bd04afe9b932d07cb,,,,,,,,,,,,,,12,VERIFIED,,,,,True,,,,,False,8CeOAcYkfwWpn4baFFZuWA4arGRx7KbvBQOkN/NlmY0=,4451536eceac9a48a61b55a31c3d986d15ed55990d6d9cea546c91dc5b00a218,lhIS+WjWdu7nwVo2eeSh1fX8D+pCzpAo3q6D86Frg0w=,ccb3c1f4e3dad490e2fa292b1bc3d4337dc4c218bb3ca389d3dfc27e6d47713c,fAc+D95gnttYcFUS3uRKXi3KYUOAJaV25Kde0JcIutA=,29ac3bebc7d8bf95fc566b7fd18bb82a91593b8a3a0877f87ec4350551f94d53,T2: real Modified-DF encryption → homomorphic multiplication → matrix-M key switching,reference_python,n=|logq=|scale=|scheme=real_modified_df_ks,df_server_or_authorized_aggregate_key,,,,,,,,,1a7616d806062819e3af87a5fde16089836a563c0576196c1955f35e2b6e9492,,466dcc8afc086762c512597a0a587805b244371c57a47eb2855a4faf586bcf7b,audit_trails/artifacts/ciphertext_attestations/T2_DF_KS_TADP_client_000_r12_4a2eac43ed337e71__466dcc8afc086762.json,,,,,,,,,,,,,,,50df74586521e0b8bf26a91cd6cdbcc6d84a11c936236bb03fbdc009675a5c51,dc0cb56ea3605567ff73f6653a8a5de86bd52d8ad317ccac16c17f65d1c77567,,
265,3f73ece47b3a285fbac22835d00d1721,9807b00ec9f05c0ed690f948a024469da45a3923628918d48e6175fa51233777,2026-08-22T17:45:31.678442+00:00,TADP-SEC/12.1,CLIENT_ACCEPTED_SUBMISSION,T2_DF_KS_TADP,,,,client_000,,,,,,,,,,,2.3-phase1-fixed-threshold-critical-floor-review-profile,47dd2e58be138865a6d591a63329509757be6b563afb2badb96beb09eac726e5,a663ab753fcbe1179628a237bb638420356ea261176b970e3553fa59bfe7e9d6,1c154f7d4e37aa15e037310f6b45ff14a874311a582c673470a238929d8125dd,8d877b4c3b654a235066cdd49bf4c7e04e1b662c0cf44a17b54811ea50677e11,VALIDATED_EVIDENCE_BUNDLE,,,,,,,,,,,,,,,,,,,,,,,,UPDATE_SUBMITTED_ENFORCED,,False,NOT_REQUIRED_AUTOMATED_POLICY,False,,,,,,,,,,,,,C2_INTERNAL,2,,,,,,,,6f8a5214daf0d8d5188f7da84fe0931408bac9ce898d47d09d53366ef6cfe2b8,c068640bad122342de0e81050f313e88a0b5bf947d459a5df25df6b117f89be9,,,2026-08-23T17:18:04.591571+00:00,401470ea49f52a5bd04afe9b932d07cb,,,,,19a5a822fe806754313ac34563d1fa8dd2f35b0314c2c9d04b1e28c1ae7efbb5,edbc862ef1c700591b1b477c245ff5c124fb9427140e98a6e2e5c9907e0275ac,,,2026-08-22T18:44:22.958744+00:00,eb562985f77fc8a152d2d22d15bfd3f4695b107bdaa4c375fc5dde2be0f10805,active,,,13,ACCEPTED,ALL_BASELINE_CONTROLS,,,,True,True,True,True,True,False,LaLLQ5hn1p9y3YYFBC3mZJsRoV7Y8aRAAhGHQgrLiic=,5e6bfd56e18dc973a2ac6ac91c7c21948d7be4daea2daa536acc3a736242b950,lhIS+WjWdu7nwVo2eeSh1fX8D+pCzpAo3q6D86Frg0w=,cedcb02a8fbc387c22c7d55ab38de73cb21ae55328cb52ac1a4e67276709a17b,+y+MwYbraQP6D12TPTvmPn9YKfbG3JBP+z8OYYSEhoc=,29ac3bebc7d8bf95fc566b7fd18bb82a91593b8a3a0877f87ec4350551f94d53,,,,,,,,,,,,,,,,,edee6655237fbfc0e968ac36fffd889319d23f836eaf4c62a0a46639cac3aa5d,audit_trails/artifacts/accepted_runtime_submissions/T2_DF_KS_TADP_client_000_r13_5e6bfd56e18dc973__edee6655237fbfc0.json,,,,,,,,,,,,,dc0cb56ea3605567ff73f6653a8a5de86bd52d8ad317ccac16c17f65d1c77567,f7d84b8c0a58df2189a73914117835eeac3927c7e75fdc5a464432e924214893,,
266,c39773976d7b2ee1ec3fa69e1a24183a,9807b00ec9f05c0ed690f948a024469da45a3923628918d48e6175fa51233777,2026-08-22T17:45:32.094500+00:00,TADP-SEC/12.1,CLIENT_CIPHERTEXT_BINDING,T2_DF_KS_TADP,,,,client_000,,,,,,,,,,,,,,,,,,,,,,,,,,,,,,,,,,,,,,,,CIPHERTEXT_BOUND_TO_SIGNED_UPDATE,,,,,,,,,,,,,,,,,C2_INTERNAL,2,,,,,,,,,,,,,401470ea49f52a5bd04afe9b932d07cb,,,,,,,,,,,,,,13,VERIFIED,,,,,True,,,,,False,LaLLQ5hn1p9y3YYFBC3mZJsRoV7Y8aRAAhGHQgrLiic=,5e6bfd56e18dc973a2ac6ac91c7c21948d7be4daea2daa536acc3a736242b950,lhIS+WjWdu7nwVo2eeSh1fX8D+pCzpAo3q6D86Frg0w=,72ddd81341c5c6d1640337e23a5efc0184b15abc706777dbf4228dd9cd45d948,+y+MwYbraQP6D12TPTvmPn9YKfbG3JBP+z8OYYSEhoc=,29ac3bebc7d8bf95fc566b7fd18bb82a91593b8a3a0877f87ec4350551f94d53,T2: real Modified-DF encryption → homomorphic multiplication → matrix-M key switching,reference_python,n=|logq=|scale=|scheme=real_modified_df_ks,df_server_or_authorized_aggregate_key,,,,,,,,,2ba784958f1e45f8253b65fe63b58a9e1fe2249cedb3e84e8e3663be2fec0e0c,,fdb9b7201ddcb0e65d566923a6de72f810bf31240e2c879c14d2a7780ebea195,audit_trails/artifacts/ciphertext_attestations/T2_DF_KS_TADP_client_000_r13_fdfe14ea7e246fcc__fdb9b7201ddcb0e6.json,,,,,,,,,,,,,,,f7d84b8c0a58df2189a73914117835eeac3927c7e75fdc5a464432e924214893,846ab474861edc55f0eb24b130bf62ecabe9a78bdc70b4a81f42c34fb8fec214,,
267,efdac06cac43de673908ed1d0cd0bace,9807b00ec9f05c0ed690f948a024469da45a3923628918d48e6175fa51233777,2026-08-22T17:45:38.316810+00:00,TADP-SEC/12.1,CLIENT_ACCEPTED_SUBMISSION,T2_DF_KS_TADP,,,,client_000,,,,,,,,,,,2.3-phase1-fixed-threshold-critical-floor-review-profile,47dd2e58be138865a6d591a63329509757be6b563afb2badb96beb09eac726e5,a663ab753fcbe1179628a237bb638420356ea261176b970e3553fa59bfe7e9d6,1c154f7d4e37aa15e037310f6b45ff14a874311a582c673470a238929d8125dd,8d877b4c3b654a235066cdd49bf4c7e04e1b662c0cf44a17b54811ea50677e11,VALIDATED_EVIDENCE_BUNDLE,,,,,,,,,,,,,,,,,,,,,,,,UPDATE_SUBMITTED_ENFORCED,,False,NOT_REQUIRED_AUTOMATED_POLICY,False,,,,,,,,,,,,,C2_INTERNAL,2,,,,,,,,6f8a5214daf0d8d5188f7da84fe0931408bac9ce898d47d09d53366ef6cfe2b8,c068640bad122342de0e81050f313e88a0b5bf947d459a5df25df6b117f89be9,,,2026-08-23T17:18:04.591571+00:00,401470ea49f52a5bd04afe9b932d07cb,,,,,19a5a822fe806754313ac34563d1fa8dd2f35b0314c2c9d04b1e28c1ae7efbb5,edbc862ef1c700591b1b477c245ff5c124fb9427140e98a6e2e5c9907e0275ac,,,2026-08-22T18:44:22.958744+00:00,eb562985f77fc8a152d2d22d15bfd3f4695b107bdaa4c375fc5dde2be0f10805,active,,,14,ACCEPTED,ALL_BASELINE_CONTROLS,,,,True,True,True,True,True,False,eAzX5z09rto0WYSFoPu91kO9a0/N5nqs9s+F3naYv/o=,0c3300f524fc3effb0306bbee214b8fda6742b668c11a249926c63b5ddac17bf,lhIS+WjWdu7nwVo2eeSh1fX8D+pCzpAo3q6D86Frg0w=,ab4fd3aac539d68ef55166b2ac9f2fdc2f273bfe8388c41c2b0d354ab4a2e616,tx2XYlh8jX6vLiVOWjSo44Jb2yB/dDPRKf5M97Pu+E4=,29ac3bebc7d8bf95fc566b7fd18bb82a91593b8a3a0877f87ec4350551f94d53,,,,,,,,,,,,,,,,,3b820a48af5f155d2759d01550b7b77942442bc116f99422e247a50f47a52532,audit_trails/artifacts/accepted_runtime_submissions/T2_DF_KS_TADP_client_000_r14_0c3300f524fc3eff__3b820a48af5f155d.json,,,,,,,,,,,,,846ab474861edc55f0eb24b130bf62ecabe9a78bdc70b4a81f42c34fb8fec214,db9315ca08223add3c4480ad0f0ab9cdf01053027914e43f24b5808a88414727,,
268,8c978277f547ebbfa81a62c78ff41677,9807b00ec9f05c0ed690f948a024469da45a3923628918d48e6175fa51233777,2026-08-22T17:45:38.672521+00:00,TADP-SEC/12.1,CLIENT_CIPHERTEXT_BINDING,T2_DF_KS_TADP,,,,client_000,,,,,,,,,,,,,,,,,,,,,,,,,,,,,,,,,,,,,,,,CIPHERTEXT_BOUND_TO_SIGNED_UPDATE,,,,,,,,,,,,,,,,,C2_INTERNAL,2,,,,,,,,,,,,,401470ea49f52a5bd04afe9b932d07cb,,,,,,,,,,,,,,14,VERIFIED,,,,,True,,,,,False,eAzX5z09rto0WYSFoPu91kO9a0/N5nqs9s+F3naYv/o=,0c3300f524fc3effb0306bbee214b8fda6742b668c11a249926c63b5ddac17bf,lhIS+WjWdu7nwVo2eeSh1fX8D+pCzpAo3q6D86Frg0w=,74f283c96a6d74e4f9e512aab3f708316e661eb3f410a0d32c1d794bf4964f6d,tx2XYlh8jX6vLiVOWjSo44Jb2yB/dDPRKf5M97Pu+E4=,29ac3bebc7d8bf95fc566b7fd18bb82a91593b8a3a0877f87ec4350551f94d53,T2: real Modified-DF encryption → homomorphic multiplication → matrix-M key switching,reference_python,n=|logq=|scale=|scheme=real_modified_df_ks,df_server_or_authorized_aggregate_key,,,,,,,,,35867cb852d7a6b8bfe840b5a17f84a32f377700dff8a77bc2fd0533cd781fad,,a9c934bf0b0eb88c3a898a35e907a94662a0b251b24024384847f61195ff22bd,audit_trails/artifacts/ciphertext_attestations/T2_DF_KS_TADP_client_000_r14_36319ef45f731492__a9c934bf0b0eb88c.json,,,,,,,,,,,,,,,db9315ca08223add3c4480ad0f0ab9cdf01053027914e43f24b5808a88414727,c3ad4ee892c73a899a2bd5637669b90a514c54fc4d84c9ff11bf43894605486d,,
269,fd8593a5a76fb47ef3d8224476674fe7,9807b00ec9f05c0ed690f948a024469da45a3923628918d48e6175fa51233777,2026-08-22T17:45:43.492067+00:00,TADP-SEC/12.1,CLIENT_ACCEPTED_SUBMISSION,T2_DF_KS_TADP,,,,client_000,,,,,,,,,,,2.3-phase1-fixed-threshold-critical-floor-review-profile,47dd2e58be138865a6d591a63329509757be6b563afb2badb96beb09eac726e5,a663ab753fcbe1179628a237bb638420356ea261176b970e3553fa59bfe7e9d6,1c154f7d4e37aa15e037310f6b45ff14a874311a582c673470a238929d8125dd,8d877b4c3b654a235066cdd49bf4c7e04e1b662c0cf44a17b54811ea50677e11,VALIDATED_EVIDENCE_BUNDLE,,,,,,,,,,,,,,,,,,,,,,,,UPDATE_SUBMITTED_ENFORCED,,False,NOT_REQUIRED_AUTOMATED_POLICY,False,,,,,,,,,,,,,C2_INTERNAL,2,,,,,,,,6f8a5214daf0d8d5188f7da84fe0931408bac9ce898d47d09d53366ef6cfe2b8,c068640bad122342de0e81050f313e88a0b5bf947d459a5df25df6b117f89be9,,,2026-08-23T17:18:04.591571+00:00,401470ea49f52a5bd04afe9b932d07cb,,,,,19a5a822fe806754313ac34563d1fa8dd2f35b0314c2c9d04b1e28c1ae7efbb5,edbc862ef1c700591b1b477c245ff5c124fb9427140e98a6e2e5c9907e0275ac,,,2026-08-22T18:44:22.958744+00:00,eb562985f77fc8a152d2d22d15bfd3f4695b107bdaa4c375fc5dde2be0f10805,active,,,15,ACCEPTED,ALL_BASELINE_CONTROLS,,,,True,True,True,True,True,False,oq36D2840bJpcWmrLtnWm9XsIBNr1bYfMx9tA11m/GE=,70589218b075c602e91ba3a0c552d23b7b94d9b277bca3fc9d3f44dadf9a9fa4,lhIS+WjWdu7nwVo2eeSh1fX8D+pCzpAo3q6D86Frg0w=,ba9e2583aec0846afbaf4f2c1df1095ebb155281dd6f8bd996a2b19ea822e626,aRXqbdClcPi/2HS5eYpJMYG27lYog924nYD3m9DDo5o=,29ac3bebc7d8bf95fc566b7fd18bb82a91593b8a3a0877f87ec4350551f94d53,,,,,,,,,,,,,,,,,e8e93429121b459f013e0dee7444fde12b440068382e29a2441033bd1381221f,audit_trails/artifacts/accepted_runtime_submissions/T2_DF_KS_TADP_client_000_r15_70589218b075c602__e8e93429121b459f.json,,,,,,,,,,,,,c3ad4ee892c73a899a2bd5637669b90a514c54fc4d84c9ff11bf43894605486d,03652baf070e57a756d999bb18f45412fa9b3c34ada0541acbfd93701261bb2d,,
270,b4614823fda99fb7a2f4423860fcbc3c,9807b00ec9f05c0ed690f948a024469da45a3923628918d48e6175fa51233777,2026-08-22T17:45:43.847732+00:00,TADP-SEC/12.1,CLIENT_CIPHERTEXT_BINDING,T2_DF_KS_TADP,,,,client_000,,,,,,,,,,,,,,,,,,,,,,,,,,,,,,,,,,,,,,,,CIPHERTEXT_BOUND_TO_SIGNED_UPDATE,,,,,,,,,,,,,,,,,C2_INTERNAL,2,,,,,,,,,,,,,401470ea49f52a5bd04afe9b932d07cb,,,,,,,,,,,,,,15,VERIFIED,,,,,True,,,,,False,oq36D2840bJpcWmrLtnWm9XsIBNr1bYfMx9tA11m/GE=,70589218b075c602e91ba3a0c552d23b7b94d9b277bca3fc9d3f44dadf9a9fa4,lhIS+WjWdu7nwVo2eeSh1fX8D+pCzpAo3q6D86Frg0w=,3c6441eac904f971420131a0942783fac59340a1be12c50a3471a5888aaed17d,aRXqbdClcPi/2HS5eYpJMYG27lYog924nYD3m9DDo5o=,29ac3bebc7d8bf95fc566b7fd18bb82a91593b8a3a0877f87ec4350551f94d53,T2: real Modified-DF encryption → homomorphic multiplication → matrix-M key switching,reference_python,n=|logq=|scale=|scheme=real_modified_df_ks,df_server_or_authorized_aggregate_key,,,,,,,,,6776011167d19266824250b37bd546e953b36906b7f1fc91628e312205120093,,a2ed11dc6dabc079ce68d78a07c4aec562482425f4a05132be4d13e2e547ebd5,audit_trails/artifacts/ciphertext_attestations/T2_DF_KS_TADP_client_000_r15_1387a5f76d8f2da3__a2ed11dc6dabc079.json,,,,,,,,,,,,,,,03652baf070e57a756d999bb18f45412fa9b3c34ada0541acbfd93701261bb2d,03396e8f5fd447ca65004658086511c206b3d444af67ba1b214621be2733a0da,,
271,70d42ed9e2ed0421fbf711fe222676d0,9807b00ec9f05c0ed690f948a024469da45a3923628918d48e6175fa51233777,2026-08-22T17:45:50.145182+00:00,TADP-SEC/12.1,CLIENT_ACCEPTED_SUBMISSION,T2_DF_KS_TADP,,,,client_000,,,,,,,,,,,2.3-phase1-fixed-threshold-critical-floor-review-profile,47dd2e58be138865a6d591a63329509757be6b563afb2badb96beb09eac726e5,a663ab753fcbe1179628a237bb638420356ea261176b970e3553fa59bfe7e9d6,1c154f7d4e37aa15e037310f6b45ff14a874311a582c673470a238929d8125dd,8d877b4c3b654a235066cdd49bf4c7e04e1b662c0cf44a17b54811ea50677e11,VALIDATED_EVIDENCE_BUNDLE,,,,,,,,,,,,,,,,,,,,,,,,UPDATE_SUBMITTED_ENFORCED,,False,NOT_REQUIRED_AUTOMATED_POLICY,False,,,,,,,,,,,,,C2_INTERNAL,2,,,,,,,,6f8a5214daf0d8d5188f7da84fe0931408bac9ce898d47d09d53366ef6cfe2b8,c068640bad122342de0e81050f313e88a0b5bf947d459a5df25df6b117f89be9,,,2026-08-23T17:18:04.591571+00:00,401470ea49f52a5bd04afe9b932d07cb,,,,,19a5a822fe806754313ac34563d1fa8dd2f35b0314c2c9d04b1e28c1ae7efbb5,edbc862ef1c700591b1b477c245ff5c124fb9427140e98a6e2e5c9907e0275ac,,,2026-08-22T18:44:22.958744+00:00,eb562985f77fc8a152d2d22d15bfd3f4695b107bdaa4c375fc5dde2be0f10805,active,,,16,ACCEPTED,ALL_BASELINE_CONTROLS,,,,True,True,True,True,True,False,0xmcN+Ng0WD8YdgtEyZm8lIQrQ2aFePT5Cm6gUTsfMk=,a76ac0639731995e8a04d138f7b4fd2609c2280ff0254b8802a18bc73f1b7e28,lhIS+WjWdu7nwVo2eeSh1fX8D+pCzpAo3q6D86Frg0w=,a636c0e4d73df34c3a65fbfc3fc70da133c4a30b82b55745e811690992514354,qBDV6BdALyoV38wOYifU6dPkozSsyS61YLod4S2hNgc=,29ac3bebc7d8bf95fc566b7fd18bb82a91593b8a3a0877f87ec4350551f94d53,,,,,,,,,,,,,,,,,6fd2e2c60e1b53de2a3a084023fd4a869237285e26b5dfae38be810f56567a9d,audit_trails/artifacts/accepted_runtime_submissions/T2_DF_KS_TADP_client_000_r16_a76ac0639731995e__6fd2e2c60e1b53de.json,,,,,,,,,,,,,03396e8f5fd447ca65004658086511c206b3d444af67ba1b214621be2733a0da,9d9e020e50af3f50e45833dd86123354363352c02f7c695035c4fb6b6dcca9e6,,
272,b29a85a315fbd0f37951f5728a13d60d,9807b00ec9f05c0ed690f948a024469da45a3923628918d48e6175fa51233777,2026-08-22T17:45:50.514280+00:00,TADP-SEC/12.1,CLIENT_CIPHERTEXT_BINDING,T2_DF_KS_TADP,,,,client_000,,,,,,,,,,,,,,,,,,,,,,,,,,,,,,,,,,,,,,,,CIPHERTEXT_BOUND_TO_SIGNED_UPDATE,,,,,,,,,,,,,,,,,C2_INTERNAL,2,,,,,,,,,,,,,401470ea49f52a5bd04afe9b932d07cb,,,,,,,,,,,,,,16,VERIFIED,,,,,True,,,,,False,0xmcN+Ng0WD8YdgtEyZm8lIQrQ2aFePT5Cm6gUTsfMk=,a76ac0639731995e8a04d138f7b4fd2609c2280ff0254b8802a18bc73f1b7e28,lhIS+WjWdu7nwVo2eeSh1fX8D+pCzpAo3q6D86Frg0w=,b482375c5dda9a3a8c4ad1c20238882a0494b68b43b18413a76de18c4b76a413,qBDV6BdALyoV38wOYifU6dPkozSsyS61YLod4S2hNgc=,29ac3bebc7d8bf95fc566b7fd18bb82a91593b8a3a0877f87ec4350551f94d53,T2: real Modified-DF encryption → homomorphic multiplication → matrix-M key switching,reference_python,n=|logq=|scale=|scheme=real_modified_df_ks,df_server_or_authorized_aggregate_key,,,,,,,,,eb2272e82551372c47d8ee5410d101e1ecb86ac00b911aa7a87ca1168d1483c6,,a077c98c011d8253ed8bc6a8cb68097d45d2d844349ae4acac98ab8e601d95b5,audit_trails/artifacts/ciphertext_attestations/T2_DF_KS_TADP_client_000_r16_177a190aee4435ec__a077c98c011d8253.json,,,,,,,,,,,,,,,9d9e020e50af3f50e45833dd86123354363352c02f7c695035c4fb6b6dcca9e6,6607243622f6c124e4f8054abb9f09525a47d33c713bcadbedac890b9e4d5b87,,
273,487915e92a32e3e700a78af53c8b5a12,9807b00ec9f05c0ed690f948a024469da45a3923628918d48e6175fa51233777,2026-08-22T17:45:55.282712+00:00,TADP-SEC/12.1,CLIENT_ACCEPTED_SUBMISSION,T2_DF_KS_TADP,,,,client_000,,,,,,,,,,,2.3-phase1-fixed-threshold-critical-floor-review-profile,47dd2e58be138865a6d591a63329509757be6b563afb2badb96beb09eac726e5,a663ab753fcbe1179628a237bb638420356ea261176b970e3553fa59bfe7e9d6,1c154f7d4e37aa15e037310f6b45ff14a874311a582c673470a238929d8125dd,8d877b4c3b654a235066cdd49bf4c7e04e1b662c0cf44a17b54811ea50677e11,VALIDATED_EVIDENCE_BUNDLE,,,,,,,,,,,,,,,,,,,,,,,,UPDATE_SUBMITTED_ENFORCED,,False,NOT_REQUIRED_AUTOMATED_POLICY,False,,,,,,,,,,,,,C2_INTERNAL,2,,,,,,,,6f8a5214daf0d8d5188f7da84fe0931408bac9ce898d47d09d53366ef6cfe2b8,c068640bad122342de0e81050f313e88a0b5bf947d459a5df25df6b117f89be9,,,2026-08-23T17:18:04.591571+00:00,401470ea49f52a5bd04afe9b932d07cb,,,,,19a5a822fe806754313ac34563d1fa8dd2f35b0314c2c9d04b1e28c1ae7efbb5,edbc862ef1c700591b1b477c245ff5c124fb9427140e98a6e2e5c9907e0275ac,,,2026-08-22T18:44:22.958744+00:00,eb562985f77fc8a152d2d22d15bfd3f4695b107bdaa4c375fc5dde2be0f10805,active,,,17,ACCEPTED,ALL_BASELINE_CONTROLS,,,,True,True,True,True,True,False,rHRS3GxqBwnZEFR2z3bebA/ZefsHfHEYM0adKYdEyG4=,b1d5c3b51cb68d8f46505abe7d06191d0f80d845c0c6bce16d473f08ea4e05a3,lhIS+WjWdu7nwVo2eeSh1fX8D+pCzpAo3q6D86Frg0w=,590cb509cd82f737807ef523df7a51fda6b195695eb0ed1a08e289cbf742e68a,fOsRpawvBG15i3P1D5Rtf4Y35N4Ws9vVzHLGRIWI/5o=,29ac3bebc7d8bf95fc566b7fd18bb82a91593b8a3a0877f87ec4350551f94d53,,,,,,,,,,,,,,,,,19e3e0ca4d4784003c61664a757030e31de0bbf986855666118207eff0730ae6,audit_trails/artifacts/accepted_runtime_submissions/T2_DF_KS_TADP_client_000_r17_b1d5c3b51cb68d8f__19e3e0ca4d478400.json,,,,,,,,,,,,,6607243622f6c124e4f8054abb9f09525a47d33c713bcadbedac890b9e4d5b87,426bc71111e43a64d7b01b77bea749ba73fca0321904ba9bb778d019d7427813,,
274,7a4e1607a3326f964abf27647d006ac7,9807b00ec9f05c0ed690f948a024469da45a3923628918d48e6175fa51233777,2026-08-22T17:45:55.638418+00:00,TADP-SEC/12.1,CLIENT_CIPHERTEXT_BINDING,T2_DF_KS_TADP,,,,client_000,,,,,,,,,,,,,,,,,,,,,,,,,,,,,,,,,,,,,,,,CIPHERTEXT_BOUND_TO_SIGNED_UPDATE,,,,,,,,,,,,,,,,,C2_INTERNAL,2,,,,,,,,,,,,,401470ea49f52a5bd04afe9b932d07cb,,,,,,,,,,,,,,17,VERIFIED,,,,,True,,,,,False,rHRS3GxqBwnZEFR2z3bebA/ZefsHfHEYM0adKYdEyG4=,b1d5c3b51cb68d8f46505abe7d06191d0f80d845c0c6bce16d473f08ea4e05a3,lhIS+WjWdu7nwVo2eeSh1fX8D+pCzpAo3q6D86Frg0w=,90cc13dc86b9e41b9008d9a6900a62b0cda44f203374ea9f8e272fb5935f9861,fOsRpawvBG15i3P1D5Rtf4Y35N4Ws9vVzHLGRIWI/5o=,29ac3bebc7d8bf95fc566b7fd18bb82a91593b8a3a0877f87ec4350551f94d53,T2: real Modified-DF encryption → homomorphic multiplication → matrix-M key switching,reference_python,n=|logq=|scale=|scheme=real_modified_df_ks,df_server_or_authorized_aggregate_key,,,,,,,,,5cea88493f3d38910d54d2559f3916b720769c65a6d57755c674832ddc799c76,,96b61525c98ffe37d1947289a9eb2b4a159ec48dd06c5ba6fb0952d0405d958b,audit_trails/artifacts/ciphertext_attestations/T2_DF_KS_TADP_client_000_r17_55be554a231ea149__96b61525c98ffe37.json,,,,,,,,,,,,,,,426bc71111e43a64d7b01b77bea749ba73fca0321904ba9bb778d019d7427813,8c88cab14687b31ae521b5b544c9df125602d134830cb25167adc20d4cde50d4,,
275,2693e975c34df8d6193864c58f378536,9807b00ec9f05c0ed690f948a024469da45a3923628918d48e6175fa51233777,2026-08-22T17:46:01.339692+00:00,TADP-SEC/12.1,CLIENT_ACCEPTED_SUBMISSION,T2_DF_KS_TADP,,,,client_000,,,,,,,,,,,2.3-phase1-fixed-threshold-critical-floor-review-profile,47dd2e58be138865a6d591a63329509757be6b563afb2badb96beb09eac726e5,a663ab753fcbe1179628a237bb638420356ea261176b970e3553fa59bfe7e9d6,1c154f7d4e37aa15e037310f6b45ff14a874311a582c673470a238929d8125dd,8d877b4c3b654a235066cdd49bf4c7e04e1b662c0cf44a17b54811ea50677e11,VALIDATED_EVIDENCE_BUNDLE,,,,,,,,,,,,,,,,,,,,,,,,UPDATE_SUBMITTED_ENFORCED,,False,NOT_REQUIRED_AUTOMATED_POLICY,False,,,,,,,,,,,,,C2_INTERNAL,2,,,,,,,,6f8a5214daf0d8d5188f7da84fe0931408bac9ce898d47d09d53366ef6cfe2b8,c068640bad122342de0e81050f313e88a0b5bf947d459a5df25df6b117f89be9,,,2026-08-23T17:18:04.591571+00:00,401470ea49f52a5bd04afe9b932d07cb,,,,,19a5a822fe806754313ac34563d1fa8dd2f35b0314c2c9d04b1e28c1ae7efbb5,edbc862ef1c700591b1b477c245ff5c124fb9427140e98a6e2e5c9907e0275ac,,,2026-08-22T18:44:22.958744+00:00,eb562985f77fc8a152d2d22d15bfd3f4695b107bdaa4c375fc5dde2be0f10805,active,,,18,ACCEPTED,ALL_BASELINE_CONTROLS,,,,True,True,True,True,True,False,AaqQF22AJM7OXLH83aViAxxB0kqNbNQ4oMvX4vFfYeI=,8a9957b05f71bdd144f9f2bfa927737133579c3336e3d1a5b535abe647f202b8,lhIS+WjWdu7nwVo2eeSh1fX8D+pCzpAo3q6D86Frg0w=,f8380d0ee84ba185c87e3ec154927c6f4cb2cb8977847e6b19bb877bbf540534,h+gjnDAnPO38LfiGngZGFVbpqJCFkj2xUaYWmwgOkds=,29ac3bebc7d8bf95fc566b7fd18bb82a91593b8a3a0877f87ec4350551f94d53,,,,,,,,,,,,,,,,,c5c38822da88a04cfc8e2a1f8a48494e16c81d31e8f054c7c1308e0a129ae6f7,audit_trails/artifacts/accepted_runtime_submissions/T2_DF_KS_TADP_client_000_r18_8a9957b05f71bdd1__c5c38822da88a04c.json,,,,,,,,,,,,,8c88cab14687b31ae521b5b544c9df125602d134830cb25167adc20d4cde50d4,89748028bb0c02af76a584f79d5abac48131206285e2d80cfaf8ac24620e820a,,
276,d1dfeacec2d8e88a4aaa4b950952e66f,9807b00ec9f05c0ed690f948a024469da45a3923628918d48e6175fa51233777,2026-08-22T17:46:01.957634+00:00,TADP-SEC/12.1,CLIENT_CIPHERTEXT_BINDING,T2_DF_KS_TADP,,,,client_000,,,,,,,,,,,,,,,,,,,,,,,,,,,,,,,,,,,,,,,,CIPHERTEXT_BOUND_TO_SIGNED_UPDATE,,,,,,,,,,,,,,,,,C2_INTERNAL,2,,,,,,,,,,,,,401470ea49f52a5bd04afe9b932d07cb,,,,,,,,,,,,,,18,VERIFIED,,,,,True,,,,,False,AaqQF22AJM7OXLH83aViAxxB0kqNbNQ4oMvX4vFfYeI=,8a9957b05f71bdd144f9f2bfa927737133579c3336e3d1a5b535abe647f202b8,lhIS+WjWdu7nwVo2eeSh1fX8D+pCzpAo3q6D86Frg0w=,eaa8afc5e32dfaccbb1e336737c5eacc8a483b0c595029cde59e4631db96c3dd,h+gjnDAnPO38LfiGngZGFVbpqJCFkj2xUaYWmwgOkds=,29ac3bebc7d8bf95fc566b7fd18bb82a91593b8a3a0877f87ec4350551f94d53,T2: real Modified-DF encryption → homomorphic multiplication → matrix-M key switching,reference_python,n=|logq=|scale=|scheme=real_modified_df_ks,df_server_or_authorized_aggregate_key,,,,,,,,,d20ebaff40f9934e5a9c1b98577642e72e3537ed12414629a02376e48a6c3b58,,d39558d3413f549b6bb56530a5ef8fa507912eaa6cbe64630c37b0fccb36a2f3,audit_trails/artifacts/ciphertext_attestations/T2_DF_KS_TADP_client_000_r18_21b3ec7b2bed7067__d39558d3413f549b.json,,,,,,,,,,,,,,,89748028bb0c02af76a584f79d5abac48131206285e2d80cfaf8ac24620e820a,a2b68ad7986358798473e79426185d65e3c8f5122942fe41e4e435bc384f5c17,,
277,66abcff222f231bf348d5f9a544b4060,9807b00ec9f05c0ed690f948a024469da45a3923628918d48e6175fa51233777,2026-08-22T17:46:07.028361+00:00,TADP-SEC/12.1,CLIENT_ACCEPTED_SUBMISSION,T2_DF_KS_TADP,,,,client_000,,,,,,,,,,,2.3-phase1-fixed-threshold-critical-floor-review-profile,47dd2e58be138865a6d591a63329509757be6b563afb2badb96beb09eac726e5,a663ab753fcbe1179628a237bb638420356ea261176b970e3553fa59bfe7e9d6,1c154f7d4e37aa15e037310f6b45ff14a874311a582c673470a238929d8125dd,8d877b4c3b654a235066cdd49bf4c7e04e1b662c0cf44a17b54811ea50677e11,VALIDATED_EVIDENCE_BUNDLE,,,,,,,,,,,,,,,,,,,,,,,,UPDATE_SUBMITTED_ENFORCED,,False,NOT_REQUIRED_AUTOMATED_POLICY,False,,,,,,,,,,,,,C2_INTERNAL,2,,,,,,,,6f8a5214daf0d8d5188f7da84fe0931408bac9ce898d47d09d53366ef6cfe2b8,c068640bad122342de0e81050f313e88a0b5bf947d459a5df25df6b117f89be9,,,2026-08-23T17:18:04.591571+00:00,401470ea49f52a5bd04afe9b932d07cb,,,,,19a5a822fe806754313ac34563d1fa8dd2f35b0314c2c9d04b1e28c1ae7efbb5,edbc862ef1c700591b1b477c245ff5c124fb9427140e98a6e2e5c9907e0275ac,,,2026-08-22T18:44:22.958744+00:00,eb562985f77fc8a152d2d22d15bfd3f4695b107bdaa4c375fc5dde2be0f10805,active,,,19,ACCEPTED,ALL_BASELINE_CONTROLS,,,,True,True,True,True,True,False,KqXKn6V+W13KgQNG0scZLo83waRGTKZRkaVqhRIlEk8=,391af2e58b24a28def4beb9d7aae54844ffb133534960c95c5331516f9b23e95,lhIS+WjWdu7nwVo2eeSh1fX8D+pCzpAo3q6D86Frg0w=,927e400b9e6b13ca59e4dd236fc649d9669231668001760581b36b264a274fd2,Ef9IRli/J8VeU15v3OGakYvRi+BjXuODhlhrOhU4iPs=,29ac3bebc7d8bf95fc566b7fd18bb82a91593b8a3a0877f87ec4350551f94d53,,,,,,,,,,,,,,,,,d4b9c7201e635f6f2fdaf0ea5c1aea3586cfc84b17e99be38d6ae3d130906bda,audit_trails/artifacts/accepted_runtime_submissions/T2_DF_KS_TADP_client_000_r19_391af2e58b24a28d__d4b9c7201e635f6f.json,,,,,,,,,,,,,a2b68ad7986358798473e79426185d65e3c8f5122942fe41e4e435bc384f5c17,f844c45c97e0a9a22d60cafc26ba0e7bb657a186fa317f67a987177ee94afe63,,
278,b20357b51af04b82442eb36c092ea97f,9807b00ec9f05c0ed690f948a024469da45a3923628918d48e6175fa51233777,2026-08-22T17:46:07.381033+00:00,TADP-SEC/12.1,CLIENT_CIPHERTEXT_BINDING,T2_DF_KS_TADP,,,,client_000,,,,,,,,,,,,,,,,,,,,,,,,,,,,,,,,,,,,,,,,CIPHERTEXT_BOUND_TO_SIGNED_UPDATE,,,,,,,,,,,,,,,,,C2_INTERNAL,2,,,,,,,,,,,,,401470ea49f52a5bd04afe9b932d07cb,,,,,,,,,,,,,,19,VERIFIED,,,,,True,,,,,False,KqXKn6V+W13KgQNG0scZLo83waRGTKZRkaVqhRIlEk8=,391af2e58b24a28def4beb9d7aae54844ffb133534960c95c5331516f9b23e95,lhIS+WjWdu7nwVo2eeSh1fX8D+pCzpAo3q6D86Frg0w=,fea1c4e9f23a02a42ce64e6433519b831da16b3b9f406ea7046e0f70eeb4ab51,Ef9IRli/J8VeU15v3OGakYvRi+BjXuODhlhrOhU4iPs=,29ac3bebc7d8bf95fc566b7fd18bb82a91593b8a3a0877f87ec4350551f94d53,T2: real Modified-DF encryption → homomorphic multiplication → matrix-M key switching,reference_python,n=|logq=|scale=|scheme=real_modified_df_ks,df_server_or_authorized_aggregate_key,,,,,,,,,a3c143de22ef3bac5b9111ea6eb7b1d73e51b516473bd472c7371dfdc9c62365,,5df074be22cccbb401788a31054353e657b6a629e400c06016d7b6cb5087405a,audit_trails/artifacts/ciphertext_attestations/T2_DF_KS_TADP_client_000_r19_a5635aa11b0757fe__5df074be22cccbb4.json,,,,,,,,,,,,,,,f844c45c97e0a9a22d60cafc26ba0e7bb657a186fa317f67a987177ee94afe63,fe7a0b42832ed053606d778240cd2b48ed2f299ce53aedb90d61ff15e0cdf4e3,,
279,8f04467840240ea66268f1b91a8db36d,9807b00ec9f05c0ed690f948a024469da45a3923628918d48e6175fa51233777,2026-08-22T17:46:12.153781+00:00,TADP-SEC/12.1,CLIENT_ACCEPTED_SUBMISSION,T2_DF_KS_TADP,,,,client_000,,,,,,,,,,,2.3-phase1-fixed-threshold-critical-floor-review-profile,47dd2e58be138865a6d591a63329509757be6b563afb2badb96beb09eac726e5,a663ab753fcbe1179628a237bb638420356ea261176b970e3553fa59bfe7e9d6,1c154f7d4e37aa15e037310f6b45ff14a874311a582c673470a238929d8125dd,8d877b4c3b654a235066cdd49bf4c7e04e1b662c0cf44a17b54811ea50677e11,VALIDATED_EVIDENCE_BUNDLE,,,,,,,,,,,,,,,,,,,,,,,,UPDATE_SUBMITTED_ENFORCED,,False,NOT_REQUIRED_AUTOMATED_POLICY,False,,,,,,,,,,,,,C2_INTERNAL,2,,,,,,,,6f8a5214daf0d8d5188f7da84fe0931408bac9ce898d47d09d53366ef6cfe2b8,c068640bad122342de0e81050f313e88a0b5bf947d459a5df25df6b117f89be9,,,2026-08-23T17:18:04.591571+00:00,401470ea49f52a5bd04afe9b932d07cb,,,,,19a5a822fe806754313ac34563d1fa8dd2f35b0314c2c9d04b1e28c1ae7efbb5,edbc862ef1c700591b1b477c245ff5c124fb9427140e98a6e2e5c9907e0275ac,,,2026-08-22T18:44:22.958744+00:00,eb562985f77fc8a152d2d22d15bfd3f4695b107bdaa4c375fc5dde2be0f10805,active,,,20,ACCEPTED,ALL_BASELINE_CONTROLS,,,,True,True,True,True,True,False,ycNBw8yCQ/cBv5dNG72OegbbmIrQFeJ50nmdWZFgufo=,5de4edf4fe7b9a889683bb6959eb6958d7771ad055138005b74c817ec709328f,lhIS+WjWdu7nwVo2eeSh1fX8D+pCzpAo3q6D86Frg0w=,54e2d4d5b2b8eb76fab3d99e8446a0854342dbc6bb508f6e5846c328dd884f81,3ptM3ghbxnlikv4Q4U+Kn8V9oybENGcsqI0ekUHYr4M=,29ac3bebc7d8bf95fc566b7fd18bb82a91593b8a3a0877f87ec4350551f94d53,,,,,,,,,,,,,,,,,4811b1d94ff896f470f273f2aa47ba292aebf42f56bfd947ee0b52d298a29c67,audit_trails/artifacts/accepted_runtime_submissions/T2_DF_KS_TADP_client_000_r20_5de4edf4fe7b9a88__4811b1d94ff896f4.json,,,,,,,,,,,,,fe7a0b42832ed053606d778240cd2b48ed2f299ce53aedb90d61ff15e0cdf4e3,b4ade52059efd987a30c746618a8ac3db0cc485b2ba25b8cd0b1d75099f2f50d,,
280,38067dcaeb16f97c8a07d5321418248b,9807b00ec9f05c0ed690f948a024469da45a3923628918d48e6175fa51233777,2026-08-22T17:46:12.509439+00:00,TADP-SEC/12.1,CLIENT_CIPHERTEXT_BINDING,T2_DF_KS_TADP,,,,client_000,,,,,,,,,,,,,,,,,,,,,,,,,,,,,,,,,,,,,,,,CIPHERTEXT_BOUND_TO_SIGNED_UPDATE,,,,,,,,,,,,,,,,,C2_INTERNAL,2,,,,,,,,,,,,,401470ea49f52a5bd04afe9b932d07cb,,,,,,,,,,,,,,20,VERIFIED,,,,,True,,,,,False,ycNBw8yCQ/cBv5dNG72OegbbmIrQFeJ50nmdWZFgufo=,5de4edf4fe7b9a889683bb6959eb6958d7771ad055138005b74c817ec709328f,lhIS+WjWdu7nwVo2eeSh1fX8D+pCzpAo3q6D86Frg0w=,4fb3c580408075f4f4bc617d1005cdb5554f953b56fc62c0a8b0518df0c3432f,3ptM3ghbxnlikv4Q4U+Kn8V9oybENGcsqI0ekUHYr4M=,29ac3bebc7d8bf95fc566b7fd18bb82a91593b8a3a0877f87ec4350551f94d53,T2: real Modified-DF encryption → homomorphic multiplication → matrix-M key switching,reference_python,n=|logq=|scale=|scheme=real_modified_df_ks,df_server_or_authorized_aggregate_key,,,,,,,,,1e3f1724491da2430282b4a9647af0ddd30f49e6fa70ff65ae16b6b35b6c35dd,,ff19179b645fbc1968fc364ce336701e97568d1a576e6f8e47a611fc59ea9f62,audit_trails/artifacts/ciphertext_attestations/T2_DF_KS_TADP_client_000_r20_9b09ae8610e2315e__ff19179b645fbc19.json,,,,,,,,,,,,,,,b4ade52059efd987a30c746618a8ac3db0cc485b2ba25b8cd0b1d75099f2f50d,4e31d03b21205c9ffec6cdbd8273b997e461b65a9987efe064da0a28dc2049e1,,
281,f00f9baf3434d9b76b12ae542205374d,9807b00ec9f05c0ed690f948a024469da45a3923628918d48e6175fa51233777,2026-08-22T17:46:18.827953+00:00,TADP-SEC/12.1,CLIENT_ACCEPTED_SUBMISSION,T2_DF_KS_TADP,,,,client_000,,,,,,,,,,,2.3-phase1-fixed-threshold-critical-floor-review-profile,47dd2e58be138865a6d591a63329509757be6b563afb2badb96beb09eac726e5,a663ab753fcbe1179628a237bb638420356ea261176b970e3553fa59bfe7e9d6,1c154f7d4e37aa15e037310f6b45ff14a874311a582c673470a238929d8125dd,8d877b4c3b654a235066cdd49bf4c7e04e1b662c0cf44a17b54811ea50677e11,VALIDATED_EVIDENCE_BUNDLE,,,,,,,,,,,,,,,,,,,,,,,,UPDATE_SUBMITTED_ENFORCED,,False,NOT_REQUIRED_AUTOMATED_POLICY,False,,,,,,,,,,,,,C2_INTERNAL,2,,,,,,,,6f8a5214daf0d8d5188f7da84fe0931408bac9ce898d47d09d53366ef6cfe2b8,c068640bad122342de0e81050f313e88a0b5bf947d459a5df25df6b117f89be9,,,2026-08-23T17:18:04.591571+00:00,74497a100d1731fcc8e8ef3e42482df2,,,,,c7f07349244cd6232bef14fff19d393eca1b0f05a3771da54caacbee14d90ebe,f01af209825e8c4e18e34270ca18838e6b162658d4c267fe514dd88d484e1ebd,,,2026-08-22T18:46:18.771524+00:00,eb562985f77fc8a152d2d22d15bfd3f4695b107bdaa4c375fc5dde2be0f10805,active,,,1,ACCEPTED,ALL_BASELINE_CONTROLS,,,,True,True,True,True,True,False,u3lW2Dyi/u3uh3/jWL2Hnp0msKp+wF4qn6SOF6cpczQ=,1452fb0ec2e2df52c12c1dca00252f70aad57e49174d72ceaf99315b24adbb57,lhIS+WjWdu7nwVo2eeSh1fX8D+pCzpAo3q6D86Frg0w=,947a502fc6b5d54b72eefa975fb3e57658a59b279a83b7f62ca2ff5add2282b2,J4sOB/Y7dVuwEgnc1teKWGSyDpb9hskfB4LG3tudQWg=,29ac3bebc7d8bf95fc566b7fd18bb82a91593b8a3a0877f87ec4350551f94d53,,,,,,,,,,,,,,,,,abd9fab1b74df402c2a1ced6a04507206970dda163ee48309013873d83ea18b0,audit_trails/artifacts/accepted_runtime_submissions/T2_DF_KS_TADP_client_000_r1_1452fb0ec2e2df52__abd9fab1b74df402.json,,,,,,,,,,,,,4e31d03b21205c9ffec6cdbd8273b997e461b65a9987efe064da0a28dc2049e1,6af3353b6455472af110f787ab2e55e70e7b1b4a530daccd6d62a84036d8bc46,,
282,d5172737101449452226095dd27e4527,9807b00ec9f05c0ed690f948a024469da45a3923628918d48e6175fa51233777,2026-08-22T17:46:19.200046+00:00,TADP-SEC/12.1,CLIENT_CIPHERTEXT_BINDING,T2_DF_KS_TADP,,,,client_000,,,,,,,,,,,,,,,,,,,,,,,,,,,,,,,,,,,,,,,,CIPHERTEXT_BOUND_TO_SIGNED_UPDATE,,,,,,,,,,,,,,,,,C2_INTERNAL,2,,,,,,,,,,,,,74497a100d1731fcc8e8ef3e42482df2,,,,,,,,,,,,,,1,VERIFIED,,,,,True,,,,,False,u3lW2Dyi/u3uh3/jWL2Hnp0msKp+wF4qn6SOF6cpczQ=,1452fb0ec2e2df52c12c1dca00252f70aad57e49174d72ceaf99315b24adbb57,lhIS+WjWdu7nwVo2eeSh1fX8D+pCzpAo3q6D86Frg0w=,0d7cd946ef1dbe5d9219c92956d1c771ecd1eb86619e2cfbd5cf3e331e15b795,J4sOB/Y7dVuwEgnc1teKWGSyDpb9hskfB4LG3tudQWg=,29ac3bebc7d8bf95fc566b7fd18bb82a91593b8a3a0877f87ec4350551f94d53,T2: real Modified-DF encryption → homomorphic multiplication → matrix-M key switching,reference_python,n=|logq=|scale=|scheme=real_modified_df_ks,df_server_or_authorized_aggregate_key,,,,,,,,,f4833f731c1941c0e1ea7af4399251fc76fd61d6e0c95c5a34830ff42d99e597,,3f5c01e1627939a722f63efac18e9efa98e4a1b0330a194823b156d338b15ddc,audit_trails/artifacts/ciphertext_attestations/T2_DF_KS_TADP_client_000_r1_abfdefdb3ffa4c63__3f5c01e1627939a7.json,,,,,,,,,,,,,,,6af3353b6455472af110f787ab2e55e70e7b1b4a530daccd6d62a84036d8bc46,a4278bcb559e9a95cecd7c818619d8cb1db096460c9151d695f879754d35ed41,,
283,e0913d2f68b35b876686db06a1f2ba5e,9807b00ec9f05c0ed690f948a024469da45a3923628918d48e6175fa51233777,2026-08-22T17:46:23.942123+00:00,TADP-SEC/12.1,CLIENT_ACCEPTED_SUBMISSION,T2_DF_KS_TADP,,,,client_000,,,,,,,,,,,2.3-phase1-fixed-threshold-critical-floor-review-profile,47dd2e58be138865a6d591a63329509757be6b563afb2badb96beb09eac726e5,a663ab753fcbe1179628a237bb638420356ea261176b970e3553fa59bfe7e9d6,1c154f7d4e37aa15e037310f6b45ff14a874311a582c673470a238929d8125dd,8d877b4c3b654a235066cdd49bf4c7e04e1b662c0cf44a17b54811ea50677e11,VALIDATED_EVIDENCE_BUNDLE,,,,,,,,,,,,,,,,,,,,,,,,UPDATE_SUBMITTED_ENFORCED,,False,NOT_REQUIRED_AUTOMATED_POLICY,False,,,,,,,,,,,,,C2_INTERNAL,2,,,,,,,,6f8a5214daf0d8d5188f7da84fe0931408bac9ce898d47d09d53366ef6cfe2b8,c068640bad122342de0e81050f313e88a0b5bf947d459a5df25df6b117f89be9,,,2026-08-23T17:18:04.591571+00:00,74497a100d1731fcc8e8ef3e42482df2,,,,,c7f07349244cd6232bef14fff19d393eca1b0f05a3771da54caacbee14d90ebe,f01af209825e8c4e18e34270ca18838e6b162658d4c267fe514dd88d484e1ebd,,,2026-08-22T18:46:18.771524+00:00,eb562985f77fc8a152d2d22d15bfd3f4695b107bdaa4c375fc5dde2be0f10805,active,,,2,ACCEPTED,ALL_BASELINE_CONTROLS,,,,True,True,True,True,True,False,27PNQSDIUuPEoSAmQziPu9vm8pOfV9Gt0m6dsyDti6M=,d24ad7b8a36df617cfd235bc6e11576fd9288f00e8cd9fd11fc301083cdfaf83,lhIS+WjWdu7nwVo2eeSh1fX8D+pCzpAo3q6D86Frg0w=,9bd7a0ec2b0032311943638a40f4e141058419365917b33bbc67de4dd4c24b07,2foRWPJGPMkAt0CzyamYuEzvIR4d114rcuQFuOIIglM=,29ac3bebc7d8bf95fc566b7fd18bb82a91593b8a3a0877f87ec4350551f94d53,,,,,,,,,,,,,,,,,d22352204a60c93fd0dabe8a98eb6dce5276e3f66938637c4adafc2eac280a6b,audit_trails/artifacts/accepted_runtime_submissions/T2_DF_KS_TADP_client_000_r2_d24ad7b8a36df617__d22352204a60c93f.json,,,,,,,,,,,,,a4278bcb559e9a95cecd7c818619d8cb1db096460c9151d695f879754d35ed41,f5c34c7bd0a47f95694f72bd617756db5f44a1856ecd36879456ef26a70057f6,,
284,225c706fa5baa97ec995666ec1fc6c4b,9807b00ec9f05c0ed690f948a024469da45a3923628918d48e6175fa51233777,2026-08-22T17:46:24.317413+00:00,TADP-SEC/12.1,CLIENT_CIPHERTEXT_BINDING,T2_DF_KS_TADP,,,,client_000,,,,,,,,,,,,,,,,,,,,,,,,,,,,,,,,,,,,,,,,CIPHERTEXT_BOUND_TO_SIGNED_UPDATE,,,,,,,,,,,,,,,,,C2_INTERNAL,2,,,,,,,,,,,,,74497a100d1731fcc8e8ef3e42482df2,,,,,,,,,,,,,,2,VERIFIED,,,,,True,,,,,False,27PNQSDIUuPEoSAmQziPu9vm8pOfV9Gt0m6dsyDti6M=,d24ad7b8a36df617cfd235bc6e11576fd9288f00e8cd9fd11fc301083cdfaf83,lhIS+WjWdu7nwVo2eeSh1fX8D+pCzpAo3q6D86Frg0w=,f56d461a08a2b1806602786293396ee14ba9e8d77d59819d58801a619f722db6,2foRWPJGPMkAt0CzyamYuEzvIR4d114rcuQFuOIIglM=,29ac3bebc7d8bf95fc566b7fd18bb82a91593b8a3a0877f87ec4350551f94d53,T2: real Modified-DF encryption → homomorphic multiplication → matrix-M key switching,reference_python,n=|logq=|scale=|scheme=real_modified_df_ks,df_server_or_authorized_aggregate_key,,,,,,,,,ef12c24d594c5f479e473bc0db625bb3ed16bb5069990500ce29de6e6c3295fe,,55267df509c8d325ac6bded2dae9130c63a0d43e5af633d8f8ee1f6cf6b34172,audit_trails/artifacts/ciphertext_attestations/T2_DF_KS_TADP_client_000_r2_29b519a69c70469d__55267df509c8d325.json,,,,,,,,,,,,,,,f5c34c7bd0a47f95694f72bd617756db5f44a1856ecd36879456ef26a70057f6,5f65b0ebf1d95353f693e45ca122cc01f62846cfb69d98523be02a74d20e43a0,,
285,e046111f5f0236842a51aa5138b90bda,9807b00ec9f05c0ed690f948a024469da45a3923628918d48e6175fa51233777,2026-08-22T17:46:31.902273+00:00,TADP-SEC/12.1,CLIENT_ACCEPTED_SUBMISSION,T2_DF_KS_TADP,,,,client_000,,,,,,,,,,,2.3-phase1-fixed-threshold-critical-floor-review-profile,47dd2e58be138865a6d591a63329509757be6b563afb2badb96beb09eac726e5,a663ab753fcbe1179628a237bb638420356ea261176b970e3553fa59bfe7e9d6,1c154f7d4e37aa15e037310f6b45ff14a874311a582c673470a238929d8125dd,8d877b4c3b654a235066cdd49bf4c7e04e1b662c0cf44a17b54811ea50677e11,VALIDATED_EVIDENCE_BUNDLE,,,,,,,,,,,,,,,,,,,,,,,,UPDATE_SUBMITTED_ENFORCED,,False,NOT_REQUIRED_AUTOMATED_POLICY,False,,,,,,,,,,,,,C2_INTERNAL,2,,,,,,,,6f8a5214daf0d8d5188f7da84fe0931408bac9ce898d47d09d53366ef6cfe2b8,c068640bad122342de0e81050f313e88a0b5bf947d459a5df25df6b117f89be9,,,2026-08-23T17:18:04.591571+00:00,74497a100d1731fcc8e8ef3e42482df2,,,,,c7f07349244cd6232bef14fff19d393eca1b0f05a3771da54caacbee14d90ebe,f01af209825e8c4e18e34270ca18838e6b162658d4c267fe514dd88d484e1ebd,,,2026-08-22T18:46:18.771524+00:00,eb562985f77fc8a152d2d22d15bfd3f4695b107bdaa4c375fc5dde2be0f10805,active,,,3,ACCEPTED,ALL_BASELINE_CONTROLS,,,,True,True,True,True,True,False,AJWqbgpQkwsCnGSWtNbRev0qCPyDZKZ423f/FTGE0mE=,cd8ee4dffd50349684b369feed8b83e7474fd363933c9088582ccac0b506f31d,lhIS+WjWdu7nwVo2eeSh1fX8D+pCzpAo3q6D86Frg0w=,8fadae2b18c319dd8875c3b9cd79b6f4dce57c0aeee60c0546d0fd0c890cc37e,aJRTpgZSKCDWDSIVFeGdMl24BvK0VGDRv5SjTWxkKTo=,29ac3bebc7d8bf95fc566b7fd18bb82a91593b8a3a0877f87ec4350551f94d53,,,,,,,,,,,,,,,,,47674811010b52a3a1712a81a2f7dc8e5062a925cfd97e70bb5899dbdfe25d0e,audit_trails/artifacts/accepted_runtime_submissions/T2_DF_KS_TADP_client_000_r3_cd8ee4dffd503496__47674811010b52a3.json,,,,,,,,,,,,,5f65b0ebf1d95353f693e45ca122cc01f62846cfb69d98523be02a74d20e43a0,fc6c52059e2d6fd4e4c54a0022b6e5f663ed69eecd347bf568815bc656dd0b22,,
286,1ea60ea98487e83b30fc68da95d8cef9,9807b00ec9f05c0ed690f948a024469da45a3923628918d48e6175fa51233777,2026-08-22T17:46:32.257738+00:00,TADP-SEC/12.1,CLIENT_CIPHERTEXT_BINDING,T2_DF_KS_TADP,,,,client_000,,,,,,,,,,,,,,,,,,,,,,,,,,,,,,,,,,,,,,,,CIPHERTEXT_BOUND_TO_SIGNED_UPDATE,,,,,,,,,,,,,,,,,C2_INTERNAL,2,,,,,,,,,,,,,74497a100d1731fcc8e8ef3e42482df2,,,,,,,,,,,,,,3,VERIFIED,,,,,True,,,,,False,AJWqbgpQkwsCnGSWtNbRev0qCPyDZKZ423f/FTGE0mE=,cd8ee4dffd50349684b369feed8b83e7474fd363933c9088582ccac0b506f31d,lhIS+WjWdu7nwVo2eeSh1fX8D+pCzpAo3q6D86Frg0w=,a6f2916969e9e7522b3620280d53677eb48e640cf45006539c4ca4798c242892,aJRTpgZSKCDWDSIVFeGdMl24BvK0VGDRv5SjTWxkKTo=,29ac3bebc7d8bf95fc566b7fd18bb82a91593b8a3a0877f87ec4350551f94d53,T2: real Modified-DF encryption → homomorphic multiplication → matrix-M key switching,reference_python,n=|logq=|scale=|scheme=real_modified_df_ks,df_server_or_authorized_aggregate_key,,,,,,,,,b1f975cf223a92f2dd445189ff8627bd540736f04de5664cb0e43701affd8be6,,e656417ad5b736a7baae803282c1f6d9d8c86725910572ebcb420729eb7e0bd1,audit_trails/artifacts/ciphertext_attestations/T2_DF_KS_TADP_client_000_r3_32ca437e43ec7bc8__e656417ad5b736a7.json,,,,,,,,,,,,,,,fc6c52059e2d6fd4e4c54a0022b6e5f663ed69eecd347bf568815bc656dd0b22,1c21591a4454a334cbf5147c566956f831b113bced6cf54cc5753ace84d8a0a9,,
287,56c6f5564c511a90666135e961e15f84,9807b00ec9f05c0ed690f948a024469da45a3923628918d48e6175fa51233777,2026-08-22T17:46:37.001456+00:00,TADP-SEC/12.1,CLIENT_ACCEPTED_SUBMISSION,T2_DF_KS_TADP,,,,client_000,,,,,,,,,,,2.3-phase1-fixed-threshold-critical-floor-review-profile,47dd2e58be138865a6d591a63329509757be6b563afb2badb96beb09eac726e5,a663ab753fcbe1179628a237bb638420356ea261176b970e3553fa59bfe7e9d6,1c154f7d4e37aa15e037310f6b45ff14a874311a582c673470a238929d8125dd,8d877b4c3b654a235066cdd49bf4c7e04e1b662c0cf44a17b54811ea50677e11,VALIDATED_EVIDENCE_BUNDLE,,,,,,,,,,,,,,,,,,,,,,,,UPDATE_SUBMITTED_ENFORCED,,False,NOT_REQUIRED_AUTOMATED_POLICY,False,,,,,,,,,,,,,C2_INTERNAL,2,,,,,,,,6f8a5214daf0d8d5188f7da84fe0931408bac9ce898d47d09d53366ef6cfe2b8,c068640bad122342de0e81050f313e88a0b5bf947d459a5df25df6b117f89be9,,,2026-08-23T17:18:04.591571+00:00,74497a100d1731fcc8e8ef3e42482df2,,,,,c7f07349244cd6232bef14fff19d393eca1b0f05a3771da54caacbee14d90ebe,f01af209825e8c4e18e34270ca18838e6b162658d4c267fe514dd88d484e1ebd,,,2026-08-22T18:46:18.771524+00:00,eb562985f77fc8a152d2d22d15bfd3f4695b107bdaa4c375fc5dde2be0f10805,active,,,4,ACCEPTED,ALL_BASELINE_CONTROLS,,,,True,True,True,True,True,False,ufUMvhGfZu9fuyeM0+6M4vdnqFrWWr5QrSFSZ3zm5ao=,8884e5179dbec8b62c173ee1212478f87490281c3c3254a74b21bff88e304e5d,lhIS+WjWdu7nwVo2eeSh1fX8D+pCzpAo3q6D86Frg0w=,66dda8d462493806b92e33c74ba97f42ad717c899c7de941305b68892d13c56f,9DqVzi2pFCUocc7hsHSIqDlTMwU7ESwA8h7QQf23VLo=,29ac3bebc7d8bf95fc566b7fd18bb82a91593b8a3a0877f87ec4350551f94d53,,,,,,,,,,,,,,,,,b60b7c3d99b64d4da51c1547560dd47a294d25eedd242f7c1dcaa626f01363bc,audit_trails/artifacts/accepted_runtime_submissions/T2_DF_KS_TADP_client_000_r4_8884e5179dbec8b6__b60b7c3d99b64d4d.json,,,,,,,,,,,,,1c21591a4454a334cbf5147c566956f831b113bced6cf54cc5753ace84d8a0a9,75b7678a342f4492c17b4301ea8f3778d0604cb5c11319a993465ec0005e435b,,
288,aade5f2916759f29ecafae652222ef72,9807b00ec9f05c0ed690f948a024469da45a3923628918d48e6175fa51233777,2026-08-22T17:46:37.367356+00:00,TADP-SEC/12.1,CLIENT_CIPHERTEXT_BINDING,T2_DF_KS_TADP,,,,client_000,,,,,,,,,,,,,,,,,,,,,,,,,,,,,,,,,,,,,,,,CIPHERTEXT_BOUND_TO_SIGNED_UPDATE,,,,,,,,,,,,,,,,,C2_INTERNAL,2,,,,,,,,,,,,,74497a100d1731fcc8e8ef3e42482df2,,,,,,,,,,,,,,4,VERIFIED,,,,,True,,,,,False,ufUMvhGfZu9fuyeM0+6M4vdnqFrWWr5QrSFSZ3zm5ao=,8884e5179dbec8b62c173ee1212478f87490281c3c3254a74b21bff88e304e5d,lhIS+WjWdu7nwVo2eeSh1fX8D+pCzpAo3q6D86Frg0w=,c663feb344358d9583eea62ba26fe1b71e4d008d73c14a7519a17a74f823cab9,9DqVzi2pFCUocc7hsHSIqDlTMwU7ESwA8h7QQf23VLo=,29ac3bebc7d8bf95fc566b7fd18bb82a91593b8a3a0877f87ec4350551f94d53,T2: real Modified-DF encryption → homomorphic multiplication → matrix-M key switching,reference_python,n=|logq=|scale=|scheme=real_modified_df_ks,df_server_or_authorized_aggregate_key,,,,,,,,,9c63b7389097850eb4f3c88eba7432ff62a245480b9d4399ea5b2dfd3c3e3d9e,,7afa26837d083288dbeabc52ca8cb9229789e631a8870b60e1d1be6fe158267e,audit_trails/artifacts/ciphertext_attestations/T2_DF_KS_TADP_client_000_r4_2ccfd5b3b67579b6__7afa26837d083288.json,,,,,,,,,,,,,,,75b7678a342f4492c17b4301ea8f3778d0604cb5c11319a993465ec0005e435b,faaa7cbcd64c62ff3ad8ede7921837c6f6d22ee624f7fd2c7e717e5c44346e03,,
289,3928b5d4059e7a7f7ddc4f4713b93b12,9807b00ec9f05c0ed690f948a024469da45a3923628918d48e6175fa51233777,2026-08-22T17:46:42.822956+00:00,TADP-SEC/12.1,CLIENT_ACCEPTED_SUBMISSION,T2_DF_KS_TADP,,,,client_000,,,,,,,,,,,2.3-phase1-fixed-threshold-critical-floor-review-profile,47dd2e58be138865a6d591a63329509757be6b563afb2badb96beb09eac726e5,a663ab753fcbe1179628a237bb638420356ea261176b970e3553fa59bfe7e9d6,1c154f7d4e37aa15e037310f6b45ff14a874311a582c673470a238929d8125dd,8d877b4c3b654a235066cdd49bf4c7e04e1b662c0cf44a17b54811ea50677e11,VALIDATED_EVIDENCE_BUNDLE,,,,,,,,,,,,,,,,,,,,,,,,UPDATE_SUBMITTED_ENFORCED,,False,NOT_REQUIRED_AUTOMATED_POLICY,False,,,,,,,,,,,,,C2_INTERNAL,2,,,,,,,,6f8a5214daf0d8d5188f7da84fe0931408bac9ce898d47d09d53366ef6cfe2b8,c068640bad122342de0e81050f313e88a0b5bf947d459a5df25df6b117f89be9,,,2026-08-23T17:18:04.591571+00:00,74497a100d1731fcc8e8ef3e42482df2,,,,,c7f07349244cd6232bef14fff19d393eca1b0f05a3771da54caacbee14d90ebe,f01af209825e8c4e18e34270ca18838e6b162658d4c267fe514dd88d484e1ebd,,,2026-08-22T18:46:18.771524+00:00,eb562985f77fc8a152d2d22d15bfd3f4695b107bdaa4c375fc5dde2be0f10805,active,,,5,ACCEPTED,ALL_BASELINE_CONTROLS,,,,True,True,True,True,True,False,k2q3mP2/QqkV068TjFEnQtFvHOicxwPW7tJX0Z/ipOU=,53f005b878585bfa3b3702e3f22c8d59c6c88ffabeee81b34d031c07c6340a43,lhIS+WjWdu7nwVo2eeSh1fX8D+pCzpAo3q6D86Frg0w=,c4ea4abfc5d5602e6feca4d1019d096bc85b162865c7532e25bf34891d776000,aRXZcPHxhg8IzHxORdAjQATjyAhXlCgY9U5sLGwvLmU=,29ac3bebc7d8bf95fc566b7fd18bb82a91593b8a3a0877f87ec4350551f94d53,,,,,,,,,,,,,,,,,c2f0e4b35becaf4f3de3e03902d3c2dc11b4040f96208a8b2631afe041b8401a,audit_trails/artifacts/accepted_runtime_submissions/T2_DF_KS_TADP_client_000_r5_53f005b878585bfa__c2f0e4b35becaf4f.json,,,,,,,,,,,,,faaa7cbcd64c62ff3ad8ede7921837c6f6d22ee624f7fd2c7e717e5c44346e03,a58057720a1984c49e4a7db5756ce26b74016e7598c5bb4ded502e90ae592fff,,
290,3dc7fc031740efbdbf46681e7315c8de,9807b00ec9f05c0ed690f948a024469da45a3923628918d48e6175fa51233777,2026-08-22T17:46:43.472045+00:00,TADP-SEC/12.1,CLIENT_CIPHERTEXT_BINDING,T2_DF_KS_TADP,,,,client_000,,,,,,,,,,,,,,,,,,,,,,,,,,,,,,,,,,,,,,,,CIPHERTEXT_BOUND_TO_SIGNED_UPDATE,,,,,,,,,,,,,,,,,C2_INTERNAL,2,,,,,,,,,,,,,74497a100d1731fcc8e8ef3e42482df2,,,,,,,,,,,,,,5,VERIFIED,,,,,True,,,,,False,k2q3mP2/QqkV068TjFEnQtFvHOicxwPW7tJX0Z/ipOU=,53f005b878585bfa3b3702e3f22c8d59c6c88ffabeee81b34d031c07c6340a43,lhIS+WjWdu7nwVo2eeSh1fX8D+pCzpAo3q6D86Frg0w=,4bd9305ded0ddcd10311dd1ddaaf33e5d647cb4809756db067685876c2db90e2,aRXZcPHxhg8IzHxORdAjQATjyAhXlCgY9U5sLGwvLmU=,29ac3bebc7d8bf95fc566b7fd18bb82a91593b8a3a0877f87ec4350551f94d53,T2: real Modified-DF encryption → homomorphic multiplication → matrix-M key switching,reference_python,n=|logq=|scale=|scheme=real_modified_df_ks,df_server_or_authorized_aggregate_key,,,,,,,,,1d13200bdaa2c8c40edcc0128ef758165fc40d1a39a8d2a3f3e2b4e20e3e3e00,,b96f91a9a07e42a329dda818b94368e32ddd4654f3dddf031b096d8fc68ecbd5,audit_trails/artifacts/ciphertext_attestations/T2_DF_KS_TADP_client_000_r5_8d798dab566793a9__b96f91a9a07e42a3.json,,,,,,,,,,,,,,,a58057720a1984c49e4a7db5756ce26b74016e7598c5bb4ded502e90ae592fff,19665f28f3c098cc6c53191616b06ef704efa639267e8c6d43a0c041e23d2302,,
291,c7b950902917fbe6aaf3645d7125374c,9807b00ec9f05c0ed690f948a024469da45a3923628918d48e6175fa51233777,2026-08-22T17:46:48.769649+00:00,TADP-SEC/12.1,CLIENT_ACCEPTED_SUBMISSION,T2_DF_KS_TADP,,,,client_000,,,,,,,,,,,2.3-phase1-fixed-threshold-critical-floor-review-profile,47dd2e58be138865a6d591a63329509757be6b563afb2badb96beb09eac726e5,a663ab753fcbe1179628a237bb638420356ea261176b970e3553fa59bfe7e9d6,1c154f7d4e37aa15e037310f6b45ff14a874311a582c673470a238929d8125dd,8d877b4c3b654a235066cdd49bf4c7e04e1b662c0cf44a17b54811ea50677e11,VALIDATED_EVIDENCE_BUNDLE,,,,,,,,,,,,,,,,,,,,,,,,UPDATE_SUBMITTED_ENFORCED,,False,NOT_REQUIRED_AUTOMATED_POLICY,False,,,,,,,,,,,,,C2_INTERNAL,2,,,,,,,,6f8a5214daf0d8d5188f7da84fe0931408bac9ce898d47d09d53366ef6cfe2b8,c068640bad122342de0e81050f313e88a0b5bf947d459a5df25df6b117f89be9,,,2026-08-23T17:18:04.591571+00:00,74497a100d1731fcc8e8ef3e42482df2,,,,,c7f07349244cd6232bef14fff19d393eca1b0f05a3771da54caacbee14d90ebe,f01af209825e8c4e18e34270ca18838e6b162658d4c267fe514dd88d484e1ebd,,,2026-08-22T18:46:18.771524+00:00,eb562985f77fc8a152d2d22d15bfd3f4695b107bdaa4c375fc5dde2be0f10805,active,,,6,ACCEPTED,ALL_BASELINE_CONTROLS,,,,True,True,True,True,True,False,OOpddaXuQrJiZ7pG0XwJbdux+axknu7esKxjP9llXyQ=,e6110e2d196b82e34eb2f720000f6bb06acf946dc3161ee6d65fc001336842af,lhIS+WjWdu7nwVo2eeSh1fX8D+pCzpAo3q6D86Frg0w=,61d4c886675d57f3342f23eddb5b144a87af696ce09967c25d20895650545650,CqzyDeJp/tD5tn8jKq+1bNz1ngCJ0XXmjOVQc9qv+a8=,29ac3bebc7d8bf95fc566b7fd18bb82a91593b8a3a0877f87ec4350551f94d53,,,,,,,,,,,,,,,,,e95727909482be4279ca1e2bf76589b788955dd63c0621d2499e7559261e9b80,audit_trails/artifacts/accepted_runtime_submissions/T2_DF_KS_TADP_client_000_r6_e6110e2d196b82e3__e95727909482be42.json,,,,,,,,,,,,,19665f28f3c098cc6c53191616b06ef704efa639267e8c6d43a0c041e23d2302,1dd6cf506ba1ab2cd86da07ee2cee5ad376771c024ada4f2897eea6dec89925c,,
292,a94d9d7cb285b36427a4be007d543440,9807b00ec9f05c0ed690f948a024469da45a3923628918d48e6175fa51233777,2026-08-22T17:46:49.123859+00:00,TADP-SEC/12.1,CLIENT_CIPHERTEXT_BINDING,T2_DF_KS_TADP,,,,client_000,,,,,,,,,,,,,,,,,,,,,,,,,,,,,,,,,,,,,,,,CIPHERTEXT_BOUND_TO_SIGNED_UPDATE,,,,,,,,,,,,,,,,,C2_INTERNAL,2,,,,,,,,,,,,,74497a100d1731fcc8e8ef3e42482df2,,,,,,,,,,,,,,6,VERIFIED,,,,,True,,,,,False,OOpddaXuQrJiZ7pG0XwJbdux+axknu7esKxjP9llXyQ=,e6110e2d196b82e34eb2f720000f6bb06acf946dc3161ee6d65fc001336842af,lhIS+WjWdu7nwVo2eeSh1fX8D+pCzpAo3q6D86Frg0w=,f04fc5070724e99b53fac29896a9c1216eb02ebc8d67197ca9297292c94fc761,CqzyDeJp/tD5tn8jKq+1bNz1ngCJ0XXmjOVQc9qv+a8=,29ac3bebc7d8bf95fc566b7fd18bb82a91593b8a3a0877f87ec4350551f94d53,T2: real Modified-DF encryption → homomorphic multiplication → matrix-M key switching,reference_python,n=|logq=|scale=|scheme=real_modified_df_ks,df_server_or_authorized_aggregate_key,,,,,,,,,b6347177c9ab47e9d22593172f17010b014aa9fac490bae2dc418829b65d4c62,,154e1aa19a7756633719a1b270caa9c6bddcd44af3b09c3c6b8c5860821edcfd,audit_trails/artifacts/ciphertext_attestations/T2_DF_KS_TADP_client_000_r6_37ca5b3a415c2773__154e1aa19a775663.json,,,,,,,,,,,,,,,1dd6cf506ba1ab2cd86da07ee2cee5ad376771c024ada4f2897eea6dec89925c,997abb45f247d3c034df92475cb933d1a6f525df1b9cd7e830179ed50dfae12f,,
293,fda46f725f88ec23b99e89b8e1534de6,9807b00ec9f05c0ed690f948a024469da45a3923628918d48e6175fa51233777,2026-08-22T17:46:53.855297+00:00,TADP-SEC/12.1,CLIENT_ACCEPTED_SUBMISSION,T2_DF_KS_TADP,,,,client_000,,,,,,,,,,,2.3-phase1-fixed-threshold-critical-floor-review-profile,47dd2e58be138865a6d591a63329509757be6b563afb2badb96beb09eac726e5,a663ab753fcbe1179628a237bb638420356ea261176b970e3553fa59bfe7e9d6,1c154f7d4e37aa15e037310f6b45ff14a874311a582c673470a238929d8125dd,8d877b4c3b654a235066cdd49bf4c7e04e1b662c0cf44a17b54811ea50677e11,VALIDATED_EVIDENCE_BUNDLE,,,,,,,,,,,,,,,,,,,,,,,,UPDATE_SUBMITTED_ENFORCED,,False,NOT_REQUIRED_AUTOMATED_POLICY,False,,,,,,,,,,,,,C2_INTERNAL,2,,,,,,,,6f8a5214daf0d8d5188f7da84fe0931408bac9ce898d47d09d53366ef6cfe2b8,c068640bad122342de0e81050f313e88a0b5bf947d459a5df25df6b117f89be9,,,2026-08-23T17:18:04.591571+00:00,74497a100d1731fcc8e8ef3e42482df2,,,,,c7f07349244cd6232bef14fff19d393eca1b0f05a3771da54caacbee14d90ebe,f01af209825e8c4e18e34270ca18838e6b162658d4c267fe514dd88d484e1ebd,,,2026-08-22T18:46:18.771524+00:00,eb562985f77fc8a152d2d22d15bfd3f4695b107bdaa4c375fc5dde2be0f10805,active,,,7,ACCEPTED,ALL_BASELINE_CONTROLS,,,,True,True,True,True,True,False,gEYvip1UDO2h78m4Mm0z6SdHqqITpW6hKulSc2b6bw0=,7032f5fb91d3c08cc1308969ed34bdfb139ad488ea96566141750b8fcbaa89c1,lhIS+WjWdu7nwVo2eeSh1fX8D+pCzpAo3q6D86Frg0w=,ab2fd6ad061f0a2e2f9904c73ca657cb5f2a26ced8f282fd646919a79dac2788,S9G8E3nvDW7w9N579U1gmpE1vuL8RplG+zVJu2j6oRY=,29ac3bebc7d8bf95fc566b7fd18bb82a91593b8a3a0877f87ec4350551f94d53,,,,,,,,,,,,,,,,,fd9521a50a7429573915850e86d22741b9e0c2aa52bde136b7ccaa8b3920c70a,audit_trails/artifacts/accepted_runtime_submissions/T2_DF_KS_TADP_client_000_r7_7032f5fb91d3c08c__fd9521a50a742957.json,,,,,,,,,,,,,997abb45f247d3c034df92475cb933d1a6f525df1b9cd7e830179ed50dfae12f,1c0945a2e6aac406b8e78f89cd2c0dc48f45f4e804a1d5066191b484f166525a,,
294,1f398fdda23947b23e5d2da39587b6a4,9807b00ec9f05c0ed690f948a024469da45a3923628918d48e6175fa51233777,2026-08-22T17:46:54.207072+00:00,TADP-SEC/12.1,CLIENT_CIPHERTEXT_BINDING,T2_DF_KS_TADP,,,,client_000,,,,,,,,,,,,,,,,,,,,,,,,,,,,,,,,,,,,,,,,CIPHERTEXT_BOUND_TO_SIGNED_UPDATE,,,,,,,,,,,,,,,,,C2_INTERNAL,2,,,,,,,,,,,,,74497a100d1731fcc8e8ef3e42482df2,,,,,,,,,,,,,,7,VERIFIED,,,,,True,,,,,False,gEYvip1UDO2h78m4Mm0z6SdHqqITpW6hKulSc2b6bw0=,7032f5fb91d3c08cc1308969ed34bdfb139ad488ea96566141750b8fcbaa89c1,lhIS+WjWdu7nwVo2eeSh1fX8D+pCzpAo3q6D86Frg0w=,efbb566b297d1c711aad0aab4803b86ed6ac26c247be2e2538663d5e7ff57eba,S9G8E3nvDW7w9N579U1gmpE1vuL8RplG+zVJu2j6oRY=,29ac3bebc7d8bf95fc566b7fd18bb82a91593b8a3a0877f87ec4350551f94d53,T2: real Modified-DF encryption → homomorphic multiplication → matrix-M key switching,reference_python,n=|logq=|scale=|scheme=real_modified_df_ks,df_server_or_authorized_aggregate_key,,,,,,,,,9e350ce09df710fbdf5b56860b67aff559e98d3228477dcb16ebb4f01a663821,,da5873ec40bec8305627b7baff0bfd524d6ad10836dba223c67135190a7626c5,audit_trails/artifacts/ciphertext_attestations/T2_DF_KS_TADP_client_000_r7_917de797834a61e5__da5873ec40bec830.json,,,,,,,,,,,,,,,1c0945a2e6aac406b8e78f89cd2c0dc48f45f4e804a1d5066191b484f166525a,efdb31e746cbeb9b20e0ac2aa5160832812931d52568697694e45d8aafdf2247,,
295,c97a7163b91e4144b9758433fafd92a0,9807b00ec9f05c0ed690f948a024469da45a3923628918d48e6175fa51233777,2026-08-22T17:47:00.516904+00:00,TADP-SEC/12.1,CLIENT_ACCEPTED_SUBMISSION,T2_DF_KS_TADP,,,,client_000,,,,,,,,,,,2.3-phase1-fixed-threshold-critical-floor-review-profile,47dd2e58be138865a6d591a63329509757be6b563afb2badb96beb09eac726e5,a663ab753fcbe1179628a237bb638420356ea261176b970e3553fa59bfe7e9d6,1c154f7d4e37aa15e037310f6b45ff14a874311a582c673470a238929d8125dd,8d877b4c3b654a235066cdd49bf4c7e04e1b662c0cf44a17b54811ea50677e11,VALIDATED_EVIDENCE_BUNDLE,,,,,,,,,,,,,,,,,,,,,,,,UPDATE_SUBMITTED_ENFORCED,,False,NOT_REQUIRED_AUTOMATED_POLICY,False,,,,,,,,,,,,,C2_INTERNAL,2,,,,,,,,6f8a5214daf0d8d5188f7da84fe0931408bac9ce898d47d09d53366ef6cfe2b8,c068640bad122342de0e81050f313e88a0b5bf947d459a5df25df6b117f89be9,,,2026-08-23T17:18:04.591571+00:00,74497a100d1731fcc8e8ef3e42482df2,,,,,c7f07349244cd6232bef14fff19d393eca1b0f05a3771da54caacbee14d90ebe,f01af209825e8c4e18e34270ca18838e6b162658d4c267fe514dd88d484e1ebd,,,2026-08-22T18:46:18.771524+00:00,eb562985f77fc8a152d2d22d15bfd3f4695b107bdaa4c375fc5dde2be0f10805,active,,,8,ACCEPTED,ALL_BASELINE_CONTROLS,,,,True,True,True,True,True,False,WghPyP6691CpLMJs5NTqsB1a3vY/eHcLqHpYcCJ0bpM=,efb668fcdfaad9b1be685af99315d0921696837f0b4fd54072a84144f078e366,lhIS+WjWdu7nwVo2eeSh1fX8D+pCzpAo3q6D86Frg0w=,061f5a76e7b69bd5fda2f4975e23c373d5e5b967c7785d8ab1c62e126fdb1d8d,vfdKn+MU9WIBlSKcVcDniq/tZyj+Vrdud32av1RkYLk=,29ac3bebc7d8bf95fc566b7fd18bb82a91593b8a3a0877f87ec4350551f94d53,,,,,,,,,,,,,,,,,4e3cdf60ea00fe444a72af4f22f20476641bbe381cdf27bb8dbec1242a07f92f,audit_trails/artifacts/accepted_runtime_submissions/T2_DF_KS_TADP_client_000_r8_efb668fcdfaad9b1__4e3cdf60ea00fe44.json,,,,,,,,,,,,,efdb31e746cbeb9b20e0ac2aa5160832812931d52568697694e45d8aafdf2247,8349c94bb716f52af0f09313ca14940a1153e92332711ea86587491e353ee4f6,,
296,26b8cb4a0d69cf85f909187545bf72c9,9807b00ec9f05c0ed690f948a024469da45a3923628918d48e6175fa51233777,2026-08-22T17:47:00.880630+00:00,TADP-SEC/12.1,CLIENT_CIPHERTEXT_BINDING,T2_DF_KS_TADP,,,,client_000,,,,,,,,,,,,,,,,,,,,,,,,,,,,,,,,,,,,,,,,CIPHERTEXT_BOUND_TO_SIGNED_UPDATE,,,,,,,,,,,,,,,,,C2_INTERNAL,2,,,,,,,,,,,,,74497a100d1731fcc8e8ef3e42482df2,,,,,,,,,,,,,,8,VERIFIED,,,,,True,,,,,False,WghPyP6691CpLMJs5NTqsB1a3vY/eHcLqHpYcCJ0bpM=,efb668fcdfaad9b1be685af99315d0921696837f0b4fd54072a84144f078e366,lhIS+WjWdu7nwVo2eeSh1fX8D+pCzpAo3q6D86Frg0w=,06375bd68eb507c74a49c9a76ac1d24997917574d193ecccd624b1198444c608,vfdKn+MU9WIBlSKcVcDniq/tZyj+Vrdud32av1RkYLk=,29ac3bebc7d8bf95fc566b7fd18bb82a91593b8a3a0877f87ec4350551f94d53,T2: real Modified-DF encryption → homomorphic multiplication → matrix-M key switching,reference_python,n=|logq=|scale=|scheme=real_modified_df_ks,df_server_or_authorized_aggregate_key,,,,,,,,,78a58a06b2855ea71fe7370ba0ffb4a18ed4acad7ffccab472b3cd2d406767d1,,fb4951e5aeac87fa118b1ab614e76c45aff7188e19e0b66acd388aadcddf8617,audit_trails/artifacts/ciphertext_attestations/T2_DF_KS_TADP_client_000_r8_9f575b48fd5105e4__fb4951e5aeac87fa.json,,,,,,,,,,,,,,,8349c94bb716f52af0f09313ca14940a1153e92332711ea86587491e353ee4f6,69d6d448aaf3be02dc8d71348b940d6da13e0374d9045ed16298361296d10c33,,
297,d637ecaf3f6808a0d3f3a6354a38b8e0,9807b00ec9f05c0ed690f948a024469da45a3923628918d48e6175fa51233777,2026-08-22T17:47:05.638161+00:00,TADP-SEC/12.1,CLIENT_ACCEPTED_SUBMISSION,T2_DF_KS_TADP,,,,client_000,,,,,,,,,,,2.3-phase1-fixed-threshold-critical-floor-review-profile,47dd2e58be138865a6d591a63329509757be6b563afb2badb96beb09eac726e5,a663ab753fcbe1179628a237bb638420356ea261176b970e3553fa59bfe7e9d6,1c154f7d4e37aa15e037310f6b45ff14a874311a582c673470a238929d8125dd,8d877b4c3b654a235066cdd49bf4c7e04e1b662c0cf44a17b54811ea50677e11,VALIDATED_EVIDENCE_BUNDLE,,,,,,,,,,,,,,,,,,,,,,,,UPDATE_SUBMITTED_ENFORCED,,False,NOT_REQUIRED_AUTOMATED_POLICY,False,,,,,,,,,,,,,C2_INTERNAL,2,,,,,,,,6f8a5214daf0d8d5188f7da84fe0931408bac9ce898d47d09d53366ef6cfe2b8,c068640bad122342de0e81050f313e88a0b5bf947d459a5df25df6b117f89be9,,,2026-08-23T17:18:04.591571+00:00,74497a100d1731fcc8e8ef3e42482df2,,,,,c7f07349244cd6232bef14fff19d393eca1b0f05a3771da54caacbee14d90ebe,f01af209825e8c4e18e34270ca18838e6b162658d4c267fe514dd88d484e1ebd,,,2026-08-22T18:46:18.771524+00:00,eb562985f77fc8a152d2d22d15bfd3f4695b107bdaa4c375fc5dde2be0f10805,active,,,9,ACCEPTED,ALL_BASELINE_CONTROLS,,,,True,True,True,True,True,False,RscSHUsJB+Itp1W+XyMVNyYF4Iohwb+8987vYXFdWv4=,a33097c500fb6004a78ffa6187f8048e0bbef28ff9f06573faba28cad6bb1a71,lhIS+WjWdu7nwVo2eeSh1fX8D+pCzpAo3q6D86Frg0w=,43c6a3110042d536399c4aa96b46b2734024d167d1727927c568f400a80cf551,AZgTi7asXY6+P8E23oXK/uJ1uU4EPMDJBBE1eK9u2iA=,29ac3bebc7d8bf95fc566b7fd18bb82a91593b8a3a0877f87ec4350551f94d53,,,,,,,,,,,,,,,,,11a8ac14747e6904a2437d0ce122fec5efeaf70b579b284786243387b1e3528f,audit_trails/artifacts/accepted_runtime_submissions/T2_DF_KS_TADP_client_000_r9_a33097c500fb6004__11a8ac14747e6904.json,,,,,,,,,,,,,69d6d448aaf3be02dc8d71348b940d6da13e0374d9045ed16298361296d10c33,1287fbfc088ae9bab33fea01e48f9a666384d52c82cd105be419f2cff1dbe604,,
298,4ab088ee68b886a1ec65c9f29d8cacf4,9807b00ec9f05c0ed690f948a024469da45a3923628918d48e6175fa51233777,2026-08-22T17:47:05.992413+00:00,TADP-SEC/12.1,CLIENT_CIPHERTEXT_BINDING,T2_DF_KS_TADP,,,,client_000,,,,,,,,,,,,,,,,,,,,,,,,,,,,,,,,,,,,,,,,CIPHERTEXT_BOUND_TO_SIGNED_UPDATE,,,,,,,,,,,,,,,,,C2_INTERNAL,2,,,,,,,,,,,,,74497a100d1731fcc8e8ef3e42482df2,,,,,,,,,,,,,,9,VERIFIED,,,,,True,,,,,False,RscSHUsJB+Itp1W+XyMVNyYF4Iohwb+8987vYXFdWv4=,a33097c500fb6004a78ffa6187f8048e0bbef28ff9f06573faba28cad6bb1a71,lhIS+WjWdu7nwVo2eeSh1fX8D+pCzpAo3q6D86Frg0w=,a7865b403cc7635469b86a029ebf353c801c8f083ca7935b62c7bcb83de22fdc,AZgTi7asXY6+P8E23oXK/uJ1uU4EPMDJBBE1eK9u2iA=,29ac3bebc7d8bf95fc566b7fd18bb82a91593b8a3a0877f87ec4350551f94d53,T2: real Modified-DF encryption → homomorphic multiplication → matrix-M key switching,reference_python,n=|logq=|scale=|scheme=real_modified_df_ks,df_server_or_authorized_aggregate_key,,,,,,,,,4088b1881679c6f31aebb8a325223225b668984ec565450451b333bc3b3cdbd6,,4240334d628bbb54494b05dc45189b31e853708678e26d74f52a20d154dcd748,audit_trails/artifacts/ciphertext_attestations/T2_DF_KS_TADP_client_000_r9_6621f81bcf8da3fa__4240334d628bbb54.json,,,,,,,,,,,,,,,1287fbfc088ae9bab33fea01e48f9a666384d52c82cd105be419f2cff1dbe604,00ace41902717a0d093fbdd13a6888003c5cf0b106b7d79d4c0356ebe3e061a6,,
299,cea9bb0f657991bd221be746a68e8cc5,9807b00ec9f05c0ed690f948a024469da45a3923628918d48e6175fa51233777,2026-08-22T17:47:12.253628+00:00,TADP-SEC/12.1,CLIENT_ACCEPTED_SUBMISSION,T2_DF_KS_TADP,,,,client_000,,,,,,,,,,,2.3-phase1-fixed-threshold-critical-floor-review-profile,47dd2e58be138865a6d591a63329509757be6b563afb2badb96beb09eac726e5,a663ab753fcbe1179628a237bb638420356ea261176b970e3553fa59bfe7e9d6,1c154f7d4e37aa15e037310f6b45ff14a874311a582c673470a238929d8125dd,8d877b4c3b654a235066cdd49bf4c7e04e1b662c0cf44a17b54811ea50677e11,VALIDATED_EVIDENCE_BUNDLE,,,,,,,,,,,,,,,,,,,,,,,,UPDATE_SUBMITTED_ENFORCED,,False,NOT_REQUIRED_AUTOMATED_POLICY,False,,,,,,,,,,,,,C2_INTERNAL,2,,,,,,,,6f8a5214daf0d8d5188f7da84fe0931408bac9ce898d47d09d53366ef6cfe2b8,c068640bad122342de0e81050f313e88a0b5bf947d459a5df25df6b117f89be9,,,2026-08-23T17:18:04.591571+00:00,74497a100d1731fcc8e8ef3e42482df2,,,,,c7f07349244cd6232bef14fff19d393eca1b0f05a3771da54caacbee14d90ebe,f01af209825e8c4e18e34270ca18838e6b162658d4c267fe514dd88d484e1ebd,,,2026-08-22T18:46:18.771524+00:00,eb562985f77fc8a152d2d22d15bfd3f4695b107bdaa4c375fc5dde2be0f10805,active,,,10,ACCEPTED,ALL_BASELINE_CONTROLS,,,,True,True,True,True,True,False,UM7/YS0CDL1VFPMzq+/zhm7KU+YL6Pa7E6D+fN5BS0U=,cf1f4edd15e288a78ecf4b9e651d50be57f44fc76f2dd1373c7ca826188d7764,lhIS+WjWdu7nwVo2eeSh1fX8D+pCzpAo3q6D86Frg0w=,7f8c61001c81e938cdee0c9e79eda1449971a5ed0c67bb08366d0ab8e7ff5662,0VLgrVwVAt3nRJZs1Gn14jw50kaSj8pSkyK9I4hrb4s=,29ac3bebc7d8bf95fc566b7fd18bb82a91593b8a3a0877f87ec4350551f94d53,,,,,,,,,,,,,,,,,9069b9dd58be686dbc087ddb4e498032f92a199602f81b433085ae242cb616c4,audit_trails/artifacts/accepted_runtime_submissions/T2_DF_KS_TADP_client_000_r10_cf1f4edd15e288a7__9069b9dd58be686d.json,,,,,,,,,,,,,00ace41902717a0d093fbdd13a6888003c5cf0b106b7d79d4c0356ebe3e061a6,cebc1b1a829d243fd0823afba9574f35f30aa6790be86ea0168c87aece903811,,
300,27c5a7530dec23a0839223b662f233a6,9807b00ec9f05c0ed690f948a024469da45a3923628918d48e6175fa51233777,2026-08-22T17:47:12.606012+00:00,TADP-SEC/12.1,CLIENT_CIPHERTEXT_BINDING,T2_DF_KS_TADP,,,,client_000,,,,,,,,,,,,,,,,,,,,,,,,,,,,,,,,,,,,,,,,CIPHERTEXT_BOUND_TO_SIGNED_UPDATE,,,,,,,,,,,,,,,,,C2_INTERNAL,2,,,,,,,,,,,,,74497a100d1731fcc8e8ef3e42482df2,,,,,,,,,,,,,,10,VERIFIED,,,,,True,,,,,False,UM7/YS0CDL1VFPMzq+/zhm7KU+YL6Pa7E6D+fN5BS0U=,cf1f4edd15e288a78ecf4b9e651d50be57f44fc76f2dd1373c7ca826188d7764,lhIS+WjWdu7nwVo2eeSh1fX8D+pCzpAo3q6D86Frg0w=,ecb421e19e9b36b7e3c5cabf6f3dd88c5c22abebb434d65c4099a1512ce668b6,0VLgrVwVAt3nRJZs1Gn14jw50kaSj8pSkyK9I4hrb4s=,29ac3bebc7d8bf95fc566b7fd18bb82a91593b8a3a0877f87ec4350551f94d53,T2: real Modified-DF encryption → homomorphic multiplication → matrix-M key switching,reference_python,n=|logq=|scale=|scheme=real_modified_df_ks,df_server_or_authorized_aggregate_key,,,,,,,,,0027914962665c4cea5ee38b017b9f93d4a8fc9bab34f1069aaecf9ff92c0410,,fc21aeb0562e49a7eef0dd14324d9d023e80c4613277387a33c706adb2321721,audit_trails/artifacts/ciphertext_attestations/T2_DF_KS_TADP_client_000_r10_e00e44abcbece0d8__fc21aeb0562e49a7.json,,,,,,,,,,,,,,,cebc1b1a829d243fd0823afba9574f35f30aa6790be86ea0168c87aece903811,09bfb0e22a426bd45969d311715c6aaf282949c98a013854ff0c28a58fc781bb,,
301,02acdd7a3a4b105b6ac95405b5125f7f,9807b00ec9f05c0ed690f948a024469da45a3923628918d48e6175fa51233777,2026-08-22T17:47:17.342141+00:00,TADP-SEC/12.1,CLIENT_ACCEPTED_SUBMISSION,T2_DF_KS_TADP,,,,client_000,,,,,,,,,,,2.3-phase1-fixed-threshold-critical-floor-review-profile,47dd2e58be138865a6d591a63329509757be6b563afb2badb96beb09eac726e5,a663ab753fcbe1179628a237bb638420356ea261176b970e3553fa59bfe7e9d6,1c154f7d4e37aa15e037310f6b45ff14a874311a582c673470a238929d8125dd,8d877b4c3b654a235066cdd49bf4c7e04e1b662c0cf44a17b54811ea50677e11,VALIDATED_EVIDENCE_BUNDLE,,,,,,,,,,,,,,,,,,,,,,,,UPDATE_SUBMITTED_ENFORCED,,False,NOT_REQUIRED_AUTOMATED_POLICY,False,,,,,,,,,,,,,C2_INTERNAL,2,,,,,,,,6f8a5214daf0d8d5188f7da84fe0931408bac9ce898d47d09d53366ef6cfe2b8,c068640bad122342de0e81050f313e88a0b5bf947d459a5df25df6b117f89be9,,,2026-08-23T17:18:04.591571+00:00,74497a100d1731fcc8e8ef3e42482df2,,,,,c7f07349244cd6232bef14fff19d393eca1b0f05a3771da54caacbee14d90ebe,f01af209825e8c4e18e34270ca18838e6b162658d4c267fe514dd88d484e1ebd,,,2026-08-22T18:46:18.771524+00:00,eb562985f77fc8a152d2d22d15bfd3f4695b107bdaa4c375fc5dde2be0f10805,active,,,11,ACCEPTED,ALL_BASELINE_CONTROLS,,,,True,True,True,True,True,False,XCDWDcqWp0D1OqW+XU6lb7XEa/Aqxw5xWjl6NAXMSAU=,e24978214dd6b6c0f596471be0c8657ab87fe2a6d44d2e8d5dac3269192ec3d8,lhIS+WjWdu7nwVo2eeSh1fX8D+pCzpAo3q6D86Frg0w=,f8c73953ef50628a46cf53528968472b63b4d8849ec84a69b63230eeb329f86c,VokAedyDIoixitystIVmiBFpK2dqcprAap1+qUkxysA=,29ac3bebc7d8bf95fc566b7fd18bb82a91593b8a3a0877f87ec4350551f94d53,,,,,,,,,,,,,,,,,660c9ca2f34adf7da2dc0d8ea26f9737aff0ba4e1211c2b3e8017ddb2b61a978,audit_trails/artifacts/accepted_runtime_submissions/T2_DF_KS_TADP_client_000_r11_e24978214dd6b6c0__660c9ca2f34adf7d.json,,,,,,,,,,,,,09bfb0e22a426bd45969d311715c6aaf282949c98a013854ff0c28a58fc781bb,7b5b999bd6217f10b3b46098e4a11fe6a608c3715078ef59119ad417c0eb77a9,,
302,2506e32b9f8a813a95a6e17fad9e8b94,9807b00ec9f05c0ed690f948a024469da45a3923628918d48e6175fa51233777,2026-08-22T17:47:17.697195+00:00,TADP-SEC/12.1,CLIENT_CIPHERTEXT_BINDING,T2_DF_KS_TADP,,,,client_000,,,,,,,,,,,,,,,,,,,,,,,,,,,,,,,,,,,,,,,,CIPHERTEXT_BOUND_TO_SIGNED_UPDATE,,,,,,,,,,,,,,,,,C2_INTERNAL,2,,,,,,,,,,,,,74497a100d1731fcc8e8ef3e42482df2,,,,,,,,,,,,,,11,VERIFIED,,,,,True,,,,,False,XCDWDcqWp0D1OqW+XU6lb7XEa/Aqxw5xWjl6NAXMSAU=,e24978214dd6b6c0f596471be0c8657ab87fe2a6d44d2e8d5dac3269192ec3d8,lhIS+WjWdu7nwVo2eeSh1fX8D+pCzpAo3q6D86Frg0w=,3d84a0c5705119716c2d9f4d1457745cf312191c2b0f81fa321a035d0e53c097,VokAedyDIoixitystIVmiBFpK2dqcprAap1+qUkxysA=,29ac3bebc7d8bf95fc566b7fd18bb82a91593b8a3a0877f87ec4350551f94d53,T2: real Modified-DF encryption → homomorphic multiplication → matrix-M key switching,reference_python,n=|logq=|scale=|scheme=real_modified_df_ks,df_server_or_authorized_aggregate_key,,,,,,,,,fac0b26d266d1044929e577ff2d84293fe990133d792419f56b7100444ac8814,,f6e35485688f8e407500f674a38c2da4926d4a2b4cef5f704c192cce5cebda42,audit_trails/artifacts/ciphertext_attestations/T2_DF_KS_TADP_client_000_r11_88ac9b605292c57d__f6e35485688f8e40.json,,,,,,,,,,,,,,,7b5b999bd6217f10b3b46098e4a11fe6a608c3715078ef59119ad417c0eb77a9,d6a54a40f0d20affc5b70306108541b5d790a24cb8c0d7fbc13e3f17a711f5d7,,
303,1c70ca6e5a7030ed8e7cd4d42d0a03fe,9807b00ec9f05c0ed690f948a024469da45a3923628918d48e6175fa51233777,2026-08-22T17:47:22.537498+00:00,TADP-SEC/12.1,CLIENT_ACCEPTED_SUBMISSION,T2_DF_KS_TADP,,,,client_000,,,,,,,,,,,2.3-phase1-fixed-threshold-critical-floor-review-profile,47dd2e58be138865a6d591a63329509757be6b563afb2badb96beb09eac726e5,a663ab753fcbe1179628a237bb638420356ea261176b970e3553fa59bfe7e9d6,1c154f7d4e37aa15e037310f6b45ff14a874311a582c673470a238929d8125dd,8d877b4c3b654a235066cdd49bf4c7e04e1b662c0cf44a17b54811ea50677e11,VALIDATED_EVIDENCE_BUNDLE,,,,,,,,,,,,,,,,,,,,,,,,UPDATE_SUBMITTED_ENFORCED,,False,NOT_REQUIRED_AUTOMATED_POLICY,False,,,,,,,,,,,,,C2_INTERNAL,2,,,,,,,,6f8a5214daf0d8d5188f7da84fe0931408bac9ce898d47d09d53366ef6cfe2b8,c068640bad122342de0e81050f313e88a0b5bf947d459a5df25df6b117f89be9,,,2026-08-23T17:18:04.591571+00:00,74497a100d1731fcc8e8ef3e42482df2,,,,,c7f07349244cd6232bef14fff19d393eca1b0f05a3771da54caacbee14d90ebe,f01af209825e8c4e18e34270ca18838e6b162658d4c267fe514dd88d484e1ebd,,,2026-08-22T18:46:18.771524+00:00,eb562985f77fc8a152d2d22d15bfd3f4695b107bdaa4c375fc5dde2be0f10805,active,,,12,ACCEPTED,ALL_BASELINE_CONTROLS,,,,True,True,True,True,True,False,lAWwvWLY4W7nrgTljNPqUydNk36KRPSjgOW42apg4M4=,26a186d0692907b194620e2ce64c8796182617c1afcaee5b7e14bba577f5f259,lhIS+WjWdu7nwVo2eeSh1fX8D+pCzpAo3q6D86Frg0w=,64c34bbe31b2ffe38f02e571d2406fab65e796d12ff2ee657cff0b2b1f7712bf,BZO4LoLhYbKgvxGLfkIz9ovaRDSxC9sKn+GyjyySGBE=,29ac3bebc7d8bf95fc566b7fd18bb82a91593b8a3a0877f87ec4350551f94d53,,,,,,,,,,,,,,,,,f0eca5e1f61abe6e1a5a54dae52a33cf8d2121de2a136c07e72ac2d44ea73455,audit_trails/artifacts/accepted_runtime_submissions/T2_DF_KS_TADP_client_000_r12_26a186d0692907b1__f0eca5e1f61abe6e.json,,,,,,,,,,,,,d6a54a40f0d20affc5b70306108541b5d790a24cb8c0d7fbc13e3f17a711f5d7,be65e7b187ff037941bbbda58f2707b1b4e64dd705d4ce31c41c37c3230b90ea,,
304,66c37e347719d2b43a652fb7f817b022,9807b00ec9f05c0ed690f948a024469da45a3923628918d48e6175fa51233777,2026-08-22T17:47:23.194003+00:00,TADP-SEC/12.1,CLIENT_CIPHERTEXT_BINDING,T2_DF_KS_TADP,,,,client_000,,,,,,,,,,,,,,,,,,,,,,,,,,,,,,,,,,,,,,,,CIPHERTEXT_BOUND_TO_SIGNED_UPDATE,,,,,,,,,,,,,,,,,C2_INTERNAL,2,,,,,,,,,,,,,74497a100d1731fcc8e8ef3e42482df2,,,,,,,,,,,,,,12,VERIFIED,,,,,True,,,,,False,lAWwvWLY4W7nrgTljNPqUydNk36KRPSjgOW42apg4M4=,26a186d0692907b194620e2ce64c8796182617c1afcaee5b7e14bba577f5f259,lhIS+WjWdu7nwVo2eeSh1fX8D+pCzpAo3q6D86Frg0w=,661443fedad8ff4d9973667df85a02ee6cb6901b2b2cfba642a749f4ea3107b2,BZO4LoLhYbKgvxGLfkIz9ovaRDSxC9sKn+GyjyySGBE=,29ac3bebc7d8bf95fc566b7fd18bb82a91593b8a3a0877f87ec4350551f94d53,T2: real Modified-DF encryption → homomorphic multiplication → matrix-M key switching,reference_python,n=|logq=|scale=|scheme=real_modified_df_ks,df_server_or_authorized_aggregate_key,,,,,,,,,48e35aa00e6992a4a129a3265f6d49b692a08817f53dc81b125f0f6ec4fda8ca,,5ec178520774e2f5d47810d3cc118a2241d3318bd26ad7d62f480117355d8e60,audit_trails/artifacts/ciphertext_attestations/T2_DF_KS_TADP_client_000_r12_1d4cda9378170038__5ec178520774e2f5.json,,,,,,,,,,,,,,,be65e7b187ff037941bbbda58f2707b1b4e64dd705d4ce31c41c37c3230b90ea,0244c3513ddc7a17db7675e7ee6f81e937b792da036fa31cba8573da4f76fcc7,,
305,8dd886b45f13385e7d627513f4a91764,9807b00ec9f05c0ed690f948a024469da45a3923628918d48e6175fa51233777,2026-08-22T17:47:28.983743+00:00,TADP-SEC/12.1,CLIENT_ACCEPTED_SUBMISSION,T2_DF_KS_TADP,,,,client_000,,,,,,,,,,,2.3-phase1-fixed-threshold-critical-floor-review-profile,47dd2e58be138865a6d591a63329509757be6b563afb2badb96beb09eac726e5,a663ab753fcbe1179628a237bb638420356ea261176b970e3553fa59bfe7e9d6,1c154f7d4e37aa15e037310f6b45ff14a874311a582c673470a238929d8125dd,8d877b4c3b654a235066cdd49bf4c7e04e1b662c0cf44a17b54811ea50677e11,VALIDATED_EVIDENCE_BUNDLE,,,,,,,,,,,,,,,,,,,,,,,,UPDATE_SUBMITTED_ENFORCED,,False,NOT_REQUIRED_AUTOMATED_POLICY,False,,,,,,,,,,,,,C2_INTERNAL,2,,,,,,,,6f8a5214daf0d8d5188f7da84fe0931408bac9ce898d47d09d53366ef6cfe2b8,c068640bad122342de0e81050f313e88a0b5bf947d459a5df25df6b117f89be9,,,2026-08-23T17:18:04.591571+00:00,74497a100d1731fcc8e8ef3e42482df2,,,,,c7f07349244cd6232bef14fff19d393eca1b0f05a3771da54caacbee14d90ebe,f01af209825e8c4e18e34270ca18838e6b162658d4c267fe514dd88d484e1ebd,,,2026-08-22T18:46:18.771524+00:00,eb562985f77fc8a152d2d22d15bfd3f4695b107bdaa4c375fc5dde2be0f10805,active,,,13,ACCEPTED,ALL_BASELINE_CONTROLS,,,,True,True,True,True,True,False,PbpLH2KiSYEVrmtY3Oke3/vfCef4ASjbCVQI0cp4q4Q=,4214c50227e3b247cb9e08a104ee4db57aaefc85394b0830934c16b174f8e5c2,lhIS+WjWdu7nwVo2eeSh1fX8D+pCzpAo3q6D86Frg0w=,abb06c698f133d967b22f8288eabe9ecc0e5237d38f235f63f3d2ab4182ad461,IFB5eX70shGICQuBIEM6lZ7iilOoMXkcgPOH/cNpU0k=,29ac3bebc7d8bf95fc566b7fd18bb82a91593b8a3a0877f87ec4350551f94d53,,,,,,,,,,,,,,,,,5f24bbb6cd8e3cb8af992080615675a609e1af032d5c9a4cb772f01511984a2d,audit_trails/artifacts/accepted_runtime_submissions/T2_DF_KS_TADP_client_000_r13_4214c50227e3b247__5f24bbb6cd8e3cb8.json,,,,,,,,,,,,,0244c3513ddc7a17db7675e7ee6f81e937b792da036fa31cba8573da4f76fcc7,8b39e66f9b77634e22fc37d248d0d9e44f299fdcb741d79488a62725b571eb3c,,
306,cb794ebdcfc052bd1a2d03188f43180d,9807b00ec9f05c0ed690f948a024469da45a3923628918d48e6175fa51233777,2026-08-22T17:47:29.339441+00:00,TADP-SEC/12.1,CLIENT_CIPHERTEXT_BINDING,T2_DF_KS_TADP,,,,client_000,,,,,,,,,,,,,,,,,,,,,,,,,,,,,,,,,,,,,,,,CIPHERTEXT_BOUND_TO_SIGNED_UPDATE,,,,,,,,,,,,,,,,,C2_INTERNAL,2,,,,,,,,,,,,,74497a100d1731fcc8e8ef3e42482df2,,,,,,,,,,,,,,13,VERIFIED,,,,,True,,,,,False,PbpLH2KiSYEVrmtY3Oke3/vfCef4ASjbCVQI0cp4q4Q=,4214c50227e3b247cb9e08a104ee4db57aaefc85394b0830934c16b174f8e5c2,lhIS+WjWdu7nwVo2eeSh1fX8D+pCzpAo3q6D86Frg0w=,1057f04d34965523d43fa821d2dc55ce03e057d96dac139c6048f01425a7a683,IFB5eX70shGICQuBIEM6lZ7iilOoMXkcgPOH/cNpU0k=,29ac3bebc7d8bf95fc566b7fd18bb82a91593b8a3a0877f87ec4350551f94d53,T2: real Modified-DF encryption → homomorphic multiplication → matrix-M key switching,reference_python,n=|logq=|scale=|scheme=real_modified_df_ks,df_server_or_authorized_aggregate_key,,,,,,,,,bbc9ad38547eb79f2130c30a4ac2ca3a8329c6ef1572b2e1e1a1e355d6388dbe,,e2e3693d9cf4386a0496fa1da525816aad014534796922ea27e95566cd59a9a0,audit_trails/artifacts/ciphertext_attestations/T2_DF_KS_TADP_client_000_r13_280a00853e46f8d2__e2e3693d9cf4386a.json,,,,,,,,,,,,,,,8b39e66f9b77634e22fc37d248d0d9e44f299fdcb741d79488a62725b571eb3c,79236b92e5aa44c917c93a8a8b99f01adcb5ef3e2593681c1b4d8e13a44353db,,
307,0918e645128a41134d2ffa13da304cc5,9807b00ec9f05c0ed690f948a024469da45a3923628918d48e6175fa51233777,2026-08-22T17:47:34.070406+00:00,TADP-SEC/12.1,CLIENT_ACCEPTED_SUBMISSION,T2_DF_KS_TADP,,,,client_000,,,,,,,,,,,2.3-phase1-fixed-threshold-critical-floor-review-profile,47dd2e58be138865a6d591a63329509757be6b563afb2badb96beb09eac726e5,a663ab753fcbe1179628a237bb638420356ea261176b970e3553fa59bfe7e9d6,1c154f7d4e37aa15e037310f6b45ff14a874311a582c673470a238929d8125dd,8d877b4c3b654a235066cdd49bf4c7e04e1b662c0cf44a17b54811ea50677e11,VALIDATED_EVIDENCE_BUNDLE,,,,,,,,,,,,,,,,,,,,,,,,UPDATE_SUBMITTED_ENFORCED,,False,NOT_REQUIRED_AUTOMATED_POLICY,False,,,,,,,,,,,,,C2_INTERNAL,2,,,,,,,,6f8a5214daf0d8d5188f7da84fe0931408bac9ce898d47d09d53366ef6cfe2b8,c068640bad122342de0e81050f313e88a0b5bf947d459a5df25df6b117f89be9,,,2026-08-23T17:18:04.591571+00:00,74497a100d1731fcc8e8ef3e42482df2,,,,,c7f07349244cd6232bef14fff19d393eca1b0f05a3771da54caacbee14d90ebe,f01af209825e8c4e18e34270ca18838e6b162658d4c267fe514dd88d484e1ebd,,,2026-08-22T18:46:18.771524+00:00,eb562985f77fc8a152d2d22d15bfd3f4695b107bdaa4c375fc5dde2be0f10805,active,,,14,ACCEPTED,ALL_BASELINE_CONTROLS,,,,True,True,True,True,True,False,DQVaW4RrYJWidON/dSMVuyZirBCP2WmUQ6h3lFJZEkI=,8af58ad06a0ca0decf2386cc8fa30091194bc01d1baa3a8b587ecad7646cc72b,lhIS+WjWdu7nwVo2eeSh1fX8D+pCzpAo3q6D86Frg0w=,6e905c5d438a72775b2ae06f882948a940363bcf15b7d6bc1587ce85f5e192fb,YduHH/SGVHJcD/sN264c2EbbZ9TVyV+LnhQLIbKjtR0=,29ac3bebc7d8bf95fc566b7fd18bb82a91593b8a3a0877f87ec4350551f94d53,,,,,,,,,,,,,,,,,ac5bae9014ac754119a897abefce613257a1563616e0169cdc8b44ffa938c9b6,audit_trails/artifacts/accepted_runtime_submissions/T2_DF_KS_TADP_client_000_r14_8af58ad06a0ca0de__ac5bae9014ac7541.json,,,,,,,,,,,,,79236b92e5aa44c917c93a8a8b99f01adcb5ef3e2593681c1b4d8e13a44353db,9a877d2a4c6dcc0c18e6caa3e0dfdb3bb01c880eb75af06f0e9979a806af1530,,
308,19e31d14e30a025ce30337ef380a4e2d,9807b00ec9f05c0ed690f948a024469da45a3923628918d48e6175fa51233777,2026-08-22T17:47:34.419410+00:00,TADP-SEC/12.1,CLIENT_CIPHERTEXT_BINDING,T2_DF_KS_TADP,,,,client_000,,,,,,,,,,,,,,,,,,,,,,,,,,,,,,,,,,,,,,,,CIPHERTEXT_BOUND_TO_SIGNED_UPDATE,,,,,,,,,,,,,,,,,C2_INTERNAL,2,,,,,,,,,,,,,74497a100d1731fcc8e8ef3e42482df2,,,,,,,,,,,,,,14,VERIFIED,,,,,True,,,,,False,DQVaW4RrYJWidON/dSMVuyZirBCP2WmUQ6h3lFJZEkI=,8af58ad06a0ca0decf2386cc8fa30091194bc01d1baa3a8b587ecad7646cc72b,lhIS+WjWdu7nwVo2eeSh1fX8D+pCzpAo3q6D86Frg0w=,97915dc3457b39cd531c0ed23eafd863224bd29e3516cbb902b2f9df868250bb,YduHH/SGVHJcD/sN264c2EbbZ9TVyV+LnhQLIbKjtR0=,29ac3bebc7d8bf95fc566b7fd18bb82a91593b8a3a0877f87ec4350551f94d53,T2: real Modified-DF encryption → homomorphic multiplication → matrix-M key switching,reference_python,n=|logq=|scale=|scheme=real_modified_df_ks,df_server_or_authorized_aggregate_key,,,,,,,,,aba2a2d099396ecc7ad102726fbc0f55d801d0266e9df05c8d37a80adb7bba36,,16a10df38a76cb3471c7007a092ea11a5f005db3f8c0f25cb8e5dabe6d7b7671,audit_trails/artifacts/ciphertext_attestations/T2_DF_KS_TADP_client_000_r14_0a71f0582c1ba999__16a10df38a76cb34.json,,,,,,,,,,,,,,,9a877d2a4c6dcc0c18e6caa3e0dfdb3bb01c880eb75af06f0e9979a806af1530,7a2dce1385f68d58520c3f7b50bdba60d5fe8de187ea28469407e8aeae9cbf9a,,
309,7a13e6704a39cc34f65c3966fdd1695c,9807b00ec9f05c0ed690f948a024469da45a3923628918d48e6175fa51233777,2026-08-22T17:47:40.654617+00:00,TADP-SEC/12.1,CLIENT_ACCEPTED_SUBMISSION,T2_DF_KS_TADP,,,,client_000,,,,,,,,,,,2.3-phase1-fixed-threshold-critical-floor-review-profile,47dd2e58be138865a6d591a63329509757be6b563afb2badb96beb09eac726e5,a663ab753fcbe1179628a237bb638420356ea261176b970e3553fa59bfe7e9d6,1c154f7d4e37aa15e037310f6b45ff14a874311a582c673470a238929d8125dd,8d877b4c3b654a235066cdd49bf4c7e04e1b662c0cf44a17b54811ea50677e11,VALIDATED_EVIDENCE_BUNDLE,,,,,,,,,,,,,,,,,,,,,,,,UPDATE_SUBMITTED_ENFORCED,,False,NOT_REQUIRED_AUTOMATED_POLICY,False,,,,,,,,,,,,,C2_INTERNAL,2,,,,,,,,6f8a5214daf0d8d5188f7da84fe0931408bac9ce898d47d09d53366ef6cfe2b8,c068640bad122342de0e81050f313e88a0b5bf947d459a5df25df6b117f89be9,,,2026-08-23T17:18:04.591571+00:00,74497a100d1731fcc8e8ef3e42482df2,,,,,c7f07349244cd6232bef14fff19d393eca1b0f05a3771da54caacbee14d90ebe,f01af209825e8c4e18e34270ca18838e6b162658d4c267fe514dd88d484e1ebd,,,2026-08-22T18:46:18.771524+00:00,eb562985f77fc8a152d2d22d15bfd3f4695b107bdaa4c375fc5dde2be0f10805,active,,,15,ACCEPTED,ALL_BASELINE_CONTROLS,,,,True,True,True,True,True,False,RlM9m0xlUHxyKPBrqx5HHedVHzgdfVi+pgbHRfgj2MQ=,f808d692f52cc60115ddc4dd410b67ff151610bca09e6ac04c5b065ea4085cf8,lhIS+WjWdu7nwVo2eeSh1fX8D+pCzpAo3q6D86Frg0w=,761dbe026ae5bdc5ed8da8c11a1d0223dbbf7960c2598a843b893d5074885b22,iyiWRO8wexIZx76qiIUlv5s1bWykRaYCsWZzlj2iE2o=,29ac3bebc7d8bf95fc566b7fd18bb82a91593b8a3a0877f87ec4350551f94d53,,,,,,,,,,,,,,,,,98ccfe427e1e805ab587eede45fbd23cebc126770be6802e45e58aafc6a17d9e,audit_trails/artifacts/accepted_runtime_submissions/T2_DF_KS_TADP_client_000_r15_f808d692f52cc601__98ccfe427e1e805a.json,,,,,,,,,,,,,7a2dce1385f68d58520c3f7b50bdba60d5fe8de187ea28469407e8aeae9cbf9a,3d49623477b1ae677af68e2df8da0347a134edfd571746e321f17f83346b3fc7,,
310,d0ae666753666db1f58b76e6a9a36d29,9807b00ec9f05c0ed690f948a024469da45a3923628918d48e6175fa51233777,2026-08-22T17:47:41.002935+00:00,TADP-SEC/12.1,CLIENT_CIPHERTEXT_BINDING,T2_DF_KS_TADP,,,,client_000,,,,,,,,,,,,,,,,,,,,,,,,,,,,,,,,,,,,,,,,CIPHERTEXT_BOUND_TO_SIGNED_UPDATE,,,,,,,,,,,,,,,,,C2_INTERNAL,2,,,,,,,,,,,,,74497a100d1731fcc8e8ef3e42482df2,,,,,,,,,,,,,,15,VERIFIED,,,,,True,,,,,False,RlM9m0xlUHxyKPBrqx5HHedVHzgdfVi+pgbHRfgj2MQ=,f808d692f52cc60115ddc4dd410b67ff151610bca09e6ac04c5b065ea4085cf8,lhIS+WjWdu7nwVo2eeSh1fX8D+pCzpAo3q6D86Frg0w=,abdadb1cb5d14053fda0ac54b3055f9d04c40ab45028d30327e001f784130824,iyiWRO8wexIZx76qiIUlv5s1bWykRaYCsWZzlj2iE2o=,29ac3bebc7d8bf95fc566b7fd18bb82a91593b8a3a0877f87ec4350551f94d53,T2: real Modified-DF encryption → homomorphic multiplication → matrix-M key switching,reference_python,n=|logq=|scale=|scheme=real_modified_df_ks,df_server_or_authorized_aggregate_key,,,,,,,,,4d2503c8c613ca2ac71f09c5aea937f51f8fc7b70352fd998a81d00e4f566ea5,,2b0b40d100e5fe1f445761659f9d5624cb41f95de8bf3c41c4891b983cb48237,audit_trails/artifacts/ciphertext_attestations/T2_DF_KS_TADP_client_000_r15_e336c6fbd90b215b__2b0b40d100e5fe1f.json,,,,,,,,,,,,,,,3d49623477b1ae677af68e2df8da0347a134edfd571746e321f17f83346b3fc7,7fa75bbfe1645fe1b583fa804939d2a42ced4e884bb6f1eac587204148293b78,,
311,40447df3c0933a60e47b8c9215d08810,9807b00ec9f05c0ed690f948a024469da45a3923628918d48e6175fa51233777,2026-08-22T17:47:45.759777+00:00,TADP-SEC/12.1,CLIENT_ACCEPTED_SUBMISSION,T2_DF_KS_TADP,,,,client_000,,,,,,,,,,,2.3-phase1-fixed-threshold-critical-floor-review-profile,47dd2e58be138865a6d591a63329509757be6b563afb2badb96beb09eac726e5,a663ab753fcbe1179628a237bb638420356ea261176b970e3553fa59bfe7e9d6,1c154f7d4e37aa15e037310f6b45ff14a874311a582c673470a238929d8125dd,8d877b4c3b654a235066cdd49bf4c7e04e1b662c0cf44a17b54811ea50677e11,VALIDATED_EVIDENCE_BUNDLE,,,,,,,,,,,,,,,,,,,,,,,,UPDATE_SUBMITTED_ENFORCED,,False,NOT_REQUIRED_AUTOMATED_POLICY,False,,,,,,,,,,,,,C2_INTERNAL,2,,,,,,,,6f8a5214daf0d8d5188f7da84fe0931408bac9ce898d47d09d53366ef6cfe2b8,c068640bad122342de0e81050f313e88a0b5bf947d459a5df25df6b117f89be9,,,2026-08-23T17:18:04.591571+00:00,74497a100d1731fcc8e8ef3e42482df2,,,,,c7f07349244cd6232bef14fff19d393eca1b0f05a3771da54caacbee14d90ebe,f01af209825e8c4e18e34270ca18838e6b162658d4c267fe514dd88d484e1ebd,,,2026-08-22T18:46:18.771524+00:00,eb562985f77fc8a152d2d22d15bfd3f4695b107bdaa4c375fc5dde2be0f10805,active,,,16,ACCEPTED,ALL_BASELINE_CONTROLS,,,,True,True,True,True,True,False,5GiontRQL0zz+8YoNRNMqxqWLQWb9ZSg5KS/+Hx1g2s=,93fb5d9426248957196b3c2c202686cb4acbc7c6b7cdbadbbd27acc0bfb62bb2,lhIS+WjWdu7nwVo2eeSh1fX8D+pCzpAo3q6D86Frg0w=,31ed6d03671ffa96b9701b93b790caf6ad351eda8c053f2aa0680d9712a96980,SHXLPdHwvu+Q4v1rHn9XpcgknMXfr2W/xz2XbWBbYnY=,29ac3bebc7d8bf95fc566b7fd18bb82a91593b8a3a0877f87ec4350551f94d53,,,,,,,,,,,,,,,,,78390e850a7a8a5a08c48319aa271a397b306f08b8173999e127e206be2d72bb,audit_trails/artifacts/accepted_runtime_submissions/T2_DF_KS_TADP_client_000_r16_93fb5d9426248957__78390e850a7a8a5a.json,,,,,,,,,,,,,7fa75bbfe1645fe1b583fa804939d2a42ced4e884bb6f1eac587204148293b78,b4a92ab074655df2f18dc8522edbb62cbc1702e0fc06efedd6a6f822a4019b5b,,
312,333f837c8720f6c31b7e559a88e56aa7,9807b00ec9f05c0ed690f948a024469da45a3923628918d48e6175fa51233777,2026-08-22T17:47:46.111519+00:00,TADP-SEC/12.1,CLIENT_CIPHERTEXT_BINDING,T2_DF_KS_TADP,,,,client_000,,,,,,,,,,,,,,,,,,,,,,,,,,,,,,,,,,,,,,,,CIPHERTEXT_BOUND_TO_SIGNED_UPDATE,,,,,,,,,,,,,,,,,C2_INTERNAL,2,,,,,,,,,,,,,74497a100d1731fcc8e8ef3e42482df2,,,,,,,,,,,,,,16,VERIFIED,,,,,True,,,,,False,5GiontRQL0zz+8YoNRNMqxqWLQWb9ZSg5KS/+Hx1g2s=,93fb5d9426248957196b3c2c202686cb4acbc7c6b7cdbadbbd27acc0bfb62bb2,lhIS+WjWdu7nwVo2eeSh1fX8D+pCzpAo3q6D86Frg0w=,262e0a605abca9723eaf97e19445b161bba5fac5e4b5c78cf2dff0d63b2fc4f4,SHXLPdHwvu+Q4v1rHn9XpcgknMXfr2W/xz2XbWBbYnY=,29ac3bebc7d8bf95fc566b7fd18bb82a91593b8a3a0877f87ec4350551f94d53,T2: real Modified-DF encryption → homomorphic multiplication → matrix-M key switching,reference_python,n=|logq=|scale=|scheme=real_modified_df_ks,df_server_or_authorized_aggregate_key,,,,,,,,,4e45552fd97205c326238dd1bf8ba661e0af5c009774f2af5ca823cf76767c3a,,81e469a2102f0e120b7b0b1d4f14e97705240bff1949f40023426b36c387111b,audit_trails/artifacts/ciphertext_attestations/T2_DF_KS_TADP_client_000_r16_c1b953ec4d5a35fd__81e469a2102f0e12.json,,,,,,,,,,,,,,,b4a92ab074655df2f18dc8522edbb62cbc1702e0fc06efedd6a6f822a4019b5b,b92807e633b80b232f63e7123b04fd26457c814402308103750e075195158350,,
313,b691ae79e9d4a4562d13f2b5e2d475ee,9807b00ec9f05c0ed690f948a024469da45a3923628918d48e6175fa51233777,2026-08-22T17:47:51.894584+00:00,TADP-SEC/12.1,CLIENT_ACCEPTED_SUBMISSION,T2_DF_KS_TADP,,,,client_000,,,,,,,,,,,2.3-phase1-fixed-threshold-critical-floor-review-profile,47dd2e58be138865a6d591a63329509757be6b563afb2badb96beb09eac726e5,a663ab753fcbe1179628a237bb638420356ea261176b970e3553fa59bfe7e9d6,1c154f7d4e37aa15e037310f6b45ff14a874311a582c673470a238929d8125dd,8d877b4c3b654a235066cdd49bf4c7e04e1b662c0cf44a17b54811ea50677e11,VALIDATED_EVIDENCE_BUNDLE,,,,,,,,,,,,,,,,,,,,,,,,UPDATE_SUBMITTED_ENFORCED,,False,NOT_REQUIRED_AUTOMATED_POLICY,False,,,,,,,,,,,,,C2_INTERNAL,2,,,,,,,,6f8a5214daf0d8d5188f7da84fe0931408bac9ce898d47d09d53366ef6cfe2b8,c068640bad122342de0e81050f313e88a0b5bf947d459a5df25df6b117f89be9,,,2026-08-23T17:18:04.591571+00:00,74497a100d1731fcc8e8ef3e42482df2,,,,,c7f07349244cd6232bef14fff19d393eca1b0f05a3771da54caacbee14d90ebe,f01af209825e8c4e18e34270ca18838e6b162658d4c267fe514dd88d484e1ebd,,,2026-08-22T18:46:18.771524+00:00,eb562985f77fc8a152d2d22d15bfd3f4695b107bdaa4c375fc5dde2be0f10805,active,,,17,ACCEPTED,ALL_BASELINE_CONTROLS,,,,True,True,True,True,True,False,AU+hhaCKWpCkT2tqoB8yoFFGM7vCrTh14kQfnsup1yU=,69fe36068cf0c3fe121f15513f7c81bbbd6fc3c0cfa2d787ec49a52392ea2e14,lhIS+WjWdu7nwVo2eeSh1fX8D+pCzpAo3q6D86Frg0w=,e5a56e226315455dc8a5b09697aa27ea999d38f179f6f7f545db070d134f809c,HcpYh60/cEOREigfYA+IRugc3CdrJbAys4dk2MhLKpU=,29ac3bebc7d8bf95fc566b7fd18bb82a91593b8a3a0877f87ec4350551f94d53,,,,,,,,,,,,,,,,,97b2f54ba62fe3d565dd320358e879b2e4b18ff385428980d7c30abb3e3bdb18,audit_trails/artifacts/accepted_runtime_submissions/T2_DF_KS_TADP_client_000_r17_69fe36068cf0c3fe__97b2f54ba62fe3d5.json,,,,,,,,,,,,,b92807e633b80b232f63e7123b04fd26457c814402308103750e075195158350,c3a9a9268fe536c087ef48d4d9cc02aecc4cedcd49aa4c09f183beb5701316be,,
314,74b4c1b2d4b1dc513caf4107290e95b6,9807b00ec9f05c0ed690f948a024469da45a3923628918d48e6175fa51233777,2026-08-22T17:47:52.504104+00:00,TADP-SEC/12.1,CLIENT_CIPHERTEXT_BINDING,T2_DF_KS_TADP,,,,client_000,,,,,,,,,,,,,,,,,,,,,,,,,,,,,,,,,,,,,,,,CIPHERTEXT_BOUND_TO_SIGNED_UPDATE,,,,,,,,,,,,,,,,,C2_INTERNAL,2,,,,,,,,,,,,,74497a100d1731fcc8e8ef3e42482df2,,,,,,,,,,,,,,17,VERIFIED,,,,,True,,,,,False,AU+hhaCKWpCkT2tqoB8yoFFGM7vCrTh14kQfnsup1yU=,69fe36068cf0c3fe121f15513f7c81bbbd6fc3c0cfa2d787ec49a52392ea2e14,lhIS+WjWdu7nwVo2eeSh1fX8D+pCzpAo3q6D86Frg0w=,430ea66f130171ea5bbe417765e509181b87c82cd084d08a972eabbfd30a0fff,HcpYh60/cEOREigfYA+IRugc3CdrJbAys4dk2MhLKpU=,29ac3bebc7d8bf95fc566b7fd18bb82a91593b8a3a0877f87ec4350551f94d53,T2: real Modified-DF encryption → homomorphic multiplication → matrix-M key switching,reference_python,n=|logq=|scale=|scheme=real_modified_df_ks,df_server_or_authorized_aggregate_key,,,,,,,,,a9227db2c24bdbded9970c5a5fd81b219639f413b68126f6f1ad7d78490ecfe1,,33b6fd5601292108d572875fc90051f5944d9f2864ceb76893e15528e7b58ba9,audit_trails/artifacts/ciphertext_attestations/T2_DF_KS_TADP_client_000_r17_a7d213c8101d2454__33b6fd5601292108.json,,,,,,,,,,,,,,,c3a9a9268fe536c087ef48d4d9cc02aecc4cedcd49aa4c09f183beb5701316be,5a98d09ffde8a356046e2d2bc9c3fb269377ea97adcf671f4f80fe62cc5e6b2c,,
315,0b4b7aeae7ae930d988bad6ac382858d,9807b00ec9f05c0ed690f948a024469da45a3923628918d48e6175fa51233777,2026-08-22T17:47:57.383137+00:00,TADP-SEC/12.1,CLIENT_ACCEPTED_SUBMISSION,T2_DF_KS_TADP,,,,client_000,,,,,,,,,,,2.3-phase1-fixed-threshold-critical-floor-review-profile,47dd2e58be138865a6d591a63329509757be6b563afb2badb96beb09eac726e5,a663ab753fcbe1179628a237bb638420356ea261176b970e3553fa59bfe7e9d6,1c154f7d4e37aa15e037310f6b45ff14a874311a582c673470a238929d8125dd,8d877b4c3b654a235066cdd49bf4c7e04e1b662c0cf44a17b54811ea50677e11,VALIDATED_EVIDENCE_BUNDLE,,,,,,,,,,,,,,,,,,,,,,,,UPDATE_SUBMITTED_ENFORCED,,False,NOT_REQUIRED_AUTOMATED_POLICY,False,,,,,,,,,,,,,C2_INTERNAL,2,,,,,,,,6f8a5214daf0d8d5188f7da84fe0931408bac9ce898d47d09d53366ef6cfe2b8,c068640bad122342de0e81050f313e88a0b5bf947d459a5df25df6b117f89be9,,,2026-08-23T17:18:04.591571+00:00,74497a100d1731fcc8e8ef3e42482df2,,,,,c7f07349244cd6232bef14fff19d393eca1b0f05a3771da54caacbee14d90ebe,f01af209825e8c4e18e34270ca18838e6b162658d4c267fe514dd88d484e1ebd,,,2026-08-22T18:46:18.771524+00:00,eb562985f77fc8a152d2d22d15bfd3f4695b107bdaa4c375fc5dde2be0f10805,active,,,18,ACCEPTED,ALL_BASELINE_CONTROLS,,,,True,True,True,True,True,False,3+n3If0cf/BggpEpXrh6BTmCnKydWMEzsBuGk9wIUyY=,ebe7655f1415315654e87ac8fb5bdab4dfaec64b6a096518f3eb9431a8d739ea,lhIS+WjWdu7nwVo2eeSh1fX8D+pCzpAo3q6D86Frg0w=,d7cb92807170a74c4ad04a8e121e3e27a6b8d58683ae8feb0eaae448b52da559,zqHYT1HNjGU0f6iD6aNYQUuK/M1T3IAEoYOERGqbFMQ=,29ac3bebc7d8bf95fc566b7fd18bb82a91593b8a3a0877f87ec4350551f94d53,,,,,,,,,,,,,,,,,03c2dcbba37d25e38497b43bfaaf66b82619d30cd53604cb631336ed7bdba390,audit_trails/artifacts/accepted_runtime_submissions/T2_DF_KS_TADP_client_000_r18_ebe7655f14153156__03c2dcbba37d25e3.json,,,,,,,,,,,,,5a98d09ffde8a356046e2d2bc9c3fb269377ea97adcf671f4f80fe62cc5e6b2c,aeb235fc59ca830aaaf1305a57f51760036d2daef51a20f3159397d420c42f35,,
316,269a94a1e0b8553d0a0e3621d7b87bdb,9807b00ec9f05c0ed690f948a024469da45a3923628918d48e6175fa51233777,2026-08-22T17:47:57.738388+00:00,TADP-SEC/12.1,CLIENT_CIPHERTEXT_BINDING,T2_DF_KS_TADP,,,,client_000,,,,,,,,,,,,,,,,,,,,,,,,,,,,,,,,,,,,,,,,CIPHERTEXT_BOUND_TO_SIGNED_UPDATE,,,,,,,,,,,,,,,,,C2_INTERNAL,2,,,,,,,,,,,,,74497a100d1731fcc8e8ef3e42482df2,,,,,,,,,,,,,,18,VERIFIED,,,,,True,,,,,False,3+n3If0cf/BggpEpXrh6BTmCnKydWMEzsBuGk9wIUyY=,ebe7655f1415315654e87ac8fb5bdab4dfaec64b6a096518f3eb9431a8d739ea,lhIS+WjWdu7nwVo2eeSh1fX8D+pCzpAo3q6D86Frg0w=,f13cda4a3e466783a530f070eb53f93b3ac3ba7149c492fc9d18daefde31f11c,zqHYT1HNjGU0f6iD6aNYQUuK/M1T3IAEoYOERGqbFMQ=,29ac3bebc7d8bf95fc566b7fd18bb82a91593b8a3a0877f87ec4350551f94d53,T2: real Modified-DF encryption → homomorphic multiplication → matrix-M key switching,reference_python,n=|logq=|scale=|scheme=real_modified_df_ks,df_server_or_authorized_aggregate_key,,,,,,,,,cbf34ae8e27eafce42205af7ed31fd49aa0737c6ff4569dddbef0e5c2fd80ace,,30a63e88befc937c82c4af8d9ba6a206f3ad233f78311a7e5469f0d90acd89be,audit_trails/artifacts/ciphertext_attestations/T2_DF_KS_TADP_client_000_r18_36fe43905f722525__30a63e88befc937c.json,,,,,,,,,,,,,,,aeb235fc59ca830aaaf1305a57f51760036d2daef51a20f3159397d420c42f35,431ba9364df9b4992d27744cd674d0b5b63031a3fcda8ea30f7bd83487b553e1,,
317,6605bbb6879a7a5f0f273aede48077d3,9807b00ec9f05c0ed690f948a024469da45a3923628918d48e6175fa51233777,2026-08-22T17:48:02.458779+00:00,TADP-SEC/12.1,CLIENT_ACCEPTED_SUBMISSION,T2_DF_KS_TADP,,,,client_000,,,,,,,,,,,2.3-phase1-fixed-threshold-critical-floor-review-profile,47dd2e58be138865a6d591a63329509757be6b563afb2badb96beb09eac726e5,a663ab753fcbe1179628a237bb638420356ea261176b970e3553fa59bfe7e9d6,1c154f7d4e37aa15e037310f6b45ff14a874311a582c673470a238929d8125dd,8d877b4c3b654a235066cdd49bf4c7e04e1b662c0cf44a17b54811ea50677e11,VALIDATED_EVIDENCE_BUNDLE,,,,,,,,,,,,,,,,,,,,,,,,UPDATE_SUBMITTED_ENFORCED,,False,NOT_REQUIRED_AUTOMATED_POLICY,False,,,,,,,,,,,,,C2_INTERNAL,2,,,,,,,,6f8a5214daf0d8d5188f7da84fe0931408bac9ce898d47d09d53366ef6cfe2b8,c068640bad122342de0e81050f313e88a0b5bf947d459a5df25df6b117f89be9,,,2026-08-23T17:18:04.591571+00:00,74497a100d1731fcc8e8ef3e42482df2,,,,,c7f07349244cd6232bef14fff19d393eca1b0f05a3771da54caacbee14d90ebe,f01af209825e8c4e18e34270ca18838e6b162658d4c267fe514dd88d484e1ebd,,,2026-08-22T18:46:18.771524+00:00,eb562985f77fc8a152d2d22d15bfd3f4695b107bdaa4c375fc5dde2be0f10805,active,,,19,ACCEPTED,ALL_BASELINE_CONTROLS,,,,True,True,True,True,True,False,XuK30ZLlCr6YIIBMTa8i5JU8KDoagtMCBleQf1yOZp0=,245ce9ff801c8846038217d6c0d3031ee8357f76b8bd130391b12b2b3ac8f818,lhIS+WjWdu7nwVo2eeSh1fX8D+pCzpAo3q6D86Frg0w=,0ebca8fd6528116d5b4864770f7731c6e609c0d77f59e31b0dfc9ab932f41e81,+Cmmu22CEd7SsWernOC4JF8/R21qhxdwF7ouOf2F8OM=,29ac3bebc7d8bf95fc566b7fd18bb82a91593b8a3a0877f87ec4350551f94d53,,,,,,,,,,,,,,,,,4c7f2c2580276ce662e6a7ccc15fda99658f1c928ddc7ecd9e2a76970d03b05f,audit_trails/artifacts/accepted_runtime_submissions/T2_DF_KS_TADP_client_000_r19_245ce9ff801c8846__4c7f2c2580276ce6.json,,,,,,,,,,,,,431ba9364df9b4992d27744cd674d0b5b63031a3fcda8ea30f7bd83487b553e1,6d56a8d0f83a8b4086f0dbd32855a3ac42eab3fa34b1860a71973c733b1f2b26,,
318,524501d8cec4ef26dfda8eb1a8769868,9807b00ec9f05c0ed690f948a024469da45a3923628918d48e6175fa51233777,2026-08-22T17:48:02.808529+00:00,TADP-SEC/12.1,CLIENT_CIPHERTEXT_BINDING,T2_DF_KS_TADP,,,,client_000,,,,,,,,,,,,,,,,,,,,,,,,,,,,,,,,,,,,,,,,CIPHERTEXT_BOUND_TO_SIGNED_UPDATE,,,,,,,,,,,,,,,,,C2_INTERNAL,2,,,,,,,,,,,,,74497a100d1731fcc8e8ef3e42482df2,,,,,,,,,,,,,,19,VERIFIED,,,,,True,,,,,False,XuK30ZLlCr6YIIBMTa8i5JU8KDoagtMCBleQf1yOZp0=,245ce9ff801c8846038217d6c0d3031ee8357f76b8bd130391b12b2b3ac8f818,lhIS+WjWdu7nwVo2eeSh1fX8D+pCzpAo3q6D86Frg0w=,a47d1be3c83b3a2a23625cd3f29313079d001bd0f9d50fc89d27aac90b0d34dd,+Cmmu22CEd7SsWernOC4JF8/R21qhxdwF7ouOf2F8OM=,29ac3bebc7d8bf95fc566b7fd18bb82a91593b8a3a0877f87ec4350551f94d53,T2: real Modified-DF encryption → homomorphic multiplication → matrix-M key switching,reference_python,n=|logq=|scale=|scheme=real_modified_df_ks,df_server_or_authorized_aggregate_key,,,,,,,,,6911d1210a9d79ffd62aa8ddf23fca43c47227b388056a111971386f2de068a8,,2bd44b40024641afe34585ff8a3107e560dfa36d05a8210e11b9f8aa40215884,audit_trails/artifacts/ciphertext_attestations/T2_DF_KS_TADP_client_000_r19_7d8a11888faaf693__2bd44b40024641af.json,,,,,,,,,,,,,,,6d56a8d0f83a8b4086f0dbd32855a3ac42eab3fa34b1860a71973c733b1f2b26,5487a9896100f548c94e283344d36ed6560c25fcf0fc482a198bb366445c8036,,
319,991faab1c19e21491ce9f6af6ec94896,9807b00ec9f05c0ed690f948a024469da45a3923628918d48e6175fa51233777,2026-08-22T17:48:09.018795+00:00,TADP-SEC/12.1,CLIENT_ACCEPTED_SUBMISSION,T2_DF_KS_TADP,,,,client_000,,,,,,,,,,,2.3-phase1-fixed-threshold-critical-floor-review-profile,47dd2e58be138865a6d591a63329509757be6b563afb2badb96beb09eac726e5,a663ab753fcbe1179628a237bb638420356ea261176b970e3553fa59bfe7e9d6,1c154f7d4e37aa15e037310f6b45ff14a874311a582c673470a238929d8125dd,8d877b4c3b654a235066cdd49bf4c7e04e1b662c0cf44a17b54811ea50677e11,VALIDATED_EVIDENCE_BUNDLE,,,,,,,,,,,,,,,,,,,,,,,,UPDATE_SUBMITTED_ENFORCED,,False,NOT_REQUIRED_AUTOMATED_POLICY,False,,,,,,,,,,,,,C2_INTERNAL,2,,,,,,,,6f8a5214daf0d8d5188f7da84fe0931408bac9ce898d47d09d53366ef6cfe2b8,c068640bad122342de0e81050f313e88a0b5bf947d459a5df25df6b117f89be9,,,2026-08-23T17:18:04.591571+00:00,74497a100d1731fcc8e8ef3e42482df2,,,,,c7f07349244cd6232bef14fff19d393eca1b0f05a3771da54caacbee14d90ebe,f01af209825e8c4e18e34270ca18838e6b162658d4c267fe514dd88d484e1ebd,,,2026-08-22T18:46:18.771524+00:00,eb562985f77fc8a152d2d22d15bfd3f4695b107bdaa4c375fc5dde2be0f10805,active,,,20,ACCEPTED,ALL_BASELINE_CONTROLS,,,,True,True,True,True,True,False,Kl2AndWdjXBsCq+ZJwlJ0K7MrOCQKpSZ7tEOFM05+OE=,466d0ebb7ac97e66a0ccc8dbf908e9747337b2be59ab8c37cdff9a2cd6a169fa,lhIS+WjWdu7nwVo2eeSh1fX8D+pCzpAo3q6D86Frg0w=,00d87a43bb6bfc631ae23092fe382542dc30675084e0e9907404a76d6a4cdb72,0Nj55JAZoCTfBYC0aAJ6Y0+gT5URlYNX4lLiFl+bFrQ=,29ac3bebc7d8bf95fc566b7fd18bb82a91593b8a3a0877f87ec4350551f94d53,,,,,,,,,,,,,,,,,37331c5c2c2ce91c5c95282b9e689741ee983be2ac3d1e5aa71a6bea9be53758,audit_trails/artifacts/accepted_runtime_submissions/T2_DF_KS_TADP_client_000_r20_466d0ebb7ac97e66__37331c5c2c2ce91c.json,,,,,,,,,,,,,5487a9896100f548c94e283344d36ed6560c25fcf0fc482a198bb366445c8036,3f7a9b88196128722483b222bdb9b08d60d07ca3bb126470189c61f3eec93262,,
320,867ce64ebe1a2e2f3cee591ac206b889,9807b00ec9f05c0ed690f948a024469da45a3923628918d48e6175fa51233777,2026-08-22T17:48:09.369830+00:00,TADP-SEC/12.1,CLIENT_CIPHERTEXT_BINDING,T2_DF_KS_TADP,,,,client_000,,,,,,,,,,,,,,,,,,,,,,,,,,,,,,,,,,,,,,,,CIPHERTEXT_BOUND_TO_SIGNED_UPDATE,,,,,,,,,,,,,,,,,C2_INTERNAL,2,,,,,,,,,,,,,74497a100d1731fcc8e8ef3e42482df2,,,,,,,,,,,,,,20,VERIFIED,,,,,True,,,,,False,Kl2AndWdjXBsCq+ZJwlJ0K7MrOCQKpSZ7tEOFM05+OE=,466d0ebb7ac97e66a0ccc8dbf908e9747337b2be59ab8c37cdff9a2cd6a169fa,lhIS+WjWdu7nwVo2eeSh1fX8D+pCzpAo3q6D86Frg0w=,ad144fdf474559815d35506282b97bea7830e30ea1367b3c5e339241e7e065bc,0Nj55JAZoCTfBYC0aAJ6Y0+gT5URlYNX4lLiFl+bFrQ=,29ac3bebc7d8bf95fc566b7fd18bb82a91593b8a3a0877f87ec4350551f94d53,T2: real Modified-DF encryption → homomorphic multiplication → matrix-M key switching,reference_python,n=|logq=|scale=|scheme=real_modified_df_ks,df_server_or_authorized_aggregate_key,,,,,,,,,5148d043b61375621bd213dd67782147fe27111ac04c7b6651436a03c990a775,,a377c208a1fbe1deb7ba6473a7440a68fdd0aca1a109b6c373e92c9d7d9b4e60,audit_trails/artifacts/ciphertext_attestations/T2_DF_KS_TADP_client_000_r20_cd5b37436368a137__a377c208a1fbe1de.json,,,,,,,,,,,,,,,3f7a9b88196128722483b222bdb9b08d60d07ca3bb126470189c61f3eec93262,1b7bb1dedff2d471a2e57369c8f5e331af1ea842bf63cb50824a5addf85644f0,,dwsOlAUkhUgTLsAZ6vccr8VWcNecHY2tML+GdIiG/0fVoq+i+UCLYo5PNL2BQvSlGADZdz2ktVFHA2ynwF2wssOXDU3eWU/hGvNdigHhWovXBJQexl1udlK8jsj9fphBbniiaHhUvqfKK2Ag3fjgQcLefo09Um+mPHwMdRzy2A7K5EOmgJDxV2/Z/4Y81Keq1QTvM+vK641hnogSCj9upqKeIlNt7m8YeaX6pRkAkrv/GA9Fg1QUgp18pwPY160c9fayfUWNLLelVL3OzBXKI72POQux+GIWxbjD3ZYi7tq2KoStpe5t7yDi4jeKP2+DkQDiblJ81pgmFd/M1EE9MkEFtJgfgdv36FoWzuDS04wOkj3DgF84iU5uAv5OB606VPTXR/mtbrOl7JlMEUi7EYrSojssRZckPyCGlOt1dsksnafNiP7L1xvkiie+EHdJtsVCCG3BZNieP/VM9yYSD4Wb7eTNQvSQA5zTInolc86Dj/bo+2xkG9bPgq6AkMaN
321,fad659cb2c8bc6f6f0b6a9c448adb1a7,9807b00ec9f05c0ed690f948a024469da45a3923628918d48e6175fa51233777,2026-08-22T17:48:14.217741+00:00,TADP-SEC/12.1,CLIENT_ACCEPTED_SUBMISSION,T2_DF_KS_TADP,,,,client_000,,,,,,,,,,,2.3-phase1-fixed-threshold-critical-floor-review-profile,47dd2e58be138865a6d591a63329509757be6b563afb2badb96beb09eac726e5,a663ab753fcbe1179628a237bb638420356ea261176b970e3553fa59bfe7e9d6,1c154f7d4e37aa15e037310f6b45ff14a874311a582c673470a238929d8125dd,8d877b4c3b654a235066cdd49bf4c7e04e1b662c0cf44a17b54811ea50677e11,VALIDATED_EVIDENCE_BUNDLE,,,,,,,,,,,,,,,,,,,,,,,,UPDATE_SUBMITTED_ENFORCED,,False,NOT_REQUIRED_AUTOMATED_POLICY,False,,,,,,,,,,,,,C2_INTERNAL,2,,,,,,,,6f8a5214daf0d8d5188f7da84fe0931408bac9ce898d47d09d53366ef6cfe2b8,c068640bad122342de0e81050f313e88a0b5bf947d459a5df25df6b117f89be9,,,2026-08-23T17:18:04.591571+00:00,dd0fddfbc7a6df4febf685f680963423,,,,,c0d16c8fe93f1157d9f8deafc4808d94ee4152ca4815d55160da85756c4dd252,21f33f34572c1e7e4167b7ba5f1cfb05872d5dc23a019aafdc03c6dc468acb0c,,,2026-08-22T18:48:14.159954+00:00,eb562985f77fc8a152d2d22d15bfd3f4695b107bdaa4c375fc5dde2be0f10805,active,,,1,ACCEPTED,ALL_BASELINE_CONTROLS,,,,True,True,True,True,True,False,Kd2f4fKYCyDG5yA/zbmojbYYnmPMQbXBjxKxKA4/wMc=,d60d80dee8e1a98deb5e02484dcc8337192ce9ae1934115a5f047a672a1795f9,lhIS+WjWdu7nwVo2eeSh1fX8D+pCzpAo3q6D86Frg0w=,60b83877aa55b3a3e6375754381ff736da59faa32cee8d07cce58e7dd6163d8f,/H8yDF0d1eyZeMq30kXyeKUgT/fz6t8F6qYuf6Ti1zA=,29ac3bebc7d8bf95fc566b7fd18bb82a91593b8a3a0877f87ec4350551f94d53,,,,,,,,,,,,,,,,,c6e50638618c66dca09e7cd880b434bbcfed141765d7e818decae1eae540b37f,audit_trails/artifacts/accepted_runtime_submissions/T2_DF_KS_TADP_client_000_r1_d60d80dee8e1a98d__c6e50638618c66dc.json,,,,,,,,,,,,,1b7bb1dedff2d471a2e57369c8f5e331af1ea842bf63cb50824a5addf85644f0,1aa90eff569d350959741877061819d249d03f3ff81f6cbe9ddcceb0cd121d3c,,
322,497b1cf5ea3d15ccdc75236def80649e,9807b00ec9f05c0ed690f948a024469da45a3923628918d48e6175fa51233777,2026-08-22T17:48:14.584262+00:00,TADP-SEC/12.1,CLIENT_CIPHERTEXT_BINDING,T2_DF_KS_TADP,,,,client_000,,,,,,,,,,,,,,,,,,,,,,,,,,,,,,,,,,,,,,,,CIPHERTEXT_BOUND_TO_SIGNED_UPDATE,,,,,,,,,,,,,,,,,C2_INTERNAL,2,,,,,,,,,,,,,dd0fddfbc7a6df4febf685f680963423,,,,,,,,,,,,,,1,VERIFIED,,,,,True,,,,,False,Kd2f4fKYCyDG5yA/zbmojbYYnmPMQbXBjxKxKA4/wMc=,d60d80dee8e1a98deb5e02484dcc8337192ce9ae1934115a5f047a672a1795f9,lhIS+WjWdu7nwVo2eeSh1fX8D+pCzpAo3q6D86Frg0w=,c1b0afef49c6c946a1c6a13cf327b8cd8f194541263b62206fd31798ac92ce43,/H8yDF0d1eyZeMq30kXyeKUgT/fz6t8F6qYuf6Ti1zA=,29ac3bebc7d8bf95fc566b7fd18bb82a91593b8a3a0877f87ec4350551f94d53,T2: real Modified-DF encryption → homomorphic multiplication → matrix-M key switching,reference_python,n=|logq=|scale=|scheme=real_modified_df_ks,df_server_or_authorized_aggregate_key,,,,,,,,,2a04e9a8feb1c764d097bc3e10496528a74be28f5c36c240391bd31966bd9e58,,1058bc751c77381f480b01a854834c3e9371536e2374a7c56c7cc920a7d65776,audit_trails/artifacts/ciphertext_attestations/T2_DF_KS_TADP_client_000_r1_3c470715ee070493__1058bc751c77381f.json,,,,,,,,,,,,,,,1aa90eff569d350959741877061819d249d03f3ff81f6cbe9ddcceb0cd121d3c,d364ef32a9bd47a4626b2ee75be7f01879e944289d29ac4424c868e4d6ebdf9b,,
323,ffd3f41d2a1d466696656b11e450560a,9807b00ec9f05c0ed690f948a024469da45a3923628918d48e6175fa51233777,2026-08-22T17:48:20.856081+00:00,TADP-SEC/12.1,CLIENT_ACCEPTED_SUBMISSION,T2_DF_KS_TADP,,,,client_000,,,,,,,,,,,2.3-phase1-fixed-threshold-critical-floor-review-profile,47dd2e58be138865a6d591a63329509757be6b563afb2badb96beb09eac726e5,a663ab753fcbe1179628a237bb638420356ea261176b970e3553fa59bfe7e9d6,1c154f7d4e37aa15e037310f6b45ff14a874311a582c673470a238929d8125dd,8d877b4c3b654a235066cdd49bf4c7e04e1b662c0cf44a17b54811ea50677e11,VALIDATED_EVIDENCE_BUNDLE,,,,,,,,,,,,,,,,,,,,,,,,UPDATE_SUBMITTED_ENFORCED,,False,NOT_REQUIRED_AUTOMATED_POLICY,False,,,,,,,,,,,,,C2_INTERNAL,2,,,,,,,,6f8a5214daf0d8d5188f7da84fe0931408bac9ce898d47d09d53366ef6cfe2b8,c068640bad122342de0e81050f313e88a0b5bf947d459a5df25df6b117f89be9,,,2026-08-23T17:18:04.591571+00:00,dd0fddfbc7a6df4febf685f680963423,,,,,c0d16c8fe93f1157d9f8deafc4808d94ee4152ca4815d55160da85756c4dd252,21f33f34572c1e7e4167b7ba5f1cfb05872d5dc23a019aafdc03c6dc468acb0c,,,2026-08-22T18:48:14.159954+00:00,eb562985f77fc8a152d2d22d15bfd3f4695b107bdaa4c375fc5dde2be0f10805,active,,,2,ACCEPTED,ALL_BASELINE_CONTROLS,,,,True,True,True,True,True,False,Fdtx0GZyy3Vgy5N7KxNKTpn/dsMDsd4CCrbFL1bqNFQ=,8d49c139a518fe8eabfca23d792e90bb37c5cbcb48eae5053d85e20b89d9f518,lhIS+WjWdu7nwVo2eeSh1fX8D+pCzpAo3q6D86Frg0w=,7acdc8bfa5c3645b84d054c87631aebb0dcd4831492e7885da1dea526690e3a8,gUQsgHa7vtM+egS+c58nkyFMidb9ZJb5W/AnrkF3IQY=,29ac3bebc7d8bf95fc566b7fd18bb82a91593b8a3a0877f87ec4350551f94d53,,,,,,,,,,,,,,,,,078e3f06d8a4c29e25f51c800344eef469394fec3a89bbf8abc9e05693cc1dfa,audit_trails/artifacts/accepted_runtime_submissions/T2_DF_KS_TADP_client_000_r2_8d49c139a518fe8e__078e3f06d8a4c29e.json,,,,,,,,,,,,,d364ef32a9bd47a4626b2ee75be7f01879e944289d29ac4424c868e4d6ebdf9b,90abc7027b38b4debd3f87a10152940c6e51e6cab7eb65be0286af8266a9a9c4,,
324,f5da94d203fc6b3def6201af82b58bb5,9807b00ec9f05c0ed690f948a024469da45a3923628918d48e6175fa51233777,2026-08-22T17:48:21.223021+00:00,TADP-SEC/12.1,CLIENT_CIPHERTEXT_BINDING,T2_DF_KS_TADP,,,,client_000,,,,,,,,,,,,,,,,,,,,,,,,,,,,,,,,,,,,,,,,CIPHERTEXT_BOUND_TO_SIGNED_UPDATE,,,,,,,,,,,,,,,,,C2_INTERNAL,2,,,,,,,,,,,,,dd0fddfbc7a6df4febf685f680963423,,,,,,,,,,,,,,2,VERIFIED,,,,,True,,,,,False,Fdtx0GZyy3Vgy5N7KxNKTpn/dsMDsd4CCrbFL1bqNFQ=,8d49c139a518fe8eabfca23d792e90bb37c5cbcb48eae5053d85e20b89d9f518,lhIS+WjWdu7nwVo2eeSh1fX8D+pCzpAo3q6D86Frg0w=,f497d8d7aeb5a3a2fa28e83bec2e2c15703296870756366303ff2b3e15957f58,gUQsgHa7vtM+egS+c58nkyFMidb9ZJb5W/AnrkF3IQY=,29ac3bebc7d8bf95fc566b7fd18bb82a91593b8a3a0877f87ec4350551f94d53,T2: real Modified-DF encryption → homomorphic multiplication → matrix-M key switching,reference_python,n=|logq=|scale=|scheme=real_modified_df_ks,df_server_or_authorized_aggregate_key,,,,,,,,,a98313acb29dc7795a1ff7430f14611d1f0c065aede9975c6ad0d8f4a140f2f2,,16c57483c7257016b19c78234213fac7c2507246b61d7775da1215af85addba5,audit_trails/artifacts/ciphertext_attestations/T2_DF_KS_TADP_client_000_r2_855bbcbb1c385064__16c57483c7257016.json,,,,,,,,,,,,,,,90abc7027b38b4debd3f87a10152940c6e51e6cab7eb65be0286af8266a9a9c4,dc14edab8cb4c88cecb9f59d9bc17d11a84773cec9b4287c08ff8dc5d144604f,,
325,cfc7c7db3acf4f50d4249280a76f00dd,9807b00ec9f05c0ed690f948a024469da45a3923628918d48e6175fa51233777,2026-08-22T17:48:25.918317+00:00,TADP-SEC/12.1,CLIENT_ACCEPTED_SUBMISSION,T2_DF_KS_TADP,,,,client_000,,,,,,,,,,,2.3-phase1-fixed-threshold-critical-floor-review-profile,47dd2e58be138865a6d591a63329509757be6b563afb2badb96beb09eac726e5,a663ab753fcbe1179628a237bb638420356ea261176b970e3553fa59bfe7e9d6,1c154f7d4e37aa15e037310f6b45ff14a874311a582c673470a238929d8125dd,8d877b4c3b654a235066cdd49bf4c7e04e1b662c0cf44a17b54811ea50677e11,VALIDATED_EVIDENCE_BUNDLE,,,,,,,,,,,,,,,,,,,,,,,,UPDATE_SUBMITTED_ENFORCED,,False,NOT_REQUIRED_AUTOMATED_POLICY,False,,,,,,,,,,,,,C2_INTERNAL,2,,,,,,,,6f8a5214daf0d8d5188f7da84fe0931408bac9ce898d47d09d53366ef6cfe2b8,c068640bad122342de0e81050f313e88a0b5bf947d459a5df25df6b117f89be9,,,2026-08-23T17:18:04.591571+00:00,dd0fddfbc7a6df4febf685f680963423,,,,,c0d16c8fe93f1157d9f8deafc4808d94ee4152ca4815d55160da85756c4dd252,21f33f34572c1e7e4167b7ba5f1cfb05872d5dc23a019aafdc03c6dc468acb0c,,,2026-08-22T18:48:14.159954+00:00,eb562985f77fc8a152d2d22d15bfd3f4695b107bdaa4c375fc5dde2be0f10805,active,,,3,ACCEPTED,ALL_BASELINE_CONTROLS,,,,True,True,True,True,True,False,Gc/0aHZTuRndmHnxqmiIRZDrMNePGNnt/+bUe/C+SSc=,26f0a8c7cae22a22b1746b878f31d4dddc24d56cf8997d01b08f1fcbf6d8f5f2,lhIS+WjWdu7nwVo2eeSh1fX8D+pCzpAo3q6D86Frg0w=,f1e5c3f6e39c0e55dab6dbf6a5e8b149ccf2c7724824cdebbe6b85e0a2db5ae6,rRIuVdKBbaT6WLxNG6Nb9ubUnVZWECnd8NCQLTXPs/4=,29ac3bebc7d8bf95fc566b7fd18bb82a91593b8a3a0877f87ec4350551f94d53,,,,,,,,,,,,,,,,,63d55db5423cea3df3f82c066a2a1dadc5e3f8807f535f5f7e46cd6f523e40f6,audit_trails/artifacts/accepted_runtime_submissions/T2_DF_KS_TADP_client_000_r3_26f0a8c7cae22a22__63d55db5423cea3d.json,,,,,,,,,,,,,dc14edab8cb4c88cecb9f59d9bc17d11a84773cec9b4287c08ff8dc5d144604f,298dfb48fdab5809cc685f78fb7490135ecdbd795748a1ad880d54a7783a7fba,,
326,9f0a00cb3961372d025c0ff11e1e494e,9807b00ec9f05c0ed690f948a024469da45a3923628918d48e6175fa51233777,2026-08-22T17:48:26.280853+00:00,TADP-SEC/12.1,CLIENT_CIPHERTEXT_BINDING,T2_DF_KS_TADP,,,,client_000,,,,,,,,,,,,,,,,,,,,,,,,,,,,,,,,,,,,,,,,CIPHERTEXT_BOUND_TO_SIGNED_UPDATE,,,,,,,,,,,,,,,,,C2_INTERNAL,2,,,,,,,,,,,,,dd0fddfbc7a6df4febf685f680963423,,,,,,,,,,,,,,3,VERIFIED,,,,,True,,,,,False,Gc/0aHZTuRndmHnxqmiIRZDrMNePGNnt/+bUe/C+SSc=,26f0a8c7cae22a22b1746b878f31d4dddc24d56cf8997d01b08f1fcbf6d8f5f2,lhIS+WjWdu7nwVo2eeSh1fX8D+pCzpAo3q6D86Frg0w=,5227c4f791ca38a6bc6261ad981af6aa4ed87da691cf5caef7afb056eb501e7c,rRIuVdKBbaT6WLxNG6Nb9ubUnVZWECnd8NCQLTXPs/4=,29ac3bebc7d8bf95fc566b7fd18bb82a91593b8a3a0877f87ec4350551f94d53,T2: real Modified-DF encryption → homomorphic multiplication → matrix-M key switching,reference_python,n=|logq=|scale=|scheme=real_modified_df_ks,df_server_or_authorized_aggregate_key,,,,,,,,,aa9ea4eedf343485b5ac5b508e7c04749ea35fda56c1ae7a0c956276790792c9,,2260ba914badf39a69143bfec00ba6884b094a1ed40fb6248a44846f9e179292,audit_trails/artifacts/ciphertext_attestations/T2_DF_KS_TADP_client_000_r3_0aff24b81f2f7d49__2260ba914badf39a.json,,,,,,,,,,,,,,,298dfb48fdab5809cc685f78fb7490135ecdbd795748a1ad880d54a7783a7fba,db9a787727fd444454715f6840c6db4513a08ff86470493133c2f4a6f830e628,,
327,6b9663a9ecd4de5880c60f90efa84c6b,9807b00ec9f05c0ed690f948a024469da45a3923628918d48e6175fa51233777,2026-08-22T17:48:31.671641+00:00,TADP-SEC/12.1,CLIENT_ACCEPTED_SUBMISSION,T2_DF_KS_TADP,,,,client_000,,,,,,,,,,,2.3-phase1-fixed-threshold-critical-floor-review-profile,47dd2e58be138865a6d591a63329509757be6b563afb2badb96beb09eac726e5,a663ab753fcbe1179628a237bb638420356ea261176b970e3553fa59bfe7e9d6,1c154f7d4e37aa15e037310f6b45ff14a874311a582c673470a238929d8125dd,8d877b4c3b654a235066cdd49bf4c7e04e1b662c0cf44a17b54811ea50677e11,VALIDATED_EVIDENCE_BUNDLE,,,,,,,,,,,,,,,,,,,,,,,,UPDATE_SUBMITTED_ENFORCED,,False,NOT_REQUIRED_AUTOMATED_POLICY,False,,,,,,,,,,,,,C2_INTERNAL,2,,,,,,,,6f8a5214daf0d8d5188f7da84fe0931408bac9ce898d47d09d53366ef6cfe2b8,c068640bad122342de0e81050f313e88a0b5bf947d459a5df25df6b117f89be9,,,2026-08-23T17:18:04.591571+00:00,dd0fddfbc7a6df4febf685f680963423,,,,,c0d16c8fe93f1157d9f8deafc4808d94ee4152ca4815d55160da85756c4dd252,21f33f34572c1e7e4167b7ba5f1cfb05872d5dc23a019aafdc03c6dc468acb0c,,,2026-08-22T18:48:14.159954+00:00,eb562985f77fc8a152d2d22d15bfd3f4695b107bdaa4c375fc5dde2be0f10805,active,,,4,ACCEPTED,ALL_BASELINE_CONTROLS,,,,True,True,True,True,True,False,fIszGYTRYOhm6nn44rK+85u5JBm0C7Fgygxi/h957p8=,d9f01ac9f55087fece2152b35716363714d8b0052f2ac0d78d95cd7eac913c52,lhIS+WjWdu7nwVo2eeSh1fX8D+pCzpAo3q6D86Frg0w=,e4bca10964a880c47585908595a8f70db1ae7275c2c02987bc8db756040b6eaa,+AOdGmyJoV133Ap5zS54TbTXthSdCmNHBs5ZG+Qk01c=,29ac3bebc7d8bf95fc566b7fd18bb82a91593b8a3a0877f87ec4350551f94d53,,,,,,,,,,,,,,,,,d8042e2270fb2ebda090fa439cbcee639caae25c3120edf0d98a8a36b55f180e,audit_trails/artifacts/accepted_runtime_submissions/T2_DF_KS_TADP_client_000_r4_d9f01ac9f55087fe__d8042e2270fb2ebd.json,,,,,,,,,,,,,db9a787727fd444454715f6840c6db4513a08ff86470493133c2f4a6f830e628,efd22928ce49547ed77942449dbed39d2e0f24eae5876fd1f62a0e1cabc2efd5,,
328,082c70aca1d0e189801a4ac248c7a928,9807b00ec9f05c0ed690f948a024469da45a3923628918d48e6175fa51233777,2026-08-22T17:48:32.293019+00:00,TADP-SEC/12.1,CLIENT_CIPHERTEXT_BINDING,T2_DF_KS_TADP,,,,client_000,,,,,,,,,,,,,,,,,,,,,,,,,,,,,,,,,,,,,,,,CIPHERTEXT_BOUND_TO_SIGNED_UPDATE,,,,,,,,,,,,,,,,,C2_INTERNAL,2,,,,,,,,,,,,,dd0fddfbc7a6df4febf685f680963423,,,,,,,,,,,,,,4,VERIFIED,,,,,True,,,,,False,fIszGYTRYOhm6nn44rK+85u5JBm0C7Fgygxi/h957p8=,d9f01ac9f55087fece2152b35716363714d8b0052f2ac0d78d95cd7eac913c52,lhIS+WjWdu7nwVo2eeSh1fX8D+pCzpAo3q6D86Frg0w=,3608d7bbd6365e80529d10281bf7f60ae2e76ba5732dd56fc86404112e7c53cb,+AOdGmyJoV133Ap5zS54TbTXthSdCmNHBs5ZG+Qk01c=,29ac3bebc7d8bf95fc566b7fd18bb82a91593b8a3a0877f87ec4350551f94d53,T2: real Modified-DF encryption → homomorphic multiplication → matrix-M key switching,reference_python,n=|logq=|scale=|scheme=real_modified_df_ks,df_server_or_authorized_aggregate_key,,,,,,,,,3afd9adfa55f3074f20ec37b92e271c156892c03fc69fe55784b77d765117f2a,,1c32dcb166ef9ea2eff8e1288492853084b9def2c1ff9b3cccf52af5594db96c,audit_trails/artifacts/ciphertext_attestations/T2_DF_KS_TADP_client_000_r4_50719a91806482b8__1c32dcb166ef9ea2.json,,,,,,,,,,,,,,,efd22928ce49547ed77942449dbed39d2e0f24eae5876fd1f62a0e1cabc2efd5,bc7b1caa6f08a592149db0bfbe1291d88ad1577ec6aa71be955af4345d909a1f,,
329,d642de6c3548ce16f52c8f11cd7f7313,9807b00ec9f05c0ed690f948a024469da45a3923628918d48e6175fa51233777,2026-08-22T17:48:37.587822+00:00,TADP-SEC/12.1,CLIENT_ACCEPTED_SUBMISSION,T2_DF_KS_TADP,,,,client_000,,,,,,,,,,,2.3-phase1-fixed-threshold-critical-floor-review-profile,47dd2e58be138865a6d591a63329509757be6b563afb2badb96beb09eac726e5,a663ab753fcbe1179628a237bb638420356ea261176b970e3553fa59bfe7e9d6,1c154f7d4e37aa15e037310f6b45ff14a874311a582c673470a238929d8125dd,8d877b4c3b654a235066cdd49bf4c7e04e1b662c0cf44a17b54811ea50677e11,VALIDATED_EVIDENCE_BUNDLE,,,,,,,,,,,,,,,,,,,,,,,,UPDATE_SUBMITTED_ENFORCED,,False,NOT_REQUIRED_AUTOMATED_POLICY,False,,,,,,,,,,,,,C2_INTERNAL,2,,,,,,,,6f8a5214daf0d8d5188f7da84fe0931408bac9ce898d47d09d53366ef6cfe2b8,c068640bad122342de0e81050f313e88a0b5bf947d459a5df25df6b117f89be9,,,2026-08-23T17:18:04.591571+00:00,dd0fddfbc7a6df4febf685f680963423,,,,,c0d16c8fe93f1157d9f8deafc4808d94ee4152ca4815d55160da85756c4dd252,21f33f34572c1e7e4167b7ba5f1cfb05872d5dc23a019aafdc03c6dc468acb0c,,,2026-08-22T18:48:14.159954+00:00,eb562985f77fc8a152d2d22d15bfd3f4695b107bdaa4c375fc5dde2be0f10805,active,,,5,ACCEPTED,ALL_BASELINE_CONTROLS,,,,True,True,True,True,True,False,tRanfwkKyiCuKHk0Lj3VYNS+rivXEaSAZTp6JEvYdlk=,3c7b4d58154aafbf685df369b48585264324cf1fe5ee1b372cf44a797614bf3c,lhIS+WjWdu7nwVo2eeSh1fX8D+pCzpAo3q6D86Frg0w=,4229fa7bcb4676f2e5875ce2cf672f20ea5145bf2aa5cc89a4e6cbe351e6a1cf,yz/8kQCKxp86LomMPNygB7yNOosowOR8YS2lCrrnSGM=,29ac3bebc7d8bf95fc566b7fd18bb82a91593b8a3a0877f87ec4350551f94d53,,,,,,,,,,,,,,,,,384b4d560a6fe72ca636b8f4284cb3b043ed201f9d7a0a35535dd2b504d6a0f3,audit_trails/artifacts/accepted_runtime_submissions/T2_DF_KS_TADP_client_000_r5_3c7b4d58154aafbf__384b4d560a6fe72c.json,,,,,,,,,,,,,bc7b1caa6f08a592149db0bfbe1291d88ad1577ec6aa71be955af4345d909a1f,ea66225a8d40debc8ee241eec7d478f2978f8f948db9ba3fdf093b31a6851eeb,,
330,eeaa95aaac695ab86545418803ab0b9f,9807b00ec9f05c0ed690f948a024469da45a3923628918d48e6175fa51233777,2026-08-22T17:48:37.960506+00:00,TADP-SEC/12.1,CLIENT_CIPHERTEXT_BINDING,T2_DF_KS_TADP,,,,client_000,,,,,,,,,,,,,,,,,,,,,,,,,,,,,,,,,,,,,,,,CIPHERTEXT_BOUND_TO_SIGNED_UPDATE,,,,,,,,,,,,,,,,,C2_INTERNAL,2,,,,,,,,,,,,,dd0fddfbc7a6df4febf685f680963423,,,,,,,,,,,,,,5,VERIFIED,,,,,True,,,,,False,tRanfwkKyiCuKHk0Lj3VYNS+rivXEaSAZTp6JEvYdlk=,3c7b4d58154aafbf685df369b48585264324cf1fe5ee1b372cf44a797614bf3c,lhIS+WjWdu7nwVo2eeSh1fX8D+pCzpAo3q6D86Frg0w=,d7c850dc3d883c8d214c32b843640ca52362a7676ba18053a938c8a098a94fae,yz/8kQCKxp86LomMPNygB7yNOosowOR8YS2lCrrnSGM=,29ac3bebc7d8bf95fc566b7fd18bb82a91593b8a3a0877f87ec4350551f94d53,T2: real Modified-DF encryption → homomorphic multiplication → matrix-M key switching,reference_python,n=|logq=|scale=|scheme=real_modified_df_ks,df_server_or_authorized_aggregate_key,,,,,,,,,8a1bfb4e7a62ef00259cb3b48b5170c434ec724dd436789eea522e54f31f775e,,ef46178db062ed670b026db3e0086f4f6d449ccf5b7e5ff7f9fd8f6ff2c255d9,audit_trails/artifacts/ciphertext_attestations/T2_DF_KS_TADP_client_000_r5_54a78103e6e22a22__ef46178db062ed67.json,,,,,,,,,,,,,,,ea66225a8d40debc8ee241eec7d478f2978f8f948db9ba3fdf093b31a6851eeb,4cd6f337cc692e695ccd353d79036357b04d949b0dc98809bc1a8d478ae9c467,,
331,de516c95ec7ff2d797a8d0ad47ee02d0,9807b00ec9f05c0ed690f948a024469da45a3923628918d48e6175fa51233777,2026-08-22T17:48:42.700929+00:00,TADP-SEC/12.1,CLIENT_ACCEPTED_SUBMISSION,T2_DF_KS_TADP,,,,client_000,,,,,,,,,,,2.3-phase1-fixed-threshold-critical-floor-review-profile,47dd2e58be138865a6d591a63329509757be6b563afb2badb96beb09eac726e5,a663ab753fcbe1179628a237bb638420356ea261176b970e3553fa59bfe7e9d6,1c154f7d4e37aa15e037310f6b45ff14a874311a582c673470a238929d8125dd,8d877b4c3b654a235066cdd49bf4c7e04e1b662c0cf44a17b54811ea50677e11,VALIDATED_EVIDENCE_BUNDLE,,,,,,,,,,,,,,,,,,,,,,,,UPDATE_SUBMITTED_ENFORCED,,False,NOT_REQUIRED_AUTOMATED_POLICY,False,,,,,,,,,,,,,C2_INTERNAL,2,,,,,,,,6f8a5214daf0d8d5188f7da84fe0931408bac9ce898d47d09d53366ef6cfe2b8,c068640bad122342de0e81050f313e88a0b5bf947d459a5df25df6b117f89be9,,,2026-08-23T17:18:04.591571+00:00,dd0fddfbc7a6df4febf685f680963423,,,,,c0d16c8fe93f1157d9f8deafc4808d94ee4152ca4815d55160da85756c4dd252,21f33f34572c1e7e4167b7ba5f1cfb05872d5dc23a019aafdc03c6dc468acb0c,,,2026-08-22T18:48:14.159954+00:00,eb562985f77fc8a152d2d22d15bfd3f4695b107bdaa4c375fc5dde2be0f10805,active,,,6,ACCEPTED,ALL_BASELINE_CONTROLS,,,,True,True,True,True,True,False,d9do9O6D7CxkPP1u6YK8b4nJmp+W9y+frnPC1FmB0JY=,c68772f8cd2d2422a0d9a0ea44da54e279530e3183ef7c71832cf166c31a3d6a,lhIS+WjWdu7nwVo2eeSh1fX8D+pCzpAo3q6D86Frg0w=,727054ae0733072797d38b0d2522c72a9d53a1e29f712f80bef9847bea30a9a4,3tzqbsDVqkEnKQyAgK85Z0kKRDj971POD44yE18k9PI=,29ac3bebc7d8bf95fc566b7fd18bb82a91593b8a3a0877f87ec4350551f94d53,,,,,,,,,,,,,,,,,7c037839265155fe239c34fe17f96de15d5b0a8733486363fbe03b0b53782163,audit_trails/artifacts/accepted_runtime_submissions/T2_DF_KS_TADP_client_000_r6_c68772f8cd2d2422__7c037839265155fe.json,,,,,,,,,,,,,4cd6f337cc692e695ccd353d79036357b04d949b0dc98809bc1a8d478ae9c467,0bc36a04ca7345a52559ebb236018830e73f4186dd59ce95c87344466e78cd02,,
332,9e8cf04b06e165045bfb192339a9aa01,9807b00ec9f05c0ed690f948a024469da45a3923628918d48e6175fa51233777,2026-08-22T17:48:43.065924+00:00,TADP-SEC/12.1,CLIENT_CIPHERTEXT_BINDING,T2_DF_KS_TADP,,,,client_000,,,,,,,,,,,,,,,,,,,,,,,,,,,,,,,,,,,,,,,,CIPHERTEXT_BOUND_TO_SIGNED_UPDATE,,,,,,,,,,,,,,,,,C2_INTERNAL,2,,,,,,,,,,,,,dd0fddfbc7a6df4febf685f680963423,,,,,,,,,,,,,,6,VERIFIED,,,,,True,,,,,False,d9do9O6D7CxkPP1u6YK8b4nJmp+W9y+frnPC1FmB0JY=,c68772f8cd2d2422a0d9a0ea44da54e279530e3183ef7c71832cf166c31a3d6a,lhIS+WjWdu7nwVo2eeSh1fX8D+pCzpAo3q6D86Frg0w=,dbbfaf299fb6e9a4318103bf8fc6d97712ded49311481107ac518b107bf0f87d,3tzqbsDVqkEnKQyAgK85Z0kKRDj971POD44yE18k9PI=,29ac3bebc7d8bf95fc566b7fd18bb82a91593b8a3a0877f87ec4350551f94d53,T2: real Modified-DF encryption → homomorphic multiplication → matrix-M key switching,reference_python,n=|logq=|scale=|scheme=real_modified_df_ks,df_server_or_authorized_aggregate_key,,,,,,,,,c2fcd943448a0b96eac1723f2e805e0d985890499b3ee62d0e2c74e2e4415b83,,d78e4829d8be4d6680e22c7e43d7c13f726bb31e052cdd52aa5fe5918e568948,audit_trails/artifacts/ciphertext_attestations/T2_DF_KS_TADP_client_000_r6_dbbac16d584dd03c__d78e4829d8be4d66.json,,,,,,,,,,,,,,,0bc36a04ca7345a52559ebb236018830e73f4186dd59ce95c87344466e78cd02,737f17835cd584df5e041afbfd07b739bd46d0d39d733ae1ff40f8f766c19eb0,,
333,8ab114f9592c2e80a835fe7a37769192,9807b00ec9f05c0ed690f948a024469da45a3923628918d48e6175fa51233777,2026-08-22T17:48:49.259635+00:00,TADP-SEC/12.1,CLIENT_ACCEPTED_SUBMISSION,T2_DF_KS_TADP,,,,client_000,,,,,,,,,,,2.3-phase1-fixed-threshold-critical-floor-review-profile,47dd2e58be138865a6d591a63329509757be6b563afb2badb96beb09eac726e5,a663ab753fcbe1179628a237bb638420356ea261176b970e3553fa59bfe7e9d6,1c154f7d4e37aa15e037310f6b45ff14a874311a582c673470a238929d8125dd,8d877b4c3b654a235066cdd49bf4c7e04e1b662c0cf44a17b54811ea50677e11,VALIDATED_EVIDENCE_BUNDLE,,,,,,,,,,,,,,,,,,,,,,,,UPDATE_SUBMITTED_ENFORCED,,False,NOT_REQUIRED_AUTOMATED_POLICY,False,,,,,,,,,,,,,C2_INTERNAL,2,,,,,,,,6f8a5214daf0d8d5188f7da84fe0931408bac9ce898d47d09d53366ef6cfe2b8,c068640bad122342de0e81050f313e88a0b5bf947d459a5df25df6b117f89be9,,,2026-08-23T17:18:04.591571+00:00,dd0fddfbc7a6df4febf685f680963423,,,,,c0d16c8fe93f1157d9f8deafc4808d94ee4152ca4815d55160da85756c4dd252,21f33f34572c1e7e4167b7ba5f1cfb05872d5dc23a019aafdc03c6dc468acb0c,,,2026-08-22T18:48:14.159954+00:00,eb562985f77fc8a152d2d22d15bfd3f4695b107bdaa4c375fc5dde2be0f10805,active,,,7,ACCEPTED,ALL_BASELINE_CONTROLS,,,,True,True,True,True,True,False,vptHps5aBIKXCOd2HPvxJ1vNujIbrkpfH3MOlYrRT7o=,77006ee5e7206745cd992fc4e47d5045f1ff6f52abd35995b63542c71a03bc97,lhIS+WjWdu7nwVo2eeSh1fX8D+pCzpAo3q6D86Frg0w=,c7baf371e6bea30735c3d4ef02ca75ebaa14359bb9a7c24b94301708f2bdbd3a,b7wO9nAlMZN7Uqz1jxIUk7tSbw+IpdHlZ3aNVUm3D7I=,29ac3bebc7d8bf95fc566b7fd18bb82a91593b8a3a0877f87ec4350551f94d53,,,,,,,,,,,,,,,,,ed165602251ed059765f6f15449adbfa95104390f39b7c521085fc2d765c05eb,audit_trails/artifacts/accepted_runtime_submissions/T2_DF_KS_TADP_client_000_r7_77006ee5e7206745__ed165602251ed059.json,,,,,,,,,,,,,737f17835cd584df5e041afbfd07b739bd46d0d39d733ae1ff40f8f766c19eb0,cafbb9589dfa5e6c7affd38baec25f2bce2c2ca9a7748fd4220aee5d5e9b9137,,
334,8e416a0becb1d7cbe4b8e1d42df6a757,9807b00ec9f05c0ed690f948a024469da45a3923628918d48e6175fa51233777,2026-08-22T17:48:49.633274+00:00,TADP-SEC/12.1,CLIENT_CIPHERTEXT_BINDING,T2_DF_KS_TADP,,,,client_000,,,,,,,,,,,,,,,,,,,,,,,,,,,,,,,,,,,,,,,,CIPHERTEXT_BOUND_TO_SIGNED_UPDATE,,,,,,,,,,,,,,,,,C2_INTERNAL,2,,,,,,,,,,,,,dd0fddfbc7a6df4febf685f680963423,,,,,,,,,,,,,,7,VERIFIED,,,,,True,,,,,False,vptHps5aBIKXCOd2HPvxJ1vNujIbrkpfH3MOlYrRT7o=,77006ee5e7206745cd992fc4e47d5045f1ff6f52abd35995b63542c71a03bc97,lhIS+WjWdu7nwVo2eeSh1fX8D+pCzpAo3q6D86Frg0w=,207c67aee65723a0a38c478e10acbc996a1c0fde0264c4bfc4f6b5fcb95e80ce,b7wO9nAlMZN7Uqz1jxIUk7tSbw+IpdHlZ3aNVUm3D7I=,29ac3bebc7d8bf95fc566b7fd18bb82a91593b8a3a0877f87ec4350551f94d53,T2: real Modified-DF encryption → homomorphic multiplication → matrix-M key switching,reference_python,n=|logq=|scale=|scheme=real_modified_df_ks,df_server_or_authorized_aggregate_key,,,,,,,,,b52c3367e9230f92fcb68c0f35e6806a7573dc61d1a5e5813c302186cdbb2492,,c6cf39fd9655b711035eaad7c37b7a79315283e6b977fba5b122441459603885,audit_trails/artifacts/ciphertext_attestations/T2_DF_KS_TADP_client_000_r7_3693f595f2f40f66__c6cf39fd9655b711.json,,,,,,,,,,,,,,,cafbb9589dfa5e6c7affd38baec25f2bce2c2ca9a7748fd4220aee5d5e9b9137,ae6ef1b968cb34ce2e161bafc1a3d6478bea2cfef2e810fe8643b9111b227009,,
335,15b7b6eafd3d1ab8552a2644289d2552,9807b00ec9f05c0ed690f948a024469da45a3923628918d48e6175fa51233777,2026-08-22T17:48:54.374613+00:00,TADP-SEC/12.1,CLIENT_ACCEPTED_SUBMISSION,T2_DF_KS_TADP,,,,client_000,,,,,,,,,,,2.3-phase1-fixed-threshold-critical-floor-review-profile,47dd2e58be138865a6d591a63329509757be6b563afb2badb96beb09eac726e5,a663ab753fcbe1179628a237bb638420356ea261176b970e3553fa59bfe7e9d6,1c154f7d4e37aa15e037310f6b45ff14a874311a582c673470a238929d8125dd,8d877b4c3b654a235066cdd49bf4c7e04e1b662c0cf44a17b54811ea50677e11,VALIDATED_EVIDENCE_BUNDLE,,,,,,,,,,,,,,,,,,,,,,,,UPDATE_SUBMITTED_ENFORCED,,False,NOT_REQUIRED_AUTOMATED_POLICY,False,,,,,,,,,,,,,C2_INTERNAL,2,,,,,,,,6f8a5214daf0d8d5188f7da84fe0931408bac9ce898d47d09d53366ef6cfe2b8,c068640bad122342de0e81050f313e88a0b5bf947d459a5df25df6b117f89be9,,,2026-08-23T17:18:04.591571+00:00,dd0fddfbc7a6df4febf685f680963423,,,,,c0d16c8fe93f1157d9f8deafc4808d94ee4152ca4815d55160da85756c4dd252,21f33f34572c1e7e4167b7ba5f1cfb05872d5dc23a019aafdc03c6dc468acb0c,,,2026-08-22T18:48:14.159954+00:00,eb562985f77fc8a152d2d22d15bfd3f4695b107bdaa4c375fc5dde2be0f10805,active,,,8,ACCEPTED,ALL_BASELINE_CONTROLS,,,,True,True,True,True,True,False,lyslA0YbSIWaP1C2QYA4jGI28bl2UsSldXlWAVacWeA=,e52b42a50e2404d1ecd2c4db136c7e7d4ce13c4e4a150212d947d942a8d4bd0f,lhIS+WjWdu7nwVo2eeSh1fX8D+pCzpAo3q6D86Frg0w=,c36989882792ea07382d8cb2d56884dc8e2d4f41095b1ae4641ead8e9e02d225,r0AIwCF/wLkGAZMfqM81HwWvVsDxHS5r3l9RpJNyC9s=,29ac3bebc7d8bf95fc566b7fd18bb82a91593b8a3a0877f87ec4350551f94d53,,,,,,,,,,,,,,,,,86cc20410b9c97c53e0773b959d5ecb1a0295b9a1bc57ab62c005cf1e8d4bc08,audit_trails/artifacts/accepted_runtime_submissions/T2_DF_KS_TADP_client_000_r8_e52b42a50e2404d1__86cc20410b9c97c5.json,,,,,,,,,,,,,ae6ef1b968cb34ce2e161bafc1a3d6478bea2cfef2e810fe8643b9111b227009,21810559bdc189e28082f5994dc8d4e4312bb8071f3e5f237dc5f421be1f2768,,
336,108c84086ace8e9f10b1b7aa26f17d61,9807b00ec9f05c0ed690f948a024469da45a3923628918d48e6175fa51233777,2026-08-22T17:48:54.745905+00:00,TADP-SEC/12.1,CLIENT_CIPHERTEXT_BINDING,T2_DF_KS_TADP,,,,client_000,,,,,,,,,,,,,,,,,,,,,,,,,,,,,,,,,,,,,,,,CIPHERTEXT_BOUND_TO_SIGNED_UPDATE,,,,,,,,,,,,,,,,,C2_INTERNAL,2,,,,,,,,,,,,,dd0fddfbc7a6df4febf685f680963423,,,,,,,,,,,,,,8,VERIFIED,,,,,True,,,,,False,lyslA0YbSIWaP1C2QYA4jGI28bl2UsSldXlWAVacWeA=,e52b42a50e2404d1ecd2c4db136c7e7d4ce13c4e4a150212d947d942a8d4bd0f,lhIS+WjWdu7nwVo2eeSh1fX8D+pCzpAo3q6D86Frg0w=,ccdbec056110b71f37a323fa8eeab5121adca9e09316c03f6310ad816b5a5136,r0AIwCF/wLkGAZMfqM81HwWvVsDxHS5r3l9RpJNyC9s=,29ac3bebc7d8bf95fc566b7fd18bb82a91593b8a3a0877f87ec4350551f94d53,T2: real Modified-DF encryption → homomorphic multiplication → matrix-M key switching,reference_python,n=|logq=|scale=|scheme=real_modified_df_ks,df_server_or_authorized_aggregate_key,,,,,,,,,2d157a58bb2effd20dcd94993429e6fcb61fefc5fc7027d8421e7cce39ac57de,,6ce3b73c38786f1c94130d290f8597f91bbad97ab472531a363e77bd9e10fae6,audit_trails/artifacts/ciphertext_attestations/T2_DF_KS_TADP_client_000_r8_7676a04164830978__6ce3b73c38786f1c.json,,,,,,,,,,,,,,,21810559bdc189e28082f5994dc8d4e4312bb8071f3e5f237dc5f421be1f2768,7020a2fb33d5a8442181bc0d35f16109f44850dcdbfc458e8cacec43b226db45,,
337,d9ce6ab4739d20985d21bc5c4f7cdb59,9807b00ec9f05c0ed690f948a024469da45a3923628918d48e6175fa51233777,2026-08-22T17:49:01.010059+00:00,TADP-SEC/12.1,CLIENT_ACCEPTED_SUBMISSION,T2_DF_KS_TADP,,,,client_000,,,,,,,,,,,2.3-phase1-fixed-threshold-critical-floor-review-profile,47dd2e58be138865a6d591a63329509757be6b563afb2badb96beb09eac726e5,a663ab753fcbe1179628a237bb638420356ea261176b970e3553fa59bfe7e9d6,1c154f7d4e37aa15e037310f6b45ff14a874311a582c673470a238929d8125dd,8d877b4c3b654a235066cdd49bf4c7e04e1b662c0cf44a17b54811ea50677e11,VALIDATED_EVIDENCE_BUNDLE,,,,,,,,,,,,,,,,,,,,,,,,UPDATE_SUBMITTED_ENFORCED,,False,NOT_REQUIRED_AUTOMATED_POLICY,False,,,,,,,,,,,,,C2_INTERNAL,2,,,,,,,,6f8a5214daf0d8d5188f7da84fe0931408bac9ce898d47d09d53366ef6cfe2b8,c068640bad122342de0e81050f313e88a0b5bf947d459a5df25df6b117f89be9,,,2026-08-23T17:18:04.591571+00:00,dd0fddfbc7a6df4febf685f680963423,,,,,c0d16c8fe93f1157d9f8deafc4808d94ee4152ca4815d55160da85756c4dd252,21f33f34572c1e7e4167b7ba5f1cfb05872d5dc23a019aafdc03c6dc468acb0c,,,2026-08-22T18:48:14.159954+00:00,eb562985f77fc8a152d2d22d15bfd3f4695b107bdaa4c375fc5dde2be0f10805,active,,,9,ACCEPTED,ALL_BASELINE_CONTROLS,,,,True,True,True,True,True,False,J/k0ltvteGonTQu4aTg/L/95KJtygIWteS7L5CL+mFQ=,a32cf48cf110a26fc9b511fb8828b0def85135ae5aec857de6a3d2455c07302f,lhIS+WjWdu7nwVo2eeSh1fX8D+pCzpAo3q6D86Frg0w=,22b6bac43519178b1fe70edcbc025af06648a9c93635efef971b6623ddbd1ecf,LbXZrQUG6rcsI1mJz+8idVkFiaJ/nPsBeqcJv4R5vXI=,29ac3bebc7d8bf95fc566b7fd18bb82a91593b8a3a0877f87ec4350551f94d53,,,,,,,,,,,,,,,,,b47fe49d257f381e22e9776c38ff8bbfd2a3acfd88cf98afab85d9b217aee64e,audit_trails/artifacts/accepted_runtime_submissions/T2_DF_KS_TADP_client_000_r9_a32cf48cf110a26f__b47fe49d257f381e.json,,,,,,,,,,,,,7020a2fb33d5a8442181bc0d35f16109f44850dcdbfc458e8cacec43b226db45,def0ce8e618eff7cc569512315b2c6626c9e0646817ade972382069b6478a497,,
338,747a0f3d03d5f773e13cb230c54a2610,9807b00ec9f05c0ed690f948a024469da45a3923628918d48e6175fa51233777,2026-08-22T17:49:01.363325+00:00,TADP-SEC/12.1,CLIENT_CIPHERTEXT_BINDING,T2_DF_KS_TADP,,,,client_000,,,,,,,,,,,,,,,,,,,,,,,,,,,,,,,,,,,,,,,,CIPHERTEXT_BOUND_TO_SIGNED_UPDATE,,,,,,,,,,,,,,,,,C2_INTERNAL,2,,,,,,,,,,,,,dd0fddfbc7a6df4febf685f680963423,,,,,,,,,,,,,,9,VERIFIED,,,,,True,,,,,False,J/k0ltvteGonTQu4aTg/L/95KJtygIWteS7L5CL+mFQ=,a32cf48cf110a26fc9b511fb8828b0def85135ae5aec857de6a3d2455c07302f,lhIS+WjWdu7nwVo2eeSh1fX8D+pCzpAo3q6D86Frg0w=,c18e6090e1d6dcfd7ddc72530a00234dd468ac42de21a6284569c4f10acc69e8,LbXZrQUG6rcsI1mJz+8idVkFiaJ/nPsBeqcJv4R5vXI=,29ac3bebc7d8bf95fc566b7fd18bb82a91593b8a3a0877f87ec4350551f94d53,T2: real Modified-DF encryption → homomorphic multiplication → matrix-M key switching,reference_python,n=|logq=|scale=|scheme=real_modified_df_ks,df_server_or_authorized_aggregate_key,,,,,,,,,37e671862d56be0363c45bbf086ebe4dafc4df8b40a2c6b1c6b2a072ffed0115,,9cf43cc8be71c347ac792d965ad8c8016d43ad455d64d5f4f2d29487d6d64324,audit_trails/artifacts/ciphertext_attestations/T2_DF_KS_TADP_client_000_r9_bd1e6705b7e50d0d__9cf43cc8be71c347.json,,,,,,,,,,,,,,,def0ce8e618eff7cc569512315b2c6626c9e0646817ade972382069b6478a497,2e7da3bb43f22831fe5ae3771a144239eada1070e078cd2ec1e961614e5775e6,,
339,f60ef6e18e5029c2656bee38a707d1ec,9807b00ec9f05c0ed690f948a024469da45a3923628918d48e6175fa51233777,2026-08-22T17:49:06.122209+00:00,TADP-SEC/12.1,CLIENT_ACCEPTED_SUBMISSION,T2_DF_KS_TADP,,,,client_000,,,,,,,,,,,2.3-phase1-fixed-threshold-critical-floor-review-profile,47dd2e58be138865a6d591a63329509757be6b563afb2badb96beb09eac726e5,a663ab753fcbe1179628a237bb638420356ea261176b970e3553fa59bfe7e9d6,1c154f7d4e37aa15e037310f6b45ff14a874311a582c673470a238929d8125dd,8d877b4c3b654a235066cdd49bf4c7e04e1b662c0cf44a17b54811ea50677e11,VALIDATED_EVIDENCE_BUNDLE,,,,,,,,,,,,,,,,,,,,,,,,UPDATE_SUBMITTED_ENFORCED,,False,NOT_REQUIRED_AUTOMATED_POLICY,False,,,,,,,,,,,,,C2_INTERNAL,2,,,,,,,,6f8a5214daf0d8d5188f7da84fe0931408bac9ce898d47d09d53366ef6cfe2b8,c068640bad122342de0e81050f313e88a0b5bf947d459a5df25df6b117f89be9,,,2026-08-23T17:18:04.591571+00:00,dd0fddfbc7a6df4febf685f680963423,,,,,c0d16c8fe93f1157d9f8deafc4808d94ee4152ca4815d55160da85756c4dd252,21f33f34572c1e7e4167b7ba5f1cfb05872d5dc23a019aafdc03c6dc468acb0c,,,2026-08-22T18:48:14.159954+00:00,eb562985f77fc8a152d2d22d15bfd3f4695b107bdaa4c375fc5dde2be0f10805,active,,,10,ACCEPTED,ALL_BASELINE_CONTROLS,,,,True,True,True,True,True,False,GhiPLvYSQBidxhn0L09IaR5epPsa3cU8B32ZJRizkTQ=,9fa1162aa7dace1619d108cc12dd4679cebab93cba929579da83e17b09aa85c3,lhIS+WjWdu7nwVo2eeSh1fX8D+pCzpAo3q6D86Frg0w=,0f04a0daef420f775dc8b1efe98c4593a192842d7d694c03cf354695c21cc1f3,yAbVPq5ayC9CVF8wzmLpn2QC1bBgWuSom522JfrcdLk=,29ac3bebc7d8bf95fc566b7fd18bb82a91593b8a3a0877f87ec4350551f94d53,,,,,,,,,,,,,,,,,73190ee160753f1f52f86731efc182eac9e8a9329985c41d4c04df2dca012c64,audit_trails/artifacts/accepted_runtime_submissions/T2_DF_KS_TADP_client_000_r10_9fa1162aa7dace16__73190ee160753f1f.json,,,,,,,,,,,,,2e7da3bb43f22831fe5ae3771a144239eada1070e078cd2ec1e961614e5775e6,d2a024dbff8d228b21f3f8100f771702a858b2aefd7bb9b8da85cc187d5b0ec1,,
340,638e7a6a48a4f9dee0a1f08de43df54c,9807b00ec9f05c0ed690f948a024469da45a3923628918d48e6175fa51233777,2026-08-22T17:49:06.473344+00:00,TADP-SEC/12.1,CLIENT_CIPHERTEXT_BINDING,T2_DF_KS_TADP,,,,client_000,,,,,,,,,,,,,,,,,,,,,,,,,,,,,,,,,,,,,,,,CIPHERTEXT_BOUND_TO_SIGNED_UPDATE,,,,,,,,,,,,,,,,,C2_INTERNAL,2,,,,,,,,,,,,,dd0fddfbc7a6df4febf685f680963423,,,,,,,,,,,,,,10,VERIFIED,,,,,True,,,,,False,GhiPLvYSQBidxhn0L09IaR5epPsa3cU8B32ZJRizkTQ=,9fa1162aa7dace1619d108cc12dd4679cebab93cba929579da83e17b09aa85c3,lhIS+WjWdu7nwVo2eeSh1fX8D+pCzpAo3q6D86Frg0w=,7bb33f15b323ac9a22302deedbf7fee4128f6d80e641416b56b70cd2f41e5f00,yAbVPq5ayC9CVF8wzmLpn2QC1bBgWuSom522JfrcdLk=,29ac3bebc7d8bf95fc566b7fd18bb82a91593b8a3a0877f87ec4350551f94d53,T2: real Modified-DF encryption → homomorphic multiplication → matrix-M key switching,reference_python,n=|logq=|scale=|scheme=real_modified_df_ks,df_server_or_authorized_aggregate_key,,,,,,,,,bf8acf45030e388c9b3411ae45559350a44771829a88608d314db4db72a36b4c,,543207e45f84aacba810c28ff76a50b4f877d0909b24b6fce13847f23e893793,audit_trails/artifacts/ciphertext_attestations/T2_DF_KS_TADP_client_000_r10_9a1ebfa6657ff7f6__543207e45f84aacb.json,,,,,,,,,,,,,,,d2a024dbff8d228b21f3f8100f771702a858b2aefd7bb9b8da85cc187d5b0ec1,e64b87a942c46040f057c3b02ca1267fdc88d6ee2156bcfed085868641155166,,
341,7f4a5b2e30b7885808e0e1e659068516,9807b00ec9f05c0ed690f948a024469da45a3923628918d48e6175fa51233777,2026-08-22T17:49:11.531999+00:00,TADP-SEC/12.1,CLIENT_ACCEPTED_SUBMISSION,T2_DF_KS_TADP,,,,client_000,,,,,,,,,,,2.3-phase1-fixed-threshold-critical-floor-review-profile,47dd2e58be138865a6d591a63329509757be6b563afb2badb96beb09eac726e5,a663ab753fcbe1179628a237bb638420356ea261176b970e3553fa59bfe7e9d6,1c154f7d4e37aa15e037310f6b45ff14a874311a582c673470a238929d8125dd,8d877b4c3b654a235066cdd49bf4c7e04e1b662c0cf44a17b54811ea50677e11,VALIDATED_EVIDENCE_BUNDLE,,,,,,,,,,,,,,,,,,,,,,,,UPDATE_SUBMITTED_ENFORCED,,False,NOT_REQUIRED_AUTOMATED_POLICY,False,,,,,,,,,,,,,C2_INTERNAL,2,,,,,,,,6f8a5214daf0d8d5188f7da84fe0931408bac9ce898d47d09d53366ef6cfe2b8,c068640bad122342de0e81050f313e88a0b5bf947d459a5df25df6b117f89be9,,,2026-08-23T17:18:04.591571+00:00,dd0fddfbc7a6df4febf685f680963423,,,,,c0d16c8fe93f1157d9f8deafc4808d94ee4152ca4815d55160da85756c4dd252,21f33f34572c1e7e4167b7ba5f1cfb05872d5dc23a019aafdc03c6dc468acb0c,,,2026-08-22T18:48:14.159954+00:00,eb562985f77fc8a152d2d22d15bfd3f4695b107bdaa4c375fc5dde2be0f10805,active,,,11,ACCEPTED,ALL_BASELINE_CONTROLS,,,,True,True,True,True,True,False,6pNUgaBoB7ULJwtSgpctBHfhELWQRUKOdR4sg4/rxhs=,9f305cfe08d0dbb171a7202853034f8480f3eab9ce01a6c47d4be54eadc57eb1,lhIS+WjWdu7nwVo2eeSh1fX8D+pCzpAo3q6D86Frg0w=,758127b693f3a7a9c66893d01f698affe0323757363413ea706e1985572e8d28,uAUWMiFxpyqcMlq3KkYylXU/5pqnmml6d15SwWvzHik=,29ac3bebc7d8bf95fc566b7fd18bb82a91593b8a3a0877f87ec4350551f94d53,,,,,,,,,,,,,,,,,3b74cb1a09f151a770284f04efbfdd8b79a28d17cd0531035ad76906f6685772,audit_trails/artifacts/accepted_runtime_submissions/T2_DF_KS_TADP_client_000_r11_9f305cfe08d0dbb1__3b74cb1a09f151a7.json,,,,,,,,,,,,,e64b87a942c46040f057c3b02ca1267fdc88d6ee2156bcfed085868641155166,38ce518993ecb2343050ff501c4bf0b5552125efa78f2978b73d59f20c519014,,
342,e81dd48c816978bc715367d6a8bb648c,9807b00ec9f05c0ed690f948a024469da45a3923628918d48e6175fa51233777,2026-08-22T17:49:12.177307+00:00,TADP-SEC/12.1,CLIENT_CIPHERTEXT_BINDING,T2_DF_KS_TADP,,,,client_000,,,,,,,,,,,,,,,,,,,,,,,,,,,,,,,,,,,,,,,,CIPHERTEXT_BOUND_TO_SIGNED_UPDATE,,,,,,,,,,,,,,,,,C2_INTERNAL,2,,,,,,,,,,,,,dd0fddfbc7a6df4febf685f680963423,,,,,,,,,,,,,,11,VERIFIED,,,,,True,,,,,False,6pNUgaBoB7ULJwtSgpctBHfhELWQRUKOdR4sg4/rxhs=,9f305cfe08d0dbb171a7202853034f8480f3eab9ce01a6c47d4be54eadc57eb1,lhIS+WjWdu7nwVo2eeSh1fX8D+pCzpAo3q6D86Frg0w=,5f5d5b8e16e799fa08a9ef9d1ea29567ed53b28b0fb167093079fbd3bddac6d7,uAUWMiFxpyqcMlq3KkYylXU/5pqnmml6d15SwWvzHik=,29ac3bebc7d8bf95fc566b7fd18bb82a91593b8a3a0877f87ec4350551f94d53,T2: real Modified-DF encryption → homomorphic multiplication → matrix-M key switching,reference_python,n=|logq=|scale=|scheme=real_modified_df_ks,df_server_or_authorized_aggregate_key,,,,,,,,,b78966f300e5c6831cf38725e9182cd508e1ad3c5f359415d7f2f95aa2fe97b9,,174611c1bd6389555f048e622a5618cc61187ff0790cddeaa0fb833d0302fbc6,audit_trails/artifacts/ciphertext_attestations/T2_DF_KS_TADP_client_000_r11_dec68211bef95ad0__174611c1bd638955.json,,,,,,,,,,,,,,,38ce518993ecb2343050ff501c4bf0b5552125efa78f2978b73d59f20c519014,492cdca14276efca04a5f316ebff9f40810d65177b97e8c6909cd2d0db979711,,
343,1f2aff57952e78b1acde62230e795b24,9807b00ec9f05c0ed690f948a024469da45a3923628918d48e6175fa51233777,2026-08-22T17:49:17.805980+00:00,TADP-SEC/12.1,CLIENT_ACCEPTED_SUBMISSION,T2_DF_KS_TADP,,,,client_000,,,,,,,,,,,2.3-phase1-fixed-threshold-critical-floor-review-profile,47dd2e58be138865a6d591a63329509757be6b563afb2badb96beb09eac726e5,a663ab753fcbe1179628a237bb638420356ea261176b970e3553fa59bfe7e9d6,1c154f7d4e37aa15e037310f6b45ff14a874311a582c673470a238929d8125dd,8d877b4c3b654a235066cdd49bf4c7e04e1b662c0cf44a17b54811ea50677e11,VALIDATED_EVIDENCE_BUNDLE,,,,,,,,,,,,,,,,,,,,,,,,UPDATE_SUBMITTED_ENFORCED,,False,NOT_REQUIRED_AUTOMATED_POLICY,False,,,,,,,,,,,,,C2_INTERNAL,2,,,,,,,,6f8a5214daf0d8d5188f7da84fe0931408bac9ce898d47d09d53366ef6cfe2b8,c068640bad122342de0e81050f313e88a0b5bf947d459a5df25df6b117f89be9,,,2026-08-23T17:18:04.591571+00:00,dd0fddfbc7a6df4febf685f680963423,,,,,c0d16c8fe93f1157d9f8deafc4808d94ee4152ca4815d55160da85756c4dd252,21f33f34572c1e7e4167b7ba5f1cfb05872d5dc23a019aafdc03c6dc468acb0c,,,2026-08-22T18:48:14.159954+00:00,eb562985f77fc8a152d2d22d15bfd3f4695b107bdaa4c375fc5dde2be0f10805,active,,,12,ACCEPTED,ALL_BASELINE_CONTROLS,,,,True,True,True,True,True,False,hXRVV7GvxHo4aQ+4JvRu+G0CRX3grdJSjN0b/DQ0lAo=,436b63f4756fc8c8622d842bea2ea3e8e0e3438af5977663fb299695f8c9aacd,lhIS+WjWdu7nwVo2eeSh1fX8D+pCzpAo3q6D86Frg0w=,688194558bcca7bc7a04899a66c1461f32be4775e428c52e40e334ba4ceb88c2,vGonCIDw3q3fRshGFw1cqV8Eck+ZNpka9Zqqq2Bgarw=,29ac3bebc7d8bf95fc566b7fd18bb82a91593b8a3a0877f87ec4350551f94d53,,,,,,,,,,,,,,,,,4d99e7d820c94443c119b76d4d26e420491448e8c7fd9c5b1375c98d7f559409,audit_trails/artifacts/accepted_runtime_submissions/T2_DF_KS_TADP_client_000_r12_436b63f4756fc8c8__4d99e7d820c94443.json,,,,,,,,,,,,,492cdca14276efca04a5f316ebff9f40810d65177b97e8c6909cd2d0db979711,23f61000d1ad439c337f1661c63d884f6721209517615a8e9f94880b7a9f7a91,,
344,701880df3ea25f8096970a68e8c8a867,9807b00ec9f05c0ed690f948a024469da45a3923628918d48e6175fa51233777,2026-08-22T17:49:18.156397+00:00,TADP-SEC/12.1,CLIENT_CIPHERTEXT_BINDING,T2_DF_KS_TADP,,,,client_000,,,,,,,,,,,,,,,,,,,,,,,,,,,,,,,,,,,,,,,,CIPHERTEXT_BOUND_TO_SIGNED_UPDATE,,,,,,,,,,,,,,,,,C2_INTERNAL,2,,,,,,,,,,,,,dd0fddfbc7a6df4febf685f680963423,,,,,,,,,,,,,,12,VERIFIED,,,,,True,,,,,False,hXRVV7GvxHo4aQ+4JvRu+G0CRX3grdJSjN0b/DQ0lAo=,436b63f4756fc8c8622d842bea2ea3e8e0e3438af5977663fb299695f8c9aacd,lhIS+WjWdu7nwVo2eeSh1fX8D+pCzpAo3q6D86Frg0w=,677fe30d7f0044fb1237701be8e11f1610f546644baafa6e4dbbe68c9d9bb44c,vGonCIDw3q3fRshGFw1cqV8Eck+ZNpka9Zqqq2Bgarw=,29ac3bebc7d8bf95fc566b7fd18bb82a91593b8a3a0877f87ec4350551f94d53,T2: real Modified-DF encryption → homomorphic multiplication → matrix-M key switching,reference_python,n=|logq=|scale=|scheme=real_modified_df_ks,df_server_or_authorized_aggregate_key,,,,,,,,,91b1dd7e883376ee450ff38cf75ae5eec396737216deed26327a4572efdf60a6,,09311649b55000f61aeaf28a0b609773ee81a2cb62f520a7a35d6fce4613a911,audit_trails/artifacts/ciphertext_attestations/T2_DF_KS_TADP_client_000_r12_743d274a30fff720__09311649b55000f6.json,,,,,,,,,,,,,,,23f61000d1ad439c337f1661c63d884f6721209517615a8e9f94880b7a9f7a91,5011ceeef2790a2e9369d0bd115531a03149533ce6494820067e07e23332a83e,,
345,bbe2b078d774aa1b5a269ae2e855217b,9807b00ec9f05c0ed690f948a024469da45a3923628918d48e6175fa51233777,2026-08-22T17:49:22.896376+00:00,TADP-SEC/12.1,CLIENT_ACCEPTED_SUBMISSION,T2_DF_KS_TADP,,,,client_000,,,,,,,,,,,2.3-phase1-fixed-threshold-critical-floor-review-profile,47dd2e58be138865a6d591a63329509757be6b563afb2badb96beb09eac726e5,a663ab753fcbe1179628a237bb638420356ea261176b970e3553fa59bfe7e9d6,1c154f7d4e37aa15e037310f6b45ff14a874311a582c673470a238929d8125dd,8d877b4c3b654a235066cdd49bf4c7e04e1b662c0cf44a17b54811ea50677e11,VALIDATED_EVIDENCE_BUNDLE,,,,,,,,,,,,,,,,,,,,,,,,UPDATE_SUBMITTED_ENFORCED,,False,NOT_REQUIRED_AUTOMATED_POLICY,False,,,,,,,,,,,,,C2_INTERNAL,2,,,,,,,,6f8a5214daf0d8d5188f7da84fe0931408bac9ce898d47d09d53366ef6cfe2b8,c068640bad122342de0e81050f313e88a0b5bf947d459a5df25df6b117f89be9,,,2026-08-23T17:18:04.591571+00:00,dd0fddfbc7a6df4febf685f680963423,,,,,c0d16c8fe93f1157d9f8deafc4808d94ee4152ca4815d55160da85756c4dd252,21f33f34572c1e7e4167b7ba5f1cfb05872d5dc23a019aafdc03c6dc468acb0c,,,2026-08-22T18:48:14.159954+00:00,eb562985f77fc8a152d2d22d15bfd3f4695b107bdaa4c375fc5dde2be0f10805,active,,,13,ACCEPTED,ALL_BASELINE_CONTROLS,,,,True,True,True,True,True,False,Wtuy1TBqNxEn0GQqtmMRkr2ZXosFMVI3BDSFvhIRoxc=,149e27517c81ee3d86fcdbccc203f66181c442e8a9b8169d710a47f93a468a43,lhIS+WjWdu7nwVo2eeSh1fX8D+pCzpAo3q6D86Frg0w=,4d40779b8ea086b864ce85123b42397596817389c7f57b282da83c866df0fcdd,UUzqUc+POztnmZTDX5uRlQMLEMb0U/AWlgavv0uyAZk=,29ac3bebc7d8bf95fc566b7fd18bb82a91593b8a3a0877f87ec4350551f94d53,,,,,,,,,,,,,,,,,5f7633ed9f61b950c6886be528fd28fa2884a9831a2d9c2fe1fda743d6054077,audit_trails/artifacts/accepted_runtime_submissions/T2_DF_KS_TADP_client_000_r13_149e27517c81ee3d__5f7633ed9f61b950.json,,,,,,,,,,,,,5011ceeef2790a2e9369d0bd115531a03149533ce6494820067e07e23332a83e,992446cbaff46e7aeaec0d7640eea67bf78082da601cec888a074de2ca95f810,,
346,6a890044354363f9a9ed1e53d3a2bc57,9807b00ec9f05c0ed690f948a024469da45a3923628918d48e6175fa51233777,2026-08-22T17:49:23.242604+00:00,TADP-SEC/12.1,CLIENT_CIPHERTEXT_BINDING,T2_DF_KS_TADP,,,,client_000,,,,,,,,,,,,,,,,,,,,,,,,,,,,,,,,,,,,,,,,CIPHERTEXT_BOUND_TO_SIGNED_UPDATE,,,,,,,,,,,,,,,,,C2_INTERNAL,2,,,,,,,,,,,,,dd0fddfbc7a6df4febf685f680963423,,,,,,,,,,,,,,13,VERIFIED,,,,,True,,,,,False,Wtuy1TBqNxEn0GQqtmMRkr2ZXosFMVI3BDSFvhIRoxc=,149e27517c81ee3d86fcdbccc203f66181c442e8a9b8169d710a47f93a468a43,lhIS+WjWdu7nwVo2eeSh1fX8D+pCzpAo3q6D86Frg0w=,ae69feef70098502bd414528fb493ff4eb090acb9a38d699653b693c5ed26e33,UUzqUc+POztnmZTDX5uRlQMLEMb0U/AWlgavv0uyAZk=,29ac3bebc7d8bf95fc566b7fd18bb82a91593b8a3a0877f87ec4350551f94d53,T2: real Modified-DF encryption → homomorphic multiplication → matrix-M key switching,reference_python,n=|logq=|scale=|scheme=real_modified_df_ks,df_server_or_authorized_aggregate_key,,,,,,,,,ee9d3525dd12bc5227a0ac5c5fcb5db6fa34a62dbb55d7feecb6e2c66fd96910,,7971d6429e9acc495cda42601a871f1ac87d3c0757e1c1a6ba87f79a7eb8a71b,audit_trails/artifacts/ciphertext_attestations/T2_DF_KS_TADP_client_000_r13_3014e90b875968c0__7971d6429e9acc49.json,,,,,,,,,,,,,,,992446cbaff46e7aeaec0d7640eea67bf78082da601cec888a074de2ca95f810,4a55e41fa5ec1995f07ec333d323a0aa3cc2248df78ab42defe26956648a0d40,,
347,01f40f0c090f46290df85c0759f00f70,9807b00ec9f05c0ed690f948a024469da45a3923628918d48e6175fa51233777,2026-08-22T17:49:29.452181+00:00,TADP-SEC/12.1,CLIENT_ACCEPTED_SUBMISSION,T2_DF_KS_TADP,,,,client_000,,,,,,,,,,,2.3-phase1-fixed-threshold-critical-floor-review-profile,47dd2e58be138865a6d591a63329509757be6b563afb2badb96beb09eac726e5,a663ab753fcbe1179628a237bb638420356ea261176b970e3553fa59bfe7e9d6,1c154f7d4e37aa15e037310f6b45ff14a874311a582c673470a238929d8125dd,8d877b4c3b654a235066cdd49bf4c7e04e1b662c0cf44a17b54811ea50677e11,VALIDATED_EVIDENCE_BUNDLE,,,,,,,,,,,,,,,,,,,,,,,,UPDATE_SUBMITTED_ENFORCED,,False,NOT_REQUIRED_AUTOMATED_POLICY,False,,,,,,,,,,,,,C2_INTERNAL,2,,,,,,,,6f8a5214daf0d8d5188f7da84fe0931408bac9ce898d47d09d53366ef6cfe2b8,c068640bad122342de0e81050f313e88a0b5bf947d459a5df25df6b117f89be9,,,2026-08-23T17:18:04.591571+00:00,dd0fddfbc7a6df4febf685f680963423,,,,,c0d16c8fe93f1157d9f8deafc4808d94ee4152ca4815d55160da85756c4dd252,21f33f34572c1e7e4167b7ba5f1cfb05872d5dc23a019aafdc03c6dc468acb0c,,,2026-08-22T18:48:14.159954+00:00,eb562985f77fc8a152d2d22d15bfd3f4695b107bdaa4c375fc5dde2be0f10805,active,,,14,ACCEPTED,ALL_BASELINE_CONTROLS,,,,True,True,True,True,True,False,dYaU48kZfmI4C/7PLsP3vDgXuOBmeEYzR0M6/QTj7P4=,6bb128967c13986f125022b837510f832916beb48ed9a39140d2a0161976d107,lhIS+WjWdu7nwVo2eeSh1fX8D+pCzpAo3q6D86Frg0w=,ac8b79e24ef20670781beceeb5e8deb70a9a46c9d942fed7d70b8f1e07641bcd,1pJNqbInFIqGxPxNTxzxTwnhQHXEDzyu6SfKP8Fv5mM=,29ac3bebc7d8bf95fc566b7fd18bb82a91593b8a3a0877f87ec4350551f94d53,,,,,,,,,,,,,,,,,fde5f3ec9e23480c4198e98a629a8892a89aa30f6709875d40d53fe9f682e32e,audit_trails/artifacts/accepted_runtime_submissions/T2_DF_KS_TADP_client_000_r14_6bb128967c13986f__fde5f3ec9e23480c.json,,,,,,,,,,,,,4a55e41fa5ec1995f07ec333d323a0aa3cc2248df78ab42defe26956648a0d40,98307b03c8c99965c653cc3b596da3e0dbab2e81ad90d7924a1767308da3e5fe,,
348,7f810844a51ceaf80f2aa72973bc8260,9807b00ec9f05c0ed690f948a024469da45a3923628918d48e6175fa51233777,2026-08-22T17:49:29.807632+00:00,TADP-SEC/12.1,CLIENT_CIPHERTEXT_BINDING,T2_DF_KS_TADP,,,,client_000,,,,,,,,,,,,,,,,,,,,,,,,,,,,,,,,,,,,,,,,CIPHERTEXT_BOUND_TO_SIGNED_UPDATE,,,,,,,,,,,,,,,,,C2_INTERNAL,2,,,,,,,,,,,,,dd0fddfbc7a6df4febf685f680963423,,,,,,,,,,,,,,14,VERIFIED,,,,,True,,,,,False,dYaU48kZfmI4C/7PLsP3vDgXuOBmeEYzR0M6/QTj7P4=,6bb128967c13986f125022b837510f832916beb48ed9a39140d2a0161976d107,lhIS+WjWdu7nwVo2eeSh1fX8D+pCzpAo3q6D86Frg0w=,44e821195723bc9bb189136466c91a572780681b97a40321a6e1492e3668496c,1pJNqbInFIqGxPxNTxzxTwnhQHXEDzyu6SfKP8Fv5mM=,29ac3bebc7d8bf95fc566b7fd18bb82a91593b8a3a0877f87ec4350551f94d53,T2: real Modified-DF encryption → homomorphic multiplication → matrix-M key switching,reference_python,n=|logq=|scale=|scheme=real_modified_df_ks,df_server_or_authorized_aggregate_key,,,,,,,,,2df1e671b9efacaca243c50c18d878f45f3735d640a63bdaaa0117e26446ca52,,16ce9a65b710d5f951d1916c3e2dd1bffc0b5a3b5eb1cd026ccf56ce576bf7ba,audit_trails/artifacts/ciphertext_attestations/T2_DF_KS_TADP_client_000_r14_3c62feca6ff74726__16ce9a65b710d5f9.json,,,,,,,,,,,,,,,98307b03c8c99965c653cc3b596da3e0dbab2e81ad90d7924a1767308da3e5fe,ff07eb7fb6439dbad1a637ecebd6b8d3b7dd329286f15588a87be6d0ac64214d,,
349,9c0903f93527ec567814d3daa8248967,9807b00ec9f05c0ed690f948a024469da45a3923628918d48e6175fa51233777,2026-08-22T17:49:34.584785+00:00,TADP-SEC/12.1,CLIENT_ACCEPTED_SUBMISSION,T2_DF_KS_TADP,,,,client_000,,,,,,,,,,,2.3-phase1-fixed-threshold-critical-floor-review-profile,47dd2e58be138865a6d591a63329509757be6b563afb2badb96beb09eac726e5,a663ab753fcbe1179628a237bb638420356ea261176b970e3553fa59bfe7e9d6,1c154f7d4e37aa15e037310f6b45ff14a874311a582c673470a238929d8125dd,8d877b4c3b654a235066cdd49bf4c7e04e1b662c0cf44a17b54811ea50677e11,VALIDATED_EVIDENCE_BUNDLE,,,,,,,,,,,,,,,,,,,,,,,,UPDATE_SUBMITTED_ENFORCED,,False,NOT_REQUIRED_AUTOMATED_POLICY,False,,,,,,,,,,,,,C2_INTERNAL,2,,,,,,,,6f8a5214daf0d8d5188f7da84fe0931408bac9ce898d47d09d53366ef6cfe2b8,c068640bad122342de0e81050f313e88a0b5bf947d459a5df25df6b117f89be9,,,2026-08-23T17:18:04.591571+00:00,dd0fddfbc7a6df4febf685f680963423,,,,,c0d16c8fe93f1157d9f8deafc4808d94ee4152ca4815d55160da85756c4dd252,21f33f34572c1e7e4167b7ba5f1cfb05872d5dc23a019aafdc03c6dc468acb0c,,,2026-08-22T18:48:14.159954+00:00,eb562985f77fc8a152d2d22d15bfd3f4695b107bdaa4c375fc5dde2be0f10805,active,,,15,ACCEPTED,ALL_BASELINE_CONTROLS,,,,True,True,True,True,True,False,j4x4TxT4/hl1gNlDlVdnnGcW96/ErXxU++8JxfnNLjY=,f98dd8df0abc1c0e0a6d187a9ca21bec1e6ec8115b798914eaac5f713afa9249,lhIS+WjWdu7nwVo2eeSh1fX8D+pCzpAo3q6D86Frg0w=,41658c4bc6bcdd42750ccdedbcfaf641e4cb988549c36e6d0dccdebf1accb7a4,fCh4c6R3H4D/5/exxPtdHMSzajTxeTmoe/2TPG7t+V0=,29ac3bebc7d8bf95fc566b7fd18bb82a91593b8a3a0877f87ec4350551f94d53,,,,,,,,,,,,,,,,,8e946988e11d26f514d7cb9089bb969f22f1df700cbfe73cc955ebd16a850672,audit_trails/artifacts/accepted_runtime_submissions/T2_DF_KS_TADP_client_000_r15_f98dd8df0abc1c0e__8e946988e11d26f5.json,,,,,,,,,,,,,ff07eb7fb6439dbad1a637ecebd6b8d3b7dd329286f15588a87be6d0ac64214d,b70e84a09ea9ad76dc8e29dbe9c3f3bce0dd6158be84fd1a7ac1aff382083309,,
350,54a54841b082afe85d1739c2df8d0970,9807b00ec9f05c0ed690f948a024469da45a3923628918d48e6175fa51233777,2026-08-22T17:49:34.946080+00:00,TADP-SEC/12.1,CLIENT_CIPHERTEXT_BINDING,T2_DF_KS_TADP,,,,client_000,,,,,,,,,,,,,,,,,,,,,,,,,,,,,,,,,,,,,,,,CIPHERTEXT_BOUND_TO_SIGNED_UPDATE,,,,,,,,,,,,,,,,,C2_INTERNAL,2,,,,,,,,,,,,,dd0fddfbc7a6df4febf685f680963423,,,,,,,,,,,,,,15,VERIFIED,,,,,True,,,,,False,j4x4TxT4/hl1gNlDlVdnnGcW96/ErXxU++8JxfnNLjY=,f98dd8df0abc1c0e0a6d187a9ca21bec1e6ec8115b798914eaac5f713afa9249,lhIS+WjWdu7nwVo2eeSh1fX8D+pCzpAo3q6D86Frg0w=,29e9ee3fda307ab053cd969104dd6b32fcb776864b6ee768e2e8af6bbcc25ef1,fCh4c6R3H4D/5/exxPtdHMSzajTxeTmoe/2TPG7t+V0=,29ac3bebc7d8bf95fc566b7fd18bb82a91593b8a3a0877f87ec4350551f94d53,T2: real Modified-DF encryption → homomorphic multiplication → matrix-M key switching,reference_python,n=|logq=|scale=|scheme=real_modified_df_ks,df_server_or_authorized_aggregate_key,,,,,,,,,b2e95913f956aa392d546ae3940207de1a79800838e54c5864cf25300de4b3fc,,0968dc1e36c0d8741cf2f78e02210d6827a74ccc7025657478f58d88ee298ef1,audit_trails/artifacts/ciphertext_attestations/T2_DF_KS_TADP_client_000_r15_cfc4617e7fcdff78__0968dc1e36c0d874.json,,,,,,,,,,,,,,,b70e84a09ea9ad76dc8e29dbe9c3f3bce0dd6158be84fd1a7ac1aff382083309,e768e48a841fd72a33ee6be04db39c739868120d2f6849de3d735de0ce47c47d,,
351,deb732908c82710a4f10c48dbcd94387,9807b00ec9f05c0ed690f948a024469da45a3923628918d48e6175fa51233777,2026-08-22T17:49:41.039791+00:00,TADP-SEC/12.1,CLIENT_ACCEPTED_SUBMISSION,T2_DF_KS_TADP,,,,client_000,,,,,,,,,,,2.3-phase1-fixed-threshold-critical-floor-review-profile,47dd2e58be138865a6d591a63329509757be6b563afb2badb96beb09eac726e5,a663ab753fcbe1179628a237bb638420356ea261176b970e3553fa59bfe7e9d6,1c154f7d4e37aa15e037310f6b45ff14a874311a582c673470a238929d8125dd,8d877b4c3b654a235066cdd49bf4c7e04e1b662c0cf44a17b54811ea50677e11,VALIDATED_EVIDENCE_BUNDLE,,,,,,,,,,,,,,,,,,,,,,,,UPDATE_SUBMITTED_ENFORCED,,False,NOT_REQUIRED_AUTOMATED_POLICY,False,,,,,,,,,,,,,C2_INTERNAL,2,,,,,,,,6f8a5214daf0d8d5188f7da84fe0931408bac9ce898d47d09d53366ef6cfe2b8,c068640bad122342de0e81050f313e88a0b5bf947d459a5df25df6b117f89be9,,,2026-08-23T17:18:04.591571+00:00,dd0fddfbc7a6df4febf685f680963423,,,,,c0d16c8fe93f1157d9f8deafc4808d94ee4152ca4815d55160da85756c4dd252,21f33f34572c1e7e4167b7ba5f1cfb05872d5dc23a019aafdc03c6dc468acb0c,,,2026-08-22T18:48:14.159954+00:00,eb562985f77fc8a152d2d22d15bfd3f4695b107bdaa4c375fc5dde2be0f10805,active,,,16,ACCEPTED,ALL_BASELINE_CONTROLS,,,,True,True,True,True,True,False,H/17wSO9/26zdE2PgDdVBrom+6xqXDV20Q3VoTEyuck=,d0949f191bdce8ec1693baaceaa1ceb79b4ddae857cb13b58fc2a6bf99024b6d,lhIS+WjWdu7nwVo2eeSh1fX8D+pCzpAo3q6D86Frg0w=,101bbd6f62bfa4ab0632114de06b842ad371f2046636ab352e512827d2fda09a,6f1ooxybxtF35rUjDKIk5zRmh2eyIA6/UNRKoxAPlqo=,29ac3bebc7d8bf95fc566b7fd18bb82a91593b8a3a0877f87ec4350551f94d53,,,,,,,,,,,,,,,,,6f47cdc429f65f801e0afdfab8387c3f8cf750c737b2fdefbf08a21189f8ca92,audit_trails/artifacts/accepted_runtime_submissions/T2_DF_KS_TADP_client_000_r16_d0949f191bdce8ec__6f47cdc429f65f80.json,,,,,,,,,,,,,e768e48a841fd72a33ee6be04db39c739868120d2f6849de3d735de0ce47c47d,5fbea878628d61669db6d0817ac28f90f2c75baf24cb9cb787b141e3536792b4,,
352,529a3c322344bd79a453ecb2aa773258,9807b00ec9f05c0ed690f948a024469da45a3923628918d48e6175fa51233777,2026-08-22T17:49:41.608246+00:00,TADP-SEC/12.1,CLIENT_CIPHERTEXT_BINDING,T2_DF_KS_TADP,,,,client_000,,,,,,,,,,,,,,,,,,,,,,,,,,,,,,,,,,,,,,,,CIPHERTEXT_BOUND_TO_SIGNED_UPDATE,,,,,,,,,,,,,,,,,C2_INTERNAL,2,,,,,,,,,,,,,dd0fddfbc7a6df4febf685f680963423,,,,,,,,,,,,,,16,VERIFIED,,,,,True,,,,,False,H/17wSO9/26zdE2PgDdVBrom+6xqXDV20Q3VoTEyuck=,d0949f191bdce8ec1693baaceaa1ceb79b4ddae857cb13b58fc2a6bf99024b6d,lhIS+WjWdu7nwVo2eeSh1fX8D+pCzpAo3q6D86Frg0w=,0b18aa98e2f496851796df717267ec1f7bd23b9d62be14ae74dcf490f1011fdc,6f1ooxybxtF35rUjDKIk5zRmh2eyIA6/UNRKoxAPlqo=,29ac3bebc7d8bf95fc566b7fd18bb82a91593b8a3a0877f87ec4350551f94d53,T2: real Modified-DF encryption → homomorphic multiplication → matrix-M key switching,reference_python,n=|logq=|scale=|scheme=real_modified_df_ks,df_server_or_authorized_aggregate_key,,,,,,,,,9980cac6e6341b7eded608938cf0c719488cad27a1794d5f2f1a3d67589ba166,,51dae5267e82fad5d7d60f0a1bec63de7591b028a6c334b049ef975b577c9bf2,audit_trails/artifacts/ciphertext_attestations/T2_DF_KS_TADP_client_000_r16_763faed9847f28f8__51dae5267e82fad5.json,,,,,,,,,,,,,,,5fbea878628d61669db6d0817ac28f90f2c75baf24cb9cb787b141e3536792b4,243a8d20ed5ad6b2cac0f1846794471361c598b7d0d559e7f790d7a161fc927b,,
353,fdfdc9a4331826267f3ee39553470edb,9807b00ec9f05c0ed690f948a024469da45a3923628918d48e6175fa51233777,2026-08-22T17:49:46.340276+00:00,TADP-SEC/12.1,CLIENT_ACCEPTED_SUBMISSION,T2_DF_KS_TADP,,,,client_000,,,,,,,,,,,2.3-phase1-fixed-threshold-critical-floor-review-profile,47dd2e58be138865a6d591a63329509757be6b563afb2badb96beb09eac726e5,a663ab753fcbe1179628a237bb638420356ea261176b970e3553fa59bfe7e9d6,1c154f7d4e37aa15e037310f6b45ff14a874311a582c673470a238929d8125dd,8d877b4c3b654a235066cdd49bf4c7e04e1b662c0cf44a17b54811ea50677e11,VALIDATED_EVIDENCE_BUNDLE,,,,,,,,,,,,,,,,,,,,,,,,UPDATE_SUBMITTED_ENFORCED,,False,NOT_REQUIRED_AUTOMATED_POLICY,False,,,,,,,,,,,,,C2_INTERNAL,2,,,,,,,,6f8a5214daf0d8d5188f7da84fe0931408bac9ce898d47d09d53366ef6cfe2b8,c068640bad122342de0e81050f313e88a0b5bf947d459a5df25df6b117f89be9,,,2026-08-23T17:18:04.591571+00:00,dd0fddfbc7a6df4febf685f680963423,,,,,c0d16c8fe93f1157d9f8deafc4808d94ee4152ca4815d55160da85756c4dd252,21f33f34572c1e7e4167b7ba5f1cfb05872d5dc23a019aafdc03c6dc468acb0c,,,2026-08-22T18:48:14.159954+00:00,eb562985f77fc8a152d2d22d15bfd3f4695b107bdaa4c375fc5dde2be0f10805,active,,,17,ACCEPTED,ALL_BASELINE_CONTROLS,,,,True,True,True,True,True,False,sKP4BRaV/fHwM18SC/QqtdqvpJthPYg2Y3/jSMGGZbk=,14e89b9b9d2e696317894ddc41c528ecb42805799ad7d2fad4b928ac51b7349d,lhIS+WjWdu7nwVo2eeSh1fX8D+pCzpAo3q6D86Frg0w=,da860da7d49fa02314b20c7a0f8971c4b584b2b82a9a49531587bb456bc682b8,niAza5fyfb71dDAIa/UiWdsvRvMKYrjxT8lISDdHtgo=,29ac3bebc7d8bf95fc566b7fd18bb82a91593b8a3a0877f87ec4350551f94d53,,,,,,,,,,,,,,,,,1670340c2f6877d62aa3a9884846d9328a0c6d87f63db8a37f394e0d9ee4b61a,audit_trails/artifacts/accepted_runtime_submissions/T2_DF_KS_TADP_client_000_r17_14e89b9b9d2e6963__1670340c2f6877d6.json,,,,,,,,,,,,,243a8d20ed5ad6b2cac0f1846794471361c598b7d0d559e7f790d7a161fc927b,b8bedffe346b74fde2c7ca40808ebbc4623c645f017625e02fde1acd4cef23bf,,
354,fa290a5ac7d430ecc4518a1a872c3e46,9807b00ec9f05c0ed690f948a024469da45a3923628918d48e6175fa51233777,2026-08-22T17:49:46.694433+00:00,TADP-SEC/12.1,CLIENT_CIPHERTEXT_BINDING,T2_DF_KS_TADP,,,,client_000,,,,,,,,,,,,,,,,,,,,,,,,,,,,,,,,,,,,,,,,CIPHERTEXT_BOUND_TO_SIGNED_UPDATE,,,,,,,,,,,,,,,,,C2_INTERNAL,2,,,,,,,,,,,,,dd0fddfbc7a6df4febf685f680963423,,,,,,,,,,,,,,17,VERIFIED,,,,,True,,,,,False,sKP4BRaV/fHwM18SC/QqtdqvpJthPYg2Y3/jSMGGZbk=,14e89b9b9d2e696317894ddc41c528ecb42805799ad7d2fad4b928ac51b7349d,lhIS+WjWdu7nwVo2eeSh1fX8D+pCzpAo3q6D86Frg0w=,a4f37465196821e536fab10c3d068efeed73944ad4fd6ec834054ba05ac1009d,niAza5fyfb71dDAIa/UiWdsvRvMKYrjxT8lISDdHtgo=,29ac3bebc7d8bf95fc566b7fd18bb82a91593b8a3a0877f87ec4350551f94d53,T2: real Modified-DF encryption → homomorphic multiplication → matrix-M key switching,reference_python,n=|logq=|scale=|scheme=real_modified_df_ks,df_server_or_authorized_aggregate_key,,,,,,,,,c54908600547aa26b7d5c5161d76be570b94fc85d2f04a9be58b0f2175425b54,,3330ff9b0a9a0394fec2d9319a69d7dc558cbdb0bf30c1d19aa00fd256261c7a,audit_trails/artifacts/ciphertext_attestations/T2_DF_KS_TADP_client_000_r17_d10aa36086acb812__3330ff9b0a9a0394.json,,,,,,,,,,,,,,,b8bedffe346b74fde2c7ca40808ebbc4623c645f017625e02fde1acd4cef23bf,b8ed6463d0a3c2e5499c1a7d0e0b6b09ac5f168cfa12589d0ad193edb442feae,,
355,07fdebfd26a2028dd13a40b3f9581f43,9807b00ec9f05c0ed690f948a024469da45a3923628918d48e6175fa51233777,2026-08-22T17:49:51.419615+00:00,TADP-SEC/12.1,CLIENT_ACCEPTED_SUBMISSION,T2_DF_KS_TADP,,,,client_000,,,,,,,,,,,2.3-phase1-fixed-threshold-critical-floor-review-profile,47dd2e58be138865a6d591a63329509757be6b563afb2badb96beb09eac726e5,a663ab753fcbe1179628a237bb638420356ea261176b970e3553fa59bfe7e9d6,1c154f7d4e37aa15e037310f6b45ff14a874311a582c673470a238929d8125dd,8d877b4c3b654a235066cdd49bf4c7e04e1b662c0cf44a17b54811ea50677e11,VALIDATED_EVIDENCE_BUNDLE,,,,,,,,,,,,,,,,,,,,,,,,UPDATE_SUBMITTED_ENFORCED,,False,NOT_REQUIRED_AUTOMATED_POLICY,False,,,,,,,,,,,,,C2_INTERNAL,2,,,,,,,,6f8a5214daf0d8d5188f7da84fe0931408bac9ce898d47d09d53366ef6cfe2b8,c068640bad122342de0e81050f313e88a0b5bf947d459a5df25df6b117f89be9,,,2026-08-23T17:18:04.591571+00:00,dd0fddfbc7a6df4febf685f680963423,,,,,c0d16c8fe93f1157d9f8deafc4808d94ee4152ca4815d55160da85756c4dd252,21f33f34572c1e7e4167b7ba5f1cfb05872d5dc23a019aafdc03c6dc468acb0c,,,2026-08-22T18:48:14.159954+00:00,eb562985f77fc8a152d2d22d15bfd3f4695b107bdaa4c375fc5dde2be0f10805,active,,,18,ACCEPTED,ALL_BASELINE_CONTROLS,,,,True,True,True,True,True,False,7/zW+pr9pfibq6AzM8Wz7zgEbzQ0AS6Xvz3OsdaYd0I=,4da61d9bd4da4861cb506a0121fb1d6e4441f258482ab248859fb64416e8c84f,lhIS+WjWdu7nwVo2eeSh1fX8D+pCzpAo3q6D86Frg0w=,e362f2583d301b0091bd4c3ec79f443f40c1bb8e6aca88a9d7146d03ab6a4674,S/8acH00J+B7Y5hTgt1r5xA8NX9qdsErXfA0GSddAk0=,29ac3bebc7d8bf95fc566b7fd18bb82a91593b8a3a0877f87ec4350551f94d53,,,,,,,,,,,,,,,,,d69682132b2d512745b1afd77f1ec9271c1cc89ea1219d97a9f345fff22459e4,audit_trails/artifacts/accepted_runtime_submissions/T2_DF_KS_TADP_client_000_r18_4da61d9bd4da4861__d69682132b2d5127.json,,,,,,,,,,,,,b8ed6463d0a3c2e5499c1a7d0e0b6b09ac5f168cfa12589d0ad193edb442feae,33cc7b20eef1a36c776a44472a236ec378f6478101b72040642d71abbcaaa11d,,
356,b834c1cc855d6333f307d751b4ee7932,9807b00ec9f05c0ed690f948a024469da45a3923628918d48e6175fa51233777,2026-08-22T17:49:52.008941+00:00,TADP-SEC/12.1,CLIENT_CIPHERTEXT_BINDING,T2_DF_KS_TADP,,,,client_000,,,,,,,,,,,,,,,,,,,,,,,,,,,,,,,,,,,,,,,,CIPHERTEXT_BOUND_TO_SIGNED_UPDATE,,,,,,,,,,,,,,,,,C2_INTERNAL,2,,,,,,,,,,,,,dd0fddfbc7a6df4febf685f680963423,,,,,,,,,,,,,,18,VERIFIED,,,,,True,,,,,False,7/zW+pr9pfibq6AzM8Wz7zgEbzQ0AS6Xvz3OsdaYd0I=,4da61d9bd4da4861cb506a0121fb1d6e4441f258482ab248859fb64416e8c84f,lhIS+WjWdu7nwVo2eeSh1fX8D+pCzpAo3q6D86Frg0w=,382f8e8745a41a3ae873ad34e29c5cb8d59edabbd8044428e9c49591d4143917,S/8acH00J+B7Y5hTgt1r5xA8NX9qdsErXfA0GSddAk0=,29ac3bebc7d8bf95fc566b7fd18bb82a91593b8a3a0877f87ec4350551f94d53,T2: real Modified-DF encryption → homomorphic multiplication → matrix-M key switching,reference_python,n=|logq=|scale=|scheme=real_modified_df_ks,df_server_or_authorized_aggregate_key,,,,,,,,,0810dd049f40f627b77671514326fb5b6d8304645edf08639e90ec67810a1413,,5d5a024205a85673532134b3c6f50c357435a6c5479e0e7ffaabf8703d6ff42e,audit_trails/artifacts/ciphertext_attestations/T2_DF_KS_TADP_client_000_r18_5e8c7041efb31c6c__5d5a024205a85673.json,,,,,,,,,,,,,,,33cc7b20eef1a36c776a44472a236ec378f6478101b72040642d71abbcaaa11d,f81d6c3a4dc622a9a95ac51fbd689f2ddd4f3750ff4145e1b590346aa6b59913,,
357,157d0512fc932ec6374feaf2689e1f19,9807b00ec9f05c0ed690f948a024469da45a3923628918d48e6175fa51233777,2026-08-22T17:49:58.037548+00:00,TADP-SEC/12.1,CLIENT_ACCEPTED_SUBMISSION,T2_DF_KS_TADP,,,,client_000,,,,,,,,,,,2.3-phase1-fixed-threshold-critical-floor-review-profile,47dd2e58be138865a6d591a63329509757be6b563afb2badb96beb09eac726e5,a663ab753fcbe1179628a237bb638420356ea261176b970e3553fa59bfe7e9d6,1c154f7d4e37aa15e037310f6b45ff14a874311a582c673470a238929d8125dd,8d877b4c3b654a235066cdd49bf4c7e04e1b662c0cf44a17b54811ea50677e11,VALIDATED_EVIDENCE_BUNDLE,,,,,,,,,,,,,,,,,,,,,,,,UPDATE_SUBMITTED_ENFORCED,,False,NOT_REQUIRED_AUTOMATED_POLICY,False,,,,,,,,,,,,,C2_INTERNAL,2,,,,,,,,6f8a5214daf0d8d5188f7da84fe0931408bac9ce898d47d09d53366ef6cfe2b8,c068640bad122342de0e81050f313e88a0b5bf947d459a5df25df6b117f89be9,,,2026-08-23T17:18:04.591571+00:00,dd0fddfbc7a6df4febf685f680963423,,,,,c0d16c8fe93f1157d9f8deafc4808d94ee4152ca4815d55160da85756c4dd252,21f33f34572c1e7e4167b7ba5f1cfb05872d5dc23a019aafdc03c6dc468acb0c,,,2026-08-22T18:48:14.159954+00:00,eb562985f77fc8a152d2d22d15bfd3f4695b107bdaa4c375fc5dde2be0f10805,active,,,19,ACCEPTED,ALL_BASELINE_CONTROLS,,,,True,True,True,True,True,False,Wgm3LlUEkvIZfHuthjRL8s0AWC+GX7ezs+rE+GTbGoM=,b9bb995a6c7cc73e228604332b87407109c77cbd78faed459890b45975782a24,lhIS+WjWdu7nwVo2eeSh1fX8D+pCzpAo3q6D86Frg0w=,1a8e78dd0c304d3cb7dd3c6fb76349c3e350351c3abea0df9963ff3f9a5ac384,WZY+hRPNwDgRy/pgITrJsqP8Rz1qHYP3HLGAXDtRUjs=,29ac3bebc7d8bf95fc566b7fd18bb82a91593b8a3a0877f87ec4350551f94d53,,,,,,,,,,,,,,,,,b2afd936d3b1a7031c2606d852982d7e301c1d93bdb52e37b14197f77024ff25,audit_trails/artifacts/accepted_runtime_submissions/T2_DF_KS_TADP_client_000_r19_b9bb995a6c7cc73e__b2afd936d3b1a703.json,,,,,,,,,,,,,f81d6c3a4dc622a9a95ac51fbd689f2ddd4f3750ff4145e1b590346aa6b59913,30fedaf78fa6743e220dbf035cf6c5ec8a974d73c630f79b4a1d27ccab01e0f9,,
358,d1de9c5ac42b895419bba5bb6be437d0,9807b00ec9f05c0ed690f948a024469da45a3923628918d48e6175fa51233777,2026-08-22T17:49:58.404409+00:00,TADP-SEC/12.1,CLIENT_CIPHERTEXT_BINDING,T2_DF_KS_TADP,,,,client_000,,,,,,,,,,,,,,,,,,,,,,,,,,,,,,,,,,,,,,,,CIPHERTEXT_BOUND_TO_SIGNED_UPDATE,,,,,,,,,,,,,,,,,C2_INTERNAL,2,,,,,,,,,,,,,dd0fddfbc7a6df4febf685f680963423,,,,,,,,,,,,,,19,VERIFIED,,,,,True,,,,,False,Wgm3LlUEkvIZfHuthjRL8s0AWC+GX7ezs+rE+GTbGoM=,b9bb995a6c7cc73e228604332b87407109c77cbd78faed459890b45975782a24,lhIS+WjWdu7nwVo2eeSh1fX8D+pCzpAo3q6D86Frg0w=,ecc18ae85e1318ef4988b52798567e023e4c8aff81db04ee49a48528dfb0ec8e,WZY+hRPNwDgRy/pgITrJsqP8Rz1qHYP3HLGAXDtRUjs=,29ac3bebc7d8bf95fc566b7fd18bb82a91593b8a3a0877f87ec4350551f94d53,T2: real Modified-DF encryption → homomorphic multiplication → matrix-M key switching,reference_python,n=|logq=|scale=|scheme=real_modified_df_ks,df_server_or_authorized_aggregate_key,,,,,,,,,2beed6c3d04c631e0233c30bd63186c3fb50fe679608b008231e802a50df92b0,,3942ded90336013a4661fa73670e00d8c45e5cbab307130a41d7330fe6e524c4,audit_trails/artifacts/ciphertext_attestations/T2_DF_KS_TADP_client_000_r19_5aced965966cf274__3942ded90336013a.json,,,,,,,,,,,,,,,30fedaf78fa6743e220dbf035cf6c5ec8a974d73c630f79b4a1d27ccab01e0f9,5350a023fa83dbfcae633d95af8badc1d6022ef6b38462418844107906b7776c,,
359,beaaf67bf3430116b508a39147a4b4ca,9807b00ec9f05c0ed690f948a024469da45a3923628918d48e6175fa51233777,2026-08-22T17:50:03.130464+00:00,TADP-SEC/12.1,CLIENT_ACCEPTED_SUBMISSION,T2_DF_KS_TADP,,,,client_000,,,,,,,,,,,2.3-phase1-fixed-threshold-critical-floor-review-profile,47dd2e58be138865a6d591a63329509757be6b563afb2badb96beb09eac726e5,a663ab753fcbe1179628a237bb638420356ea261176b970e3553fa59bfe7e9d6,1c154f7d4e37aa15e037310f6b45ff14a874311a582c673470a238929d8125dd,8d877b4c3b654a235066cdd49bf4c7e04e1b662c0cf44a17b54811ea50677e11,VALIDATED_EVIDENCE_BUNDLE,,,,,,,,,,,,,,,,,,,,,,,,UPDATE_SUBMITTED_ENFORCED,,False,NOT_REQUIRED_AUTOMATED_POLICY,False,,,,,,,,,,,,,C2_INTERNAL,2,,,,,,,,6f8a5214daf0d8d5188f7da84fe0931408bac9ce898d47d09d53366ef6cfe2b8,c068640bad122342de0e81050f313e88a0b5bf947d459a5df25df6b117f89be9,,,2026-08-23T17:18:04.591571+00:00,dd0fddfbc7a6df4febf685f680963423,,,,,c0d16c8fe93f1157d9f8deafc4808d94ee4152ca4815d55160da85756c4dd252,21f33f34572c1e7e4167b7ba5f1cfb05872d5dc23a019aafdc03c6dc468acb0c,,,2026-08-22T18:48:14.159954+00:00,eb562985f77fc8a152d2d22d15bfd3f4695b107bdaa4c375fc5dde2be0f10805,active,,,20,ACCEPTED,ALL_BASELINE_CONTROLS,,,,True,True,True,True,True,False,aT1hUq9G7kIBRTyxiLRePtFuCa8jOr5qI4L2LfIGoa0=,c52c51512081dcf636f3dda189001ebafb3c76c4065c840520a732b30d85653a,lhIS+WjWdu7nwVo2eeSh1fX8D+pCzpAo3q6D86Frg0w=,05b7082e7f80f147c1641bae8eee0ebd6e86aa047b8d71f06b6b4e02491ae28f,GJ6oJcBnTv4HNT0D7fWUPEWAEAbIsQSeVAa+r70fe9c=,29ac3bebc7d8bf95fc566b7fd18bb82a91593b8a3a0877f87ec4350551f94d53,,,,,,,,,,,,,,,,,5d502986a7fd3d6a8b078dd0e7e5600d67aa84dca7789e79938da32a121d7735,audit_trails/artifacts/accepted_runtime_submissions/T2_DF_KS_TADP_client_000_r20_c52c51512081dcf6__5d502986a7fd3d6a.json,,,,,,,,,,,,,5350a023fa83dbfcae633d95af8badc1d6022ef6b38462418844107906b7776c,429f45eddcf2488ec7933892325d1e75ca465fbc87e3c2c8ed4b45fb62d8abea,,
360,87ed22cd6429a8a702f94d551f39600d,9807b00ec9f05c0ed690f948a024469da45a3923628918d48e6175fa51233777,2026-08-22T17:50:03.482595+00:00,TADP-SEC/12.1,CLIENT_CIPHERTEXT_BINDING,T2_DF_KS_TADP,,,,client_000,,,,,,,,,,,,,,,,,,,,,,,,,,,,,,,,,,,,,,,,CIPHERTEXT_BOUND_TO_SIGNED_UPDATE,,,,,,,,,,,,,,,,,C2_INTERNAL,2,,,,,,,,,,,,,dd0fddfbc7a6df4febf685f680963423,,,,,,,,,,,,,,20,VERIFIED,,,,,True,,,,,False,aT1hUq9G7kIBRTyxiLRePtFuCa8jOr5qI4L2LfIGoa0=,c52c51512081dcf636f3dda189001ebafb3c76c4065c840520a732b30d85653a,lhIS+WjWdu7nwVo2eeSh1fX8D+pCzpAo3q6D86Frg0w=,5b12ff96ec977f63b9837db343c030e553d87aa87c95db3fb66fe8f744ed9b36,GJ6oJcBnTv4HNT0D7fWUPEWAEAbIsQSeVAa+r70fe9c=,29ac3bebc7d8bf95fc566b7fd18bb82a91593b8a3a0877f87ec4350551f94d53,T2: real Modified-DF encryption → homomorphic multiplication → matrix-M key switching,reference_python,n=|logq=|scale=|scheme=real_modified_df_ks,df_server_or_authorized_aggregate_key,,,,,,,,,935761e2f1800c4785992c3e77b9e2d9d109ffc827a120510642540fd26cc812,,617e85c396a894ab10bd99df5e7ccd3118ece2e851f25c013d418b6b14a136bd,audit_trails/artifacts/ciphertext_attestations/T2_DF_KS_TADP_client_000_r20_08861bd7dd975640__617e85c396a894ab.json,,,,,,,,,,,,,,,429f45eddcf2488ec7933892325d1e75ca465fbc87e3c2c8ed4b45fb62d8abea,2d4bad024df6eadb399a3c8bd30db6530796d53bc8351fa53d7262b8e81c3bc7,,
361,912bc0a7024d2c8c0103b13e5dd0574c,9807b00ec9f05c0ed690f948a024469da45a3923628918d48e6175fa51233777,2026-08-22T17:50:09.876225+00:00,TADP-SEC/12.1,CLIENT_ACCEPTED_SUBMISSION,T2_DF_KS_TADP,,,,client_000,,,,,,,,,,,2.3-phase1-fixed-threshold-critical-floor-review-profile,47dd2e58be138865a6d591a63329509757be6b563afb2badb96beb09eac726e5,a663ab753fcbe1179628a237bb638420356ea261176b970e3553fa59bfe7e9d6,1c154f7d4e37aa15e037310f6b45ff14a874311a582c673470a238929d8125dd,8d877b4c3b654a235066cdd49bf4c7e04e1b662c0cf44a17b54811ea50677e11,VALIDATED_EVIDENCE_BUNDLE,,,,,,,,,,,,,,,,,,,,,,,,UPDATE_SUBMITTED_ENFORCED,,False,NOT_REQUIRED_AUTOMATED_POLICY,False,,,,,,,,,,,,,C2_INTERNAL,2,,,,,,,,6f8a5214daf0d8d5188f7da84fe0931408bac9ce898d47d09d53366ef6cfe2b8,c068640bad122342de0e81050f313e88a0b5bf947d459a5df25df6b117f89be9,,,2026-08-23T17:18:04.591571+00:00,914e8d2d79f9d1f85cd58b184a91ed5e,,,,,3a8ac63d11308a1361ef1021356be60c109de6cbcc14f977fde1836a04b33d7d,b282fa698eefc0573e429e9f1a7614f92f381ced888dce3ecf967058a6a200f5,,,2026-08-22T18:50:09.803570+00:00,eb562985f77fc8a152d2d22d15bfd3f4695b107bdaa4c375fc5dde2be0f10805,active,,,1,ACCEPTED,ALL_BASELINE_CONTROLS,,,,True,True,True,True,True,False,QBMeM4Gy+X4Y2ZkM8f5xATiLm5FpYM4ahZJfpwAeaAI=,db77ebf40b12f99328f7492b0cfde2c593d9a0b584d981cc0ff507064eb88f22,lhIS+WjWdu7nwVo2eeSh1fX8D+pCzpAo3q6D86Frg0w=,6852dcf999d12cb8932913e20e6e58379d413aa248bc40b928585123abdca2c5,zWaanIG/Ulv0T9sLCtTS+EuBdOHG+ZF1EziwsgnsOIM=,29ac3bebc7d8bf95fc566b7fd18bb82a91593b8a3a0877f87ec4350551f94d53,,,,,,,,,,,,,,,,,09cea2b4432249c4c091801a847975d32a24d86ecb7eafd479eeb016e2667637,audit_trails/artifacts/accepted_runtime_submissions/T2_DF_KS_TADP_client_000_r1_db77ebf40b12f993__09cea2b4432249c4.json,,,,,,,,,,,,,2d4bad024df6eadb399a3c8bd30db6530796d53bc8351fa53d7262b8e81c3bc7,5491f1bfcb651ffaf55a8895e010d6bc08d3e9bd0cd8ebd3d0c9c79c68efe5d9,,
362,602c5f90df9246d877addc59db244874,9807b00ec9f05c0ed690f948a024469da45a3923628918d48e6175fa51233777,2026-08-22T17:50:10.237534+00:00,TADP-SEC/12.1,CLIENT_CIPHERTEXT_BINDING,T2_DF_KS_TADP,,,,client_000,,,,,,,,,,,,,,,,,,,,,,,,,,,,,,,,,,,,,,,,CIPHERTEXT_BOUND_TO_SIGNED_UPDATE,,,,,,,,,,,,,,,,,C2_INTERNAL,2,,,,,,,,,,,,,914e8d2d79f9d1f85cd58b184a91ed5e,,,,,,,,,,,,,,1,VERIFIED,,,,,True,,,,,False,QBMeM4Gy+X4Y2ZkM8f5xATiLm5FpYM4ahZJfpwAeaAI=,db77ebf40b12f99328f7492b0cfde2c593d9a0b584d981cc0ff507064eb88f22,lhIS+WjWdu7nwVo2eeSh1fX8D+pCzpAo3q6D86Frg0w=,1f6dd6831153f2814638b2855f914e1d986e834eacd7699411cefa25ad21bc31,zWaanIG/Ulv0T9sLCtTS+EuBdOHG+ZF1EziwsgnsOIM=,29ac3bebc7d8bf95fc566b7fd18bb82a91593b8a3a0877f87ec4350551f94d53,T2: real Modified-DF encryption → homomorphic multiplication → matrix-M key switching,reference_python,n=|logq=|scale=|scheme=real_modified_df_ks,df_server_or_authorized_aggregate_key,,,,,,,,,22437250a8931d2a457a5635df389cb60e7ab6bf77099e5580e1e80aef1311a1,,c29d45925c3b656194ee31fcee64123edbc2e219afc21a8a8eb14b7d0df91e23,audit_trails/artifacts/ciphertext_attestations/T2_DF_KS_TADP_client_000_r1_81bcd956d06215fe__c29d45925c3b6561.json,,,,,,,,,,,,,,,5491f1bfcb651ffaf55a8895e010d6bc08d3e9bd0cd8ebd3d0c9c79c68efe5d9,066eca23786be3f64d6b80f41dcb0a5164b85007cf9940b74315f3462d7cf09d,,
363,af7e6b5d59b290f85f7abd37f3330d84,9807b00ec9f05c0ed690f948a024469da45a3923628918d48e6175fa51233777,2026-08-22T17:50:15.000708+00:00,TADP-SEC/12.1,CLIENT_ACCEPTED_SUBMISSION,T2_DF_KS_TADP,,,,client_000,,,,,,,,,,,2.3-phase1-fixed-threshold-critical-floor-review-profile,47dd2e58be138865a6d591a63329509757be6b563afb2badb96beb09eac726e5,a663ab753fcbe1179628a237bb638420356ea261176b970e3553fa59bfe7e9d6,1c154f7d4e37aa15e037310f6b45ff14a874311a582c673470a238929d8125dd,8d877b4c3b654a235066cdd49bf4c7e04e1b662c0cf44a17b54811ea50677e11,VALIDATED_EVIDENCE_BUNDLE,,,,,,,,,,,,,,,,,,,,,,,,UPDATE_SUBMITTED_ENFORCED,,False,NOT_REQUIRED_AUTOMATED_POLICY,False,,,,,,,,,,,,,C2_INTERNAL,2,,,,,,,,6f8a5214daf0d8d5188f7da84fe0931408bac9ce898d47d09d53366ef6cfe2b8,c068640bad122342de0e81050f313e88a0b5bf947d459a5df25df6b117f89be9,,,2026-08-23T17:18:04.591571+00:00,914e8d2d79f9d1f85cd58b184a91ed5e,,,,,3a8ac63d11308a1361ef1021356be60c109de6cbcc14f977fde1836a04b33d7d,b282fa698eefc0573e429e9f1a7614f92f381ced888dce3ecf967058a6a200f5,,,2026-08-22T18:50:09.803570+00:00,eb562985f77fc8a152d2d22d15bfd3f4695b107bdaa4c375fc5dde2be0f10805,active,,,2,ACCEPTED,ALL_BASELINE_CONTROLS,,,,True,True,True,True,True,False,fT8AouSPgfXyjJ8nhs3sBhUEWZwAwMhuF2DLjlhYcU8=,7dd3b77561d270dafcdb993290d0fc3023abf6ddff6d721d197aff43ccb2fba9,lhIS+WjWdu7nwVo2eeSh1fX8D+pCzpAo3q6D86Frg0w=,435cb87b81a3a8ecb0410b980c8614a75527a01a7985ceb35e3def62b06712b8,iH8DdTlaQvt5lEI1f4660iI5pbFda3hEMLmkV9bSzN4=,29ac3bebc7d8bf95fc566b7fd18bb82a91593b8a3a0877f87ec4350551f94d53,,,,,,,,,,,,,,,,,15240de42d2cb381020bb8958efe60a60b9b9f091ff319d1d0c603254a7975f3,audit_trails/artifacts/accepted_runtime_submissions/T2_DF_KS_TADP_client_000_r2_7dd3b77561d270da__15240de42d2cb381.json,,,,,,,,,,,,,066eca23786be3f64d6b80f41dcb0a5164b85007cf9940b74315f3462d7cf09d,7267bcfb61eb2940bdcdc92baa1ec8db4df52fd89bb5cc9affea331b30b4f81b,,
364,5d9c394e0d21028e4a472653ef31bdfd,9807b00ec9f05c0ed690f948a024469da45a3923628918d48e6175fa51233777,2026-08-22T17:50:15.364298+00:00,TADP-SEC/12.1,CLIENT_CIPHERTEXT_BINDING,T2_DF_KS_TADP,,,,client_000,,,,,,,,,,,,,,,,,,,,,,,,,,,,,,,,,,,,,,,,CIPHERTEXT_BOUND_TO_SIGNED_UPDATE,,,,,,,,,,,,,,,,,C2_INTERNAL,2,,,,,,,,,,,,,914e8d2d79f9d1f85cd58b184a91ed5e,,,,,,,,,,,,,,2,VERIFIED,,,,,True,,,,,False,fT8AouSPgfXyjJ8nhs3sBhUEWZwAwMhuF2DLjlhYcU8=,7dd3b77561d270dafcdb993290d0fc3023abf6ddff6d721d197aff43ccb2fba9,lhIS+WjWdu7nwVo2eeSh1fX8D+pCzpAo3q6D86Frg0w=,bdd50e4493e349e0328149484d6c15bf9e66001428e2397a9d1eb76f5b2cfe69,iH8DdTlaQvt5lEI1f4660iI5pbFda3hEMLmkV9bSzN4=,29ac3bebc7d8bf95fc566b7fd18bb82a91593b8a3a0877f87ec4350551f94d53,T2: real Modified-DF encryption → homomorphic multiplication → matrix-M key switching,reference_python,n=|logq=|scale=|scheme=real_modified_df_ks,df_server_or_authorized_aggregate_key,,,,,,,,,e1137937b73ce576aa7554dda2807ac9a445a9941d34a7399eb81877c5fb80f2,,54e7a6963b984d1a67559d5ecbfa83b90c0e45b7fc06278e5b861cbf22ba6813,audit_trails/artifacts/ciphertext_attestations/T2_DF_KS_TADP_client_000_r2_d8bf5fb925a9a722__54e7a6963b984d1a.json,,,,,,,,,,,,,,,7267bcfb61eb2940bdcdc92baa1ec8db4df52fd89bb5cc9affea331b30b4f81b,35a07ba046810c05b3d98b5e404bd61dca6ef98123b1ffb45c643743d35db662,,
365,d5c22a459a03ecbcfe9d519ab1b036f2,9807b00ec9f05c0ed690f948a024469da45a3923628918d48e6175fa51233777,2026-08-22T17:50:21.115840+00:00,TADP-SEC/12.1,CLIENT_ACCEPTED_SUBMISSION,T2_DF_KS_TADP,,,,client_000,,,,,,,,,,,2.3-phase1-fixed-threshold-critical-floor-review-profile,47dd2e58be138865a6d591a63329509757be6b563afb2badb96beb09eac726e5,a663ab753fcbe1179628a237bb638420356ea261176b970e3553fa59bfe7e9d6,1c154f7d4e37aa15e037310f6b45ff14a874311a582c673470a238929d8125dd,8d877b4c3b654a235066cdd49bf4c7e04e1b662c0cf44a17b54811ea50677e11,VALIDATED_EVIDENCE_BUNDLE,,,,,,,,,,,,,,,,,,,,,,,,UPDATE_SUBMITTED_ENFORCED,,False,NOT_REQUIRED_AUTOMATED_POLICY,False,,,,,,,,,,,,,C2_INTERNAL,2,,,,,,,,6f8a5214daf0d8d5188f7da84fe0931408bac9ce898d47d09d53366ef6cfe2b8,c068640bad122342de0e81050f313e88a0b5bf947d459a5df25df6b117f89be9,,,2026-08-23T17:18:04.591571+00:00,914e8d2d79f9d1f85cd58b184a91ed5e,,,,,3a8ac63d11308a1361ef1021356be60c109de6cbcc14f977fde1836a04b33d7d,b282fa698eefc0573e429e9f1a7614f92f381ced888dce3ecf967058a6a200f5,,,2026-08-22T18:50:09.803570+00:00,eb562985f77fc8a152d2d22d15bfd3f4695b107bdaa4c375fc5dde2be0f10805,active,,,3,ACCEPTED,ALL_BASELINE_CONTROLS,,,,True,True,True,True,True,False,tuddb00r4UtjUn4+vBOWTpi2Que1I3EKp4M9zwyeZEU=,3a73db27beb7c01974980d8fec9215a2786c9677d1126963e9a131dd0b53bfe2,lhIS+WjWdu7nwVo2eeSh1fX8D+pCzpAo3q6D86Frg0w=,39289567e2100841e90324766e313ba629c196b5b0448e80f382eacfec5d3677,rthm+t4u9vWTn324ay5vWIbfvMm6b0scC36fOTJ7dpA=,29ac3bebc7d8bf95fc566b7fd18bb82a91593b8a3a0877f87ec4350551f94d53,,,,,,,,,,,,,,,,,e7c01c98975b0175130d07060582499e1d82de5ec222c6b50d774a446b80405d,audit_trails/artifacts/accepted_runtime_submissions/T2_DF_KS_TADP_client_000_r3_3a73db27beb7c019__e7c01c98975b0175.json,,,,,,,,,,,,,35a07ba046810c05b3d98b5e404bd61dca6ef98123b1ffb45c643743d35db662,ef0e2d03c86ccc58c2e2de36def042a7f17bce58ef283977e3ff9f9ba0891a80,,
366,b5d9045797ba619511f14dea3ff7d9fc,9807b00ec9f05c0ed690f948a024469da45a3923628918d48e6175fa51233777,2026-08-22T17:50:21.726241+00:00,TADP-SEC/12.1,CLIENT_CIPHERTEXT_BINDING,T2_DF_KS_TADP,,,,client_000,,,,,,,,,,,,,,,,,,,,,,,,,,,,,,,,,,,,,,,,CIPHERTEXT_BOUND_TO_SIGNED_UPDATE,,,,,,,,,,,,,,,,,C2_INTERNAL,2,,,,,,,,,,,,,914e8d2d79f9d1f85cd58b184a91ed5e,,,,,,,,,,,,,,3,VERIFIED,,,,,True,,,,,False,tuddb00r4UtjUn4+vBOWTpi2Que1I3EKp4M9zwyeZEU=,3a73db27beb7c01974980d8fec9215a2786c9677d1126963e9a131dd0b53bfe2,lhIS+WjWdu7nwVo2eeSh1fX8D+pCzpAo3q6D86Frg0w=,061b20a4be9cbbbb27c3d0951089334aca9ba6661a303b05206c68af13a930ad,rthm+t4u9vWTn324ay5vWIbfvMm6b0scC36fOTJ7dpA=,29ac3bebc7d8bf95fc566b7fd18bb82a91593b8a3a0877f87ec4350551f94d53,T2: real Modified-DF encryption → homomorphic multiplication → matrix-M key switching,reference_python,n=|logq=|scale=|scheme=real_modified_df_ks,df_server_or_authorized_aggregate_key,,,,,,,,,bddbbc756414563d3209a21ef502f61323f3589838274b31480401953b62093d,,8909c459e34f17b01a1846dedda3afbb15a2882d292a15b0b95694c3f12f12dd,audit_trails/artifacts/ciphertext_attestations/T2_DF_KS_TADP_client_000_r3_519046e7735d3007__8909c459e34f17b0.json,,,,,,,,,,,,,,,ef0e2d03c86ccc58c2e2de36def042a7f17bce58ef283977e3ff9f9ba0891a80,c74ef9d4a51b47a7dded14c3f7b0eb80c3434d60631ec7e8068fb36ba3916603,,
367,8cd8f5677b078cd50d5ac1296813b0a8,9807b00ec9f05c0ed690f948a024469da45a3923628918d48e6175fa51233777,2026-08-22T17:50:26.660025+00:00,TADP-SEC/12.1,CLIENT_ACCEPTED_SUBMISSION,T2_DF_KS_TADP,,,,client_000,,,,,,,,,,,2.3-phase1-fixed-threshold-critical-floor-review-profile,47dd2e58be138865a6d591a63329509757be6b563afb2badb96beb09eac726e5,a663ab753fcbe1179628a237bb638420356ea261176b970e3553fa59bfe7e9d6,1c154f7d4e37aa15e037310f6b45ff14a874311a582c673470a238929d8125dd,8d877b4c3b654a235066cdd49bf4c7e04e1b662c0cf44a17b54811ea50677e11,VALIDATED_EVIDENCE_BUNDLE,,,,,,,,,,,,,,,,,,,,,,,,UPDATE_SUBMITTED_ENFORCED,,False,NOT_REQUIRED_AUTOMATED_POLICY,False,,,,,,,,,,,,,C2_INTERNAL,2,,,,,,,,6f8a5214daf0d8d5188f7da84fe0931408bac9ce898d47d09d53366ef6cfe2b8,c068640bad122342de0e81050f313e88a0b5bf947d459a5df25df6b117f89be9,,,2026-08-23T17:18:04.591571+00:00,914e8d2d79f9d1f85cd58b184a91ed5e,,,,,3a8ac63d11308a1361ef1021356be60c109de6cbcc14f977fde1836a04b33d7d,b282fa698eefc0573e429e9f1a7614f92f381ced888dce3ecf967058a6a200f5,,,2026-08-22T18:50:09.803570+00:00,eb562985f77fc8a152d2d22d15bfd3f4695b107bdaa4c375fc5dde2be0f10805,active,,,4,ACCEPTED,ALL_BASELINE_CONTROLS,,,,True,True,True,True,True,False,fImA5S2VADmdYD7o7CYoRl4aakhd+y/Zaw+tXEkOfrc=,9ee7c12e26b8726bf803cb1b8d691b50eb43fd3a3e6cff2ccec0141b2c7579b7,lhIS+WjWdu7nwVo2eeSh1fX8D+pCzpAo3q6D86Frg0w=,0fc6fdbb534be41ab9af6b532a06cf63422ce30a005ed19aeaaebc03f22e3d9e,FqeCR7aHc1XY5dkUc0aXhqd7ZDoXqh3m2nLLE3eu7do=,29ac3bebc7d8bf95fc566b7fd18bb82a91593b8a3a0877f87ec4350551f94d53,,,,,,,,,,,,,,,,,e8423c25a86851b1fd4edf03115f80bd120e3b239a992cb9f2dddd05200546ea,audit_trails/artifacts/accepted_runtime_submissions/T2_DF_KS_TADP_client_000_r4_9ee7c12e26b8726b__e8423c25a86851b1.json,,,,,,,,,,,,,c74ef9d4a51b47a7dded14c3f7b0eb80c3434d60631ec7e8068fb36ba3916603,3f10b9e7e23fbf067bad829aad42d2a5cd205a40cd8cde782cccf8b33fda6e2f,,
368,591629bf25b7bcaf5c5f149d05f217c0,9807b00ec9f05c0ed690f948a024469da45a3923628918d48e6175fa51233777,2026-08-22T17:50:27.013551+00:00,TADP-SEC/12.1,CLIENT_CIPHERTEXT_BINDING,T2_DF_KS_TADP,,,,client_000,,,,,,,,,,,,,,,,,,,,,,,,,,,,,,,,,,,,,,,,CIPHERTEXT_BOUND_TO_SIGNED_UPDATE,,,,,,,,,,,,,,,,,C2_INTERNAL,2,,,,,,,,,,,,,914e8d2d79f9d1f85cd58b184a91ed5e,,,,,,,,,,,,,,4,VERIFIED,,,,,True,,,,,False,fImA5S2VADmdYD7o7CYoRl4aakhd+y/Zaw+tXEkOfrc=,9ee7c12e26b8726bf803cb1b8d691b50eb43fd3a3e6cff2ccec0141b2c7579b7,lhIS+WjWdu7nwVo2eeSh1fX8D+pCzpAo3q6D86Frg0w=,cfaf2518d009742b2b8bc19be1d2b6530ee442588c76c108d8bc8f953dd93744,FqeCR7aHc1XY5dkUc0aXhqd7ZDoXqh3m2nLLE3eu7do=,29ac3bebc7d8bf95fc566b7fd18bb82a91593b8a3a0877f87ec4350551f94d53,T2: real Modified-DF encryption → homomorphic multiplication → matrix-M key switching,reference_python,n=|logq=|scale=|scheme=real_modified_df_ks,df_server_or_authorized_aggregate_key,,,,,,,,,97b16ad618f179c8400217f6416a343af4f3c926430c4e99191b63c42a69cae5,,9d303a511e6a47ec03cc7ee874b56246b775bf05ef6fc7d236f5a49c4872a57b,audit_trails/artifacts/ciphertext_attestations/T2_DF_KS_TADP_client_000_r4_dfde2a721c6f3c83__9d303a511e6a47ec.json,,,,,,,,,,,,,,,3f10b9e7e23fbf067bad829aad42d2a5cd205a40cd8cde782cccf8b33fda6e2f,512025e79cc4e9b98e6e6fba019a1e0e4f94f546b09ae5df3ba63bd636cfaac3,,
369,a46f675d781c3f5ed3ffd6df33f16aea,9807b00ec9f05c0ed690f948a024469da45a3923628918d48e6175fa51233777,2026-08-22T17:50:31.724604+00:00,TADP-SEC/12.1,CLIENT_ACCEPTED_SUBMISSION,T2_DF_KS_TADP,,,,client_000,,,,,,,,,,,2.3-phase1-fixed-threshold-critical-floor-review-profile,47dd2e58be138865a6d591a63329509757be6b563afb2badb96beb09eac726e5,a663ab753fcbe1179628a237bb638420356ea261176b970e3553fa59bfe7e9d6,1c154f7d4e37aa15e037310f6b45ff14a874311a582c673470a238929d8125dd,8d877b4c3b654a235066cdd49bf4c7e04e1b662c0cf44a17b54811ea50677e11,VALIDATED_EVIDENCE_BUNDLE,,,,,,,,,,,,,,,,,,,,,,,,UPDATE_SUBMITTED_ENFORCED,,False,NOT_REQUIRED_AUTOMATED_POLICY,False,,,,,,,,,,,,,C2_INTERNAL,2,,,,,,,,6f8a5214daf0d8d5188f7da84fe0931408bac9ce898d47d09d53366ef6cfe2b8,c068640bad122342de0e81050f313e88a0b5bf947d459a5df25df6b117f89be9,,,2026-08-23T17:18:04.591571+00:00,914e8d2d79f9d1f85cd58b184a91ed5e,,,,,3a8ac63d11308a1361ef1021356be60c109de6cbcc14f977fde1836a04b33d7d,b282fa698eefc0573e429e9f1a7614f92f381ced888dce3ecf967058a6a200f5,,,2026-08-22T18:50:09.803570+00:00,eb562985f77fc8a152d2d22d15bfd3f4695b107bdaa4c375fc5dde2be0f10805,active,,,5,ACCEPTED,ALL_BASELINE_CONTROLS,,,,True,True,True,True,True,False,xwur78Vz6v+3VSCocLHZAnx5952TsG5vwP4h4LBMBLg=,527b9fda601250a4d73d09c6641ddcd94fda04066ae7d2f54c5233181bbbae58,lhIS+WjWdu7nwVo2eeSh1fX8D+pCzpAo3q6D86Frg0w=,5a6bce522168c940405e1d58f0b77d9483efea820cf7594072864974cf024810,gPXGvBR4zMLW2ODJ/C0ORxU9d4ut2EPNCrGgZZuWHls=,29ac3bebc7d8bf95fc566b7fd18bb82a91593b8a3a0877f87ec4350551f94d53,,,,,,,,,,,,,,,,,60f2764e61497cb4992bd38afd94fa3968426ac8e5e3949599ff6df2c3f4f50a,audit_trails/artifacts/accepted_runtime_submissions/T2_DF_KS_TADP_client_000_r5_527b9fda601250a4__60f2764e61497cb4.json,,,,,,,,,,,,,512025e79cc4e9b98e6e6fba019a1e0e4f94f546b09ae5df3ba63bd636cfaac3,510d579620df9d12a72892d1aaeb0559db5f25c0f4ec14621b01456e38073d65,,
370,975d526b58c18cc12e1247ca585649b3,9807b00ec9f05c0ed690f948a024469da45a3923628918d48e6175fa51233777,2026-08-22T17:50:32.094927+00:00,TADP-SEC/12.1,CLIENT_CIPHERTEXT_BINDING,T2_DF_KS_TADP,,,,client_000,,,,,,,,,,,,,,,,,,,,,,,,,,,,,,,,,,,,,,,,CIPHERTEXT_BOUND_TO_SIGNED_UPDATE,,,,,,,,,,,,,,,,,C2_INTERNAL,2,,,,,,,,,,,,,914e8d2d79f9d1f85cd58b184a91ed5e,,,,,,,,,,,,,,5,VERIFIED,,,,,True,,,,,False,xwur78Vz6v+3VSCocLHZAnx5952TsG5vwP4h4LBMBLg=,527b9fda601250a4d73d09c6641ddcd94fda04066ae7d2f54c5233181bbbae58,lhIS+WjWdu7nwVo2eeSh1fX8D+pCzpAo3q6D86Frg0w=,cb83874ebc228af9d5f0ef2e32b2ac96917e1e791c40531fbf28f70f5ac54d13,gPXGvBR4zMLW2ODJ/C0ORxU9d4ut2EPNCrGgZZuWHls=,29ac3bebc7d8bf95fc566b7fd18bb82a91593b8a3a0877f87ec4350551f94d53,T2: real Modified-DF encryption → homomorphic multiplication → matrix-M key switching,reference_python,n=|logq=|scale=|scheme=real_modified_df_ks,df_server_or_authorized_aggregate_key,,,,,,,,,f17fed388e3069e3c8a283a9807433361b366f7315f0fcd1f7a0c6dcf4b60816,,c404581c1202c9aac97cd4fa0b6dc9d9d1b555ba72fbc5cf86b1efd9a614504c,audit_trails/artifacts/ciphertext_attestations/T2_DF_KS_TADP_client_000_r5_d60173cb8747ab2b__c404581c1202c9aa.json,,,,,,,,,,,,,,,510d579620df9d12a72892d1aaeb0559db5f25c0f4ec14621b01456e38073d65,319733459b1e3efc02bc7a100f16c3685305f789ab9860e2089776110f4a989a,,
371,2778b168f22f7c30fb37a8c23f1cf68f,9807b00ec9f05c0ed690f948a024469da45a3923628918d48e6175fa51233777,2026-08-22T17:50:38.366636+00:00,TADP-SEC/12.1,CLIENT_ACCEPTED_SUBMISSION,T2_DF_KS_TADP,,,,client_000,,,,,,,,,,,2.3-phase1-fixed-threshold-critical-floor-review-profile,47dd2e58be138865a6d591a63329509757be6b563afb2badb96beb09eac726e5,a663ab753fcbe1179628a237bb638420356ea261176b970e3553fa59bfe7e9d6,1c154f7d4e37aa15e037310f6b45ff14a874311a582c673470a238929d8125dd,8d877b4c3b654a235066cdd49bf4c7e04e1b662c0cf44a17b54811ea50677e11,VALIDATED_EVIDENCE_BUNDLE,,,,,,,,,,,,,,,,,,,,,,,,UPDATE_SUBMITTED_ENFORCED,,False,NOT_REQUIRED_AUTOMATED_POLICY,False,,,,,,,,,,,,,C2_INTERNAL,2,,,,,,,,6f8a5214daf0d8d5188f7da84fe0931408bac9ce898d47d09d53366ef6cfe2b8,c068640bad122342de0e81050f313e88a0b5bf947d459a5df25df6b117f89be9,,,2026-08-23T17:18:04.591571+00:00,914e8d2d79f9d1f85cd58b184a91ed5e,,,,,3a8ac63d11308a1361ef1021356be60c109de6cbcc14f977fde1836a04b33d7d,b282fa698eefc0573e429e9f1a7614f92f381ced888dce3ecf967058a6a200f5,,,2026-08-22T18:50:09.803570+00:00,eb562985f77fc8a152d2d22d15bfd3f4695b107bdaa4c375fc5dde2be0f10805,active,,,6,ACCEPTED,ALL_BASELINE_CONTROLS,,,,True,True,True,True,True,False,gdvM6kd5kBqsB2ya2wBa8IjEFW2Bfmbl9gJrMeZ3s2w=,e43c65db18f38b1c6994a7734600ebecd90435f67e2b8baf5a099f94d18a92da,lhIS+WjWdu7nwVo2eeSh1fX8D+pCzpAo3q6D86Frg0w=,844e6041a3b4b10e7541709a735e708fb9c1c8bd38ec36aa107186b18b11376c,4odor9atKbDHXHbDbF0aTOTwd4xTuRmAW6NLxKcfS9U=,29ac3bebc7d8bf95fc566b7fd18bb82a91593b8a3a0877f87ec4350551f94d53,,,,,,,,,,,,,,,,,2ed410f9ff5b0905b507ddcf82fe4de22b94aa22f6a0bc3cf2c3000b0b5ca738,audit_trails/artifacts/accepted_runtime_submissions/T2_DF_KS_TADP_client_000_r6_e43c65db18f38b1c__2ed410f9ff5b0905.json,,,,,,,,,,,,,319733459b1e3efc02bc7a100f16c3685305f789ab9860e2089776110f4a989a,1f4a0cb4e2b192e7dede5a93d7ce9107af1d6875bf84feeb4d2646774d807cad,,
372,85fa8f7f842c62dbd8857dee34140a10,9807b00ec9f05c0ed690f948a024469da45a3923628918d48e6175fa51233777,2026-08-22T17:50:38.724535+00:00,TADP-SEC/12.1,CLIENT_CIPHERTEXT_BINDING,T2_DF_KS_TADP,,,,client_000,,,,,,,,,,,,,,,,,,,,,,,,,,,,,,,,,,,,,,,,CIPHERTEXT_BOUND_TO_SIGNED_UPDATE,,,,,,,,,,,,,,,,,C2_INTERNAL,2,,,,,,,,,,,,,914e8d2d79f9d1f85cd58b184a91ed5e,,,,,,,,,,,,,,6,VERIFIED,,,,,True,,,,,False,gdvM6kd5kBqsB2ya2wBa8IjEFW2Bfmbl9gJrMeZ3s2w=,e43c65db18f38b1c6994a7734600ebecd90435f67e2b8baf5a099f94d18a92da,lhIS+WjWdu7nwVo2eeSh1fX8D+pCzpAo3q6D86Frg0w=,fd5ac80f13ab8730195d30eb4c379f7e587b4300926ff227172df170f7a02e71,4odor9atKbDHXHbDbF0aTOTwd4xTuRmAW6NLxKcfS9U=,29ac3bebc7d8bf95fc566b7fd18bb82a91593b8a3a0877f87ec4350551f94d53,T2: real Modified-DF encryption → homomorphic multiplication → matrix-M key switching,reference_python,n=|logq=|scale=|scheme=real_modified_df_ks,df_server_or_authorized_aggregate_key,,,,,,,,,1ddaa581f8210640d54b8fe5375d0603ff466066b82a5e221f4aa80e3145142c,,ecc8c02ce7afec0caa022b7245fc33598e8145acc4477f7a3b54d8c670fce2cf,audit_trails/artifacts/ciphertext_attestations/T2_DF_KS_TADP_client_000_r6_5a9dd8d0e2ed1ffd__ecc8c02ce7afec0c.json,,,,,,,,,,,,,,,1f4a0cb4e2b192e7dede5a93d7ce9107af1d6875bf84feeb4d2646774d807cad,28970a1cba6d00f2e601023e45857e3acccd8743165f92a627377dd3aa72bdb8,,
373,3bf39be5249ce4570ee5a74517558f49,9807b00ec9f05c0ed690f948a024469da45a3923628918d48e6175fa51233777,2026-08-22T17:50:43.542389+00:00,TADP-SEC/12.1,CLIENT_ACCEPTED_SUBMISSION,T2_DF_KS_TADP,,,,client_000,,,,,,,,,,,2.3-phase1-fixed-threshold-critical-floor-review-profile,47dd2e58be138865a6d591a63329509757be6b563afb2badb96beb09eac726e5,a663ab753fcbe1179628a237bb638420356ea261176b970e3553fa59bfe7e9d6,1c154f7d4e37aa15e037310f6b45ff14a874311a582c673470a238929d8125dd,8d877b4c3b654a235066cdd49bf4c7e04e1b662c0cf44a17b54811ea50677e11,VALIDATED_EVIDENCE_BUNDLE,,,,,,,,,,,,,,,,,,,,,,,,UPDATE_SUBMITTED_ENFORCED,,False,NOT_REQUIRED_AUTOMATED_POLICY,False,,,,,,,,,,,,,C2_INTERNAL,2,,,,,,,,6f8a5214daf0d8d5188f7da84fe0931408bac9ce898d47d09d53366ef6cfe2b8,c068640bad122342de0e81050f313e88a0b5bf947d459a5df25df6b117f89be9,,,2026-08-23T17:18:04.591571+00:00,914e8d2d79f9d1f85cd58b184a91ed5e,,,,,3a8ac63d11308a1361ef1021356be60c109de6cbcc14f977fde1836a04b33d7d,b282fa698eefc0573e429e9f1a7614f92f381ced888dce3ecf967058a6a200f5,,,2026-08-22T18:50:09.803570+00:00,eb562985f77fc8a152d2d22d15bfd3f4695b107bdaa4c375fc5dde2be0f10805,active,,,7,ACCEPTED,ALL_BASELINE_CONTROLS,,,,True,True,True,True,True,False,9fP/Im7o6ZYB/G7mfj/lZ+QtmvPf1ONi4+debSeP0KM=,cb26fcd1c5b6cb5226aa78c718609edb5005328b5d08742b5e565ee108144d9d,lhIS+WjWdu7nwVo2eeSh1fX8D+pCzpAo3q6D86Frg0w=,f3779048f78c33452b3e869bbed51bae6c075dc2ce8c69ec438692a7d9d5eeeb,lUguFFe/Bwj2Xe9XyegFqpENQWXgNFVvy+7hu+hEWtU=,29ac3bebc7d8bf95fc566b7fd18bb82a91593b8a3a0877f87ec4350551f94d53,,,,,,,,,,,,,,,,,9633054ed4f4b9ee2070acbc91b6b544db718f65dc30391a77c53b4f18c5c23a,audit_trails/artifacts/accepted_runtime_submissions/T2_DF_KS_TADP_client_000_r7_cb26fcd1c5b6cb52__9633054ed4f4b9ee.json,,,,,,,,,,,,,28970a1cba6d00f2e601023e45857e3acccd8743165f92a627377dd3aa72bdb8,2773e9d4e606f3dfc596ae6a800bda3dc7da36733df097913b01b3fb33352da3,,
374,e9b081f5e5c1ebe71f44d64a2f294ea6,9807b00ec9f05c0ed690f948a024469da45a3923628918d48e6175fa51233777,2026-08-22T17:50:43.897038+00:00,TADP-SEC/12.1,CLIENT_CIPHERTEXT_BINDING,T2_DF_KS_TADP,,,,client_000,,,,,,,,,,,,,,,,,,,,,,,,,,,,,,,,,,,,,,,,CIPHERTEXT_BOUND_TO_SIGNED_UPDATE,,,,,,,,,,,,,,,,,C2_INTERNAL,2,,,,,,,,,,,,,914e8d2d79f9d1f85cd58b184a91ed5e,,,,,,,,,,,,,,7,VERIFIED,,,,,True,,,,,False,9fP/Im7o6ZYB/G7mfj/lZ+QtmvPf1ONi4+debSeP0KM=,cb26fcd1c5b6cb5226aa78c718609edb5005328b5d08742b5e565ee108144d9d,lhIS+WjWdu7nwVo2eeSh1fX8D+pCzpAo3q6D86Frg0w=,8565e221024ebe443a9ccb9d330eae4db5ff932bca18534890865a2e4706590e,lUguFFe/Bwj2Xe9XyegFqpENQWXgNFVvy+7hu+hEWtU=,29ac3bebc7d8bf95fc566b7fd18bb82a91593b8a3a0877f87ec4350551f94d53,T2: real Modified-DF encryption → homomorphic multiplication → matrix-M key switching,reference_python,n=|logq=|scale=|scheme=real_modified_df_ks,df_server_or_authorized_aggregate_key,,,,,,,,,b4225e187f16bdc115e439fe53bbbf6228dd57fbbeac20af0160e81cab0dceb9,,b4f07fdeca6632c8e5cfc31495946e84b5a63f06301db217d08e7643441eca1a,audit_trails/artifacts/ciphertext_attestations/T2_DF_KS_TADP_client_000_r7_ecb9b17e46cfe384__b4f07fdeca6632c8.json,,,,,,,,,,,,,,,2773e9d4e606f3dfc596ae6a800bda3dc7da36733df097913b01b3fb33352da3,31c26116940f3dd1c329b9529a007c1976b1fdb969ad6a4abd32c222fde96d0b,,
375,7f3e51e4a9023e10ccddfe89aba64b8b,9807b00ec9f05c0ed690f948a024469da45a3923628918d48e6175fa51233777,2026-08-22T17:50:50.189449+00:00,TADP-SEC/12.1,CLIENT_ACCEPTED_SUBMISSION,T2_DF_KS_TADP,,,,client_000,,,,,,,,,,,2.3-phase1-fixed-threshold-critical-floor-review-profile,47dd2e58be138865a6d591a63329509757be6b563afb2badb96beb09eac726e5,a663ab753fcbe1179628a237bb638420356ea261176b970e3553fa59bfe7e9d6,1c154f7d4e37aa15e037310f6b45ff14a874311a582c673470a238929d8125dd,8d877b4c3b654a235066cdd49bf4c7e04e1b662c0cf44a17b54811ea50677e11,VALIDATED_EVIDENCE_BUNDLE,,,,,,,,,,,,,,,,,,,,,,,,UPDATE_SUBMITTED_ENFORCED,,False,NOT_REQUIRED_AUTOMATED_POLICY,False,,,,,,,,,,,,,C2_INTERNAL,2,,,,,,,,6f8a5214daf0d8d5188f7da84fe0931408bac9ce898d47d09d53366ef6cfe2b8,c068640bad122342de0e81050f313e88a0b5bf947d459a5df25df6b117f89be9,,,2026-08-23T17:18:04.591571+00:00,914e8d2d79f9d1f85cd58b184a91ed5e,,,,,3a8ac63d11308a1361ef1021356be60c109de6cbcc14f977fde1836a04b33d7d,b282fa698eefc0573e429e9f1a7614f92f381ced888dce3ecf967058a6a200f5,,,2026-08-22T18:50:09.803570+00:00,eb562985f77fc8a152d2d22d15bfd3f4695b107bdaa4c375fc5dde2be0f10805,active,,,8,ACCEPTED,ALL_BASELINE_CONTROLS,,,,True,True,True,True,True,False,tBx34S6+wFSfUBgnWlIyhqBuIUNqGpMPRfrr+aJsx68=,c5a77875ff31bdd6a087b863f59465679dfe7f0f6a3d1da76070f6cbcedaedf9,lhIS+WjWdu7nwVo2eeSh1fX8D+pCzpAo3q6D86Frg0w=,fb2f12447b9292865b79d02e4119af3577c4a18c5d589d5f72585da3701488c6,Am2HzSivMHIFjUgAcVsDof90254UNKOccb3X8fs9TAQ=,29ac3bebc7d8bf95fc566b7fd18bb82a91593b8a3a0877f87ec4350551f94d53,,,,,,,,,,,,,,,,,549aaad76c57b95a430bfcad1f6a6e7d87bb9e631f8b93dfa29588b1edc46381,audit_trails/artifacts/accepted_runtime_submissions/T2_DF_KS_TADP_client_000_r8_c5a77875ff31bdd6__549aaad76c57b95a.json,,,,,,,,,,,,,31c26116940f3dd1c329b9529a007c1976b1fdb969ad6a4abd32c222fde96d0b,ad666118293fcaace8330b4665ed1fa387f9169ce9da55b875bae81ab721eb83,,
376,30e443b31c0f4a34b9f4f52a857d2d9d,9807b00ec9f05c0ed690f948a024469da45a3923628918d48e6175fa51233777,2026-08-22T17:50:50.544368+00:00,TADP-SEC/12.1,CLIENT_CIPHERTEXT_BINDING,T2_DF_KS_TADP,,,,client_000,,,,,,,,,,,,,,,,,,,,,,,,,,,,,,,,,,,,,,,,CIPHERTEXT_BOUND_TO_SIGNED_UPDATE,,,,,,,,,,,,,,,,,C2_INTERNAL,2,,,,,,,,,,,,,914e8d2d79f9d1f85cd58b184a91ed5e,,,,,,,,,,,,,,8,VERIFIED,,,,,True,,,,,False,tBx34S6+wFSfUBgnWlIyhqBuIUNqGpMPRfrr+aJsx68=,c5a77875ff31bdd6a087b863f59465679dfe7f0f6a3d1da76070f6cbcedaedf9,lhIS+WjWdu7nwVo2eeSh1fX8D+pCzpAo3q6D86Frg0w=,fb93c1852cf983c488fec621d676583261ee7cc87df30b3a909dfa6301eb2b52,Am2HzSivMHIFjUgAcVsDof90254UNKOccb3X8fs9TAQ=,29ac3bebc7d8bf95fc566b7fd18bb82a91593b8a3a0877f87ec4350551f94d53,T2: real Modified-DF encryption → homomorphic multiplication → matrix-M key switching,reference_python,n=|logq=|scale=|scheme=real_modified_df_ks,df_server_or_authorized_aggregate_key,,,,,,,,,fed687161f39ebbc0372c0ef2e2d206b833bcc218a0efa78984f010c98cabef3,,f13d15a51d1fc88a8093d46323d52146815db6f0041ff9554eb4987c9f840acd,audit_trails/artifacts/ciphertext_attestations/T2_DF_KS_TADP_client_000_r8_19ffe33f066569d7__f13d15a51d1fc88a.json,,,,,,,,,,,,,,,ad666118293fcaace8330b4665ed1fa387f9169ce9da55b875bae81ab721eb83,6397b2b695eba493d63b758131f04193c8a181642237d74998f779f66b689052,,
377,bcbcab640129266a3287d3b9b9f3f169,9807b00ec9f05c0ed690f948a024469da45a3923628918d48e6175fa51233777,2026-08-22T17:50:55.359022+00:00,TADP-SEC/12.1,CLIENT_ACCEPTED_SUBMISSION,T2_DF_KS_TADP,,,,client_000,,,,,,,,,,,2.3-phase1-fixed-threshold-critical-floor-review-profile,47dd2e58be138865a6d591a63329509757be6b563afb2badb96beb09eac726e5,a663ab753fcbe1179628a237bb638420356ea261176b970e3553fa59bfe7e9d6,1c154f7d4e37aa15e037310f6b45ff14a874311a582c673470a238929d8125dd,8d877b4c3b654a235066cdd49bf4c7e04e1b662c0cf44a17b54811ea50677e11,VALIDATED_EVIDENCE_BUNDLE,,,,,,,,,,,,,,,,,,,,,,,,UPDATE_SUBMITTED_ENFORCED,,False,NOT_REQUIRED_AUTOMATED_POLICY,False,,,,,,,,,,,,,C2_INTERNAL,2,,,,,,,,6f8a5214daf0d8d5188f7da84fe0931408bac9ce898d47d09d53366ef6cfe2b8,c068640bad122342de0e81050f313e88a0b5bf947d459a5df25df6b117f89be9,,,2026-08-23T17:18:04.591571+00:00,914e8d2d79f9d1f85cd58b184a91ed5e,,,,,3a8ac63d11308a1361ef1021356be60c109de6cbcc14f977fde1836a04b33d7d,b282fa698eefc0573e429e9f1a7614f92f381ced888dce3ecf967058a6a200f5,,,2026-08-22T18:50:09.803570+00:00,eb562985f77fc8a152d2d22d15bfd3f4695b107bdaa4c375fc5dde2be0f10805,active,,,9,ACCEPTED,ALL_BASELINE_CONTROLS,,,,True,True,True,True,True,False,leymsGvSlXOO8POPjYC5HhTFnmdPorig1aGMKbrUFTw=,f26e2078f45f161cff802070ddeb8275f3bcc501dd3e91108e49d7bc1d145769,lhIS+WjWdu7nwVo2eeSh1fX8D+pCzpAo3q6D86Frg0w=,f907fe586d454e55a24f6051cd48f9889d364e59e948e9d29106f3b50f22e63e,xFG6PgjbYwzBEKOJWrwVMJMT7x6CvqekmVaU6THkQmI=,29ac3bebc7d8bf95fc566b7fd18bb82a91593b8a3a0877f87ec4350551f94d53,,,,,,,,,,,,,,,,,8c22ffec57a07c427f7648fce7aa9232dad24c1ee2a247f4a91de321a5e952d6,audit_trails/artifacts/accepted_runtime_submissions/T2_DF_KS_TADP_client_000_r9_f26e2078f45f161c__8c22ffec57a07c42.json,,,,,,,,,,,,,6397b2b695eba493d63b758131f04193c8a181642237d74998f779f66b689052,36403025326d3bef7e267c3147cbe2b85b04f72b4d59b6c012f6d7a1357c1e00,,
378,107c1bbcf1240a39f912cedd1f63cf66,9807b00ec9f05c0ed690f948a024469da45a3923628918d48e6175fa51233777,2026-08-22T17:50:55.712372+00:00,TADP-SEC/12.1,CLIENT_CIPHERTEXT_BINDING,T2_DF_KS_TADP,,,,client_000,,,,,,,,,,,,,,,,,,,,,,,,,,,,,,,,,,,,,,,,CIPHERTEXT_BOUND_TO_SIGNED_UPDATE,,,,,,,,,,,,,,,,,C2_INTERNAL,2,,,,,,,,,,,,,914e8d2d79f9d1f85cd58b184a91ed5e,,,,,,,,,,,,,,9,VERIFIED,,,,,True,,,,,False,leymsGvSlXOO8POPjYC5HhTFnmdPorig1aGMKbrUFTw=,f26e2078f45f161cff802070ddeb8275f3bcc501dd3e91108e49d7bc1d145769,lhIS+WjWdu7nwVo2eeSh1fX8D+pCzpAo3q6D86Frg0w=,3633681d6af6c27be0fb10ff3e4e334a660ad7872284a33eb81405deb52a987e,xFG6PgjbYwzBEKOJWrwVMJMT7x6CvqekmVaU6THkQmI=,29ac3bebc7d8bf95fc566b7fd18bb82a91593b8a3a0877f87ec4350551f94d53,T2: real Modified-DF encryption → homomorphic multiplication → matrix-M key switching,reference_python,n=|logq=|scale=|scheme=real_modified_df_ks,df_server_or_authorized_aggregate_key,,,,,,,,,037fc09d62c49a26471f2f73f1028ffa3cd157219cb5ccac45dc44dd57ac2e8c,,e25a3926cd78b37da809dcfcc8fd7e7ba62a2796451692c6b4af5c044fc5cf75,audit_trails/artifacts/ciphertext_attestations/T2_DF_KS_TADP_client_000_r9_924325b91faf89ea__e25a3926cd78b37d.json,,,,,,,,,,,,,,,36403025326d3bef7e267c3147cbe2b85b04f72b4d59b6c012f6d7a1357c1e00,fb73718286e2f0115536e0036cecce4037d40e42a75233192b87633d17552172,,
379,433816efc4383e73f6dbefc6f894fe56,9807b00ec9f05c0ed690f948a024469da45a3923628918d48e6175fa51233777,2026-08-22T17:51:01.324097+00:00,TADP-SEC/12.1,CLIENT_ACCEPTED_SUBMISSION,T2_DF_KS_TADP,,,,client_000,,,,,,,,,,,2.3-phase1-fixed-threshold-critical-floor-review-profile,47dd2e58be138865a6d591a63329509757be6b563afb2badb96beb09eac726e5,a663ab753fcbe1179628a237bb638420356ea261176b970e3553fa59bfe7e9d6,1c154f7d4e37aa15e037310f6b45ff14a874311a582c673470a238929d8125dd,8d877b4c3b654a235066cdd49bf4c7e04e1b662c0cf44a17b54811ea50677e11,VALIDATED_EVIDENCE_BUNDLE,,,,,,,,,,,,,,,,,,,,,,,,UPDATE_SUBMITTED_ENFORCED,,False,NOT_REQUIRED_AUTOMATED_POLICY,False,,,,,,,,,,,,,C2_INTERNAL,2,,,,,,,,6f8a5214daf0d8d5188f7da84fe0931408bac9ce898d47d09d53366ef6cfe2b8,c068640bad122342de0e81050f313e88a0b5bf947d459a5df25df6b117f89be9,,,2026-08-23T17:18:04.591571+00:00,914e8d2d79f9d1f85cd58b184a91ed5e,,,,,3a8ac63d11308a1361ef1021356be60c109de6cbcc14f977fde1836a04b33d7d,b282fa698eefc0573e429e9f1a7614f92f381ced888dce3ecf967058a6a200f5,,,2026-08-22T18:50:09.803570+00:00,eb562985f77fc8a152d2d22d15bfd3f4695b107bdaa4c375fc5dde2be0f10805,active,,,10,ACCEPTED,ALL_BASELINE_CONTROLS,,,,True,True,True,True,True,False,0x/p1KGxBSpFjnU1wpMm3GC9tDGTjLZMHUVID0KMg6w=,c8f3acca359d65d299df17a60a2c7846383987fb57cf39d1cd83405cc1af3009,lhIS+WjWdu7nwVo2eeSh1fX8D+pCzpAo3q6D86Frg0w=,966ce5e64962a605b74757dc53a9ded107770b25fe5fe752c715b794133c0a9e,SPt0jexcWjmDR6TzjgHoMLWp5XEm2B41jmXvpEdYYrw=,29ac3bebc7d8bf95fc566b7fd18bb82a91593b8a3a0877f87ec4350551f94d53,,,,,,,,,,,,,,,,,513895d05287dcb0a0189dff5e907b62f2d5fa8f08ce1b5739e16de96f35989c,audit_trails/artifacts/accepted_runtime_submissions/T2_DF_KS_TADP_client_000_r10_c8f3acca359d65d2__513895d05287dcb0.json,,,,,,,,,,,,,fb73718286e2f0115536e0036cecce4037d40e42a75233192b87633d17552172,fd1ce9e60ec4b59f760d138589012538c37a32501f60bae025c4d11d3f1281e0,,
380,c25e9b82e78f49a4277e9956b8ddfc29,9807b00ec9f05c0ed690f948a024469da45a3923628918d48e6175fa51233777,2026-08-22T17:51:01.948107+00:00,TADP-SEC/12.1,CLIENT_CIPHERTEXT_BINDING,T2_DF_KS_TADP,,,,client_000,,,,,,,,,,,,,,,,,,,,,,,,,,,,,,,,,,,,,,,,CIPHERTEXT_BOUND_TO_SIGNED_UPDATE,,,,,,,,,,,,,,,,,C2_INTERNAL,2,,,,,,,,,,,,,914e8d2d79f9d1f85cd58b184a91ed5e,,,,,,,,,,,,,,10,VERIFIED,,,,,True,,,,,False,0x/p1KGxBSpFjnU1wpMm3GC9tDGTjLZMHUVID0KMg6w=,c8f3acca359d65d299df17a60a2c7846383987fb57cf39d1cd83405cc1af3009,lhIS+WjWdu7nwVo2eeSh1fX8D+pCzpAo3q6D86Frg0w=,d563f1fd160bac5f83827e8ff1319b628e2c7edc5b77f8bcdcdd8ff4fa27cd40,SPt0jexcWjmDR6TzjgHoMLWp5XEm2B41jmXvpEdYYrw=,29ac3bebc7d8bf95fc566b7fd18bb82a91593b8a3a0877f87ec4350551f94d53,T2: real Modified-DF encryption → homomorphic multiplication → matrix-M key switching,reference_python,n=|logq=|scale=|scheme=real_modified_df_ks,df_server_or_authorized_aggregate_key,,,,,,,,,8e081cc488036ba9d5fd68c85b9d2c1aa9d25140e2dc0b4657c19a74918fadcc,,4c3eafb84308b9a31fc6c28e19fc3df69c5899c87a6a8b4f78ea22f0b48cd990,audit_trails/artifacts/ciphertext_attestations/T2_DF_KS_TADP_client_000_r10_28ffba48384b3fe6__4c3eafb84308b9a3.json,,,,,,,,,,,,,,,fd1ce9e60ec4b59f760d138589012538c37a32501f60bae025c4d11d3f1281e0,60177492f15a1d3791730319823af4a5fc6e68a0edfcc1522429fad462864565,,
381,5b058a270f88297517950e9fea98a589,9807b00ec9f05c0ed690f948a024469da45a3923628918d48e6175fa51233777,2026-08-22T17:51:07.069608+00:00,TADP-SEC/12.1,CLIENT_ACCEPTED_SUBMISSION,T2_DF_KS_TADP,,,,client_000,,,,,,,,,,,2.3-phase1-fixed-threshold-critical-floor-review-profile,47dd2e58be138865a6d591a63329509757be6b563afb2badb96beb09eac726e5,a663ab753fcbe1179628a237bb638420356ea261176b970e3553fa59bfe7e9d6,1c154f7d4e37aa15e037310f6b45ff14a874311a582c673470a238929d8125dd,8d877b4c3b654a235066cdd49bf4c7e04e1b662c0cf44a17b54811ea50677e11,VALIDATED_EVIDENCE_BUNDLE,,,,,,,,,,,,,,,,,,,,,,,,UPDATE_SUBMITTED_ENFORCED,,False,NOT_REQUIRED_AUTOMATED_POLICY,False,,,,,,,,,,,,,C2_INTERNAL,2,,,,,,,,6f8a5214daf0d8d5188f7da84fe0931408bac9ce898d47d09d53366ef6cfe2b8,c068640bad122342de0e81050f313e88a0b5bf947d459a5df25df6b117f89be9,,,2026-08-23T17:18:04.591571+00:00,914e8d2d79f9d1f85cd58b184a91ed5e,,,,,3a8ac63d11308a1361ef1021356be60c109de6cbcc14f977fde1836a04b33d7d,b282fa698eefc0573e429e9f1a7614f92f381ced888dce3ecf967058a6a200f5,,,2026-08-22T18:50:09.803570+00:00,eb562985f77fc8a152d2d22d15bfd3f4695b107bdaa4c375fc5dde2be0f10805,active,,,11,ACCEPTED,ALL_BASELINE_CONTROLS,,,,True,True,True,True,True,False,PXgLSJzNERXQPn7rztNX7peZXeY1TVZchpqnneCnKJk=,0b6142bddb6b28e749a969517556fc2950bff51a8ab7ea4b2a89464bc89d9e48,lhIS+WjWdu7nwVo2eeSh1fX8D+pCzpAo3q6D86Frg0w=,20265d2cb72efa36d3143d263eab0b410cda829dc339078a094c69a442f49621,LhWQtZ0uDOH2awApsurYxwKx54zyASO2q9QoNFWM0YA=,29ac3bebc7d8bf95fc566b7fd18bb82a91593b8a3a0877f87ec4350551f94d53,,,,,,,,,,,,,,,,,9b52b89316a10f0d790133c06b3d0bc774b2ee7c25d063bb79071d97d1edb4a0,audit_trails/artifacts/accepted_runtime_submissions/T2_DF_KS_TADP_client_000_r11_0b6142bddb6b28e7__9b52b89316a10f0d.json,,,,,,,,,,,,,60177492f15a1d3791730319823af4a5fc6e68a0edfcc1522429fad462864565,e190e890a8377772bd773aa4f0de6541f9b4ab1aea59f8d735f3116beb40d2cc,,
382,b75769d7f46fcd0eb0fc88169c22d410,9807b00ec9f05c0ed690f948a024469da45a3923628918d48e6175fa51233777,2026-08-22T17:51:07.426227+00:00,TADP-SEC/12.1,CLIENT_CIPHERTEXT_BINDING,T2_DF_KS_TADP,,,,client_000,,,,,,,,,,,,,,,,,,,,,,,,,,,,,,,,,,,,,,,,CIPHERTEXT_BOUND_TO_SIGNED_UPDATE,,,,,,,,,,,,,,,,,C2_INTERNAL,2,,,,,,,,,,,,,914e8d2d79f9d1f85cd58b184a91ed5e,,,,,,,,,,,,,,11,VERIFIED,,,,,True,,,,,False,PXgLSJzNERXQPn7rztNX7peZXeY1TVZchpqnneCnKJk=,0b6142bddb6b28e749a969517556fc2950bff51a8ab7ea4b2a89464bc89d9e48,lhIS+WjWdu7nwVo2eeSh1fX8D+pCzpAo3q6D86Frg0w=,281c14689bc13f2b4955ed663652a013882539ca3008cb6a33f906a0d9147e5f,LhWQtZ0uDOH2awApsurYxwKx54zyASO2q9QoNFWM0YA=,29ac3bebc7d8bf95fc566b7fd18bb82a91593b8a3a0877f87ec4350551f94d53,T2: real Modified-DF encryption → homomorphic multiplication → matrix-M key switching,reference_python,n=|logq=|scale=|scheme=real_modified_df_ks,df_server_or_authorized_aggregate_key,,,,,,,,,5b9b1618dc2f71f7635494877768b579794fe1cfdd9ff498a6f2b7b3f683c806,,ad22d4db26714ba9c9d80b29ba7b3bfa588a02b5822e885cb3752990322e3a9e,audit_trails/artifacts/ciphertext_attestations/T2_DF_KS_TADP_client_000_r11_fb845976e1267a0d__ad22d4db26714ba9.json,,,,,,,,,,,,,,,e190e890a8377772bd773aa4f0de6541f9b4ab1aea59f8d735f3116beb40d2cc,75d1c4aec79e0de946ba7d4c2584fe6ef6b9318eb74534a94a8f7f6aa134baee,,
383,2461e1f2feffadbe4a8a8b9bfda24556,9807b00ec9f05c0ed690f948a024469da45a3923628918d48e6175fa51233777,2026-08-22T17:51:12.176350+00:00,TADP-SEC/12.1,CLIENT_ACCEPTED_SUBMISSION,T2_DF_KS_TADP,,,,client_000,,,,,,,,,,,2.3-phase1-fixed-threshold-critical-floor-review-profile,47dd2e58be138865a6d591a63329509757be6b563afb2badb96beb09eac726e5,a663ab753fcbe1179628a237bb638420356ea261176b970e3553fa59bfe7e9d6,1c154f7d4e37aa15e037310f6b45ff14a874311a582c673470a238929d8125dd,8d877b4c3b654a235066cdd49bf4c7e04e1b662c0cf44a17b54811ea50677e11,VALIDATED_EVIDENCE_BUNDLE,,,,,,,,,,,,,,,,,,,,,,,,UPDATE_SUBMITTED_ENFORCED,,False,NOT_REQUIRED_AUTOMATED_POLICY,False,,,,,,,,,,,,,C2_INTERNAL,2,,,,,,,,6f8a5214daf0d8d5188f7da84fe0931408bac9ce898d47d09d53366ef6cfe2b8,c068640bad122342de0e81050f313e88a0b5bf947d459a5df25df6b117f89be9,,,2026-08-23T17:18:04.591571+00:00,914e8d2d79f9d1f85cd58b184a91ed5e,,,,,3a8ac63d11308a1361ef1021356be60c109de6cbcc14f977fde1836a04b33d7d,b282fa698eefc0573e429e9f1a7614f92f381ced888dce3ecf967058a6a200f5,,,2026-08-22T18:50:09.803570+00:00,eb562985f77fc8a152d2d22d15bfd3f4695b107bdaa4c375fc5dde2be0f10805,active,,,12,ACCEPTED,ALL_BASELINE_CONTROLS,,,,True,True,True,True,True,False,upWP8bGuH9wIurNguooh/IjMrmPPx+r/bh7FAW7o1Fc=,3dbd9f89fb90a5a63de992c06e7b742c76e45dd8e50f812de50e360dd8789782,lhIS+WjWdu7nwVo2eeSh1fX8D+pCzpAo3q6D86Frg0w=,00dbef39ece4a6aff14e6d5f59cfae699bd8f6ba79f84cdb501042555b442c41,mwq+XReUNI0Ygs983JwDUGSOP3Z91oURhvWTuzCHB40=,29ac3bebc7d8bf95fc566b7fd18bb82a91593b8a3a0877f87ec4350551f94d53,,,,,,,,,,,,,,,,,d3f939cbe43d7f55ec5f5373eb58858fdb59d892e7163e651658693ead4d2bc7,audit_trails/artifacts/accepted_runtime_submissions/T2_DF_KS_TADP_client_000_r12_3dbd9f89fb90a5a6__d3f939cbe43d7f55.json,,,,,,,,,,,,,75d1c4aec79e0de946ba7d4c2584fe6ef6b9318eb74534a94a8f7f6aa134baee,b3d222a7710930f20e8d587a019a52ec1c3d37a47601e88fb40ed0b09a415049,,
384,18ea7128c52b1e4876f3505a46f254e0,9807b00ec9f05c0ed690f948a024469da45a3923628918d48e6175fa51233777,2026-08-22T17:51:12.532734+00:00,TADP-SEC/12.1,CLIENT_CIPHERTEXT_BINDING,T2_DF_KS_TADP,,,,client_000,,,,,,,,,,,,,,,,,,,,,,,,,,,,,,,,,,,,,,,,CIPHERTEXT_BOUND_TO_SIGNED_UPDATE,,,,,,,,,,,,,,,,,C2_INTERNAL,2,,,,,,,,,,,,,914e8d2d79f9d1f85cd58b184a91ed5e,,,,,,,,,,,,,,12,VERIFIED,,,,,True,,,,,False,upWP8bGuH9wIurNguooh/IjMrmPPx+r/bh7FAW7o1Fc=,3dbd9f89fb90a5a63de992c06e7b742c76e45dd8e50f812de50e360dd8789782,lhIS+WjWdu7nwVo2eeSh1fX8D+pCzpAo3q6D86Frg0w=,18f02c0cfe0766d623198f068aa64cead5810fd8263894b7e2c35e9692bee19c,mwq+XReUNI0Ygs983JwDUGSOP3Z91oURhvWTuzCHB40=,29ac3bebc7d8bf95fc566b7fd18bb82a91593b8a3a0877f87ec4350551f94d53,T2: real Modified-DF encryption → homomorphic multiplication → matrix-M key switching,reference_python,n=|logq=|scale=|scheme=real_modified_df_ks,df_server_or_authorized_aggregate_key,,,,,,,,,df0f4dc7c5fd15a2df53f1824d3c65a964012e931002a092632fddd5e3220b56,,bf1626ac20d6e30026fef85d22b077a70838ccde998225183b4091e3ce2585bf,audit_trails/artifacts/ciphertext_attestations/T2_DF_KS_TADP_client_000_r12_a3f820c7e89bc7c4__bf1626ac20d6e300.json,,,,,,,,,,,,,,,b3d222a7710930f20e8d587a019a52ec1c3d37a47601e88fb40ed0b09a415049,7237b56ded5c73b40e5901ddffa24292f8709b8fb8df57c60b1a9cb38958e0f4,,B8ibd+AjcX0hohtWWtOU8TrMpiiuKa8D68KTZpuQ+2iLyNJ1UcG1rPXvEcH1itnXP4r5UGgBLYdNQlC9Kbra1HNmKa4e+WwCZYBBLqKu9qhfejRLVtWBs3tmyyPBat30uMo2msUGKh1bMFhY1a7Gb66p4WetYwRcluaWFQ6AbPmeXbMp2TBAjRm4nYotrl6pWo/H+/o//LfcvRqoAwW6s34Tys99LJfuBvOuYw2oMnnTI9MO9VmU5XA/iF12RcIKWpETC3SwstvZALzniDDMiJFBZN7WrhCdlWT6w2BlfH8nz/CKxTzvtezid05yBBCsE/6L3N3llya8MDZ/nqN/VEmT0j2KlcUlW0u6wLxJ+Ng1CvIIZHT3nJgf9D0465FEDrztNEifT/Fw7X3+why3REsSlUo8tavRLFjBX6Jjd95TZJwMg9lDtGEORkn0Gn0t2pHHPhmAPtzC4PK8l5FsDQXWN+SbRtfmN7lTjhdbSlGuV0l8/+QqeAEuASdDAwRZ
385,015212d0447e2df71761436854b0446b,9807b00ec9f05c0ed690f948a024469da45a3923628918d48e6175fa51233777,2026-08-22T17:51:18.805793+00:00,TADP-SEC/12.1,CLIENT_ACCEPTED_SUBMISSION,T2_DF_KS_TADP,,,,client_000,,,,,,,,,,,2.3-phase1-fixed-threshold-critical-floor-review-profile,47dd2e58be138865a6d591a63329509757be6b563afb2badb96beb09eac726e5,a663ab753fcbe1179628a237bb638420356ea261176b970e3553fa59bfe7e9d6,1c154f7d4e37aa15e037310f6b45ff14a874311a582c673470a238929d8125dd,8d877b4c3b654a235066cdd49bf4c7e04e1b662c0cf44a17b54811ea50677e11,VALIDATED_EVIDENCE_BUNDLE,,,,,,,,,,,,,,,,,,,,,,,,UPDATE_SUBMITTED_ENFORCED,,False,NOT_REQUIRED_AUTOMATED_POLICY,False,,,,,,,,,,,,,C2_INTERNAL,2,,,,,,,,6f8a5214daf0d8d5188f7da84fe0931408bac9ce898d47d09d53366ef6cfe2b8,c068640bad122342de0e81050f313e88a0b5bf947d459a5df25df6b117f89be9,,,2026-08-23T17:18:04.591571+00:00,914e8d2d79f9d1f85cd58b184a91ed5e,,,,,3a8ac63d11308a1361ef1021356be60c109de6cbcc14f977fde1836a04b33d7d,b282fa698eefc0573e429e9f1a7614f92f381ced888dce3ecf967058a6a200f5,,,2026-08-22T18:50:09.803570+00:00,eb562985f77fc8a152d2d22d15bfd3f4695b107bdaa4c375fc5dde2be0f10805,active,,,13,ACCEPTED,ALL_BASELINE_CONTROLS,,,,True,True,True,True,True,False,uNkzias+77Q50ZgPyZkCUfuKWg6Z81BXrjMFPbmJgzQ=,fd63f598ddab21afd400806a38036832dda7c3bdacf2d2e55770e0aa9cf91a9b,lhIS+WjWdu7nwVo2eeSh1fX8D+pCzpAo3q6D86Frg0w=,0f1a38d3e401e51f7a1c3d1d49e5a477de13d7c5b411541a47b71ef1eabbb50a,WAImphMxlUWymPB8QWya8isEHUwvl2+ChbPoLROfvwI=,29ac3bebc7d8bf95fc566b7fd18bb82a91593b8a3a0877f87ec4350551f94d53,,,,,,,,,,,,,,,,,faa86be2af80d53f80286035b846e85c21d5c8f56e9d8216d0782ee51f5f663c,audit_trails/artifacts/accepted_runtime_submissions/T2_DF_KS_TADP_client_000_r13_fd63f598ddab21af__faa86be2af80d53f.json,,,,,,,,,,,,,7237b56ded5c73b40e5901ddffa24292f8709b8fb8df57c60b1a9cb38958e0f4,7ab4db9aef2b7905f6b8486d46998041c01a9285c5629c6ddc88915afe03af2e,,
386,9c5560183bf1c4cf8cb7c054b308fadf,9807b00ec9f05c0ed690f948a024469da45a3923628918d48e6175fa51233777,2026-08-22T17:51:19.174657+00:00,TADP-SEC/12.1,CLIENT_CIPHERTEXT_BINDING,T2_DF_KS_TADP,,,,client_000,,,,,,,,,,,,,,,,,,,,,,,,,,,,,,,,,,,,,,,,CIPHERTEXT_BOUND_TO_SIGNED_UPDATE,,,,,,,,,,,,,,,,,C2_INTERNAL,2,,,,,,,,,,,,,914e8d2d79f9d1f85cd58b184a91ed5e,,,,,,,,,,,,,,13,VERIFIED,,,,,True,,,,,False,uNkzias+77Q50ZgPyZkCUfuKWg6Z81BXrjMFPbmJgzQ=,fd63f598ddab21afd400806a38036832dda7c3bdacf2d2e55770e0aa9cf91a9b,lhIS+WjWdu7nwVo2eeSh1fX8D+pCzpAo3q6D86Frg0w=,1708d21037fed16061499b758a5915756672fa6e2890bd2eb000593f79a80849,WAImphMxlUWymPB8QWya8isEHUwvl2+ChbPoLROfvwI=,29ac3bebc7d8bf95fc566b7fd18bb82a91593b8a3a0877f87ec4350551f94d53,T2: real Modified-DF encryption → homomorphic multiplication → matrix-M key switching,reference_python,n=|logq=|scale=|scheme=real_modified_df_ks,df_server_or_authorized_aggregate_key,,,,,,,,,4f728aab0fcafd06dcd53cd15c5092c4b701b4b548b6f7f8690c0c7789924a0c,,7edb907ae64a4c5bf83a7db75c825e924b61ac49c860842e7d26a66d838022c7,audit_trails/artifacts/ciphertext_attestations/T2_DF_KS_TADP_client_000_r13_275656ea910e797c__7edb907ae64a4c5b.json,,,,,,,,,,,,,,,7ab4db9aef2b7905f6b8486d46998041c01a9285c5629c6ddc88915afe03af2e,105d1855b13e608556b9f4b54b2d62f5abf4488e618d5d1c3950ed313cfe7a0b,,
387,1937adb7e09e5444001e958a8449ed47,9807b00ec9f05c0ed690f948a024469da45a3923628918d48e6175fa51233777,2026-08-22T17:51:23.945774+00:00,TADP-SEC/12.1,CLIENT_ACCEPTED_SUBMISSION,T2_DF_KS_TADP,,,,client_000,,,,,,,,,,,2.3-phase1-fixed-threshold-critical-floor-review-profile,47dd2e58be138865a6d591a63329509757be6b563afb2badb96beb09eac726e5,a663ab753fcbe1179628a237bb638420356ea261176b970e3553fa59bfe7e9d6,1c154f7d4e37aa15e037310f6b45ff14a874311a582c673470a238929d8125dd,8d877b4c3b654a235066cdd49bf4c7e04e1b662c0cf44a17b54811ea50677e11,VALIDATED_EVIDENCE_BUNDLE,,,,,,,,,,,,,,,,,,,,,,,,UPDATE_SUBMITTED_ENFORCED,,False,NOT_REQUIRED_AUTOMATED_POLICY,False,,,,,,,,,,,,,C2_INTERNAL,2,,,,,,,,6f8a5214daf0d8d5188f7da84fe0931408bac9ce898d47d09d53366ef6cfe2b8,c068640bad122342de0e81050f313e88a0b5bf947d459a5df25df6b117f89be9,,,2026-08-23T17:18:04.591571+00:00,914e8d2d79f9d1f85cd58b184a91ed5e,,,,,3a8ac63d11308a1361ef1021356be60c109de6cbcc14f977fde1836a04b33d7d,b282fa698eefc0573e429e9f1a7614f92f381ced888dce3ecf967058a6a200f5,,,2026-08-22T18:50:09.803570+00:00,eb562985f77fc8a152d2d22d15bfd3f4695b107bdaa4c375fc5dde2be0f10805,active,,,14,ACCEPTED,ALL_BASELINE_CONTROLS,,,,True,True,True,True,True,False,9iVbLlyzlSlFquMvNiLn8lnBT9SezRq5Jc2NXtPYmJs=,dc81f7b4a084a19d9bcc3b23a331895fee5e8c7ae68fde2dd292ee89a445677a,lhIS+WjWdu7nwVo2eeSh1fX8D+pCzpAo3q6D86Frg0w=,a7ef0c472ddb1a33a50ce7be2261cfc33434cca9062fb863a7308e3bbd8647be,YoIkLr9umIVKOjdOYBR6bX2ghX5Qac5Sl8LUkqNbJc8=,29ac3bebc7d8bf95fc566b7fd18bb82a91593b8a3a0877f87ec4350551f94d53,,,,,,,,,,,,,,,,,6b92d45dcc5975b5c567fbd474e534534dbd88c5863245554d50e466d0015627,audit_trails/artifacts/accepted_runtime_submissions/T2_DF_KS_TADP_client_000_r14_dc81f7b4a084a19d__6b92d45dcc5975b5.json,,,,,,,,,,,,,105d1855b13e608556b9f4b54b2d62f5abf4488e618d5d1c3950ed313cfe7a0b,2dbfb7243b3e8b2d2cbd77adef2cb0bd14cea7cc098a0f08003053924605d0c3,,
388,edc496f1fcb1f521d8666649f6f504dc,9807b00ec9f05c0ed690f948a024469da45a3923628918d48e6175fa51233777,2026-08-22T17:51:24.314900+00:00,TADP-SEC/12.1,CLIENT_CIPHERTEXT_BINDING,T2_DF_KS_TADP,,,,client_000,,,,,,,,,,,,,,,,,,,,,,,,,,,,,,,,,,,,,,,,CIPHERTEXT_BOUND_TO_SIGNED_UPDATE,,,,,,,,,,,,,,,,,C2_INTERNAL,2,,,,,,,,,,,,,914e8d2d79f9d1f85cd58b184a91ed5e,,,,,,,,,,,,,,14,VERIFIED,,,,,True,,,,,False,9iVbLlyzlSlFquMvNiLn8lnBT9SezRq5Jc2NXtPYmJs=,dc81f7b4a084a19d9bcc3b23a331895fee5e8c7ae68fde2dd292ee89a445677a,lhIS+WjWdu7nwVo2eeSh1fX8D+pCzpAo3q6D86Frg0w=,0615a0e91041e4a064eed66f027374ada44de3d2b02f9807f305c28bdaba882d,YoIkLr9umIVKOjdOYBR6bX2ghX5Qac5Sl8LUkqNbJc8=,29ac3bebc7d8bf95fc566b7fd18bb82a91593b8a3a0877f87ec4350551f94d53,T2: real Modified-DF encryption → homomorphic multiplication → matrix-M key switching,reference_python,n=|logq=|scale=|scheme=real_modified_df_ks,df_server_or_authorized_aggregate_key,,,,,,,,,4db27a748d21c747d192d4b85a90e720ce770c2cf07082761a1fd67875922ea4,,fe41aae1f02e3ef7f938ef9a97de70bf8bd48a817fea61225db6e716267148a8,audit_trails/artifacts/ciphertext_attestations/T2_DF_KS_TADP_client_000_r14_65a5c396bd58edac__fe41aae1f02e3ef7.json,,,,,,,,,,,,,,,2dbfb7243b3e8b2d2cbd77adef2cb0bd14cea7cc098a0f08003053924605d0c3,181fb6e97ee79e67699d4841ac553b977b60a69852aeba4285d602cdbc95e4f3,,
389,e39a779bb3b1a77af5b0a4ec86540c5f,9807b00ec9f05c0ed690f948a024469da45a3923628918d48e6175fa51233777,2026-08-22T17:51:30.560941+00:00,TADP-SEC/12.1,CLIENT_ACCEPTED_SUBMISSION,T2_DF_KS_TADP,,,,client_000,,,,,,,,,,,2.3-phase1-fixed-threshold-critical-floor-review-profile,47dd2e58be138865a6d591a63329509757be6b563afb2badb96beb09eac726e5,a663ab753fcbe1179628a237bb638420356ea261176b970e3553fa59bfe7e9d6,1c154f7d4e37aa15e037310f6b45ff14a874311a582c673470a238929d8125dd,8d877b4c3b654a235066cdd49bf4c7e04e1b662c0cf44a17b54811ea50677e11,VALIDATED_EVIDENCE_BUNDLE,,,,,,,,,,,,,,,,,,,,,,,,UPDATE_SUBMITTED_ENFORCED,,False,NOT_REQUIRED_AUTOMATED_POLICY,False,,,,,,,,,,,,,C2_INTERNAL,2,,,,,,,,6f8a5214daf0d8d5188f7da84fe0931408bac9ce898d47d09d53366ef6cfe2b8,c068640bad122342de0e81050f313e88a0b5bf947d459a5df25df6b117f89be9,,,2026-08-23T17:18:04.591571+00:00,914e8d2d79f9d1f85cd58b184a91ed5e,,,,,3a8ac63d11308a1361ef1021356be60c109de6cbcc14f977fde1836a04b33d7d,b282fa698eefc0573e429e9f1a7614f92f381ced888dce3ecf967058a6a200f5,,,2026-08-22T18:50:09.803570+00:00,eb562985f77fc8a152d2d22d15bfd3f4695b107bdaa4c375fc5dde2be0f10805,active,,,15,ACCEPTED,ALL_BASELINE_CONTROLS,,,,True,True,True,True,True,False,129RWsQ4VBuPOFI4c4ZuOHMVl5nzIabnEnE1LYx3H8Y=,e5c44ed9d087c041497655b4319634276752bf9c6c6ce3e5fd4cc29c0572ad97,lhIS+WjWdu7nwVo2eeSh1fX8D+pCzpAo3q6D86Frg0w=,8c1271c3c34bffc8caad6928df34277428cb07a30edae9faa5720231d012625b,cI8adYPFzUDvwxW4vXUkJNwhPJgbLS+/si8gjwnshJ4=,29ac3bebc7d8bf95fc566b7fd18bb82a91593b8a3a0877f87ec4350551f94d53,,,,,,,,,,,,,,,,,9760b277f4abc2e71e6b663592bf340517c791cabc58b174b62be516a85df25e,audit_trails/artifacts/accepted_runtime_submissions/T2_DF_KS_TADP_client_000_r15_e5c44ed9d087c041__9760b277f4abc2e7.json,,,,,,,,,,,,,181fb6e97ee79e67699d4841ac553b977b60a69852aeba4285d602cdbc95e4f3,76dc5b38b23a8d2c99faae505954a5cd6365ceb67d9aa5297020f0e85e61eb99,,
390,ddc05a67e51dd1250484f7baf9574690,9807b00ec9f05c0ed690f948a024469da45a3923628918d48e6175fa51233777,2026-08-22T17:51:30.921021+00:00,TADP-SEC/12.1,CLIENT_CIPHERTEXT_BINDING,T2_DF_KS_TADP,,,,client_000,,,,,,,,,,,,,,,,,,,,,,,,,,,,,,,,,,,,,,,,CIPHERTEXT_BOUND_TO_SIGNED_UPDATE,,,,,,,,,,,,,,,,,C2_INTERNAL,2,,,,,,,,,,,,,914e8d2d79f9d1f85cd58b184a91ed5e,,,,,,,,,,,,,,15,VERIFIED,,,,,True,,,,,False,129RWsQ4VBuPOFI4c4ZuOHMVl5nzIabnEnE1LYx3H8Y=,e5c44ed9d087c041497655b4319634276752bf9c6c6ce3e5fd4cc29c0572ad97,lhIS+WjWdu7nwVo2eeSh1fX8D+pCzpAo3q6D86Frg0w=,1e65d919a47dd9615df3270afabfe1c22b1764ee2f6e0ea437afefa005ecb82a,cI8adYPFzUDvwxW4vXUkJNwhPJgbLS+/si8gjwnshJ4=,29ac3bebc7d8bf95fc566b7fd18bb82a91593b8a3a0877f87ec4350551f94d53,T2: real Modified-DF encryption → homomorphic multiplication → matrix-M key switching,reference_python,n=|logq=|scale=|scheme=real_modified_df_ks,df_server_or_authorized_aggregate_key,,,,,,,,,f2e5739c9e185750d4326b0b760c53b3c4885bd85615ea506a5eb605f700bf08,,70f5c911806e5aa22d23c93d1ee94bbf13be0dd77dca272df6471b8c76f274cc,audit_trails/artifacts/ciphertext_attestations/T2_DF_KS_TADP_client_000_r15_2475828fcf45fda8__70f5c911806e5aa2.json,,,,,,,,,,,,,,,76dc5b38b23a8d2c99faae505954a5cd6365ceb67d9aa5297020f0e85e61eb99,f256a45b404d75fe3677a951dff210d7cdf9be85e35eec37f76ec7d629107ee6,,
391,e5f8c78eeea0abc49806c9c2809b31b8,9807b00ec9f05c0ed690f948a024469da45a3923628918d48e6175fa51233777,2026-08-22T17:51:35.631352+00:00,TADP-SEC/12.1,CLIENT_ACCEPTED_SUBMISSION,T2_DF_KS_TADP,,,,client_000,,,,,,,,,,,2.3-phase1-fixed-threshold-critical-floor-review-profile,47dd2e58be138865a6d591a63329509757be6b563afb2badb96beb09eac726e5,a663ab753fcbe1179628a237bb638420356ea261176b970e3553fa59bfe7e9d6,1c154f7d4e37aa15e037310f6b45ff14a874311a582c673470a238929d8125dd,8d877b4c3b654a235066cdd49bf4c7e04e1b662c0cf44a17b54811ea50677e11,VALIDATED_EVIDENCE_BUNDLE,,,,,,,,,,,,,,,,,,,,,,,,UPDATE_SUBMITTED_ENFORCED,,False,NOT_REQUIRED_AUTOMATED_POLICY,False,,,,,,,,,,,,,C2_INTERNAL,2,,,,,,,,6f8a5214daf0d8d5188f7da84fe0931408bac9ce898d47d09d53366ef6cfe2b8,c068640bad122342de0e81050f313e88a0b5bf947d459a5df25df6b117f89be9,,,2026-08-23T17:18:04.591571+00:00,914e8d2d79f9d1f85cd58b184a91ed5e,,,,,3a8ac63d11308a1361ef1021356be60c109de6cbcc14f977fde1836a04b33d7d,b282fa698eefc0573e429e9f1a7614f92f381ced888dce3ecf967058a6a200f5,,,2026-08-22T18:50:09.803570+00:00,eb562985f77fc8a152d2d22d15bfd3f4695b107bdaa4c375fc5dde2be0f10805,active,,,16,ACCEPTED,ALL_BASELINE_CONTROLS,,,,True,True,True,True,True,False,xBf2d9tij2ZQlcHcxpz9lBj/U71APkVErEx614ElXeo=,f95a04ce8a91583ffe76796b36ab5add17f3fc28aab8e0e618b1f90acc9af86d,lhIS+WjWdu7nwVo2eeSh1fX8D+pCzpAo3q6D86Frg0w=,9c9c43377fed33415c4961a3bd5359936f1113418d70799779181b04eb2bb04d,hsQ/Jg+OExmRXiemp1hH57FykOUFN5CDaKZMPKS5oBE=,29ac3bebc7d8bf95fc566b7fd18bb82a91593b8a3a0877f87ec4350551f94d53,,,,,,,,,,,,,,,,,c3eacc668cb502d091025b31351ea071e17ede229c1f3f10a55d68811998c675,audit_trails/artifacts/accepted_runtime_submissions/T2_DF_KS_TADP_client_000_r16_f95a04ce8a91583f__c3eacc668cb502d0.json,,,,,,,,,,,,,f256a45b404d75fe3677a951dff210d7cdf9be85e35eec37f76ec7d629107ee6,aaacb429a428d9718c1f943fbfdcce07b51402323fcbb5b737e80e19e4cee9eb,,
392,915f6849e7ab053efe0a6bc509802403,9807b00ec9f05c0ed690f948a024469da45a3923628918d48e6175fa51233777,2026-08-22T17:51:35.999605+00:00,TADP-SEC/12.1,CLIENT_CIPHERTEXT_BINDING,T2_DF_KS_TADP,,,,client_000,,,,,,,,,,,,,,,,,,,,,,,,,,,,,,,,,,,,,,,,CIPHERTEXT_BOUND_TO_SIGNED_UPDATE,,,,,,,,,,,,,,,,,C2_INTERNAL,2,,,,,,,,,,,,,914e8d2d79f9d1f85cd58b184a91ed5e,,,,,,,,,,,,,,16,VERIFIED,,,,,True,,,,,False,xBf2d9tij2ZQlcHcxpz9lBj/U71APkVErEx614ElXeo=,f95a04ce8a91583ffe76796b36ab5add17f3fc28aab8e0e618b1f90acc9af86d,lhIS+WjWdu7nwVo2eeSh1fX8D+pCzpAo3q6D86Frg0w=,ce4ca1ebe870e53165d430784d50d00f8a43c6669761645cde6a80949b3bf64b,hsQ/Jg+OExmRXiemp1hH57FykOUFN5CDaKZMPKS5oBE=,29ac3bebc7d8bf95fc566b7fd18bb82a91593b8a3a0877f87ec4350551f94d53,T2: real Modified-DF encryption → homomorphic multiplication → matrix-M key switching,reference_python,n=|logq=|scale=|scheme=real_modified_df_ks,df_server_or_authorized_aggregate_key,,,,,,,,,75c7aa9b0796d20f7f2c0251c843850ffc0f496a22fd19c2fa285bcfa2a13a9a,,8683daf4ddc8edb69c889ecef6979df934635da522c2d83b299a53527fa2d152,audit_trails/artifacts/ciphertext_attestations/T2_DF_KS_TADP_client_000_r16_cbc8a22a6c38c33c__8683daf4ddc8edb6.json,,,,,,,,,,,,,,,aaacb429a428d9718c1f943fbfdcce07b51402323fcbb5b737e80e19e4cee9eb,207c843e0de917a263f7740b77b80d11b3f68dcf124cd8af38c8d054114a64b5,,
393,d1d3bae2636362488cebc923434b4052,9807b00ec9f05c0ed690f948a024469da45a3923628918d48e6175fa51233777,2026-08-22T17:51:41.213259+00:00,TADP-SEC/12.1,CLIENT_ACCEPTED_SUBMISSION,T2_DF_KS_TADP,,,,client_000,,,,,,,,,,,2.3-phase1-fixed-threshold-critical-floor-review-profile,47dd2e58be138865a6d591a63329509757be6b563afb2badb96beb09eac726e5,a663ab753fcbe1179628a237bb638420356ea261176b970e3553fa59bfe7e9d6,1c154f7d4e37aa15e037310f6b45ff14a874311a582c673470a238929d8125dd,8d877b4c3b654a235066cdd49bf4c7e04e1b662c0cf44a17b54811ea50677e11,VALIDATED_EVIDENCE_BUNDLE,,,,,,,,,,,,,,,,,,,,,,,,UPDATE_SUBMITTED_ENFORCED,,False,NOT_REQUIRED_AUTOMATED_POLICY,False,,,,,,,,,,,,,C2_INTERNAL,2,,,,,,,,6f8a5214daf0d8d5188f7da84fe0931408bac9ce898d47d09d53366ef6cfe2b8,c068640bad122342de0e81050f313e88a0b5bf947d459a5df25df6b117f89be9,,,2026-08-23T17:18:04.591571+00:00,914e8d2d79f9d1f85cd58b184a91ed5e,,,,,3a8ac63d11308a1361ef1021356be60c109de6cbcc14f977fde1836a04b33d7d,b282fa698eefc0573e429e9f1a7614f92f381ced888dce3ecf967058a6a200f5,,,2026-08-22T18:50:09.803570+00:00,eb562985f77fc8a152d2d22d15bfd3f4695b107bdaa4c375fc5dde2be0f10805,active,,,17,ACCEPTED,ALL_BASELINE_CONTROLS,,,,True,True,True,True,True,False,iIMPDVa6ASEvpfbDWvGjDzRrk7B2GMN/+MHUktR+FAU=,9b28c3ad5abfe08f1b12e256b17d52ba52a45af175561a8e89a662bbc50ff718,lhIS+WjWdu7nwVo2eeSh1fX8D+pCzpAo3q6D86Frg0w=,ba7fd2e88bded575ef389aac4f7a31bfd56f5419a9ed4f39351e8e49ce3a7a2b,+90tXExZwncLS+mGGGIx+pk7CpBcinwgeE2nLFN2iuc=,29ac3bebc7d8bf95fc566b7fd18bb82a91593b8a3a0877f87ec4350551f94d53,,,,,,,,,,,,,,,,,e1ac084ce5fe1893cf51da5b89dc3bf7b4f1a07a792ff4b1f0ccfb36bcb45c25,audit_trails/artifacts/accepted_runtime_submissions/T2_DF_KS_TADP_client_000_r17_9b28c3ad5abfe08f__e1ac084ce5fe1893.json,,,,,,,,,,,,,207c843e0de917a263f7740b77b80d11b3f68dcf124cd8af38c8d054114a64b5,0d7749f0219148454d449c5559bd266caf2605d4d89c36eab2e8d48e33380086,,
394,1ef6ab887c4c4ec929d1687650f3a54a,9807b00ec9f05c0ed690f948a024469da45a3923628918d48e6175fa51233777,2026-08-22T17:51:41.870184+00:00,TADP-SEC/12.1,CLIENT_CIPHERTEXT_BINDING,T2_DF_KS_TADP,,,,client_000,,,,,,,,,,,,,,,,,,,,,,,,,,,,,,,,,,,,,,,,CIPHERTEXT_BOUND_TO_SIGNED_UPDATE,,,,,,,,,,,,,,,,,C2_INTERNAL,2,,,,,,,,,,,,,914e8d2d79f9d1f85cd58b184a91ed5e,,,,,,,,,,,,,,17,VERIFIED,,,,,True,,,,,False,iIMPDVa6ASEvpfbDWvGjDzRrk7B2GMN/+MHUktR+FAU=,9b28c3ad5abfe08f1b12e256b17d52ba52a45af175561a8e89a662bbc50ff718,lhIS+WjWdu7nwVo2eeSh1fX8D+pCzpAo3q6D86Frg0w=,44a475b150732072e69a8a4f9251b5fe838ed2a76d6025b8c1f45e208636de72,+90tXExZwncLS+mGGGIx+pk7CpBcinwgeE2nLFN2iuc=,29ac3bebc7d8bf95fc566b7fd18bb82a91593b8a3a0877f87ec4350551f94d53,T2: real Modified-DF encryption → homomorphic multiplication → matrix-M key switching,reference_python,n=|logq=|scale=|scheme=real_modified_df_ks,df_server_or_authorized_aggregate_key,,,,,,,,,e5c393d5e05c815bc764154b10ca40ddd411eb522aa56f107675cbeff3039515,,2ab673e8545fe2a7d2f901ce73a64672a23eb4c6202e4fc94f384a2b58bfb55e,audit_trails/artifacts/ciphertext_attestations/T2_DF_KS_TADP_client_000_r17_da5169ef607d9194__2ab673e8545fe2a7.json,,,,,,,,,,,,,,,0d7749f0219148454d449c5559bd266caf2605d4d89c36eab2e8d48e33380086,df729941cc0dce0356784cc7d32f905da2e8f138dc81a87fd37ee31212146a04,,
395,4360f2c4ea71fc081af864847e286ce9,9807b00ec9f05c0ed690f948a024469da45a3923628918d48e6175fa51233777,2026-08-22T17:51:47.323200+00:00,TADP-SEC/12.1,CLIENT_ACCEPTED_SUBMISSION,T2_DF_KS_TADP,,,,client_000,,,,,,,,,,,2.3-phase1-fixed-threshold-critical-floor-review-profile,47dd2e58be138865a6d591a63329509757be6b563afb2badb96beb09eac726e5,a663ab753fcbe1179628a237bb638420356ea261176b970e3553fa59bfe7e9d6,1c154f7d4e37aa15e037310f6b45ff14a874311a582c673470a238929d8125dd,8d877b4c3b654a235066cdd49bf4c7e04e1b662c0cf44a17b54811ea50677e11,VALIDATED_EVIDENCE_BUNDLE,,,,,,,,,,,,,,,,,,,,,,,,UPDATE_SUBMITTED_ENFORCED,,False,NOT_REQUIRED_AUTOMATED_POLICY,False,,,,,,,,,,,,,C2_INTERNAL,2,,,,,,,,6f8a5214daf0d8d5188f7da84fe0931408bac9ce898d47d09d53366ef6cfe2b8,c068640bad122342de0e81050f313e88a0b5bf947d459a5df25df6b117f89be9,,,2026-08-23T17:18:04.591571+00:00,914e8d2d79f9d1f85cd58b184a91ed5e,,,,,3a8ac63d11308a1361ef1021356be60c109de6cbcc14f977fde1836a04b33d7d,b282fa698eefc0573e429e9f1a7614f92f381ced888dce3ecf967058a6a200f5,,,2026-08-22T18:50:09.803570+00:00,eb562985f77fc8a152d2d22d15bfd3f4695b107bdaa4c375fc5dde2be0f10805,active,,,18,ACCEPTED,ALL_BASELINE_CONTROLS,,,,True,True,True,True,True,False,PSAFxFWa+KnBPRKaWFCQZotJ/sN01CnsqqL8agRZF3c=,50e18ea48a70f31eac8b64b3815daae5400be6cc06b3d68eeb732859930044db,lhIS+WjWdu7nwVo2eeSh1fX8D+pCzpAo3q6D86Frg0w=,b31817cad62f73fa33f6284e64f4df8af678eec362c1bbb4f985d8558338383a,ZFyjXTBOEQ/9VpRlzx9L4g1CSR1RnfJXODzloExtFP8=,29ac3bebc7d8bf95fc566b7fd18bb82a91593b8a3a0877f87ec4350551f94d53,,,,,,,,,,,,,,,,,a1283baaadcde851a98f4629f61c8ad62ce8d26883fd443057a7b3f742043efe,audit_trails/artifacts/accepted_runtime_submissions/T2_DF_KS_TADP_client_000_r18_50e18ea48a70f31e__a1283baaadcde851.json,,,,,,,,,,,,,df729941cc0dce0356784cc7d32f905da2e8f138dc81a87fd37ee31212146a04,31f6c05c50fa7a8317c94b5c066692388ca174e6a7e93701ae095f0bb966e292,,
396,6427ef5fb835275e7a223d4ad42b1b4d,9807b00ec9f05c0ed690f948a024469da45a3923628918d48e6175fa51233777,2026-08-22T17:51:47.676156+00:00,TADP-SEC/12.1,CLIENT_CIPHERTEXT_BINDING,T2_DF_KS_TADP,,,,client_000,,,,,,,,,,,,,,,,,,,,,,,,,,,,,,,,,,,,,,,,CIPHERTEXT_BOUND_TO_SIGNED_UPDATE,,,,,,,,,,,,,,,,,C2_INTERNAL,2,,,,,,,,,,,,,914e8d2d79f9d1f85cd58b184a91ed5e,,,,,,,,,,,,,,18,VERIFIED,,,,,True,,,,,False,PSAFxFWa+KnBPRKaWFCQZotJ/sN01CnsqqL8agRZF3c=,50e18ea48a70f31eac8b64b3815daae5400be6cc06b3d68eeb732859930044db,lhIS+WjWdu7nwVo2eeSh1fX8D+pCzpAo3q6D86Frg0w=,ccd532f6b7d516a15565cde4a481847159118165d1db49e9fbd46c063544c7ac,ZFyjXTBOEQ/9VpRlzx9L4g1CSR1RnfJXODzloExtFP8=,29ac3bebc7d8bf95fc566b7fd18bb82a91593b8a3a0877f87ec4350551f94d53,T2: real Modified-DF encryption → homomorphic multiplication → matrix-M key switching,reference_python,n=|logq=|scale=|scheme=real_modified_df_ks,df_server_or_authorized_aggregate_key,,,,,,,,,36a636338524c8297b11b3fec2e47409d9587a17d8d564b51d8043519fb1e1c8,,6e8609901990eda7bb01267cfa899b4f5cdccdcfd5c1bba382987eb9f430b743,audit_trails/artifacts/ciphertext_attestations/T2_DF_KS_TADP_client_000_r18_3234d315bf0f1c15__6e8609901990eda7.json,,,,,,,,,,,,,,,31f6c05c50fa7a8317c94b5c066692388ca174e6a7e93701ae095f0bb966e292,831de2a9c350fb6b791bd9bc826bdd5ba25bc3d28fdb58983ddbaa82dce92749,,
397,9639659ea0bc77b60af319be2818da0e,9807b00ec9f05c0ed690f948a024469da45a3923628918d48e6175fa51233777,2026-08-22T17:51:52.375535+00:00,TADP-SEC/12.1,CLIENT_ACCEPTED_SUBMISSION,T2_DF_KS_TADP,,,,client_000,,,,,,,,,,,2.3-phase1-fixed-threshold-critical-floor-review-profile,47dd2e58be138865a6d591a63329509757be6b563afb2badb96beb09eac726e5,a663ab753fcbe1179628a237bb638420356ea261176b970e3553fa59bfe7e9d6,1c154f7d4e37aa15e037310f6b45ff14a874311a582c673470a238929d8125dd,8d877b4c3b654a235066cdd49bf4c7e04e1b662c0cf44a17b54811ea50677e11,VALIDATED_EVIDENCE_BUNDLE,,,,,,,,,,,,,,,,,,,,,,,,UPDATE_SUBMITTED_ENFORCED,,False,NOT_REQUIRED_AUTOMATED_POLICY,False,,,,,,,,,,,,,C2_INTERNAL,2,,,,,,,,6f8a5214daf0d8d5188f7da84fe0931408bac9ce898d47d09d53366ef6cfe2b8,c068640bad122342de0e81050f313e88a0b5bf947d459a5df25df6b117f89be9,,,2026-08-23T17:18:04.591571+00:00,914e8d2d79f9d1f85cd58b184a91ed5e,,,,,3a8ac63d11308a1361ef1021356be60c109de6cbcc14f977fde1836a04b33d7d,b282fa698eefc0573e429e9f1a7614f92f381ced888dce3ecf967058a6a200f5,,,2026-08-22T18:50:09.803570+00:00,eb562985f77fc8a152d2d22d15bfd3f4695b107bdaa4c375fc5dde2be0f10805,active,,,19,ACCEPTED,ALL_BASELINE_CONTROLS,,,,True,True,True,True,True,False,7b5oKL52+rx8WhhWua5HWQWFGibzeWyswGq4R/62yc8=,5418a94ee5c2ae338c157be199b17fc8268890482edcb370c5302ef9841c2fd3,lhIS+WjWdu7nwVo2eeSh1fX8D+pCzpAo3q6D86Frg0w=,0ee7a9ddb994b73b4df303f10028ff31529ecbf10c2bd75ff1f3318af1c84d70,jUI7iWg7yGnKkCv3Wd02AnXcdhq05vMjI8ksYSBghvg=,29ac3bebc7d8bf95fc566b7fd18bb82a91593b8a3a0877f87ec4350551f94d53,,,,,,,,,,,,,,,,,17f29c0ad63f119005cace318f533908a5156afd689807704a9572f2f96abf52,audit_trails/artifacts/accepted_runtime_submissions/T2_DF_KS_TADP_client_000_r19_5418a94ee5c2ae33__17f29c0ad63f1190.json,,,,,,,,,,,,,831de2a9c350fb6b791bd9bc826bdd5ba25bc3d28fdb58983ddbaa82dce92749,a4314689e1e68cbc6db872cc31cd7f90d162f9829f5fff1cbc53facd97e8e592,,
398,1ff5d6b37a54c5cf0b749cefc6ccd8a2,9807b00ec9f05c0ed690f948a024469da45a3923628918d48e6175fa51233777,2026-08-22T17:51:52.745859+00:00,TADP-SEC/12.1,CLIENT_CIPHERTEXT_BINDING,T2_DF_KS_TADP,,,,client_000,,,,,,,,,,,,,,,,,,,,,,,,,,,,,,,,,,,,,,,,CIPHERTEXT_BOUND_TO_SIGNED_UPDATE,,,,,,,,,,,,,,,,,C2_INTERNAL,2,,,,,,,,,,,,,914e8d2d79f9d1f85cd58b184a91ed5e,,,,,,,,,,,,,,19,VERIFIED,,,,,True,,,,,False,7b5oKL52+rx8WhhWua5HWQWFGibzeWyswGq4R/62yc8=,5418a94ee5c2ae338c157be199b17fc8268890482edcb370c5302ef9841c2fd3,lhIS+WjWdu7nwVo2eeSh1fX8D+pCzpAo3q6D86Frg0w=,1b5ba9948b1d847be12516ce109e9b7f186558bb56ddd3e022b201cfe8e02ed5,jUI7iWg7yGnKkCv3Wd02AnXcdhq05vMjI8ksYSBghvg=,29ac3bebc7d8bf95fc566b7fd18bb82a91593b8a3a0877f87ec4350551f94d53,T2: real Modified-DF encryption → homomorphic multiplication → matrix-M key switching,reference_python,n=|logq=|scale=|scheme=real_modified_df_ks,df_server_or_authorized_aggregate_key,,,,,,,,,6ae26a35f886ea76b828e120b87cdfe27d1fe41a169a3a763e45828e1b6994ef,,83647a7358135757916cb82d8170aee55d74469c95af71afa11f8e49149e0d56,audit_trails/artifacts/ciphertext_attestations/T2_DF_KS_TADP_client_000_r19_cc9eb77cce0d41ba__83647a7358135757.json,,,,,,,,,,,,,,,a4314689e1e68cbc6db872cc31cd7f90d162f9829f5fff1cbc53facd97e8e592,393e8afe1c87f9358aceb5e9eb4ed9cb7dee5ab6f40ae6df450ccd6283c351c4,,
399,f8697651c6a12ea918675f44377e4caf,9807b00ec9f05c0ed690f948a024469da45a3923628918d48e6175fa51233777,2026-08-22T17:51:59.051418+00:00,TADP-SEC/12.1,CLIENT_ACCEPTED_SUBMISSION,T2_DF_KS_TADP,,,,client_000,,,,,,,,,,,2.3-phase1-fixed-threshold-critical-floor-review-profile,47dd2e58be138865a6d591a63329509757be6b563afb2badb96beb09eac726e5,a663ab753fcbe1179628a237bb638420356ea261176b970e3553fa59bfe7e9d6,1c154f7d4e37aa15e037310f6b45ff14a874311a582c673470a238929d8125dd,8d877b4c3b654a235066cdd49bf4c7e04e1b662c0cf44a17b54811ea50677e11,VALIDATED_EVIDENCE_BUNDLE,,,,,,,,,,,,,,,,,,,,,,,,UPDATE_SUBMITTED_ENFORCED,,False,NOT_REQUIRED_AUTOMATED_POLICY,False,,,,,,,,,,,,,C2_INTERNAL,2,,,,,,,,6f8a5214daf0d8d5188f7da84fe0931408bac9ce898d47d09d53366ef6cfe2b8,c068640bad122342de0e81050f313e88a0b5bf947d459a5df25df6b117f89be9,,,2026-08-23T17:18:04.591571+00:00,914e8d2d79f9d1f85cd58b184a91ed5e,,,,,3a8ac63d11308a1361ef1021356be60c109de6cbcc14f977fde1836a04b33d7d,b282fa698eefc0573e429e9f1a7614f92f381ced888dce3ecf967058a6a200f5,,,2026-08-22T18:50:09.803570+00:00,eb562985f77fc8a152d2d22d15bfd3f4695b107bdaa4c375fc5dde2be0f10805,active,,,20,ACCEPTED,ALL_BASELINE_CONTROLS,,,,True,True,True,True,True,False,UuTCE2NkrUH3xiUSK4BBaYgGkz18wOW5jrJtiXptUeg=,7e9b79a9033af475a0b1c56336bc1de9d53787e8ac21b926060755bd2f831d80,lhIS+WjWdu7nwVo2eeSh1fX8D+pCzpAo3q6D86Frg0w=,ed34350151a7e8e1ca825855b759b54c0ba67cb47576e31018d1e1736c560ef5,/VLLxGJODKLtXKJnf020wanrm3NIb+L0JQLhUh3shgM=,29ac3bebc7d8bf95fc566b7fd18bb82a91593b8a3a0877f87ec4350551f94d53,,,,,,,,,,,,,,,,,cddda3d93c7d5508e39c6758277dfa8c08c5763857ba215a4149b63827ec3d13,audit_trails/artifacts/accepted_runtime_submissions/T2_DF_KS_TADP_client_000_r20_7e9b79a9033af475__cddda3d93c7d5508.json,,,,,,,,,,,,,393e8afe1c87f9358aceb5e9eb4ed9cb7dee5ab6f40ae6df450ccd6283c351c4,4583331594a5f6c48a317522d3be9f892d9e40d4e2667014f4985271295050f5,,
400,13b9cceec6e1eb7da2fb3269a62e5bb4,9807b00ec9f05c0ed690f948a024469da45a3923628918d48e6175fa51233777,2026-08-22T17:51:59.404637+00:00,TADP-SEC/12.1,CLIENT_CIPHERTEXT_BINDING,T2_DF_KS_TADP,,,,client_000,,,,,,,,,,,,,,,,,,,,,,,,,,,,,,,,,,,,,,,,CIPHERTEXT_BOUND_TO_SIGNED_UPDATE,,,,,,,,,,,,,,,,,C2_INTERNAL,2,,,,,,,,,,,,,914e8d2d79f9d1f85cd58b184a91ed5e,,,,,,,,,,,,,,20,VERIFIED,,,,,True,,,,,False,UuTCE2NkrUH3xiUSK4BBaYgGkz18wOW5jrJtiXptUeg=,7e9b79a9033af475a0b1c56336bc1de9d53787e8ac21b926060755bd2f831d80,lhIS+WjWdu7nwVo2eeSh1fX8D+pCzpAo3q6D86Frg0w=,47e89ddbc1d379458db52c7e6d0bf873537007c455f81eaafb5e664eb92a9730,/VLLxGJODKLtXKJnf020wanrm3NIb+L0JQLhUh3shgM=,29ac3bebc7d8bf95fc566b7fd18bb82a91593b8a3a0877f87ec4350551f94d53,T2: real Modified-DF encryption → homomorphic multiplication → matrix-M key switching,reference_python,n=|logq=|scale=|scheme=real_modified_df_ks,df_server_or_authorized_aggregate_key,,,,,,,,,d4e12ee4710dd10a45e265cee01e1b66b0fa19a1f43dbe60693dee2bca358295,,27dd866183b115b10ad5cf6604cf176187e87822231fc990df258b529d6ac501,audit_trails/artifacts/ciphertext_attestations/T2_DF_KS_TADP_client_000_r20_3a33aca4fe7849c2__27dd866183b115b1.json,,,,,,,,,,,,,,,4583331594a5f6c48a317522d3be9f892d9e40d4e2667014f4985271295050f5,d1705814d97e2b151fbed9a568a39683c81d971f693bee915d2f1b37a7ff4f93,,
401,c70c44c0f44add2280a487b84d8016a6,9807b00ec9f05c0ed690f948a024469da45a3923628918d48e6175fa51233777,2026-08-22T17:52:22.901832+00:00,TADP-SEC/12.1,CLIENT_ACCEPTED_SUBMISSION,T3_XMK_CKKS_TADP,,,,client_000,,,,,,,,,,,2.3-phase1-fixed-threshold-critical-floor-review-profile,47dd2e58be138865a6d591a63329509757be6b563afb2badb96beb09eac726e5,a663ab753fcbe1179628a237bb638420356ea261176b970e3553fa59bfe7e9d6,1c154f7d4e37aa15e037310f6b45ff14a874311a582c673470a238929d8125dd,8d877b4c3b654a235066cdd49bf4c7e04e1b662c0cf44a17b54811ea50677e11,VALIDATED_EVIDENCE_BUNDLE,,,,,,,,,,,,,,,,,,,,,,,,UPDATE_SUBMITTED_ENFORCED,,False,NOT_REQUIRED_AUTOMATED_POLICY,False,,,,,,,,,,,,,C3_CONFIDENTIAL,3,,,,,,,,6f8a5214daf0d8d5188f7da84fe0931408bac9ce898d47d09d53366ef6cfe2b8,c068640bad122342de0e81050f313e88a0b5bf947d459a5df25df6b117f89be9,,,2026-08-23T17:18:04.591571+00:00,f38faee3fa6f33ee19f2eb5b1be0b18b,,,,,f2505c26086649a46503bab5f2c20e438d3a6a5fc5c98e4a5c6b1888ee4c42ae,eecab8e8d462cd544a02ddd7c50ede4fff681f52be8d946b7838ae1132a5055e,,,2026-08-22T18:52:20.294317+00:00,eb562985f77fc8a152d2d22d15bfd3f4695b107bdaa4c375fc5dde2be0f10805,active,,,1,ACCEPTED,ALL_BASELINE_CONTROLS,,,,True,True,True,True,True,False,1nSXIIsHBxOMLPrh/CSiCxb6EQajvaGc1tNHRU/cHSM=,155b6a052d2ceabfc4f36c81e2344bdeaabe3141fa497e6bc6ca9b69d61440b7,lhIS+WjWdu7nwVo2eeSh1fX8D+pCzpAo3q6D86Frg0w=,be4bcfc28e2bd3a4ee58f3370baba1fa8782db58e0abfac8bedc1eeba014a0f5,ij0QXzakTpJwf7kWURZWDMrtf3FvVItAm3+CdvSVB30=,29ac3bebc7d8bf95fc566b7fd18bb82a91593b8a3a0877f87ec4350551f94d53,,,,,,,,,,,,,,,,,bb0dfb478d3abecd4a075f3e4daffc3421d11c678133f5f7a39f40a941c9c94b,audit_trails/artifacts/accepted_runtime_submissions/T3_XMK_CKKS_TADP_client_000_r1_155b6a052d2ceabf__bb0dfb478d3abecd.json,,,,,,,,,,,,,d1705814d97e2b151fbed9a568a39683c81d971f693bee915d2f1b37a7ff4f93,bb76d24548a03a611d8e46768cab30870b37008878e1c7124ff6f1e299d110f3,,
402,5af09b8dcaadf2556aeb0841a68d58fc,9807b00ec9f05c0ed690f948a024469da45a3923628918d48e6175fa51233777,2026-08-22T17:52:23.390510+00:00,TADP-SEC/12.1,CLIENT_CIPHERTEXT_BINDING,T3_XMK_CKKS_TADP,,,,client_000,,,,,,,,,,,,,,,,,,,,,,,,,,,,,,,,,,,,,,,,CIPHERTEXT_BOUND_TO_SIGNED_UPDATE,,,,,,,,,,,,,,,,,C3_CONFIDENTIAL,3,,,,,,,,,,,,,f38faee3fa6f33ee19f2eb5b1be0b18b,,,,,,,,,,,,,,1,VERIFIED,,,,,True,,,,,False,1nSXIIsHBxOMLPrh/CSiCxb6EQajvaGc1tNHRU/cHSM=,155b6a052d2ceabfc4f36c81e2344bdeaabe3141fa497e6bc6ca9b69d61440b7,lhIS+WjWdu7nwVo2eeSh1fX8D+pCzpAo3q6D86Frg0w=,ce4945712970f9dc13c86be8ae02bcd9fedcb8833d97ae01715eff92c074f526,ij0QXzakTpJwf7kWURZWDMrtf3FvVItAm3+CdvSVB30=,29ac3bebc7d8bf95fc566b7fd18bb82a91593b8a3a0877f87ec4350551f94d53,"T3: xMK submit share (round-level finalize), noise=0.000",reference_python,n=|logq=|scale=|scheme=alg_xmk_ckks,xmk_agg_pk:2c483293497644b3,,,,,,,,,0ead43851f4eab2f8bba2b004fd9f14accb98879087601a8cdb10e3e0a382f54,,34e10154a910255429caa14bf6053674deb2b80fa6b85e9ced0144a3484c15fb,audit_trails/artifacts/ciphertext_attestations/T3_XMK_CKKS_TADP_client_000_r1_a19d84ff4d312658__34e10154a9102554.json,,,,,,,,,,,,,,,bb76d24548a03a611d8e46768cab30870b37008878e1c7124ff6f1e299d110f3,092534282b35b257511caaa04404f23ea2baf24b0223d20eac6fe2056455c2f3,,
403,fab6552d5ff75d66e9fdd962eafbf170,9807b00ec9f05c0ed690f948a024469da45a3923628918d48e6175fa51233777,2026-08-22T17:52:30.165543+00:00,TADP-SEC/12.1,CLIENT_ACCEPTED_SUBMISSION,T3_XMK_CKKS_TADP,,,,client_000,,,,,,,,,,,2.3-phase1-fixed-threshold-critical-floor-review-profile,47dd2e58be138865a6d591a63329509757be6b563afb2badb96beb09eac726e5,a663ab753fcbe1179628a237bb638420356ea261176b970e3553fa59bfe7e9d6,1c154f7d4e37aa15e037310f6b45ff14a874311a582c673470a238929d8125dd,8d877b4c3b654a235066cdd49bf4c7e04e1b662c0cf44a17b54811ea50677e11,VALIDATED_EVIDENCE_BUNDLE,,,,,,,,,,,,,,,,,,,,,,,,UPDATE_SUBMITTED_ENFORCED,,False,NOT_REQUIRED_AUTOMATED_POLICY,False,,,,,,,,,,,,,C3_CONFIDENTIAL,3,,,,,,,,6f8a5214daf0d8d5188f7da84fe0931408bac9ce898d47d09d53366ef6cfe2b8,c068640bad122342de0e81050f313e88a0b5bf947d459a5df25df6b117f89be9,,,2026-08-23T17:18:04.591571+00:00,f38faee3fa6f33ee19f2eb5b1be0b18b,,,,,f2505c26086649a46503bab5f2c20e438d3a6a5fc5c98e4a5c6b1888ee4c42ae,eecab8e8d462cd544a02ddd7c50ede4fff681f52be8d946b7838ae1132a5055e,,,2026-08-22T18:52:20.294317+00:00,eb562985f77fc8a152d2d22d15bfd3f4695b107bdaa4c375fc5dde2be0f10805,active,,,2,ACCEPTED,ALL_BASELINE_CONTROLS,,,,True,True,True,True,True,False,DtOv7RXe/KkWDUvceZn1A8mY7VoDrD1KxWCcfs+21zw=,c68a8a96343a409e7d49f7a0060edb11d2d06d62025255a49c2177c2f3538755,lhIS+WjWdu7nwVo2eeSh1fX8D+pCzpAo3q6D86Frg0w=,5e49105b52269392be36842c57212b0cffe7cf7f9bd27d481f6edd11f60d3eb7,hDsRczobGD5SB2vp3t4VzXRLbb6200Lo54Phnm+xsRY=,29ac3bebc7d8bf95fc566b7fd18bb82a91593b8a3a0877f87ec4350551f94d53,,,,,,,,,,,,,,,,,0dabd84acc4c25e71434f71e5e1629a065411990ee7f6e3708f173e839a5ea28,audit_trails/artifacts/accepted_runtime_submissions/T3_XMK_CKKS_TADP_client_000_r2_c68a8a96343a409e__0dabd84acc4c25e7.json,,,,,,,,,,,,,092534282b35b257511caaa04404f23ea2baf24b0223d20eac6fe2056455c2f3,26747d2f246bfc2440ed8b0c6955626643ebc8968c1e0fbe0020fbb199504607,,
404,17f9e7e9a9d2b926415cc22c158c11d5,9807b00ec9f05c0ed690f948a024469da45a3923628918d48e6175fa51233777,2026-08-22T17:52:30.512609+00:00,TADP-SEC/12.1,CLIENT_CIPHERTEXT_BINDING,T3_XMK_CKKS_TADP,,,,client_000,,,,,,,,,,,,,,,,,,,,,,,,,,,,,,,,,,,,,,,,CIPHERTEXT_BOUND_TO_SIGNED_UPDATE,,,,,,,,,,,,,,,,,C3_CONFIDENTIAL,3,,,,,,,,,,,,,f38faee3fa6f33ee19f2eb5b1be0b18b,,,,,,,,,,,,,,2,VERIFIED,,,,,True,,,,,False,DtOv7RXe/KkWDUvceZn1A8mY7VoDrD1KxWCcfs+21zw=,c68a8a96343a409e7d49f7a0060edb11d2d06d62025255a49c2177c2f3538755,lhIS+WjWdu7nwVo2eeSh1fX8D+pCzpAo3q6D86Frg0w=,9eca06641fce8ae31e51ae413cd2caf6243890e7d9101d1d2692d505888f652c,hDsRczobGD5SB2vp3t4VzXRLbb6200Lo54Phnm+xsRY=,29ac3bebc7d8bf95fc566b7fd18bb82a91593b8a3a0877f87ec4350551f94d53,"T3: xMK submit share (round-level finalize), noise=0.000",reference_python,n=|logq=|scale=|scheme=alg_xmk_ckks,xmk_agg_pk:2c483293497644b3,,,,,,,,,629a0ca9c46e9f185a9e55024be374e79dddc46c4f576905b87e3fc7fef6dd1f,,8cfd10793895e04332472c4a3775f78ffb91db510566c77cc3f33105199e1042,audit_trails/artifacts/ciphertext_attestations/T3_XMK_CKKS_TADP_client_000_r2_0e95adb0883cec41__8cfd10793895e043.json,,,,,,,,,,,,,,,26747d2f246bfc2440ed8b0c6955626643ebc8968c1e0fbe0020fbb199504607,02919bbfb0923cde0f0fcf3d42b9935d3561781b75ac31c87e2df99a6b300ba7,,
405,1d3c83e2f80e6f147a37a6607edf5ad0,9807b00ec9f05c0ed690f948a024469da45a3923628918d48e6175fa51233777,2026-08-22T17:52:37.969606+00:00,TADP-SEC/12.1,CLIENT_ACCEPTED_SUBMISSION,T3_XMK_CKKS_TADP,,,,client_000,,,,,,,,,,,2.3-phase1-fixed-threshold-critical-floor-review-profile,47dd2e58be138865a6d591a63329509757be6b563afb2badb96beb09eac726e5,a663ab753fcbe1179628a237bb638420356ea261176b970e3553fa59bfe7e9d6,1c154f7d4e37aa15e037310f6b45ff14a874311a582c673470a238929d8125dd,8d877b4c3b654a235066cdd49bf4c7e04e1b662c0cf44a17b54811ea50677e11,VALIDATED_EVIDENCE_BUNDLE,,,,,,,,,,,,,,,,,,,,,,,,UPDATE_SUBMITTED_ENFORCED,,False,NOT_REQUIRED_AUTOMATED_POLICY,False,,,,,,,,,,,,,C3_CONFIDENTIAL,3,,,,,,,,6f8a5214daf0d8d5188f7da84fe0931408bac9ce898d47d09d53366ef6cfe2b8,c068640bad122342de0e81050f313e88a0b5bf947d459a5df25df6b117f89be9,,,2026-08-23T17:18:04.591571+00:00,f38faee3fa6f33ee19f2eb5b1be0b18b,,,,,f2505c26086649a46503bab5f2c20e438d3a6a5fc5c98e4a5c6b1888ee4c42ae,eecab8e8d462cd544a02ddd7c50ede4fff681f52be8d946b7838ae1132a5055e,,,2026-08-22T18:52:20.294317+00:00,eb562985f77fc8a152d2d22d15bfd3f4695b107bdaa4c375fc5dde2be0f10805,active,,,3,ACCEPTED,ALL_BASELINE_CONTROLS,,,,True,True,True,True,True,False,Zthj+vBdbby132lGop5dCp/Vid8VEYBjCZbpDpZUy1c=,c07afbabfb462e5e4f807f70cfeaf3e678733913cdcbe689e766251e3b7c146b,lhIS+WjWdu7nwVo2eeSh1fX8D+pCzpAo3q6D86Frg0w=,84e96ac5a3e76f7d4df7f5360c46fe6ee41cc1fa56e10470742bada0a9343417,FS8T7AfKPJ415AtqtqQ33jUqG3uLFga1kWRtJ0FVL8g=,29ac3bebc7d8bf95fc566b7fd18bb82a91593b8a3a0877f87ec4350551f94d53,,,,,,,,,,,,,,,,,7e76e8e163458a139429d2f7f471142dc1428cc62bd949d6a54c6868c60a9edd,audit_trails/artifacts/accepted_runtime_submissions/T3_XMK_CKKS_TADP_client_000_r3_c07afbabfb462e5e__7e76e8e163458a13.json,,,,,,,,,,,,,02919bbfb0923cde0f0fcf3d42b9935d3561781b75ac31c87e2df99a6b300ba7,44eb9d43540d450d3b7a8dec9532d22eaf59da84c9307212bb2c67064dd9d278,,
406,856c569d70c4370ac2740a8abb7abd77,9807b00ec9f05c0ed690f948a024469da45a3923628918d48e6175fa51233777,2026-08-22T17:52:38.366649+00:00,TADP-SEC/12.1,CLIENT_CIPHERTEXT_BINDING,T3_XMK_CKKS_TADP,,,,client_000,,,,,,,,,,,,,,,,,,,,,,,,,,,,,,,,,,,,,,,,CIPHERTEXT_BOUND_TO_SIGNED_UPDATE,,,,,,,,,,,,,,,,,C3_CONFIDENTIAL,3,,,,,,,,,,,,,f38faee3fa6f33ee19f2eb5b1be0b18b,,,,,,,,,,,,,,3,VERIFIED,,,,,True,,,,,False,Zthj+vBdbby132lGop5dCp/Vid8VEYBjCZbpDpZUy1c=,c07afbabfb462e5e4f807f70cfeaf3e678733913cdcbe689e766251e3b7c146b,lhIS+WjWdu7nwVo2eeSh1fX8D+pCzpAo3q6D86Frg0w=,1e9320d9a281dcbde782011be06e2e15555ab9441b54c313254c9e84a6a3bba2,FS8T7AfKPJ415AtqtqQ33jUqG3uLFga1kWRtJ0FVL8g=,29ac3bebc7d8bf95fc566b7fd18bb82a91593b8a3a0877f87ec4350551f94d53,"T3: xMK submit share (round-level finalize), noise=0.000",reference_python,n=|logq=|scale=|scheme=alg_xmk_ckks,xmk_agg_pk:2c483293497644b3,,,,,,,,,58efd2d81b99f1b9eb6d7aabc7cbae40646fdc29d6cce6b7d09284eb45044abf,,5ddc056adb15d84a81e5015b8ee25f6bb45b98a761c3b6928054a97d4493a956,audit_trails/artifacts/ciphertext_attestations/T3_XMK_CKKS_TADP_client_000_r3_21c7d6a1389b958a__5ddc056adb15d84a.json,,,,,,,,,,,,,,,44eb9d43540d450d3b7a8dec9532d22eaf59da84c9307212bb2c67064dd9d278,09337fb6f03ac804f9aead14348e197dde6021103cf64dbbe1cb9a1cdfba18d0,,
407,b7e2d9517bd114310488e379309f59ba,9807b00ec9f05c0ed690f948a024469da45a3923628918d48e6175fa51233777,2026-08-22T17:52:44.778426+00:00,TADP-SEC/12.1,CLIENT_ACCEPTED_SUBMISSION,T3_XMK_CKKS_TADP,,,,client_000,,,,,,,,,,,2.3-phase1-fixed-threshold-critical-floor-review-profile,47dd2e58be138865a6d591a63329509757be6b563afb2badb96beb09eac726e5,a663ab753fcbe1179628a237bb638420356ea261176b970e3553fa59bfe7e9d6,1c154f7d4e37aa15e037310f6b45ff14a874311a582c673470a238929d8125dd,8d877b4c3b654a235066cdd49bf4c7e04e1b662c0cf44a17b54811ea50677e11,VALIDATED_EVIDENCE_BUNDLE,,,,,,,,,,,,,,,,,,,,,,,,UPDATE_SUBMITTED_ENFORCED,,False,NOT_REQUIRED_AUTOMATED_POLICY,False,,,,,,,,,,,,,C3_CONFIDENTIAL,3,,,,,,,,6f8a5214daf0d8d5188f7da84fe0931408bac9ce898d47d09d53366ef6cfe2b8,c068640bad122342de0e81050f313e88a0b5bf947d459a5df25df6b117f89be9,,,2026-08-23T17:18:04.591571+00:00,f38faee3fa6f33ee19f2eb5b1be0b18b,,,,,f2505c26086649a46503bab5f2c20e438d3a6a5fc5c98e4a5c6b1888ee4c42ae,eecab8e8d462cd544a02ddd7c50ede4fff681f52be8d946b7838ae1132a5055e,,,2026-08-22T18:52:20.294317+00:00,eb562985f77fc8a152d2d22d15bfd3f4695b107bdaa4c375fc5dde2be0f10805,active,,,4,ACCEPTED,ALL_BASELINE_CONTROLS,,,,True,True,True,True,True,False,2PChCXmA42hdxhvIdYWx0KziUN/O/dGbFwAbaHj+4Js=,4166bc75d40bc97d915a083e6eb4a66f28672373763bbf982db5200d8ed83707,lhIS+WjWdu7nwVo2eeSh1fX8D+pCzpAo3q6D86Frg0w=,0f775b4a64becc727ddcd385765ac537bc4b412cb4bdb50044dc57205b760a63,BuICQmNiVIpALIT0CpGTnXRpIN3NVd0oAwZVfMJyIc4=,29ac3bebc7d8bf95fc566b7fd18bb82a91593b8a3a0877f87ec4350551f94d53,,,,,,,,,,,,,,,,,445e442f769df2abddee8be50d8d27c0d449d525510fdfab8e54da91c869214e,audit_trails/artifacts/accepted_runtime_submissions/T3_XMK_CKKS_TADP_client_000_r4_4166bc75d40bc97d__445e442f769df2ab.json,,,,,,,,,,,,,09337fb6f03ac804f9aead14348e197dde6021103cf64dbbe1cb9a1cdfba18d0,68cf8a49ca3beebd4cf750efcef33f3adc3ba9c2a3b98848baaa3fed4a5bd32c,,
408,85861ec7e4f6f95f971f44a8f028dc23,9807b00ec9f05c0ed690f948a024469da45a3923628918d48e6175fa51233777,2026-08-22T17:52:45.128994+00:00,TADP-SEC/12.1,CLIENT_CIPHERTEXT_BINDING,T3_XMK_CKKS_TADP,,,,client_000,,,,,,,,,,,,,,,,,,,,,,,,,,,,,,,,,,,,,,,,CIPHERTEXT_BOUND_TO_SIGNED_UPDATE,,,,,,,,,,,,,,,,,C3_CONFIDENTIAL,3,,,,,,,,,,,,,f38faee3fa6f33ee19f2eb5b1be0b18b,,,,,,,,,,,,,,4,VERIFIED,,,,,True,,,,,False,2PChCXmA42hdxhvIdYWx0KziUN/O/dGbFwAbaHj+4Js=,4166bc75d40bc97d915a083e6eb4a66f28672373763bbf982db5200d8ed83707,lhIS+WjWdu7nwVo2eeSh1fX8D+pCzpAo3q6D86Frg0w=,08375154fb2715357358684808e21b06184756a757df0f53cc449e36c54630f9,BuICQmNiVIpALIT0CpGTnXRpIN3NVd0oAwZVfMJyIc4=,29ac3bebc7d8bf95fc566b7fd18bb82a91593b8a3a0877f87ec4350551f94d53,"T3: xMK submit share (round-level finalize), noise=0.000",reference_python,n=|logq=|scale=|scheme=alg_xmk_ckks,xmk_agg_pk:2c483293497644b3,,,,,,,,,c33b26d288dc6c03bd3df6e0e79acb9e03f0f7e38075e4327a8230526428fa2e,,e6ef64cd192ac13473531b4afccd95900d4fa9e6b48526c7408211a63192d67c,audit_trails/artifacts/ciphertext_attestations/T3_XMK_CKKS_TADP_client_000_r4_fcd84a6ef5f4997e__e6ef64cd192ac134.json,,,,,,,,,,,,,,,68cf8a49ca3beebd4cf750efcef33f3adc3ba9c2a3b98848baaa3fed4a5bd32c,a4940496a6d54928bc5f373583e3bea37f9c412eb06cf3376cee413eea6ad501,,
409,2690854fe45b6ef20a022988d1c2c82a,9807b00ec9f05c0ed690f948a024469da45a3923628918d48e6175fa51233777,2026-08-22T17:52:52.608869+00:00,TADP-SEC/12.1,CLIENT_ACCEPTED_SUBMISSION,T3_XMK_CKKS_TADP,,,,client_000,,,,,,,,,,,2.3-phase1-fixed-threshold-critical-floor-review-profile,47dd2e58be138865a6d591a63329509757be6b563afb2badb96beb09eac726e5,a663ab753fcbe1179628a237bb638420356ea261176b970e3553fa59bfe7e9d6,1c154f7d4e37aa15e037310f6b45ff14a874311a582c673470a238929d8125dd,8d877b4c3b654a235066cdd49bf4c7e04e1b662c0cf44a17b54811ea50677e11,VALIDATED_EVIDENCE_BUNDLE,,,,,,,,,,,,,,,,,,,,,,,,UPDATE_SUBMITTED_ENFORCED,,False,NOT_REQUIRED_AUTOMATED_POLICY,False,,,,,,,,,,,,,C3_CONFIDENTIAL,3,,,,,,,,6f8a5214daf0d8d5188f7da84fe0931408bac9ce898d47d09d53366ef6cfe2b8,c068640bad122342de0e81050f313e88a0b5bf947d459a5df25df6b117f89be9,,,2026-08-23T17:18:04.591571+00:00,f38faee3fa6f33ee19f2eb5b1be0b18b,,,,,f2505c26086649a46503bab5f2c20e438d3a6a5fc5c98e4a5c6b1888ee4c42ae,eecab8e8d462cd544a02ddd7c50ede4fff681f52be8d946b7838ae1132a5055e,,,2026-08-22T18:52:20.294317+00:00,eb562985f77fc8a152d2d22d15bfd3f4695b107bdaa4c375fc5dde2be0f10805,active,,,5,ACCEPTED,ALL_BASELINE_CONTROLS,,,,True,True,True,True,True,False,txTOmANkn7XZIOBljuafuqrQyv5dFzu0bnoavIY0krU=,daa1e66cd8c4d338331d1070ddeee842fcfbd67c1dcc3c85fd368d7c7e0e5670,lhIS+WjWdu7nwVo2eeSh1fX8D+pCzpAo3q6D86Frg0w=,58331f67e2731d20cb1c96e9bee3e78d02a430cca24c58ab4fde5994a28d7198,Du53uh/ZBBN30UmDT60HzeEKVdmac6hzaDRELAJiCZo=,29ac3bebc7d8bf95fc566b7fd18bb82a91593b8a3a0877f87ec4350551f94d53,,,,,,,,,,,,,,,,,cf2071dee8f79e2123379576f1f394ef74a6909d8af5968999a14c3c310961dd,audit_trails/artifacts/accepted_runtime_submissions/T3_XMK_CKKS_TADP_client_000_r5_daa1e66cd8c4d338__cf2071dee8f79e21.json,,,,,,,,,,,,,a4940496a6d54928bc5f373583e3bea37f9c412eb06cf3376cee413eea6ad501,fa9b52846f5bbaa3d55d4df7b602b54b0da1fc10ea4196aae47c83de63cd6c65,,
410,c533bd26952527694fef0a3e1947f71f,9807b00ec9f05c0ed690f948a024469da45a3923628918d48e6175fa51233777,2026-08-22T17:52:52.944016+00:00,TADP-SEC/12.1,CLIENT_CIPHERTEXT_BINDING,T3_XMK_CKKS_TADP,,,,client_000,,,,,,,,,,,,,,,,,,,,,,,,,,,,,,,,,,,,,,,,CIPHERTEXT_BOUND_TO_SIGNED_UPDATE,,,,,,,,,,,,,,,,,C3_CONFIDENTIAL,3,,,,,,,,,,,,,f38faee3fa6f33ee19f2eb5b1be0b18b,,,,,,,,,,,,,,5,VERIFIED,,,,,True,,,,,False,txTOmANkn7XZIOBljuafuqrQyv5dFzu0bnoavIY0krU=,daa1e66cd8c4d338331d1070ddeee842fcfbd67c1dcc3c85fd368d7c7e0e5670,lhIS+WjWdu7nwVo2eeSh1fX8D+pCzpAo3q6D86Frg0w=,799c50dadc8d86bc600ee5dd1d504b544c4cd07c07ad222f6c227813c6fb6f04,Du53uh/ZBBN30UmDT60HzeEKVdmac6hzaDRELAJiCZo=,29ac3bebc7d8bf95fc566b7fd18bb82a91593b8a3a0877f87ec4350551f94d53,"T3: xMK submit share (round-level finalize), noise=0.000",reference_python,n=|logq=|scale=|scheme=alg_xmk_ckks,xmk_agg_pk:2c483293497644b3,,,,,,,,,2265eb1843a5d706a9803a7c36c600fe13e78f9d1918b94c8ebec815809d4491,,cf3eb6ac152e759b0d7e37ee968c2722e05db57c9c8eedea47d8299917605b52,audit_trails/artifacts/ciphertext_attestations/T3_XMK_CKKS_TADP_client_000_r5_e2da47eb48c1a5f7__cf3eb6ac152e759b.json,,,,,,,,,,,,,,,fa9b52846f5bbaa3d55d4df7b602b54b0da1fc10ea4196aae47c83de63cd6c65,58672c723541e8335bc05541f71f646ef9041aa99d835dbfdd602f28e1a787cc,,
411,ffe715690975fd226a373a49bb69567a,9807b00ec9f05c0ed690f948a024469da45a3923628918d48e6175fa51233777,2026-08-22T17:52:59.374972+00:00,TADP-SEC/12.1,CLIENT_ACCEPTED_SUBMISSION,T3_XMK_CKKS_TADP,,,,client_000,,,,,,,,,,,2.3-phase1-fixed-threshold-critical-floor-review-profile,47dd2e58be138865a6d591a63329509757be6b563afb2badb96beb09eac726e5,a663ab753fcbe1179628a237bb638420356ea261176b970e3553fa59bfe7e9d6,1c154f7d4e37aa15e037310f6b45ff14a874311a582c673470a238929d8125dd,8d877b4c3b654a235066cdd49bf4c7e04e1b662c0cf44a17b54811ea50677e11,VALIDATED_EVIDENCE_BUNDLE,,,,,,,,,,,,,,,,,,,,,,,,UPDATE_SUBMITTED_ENFORCED,,False,NOT_REQUIRED_AUTOMATED_POLICY,False,,,,,,,,,,,,,C3_CONFIDENTIAL,3,,,,,,,,6f8a5214daf0d8d5188f7da84fe0931408bac9ce898d47d09d53366ef6cfe2b8,c068640bad122342de0e81050f313e88a0b5bf947d459a5df25df6b117f89be9,,,2026-08-23T17:18:04.591571+00:00,f38faee3fa6f33ee19f2eb5b1be0b18b,,,,,f2505c26086649a46503bab5f2c20e438d3a6a5fc5c98e4a5c6b1888ee4c42ae,eecab8e8d462cd544a02ddd7c50ede4fff681f52be8d946b7838ae1132a5055e,,,2026-08-22T18:52:20.294317+00:00,eb562985f77fc8a152d2d22d15bfd3f4695b107bdaa4c375fc5dde2be0f10805,active,,,6,ACCEPTED,ALL_BASELINE_CONTROLS,,,,True,True,True,True,True,False,Odj7mE4cb6epTQsIGfmzv4rF4+hByK4j7T2SgGvLvVs=,bc2e90f6f2244c4be3daf7eabb381549c917333e39f686e3356b0f03c1a52efd,lhIS+WjWdu7nwVo2eeSh1fX8D+pCzpAo3q6D86Frg0w=,0cd9a5d02bc4129931d897e008d971e1e8d24626e671f51fbf1c15806735f953,2LAQM6BfdmcZ1bKX/M7upmA8/qfww8pT+XBABih6iag=,29ac3bebc7d8bf95fc566b7fd18bb82a91593b8a3a0877f87ec4350551f94d53,,,,,,,,,,,,,,,,,0930a841c855d645e7e40d442e8f8fa1958bf8d35252a7292792869aed056503,audit_trails/artifacts/accepted_runtime_submissions/T3_XMK_CKKS_TADP_client_000_r6_bc2e90f6f2244c4b__0930a841c855d645.json,,,,,,,,,,,,,58672c723541e8335bc05541f71f646ef9041aa99d835dbfdd602f28e1a787cc,c32c8dd655742cc7cd4f1c1d1966c9cae5ccf13eb4f67aaea62094559b3858cc,,
412,d9973ac398daa35eadf22375a41121b6,9807b00ec9f05c0ed690f948a024469da45a3923628918d48e6175fa51233777,2026-08-22T17:52:59.723230+00:00,TADP-SEC/12.1,CLIENT_CIPHERTEXT_BINDING,T3_XMK_CKKS_TADP,,,,client_000,,,,,,,,,,,,,,,,,,,,,,,,,,,,,,,,,,,,,,,,CIPHERTEXT_BOUND_TO_SIGNED_UPDATE,,,,,,,,,,,,,,,,,C3_CONFIDENTIAL,3,,,,,,,,,,,,,f38faee3fa6f33ee19f2eb5b1be0b18b,,,,,,,,,,,,,,6,VERIFIED,,,,,True,,,,,False,Odj7mE4cb6epTQsIGfmzv4rF4+hByK4j7T2SgGvLvVs=,bc2e90f6f2244c4be3daf7eabb381549c917333e39f686e3356b0f03c1a52efd,lhIS+WjWdu7nwVo2eeSh1fX8D+pCzpAo3q6D86Frg0w=,d4c403cff9ee576c2d9bd7ba1f1ea93a0974e735c9e404db656d4c4f04702fc8,2LAQM6BfdmcZ1bKX/M7upmA8/qfww8pT+XBABih6iag=,29ac3bebc7d8bf95fc566b7fd18bb82a91593b8a3a0877f87ec4350551f94d53,"T3: xMK submit share (round-level finalize), noise=0.000",reference_python,n=|logq=|scale=|scheme=alg_xmk_ckks,xmk_agg_pk:2c483293497644b3,,,,,,,,,ee7071e9c5f43ea8cf3136ff6ba27426ab3c020d8fad22d00a03bba347be83f0,,f71541bb9d4e102b372943afe0cab15ce8a471118a3829ff24bb0ae0ca909942,audit_trails/artifacts/ciphertext_attestations/T3_XMK_CKKS_TADP_client_000_r6_399eb6e51a5b5b34__f71541bb9d4e102b.json,,,,,,,,,,,,,,,c32c8dd655742cc7cd4f1c1d1966c9cae5ccf13eb4f67aaea62094559b3858cc,9e46e6403c15ff3cf779da8ef1c7d7256b63210231dc12e49bf87c539aaced13,,
413,eaeecc3671c1f259fd098b62ace6e6a4,9807b00ec9f05c0ed690f948a024469da45a3923628918d48e6175fa51233777,2026-08-22T17:53:07.141625+00:00,TADP-SEC/12.1,CLIENT_ACCEPTED_SUBMISSION,T3_XMK_CKKS_TADP,,,,client_000,,,,,,,,,,,2.3-phase1-fixed-threshold-critical-floor-review-profile,47dd2e58be138865a6d591a63329509757be6b563afb2badb96beb09eac726e5,a663ab753fcbe1179628a237bb638420356ea261176b970e3553fa59bfe7e9d6,1c154f7d4e37aa15e037310f6b45ff14a874311a582c673470a238929d8125dd,8d877b4c3b654a235066cdd49bf4c7e04e1b662c0cf44a17b54811ea50677e11,VALIDATED_EVIDENCE_BUNDLE,,,,,,,,,,,,,,,,,,,,,,,,UPDATE_SUBMITTED_ENFORCED,,False,NOT_REQUIRED_AUTOMATED_POLICY,False,,,,,,,,,,,,,C3_CONFIDENTIAL,3,,,,,,,,6f8a5214daf0d8d5188f7da84fe0931408bac9ce898d47d09d53366ef6cfe2b8,c068640bad122342de0e81050f313e88a0b5bf947d459a5df25df6b117f89be9,,,2026-08-23T17:18:04.591571+00:00,f38faee3fa6f33ee19f2eb5b1be0b18b,,,,,f2505c26086649a46503bab5f2c20e438d3a6a5fc5c98e4a5c6b1888ee4c42ae,eecab8e8d462cd544a02ddd7c50ede4fff681f52be8d946b7838ae1132a5055e,,,2026-08-22T18:52:20.294317+00:00,eb562985f77fc8a152d2d22d15bfd3f4695b107bdaa4c375fc5dde2be0f10805,active,,,7,ACCEPTED,ALL_BASELINE_CONTROLS,,,,True,True,True,True,True,False,6s0A+6vHIg33zvNtKqUpat60qLq6a853ddB2mCQsn2o=,0930955656bbfa941e059740c89574cf8a995bbcb12c10ce53bc63b1812e81f8,lhIS+WjWdu7nwVo2eeSh1fX8D+pCzpAo3q6D86Frg0w=,bc3593631c3e03bb82d2dcc372f3bd9d89438cb43edef7060aaa550d3c0e8972,zEfYS7y8TDom82ZP7K0mK7xQPWesymzRwUoE6qFbMr4=,29ac3bebc7d8bf95fc566b7fd18bb82a91593b8a3a0877f87ec4350551f94d53,,,,,,,,,,,,,,,,,68a23cd5e7c30f089006f9c6ce3dc19d9bca97352050db4a32a190e4848e615a,audit_trails/artifacts/accepted_runtime_submissions/T3_XMK_CKKS_TADP_client_000_r7_0930955656bbfa94__68a23cd5e7c30f08.json,,,,,,,,,,,,,9e46e6403c15ff3cf779da8ef1c7d7256b63210231dc12e49bf87c539aaced13,148256fdab9d0ec6ca8fb05735db94d497eb05613bbf28e6c929e4666da00776,,
414,e273c7e38264e3257193bff7e70425e2,9807b00ec9f05c0ed690f948a024469da45a3923628918d48e6175fa51233777,2026-08-22T17:53:07.470786+00:00,TADP-SEC/12.1,CLIENT_CIPHERTEXT_BINDING,T3_XMK_CKKS_TADP,,,,client_000,,,,,,,,,,,,,,,,,,,,,,,,,,,,,,,,,,,,,,,,CIPHERTEXT_BOUND_TO_SIGNED_UPDATE,,,,,,,,,,,,,,,,,C3_CONFIDENTIAL,3,,,,,,,,,,,,,f38faee3fa6f33ee19f2eb5b1be0b18b,,,,,,,,,,,,,,7,VERIFIED,,,,,True,,,,,False,6s0A+6vHIg33zvNtKqUpat60qLq6a853ddB2mCQsn2o=,0930955656bbfa941e059740c89574cf8a995bbcb12c10ce53bc63b1812e81f8,lhIS+WjWdu7nwVo2eeSh1fX8D+pCzpAo3q6D86Frg0w=,c84e0f523d7a1c45aa80ffb784e23f56508fa8714d4152c3097ca13291ba7ffe,zEfYS7y8TDom82ZP7K0mK7xQPWesymzRwUoE6qFbMr4=,29ac3bebc7d8bf95fc566b7fd18bb82a91593b8a3a0877f87ec4350551f94d53,"T3: xMK submit share (round-level finalize), noise=0.000",reference_python,n=|logq=|scale=|scheme=alg_xmk_ckks,xmk_agg_pk:2c483293497644b3,,,,,,,,,698355bdfce21a0548cbcf8bf155e03cda66f7498d7b7e2ef09b55ca1b731e0c,,3ca61f563ad719c5d22f7a7235cc5f0a705986e377c8f08642e038d7361b63bf,audit_trails/artifacts/ciphertext_attestations/T3_XMK_CKKS_TADP_client_000_r7_512e7c04f626a7bc__3ca61f563ad719c5.json,,,,,,,,,,,,,,,148256fdab9d0ec6ca8fb05735db94d497eb05613bbf28e6c929e4666da00776,88fed97aa58dec257ea7b1c5b8dea9386662809bf53789fd880744381ce971df,,
415,4373d66571a101e84960d05acfc9e5fa,9807b00ec9f05c0ed690f948a024469da45a3923628918d48e6175fa51233777,2026-08-22T17:53:13.895534+00:00,TADP-SEC/12.1,CLIENT_ACCEPTED_SUBMISSION,T3_XMK_CKKS_TADP,,,,client_000,,,,,,,,,,,2.3-phase1-fixed-threshold-critical-floor-review-profile,47dd2e58be138865a6d591a63329509757be6b563afb2badb96beb09eac726e5,a663ab753fcbe1179628a237bb638420356ea261176b970e3553fa59bfe7e9d6,1c154f7d4e37aa15e037310f6b45ff14a874311a582c673470a238929d8125dd,8d877b4c3b654a235066cdd49bf4c7e04e1b662c0cf44a17b54811ea50677e11,VALIDATED_EVIDENCE_BUNDLE,,,,,,,,,,,,,,,,,,,,,,,,UPDATE_SUBMITTED_ENFORCED,,False,NOT_REQUIRED_AUTOMATED_POLICY,False,,,,,,,,,,,,,C3_CONFIDENTIAL,3,,,,,,,,6f8a5214daf0d8d5188f7da84fe0931408bac9ce898d47d09d53366ef6cfe2b8,c068640bad122342de0e81050f313e88a0b5bf947d459a5df25df6b117f89be9,,,2026-08-23T17:18:04.591571+00:00,f38faee3fa6f33ee19f2eb5b1be0b18b,,,,,f2505c26086649a46503bab5f2c20e438d3a6a5fc5c98e4a5c6b1888ee4c42ae,eecab8e8d462cd544a02ddd7c50ede4fff681f52be8d946b7838ae1132a5055e,,,2026-08-22T18:52:20.294317+00:00,eb562985f77fc8a152d2d22d15bfd3f4695b107bdaa4c375fc5dde2be0f10805,active,,,8,ACCEPTED,ALL_BASELINE_CONTROLS,,,,True,True,True,True,True,False,U5YHmJL2jgpyAwZbgWM+yFx9VEphN9uYDmo89mE1Kwc=,30074b4e3445d578724e0c1f5c6be074e1c64eb8498e07198ac5d7b9e3a518a8,lhIS+WjWdu7nwVo2eeSh1fX8D+pCzpAo3q6D86Frg0w=,a97ece76d363decb16d4e67152e97b98caa145145dbff982cd241fd4f8130e3e,kVW7pK8pEUIBrKwdiE6Nhme4lt2DGRByw0Ip11o/Wsg=,29ac3bebc7d8bf95fc566b7fd18bb82a91593b8a3a0877f87ec4350551f94d53,,,,,,,,,,,,,,,,,62bd1dc79db2acb26ad2b208e05a6b20356c600fbbe6b0747b8868fbb38f09ca,audit_trails/artifacts/accepted_runtime_submissions/T3_XMK_CKKS_TADP_client_000_r8_30074b4e3445d578__62bd1dc79db2acb2.json,,,,,,,,,,,,,88fed97aa58dec257ea7b1c5b8dea9386662809bf53789fd880744381ce971df,79526fcb405d43b341d89862fa617b7f349284971f4d5eaec8ac294b9c59c9e4,,
416,724057ffe913090e0d1374014c5f2904,9807b00ec9f05c0ed690f948a024469da45a3923628918d48e6175fa51233777,2026-08-22T17:53:14.243433+00:00,TADP-SEC/12.1,CLIENT_CIPHERTEXT_BINDING,T3_XMK_CKKS_TADP,,,,client_000,,,,,,,,,,,,,,,,,,,,,,,,,,,,,,,,,,,,,,,,CIPHERTEXT_BOUND_TO_SIGNED_UPDATE,,,,,,,,,,,,,,,,,C3_CONFIDENTIAL,3,,,,,,,,,,,,,f38faee3fa6f33ee19f2eb5b1be0b18b,,,,,,,,,,,,,,8,VERIFIED,,,,,True,,,,,False,U5YHmJL2jgpyAwZbgWM+yFx9VEphN9uYDmo89mE1Kwc=,30074b4e3445d578724e0c1f5c6be074e1c64eb8498e07198ac5d7b9e3a518a8,lhIS+WjWdu7nwVo2eeSh1fX8D+pCzpAo3q6D86Frg0w=,87517c532a2d3efaeea012944fb0ef53923fbbc532ffa67a65ee85a3067d4751,kVW7pK8pEUIBrKwdiE6Nhme4lt2DGRByw0Ip11o/Wsg=,29ac3bebc7d8bf95fc566b7fd18bb82a91593b8a3a0877f87ec4350551f94d53,"T3: xMK submit share (round-level finalize), noise=0.000",reference_python,n=|logq=|scale=|scheme=alg_xmk_ckks,xmk_agg_pk:2c483293497644b3,,,,,,,,,8fdc80ab1f9f4197a60426fdf74346ed664b32c17d86da11766a9adf59a7d246,,574166544274aac3963a81a70add9cdc46dbb9de94a54b3885e4bf4074fe0de5,audit_trails/artifacts/ciphertext_attestations/T3_XMK_CKKS_TADP_client_000_r8_30b557f788d77ae2__574166544274aac3.json,,,,,,,,,,,,,,,79526fcb405d43b341d89862fa617b7f349284971f4d5eaec8ac294b9c59c9e4,8ec4adb3e60118fbb1034de661aa678cc85d981ea31c86d69416993c57c492e3,,
417,8d91107a1df25722a1b341c265c412e5,9807b00ec9f05c0ed690f948a024469da45a3923628918d48e6175fa51233777,2026-08-22T17:53:21.678215+00:00,TADP-SEC/12.1,CLIENT_ACCEPTED_SUBMISSION,T3_XMK_CKKS_TADP,,,,client_000,,,,,,,,,,,2.3-phase1-fixed-threshold-critical-floor-review-profile,47dd2e58be138865a6d591a63329509757be6b563afb2badb96beb09eac726e5,a663ab753fcbe1179628a237bb638420356ea261176b970e3553fa59bfe7e9d6,1c154f7d4e37aa15e037310f6b45ff14a874311a582c673470a238929d8125dd,8d877b4c3b654a235066cdd49bf4c7e04e1b662c0cf44a17b54811ea50677e11,VALIDATED_EVIDENCE_BUNDLE,,,,,,,,,,,,,,,,,,,,,,,,UPDATE_SUBMITTED_ENFORCED,,False,NOT_REQUIRED_AUTOMATED_POLICY,False,,,,,,,,,,,,,C3_CONFIDENTIAL,3,,,,,,,,6f8a5214daf0d8d5188f7da84fe0931408bac9ce898d47d09d53366ef6cfe2b8,c068640bad122342de0e81050f313e88a0b5bf947d459a5df25df6b117f89be9,,,2026-08-23T17:18:04.591571+00:00,f38faee3fa6f33ee19f2eb5b1be0b18b,,,,,f2505c26086649a46503bab5f2c20e438d3a6a5fc5c98e4a5c6b1888ee4c42ae,eecab8e8d462cd544a02ddd7c50ede4fff681f52be8d946b7838ae1132a5055e,,,2026-08-22T18:52:20.294317+00:00,eb562985f77fc8a152d2d22d15bfd3f4695b107bdaa4c375fc5dde2be0f10805,active,,,9,ACCEPTED,ALL_BASELINE_CONTROLS,,,,True,True,True,True,True,False,2uWueFBKvJFjpJWcDHNnXTM2GMMTiG0oqSJGxXhANfU=,3b6ca94f65201d87dd5c19c3aeb4c89be171f1db83f30e8d0f7376ecc995bd47,lhIS+WjWdu7nwVo2eeSh1fX8D+pCzpAo3q6D86Frg0w=,3b80cc396ef4bda5a68c3e4c7785ca50d898ee5553fae0f250b207b499306ef9,4ncUiR7zPffFfRHP2pLeiNPdvcIPftqp/PoMahqsKBk=,29ac3bebc7d8bf95fc566b7fd18bb82a91593b8a3a0877f87ec4350551f94d53,,,,,,,,,,,,,,,,,bc1495da8c8c35bd35c6b6fb938e29a9b71753956362db1efed06da64e67d2a7,audit_trails/artifacts/accepted_runtime_submissions/T3_XMK_CKKS_TADP_client_000_r9_3b6ca94f65201d87__bc1495da8c8c35bd.json,,,,,,,,,,,,,8ec4adb3e60118fbb1034de661aa678cc85d981ea31c86d69416993c57c492e3,91733391ea6ca16563f2cdb072785fde8b3c9909be5727dd22b527a584af1804,,
418,1f552d7d9b884f74f41f99f57b2800db,9807b00ec9f05c0ed690f948a024469da45a3923628918d48e6175fa51233777,2026-08-22T17:53:22.014924+00:00,TADP-SEC/12.1,CLIENT_CIPHERTEXT_BINDING,T3_XMK_CKKS_TADP,,,,client_000,,,,,,,,,,,,,,,,,,,,,,,,,,,,,,,,,,,,,,,,CIPHERTEXT_BOUND_TO_SIGNED_UPDATE,,,,,,,,,,,,,,,,,C3_CONFIDENTIAL,3,,,,,,,,,,,,,f38faee3fa6f33ee19f2eb5b1be0b18b,,,,,,,,,,,,,,9,VERIFIED,,,,,True,,,,,False,2uWueFBKvJFjpJWcDHNnXTM2GMMTiG0oqSJGxXhANfU=,3b6ca94f65201d87dd5c19c3aeb4c89be171f1db83f30e8d0f7376ecc995bd47,lhIS+WjWdu7nwVo2eeSh1fX8D+pCzpAo3q6D86Frg0w=,952e69b3abec9c66c7c09edd0744092c704b09b7f6a55069074999be990ceece,4ncUiR7zPffFfRHP2pLeiNPdvcIPftqp/PoMahqsKBk=,29ac3bebc7d8bf95fc566b7fd18bb82a91593b8a3a0877f87ec4350551f94d53,"T3: xMK submit share (round-level finalize), noise=0.000",reference_python,n=|logq=|scale=|scheme=alg_xmk_ckks,xmk_agg_pk:2c483293497644b3,,,,,,,,,5bc4bc6a5ea8c298800648edaa623aa9484572c1bbe4a6289539b8724b5792e9,,280602d09b16d9c5ca52b2c200bf13d248aa45ef5df89927dc46fad198d8a757,audit_trails/artifacts/ciphertext_attestations/T3_XMK_CKKS_TADP_client_000_r9_ecbfb8b74b675281__280602d09b16d9c5.json,,,,,,,,,,,,,,,91733391ea6ca16563f2cdb072785fde8b3c9909be5727dd22b527a584af1804,b9d45f5500e890e5ec3546755f46852a079887bab0fc1b983224ef98fe7d488f,,
419,7dd9213241f0db3b7a9b8828ce2d4bb0,9807b00ec9f05c0ed690f948a024469da45a3923628918d48e6175fa51233777,2026-08-22T17:53:28.450620+00:00,TADP-SEC/12.1,CLIENT_ACCEPTED_SUBMISSION,T3_XMK_CKKS_TADP,,,,client_000,,,,,,,,,,,2.3-phase1-fixed-threshold-critical-floor-review-profile,47dd2e58be138865a6d591a63329509757be6b563afb2badb96beb09eac726e5,a663ab753fcbe1179628a237bb638420356ea261176b970e3553fa59bfe7e9d6,1c154f7d4e37aa15e037310f6b45ff14a874311a582c673470a238929d8125dd,8d877b4c3b654a235066cdd49bf4c7e04e1b662c0cf44a17b54811ea50677e11,VALIDATED_EVIDENCE_BUNDLE,,,,,,,,,,,,,,,,,,,,,,,,UPDATE_SUBMITTED_ENFORCED,,False,NOT_REQUIRED_AUTOMATED_POLICY,False,,,,,,,,,,,,,C3_CONFIDENTIAL,3,,,,,,,,6f8a5214daf0d8d5188f7da84fe0931408bac9ce898d47d09d53366ef6cfe2b8,c068640bad122342de0e81050f313e88a0b5bf947d459a5df25df6b117f89be9,,,2026-08-23T17:18:04.591571+00:00,f38faee3fa6f33ee19f2eb5b1be0b18b,,,,,f2505c26086649a46503bab5f2c20e438d3a6a5fc5c98e4a5c6b1888ee4c42ae,eecab8e8d462cd544a02ddd7c50ede4fff681f52be8d946b7838ae1132a5055e,,,2026-08-22T18:52:20.294317+00:00,eb562985f77fc8a152d2d22d15bfd3f4695b107bdaa4c375fc5dde2be0f10805,active,,,10,ACCEPTED,ALL_BASELINE_CONTROLS,,,,True,True,True,True,True,False,YD5PBPa9XwbPI7eOzQ3ksNofdI68Pwm3iaMJss6hAGU=,c887059ab4542db03a3eb7bd4e78b969edf5948aed3eee9e48b834e24b69f5c9,lhIS+WjWdu7nwVo2eeSh1fX8D+pCzpAo3q6D86Frg0w=,f939d30f582b9d4aa8cbce7ce3bd2f91f259ba8d7520dfb968176f4400592e95,2ptyZtiYqqPXtePTkIpgyrgzaDmKea21EGWyi004FvY=,29ac3bebc7d8bf95fc566b7fd18bb82a91593b8a3a0877f87ec4350551f94d53,,,,,,,,,,,,,,,,,933683b46e604f656d568ea948bf89761ac3a1be24c55ad5b17f55f87843483b,audit_trails/artifacts/accepted_runtime_submissions/T3_XMK_CKKS_TADP_client_000_r10_c887059ab4542db0__933683b46e604f65.json,,,,,,,,,,,,,b9d45f5500e890e5ec3546755f46852a079887bab0fc1b983224ef98fe7d488f,ffad4a2c3a8c94ad61fd902ecf02093c44d42c9250f4f7db89790743a2fccd4a,,
420,334eaff2866ca83a6a16d871aa55d87c,9807b00ec9f05c0ed690f948a024469da45a3923628918d48e6175fa51233777,2026-08-22T17:53:28.786040+00:00,TADP-SEC/12.1,CLIENT_CIPHERTEXT_BINDING,T3_XMK_CKKS_TADP,,,,client_000,,,,,,,,,,,,,,,,,,,,,,,,,,,,,,,,,,,,,,,,CIPHERTEXT_BOUND_TO_SIGNED_UPDATE,,,,,,,,,,,,,,,,,C3_CONFIDENTIAL,3,,,,,,,,,,,,,f38faee3fa6f33ee19f2eb5b1be0b18b,,,,,,,,,,,,,,10,VERIFIED,,,,,True,,,,,False,YD5PBPa9XwbPI7eOzQ3ksNofdI68Pwm3iaMJss6hAGU=,c887059ab4542db03a3eb7bd4e78b969edf5948aed3eee9e48b834e24b69f5c9,lhIS+WjWdu7nwVo2eeSh1fX8D+pCzpAo3q6D86Frg0w=,946e3201739bc4f80d86bd0f039ed24bcc5fafcc01c34b3da8595fe7deefa1cb,2ptyZtiYqqPXtePTkIpgyrgzaDmKea21EGWyi004FvY=,29ac3bebc7d8bf95fc566b7fd18bb82a91593b8a3a0877f87ec4350551f94d53,"T3: xMK submit share (round-level finalize), noise=0.000",reference_python,n=|logq=|scale=|scheme=alg_xmk_ckks,xmk_agg_pk:2c483293497644b3,,,,,,,,,f08cadc54d9e24d24a5607cfdad2c421a1796fa0e2cfd80d2376edbf0415b622,,d8b06d95543fe2e90f1705bbf961d2e5509ec90ec210d3f9c995195db1a67a96,audit_trails/artifacts/ciphertext_attestations/T3_XMK_CKKS_TADP_client_000_r10_ee28a8bb714f456b__d8b06d95543fe2e9.json,,,,,,,,,,,,,,,ffad4a2c3a8c94ad61fd902ecf02093c44d42c9250f4f7db89790743a2fccd4a,cdd15cc2d1e5dd4de5df8103370d9276cc0c4bec71adfea11f7d51bd7ca9d831,,
421,d49a3c972822e1aa50ef1a32690da7bc,9807b00ec9f05c0ed690f948a024469da45a3923628918d48e6175fa51233777,2026-08-22T17:53:36.282826+00:00,TADP-SEC/12.1,CLIENT_ACCEPTED_SUBMISSION,T3_XMK_CKKS_TADP,,,,client_000,,,,,,,,,,,2.3-phase1-fixed-threshold-critical-floor-review-profile,47dd2e58be138865a6d591a63329509757be6b563afb2badb96beb09eac726e5,a663ab753fcbe1179628a237bb638420356ea261176b970e3553fa59bfe7e9d6,1c154f7d4e37aa15e037310f6b45ff14a874311a582c673470a238929d8125dd,8d877b4c3b654a235066cdd49bf4c7e04e1b662c0cf44a17b54811ea50677e11,VALIDATED_EVIDENCE_BUNDLE,,,,,,,,,,,,,,,,,,,,,,,,UPDATE_SUBMITTED_ENFORCED,,False,NOT_REQUIRED_AUTOMATED_POLICY,False,,,,,,,,,,,,,C3_CONFIDENTIAL,3,,,,,,,,6f8a5214daf0d8d5188f7da84fe0931408bac9ce898d47d09d53366ef6cfe2b8,c068640bad122342de0e81050f313e88a0b5bf947d459a5df25df6b117f89be9,,,2026-08-23T17:18:04.591571+00:00,f38faee3fa6f33ee19f2eb5b1be0b18b,,,,,f2505c26086649a46503bab5f2c20e438d3a6a5fc5c98e4a5c6b1888ee4c42ae,eecab8e8d462cd544a02ddd7c50ede4fff681f52be8d946b7838ae1132a5055e,,,2026-08-22T18:52:20.294317+00:00,eb562985f77fc8a152d2d22d15bfd3f4695b107bdaa4c375fc5dde2be0f10805,active,,,11,ACCEPTED,ALL_BASELINE_CONTROLS,,,,True,True,True,True,True,False,ikWBIEGpG2H75qqEfr25S1RPrgaoZ3VLuWn1gXqstVg=,39e88b032282f42c53d54f086b6137519f154d00c97273d069b8258828a37935,lhIS+WjWdu7nwVo2eeSh1fX8D+pCzpAo3q6D86Frg0w=,d4df1df50d948f028eb3bd3eb8d89f7744854d7d9e17a6b2116f94f78a98a8b4,9cs+rlQe8j/fRZJxjQFfcWafuqBSEIjSnyvGEejpgok=,29ac3bebc7d8bf95fc566b7fd18bb82a91593b8a3a0877f87ec4350551f94d53,,,,,,,,,,,,,,,,,53720e742e9f323e23789586d3c443cfef90e4e29003b2b9d8e24cbfc76f452a,audit_trails/artifacts/accepted_runtime_submissions/T3_XMK_CKKS_TADP_client_000_r11_39e88b032282f42c__53720e742e9f323e.json,,,,,,,,,,,,,cdd15cc2d1e5dd4de5df8103370d9276cc0c4bec71adfea11f7d51bd7ca9d831,0104b13ffb6c2f10a26b0d212c9825f1625d40b941f809992561e0d502e300df,,
422,9bd974e65ad0beed4595036e4c162ba5,9807b00ec9f05c0ed690f948a024469da45a3923628918d48e6175fa51233777,2026-08-22T17:53:36.612750+00:00,TADP-SEC/12.1,CLIENT_CIPHERTEXT_BINDING,T3_XMK_CKKS_TADP,,,,client_000,,,,,,,,,,,,,,,,,,,,,,,,,,,,,,,,,,,,,,,,CIPHERTEXT_BOUND_TO_SIGNED_UPDATE,,,,,,,,,,,,,,,,,C3_CONFIDENTIAL,3,,,,,,,,,,,,,f38faee3fa6f33ee19f2eb5b1be0b18b,,,,,,,,,,,,,,11,VERIFIED,,,,,True,,,,,False,ikWBIEGpG2H75qqEfr25S1RPrgaoZ3VLuWn1gXqstVg=,39e88b032282f42c53d54f086b6137519f154d00c97273d069b8258828a37935,lhIS+WjWdu7nwVo2eeSh1fX8D+pCzpAo3q6D86Frg0w=,7ab9cd13b5f470f7eb2a00106d0595ce24a992fa349bde449b8357e50e99cdd0,9cs+rlQe8j/fRZJxjQFfcWafuqBSEIjSnyvGEejpgok=,29ac3bebc7d8bf95fc566b7fd18bb82a91593b8a3a0877f87ec4350551f94d53,"T3: xMK submit share (round-level finalize), noise=0.000",reference_python,n=|logq=|scale=|scheme=alg_xmk_ckks,xmk_agg_pk:2c483293497644b3,,,,,,,,,9fc6d44e5be82b97ea01ed0a08dcb71586c5e46f262d4be930d8b11670b58788,,10044c84d2129f29dcabc41aeac4bbe8ea7e8576546351adfcac40031817163b,audit_trails/artifacts/ciphertext_attestations/T3_XMK_CKKS_TADP_client_000_r11_3a83518c662ca879__10044c84d2129f29.json,,,,,,,,,,,,,,,0104b13ffb6c2f10a26b0d212c9825f1625d40b941f809992561e0d502e300df,f990de560e6a1341d3f181440d6fbbd3434c3b354c122a40ba765d164d50c8b0,,
423,40f994165734c7e98d7fa1aea6c739a6,9807b00ec9f05c0ed690f948a024469da45a3923628918d48e6175fa51233777,2026-08-22T17:53:43.274287+00:00,TADP-SEC/12.1,CLIENT_ACCEPTED_SUBMISSION,T3_XMK_CKKS_TADP,,,,client_000,,,,,,,,,,,2.3-phase1-fixed-threshold-critical-floor-review-profile,47dd2e58be138865a6d591a63329509757be6b563afb2badb96beb09eac726e5,a663ab753fcbe1179628a237bb638420356ea261176b970e3553fa59bfe7e9d6,1c154f7d4e37aa15e037310f6b45ff14a874311a582c673470a238929d8125dd,8d877b4c3b654a235066cdd49bf4c7e04e1b662c0cf44a17b54811ea50677e11,VALIDATED_EVIDENCE_BUNDLE,,,,,,,,,,,,,,,,,,,,,,,,UPDATE_SUBMITTED_ENFORCED,,False,NOT_REQUIRED_AUTOMATED_POLICY,False,,,,,,,,,,,,,C3_CONFIDENTIAL,3,,,,,,,,6f8a5214daf0d8d5188f7da84fe0931408bac9ce898d47d09d53366ef6cfe2b8,c068640bad122342de0e81050f313e88a0b5bf947d459a5df25df6b117f89be9,,,2026-08-23T17:18:04.591571+00:00,f38faee3fa6f33ee19f2eb5b1be0b18b,,,,,f2505c26086649a46503bab5f2c20e438d3a6a5fc5c98e4a5c6b1888ee4c42ae,eecab8e8d462cd544a02ddd7c50ede4fff681f52be8d946b7838ae1132a5055e,,,2026-08-22T18:52:20.294317+00:00,eb562985f77fc8a152d2d22d15bfd3f4695b107bdaa4c375fc5dde2be0f10805,active,,,12,ACCEPTED,ALL_BASELINE_CONTROLS,,,,True,True,True,True,True,False,w5SmiGdBQHjhEeuxWnYuW+npnPKF85m7wr5jx2H4bNA=,801c5a592e7ff2f8aea34007ea267dc20ad50e3c462f27ab4eb2b64ac2193da5,lhIS+WjWdu7nwVo2eeSh1fX8D+pCzpAo3q6D86Frg0w=,770f35cf058fb3c3c8dcf8a1a159205bdfdad22ea7d13cf3ed8f01b2c4499c22,ygptoDLMwIgLIYNq6yR7ucBFzcAOPkgXGBKx86KAx1c=,29ac3bebc7d8bf95fc566b7fd18bb82a91593b8a3a0877f87ec4350551f94d53,,,,,,,,,,,,,,,,,2c9744c882c9de32c01d6a406d820425fb768d57a0755bdaf7e80a4bfd27358d,audit_trails/artifacts/accepted_runtime_submissions/T3_XMK_CKKS_TADP_client_000_r12_801c5a592e7ff2f8__2c9744c882c9de32.json,,,,,,,,,,,,,f990de560e6a1341d3f181440d6fbbd3434c3b354c122a40ba765d164d50c8b0,2acf256e8b8d3a2cf53f7261fce1a9f87b0491cb78c8da6547e9752cacb03c6b,,
424,ba25fa54c76b4d91bfbd2edfc2851f04,9807b00ec9f05c0ed690f948a024469da45a3923628918d48e6175fa51233777,2026-08-22T17:53:43.768081+00:00,TADP-SEC/12.1,CLIENT_CIPHERTEXT_BINDING,T3_XMK_CKKS_TADP,,,,client_000,,,,,,,,,,,,,,,,,,,,,,,,,,,,,,,,,,,,,,,,CIPHERTEXT_BOUND_TO_SIGNED_UPDATE,,,,,,,,,,,,,,,,,C3_CONFIDENTIAL,3,,,,,,,,,,,,,f38faee3fa6f33ee19f2eb5b1be0b18b,,,,,,,,,,,,,,12,VERIFIED,,,,,True,,,,,False,w5SmiGdBQHjhEeuxWnYuW+npnPKF85m7wr5jx2H4bNA=,801c5a592e7ff2f8aea34007ea267dc20ad50e3c462f27ab4eb2b64ac2193da5,lhIS+WjWdu7nwVo2eeSh1fX8D+pCzpAo3q6D86Frg0w=,34530460fcb84c10a14936ad1d49d14ae67dabe9ca87f78c711286e72e234de4,ygptoDLMwIgLIYNq6yR7ucBFzcAOPkgXGBKx86KAx1c=,29ac3bebc7d8bf95fc566b7fd18bb82a91593b8a3a0877f87ec4350551f94d53,"T3: xMK submit share (round-level finalize), noise=0.000",reference_python,n=|logq=|scale=|scheme=alg_xmk_ckks,xmk_agg_pk:2c483293497644b3,,,,,,,,,2367b80398a590564b37f7800d6b4ac1edfa60145b9f44861aea8fafee3b4c1d,,d1d6a48ba480a19071d2cce201d65462fdd4785cd4078c3d1d60584811ac7fba,audit_trails/artifacts/ciphertext_attestations/T3_XMK_CKKS_TADP_client_000_r12_8e87b9c644ce9048__d1d6a48ba480a190.json,,,,,,,,,,,,,,,2acf256e8b8d3a2cf53f7261fce1a9f87b0491cb78c8da6547e9752cacb03c6b,fd73c9e674c9c4da9a07a4b354621ca10ccb9f142c501e019b558cd74a6a911b,,
425,76baae0f9b2846541398cfa4a15ce810,9807b00ec9f05c0ed690f948a024469da45a3923628918d48e6175fa51233777,2026-08-22T17:53:50.904520+00:00,TADP-SEC/12.1,CLIENT_ACCEPTED_SUBMISSION,T3_XMK_CKKS_TADP,,,,client_000,,,,,,,,,,,2.3-phase1-fixed-threshold-critical-floor-review-profile,47dd2e58be138865a6d591a63329509757be6b563afb2badb96beb09eac726e5,a663ab753fcbe1179628a237bb638420356ea261176b970e3553fa59bfe7e9d6,1c154f7d4e37aa15e037310f6b45ff14a874311a582c673470a238929d8125dd,8d877b4c3b654a235066cdd49bf4c7e04e1b662c0cf44a17b54811ea50677e11,VALIDATED_EVIDENCE_BUNDLE,,,,,,,,,,,,,,,,,,,,,,,,UPDATE_SUBMITTED_ENFORCED,,False,NOT_REQUIRED_AUTOMATED_POLICY,False,,,,,,,,,,,,,C3_CONFIDENTIAL,3,,,,,,,,6f8a5214daf0d8d5188f7da84fe0931408bac9ce898d47d09d53366ef6cfe2b8,c068640bad122342de0e81050f313e88a0b5bf947d459a5df25df6b117f89be9,,,2026-08-23T17:18:04.591571+00:00,f38faee3fa6f33ee19f2eb5b1be0b18b,,,,,f2505c26086649a46503bab5f2c20e438d3a6a5fc5c98e4a5c6b1888ee4c42ae,eecab8e8d462cd544a02ddd7c50ede4fff681f52be8d946b7838ae1132a5055e,,,2026-08-22T18:52:20.294317+00:00,eb562985f77fc8a152d2d22d15bfd3f4695b107bdaa4c375fc5dde2be0f10805,active,,,13,ACCEPTED,ALL_BASELINE_CONTROLS,,,,True,True,True,True,True,False,YiXzA8obEwaulszaoYRYHxgDZ8ao8h4Z5r2+OlhwVcw=,abf9ab5cad611c2bb2dcc6d72603318e5a784caf7c3f5fb9bc9720db23b3f903,lhIS+WjWdu7nwVo2eeSh1fX8D+pCzpAo3q6D86Frg0w=,87525a9c906d576d5899ad16e993fac564a12a34a4ffe18c2e0012189afd0b4c,lkzzfYXyJKBmeehR+dqQp5Pv0qYIX3MHJCiWvoRRpwE=,29ac3bebc7d8bf95fc566b7fd18bb82a91593b8a3a0877f87ec4350551f94d53,,,,,,,,,,,,,,,,,cfe797580c5b49e35b029154afe78265dc138726e22195c82fb66165b3ebdbaf,audit_trails/artifacts/accepted_runtime_submissions/T3_XMK_CKKS_TADP_client_000_r13_abf9ab5cad611c2b__cfe797580c5b49e3.json,,,,,,,,,,,,,fd73c9e674c9c4da9a07a4b354621ca10ccb9f142c501e019b558cd74a6a911b,d2875dd64bcc822495382897927845693757365519fa7dec0c0313ad4e5cbb70,,
426,5972792ce7de3b6f3301003b528b3649,9807b00ec9f05c0ed690f948a024469da45a3923628918d48e6175fa51233777,2026-08-22T17:53:51.235444+00:00,TADP-SEC/12.1,CLIENT_CIPHERTEXT_BINDING,T3_XMK_CKKS_TADP,,,,client_000,,,,,,,,,,,,,,,,,,,,,,,,,,,,,,,,,,,,,,,,CIPHERTEXT_BOUND_TO_SIGNED_UPDATE,,,,,,,,,,,,,,,,,C3_CONFIDENTIAL,3,,,,,,,,,,,,,f38faee3fa6f33ee19f2eb5b1be0b18b,,,,,,,,,,,,,,13,VERIFIED,,,,,True,,,,,False,YiXzA8obEwaulszaoYRYHxgDZ8ao8h4Z5r2+OlhwVcw=,abf9ab5cad611c2bb2dcc6d72603318e5a784caf7c3f5fb9bc9720db23b3f903,lhIS+WjWdu7nwVo2eeSh1fX8D+pCzpAo3q6D86Frg0w=,8e4b1a5f3cc06e973ce687c90be5104f90b2c4e9fcab358cd96c493363d0657e,lkzzfYXyJKBmeehR+dqQp5Pv0qYIX3MHJCiWvoRRpwE=,29ac3bebc7d8bf95fc566b7fd18bb82a91593b8a3a0877f87ec4350551f94d53,"T3: xMK submit share (round-level finalize), noise=0.000",reference_python,n=|logq=|scale=|scheme=alg_xmk_ckks,xmk_agg_pk:2c483293497644b3,,,,,,,,,80b5b8f4f52fbf2f8c63fda78bbc49558ebcd26e20100aed62222db9d08a8c04,,ff088f9b205383ffc535c64b237546ff7cdbc8136e6a0308408ee603860fa3d9,audit_trails/artifacts/ciphertext_attestations/T3_XMK_CKKS_TADP_client_000_r13_a0fc8b7aff2d1b51__ff088f9b205383ff.json,,,,,,,,,,,,,,,d2875dd64bcc822495382897927845693757365519fa7dec0c0313ad4e5cbb70,cbe31d8591c2207b8627f6e1116fd4052707c19cdd3a7475ab7cbd21ec96f23e,,
427,b68f74bb1b14e1da6ddb8f7202d4edad,9807b00ec9f05c0ed690f948a024469da45a3923628918d48e6175fa51233777,2026-08-22T17:53:58.284810+00:00,TADP-SEC/12.1,CLIENT_ACCEPTED_SUBMISSION,T3_XMK_CKKS_TADP,,,,client_000,,,,,,,,,,,2.3-phase1-fixed-threshold-critical-floor-review-profile,47dd2e58be138865a6d591a63329509757be6b563afb2badb96beb09eac726e5,a663ab753fcbe1179628a237bb638420356ea261176b970e3553fa59bfe7e9d6,1c154f7d4e37aa15e037310f6b45ff14a874311a582c673470a238929d8125dd,8d877b4c3b654a235066cdd49bf4c7e04e1b662c0cf44a17b54811ea50677e11,VALIDATED_EVIDENCE_BUNDLE,,,,,,,,,,,,,,,,,,,,,,,,UPDATE_SUBMITTED_ENFORCED,,False,NOT_REQUIRED_AUTOMATED_POLICY,False,,,,,,,,,,,,,C3_CONFIDENTIAL,3,,,,,,,,6f8a5214daf0d8d5188f7da84fe0931408bac9ce898d47d09d53366ef6cfe2b8,c068640bad122342de0e81050f313e88a0b5bf947d459a5df25df6b117f89be9,,,2026-08-23T17:18:04.591571+00:00,f38faee3fa6f33ee19f2eb5b1be0b18b,,,,,f2505c26086649a46503bab5f2c20e438d3a6a5fc5c98e4a5c6b1888ee4c42ae,eecab8e8d462cd544a02ddd7c50ede4fff681f52be8d946b7838ae1132a5055e,,,2026-08-22T18:52:20.294317+00:00,eb562985f77fc8a152d2d22d15bfd3f4695b107bdaa4c375fc5dde2be0f10805,active,,,14,ACCEPTED,ALL_BASELINE_CONTROLS,,,,True,True,True,True,True,False,EPAeEA4mpt89f7jArNCtplSchMe2UkYqV5vaFN2cxGA=,2b35973eaeb87f3a6b2693f9bc5572b8c7a7df0e4b7334a91ca43be6e44da026,lhIS+WjWdu7nwVo2eeSh1fX8D+pCzpAo3q6D86Frg0w=,8fc94dc9f9cf31b0d4fb9d8705552d964c1ef74d2f07fcb8dd87ed11999bfe90,gmToItjeZ8W0nQhpqHDSwIWZLWP2gmwEae+KfId8s2I=,29ac3bebc7d8bf95fc566b7fd18bb82a91593b8a3a0877f87ec4350551f94d53,,,,,,,,,,,,,,,,,9ff77252dfa5886b97216257a7a3af875d56226007d3aa793d3a85af604c7f5c,audit_trails/artifacts/accepted_runtime_submissions/T3_XMK_CKKS_TADP_client_000_r14_2b35973eaeb87f3a__9ff77252dfa5886b.json,,,,,,,,,,,,,cbe31d8591c2207b8627f6e1116fd4052707c19cdd3a7475ab7cbd21ec96f23e,7258cded8627d0f84aa984ab1fc58ccf6ec220f74fadb270df0181b17ab87ba1,,
428,34ce77c589949290a1f827b17d32e2b5,9807b00ec9f05c0ed690f948a024469da45a3923628918d48e6175fa51233777,2026-08-22T17:53:58.760944+00:00,TADP-SEC/12.1,CLIENT_CIPHERTEXT_BINDING,T3_XMK_CKKS_TADP,,,,client_000,,,,,,,,,,,,,,,,,,,,,,,,,,,,,,,,,,,,,,,,CIPHERTEXT_BOUND_TO_SIGNED_UPDATE,,,,,,,,,,,,,,,,,C3_CONFIDENTIAL,3,,,,,,,,,,,,,f38faee3fa6f33ee19f2eb5b1be0b18b,,,,,,,,,,,,,,14,VERIFIED,,,,,True,,,,,False,EPAeEA4mpt89f7jArNCtplSchMe2UkYqV5vaFN2cxGA=,2b35973eaeb87f3a6b2693f9bc5572b8c7a7df0e4b7334a91ca43be6e44da026,lhIS+WjWdu7nwVo2eeSh1fX8D+pCzpAo3q6D86Frg0w=,6727161a0e9492e2c6abca3c034c681b620e7a6a586860b753d438062db8b2c0,gmToItjeZ8W0nQhpqHDSwIWZLWP2gmwEae+KfId8s2I=,29ac3bebc7d8bf95fc566b7fd18bb82a91593b8a3a0877f87ec4350551f94d53,"T3: xMK submit share (round-level finalize), noise=0.000",reference_python,n=|logq=|scale=|scheme=alg_xmk_ckks,xmk_agg_pk:2c483293497644b3,,,,,,,,,589fef2651e664a42b7953ff82ac5245b77520108b6852370b849202cb9fe075,,2abe671bde428bc15db56c6b1adb59141db17328a84a219fac567e97b5c3e64e,audit_trails/artifacts/ciphertext_attestations/T3_XMK_CKKS_TADP_client_000_r14_266ed273f235f432__2abe671bde428bc1.json,,,,,,,,,,,,,,,7258cded8627d0f84aa984ab1fc58ccf6ec220f74fadb270df0181b17ab87ba1,64920adc6203f45d5e8d6a8eba4898c7cda976f9a5a90099ba44e68b60188b8a,,
429,4a0cebbb0afb362bd9414ac64e8afe9f,9807b00ec9f05c0ed690f948a024469da45a3923628918d48e6175fa51233777,2026-08-22T17:54:05.536749+00:00,TADP-SEC/12.1,CLIENT_ACCEPTED_SUBMISSION,T3_XMK_CKKS_TADP,,,,client_000,,,,,,,,,,,2.3-phase1-fixed-threshold-critical-floor-review-profile,47dd2e58be138865a6d591a63329509757be6b563afb2badb96beb09eac726e5,a663ab753fcbe1179628a237bb638420356ea261176b970e3553fa59bfe7e9d6,1c154f7d4e37aa15e037310f6b45ff14a874311a582c673470a238929d8125dd,8d877b4c3b654a235066cdd49bf4c7e04e1b662c0cf44a17b54811ea50677e11,VALIDATED_EVIDENCE_BUNDLE,,,,,,,,,,,,,,,,,,,,,,,,UPDATE_SUBMITTED_ENFORCED,,False,NOT_REQUIRED_AUTOMATED_POLICY,False,,,,,,,,,,,,,C3_CONFIDENTIAL,3,,,,,,,,6f8a5214daf0d8d5188f7da84fe0931408bac9ce898d47d09d53366ef6cfe2b8,c068640bad122342de0e81050f313e88a0b5bf947d459a5df25df6b117f89be9,,,2026-08-23T17:18:04.591571+00:00,f38faee3fa6f33ee19f2eb5b1be0b18b,,,,,f2505c26086649a46503bab5f2c20e438d3a6a5fc5c98e4a5c6b1888ee4c42ae,eecab8e8d462cd544a02ddd7c50ede4fff681f52be8d946b7838ae1132a5055e,,,2026-08-22T18:52:20.294317+00:00,eb562985f77fc8a152d2d22d15bfd3f4695b107bdaa4c375fc5dde2be0f10805,active,,,15,ACCEPTED,ALL_BASELINE_CONTROLS,,,,True,True,True,True,True,False,clfWHKfDHDYgtcEBpDKi7yAPz3L+0/8rsmAwpWdD2QY=,8c76ad7b4a974a398b066f023f63fb9b4abd4940592b6bd8223f98650d184703,lhIS+WjWdu7nwVo2eeSh1fX8D+pCzpAo3q6D86Frg0w=,29a3e3c0be38e6540f5a1698859d9237fc6a08ccb6131a005b390bafd20a71f2,wS0K5QXFgpGoHsaluQIXbOITA7oETbOV8Dk5UdSAEKk=,29ac3bebc7d8bf95fc566b7fd18bb82a91593b8a3a0877f87ec4350551f94d53,,,,,,,,,,,,,,,,,801b1ed892a7c78e07b2534facffb2a088ae4309d452faf7184ea38fda020b8d,audit_trails/artifacts/accepted_runtime_submissions/T3_XMK_CKKS_TADP_client_000_r15_8c76ad7b4a974a39__801b1ed892a7c78e.json,,,,,,,,,,,,,64920adc6203f45d5e8d6a8eba4898c7cda976f9a5a90099ba44e68b60188b8a,db9c98dcda85b6f9ca435a77ea90047876c7fced23cc13576c12d38459c0cae4,,
430,9204aac3a2ea926f40f850cbed9302ed,9807b00ec9f05c0ed690f948a024469da45a3923628918d48e6175fa51233777,2026-08-22T17:54:05.877595+00:00,TADP-SEC/12.1,CLIENT_CIPHERTEXT_BINDING,T3_XMK_CKKS_TADP,,,,client_000,,,,,,,,,,,,,,,,,,,,,,,,,,,,,,,,,,,,,,,,CIPHERTEXT_BOUND_TO_SIGNED_UPDATE,,,,,,,,,,,,,,,,,C3_CONFIDENTIAL,3,,,,,,,,,,,,,f38faee3fa6f33ee19f2eb5b1be0b18b,,,,,,,,,,,,,,15,VERIFIED,,,,,True,,,,,False,clfWHKfDHDYgtcEBpDKi7yAPz3L+0/8rsmAwpWdD2QY=,8c76ad7b4a974a398b066f023f63fb9b4abd4940592b6bd8223f98650d184703,lhIS+WjWdu7nwVo2eeSh1fX8D+pCzpAo3q6D86Frg0w=,b38ef915341b4952dd7a48863d470861a82be1ff59c62726348d401e37775aab,wS0K5QXFgpGoHsaluQIXbOITA7oETbOV8Dk5UdSAEKk=,29ac3bebc7d8bf95fc566b7fd18bb82a91593b8a3a0877f87ec4350551f94d53,"T3: xMK submit share (round-level finalize), noise=0.000",reference_python,n=|logq=|scale=|scheme=alg_xmk_ckks,xmk_agg_pk:2c483293497644b3,,,,,,,,,8310dcbc72a8220b51986272ee4c98e85fb148ae73871935dd81cdbebbdca105,,ca07a261a278e21790642705c2fde0c66d4bc9125baf59d96e23600d045bd147,audit_trails/artifacts/ciphertext_attestations/T3_XMK_CKKS_TADP_client_000_r15_f29fcf2fb7a43b2c__ca07a261a278e217.json,,,,,,,,,,,,,,,db9c98dcda85b6f9ca435a77ea90047876c7fced23cc13576c12d38459c0cae4,6ada61ebcf5383cdd57dd7ac230d60a0f6cc98a894c4be867257d06e118c3b13,,
431,ea0f3820b855a80438fbe4ef9295873b,9807b00ec9f05c0ed690f948a024469da45a3923628918d48e6175fa51233777,2026-08-22T17:54:13.221607+00:00,TADP-SEC/12.1,CLIENT_ACCEPTED_SUBMISSION,T3_XMK_CKKS_TADP,,,,client_000,,,,,,,,,,,2.3-phase1-fixed-threshold-critical-floor-review-profile,47dd2e58be138865a6d591a63329509757be6b563afb2badb96beb09eac726e5,a663ab753fcbe1179628a237bb638420356ea261176b970e3553fa59bfe7e9d6,1c154f7d4e37aa15e037310f6b45ff14a874311a582c673470a238929d8125dd,8d877b4c3b654a235066cdd49bf4c7e04e1b662c0cf44a17b54811ea50677e11,VALIDATED_EVIDENCE_BUNDLE,,,,,,,,,,,,,,,,,,,,,,,,UPDATE_SUBMITTED_ENFORCED,,False,NOT_REQUIRED_AUTOMATED_POLICY,False,,,,,,,,,,,,,C3_CONFIDENTIAL,3,,,,,,,,6f8a5214daf0d8d5188f7da84fe0931408bac9ce898d47d09d53366ef6cfe2b8,c068640bad122342de0e81050f313e88a0b5bf947d459a5df25df6b117f89be9,,,2026-08-23T17:18:04.591571+00:00,f38faee3fa6f33ee19f2eb5b1be0b18b,,,,,f2505c26086649a46503bab5f2c20e438d3a6a5fc5c98e4a5c6b1888ee4c42ae,eecab8e8d462cd544a02ddd7c50ede4fff681f52be8d946b7838ae1132a5055e,,,2026-08-22T18:52:20.294317+00:00,eb562985f77fc8a152d2d22d15bfd3f4695b107bdaa4c375fc5dde2be0f10805,active,,,16,ACCEPTED,ALL_BASELINE_CONTROLS,,,,True,True,True,True,True,False,UBNtZHPxDJ1mpaqjNrIHFm6+MMmOJvo5ppURcPWna+E=,fd95033bee601a06d9b39debbd7a01287340189b331dd1bb6b38e7dd6891307a,lhIS+WjWdu7nwVo2eeSh1fX8D+pCzpAo3q6D86Frg0w=,0eb0156815feeed7ca9634db6fb73baa5780772a1cbee3323ab5eda150a3165c,9aUeXH/U3Bdg1jFjnFJXDUqCea0En0mKUnM4DUfv9As=,29ac3bebc7d8bf95fc566b7fd18bb82a91593b8a3a0877f87ec4350551f94d53,,,,,,,,,,,,,,,,,fa1206fe048eb5052c3d5d49c11ae996fc75d60a5afd4b4641bfd52c3776360e,audit_trails/artifacts/accepted_runtime_submissions/T3_XMK_CKKS_TADP_client_000_r16_fd95033bee601a06__fa1206fe048eb505.json,,,,,,,,,,,,,6ada61ebcf5383cdd57dd7ac230d60a0f6cc98a894c4be867257d06e118c3b13,20f6d96b7903bdbe77b16a74723050d66b5dea784ece01152addc1c42b29870d,,
432,2be8f2c74fe947d94d8668780e02a109,9807b00ec9f05c0ed690f948a024469da45a3923628918d48e6175fa51233777,2026-08-22T17:54:13.704054+00:00,TADP-SEC/12.1,CLIENT_CIPHERTEXT_BINDING,T3_XMK_CKKS_TADP,,,,client_000,,,,,,,,,,,,,,,,,,,,,,,,,,,,,,,,,,,,,,,,CIPHERTEXT_BOUND_TO_SIGNED_UPDATE,,,,,,,,,,,,,,,,,C3_CONFIDENTIAL,3,,,,,,,,,,,,,f38faee3fa6f33ee19f2eb5b1be0b18b,,,,,,,,,,,,,,16,VERIFIED,,,,,True,,,,,False,UBNtZHPxDJ1mpaqjNrIHFm6+MMmOJvo5ppURcPWna+E=,fd95033bee601a06d9b39debbd7a01287340189b331dd1bb6b38e7dd6891307a,lhIS+WjWdu7nwVo2eeSh1fX8D+pCzpAo3q6D86Frg0w=,86d24f97b94fd6ad79e01104c02b6dc71a5f7c7b65c856f6dbd35735cdd64d46,9aUeXH/U3Bdg1jFjnFJXDUqCea0En0mKUnM4DUfv9As=,29ac3bebc7d8bf95fc566b7fd18bb82a91593b8a3a0877f87ec4350551f94d53,"T3: xMK submit share (round-level finalize), noise=0.000",reference_python,n=|logq=|scale=|scheme=alg_xmk_ckks,xmk_agg_pk:2c483293497644b3,,,,,,,,,2cdfe062c595252bd0f57d2255c62fbec8527664efb7320058bda7eb17412056,,47583e8d97c9c87d6e6e44231b2962a89893791d11b490482900a7962bd8e81d,audit_trails/artifacts/ciphertext_attestations/T3_XMK_CKKS_TADP_client_000_r16_c66ba2f5d9daaf17__47583e8d97c9c87d.json,,,,,,,,,,,,,,,20f6d96b7903bdbe77b16a74723050d66b5dea784ece01152addc1c42b29870d,42f0559049a3f17ed2625184d26a65ec105849e392dfa3e961037ed4381fabb9,,
433,faf801ee3e2577d8a392147c246db043,9807b00ec9f05c0ed690f948a024469da45a3923628918d48e6175fa51233777,2026-08-22T17:54:20.136389+00:00,TADP-SEC/12.1,CLIENT_ACCEPTED_SUBMISSION,T3_XMK_CKKS_TADP,,,,client_000,,,,,,,,,,,2.3-phase1-fixed-threshold-critical-floor-review-profile,47dd2e58be138865a6d591a63329509757be6b563afb2badb96beb09eac726e5,a663ab753fcbe1179628a237bb638420356ea261176b970e3553fa59bfe7e9d6,1c154f7d4e37aa15e037310f6b45ff14a874311a582c673470a238929d8125dd,8d877b4c3b654a235066cdd49bf4c7e04e1b662c0cf44a17b54811ea50677e11,VALIDATED_EVIDENCE_BUNDLE,,,,,,,,,,,,,,,,,,,,,,,,UPDATE_SUBMITTED_ENFORCED,,False,NOT_REQUIRED_AUTOMATED_POLICY,False,,,,,,,,,,,,,C3_CONFIDENTIAL,3,,,,,,,,6f8a5214daf0d8d5188f7da84fe0931408bac9ce898d47d09d53366ef6cfe2b8,c068640bad122342de0e81050f313e88a0b5bf947d459a5df25df6b117f89be9,,,2026-08-23T17:18:04.591571+00:00,f38faee3fa6f33ee19f2eb5b1be0b18b,,,,,f2505c26086649a46503bab5f2c20e438d3a6a5fc5c98e4a5c6b1888ee4c42ae,eecab8e8d462cd544a02ddd7c50ede4fff681f52be8d946b7838ae1132a5055e,,,2026-08-22T18:52:20.294317+00:00,eb562985f77fc8a152d2d22d15bfd3f4695b107bdaa4c375fc5dde2be0f10805,active,,,17,ACCEPTED,ALL_BASELINE_CONTROLS,,,,True,True,True,True,True,False,7sKAdixjZ+KTPhJptYUcLZrf9VaYXrZRGe1/dVH0FDY=,ca015bb68792df3945c98a1581d32c72810c2915844c17829440b182f0e94845,lhIS+WjWdu7nwVo2eeSh1fX8D+pCzpAo3q6D86Frg0w=,d8d0eb7b7c463c7f965431a048d62745fe2439332e0f5b744ecfa4dff568441f,tOwvafET8rRAoFOL6nR+Jj7qhdUEWMBydhvE7BN3arQ=,29ac3bebc7d8bf95fc566b7fd18bb82a91593b8a3a0877f87ec4350551f94d53,,,,,,,,,,,,,,,,,953a2bcc3d2f6df8aaa70ad9c137646b598db72f219faf1d2a440e99dad8e537,audit_trails/artifacts/accepted_runtime_submissions/T3_XMK_CKKS_TADP_client_000_r17_ca015bb68792df39__953a2bcc3d2f6df8.json,,,,,,,,,,,,,42f0559049a3f17ed2625184d26a65ec105849e392dfa3e961037ed4381fabb9,50d7f339e47a5807ad6146f54f85a1453a093022bfbee90ffbc4bbeb64548430,,
434,70e9f19c337876eac8dd50b0abbc7f8b,9807b00ec9f05c0ed690f948a024469da45a3923628918d48e6175fa51233777,2026-08-22T17:54:20.493996+00:00,TADP-SEC/12.1,CLIENT_CIPHERTEXT_BINDING,T3_XMK_CKKS_TADP,,,,client_000,,,,,,,,,,,,,,,,,,,,,,,,,,,,,,,,,,,,,,,,CIPHERTEXT_BOUND_TO_SIGNED_UPDATE,,,,,,,,,,,,,,,,,C3_CONFIDENTIAL,3,,,,,,,,,,,,,f38faee3fa6f33ee19f2eb5b1be0b18b,,,,,,,,,,,,,,17,VERIFIED,,,,,True,,,,,False,7sKAdixjZ+KTPhJptYUcLZrf9VaYXrZRGe1/dVH0FDY=,ca015bb68792df3945c98a1581d32c72810c2915844c17829440b182f0e94845,lhIS+WjWdu7nwVo2eeSh1fX8D+pCzpAo3q6D86Frg0w=,2b9ffbebaecd4a58e95fc62e4e9c5e5eae52f39a355010d57f4fcacf0cb0d376,tOwvafET8rRAoFOL6nR+Jj7qhdUEWMBydhvE7BN3arQ=,29ac3bebc7d8bf95fc566b7fd18bb82a91593b8a3a0877f87ec4350551f94d53,"T3: xMK submit share (round-level finalize), noise=0.000",reference_python,n=|logq=|scale=|scheme=alg_xmk_ckks,xmk_agg_pk:2c483293497644b3,,,,,,,,,2b07bf5cd9b4f40e371746b0e9a8071eb4e58130c6d7ffe888261f142d2f8984,,3cc8c1a728f91121b3c4cbb2020541ae56e11b2e3395667770a616520aafa4c8,audit_trails/artifacts/ciphertext_attestations/T3_XMK_CKKS_TADP_client_000_r17_18d082c5a37ef14a__3cc8c1a728f91121.json,,,,,,,,,,,,,,,50d7f339e47a5807ad6146f54f85a1453a093022bfbee90ffbc4bbeb64548430,c2b5eb7fe68cfc1b7286c5434260304af47bcaf4b61039785a3d7eeaffa2341e,,
435,cd3fb10e2a6879c6ef3a1e5bcdb11183,9807b00ec9f05c0ed690f948a024469da45a3923628918d48e6175fa51233777,2026-08-22T17:54:28.070538+00:00,TADP-SEC/12.1,CLIENT_ACCEPTED_SUBMISSION,T3_XMK_CKKS_TADP,,,,client_000,,,,,,,,,,,2.3-phase1-fixed-threshold-critical-floor-review-profile,47dd2e58be138865a6d591a63329509757be6b563afb2badb96beb09eac726e5,a663ab753fcbe1179628a237bb638420356ea261176b970e3553fa59bfe7e9d6,1c154f7d4e37aa15e037310f6b45ff14a874311a582c673470a238929d8125dd,8d877b4c3b654a235066cdd49bf4c7e04e1b662c0cf44a17b54811ea50677e11,VALIDATED_EVIDENCE_BUNDLE,,,,,,,,,,,,,,,,,,,,,,,,UPDATE_SUBMITTED_ENFORCED,,False,NOT_REQUIRED_AUTOMATED_POLICY,False,,,,,,,,,,,,,C3_CONFIDENTIAL,3,,,,,,,,6f8a5214daf0d8d5188f7da84fe0931408bac9ce898d47d09d53366ef6cfe2b8,c068640bad122342de0e81050f313e88a0b5bf947d459a5df25df6b117f89be9,,,2026-08-23T17:18:04.591571+00:00,f38faee3fa6f33ee19f2eb5b1be0b18b,,,,,f2505c26086649a46503bab5f2c20e438d3a6a5fc5c98e4a5c6b1888ee4c42ae,eecab8e8d462cd544a02ddd7c50ede4fff681f52be8d946b7838ae1132a5055e,,,2026-08-22T18:52:20.294317+00:00,eb562985f77fc8a152d2d22d15bfd3f4695b107bdaa4c375fc5dde2be0f10805,active,,,18,ACCEPTED,ALL_BASELINE_CONTROLS,,,,True,True,True,True,True,False,cF4+4lHIdQCgfcng0e9O6WeHfvtRRgVRgNkeF30SL7U=,2ac694c92f00098bbb4e8ab0ee5e0167af9efad75d906a2965a07d9174e01f6a,lhIS+WjWdu7nwVo2eeSh1fX8D+pCzpAo3q6D86Frg0w=,b116739bfa0f4e477dc521b6b7b02bd7ef9a079cedf751c3e7a91e6feb4380cb,PDygDcpbOH+wS2ytuh8QX+f5XlROWegDsU0P3mc/XLs=,29ac3bebc7d8bf95fc566b7fd18bb82a91593b8a3a0877f87ec4350551f94d53,,,,,,,,,,,,,,,,,de916181048c0c36d55e1bd3574a883a33aa4e4793585d64db9fd854a501832d,audit_trails/artifacts/accepted_runtime_submissions/T3_XMK_CKKS_TADP_client_000_r18_2ac694c92f00098b__de916181048c0c36.json,,,,,,,,,,,,,c2b5eb7fe68cfc1b7286c5434260304af47bcaf4b61039785a3d7eeaffa2341e,2f4b875c465d8eac70bc0feab3ab54720260a1bf87e8fd5f3342eb11704cc405,,
436,cbd3c53aa3d667d3119a972420a773b6,9807b00ec9f05c0ed690f948a024469da45a3923628918d48e6175fa51233777,2026-08-22T17:54:28.401165+00:00,TADP-SEC/12.1,CLIENT_CIPHERTEXT_BINDING,T3_XMK_CKKS_TADP,,,,client_000,,,,,,,,,,,,,,,,,,,,,,,,,,,,,,,,,,,,,,,,CIPHERTEXT_BOUND_TO_SIGNED_UPDATE,,,,,,,,,,,,,,,,,C3_CONFIDENTIAL,3,,,,,,,,,,,,,f38faee3fa6f33ee19f2eb5b1be0b18b,,,,,,,,,,,,,,18,VERIFIED,,,,,True,,,,,False,cF4+4lHIdQCgfcng0e9O6WeHfvtRRgVRgNkeF30SL7U=,2ac694c92f00098bbb4e8ab0ee5e0167af9efad75d906a2965a07d9174e01f6a,lhIS+WjWdu7nwVo2eeSh1fX8D+pCzpAo3q6D86Frg0w=,31616cb1c7c2559416548fac02dee870da4f704cfd2636f6f44ce90435f823b3,PDygDcpbOH+wS2ytuh8QX+f5XlROWegDsU0P3mc/XLs=,29ac3bebc7d8bf95fc566b7fd18bb82a91593b8a3a0877f87ec4350551f94d53,"T3: xMK submit share (round-level finalize), noise=0.000",reference_python,n=|logq=|scale=|scheme=alg_xmk_ckks,xmk_agg_pk:2c483293497644b3,,,,,,,,,256b9e27ec1d421e95be4ac24164e166a7e70fb692bbceb122ecc2a9c2bc46fa,,b78abf95600a4c6aa87dabb65d7acfcbdc6dfeae4114c3de2599e8f439641e5f,audit_trails/artifacts/ciphertext_attestations/T3_XMK_CKKS_TADP_client_000_r18_9182895d19d28ed6__b78abf95600a4c6a.json,,,,,,,,,,,,,,,2f4b875c465d8eac70bc0feab3ab54720260a1bf87e8fd5f3342eb11704cc405,d79857e8a0395446bbb73ffc3ae480c3ed089354f7162ab0f6d69fec1ba61c26,,
437,07c8024e56003f73afdd2786761294db,9807b00ec9f05c0ed690f948a024469da45a3923628918d48e6175fa51233777,2026-08-22T17:54:34.907320+00:00,TADP-SEC/12.1,CLIENT_ACCEPTED_SUBMISSION,T3_XMK_CKKS_TADP,,,,client_000,,,,,,,,,,,2.3-phase1-fixed-threshold-critical-floor-review-profile,47dd2e58be138865a6d591a63329509757be6b563afb2badb96beb09eac726e5,a663ab753fcbe1179628a237bb638420356ea261176b970e3553fa59bfe7e9d6,1c154f7d4e37aa15e037310f6b45ff14a874311a582c673470a238929d8125dd,8d877b4c3b654a235066cdd49bf4c7e04e1b662c0cf44a17b54811ea50677e11,VALIDATED_EVIDENCE_BUNDLE,,,,,,,,,,,,,,,,,,,,,,,,UPDATE_SUBMITTED_ENFORCED,,False,NOT_REQUIRED_AUTOMATED_POLICY,False,,,,,,,,,,,,,C3_CONFIDENTIAL,3,,,,,,,,6f8a5214daf0d8d5188f7da84fe0931408bac9ce898d47d09d53366ef6cfe2b8,c068640bad122342de0e81050f313e88a0b5bf947d459a5df25df6b117f89be9,,,2026-08-23T17:18:04.591571+00:00,f38faee3fa6f33ee19f2eb5b1be0b18b,,,,,f2505c26086649a46503bab5f2c20e438d3a6a5fc5c98e4a5c6b1888ee4c42ae,eecab8e8d462cd544a02ddd7c50ede4fff681f52be8d946b7838ae1132a5055e,,,2026-08-22T18:52:20.294317+00:00,eb562985f77fc8a152d2d22d15bfd3f4695b107bdaa4c375fc5dde2be0f10805,active,,,19,ACCEPTED,ALL_BASELINE_CONTROLS,,,,True,True,True,True,True,False,/kRyeNS0t1DOBzM0h5jRPGSba54RXOmVLScK49ETA0c=,c16e3564295f009c8daadb5fa9d30115022edc8b6bb75d7ed3ceed0d79af47a6,lhIS+WjWdu7nwVo2eeSh1fX8D+pCzpAo3q6D86Frg0w=,bab13afd7f34d66c7544cd4e148c8d3f7f1441796773313c604acf34a2cfeb23,J8WJu/1uV5GlXLLc0ixIe6BL4KO6DrHrjdQbQnrlZhM=,29ac3bebc7d8bf95fc566b7fd18bb82a91593b8a3a0877f87ec4350551f94d53,,,,,,,,,,,,,,,,,f94e2d0c6a07cf45e2ec1a27da0f7973f033c42b51c1b81d67bdb037a9912abf,audit_trails/artifacts/accepted_runtime_submissions/T3_XMK_CKKS_TADP_client_000_r19_c16e3564295f009c__f94e2d0c6a07cf45.json,,,,,,,,,,,,,d79857e8a0395446bbb73ffc3ae480c3ed089354f7162ab0f6d69fec1ba61c26,37df29334455d7709cbbdd0f7f6d3135f3fb30afb23f1de49bc755bc8c66cda4,,
438,8f1e5cb75364d26340a9c7c898716270,9807b00ec9f05c0ed690f948a024469da45a3923628918d48e6175fa51233777,2026-08-22T17:54:35.258488+00:00,TADP-SEC/12.1,CLIENT_CIPHERTEXT_BINDING,T3_XMK_CKKS_TADP,,,,client_000,,,,,,,,,,,,,,,,,,,,,,,,,,,,,,,,,,,,,,,,CIPHERTEXT_BOUND_TO_SIGNED_UPDATE,,,,,,,,,,,,,,,,,C3_CONFIDENTIAL,3,,,,,,,,,,,,,f38faee3fa6f33ee19f2eb5b1be0b18b,,,,,,,,,,,,,,19,VERIFIED,,,,,True,,,,,False,/kRyeNS0t1DOBzM0h5jRPGSba54RXOmVLScK49ETA0c=,c16e3564295f009c8daadb5fa9d30115022edc8b6bb75d7ed3ceed0d79af47a6,lhIS+WjWdu7nwVo2eeSh1fX8D+pCzpAo3q6D86Frg0w=,a435ebb32d7c8a21b53a51359753e3adb696c351228fda3035dc6105ee3af23b,J8WJu/1uV5GlXLLc0ixIe6BL4KO6DrHrjdQbQnrlZhM=,29ac3bebc7d8bf95fc566b7fd18bb82a91593b8a3a0877f87ec4350551f94d53,"T3: xMK submit share (round-level finalize), noise=0.000",reference_python,n=|logq=|scale=|scheme=alg_xmk_ckks,xmk_agg_pk:2c483293497644b3,,,,,,,,,4b4b3cd0a8b9656e572f7e3b531d9567e9c976aa401060b412ee85b481bf2f67,,ff3b9a15c6aee10614f21d14f82be3e67b5f5b30fc99e3a70cd536b3a7350f6f,audit_trails/artifacts/ciphertext_attestations/T3_XMK_CKKS_TADP_client_000_r19_79af4a862ca3026f__ff3b9a15c6aee106.json,,,,,,,,,,,,,,,37df29334455d7709cbbdd0f7f6d3135f3fb30afb23f1de49bc755bc8c66cda4,0a689616dd20966f9d16dfad85e040995b4b6213d4f246c847119fccda96436e,,
439,b20098036c6de07e7167df1d3319892a,9807b00ec9f05c0ed690f948a024469da45a3923628918d48e6175fa51233777,2026-08-22T17:54:42.797006+00:00,TADP-SEC/12.1,CLIENT_ACCEPTED_SUBMISSION,T3_XMK_CKKS_TADP,,,,client_000,,,,,,,,,,,2.3-phase1-fixed-threshold-critical-floor-review-profile,47dd2e58be138865a6d591a63329509757be6b563afb2badb96beb09eac726e5,a663ab753fcbe1179628a237bb638420356ea261176b970e3553fa59bfe7e9d6,1c154f7d4e37aa15e037310f6b45ff14a874311a582c673470a238929d8125dd,8d877b4c3b654a235066cdd49bf4c7e04e1b662c0cf44a17b54811ea50677e11,VALIDATED_EVIDENCE_BUNDLE,,,,,,,,,,,,,,,,,,,,,,,,UPDATE_SUBMITTED_ENFORCED,,False,NOT_REQUIRED_AUTOMATED_POLICY,False,,,,,,,,,,,,,C3_CONFIDENTIAL,3,,,,,,,,6f8a5214daf0d8d5188f7da84fe0931408bac9ce898d47d09d53366ef6cfe2b8,c068640bad122342de0e81050f313e88a0b5bf947d459a5df25df6b117f89be9,,,2026-08-23T17:18:04.591571+00:00,f38faee3fa6f33ee19f2eb5b1be0b18b,,,,,f2505c26086649a46503bab5f2c20e438d3a6a5fc5c98e4a5c6b1888ee4c42ae,eecab8e8d462cd544a02ddd7c50ede4fff681f52be8d946b7838ae1132a5055e,,,2026-08-22T18:52:20.294317+00:00,eb562985f77fc8a152d2d22d15bfd3f4695b107bdaa4c375fc5dde2be0f10805,active,,,20,ACCEPTED,ALL_BASELINE_CONTROLS,,,,True,True,True,True,True,False,4HOUqc3ThYhi8DA9XuiPXm/ZleshYHI5piZm9ozsP8w=,fb91598fa8f9307b3ee303ddf5fd8411fcfa53c2bcbda82af78838460c43cdcd,lhIS+WjWdu7nwVo2eeSh1fX8D+pCzpAo3q6D86Frg0w=,d70f890010af0e0d536d8bf012d8c9b19d9d22ab9420cf671b31876d9bd51208,Z9Ufan4Q6k/ZC6TKWlt3s0FbSdjisNG7KU6AsiBWwbA=,29ac3bebc7d8bf95fc566b7fd18bb82a91593b8a3a0877f87ec4350551f94d53,,,,,,,,,,,,,,,,,504755ecf9359913951a68fc2f3aa9285d3d1a4f383bbac982faabea1b4d683d,audit_trails/artifacts/accepted_runtime_submissions/T3_XMK_CKKS_TADP_client_000_r20_fb91598fa8f9307b__504755ecf9359913.json,,,,,,,,,,,,,0a689616dd20966f9d16dfad85e040995b4b6213d4f246c847119fccda96436e,f56ff81bbdaf39deccb5582370905ca198af606cdfdc7b917cdbb2812b120b22,,
440,ccaf82b3d50408bfe32597c5a63baf64,9807b00ec9f05c0ed690f948a024469da45a3923628918d48e6175fa51233777,2026-08-22T17:54:43.147004+00:00,TADP-SEC/12.1,CLIENT_CIPHERTEXT_BINDING,T3_XMK_CKKS_TADP,,,,client_000,,,,,,,,,,,,,,,,,,,,,,,,,,,,,,,,,,,,,,,,CIPHERTEXT_BOUND_TO_SIGNED_UPDATE,,,,,,,,,,,,,,,,,C3_CONFIDENTIAL,3,,,,,,,,,,,,,f38faee3fa6f33ee19f2eb5b1be0b18b,,,,,,,,,,,,,,20,VERIFIED,,,,,True,,,,,False,4HOUqc3ThYhi8DA9XuiPXm/ZleshYHI5piZm9ozsP8w=,fb91598fa8f9307b3ee303ddf5fd8411fcfa53c2bcbda82af78838460c43cdcd,lhIS+WjWdu7nwVo2eeSh1fX8D+pCzpAo3q6D86Frg0w=,54f8a83bc6992df0217404fa84065df13977f3e39810fda6a7b404d19980b624,Z9Ufan4Q6k/ZC6TKWlt3s0FbSdjisNG7KU6AsiBWwbA=,29ac3bebc7d8bf95fc566b7fd18bb82a91593b8a3a0877f87ec4350551f94d53,"T3: xMK submit share (round-level finalize), noise=0.000",reference_python,n=|logq=|scale=|scheme=alg_xmk_ckks,xmk_agg_pk:2c483293497644b3,,,,,,,,,0bb852f3ee180d83a5eb277f83c6bb5c1513231b73f6d878519cdaf335802475,,58c92987069ba0fb565a1046095fdc526f23e030977805fda6ed06b840bb34d2,audit_trails/artifacts/ciphertext_attestations/T3_XMK_CKKS_TADP_client_000_r20_a713e868d4a31874__58c92987069ba0fb.json,,,,,,,,,,,,,,,f56ff81bbdaf39deccb5582370905ca198af606cdfdc7b917cdbb2812b120b22,365446af6ae71044d00a6407841684339df0b32b8ea35a303ae9b641068f825d,,
441,4ee7dc6f7232e60c3a98c56a5fa59440,9807b00ec9f05c0ed690f948a024469da45a3923628918d48e6175fa51233777,2026-08-22T17:54:51.890766+00:00,TADP-SEC/12.1,CLIENT_ACCEPTED_SUBMISSION,T3_XMK_CKKS_TADP,,,,client_000,,,,,,,,,,,2.3-phase1-fixed-threshold-critical-floor-review-profile,47dd2e58be138865a6d591a63329509757be6b563afb2badb96beb09eac726e5,a663ab753fcbe1179628a237bb638420356ea261176b970e3553fa59bfe7e9d6,1c154f7d4e37aa15e037310f6b45ff14a874311a582c673470a238929d8125dd,8d877b4c3b654a235066cdd49bf4c7e04e1b662c0cf44a17b54811ea50677e11,VALIDATED_EVIDENCE_BUNDLE,,,,,,,,,,,,,,,,,,,,,,,,UPDATE_SUBMITTED_ENFORCED,,False,NOT_REQUIRED_AUTOMATED_POLICY,False,,,,,,,,,,,,,C3_CONFIDENTIAL,3,,,,,,,,6f8a5214daf0d8d5188f7da84fe0931408bac9ce898d47d09d53366ef6cfe2b8,c068640bad122342de0e81050f313e88a0b5bf947d459a5df25df6b117f89be9,,,2026-08-23T17:18:04.591571+00:00,405174f37e52b27dfd697084fe54371f,,,,,a917f539e4df71b30fbdc5da6f79e07c43654452a0e264c604f56b26e04f70a6,c2c75750fb87a85c12415b94ba9f4ee01180175d883ffb3a95b1c171b00eca68,,,2026-08-22T18:54:49.586820+00:00,eb562985f77fc8a152d2d22d15bfd3f4695b107bdaa4c375fc5dde2be0f10805,active,,,1,ACCEPTED,ALL_BASELINE_CONTROLS,,,,True,True,True,True,True,False,7xaytwxmNUsiORQNMo+6VPMvxK+MWw0setHaJKIB15A=,ce0ffe672dfcd326e0473b74964444c6fa1a0755c45a1f7cbe4d6b7cc49b4a60,lhIS+WjWdu7nwVo2eeSh1fX8D+pCzpAo3q6D86Frg0w=,37237e1c54c4af79ac194f0e075bf47d6740b8fa9092baa24a309c0dc1caffc5,6bI8gJlXPvcr/kCRfrnkFcIBvc0vugwFI07saXODFf0=,29ac3bebc7d8bf95fc566b7fd18bb82a91593b8a3a0877f87ec4350551f94d53,,,,,,,,,,,,,,,,,2450fa9ae968d6620c371cecb9a8d8f4877aea6306d4f47a5725fd5e1b1a072f,audit_trails/artifacts/accepted_runtime_submissions/T3_XMK_CKKS_TADP_client_000_r1_ce0ffe672dfcd326__2450fa9ae968d662.json,,,,,,,,,,,,,365446af6ae71044d00a6407841684339df0b32b8ea35a303ae9b641068f825d,3713cd18b3db17eaabda2832141c2233f27e8632e629f60832a76c061a260298,,
442,aa121205f5f2207658a34a948d4dd335,9807b00ec9f05c0ed690f948a024469da45a3923628918d48e6175fa51233777,2026-08-22T17:54:52.379105+00:00,TADP-SEC/12.1,CLIENT_CIPHERTEXT_BINDING,T3_XMK_CKKS_TADP,,,,client_000,,,,,,,,,,,,,,,,,,,,,,,,,,,,,,,,,,,,,,,,CIPHERTEXT_BOUND_TO_SIGNED_UPDATE,,,,,,,,,,,,,,,,,C3_CONFIDENTIAL,3,,,,,,,,,,,,,405174f37e52b27dfd697084fe54371f,,,,,,,,,,,,,,1,VERIFIED,,,,,True,,,,,False,7xaytwxmNUsiORQNMo+6VPMvxK+MWw0setHaJKIB15A=,ce0ffe672dfcd326e0473b74964444c6fa1a0755c45a1f7cbe4d6b7cc49b4a60,lhIS+WjWdu7nwVo2eeSh1fX8D+pCzpAo3q6D86Frg0w=,864ca57d7b8ed99cab4d0c1bff60f68dbdcf3add3521e5c89c016ff8be765319,6bI8gJlXPvcr/kCRfrnkFcIBvc0vugwFI07saXODFf0=,29ac3bebc7d8bf95fc566b7fd18bb82a91593b8a3a0877f87ec4350551f94d53,"T3: xMK submit share (round-level finalize), noise=0.000",reference_python,n=|logq=|scale=|scheme=alg_xmk_ckks,xmk_agg_pk:2c483293497644b3,,,,,,,,,a75db38595822a3f6ceb6aeb92219361aa04684be70c1b9b42e64d3456b52932,,9e854cd57f68373245053d33ae14871372d8b9f1fde74211bc40dcff75707acf,audit_trails/artifacts/ciphertext_attestations/T3_XMK_CKKS_TADP_client_000_r1_b7c2d47f2ee74e14__9e854cd57f683732.json,,,,,,,,,,,,,,,3713cd18b3db17eaabda2832141c2233f27e8632e629f60832a76c061a260298,d74a808fc7c605a938b419f0ac856fc99fa272cd70f5f889fe767a12028fdc37,,
443,9cc9ec577214dbf1b4d12d26ea74d50b,9807b00ec9f05c0ed690f948a024469da45a3923628918d48e6175fa51233777,2026-08-22T17:54:59.389967+00:00,TADP-SEC/12.1,CLIENT_ACCEPTED_SUBMISSION,T3_XMK_CKKS_TADP,,,,client_000,,,,,,,,,,,2.3-phase1-fixed-threshold-critical-floor-review-profile,47dd2e58be138865a6d591a63329509757be6b563afb2badb96beb09eac726e5,a663ab753fcbe1179628a237bb638420356ea261176b970e3553fa59bfe7e9d6,1c154f7d4e37aa15e037310f6b45ff14a874311a582c673470a238929d8125dd,8d877b4c3b654a235066cdd49bf4c7e04e1b662c0cf44a17b54811ea50677e11,VALIDATED_EVIDENCE_BUNDLE,,,,,,,,,,,,,,,,,,,,,,,,UPDATE_SUBMITTED_ENFORCED,,False,NOT_REQUIRED_AUTOMATED_POLICY,False,,,,,,,,,,,,,C3_CONFIDENTIAL,3,,,,,,,,6f8a5214daf0d8d5188f7da84fe0931408bac9ce898d47d09d53366ef6cfe2b8,c068640bad122342de0e81050f313e88a0b5bf947d459a5df25df6b117f89be9,,,2026-08-23T17:18:04.591571+00:00,405174f37e52b27dfd697084fe54371f,,,,,a917f539e4df71b30fbdc5da6f79e07c43654452a0e264c604f56b26e04f70a6,c2c75750fb87a85c12415b94ba9f4ee01180175d883ffb3a95b1c171b00eca68,,,2026-08-22T18:54:49.586820+00:00,eb562985f77fc8a152d2d22d15bfd3f4695b107bdaa4c375fc5dde2be0f10805,active,,,2,ACCEPTED,ALL_BASELINE_CONTROLS,,,,True,True,True,True,True,False,JaxxDlNm+jPtMJ+vem0bVIdfvST7Bk8js3/PUrP0tpY=,cd341a3b99642087258cb54a1eaf5d785876ec6e2db35865c6946e4b61ce5679,lhIS+WjWdu7nwVo2eeSh1fX8D+pCzpAo3q6D86Frg0w=,f55e38dca2f5f8942bb8cc8256382bd36e130314b9b6e96a7252bb00e5e5e304,b1vl+sDiODca09T0+8ngxbOCjoi/thGGvAWCkPiUp0c=,29ac3bebc7d8bf95fc566b7fd18bb82a91593b8a3a0877f87ec4350551f94d53,,,,,,,,,,,,,,,,,2f4013a50b3a5fc234e22d2cfd5724008aba1dddea0a34bfcddca9ac44deee3c,audit_trails/artifacts/accepted_runtime_submissions/T3_XMK_CKKS_TADP_client_000_r2_cd341a3b99642087__2f4013a50b3a5fc2.json,,,,,,,,,,,,,d74a808fc7c605a938b419f0ac856fc99fa272cd70f5f889fe767a12028fdc37,9489c7941b26e07cf9c038eccf467e4de4f4fe15c7bd7be629e1b614e24a51db,,
444,75c0727b3203a64de0b96eb5d89a7bfe,9807b00ec9f05c0ed690f948a024469da45a3923628918d48e6175fa51233777,2026-08-22T17:54:59.750637+00:00,TADP-SEC/12.1,CLIENT_CIPHERTEXT_BINDING,T3_XMK_CKKS_TADP,,,,client_000,,,,,,,,,,,,,,,,,,,,,,,,,,,,,,,,,,,,,,,,CIPHERTEXT_BOUND_TO_SIGNED_UPDATE,,,,,,,,,,,,,,,,,C3_CONFIDENTIAL,3,,,,,,,,,,,,,405174f37e52b27dfd697084fe54371f,,,,,,,,,,,,,,2,VERIFIED,,,,,True,,,,,False,JaxxDlNm+jPtMJ+vem0bVIdfvST7Bk8js3/PUrP0tpY=,cd341a3b99642087258cb54a1eaf5d785876ec6e2db35865c6946e4b61ce5679,lhIS+WjWdu7nwVo2eeSh1fX8D+pCzpAo3q6D86Frg0w=,ad23e249cf167a0202c536aba5ddb2b18384097307f095f53a7d3dc2b9a4149f,b1vl+sDiODca09T0+8ngxbOCjoi/thGGvAWCkPiUp0c=,29ac3bebc7d8bf95fc566b7fd18bb82a91593b8a3a0877f87ec4350551f94d53,"T3: xMK submit share (round-level finalize), noise=0.000",reference_python,n=|logq=|scale=|scheme=alg_xmk_ckks,xmk_agg_pk:2c483293497644b3,,,,,,,,,a4fd059c7a7d727395ee4bf90c9f9ccada4195daa35519c94026da6ee756c4f2,,b13c993741cb358ad168931f2d45c87258341caa7df6959473924cfe02830b63,audit_trails/artifacts/ciphertext_attestations/T3_XMK_CKKS_TADP_client_000_r2_9f327e8d447020d3__b13c993741cb358a.json,,,,,,,,,,,,,,,9489c7941b26e07cf9c038eccf467e4de4f4fe15c7bd7be629e1b614e24a51db,1c5e6a4095c68fbefcfc793ad332b51d1e1bd7bf750dcba6cd0934afbad281f6,,
445,d7a68dda4f487ab4f40405498ccecdf8,9807b00ec9f05c0ed690f948a024469da45a3923628918d48e6175fa51233777,2026-08-22T17:55:06.872004+00:00,TADP-SEC/12.1,CLIENT_ACCEPTED_SUBMISSION,T3_XMK_CKKS_TADP,,,,client_000,,,,,,,,,,,2.3-phase1-fixed-threshold-critical-floor-review-profile,47dd2e58be138865a6d591a63329509757be6b563afb2badb96beb09eac726e5,a663ab753fcbe1179628a237bb638420356ea261176b970e3553fa59bfe7e9d6,1c154f7d4e37aa15e037310f6b45ff14a874311a582c673470a238929d8125dd,8d877b4c3b654a235066cdd49bf4c7e04e1b662c0cf44a17b54811ea50677e11,VALIDATED_EVIDENCE_BUNDLE,,,,,,,,,,,,,,,,,,,,,,,,UPDATE_SUBMITTED_ENFORCED,,False,NOT_REQUIRED_AUTOMATED_POLICY,False,,,,,,,,,,,,,C3_CONFIDENTIAL,3,,,,,,,,6f8a5214daf0d8d5188f7da84fe0931408bac9ce898d47d09d53366ef6cfe2b8,c068640bad122342de0e81050f313e88a0b5bf947d459a5df25df6b117f89be9,,,2026-08-23T17:18:04.591571+00:00,405174f37e52b27dfd697084fe54371f,,,,,a917f539e4df71b30fbdc5da6f79e07c43654452a0e264c604f56b26e04f70a6,c2c75750fb87a85c12415b94ba9f4ee01180175d883ffb3a95b1c171b00eca68,,,2026-08-22T18:54:49.586820+00:00,eb562985f77fc8a152d2d22d15bfd3f4695b107bdaa4c375fc5dde2be0f10805,active,,,3,ACCEPTED,ALL_BASELINE_CONTROLS,,,,True,True,True,True,True,False,o4MiWP+biD1HtO6zQ+Lfa9wEVPaSknythAoGxL+OudU=,58b53c58aadff037f6bf2db0dd3f54d829ed47963b90af12e71c3e0af6bdb20b,lhIS+WjWdu7nwVo2eeSh1fX8D+pCzpAo3q6D86Frg0w=,d977f7c7e49dff490687b4251b86801e2a3ff11e5110b639af2edffd91db23f4,nqkzQcSNffzf+/1sKILO2K2e9KGIOyshX5wGwjT3mBM=,29ac3bebc7d8bf95fc566b7fd18bb82a91593b8a3a0877f87ec4350551f94d53,,,,,,,,,,,,,,,,,bf5ebd57fcb2f8a445f7b29fd87ddafde5ded10a2bf89bb28b232814eeb6089a,audit_trails/artifacts/accepted_runtime_submissions/T3_XMK_CKKS_TADP_client_000_r3_58b53c58aadff037__bf5ebd57fcb2f8a4.json,,,,,,,,,,,,,1c5e6a4095c68fbefcfc793ad332b51d1e1bd7bf750dcba6cd0934afbad281f6,1b0d8ee17237df3d11234af33ea0a438203b28b45fcc27921d1808bd5a2e7ee9,,
446,3902969c18b8a9641e8c4e9954ee7774,9807b00ec9f05c0ed690f948a024469da45a3923628918d48e6175fa51233777,2026-08-22T17:55:07.361513+00:00,TADP-SEC/12.1,CLIENT_CIPHERTEXT_BINDING,T3_XMK_CKKS_TADP,,,,client_000,,,,,,,,,,,,,,,,,,,,,,,,,,,,,,,,,,,,,,,,CIPHERTEXT_BOUND_TO_SIGNED_UPDATE,,,,,,,,,,,,,,,,,C3_CONFIDENTIAL,3,,,,,,,,,,,,,405174f37e52b27dfd697084fe54371f,,,,,,,,,,,,,,3,VERIFIED,,,,,True,,,,,False,o4MiWP+biD1HtO6zQ+Lfa9wEVPaSknythAoGxL+OudU=,58b53c58aadff037f6bf2db0dd3f54d829ed47963b90af12e71c3e0af6bdb20b,lhIS+WjWdu7nwVo2eeSh1fX8D+pCzpAo3q6D86Frg0w=,3a766cf1583200b8c5326e5e78b95d59e4f998866b526807cf35c5d75596c136,nqkzQcSNffzf+/1sKILO2K2e9KGIOyshX5wGwjT3mBM=,29ac3bebc7d8bf95fc566b7fd18bb82a91593b8a3a0877f87ec4350551f94d53,"T3: xMK submit share (round-level finalize), noise=0.000",reference_python,n=|logq=|scale=|scheme=alg_xmk_ckks,xmk_agg_pk:2c483293497644b3,,,,,,,,,ad2ce87bb78c3b4f89b328222e3fe0445c8c623e3f925dd9e8ac090b027e0d2c,,d52cc1353be800ad13b255bdb48eefca30092f0227e85a9ee4a269ead1dc1450,audit_trails/artifacts/ciphertext_attestations/T3_XMK_CKKS_TADP_client_000_r3_d82fa3467827f721__d52cc1353be800ad.json,,,,,,,,,,,,,,,1b0d8ee17237df3d11234af33ea0a438203b28b45fcc27921d1808bd5a2e7ee9,ae44f408f766f116b2ba9a8b5042f7be2a3063c0adac3e9f36394a7534168996,,
447,25bc89501de922c952247331e196fee9,9807b00ec9f05c0ed690f948a024469da45a3923628918d48e6175fa51233777,2026-08-22T17:55:14.044425+00:00,TADP-SEC/12.1,CLIENT_ACCEPTED_SUBMISSION,T3_XMK_CKKS_TADP,,,,client_000,,,,,,,,,,,2.3-phase1-fixed-threshold-critical-floor-review-profile,47dd2e58be138865a6d591a63329509757be6b563afb2badb96beb09eac726e5,a663ab753fcbe1179628a237bb638420356ea261176b970e3553fa59bfe7e9d6,1c154f7d4e37aa15e037310f6b45ff14a874311a582c673470a238929d8125dd,8d877b4c3b654a235066cdd49bf4c7e04e1b662c0cf44a17b54811ea50677e11,VALIDATED_EVIDENCE_BUNDLE,,,,,,,,,,,,,,,,,,,,,,,,UPDATE_SUBMITTED_ENFORCED,,False,NOT_REQUIRED_AUTOMATED_POLICY,False,,,,,,,,,,,,,C3_CONFIDENTIAL,3,,,,,,,,6f8a5214daf0d8d5188f7da84fe0931408bac9ce898d47d09d53366ef6cfe2b8,c068640bad122342de0e81050f313e88a0b5bf947d459a5df25df6b117f89be9,,,2026-08-23T17:18:04.591571+00:00,405174f37e52b27dfd697084fe54371f,,,,,a917f539e4df71b30fbdc5da6f79e07c43654452a0e264c604f56b26e04f70a6,c2c75750fb87a85c12415b94ba9f4ee01180175d883ffb3a95b1c171b00eca68,,,2026-08-22T18:54:49.586820+00:00,eb562985f77fc8a152d2d22d15bfd3f4695b107bdaa4c375fc5dde2be0f10805,active,,,4,ACCEPTED,ALL_BASELINE_CONTROLS,,,,True,True,True,True,True,False,253sN3YH9y60rdM5RUVEXop1wHV0Fje37g9pQk+CK+w=,da4dabcaa1c5e8cf1cb351421ae2062303f77e2d81595dee3703434f23f85903,lhIS+WjWdu7nwVo2eeSh1fX8D+pCzpAo3q6D86Frg0w=,9d8373f83fde455feaf49cf3e9fc4a5a02272ce0ef194638080646b528941964,4w6Oq30Q85KTX5NDcOavuqe0A+slU728VBf8VgR18XE=,29ac3bebc7d8bf95fc566b7fd18bb82a91593b8a3a0877f87ec4350551f94d53,,,,,,,,,,,,,,,,,a60b9494522e92bc093edda93f2f453bd64d0ac9046447b2efb294d6d2846643,audit_trails/artifacts/accepted_runtime_submissions/T3_XMK_CKKS_TADP_client_000_r4_da4dabcaa1c5e8cf__a60b9494522e92bc.json,,,,,,,,,,,,,ae44f408f766f116b2ba9a8b5042f7be2a3063c0adac3e9f36394a7534168996,150d8505f486d3c929ada1ef229f1b1fe706ac4d800d4e528552cfd6b7fc0b31,,
448,0b934bc4410dfef2736066d1e4e1332f,9807b00ec9f05c0ed690f948a024469da45a3923628918d48e6175fa51233777,2026-08-22T17:55:14.378504+00:00,TADP-SEC/12.1,CLIENT_CIPHERTEXT_BINDING,T3_XMK_CKKS_TADP,,,,client_000,,,,,,,,,,,,,,,,,,,,,,,,,,,,,,,,,,,,,,,,CIPHERTEXT_BOUND_TO_SIGNED_UPDATE,,,,,,,,,,,,,,,,,C3_CONFIDENTIAL,3,,,,,,,,,,,,,405174f37e52b27dfd697084fe54371f,,,,,,,,,,,,,,4,VERIFIED,,,,,True,,,,,False,253sN3YH9y60rdM5RUVEXop1wHV0Fje37g9pQk+CK+w=,da4dabcaa1c5e8cf1cb351421ae2062303f77e2d81595dee3703434f23f85903,lhIS+WjWdu7nwVo2eeSh1fX8D+pCzpAo3q6D86Frg0w=,d3b057951b5f9612d761efa7af13b60a1ea5af52762e1843644a2ce2215b981b,4w6Oq30Q85KTX5NDcOavuqe0A+slU728VBf8VgR18XE=,29ac3bebc7d8bf95fc566b7fd18bb82a91593b8a3a0877f87ec4350551f94d53,"T3: xMK submit share (round-level finalize), noise=0.000",reference_python,n=|logq=|scale=|scheme=alg_xmk_ckks,xmk_agg_pk:2c483293497644b3,,,,,,,,,59088d004024f938e9b1678821bb1f115993f5aacda1596cca88799534675286,,c0a7781d035e839a1f22dbc7fd4550b9d4d0a45da0d8f6dc27653be63d67e616,audit_trails/artifacts/ciphertext_attestations/T3_XMK_CKKS_TADP_client_000_r4_a72a8b033133fc23__c0a7781d035e839a.json,,,,,,,,,,,,,,,150d8505f486d3c929ada1ef229f1b1fe706ac4d800d4e528552cfd6b7fc0b31,25b9ae6fd256712cea9aaeb3e296f799df4030bce8df12defdabfddf69ce078d,,jg/K6X7BGr0IX5XfTlD96cbQ+uYKvt5FfqlB3LYSPNWtA/vFbZwWbtKSicC5eqVHO62y47/bPXqsb8z66zVByH1MGS339FtJtTv6oCFnUPS9EKn80sqpBa9TK74BDWxbip8OgHGf6hseb16Kpge1163aikomuSNMOqPeTMH54FEpCivS5EOxlxCxyEk3lCDJuwFB0UDhvjpCBsCIcIRoLaYdEeyP0KTO3pZ2Rf3smJDWh9/ww7fdtbB/ZC+K5itsRlHCapEU1FUSp005eqmDKaHQGTCkuP6+Z1Eiz42NuoZt0DNCNWbNV8HI5XFcMrI0DPIsnZv8GGlKoV9kdvJ+DRGTXTNzzW3Yt5uabDI+o3B3iFx4+QsMJetCboa0Bpn1INQHBY7uH6fLbYe0khmdk473/xojpZpmsz451D8BE01wXzWeM2CLkVYeOnh4yeDMijUo8pLqnu0lS+BgTwgJn6n1cSYfdoQBKmuo2adAotVFnr+WWMIaIPmnNAo/8o9e
449,85d9eed3c26eb7229a2ef626eaecbdb4,9807b00ec9f05c0ed690f948a024469da45a3923628918d48e6175fa51233777,2026-08-22T17:55:21.959402+00:00,TADP-SEC/12.1,CLIENT_ACCEPTED_SUBMISSION,T3_XMK_CKKS_TADP,,,,client_000,,,,,,,,,,,2.3-phase1-fixed-threshold-critical-floor-review-profile,47dd2e58be138865a6d591a63329509757be6b563afb2badb96beb09eac726e5,a663ab753fcbe1179628a237bb638420356ea261176b970e3553fa59bfe7e9d6,1c154f7d4e37aa15e037310f6b45ff14a874311a582c673470a238929d8125dd,8d877b4c3b654a235066cdd49bf4c7e04e1b662c0cf44a17b54811ea50677e11,VALIDATED_EVIDENCE_BUNDLE,,,,,,,,,,,,,,,,,,,,,,,,UPDATE_SUBMITTED_ENFORCED,,False,NOT_REQUIRED_AUTOMATED_POLICY,False,,,,,,,,,,,,,C3_CONFIDENTIAL,3,,,,,,,,6f8a5214daf0d8d5188f7da84fe0931408bac9ce898d47d09d53366ef6cfe2b8,c068640bad122342de0e81050f313e88a0b5bf947d459a5df25df6b117f89be9,,,2026-08-23T17:18:04.591571+00:00,405174f37e52b27dfd697084fe54371f,,,,,a917f539e4df71b30fbdc5da6f79e07c43654452a0e264c604f56b26e04f70a6,c2c75750fb87a85c12415b94ba9f4ee01180175d883ffb3a95b1c171b00eca68,,,2026-08-22T18:54:49.586820+00:00,eb562985f77fc8a152d2d22d15bfd3f4695b107bdaa4c375fc5dde2be0f10805,active,,,5,ACCEPTED,ALL_BASELINE_CONTROLS,,,,True,True,True,True,True,False,nT5/NNodF+0U/9NOL8EvtNTVx8fxGCdFDWEDJ/fIbDI=,fbd108c8e1aa10fddcf2d4d57ee7dda39586a10a90e4be6626a4aafab25e3a3a,lhIS+WjWdu7nwVo2eeSh1fX8D+pCzpAo3q6D86Frg0w=,989eb072ef63d3ea1a17c3b34a495fc9c097bf2e96114afe953b21f3a7fec3ee,ItSXVU+EADhmGhZxhweWXKkWpoZNOa8vsPklR/hm6V4=,29ac3bebc7d8bf95fc566b7fd18bb82a91593b8a3a0877f87ec4350551f94d53,,,,,,,,,,,,,,,,,e82187514538ecb13745be2a7a9d75827a71a9cb3253d32886dee6e16f8284aa,audit_trails/artifacts/accepted_runtime_submissions/T3_XMK_CKKS_TADP_client_000_r5_fbd108c8e1aa10fd__e82187514538ecb1.json,,,,,,,,,,,,,25b9ae6fd256712cea9aaeb3e296f799df4030bce8df12defdabfddf69ce078d,b9d26cf0eb24c3cdfc335c683e79c0ee0608e6d39b72f41f9b67d8f684f0939a,,
450,7de068fcb5aec85d756f4c5fbf4341d0,9807b00ec9f05c0ed690f948a024469da45a3923628918d48e6175fa51233777,2026-08-22T17:55:22.295907+00:00,TADP-SEC/12.1,CLIENT_CIPHERTEXT_BINDING,T3_XMK_CKKS_TADP,,,,client_000,,,,,,,,,,,,,,,,,,,,,,,,,,,,,,,,,,,,,,,,CIPHERTEXT_BOUND_TO_SIGNED_UPDATE,,,,,,,,,,,,,,,,,C3_CONFIDENTIAL,3,,,,,,,,,,,,,405174f37e52b27dfd697084fe54371f,,,,,,,,,,,,,,5,VERIFIED,,,,,True,,,,,False,nT5/NNodF+0U/9NOL8EvtNTVx8fxGCdFDWEDJ/fIbDI=,fbd108c8e1aa10fddcf2d4d57ee7dda39586a10a90e4be6626a4aafab25e3a3a,lhIS+WjWdu7nwVo2eeSh1fX8D+pCzpAo3q6D86Frg0w=,e84bf12d018fe61642c5b5714e0caf044b03f621e99f98fae9ccc8d563155f2b,ItSXVU+EADhmGhZxhweWXKkWpoZNOa8vsPklR/hm6V4=,29ac3bebc7d8bf95fc566b7fd18bb82a91593b8a3a0877f87ec4350551f94d53,"T3: xMK submit share (round-level finalize), noise=0.000",reference_python,n=|logq=|scale=|scheme=alg_xmk_ckks,xmk_agg_pk:2c483293497644b3,,,,,,,,,db494fe0b77f1dbcb9bccc4babc75bdb2e1b1193615d34b71439660289df703c,,0ee4e18d1e84f91a5f1f83b20ba7c18a1f3b3a1b7f5c092b1a4ee0b9624980ba,audit_trails/artifacts/ciphertext_attestations/T3_XMK_CKKS_TADP_client_000_r5_fbed8692c19e868e__0ee4e18d1e84f91a.json,,,,,,,,,,,,,,,b9d26cf0eb24c3cdfc335c683e79c0ee0608e6d39b72f41f9b67d8f684f0939a,fa8ce76660eabdc1b528ce38285f2c6e0cae5718ede5de35d7441490d0559d83,,
451,14e2d73efd6eac52255c8b7950b1dc89,9807b00ec9f05c0ed690f948a024469da45a3923628918d48e6175fa51233777,2026-08-22T17:55:28.686108+00:00,TADP-SEC/12.1,CLIENT_ACCEPTED_SUBMISSION,T3_XMK_CKKS_TADP,,,,client_000,,,,,,,,,,,2.3-phase1-fixed-threshold-critical-floor-review-profile,47dd2e58be138865a6d591a63329509757be6b563afb2badb96beb09eac726e5,a663ab753fcbe1179628a237bb638420356ea261176b970e3553fa59bfe7e9d6,1c154f7d4e37aa15e037310f6b45ff14a874311a582c673470a238929d8125dd,8d877b4c3b654a235066cdd49bf4c7e04e1b662c0cf44a17b54811ea50677e11,VALIDATED_EVIDENCE_BUNDLE,,,,,,,,,,,,,,,,,,,,,,,,UPDATE_SUBMITTED_ENFORCED,,False,NOT_REQUIRED_AUTOMATED_POLICY,False,,,,,,,,,,,,,C3_CONFIDENTIAL,3,,,,,,,,6f8a5214daf0d8d5188f7da84fe0931408bac9ce898d47d09d53366ef6cfe2b8,c068640bad122342de0e81050f313e88a0b5bf947d459a5df25df6b117f89be9,,,2026-08-23T17:18:04.591571+00:00,405174f37e52b27dfd697084fe54371f,,,,,a917f539e4df71b30fbdc5da6f79e07c43654452a0e264c604f56b26e04f70a6,c2c75750fb87a85c12415b94ba9f4ee01180175d883ffb3a95b1c171b00eca68,,,2026-08-22T18:54:49.586820+00:00,eb562985f77fc8a152d2d22d15bfd3f4695b107bdaa4c375fc5dde2be0f10805,active,,,6,ACCEPTED,ALL_BASELINE_CONTROLS,,,,True,True,True,True,True,False,AM+LxgWOuTbOG1/cIoiIkT/rzVKjf+UL4hRbRwF0CNA=,25712916119078ec23dfe00eea625808e606bc1a0ebbb8baa59b2f716895d80c,lhIS+WjWdu7nwVo2eeSh1fX8D+pCzpAo3q6D86Frg0w=,2a54a412a7f5347dadf881bfda448473412ef53be18403bce30f0216a12edc18,+ymlQNPnR5Xzfky+pubqBiQlDYI4idG63JldJ94xOa4=,29ac3bebc7d8bf95fc566b7fd18bb82a91593b8a3a0877f87ec4350551f94d53,,,,,,,,,,,,,,,,,dac321560c184f14ec7194aab466f297240c6a32a82864ae37917ecf5dbf1634,audit_trails/artifacts/accepted_runtime_submissions/T3_XMK_CKKS_TADP_client_000_r6_25712916119078ec__dac321560c184f14.json,,,,,,,,,,,,,fa8ce76660eabdc1b528ce38285f2c6e0cae5718ede5de35d7441490d0559d83,451d869cbd931af2d653eab857ee69cf5aaa8f2175bc2c0b48b43fe296eb2bf2,,
452,7cd97255c13d806f696ba1fcb8c8a418,9807b00ec9f05c0ed690f948a024469da45a3923628918d48e6175fa51233777,2026-08-22T17:55:29.020644+00:00,TADP-SEC/12.1,CLIENT_CIPHERTEXT_BINDING,T3_XMK_CKKS_TADP,,,,client_000,,,,,,,,,,,,,,,,,,,,,,,,,,,,,,,,,,,,,,,,CIPHERTEXT_BOUND_TO_SIGNED_UPDATE,,,,,,,,,,,,,,,,,C3_CONFIDENTIAL,3,,,,,,,,,,,,,405174f37e52b27dfd697084fe54371f,,,,,,,,,,,,,,6,VERIFIED,,,,,True,,,,,False,AM+LxgWOuTbOG1/cIoiIkT/rzVKjf+UL4hRbRwF0CNA=,25712916119078ec23dfe00eea625808e606bc1a0ebbb8baa59b2f716895d80c,lhIS+WjWdu7nwVo2eeSh1fX8D+pCzpAo3q6D86Frg0w=,a18720c37ef8cd7420392dcfc826a6bb4ccae883b72087ad9720eca714b5d0b7,+ymlQNPnR5Xzfky+pubqBiQlDYI4idG63JldJ94xOa4=,29ac3bebc7d8bf95fc566b7fd18bb82a91593b8a3a0877f87ec4350551f94d53,"T3: xMK submit share (round-level finalize), noise=0.000",reference_python,n=|logq=|scale=|scheme=alg_xmk_ckks,xmk_agg_pk:2c483293497644b3,,,,,,,,,881eaead9f8a3843aa361452b0e4d85f04562620682e9423fe163bfb6a24f50f,,3919d1bb582be7bad1d1fd076da401cd845a5bd25419a66d254ed54b0ae2b98e,audit_trails/artifacts/ciphertext_attestations/T3_XMK_CKKS_TADP_client_000_r6_5769302ed8348362__3919d1bb582be7ba.json,,,,,,,,,,,,,,,451d869cbd931af2d653eab857ee69cf5aaa8f2175bc2c0b48b43fe296eb2bf2,3a9db005ff72acd95e136c5b5e8a1d3b56adece3d443fcd673c0a5dc90a5cb04,,
453,e847380676148c1b551f34c17a2072df,9807b00ec9f05c0ed690f948a024469da45a3923628918d48e6175fa51233777,2026-08-22T17:55:36.501072+00:00,TADP-SEC/12.1,CLIENT_ACCEPTED_SUBMISSION,T3_XMK_CKKS_TADP,,,,client_000,,,,,,,,,,,2.3-phase1-fixed-threshold-critical-floor-review-profile,47dd2e58be138865a6d591a63329509757be6b563afb2badb96beb09eac726e5,a663ab753fcbe1179628a237bb638420356ea261176b970e3553fa59bfe7e9d6,1c154f7d4e37aa15e037310f6b45ff14a874311a582c673470a238929d8125dd,8d877b4c3b654a235066cdd49bf4c7e04e1b662c0cf44a17b54811ea50677e11,VALIDATED_EVIDENCE_BUNDLE,,,,,,,,,,,,,,,,,,,,,,,,UPDATE_SUBMITTED_ENFORCED,,False,NOT_REQUIRED_AUTOMATED_POLICY,False,,,,,,,,,,,,,C3_CONFIDENTIAL,3,,,,,,,,6f8a5214daf0d8d5188f7da84fe0931408bac9ce898d47d09d53366ef6cfe2b8,c068640bad122342de0e81050f313e88a0b5bf947d459a5df25df6b117f89be9,,,2026-08-23T17:18:04.591571+00:00,405174f37e52b27dfd697084fe54371f,,,,,a917f539e4df71b30fbdc5da6f79e07c43654452a0e264c604f56b26e04f70a6,c2c75750fb87a85c12415b94ba9f4ee01180175d883ffb3a95b1c171b00eca68,,,2026-08-22T18:54:49.586820+00:00,eb562985f77fc8a152d2d22d15bfd3f4695b107bdaa4c375fc5dde2be0f10805,active,,,7,ACCEPTED,ALL_BASELINE_CONTROLS,,,,True,True,True,True,True,False,aXXYJYLS37TdAlxtD3eSgMm1m/Yc0yw+mZgw2daylaQ=,d7995f3caef3b439367314f796bc306fd57ba8ec3ec43e84ac3ee5ad772429ad,lhIS+WjWdu7nwVo2eeSh1fX8D+pCzpAo3q6D86Frg0w=,23b08f5c9a39b5a910e315fd873d06f7d1fa87ed0eeef5d5f985a454cf0d14d6,rT9dxkjRzEeGjnX1zH2UDYd7+YqP4Cum8zUu8aj1+7s=,29ac3bebc7d8bf95fc566b7fd18bb82a91593b8a3a0877f87ec4350551f94d53,,,,,,,,,,,,,,,,,f35a32c7b5b802f4e808b82b73cfbbf0c669cceaf1a72f5b5ad623e854eaebd8,audit_trails/artifacts/accepted_runtime_submissions/T3_XMK_CKKS_TADP_client_000_r7_d7995f3caef3b439__f35a32c7b5b802f4.json,,,,,,,,,,,,,3a9db005ff72acd95e136c5b5e8a1d3b56adece3d443fcd673c0a5dc90a5cb04,e8e896cfc574bf9fe8e46485dd3d18110dee7d3032a1d8f29282a494dbae8bd3,,
454,4101f75dc09324e6d1631dccf2bd4616,9807b00ec9f05c0ed690f948a024469da45a3923628918d48e6175fa51233777,2026-08-22T17:55:36.846116+00:00,TADP-SEC/12.1,CLIENT_CIPHERTEXT_BINDING,T3_XMK_CKKS_TADP,,,,client_000,,,,,,,,,,,,,,,,,,,,,,,,,,,,,,,,,,,,,,,,CIPHERTEXT_BOUND_TO_SIGNED_UPDATE,,,,,,,,,,,,,,,,,C3_CONFIDENTIAL,3,,,,,,,,,,,,,405174f37e52b27dfd697084fe54371f,,,,,,,,,,,,,,7,VERIFIED,,,,,True,,,,,False,aXXYJYLS37TdAlxtD3eSgMm1m/Yc0yw+mZgw2daylaQ=,d7995f3caef3b439367314f796bc306fd57ba8ec3ec43e84ac3ee5ad772429ad,lhIS+WjWdu7nwVo2eeSh1fX8D+pCzpAo3q6D86Frg0w=,122e9b8932f0d65853e0811542107f9289e9161ef5ea09559a232d23873d2130,rT9dxkjRzEeGjnX1zH2UDYd7+YqP4Cum8zUu8aj1+7s=,29ac3bebc7d8bf95fc566b7fd18bb82a91593b8a3a0877f87ec4350551f94d53,"T3: xMK submit share (round-level finalize), noise=0.000",reference_python,n=|logq=|scale=|scheme=alg_xmk_ckks,xmk_agg_pk:2c483293497644b3,,,,,,,,,09d2b0a2cf55fbe66898d77d88242f8a221d6a52861efd8db4f2dafa106bac6f,,40f66428144e86d0e5d891b21832dfeeb69ac7af17fb3be5344a2646267d3308,audit_trails/artifacts/ciphertext_attestations/T3_XMK_CKKS_TADP_client_000_r7_59e05b9b357df277__40f66428144e86d0.json,,,,,,,,,,,,,,,e8e896cfc574bf9fe8e46485dd3d18110dee7d3032a1d8f29282a494dbae8bd3,398679116e35b953fa001e8593e477e7571a0ed422d78cad9d4929079f7e3bb3,,
455,e70219d17bf5ad084cb67a03f2aafbda,9807b00ec9f05c0ed690f948a024469da45a3923628918d48e6175fa51233777,2026-08-22T17:55:43.222579+00:00,TADP-SEC/12.1,CLIENT_ACCEPTED_SUBMISSION,T3_XMK_CKKS_TADP,,,,client_000,,,,,,,,,,,2.3-phase1-fixed-threshold-critical-floor-review-profile,47dd2e58be138865a6d591a63329509757be6b563afb2badb96beb09eac726e5,a663ab753fcbe1179628a237bb638420356ea261176b970e3553fa59bfe7e9d6,1c154f7d4e37aa15e037310f6b45ff14a874311a582c673470a238929d8125dd,8d877b4c3b654a235066cdd49bf4c7e04e1b662c0cf44a17b54811ea50677e11,VALIDATED_EVIDENCE_BUNDLE,,,,,,,,,,,,,,,,,,,,,,,,UPDATE_SUBMITTED_ENFORCED,,False,NOT_REQUIRED_AUTOMATED_POLICY,False,,,,,,,,,,,,,C3_CONFIDENTIAL,3,,,,,,,,6f8a5214daf0d8d5188f7da84fe0931408bac9ce898d47d09d53366ef6cfe2b8,c068640bad122342de0e81050f313e88a0b5bf947d459a5df25df6b117f89be9,,,2026-08-23T17:18:04.591571+00:00,405174f37e52b27dfd697084fe54371f,,,,,a917f539e4df71b30fbdc5da6f79e07c43654452a0e264c604f56b26e04f70a6,c2c75750fb87a85c12415b94ba9f4ee01180175d883ffb3a95b1c171b00eca68,,,2026-08-22T18:54:49.586820+00:00,eb562985f77fc8a152d2d22d15bfd3f4695b107bdaa4c375fc5dde2be0f10805,active,,,8,ACCEPTED,ALL_BASELINE_CONTROLS,,,,True,True,True,True,True,False,pK7Dd/ugKa0JBbzBHzFcX4hSJvVgVeg+TVnMmlbyPh4=,aa12321152997551bffdeb23efaa2c79f77072dfa24e8fa99aec2d6e1876b981,lhIS+WjWdu7nwVo2eeSh1fX8D+pCzpAo3q6D86Frg0w=,842b2873ca4be088696325c39dda6a98e530ed1baff30faa3ba08d73afa0af83,oWzwWM8A7scyDhxmJm8JRmj3OZ/cJB9uaViMnRP4Edw=,29ac3bebc7d8bf95fc566b7fd18bb82a91593b8a3a0877f87ec4350551f94d53,,,,,,,,,,,,,,,,,ef3235ae5b9aef7e9aca262578895fc81afeacaaad4ed691f6a1c2f850389deb,audit_trails/artifacts/accepted_runtime_submissions/T3_XMK_CKKS_TADP_client_000_r8_aa12321152997551__ef3235ae5b9aef7e.json,,,,,,,,,,,,,398679116e35b953fa001e8593e477e7571a0ed422d78cad9d4929079f7e3bb3,1f5bb559eeb39d81347909cc42b50009c15b7b5f6459d7d69a50ca7d0207c926,,
456,35d2b4c86a55acd9031186131358ba90,9807b00ec9f05c0ed690f948a024469da45a3923628918d48e6175fa51233777,2026-08-22T17:55:43.558845+00:00,TADP-SEC/12.1,CLIENT_CIPHERTEXT_BINDING,T3_XMK_CKKS_TADP,,,,client_000,,,,,,,,,,,,,,,,,,,,,,,,,,,,,,,,,,,,,,,,CIPHERTEXT_BOUND_TO_SIGNED_UPDATE,,,,,,,,,,,,,,,,,C3_CONFIDENTIAL,3,,,,,,,,,,,,,405174f37e52b27dfd697084fe54371f,,,,,,,,,,,,,,8,VERIFIED,,,,,True,,,,,False,pK7Dd/ugKa0JBbzBHzFcX4hSJvVgVeg+TVnMmlbyPh4=,aa12321152997551bffdeb23efaa2c79f77072dfa24e8fa99aec2d6e1876b981,lhIS+WjWdu7nwVo2eeSh1fX8D+pCzpAo3q6D86Frg0w=,d32ae9a26419e958b7d1befd1871a9677ad60290d6145d0af6f793519cafa770,oWzwWM8A7scyDhxmJm8JRmj3OZ/cJB9uaViMnRP4Edw=,29ac3bebc7d8bf95fc566b7fd18bb82a91593b8a3a0877f87ec4350551f94d53,"T3: xMK submit share (round-level finalize), noise=0.000",reference_python,n=|logq=|scale=|scheme=alg_xmk_ckks,xmk_agg_pk:2c483293497644b3,,,,,,,,,87b97e75572e37c8c0656d291662f67148ed87ae10714eadb7087ef4815b684a,,1ece38c63db87df719605dc2b3659291835b805ed7a8bab383670f93e932a94a,audit_trails/artifacts/ciphertext_attestations/T3_XMK_CKKS_TADP_client_000_r8_97e93e9e030ccf6c__1ece38c63db87df7.json,,,,,,,,,,,,,,,1f5bb559eeb39d81347909cc42b50009c15b7b5f6459d7d69a50ca7d0207c926,7e82433a7780406d283ac69245cf32d47609dfdfa7d0b75310c45e98caf097b2,,
457,dfb31ddfc7f2f863b3a76e303256e939,9807b00ec9f05c0ed690f948a024469da45a3923628918d48e6175fa51233777,2026-08-22T17:55:51.054691+00:00,TADP-SEC/12.1,CLIENT_ACCEPTED_SUBMISSION,T3_XMK_CKKS_TADP,,,,client_000,,,,,,,,,,,2.3-phase1-fixed-threshold-critical-floor-review-profile,47dd2e58be138865a6d591a63329509757be6b563afb2badb96beb09eac726e5,a663ab753fcbe1179628a237bb638420356ea261176b970e3553fa59bfe7e9d6,1c154f7d4e37aa15e037310f6b45ff14a874311a582c673470a238929d8125dd,8d877b4c3b654a235066cdd49bf4c7e04e1b662c0cf44a17b54811ea50677e11,VALIDATED_EVIDENCE_BUNDLE,,,,,,,,,,,,,,,,,,,,,,,,UPDATE_SUBMITTED_ENFORCED,,False,NOT_REQUIRED_AUTOMATED_POLICY,False,,,,,,,,,,,,,C3_CONFIDENTIAL,3,,,,,,,,6f8a5214daf0d8d5188f7da84fe0931408bac9ce898d47d09d53366ef6cfe2b8,c068640bad122342de0e81050f313e88a0b5bf947d459a5df25df6b117f89be9,,,2026-08-23T17:18:04.591571+00:00,405174f37e52b27dfd697084fe54371f,,,,,a917f539e4df71b30fbdc5da6f79e07c43654452a0e264c604f56b26e04f70a6,c2c75750fb87a85c12415b94ba9f4ee01180175d883ffb3a95b1c171b00eca68,,,2026-08-22T18:54:49.586820+00:00,eb562985f77fc8a152d2d22d15bfd3f4695b107bdaa4c375fc5dde2be0f10805,active,,,9,ACCEPTED,ALL_BASELINE_CONTROLS,,,,True,True,True,True,True,False,Nv+M83Mg717DbpRnNxjUV1qWl6+VZAy4AWr6neq8y34=,1de9347230a80d74dc7a2d0f7f5db170c783bca2f248b5399b2b42d562f098b2,lhIS+WjWdu7nwVo2eeSh1fX8D+pCzpAo3q6D86Frg0w=,1d6c50f95ccdbee9a5d503b46820df23ac928629e1b7de12130ffe6b513ff131,xDz2hikociKlheiZ6dJNnHGFh5paE1o3dWg4OYxpcbo=,29ac3bebc7d8bf95fc566b7fd18bb82a91593b8a3a0877f87ec4350551f94d53,,,,,,,,,,,,,,,,,5d2afcd1847ddb1ea242292100ef75ec71bac332ed26c93688c4d58c1d56312d,audit_trails/artifacts/accepted_runtime_submissions/T3_XMK_CKKS_TADP_client_000_r9_1de9347230a80d74__5d2afcd1847ddb1e.json,,,,,,,,,,,,,7e82433a7780406d283ac69245cf32d47609dfdfa7d0b75310c45e98caf097b2,2a37efb74807a78941abd86c05dff511cbf77bda1d95c54683b2fcf96e7ab7b2,,
458,14cbe7aa09b061bedbe6ffe449de0223,9807b00ec9f05c0ed690f948a024469da45a3923628918d48e6175fa51233777,2026-08-22T17:55:51.402059+00:00,TADP-SEC/12.1,CLIENT_CIPHERTEXT_BINDING,T3_XMK_CKKS_TADP,,,,client_000,,,,,,,,,,,,,,,,,,,,,,,,,,,,,,,,,,,,,,,,CIPHERTEXT_BOUND_TO_SIGNED_UPDATE,,,,,,,,,,,,,,,,,C3_CONFIDENTIAL,3,,,,,,,,,,,,,405174f37e52b27dfd697084fe54371f,,,,,,,,,,,,,,9,VERIFIED,,,,,True,,,,,False,Nv+M83Mg717DbpRnNxjUV1qWl6+VZAy4AWr6neq8y34=,1de9347230a80d74dc7a2d0f7f5db170c783bca2f248b5399b2b42d562f098b2,lhIS+WjWdu7nwVo2eeSh1fX8D+pCzpAo3q6D86Frg0w=,0f195cc7cc39bb2b05e82221690bed7460d9e5f624987497918f68a213dc3340,xDz2hikociKlheiZ6dJNnHGFh5paE1o3dWg4OYxpcbo=,29ac3bebc7d8bf95fc566b7fd18bb82a91593b8a3a0877f87ec4350551f94d53,"T3: xMK submit share (round-level finalize), noise=0.000",reference_python,n=|logq=|scale=|scheme=alg_xmk_ckks,xmk_agg_pk:2c483293497644b3,,,,,,,,,68f8e61982d6f74c30f3226df2d0c7d4104a61f62cdc26688ebfdd642e085e57,,32a23538920a41f28ea6ec3c76c9af62b1b7546b4630b954c111b7a63122ee44,audit_trails/artifacts/ciphertext_attestations/T3_XMK_CKKS_TADP_client_000_r9_94d8c1ffa65684e9__32a23538920a41f2.json,,,,,,,,,,,,,,,2a37efb74807a78941abd86c05dff511cbf77bda1d95c54683b2fcf96e7ab7b2,69343c1064187249710165404f9b5b5aaed63ff0a5f11bf3a5232b6a43a508c3,,
459,9d78547ff4a93dff8dbe01b465a3865a,9807b00ec9f05c0ed690f948a024469da45a3923628918d48e6175fa51233777,2026-08-22T17:55:57.789825+00:00,TADP-SEC/12.1,CLIENT_ACCEPTED_SUBMISSION,T3_XMK_CKKS_TADP,,,,client_000,,,,,,,,,,,2.3-phase1-fixed-threshold-critical-floor-review-profile,47dd2e58be138865a6d591a63329509757be6b563afb2badb96beb09eac726e5,a663ab753fcbe1179628a237bb638420356ea261176b970e3553fa59bfe7e9d6,1c154f7d4e37aa15e037310f6b45ff14a874311a582c673470a238929d8125dd,8d877b4c3b654a235066cdd49bf4c7e04e1b662c0cf44a17b54811ea50677e11,VALIDATED_EVIDENCE_BUNDLE,,,,,,,,,,,,,,,,,,,,,,,,UPDATE_SUBMITTED_ENFORCED,,False,NOT_REQUIRED_AUTOMATED_POLICY,False,,,,,,,,,,,,,C3_CONFIDENTIAL,3,,,,,,,,6f8a5214daf0d8d5188f7da84fe0931408bac9ce898d47d09d53366ef6cfe2b8,c068640bad122342de0e81050f313e88a0b5bf947d459a5df25df6b117f89be9,,,2026-08-23T17:18:04.591571+00:00,405174f37e52b27dfd697084fe54371f,,,,,a917f539e4df71b30fbdc5da6f79e07c43654452a0e264c604f56b26e04f70a6,c2c75750fb87a85c12415b94ba9f4ee01180175d883ffb3a95b1c171b00eca68,,,2026-08-22T18:54:49.586820+00:00,eb562985f77fc8a152d2d22d15bfd3f4695b107bdaa4c375fc5dde2be0f10805,active,,,10,ACCEPTED,ALL_BASELINE_CONTROLS,,,,True,True,True,True,True,False,2zs2JpPPeAG+bmEsLUV02plrkYQBVkM1Xs11YBfLbv4=,7750307076d6223c0ef19fd485fed7441c69eb349abf6800998f2572cf16680a,lhIS+WjWdu7nwVo2eeSh1fX8D+pCzpAo3q6D86Frg0w=,405b3f896074a24eedf3975eabc90e27064742859b8dbe7c8f4dbc5b7f0887c1,lSqYc8qDswM8f2cU5vJwtFoZBP5TCq8+hIhbKbYHSHM=,29ac3bebc7d8bf95fc566b7fd18bb82a91593b8a3a0877f87ec4350551f94d53,,,,,,,,,,,,,,,,,36ff56a2a02434186d4a5bad952f661d5c671cf3cdee093460a8d42a6ba75b69,audit_trails/artifacts/accepted_runtime_submissions/T3_XMK_CKKS_TADP_client_000_r10_7750307076d6223c__36ff56a2a0243418.json,,,,,,,,,,,,,69343c1064187249710165404f9b5b5aaed63ff0a5f11bf3a5232b6a43a508c3,175ccd723f377f3cbb14770d65e248af95657aacb672ffd19180e6f74e62c085,,
460,2c62bbc268b8c9e0d9b1296e9d49288c,9807b00ec9f05c0ed690f948a024469da45a3923628918d48e6175fa51233777,2026-08-22T17:55:58.125361+00:00,TADP-SEC/12.1,CLIENT_CIPHERTEXT_BINDING,T3_XMK_CKKS_TADP,,,,client_000,,,,,,,,,,,,,,,,,,,,,,,,,,,,,,,,,,,,,,,,CIPHERTEXT_BOUND_TO_SIGNED_UPDATE,,,,,,,,,,,,,,,,,C3_CONFIDENTIAL,3,,,,,,,,,,,,,405174f37e52b27dfd697084fe54371f,,,,,,,,,,,,,,10,VERIFIED,,,,,True,,,,,False,2zs2JpPPeAG+bmEsLUV02plrkYQBVkM1Xs11YBfLbv4=,7750307076d6223c0ef19fd485fed7441c69eb349abf6800998f2572cf16680a,lhIS+WjWdu7nwVo2eeSh1fX8D+pCzpAo3q6D86Frg0w=,bd5f6137c63660e67a56e7af722dfd6478589b6bde4f5481c41a7428bbf86123,lSqYc8qDswM8f2cU5vJwtFoZBP5TCq8+hIhbKbYHSHM=,29ac3bebc7d8bf95fc566b7fd18bb82a91593b8a3a0877f87ec4350551f94d53,"T3: xMK submit share (round-level finalize), noise=0.000",reference_python,n=|logq=|scale=|scheme=alg_xmk_ckks,xmk_agg_pk:2c483293497644b3,,,,,,,,,beaa38e967938533a961f0191e80fa196625d351173d2a63e3aa381a58d7a902,,1f94f319219a3fc7d2bcb42eac24afa58b7038f261fae086f193d21b1f61e8f4,audit_trails/artifacts/ciphertext_attestations/T3_XMK_CKKS_TADP_client_000_r10_5293fbfb3e6d4e1c__1f94f319219a3fc7.json,,,,,,,,,,,,,,,175ccd723f377f3cbb14770d65e248af95657aacb672ffd19180e6f74e62c085,34982f01f359819281283603c0ae619d70410894802a0657c2afdffab48aac30,,
461,ccf37d891fb8e1d38c650055729f78a4,9807b00ec9f05c0ed690f948a024469da45a3923628918d48e6175fa51233777,2026-08-22T17:56:05.635875+00:00,TADP-SEC/12.1,CLIENT_ACCEPTED_SUBMISSION,T3_XMK_CKKS_TADP,,,,client_000,,,,,,,,,,,2.3-phase1-fixed-threshold-critical-floor-review-profile,47dd2e58be138865a6d591a63329509757be6b563afb2badb96beb09eac726e5,a663ab753fcbe1179628a237bb638420356ea261176b970e3553fa59bfe7e9d6,1c154f7d4e37aa15e037310f6b45ff14a874311a582c673470a238929d8125dd,8d877b4c3b654a235066cdd49bf4c7e04e1b662c0cf44a17b54811ea50677e11,VALIDATED_EVIDENCE_BUNDLE,,,,,,,,,,,,,,,,,,,,,,,,UPDATE_SUBMITTED_ENFORCED,,False,NOT_REQUIRED_AUTOMATED_POLICY,False,,,,,,,,,,,,,C3_CONFIDENTIAL,3,,,,,,,,6f8a5214daf0d8d5188f7da84fe0931408bac9ce898d47d09d53366ef6cfe2b8,c068640bad122342de0e81050f313e88a0b5bf947d459a5df25df6b117f89be9,,,2026-08-23T17:18:04.591571+00:00,405174f37e52b27dfd697084fe54371f,,,,,a917f539e4df71b30fbdc5da6f79e07c43654452a0e264c604f56b26e04f70a6,c2c75750fb87a85c12415b94ba9f4ee01180175d883ffb3a95b1c171b00eca68,,,2026-08-22T18:54:49.586820+00:00,eb562985f77fc8a152d2d22d15bfd3f4695b107bdaa4c375fc5dde2be0f10805,active,,,11,ACCEPTED,ALL_BASELINE_CONTROLS,,,,True,True,True,True,True,False,CM4GA8ehumEAXa/qdXb1XZAGfybft86tyHLnS4FZqAQ=,9aa5877293fd03a80726f7b0c16dec44c0f7ca1d222721f98df6ce395e4ff391,lhIS+WjWdu7nwVo2eeSh1fX8D+pCzpAo3q6D86Frg0w=,393dee955d9c2990dcc2208fbeffea53f79d2f1657c1d3db74f0f5ca9e284f49,0vkC9KIicVILraYyc0gJ2kDZlsv5j3FCHxYwN1MpYso=,29ac3bebc7d8bf95fc566b7fd18bb82a91593b8a3a0877f87ec4350551f94d53,,,,,,,,,,,,,,,,,f0a9cc4d77534de244642eb1c3113d83f9597e480ab4c1b6be56d6dd86b8f7e5,audit_trails/artifacts/accepted_runtime_submissions/T3_XMK_CKKS_TADP_client_000_r11_9aa5877293fd03a8__f0a9cc4d77534de2.json,,,,,,,,,,,,,34982f01f359819281283603c0ae619d70410894802a0657c2afdffab48aac30,9075678df7f37e3936259e20592856e96d776c091fdeb87220a28becb36e6329,,
462,1a2a1f87f923cdb04b36c1fed4187bab,9807b00ec9f05c0ed690f948a024469da45a3923628918d48e6175fa51233777,2026-08-22T17:56:05.982807+00:00,TADP-SEC/12.1,CLIENT_CIPHERTEXT_BINDING,T3_XMK_CKKS_TADP,,,,client_000,,,,,,,,,,,,,,,,,,,,,,,,,,,,,,,,,,,,,,,,CIPHERTEXT_BOUND_TO_SIGNED_UPDATE,,,,,,,,,,,,,,,,,C3_CONFIDENTIAL,3,,,,,,,,,,,,,405174f37e52b27dfd697084fe54371f,,,,,,,,,,,,,,11,VERIFIED,,,,,True,,,,,False,CM4GA8ehumEAXa/qdXb1XZAGfybft86tyHLnS4FZqAQ=,9aa5877293fd03a80726f7b0c16dec44c0f7ca1d222721f98df6ce395e4ff391,lhIS+WjWdu7nwVo2eeSh1fX8D+pCzpAo3q6D86Frg0w=,d703d0bc2a56c13a88644bff847d09ef60cefa5422fb0781e142c196b5dff23c,0vkC9KIicVILraYyc0gJ2kDZlsv5j3FCHxYwN1MpYso=,29ac3bebc7d8bf95fc566b7fd18bb82a91593b8a3a0877f87ec4350551f94d53,"T3: xMK submit share (round-level finalize), noise=0.000",reference_python,n=|logq=|scale=|scheme=alg_xmk_ckks,xmk_agg_pk:2c483293497644b3,,,,,,,,,2c53684c29b6251e5d14f60c852d33f6d02e3269d38c9e43f028828187b7b1d8,,6d86b3ce1bdf7220d92f37d02fe3f535c6cf6dae04bdd519c5965e6b4c496633,audit_trails/artifacts/ciphertext_attestations/T3_XMK_CKKS_TADP_client_000_r11_2c2b6594f2993dde__6d86b3ce1bdf7220.json,,,,,,,,,,,,,,,9075678df7f37e3936259e20592856e96d776c091fdeb87220a28becb36e6329,8441db9b243fce14042c6150418d9ff4e1b32cea505c67a515838d4e406715d9,,
463,a6b3a634340e6c274efcac09524b5cf9,9807b00ec9f05c0ed690f948a024469da45a3923628918d48e6175fa51233777,2026-08-22T17:56:12.442281+00:00,TADP-SEC/12.1,CLIENT_ACCEPTED_SUBMISSION,T3_XMK_CKKS_TADP,,,,client_000,,,,,,,,,,,2.3-phase1-fixed-threshold-critical-floor-review-profile,47dd2e58be138865a6d591a63329509757be6b563afb2badb96beb09eac726e5,a663ab753fcbe1179628a237bb638420356ea261176b970e3553fa59bfe7e9d6,1c154f7d4e37aa15e037310f6b45ff14a874311a582c673470a238929d8125dd,8d877b4c3b654a235066cdd49bf4c7e04e1b662c0cf44a17b54811ea50677e11,VALIDATED_EVIDENCE_BUNDLE,,,,,,,,,,,,,,,,,,,,,,,,UPDATE_SUBMITTED_ENFORCED,,False,NOT_REQUIRED_AUTOMATED_POLICY,False,,,,,,,,,,,,,C3_CONFIDENTIAL,3,,,,,,,,6f8a5214daf0d8d5188f7da84fe0931408bac9ce898d47d09d53366ef6cfe2b8,c068640bad122342de0e81050f313e88a0b5bf947d459a5df25df6b117f89be9,,,2026-08-23T17:18:04.591571+00:00,405174f37e52b27dfd697084fe54371f,,,,,a917f539e4df71b30fbdc5da6f79e07c43654452a0e264c604f56b26e04f70a6,c2c75750fb87a85c12415b94ba9f4ee01180175d883ffb3a95b1c171b00eca68,,,2026-08-22T18:54:49.586820+00:00,eb562985f77fc8a152d2d22d15bfd3f4695b107bdaa4c375fc5dde2be0f10805,active,,,12,ACCEPTED,ALL_BASELINE_CONTROLS,,,,True,True,True,True,True,False,kqBgNHYrBaFBqtvAI7psDa6XJr+wB1DmITJxQw91Aek=,e0437a24a7e4e138fb36c8b99351848d3b9c7d640ca3543060e5f6a6fbfa8e15,lhIS+WjWdu7nwVo2eeSh1fX8D+pCzpAo3q6D86Frg0w=,d51f3dbc4f683f0d285ffe6faaa573409fb07cc9bf605ec0a5a9aa59d410486e,EoWgZLbkC8wo9rfArBpSXHp9upZpaCZ7JeHkWfv8Zdk=,29ac3bebc7d8bf95fc566b7fd18bb82a91593b8a3a0877f87ec4350551f94d53,,,,,,,,,,,,,,,,,30391cf3b176df2fc5834e831c5ed1a466e4628389b310419bbd2cd54d0a8db0,audit_trails/artifacts/accepted_runtime_submissions/T3_XMK_CKKS_TADP_client_000_r12_e0437a24a7e4e138__30391cf3b176df2f.json,,,,,,,,,,,,,8441db9b243fce14042c6150418d9ff4e1b32cea505c67a515838d4e406715d9,0dccf619493e7bdc8826c4498f3bbb4a84fd2f58f5e8f1d46818966655426fab,,
464,22ae143d99278d82cc355c3373867300,9807b00ec9f05c0ed690f948a024469da45a3923628918d48e6175fa51233777,2026-08-22T17:56:12.780511+00:00,TADP-SEC/12.1,CLIENT_CIPHERTEXT_BINDING,T3_XMK_CKKS_TADP,,,,client_000,,,,,,,,,,,,,,,,,,,,,,,,,,,,,,,,,,,,,,,,CIPHERTEXT_BOUND_TO_SIGNED_UPDATE,,,,,,,,,,,,,,,,,C3_CONFIDENTIAL,3,,,,,,,,,,,,,405174f37e52b27dfd697084fe54371f,,,,,,,,,,,,,,12,VERIFIED,,,,,True,,,,,False,kqBgNHYrBaFBqtvAI7psDa6XJr+wB1DmITJxQw91Aek=,e0437a24a7e4e138fb36c8b99351848d3b9c7d640ca3543060e5f6a6fbfa8e15,lhIS+WjWdu7nwVo2eeSh1fX8D+pCzpAo3q6D86Frg0w=,8fcfd87d41fb023ac3bcbbe3901b451fe691170fe81a56158f46e4d2884fe77e,EoWgZLbkC8wo9rfArBpSXHp9upZpaCZ7JeHkWfv8Zdk=,29ac3bebc7d8bf95fc566b7fd18bb82a91593b8a3a0877f87ec4350551f94d53,"T3: xMK submit share (round-level finalize), noise=0.000",reference_python,n=|logq=|scale=|scheme=alg_xmk_ckks,xmk_agg_pk:2c483293497644b3,,,,,,,,,89e13e5f2ee699e3ce1616121148b4136c4c103c68ea692ae0f4e9ae14353d96,,b1038c0e5cecb54601445b642207ac64172936ef6075125dbfa62dfec3e50923,audit_trails/artifacts/ciphertext_attestations/T3_XMK_CKKS_TADP_client_000_r12_36674dc2fcf9185d__b1038c0e5cecb546.json,,,,,,,,,,,,,,,0dccf619493e7bdc8826c4498f3bbb4a84fd2f58f5e8f1d46818966655426fab,7e332232cfb5ae7ac396481ceaf938b66794a3e691ab0cf328eec6aae6334d42,,
465,ddfa8ffde82dfcb3ff1de9900468b7a8,9807b00ec9f05c0ed690f948a024469da45a3923628918d48e6175fa51233777,2026-08-22T17:56:20.290073+00:00,TADP-SEC/12.1,CLIENT_ACCEPTED_SUBMISSION,T3_XMK_CKKS_TADP,,,,client_000,,,,,,,,,,,2.3-phase1-fixed-threshold-critical-floor-review-profile,47dd2e58be138865a6d591a63329509757be6b563afb2badb96beb09eac726e5,a663ab753fcbe1179628a237bb638420356ea261176b970e3553fa59bfe7e9d6,1c154f7d4e37aa15e037310f6b45ff14a874311a582c673470a238929d8125dd,8d877b4c3b654a235066cdd49bf4c7e04e1b662c0cf44a17b54811ea50677e11,VALIDATED_EVIDENCE_BUNDLE,,,,,,,,,,,,,,,,,,,,,,,,UPDATE_SUBMITTED_ENFORCED,,False,NOT_REQUIRED_AUTOMATED_POLICY,False,,,,,,,,,,,,,C3_CONFIDENTIAL,3,,,,,,,,6f8a5214daf0d8d5188f7da84fe0931408bac9ce898d47d09d53366ef6cfe2b8,c068640bad122342de0e81050f313e88a0b5bf947d459a5df25df6b117f89be9,,,2026-08-23T17:18:04.591571+00:00,405174f37e52b27dfd697084fe54371f,,,,,a917f539e4df71b30fbdc5da6f79e07c43654452a0e264c604f56b26e04f70a6,c2c75750fb87a85c12415b94ba9f4ee01180175d883ffb3a95b1c171b00eca68,,,2026-08-22T18:54:49.586820+00:00,eb562985f77fc8a152d2d22d15bfd3f4695b107bdaa4c375fc5dde2be0f10805,active,,,13,ACCEPTED,ALL_BASELINE_CONTROLS,,,,True,True,True,True,True,False,jTyzwpnysBG6JiiIUUYM4ZJG3yxuXQCUh34OPCih5LA=,bd32f7c724157bd99d5517faebbb653c05839093acc8b6303064cdf23468fd34,lhIS+WjWdu7nwVo2eeSh1fX8D+pCzpAo3q6D86Frg0w=,ff06735b47b832d4f3f0b00ba0aa58fb53febe73c981a5f53f31c562a65734a6,kNEA+qw0Dmkoc8HPCbGiIEbidRkmA5JdTQ+fvWjnV3c=,29ac3bebc7d8bf95fc566b7fd18bb82a91593b8a3a0877f87ec4350551f94d53,,,,,,,,,,,,,,,,,579b3749fc02d80b3a93fd884e6ba627da6024e1ba25f32374fffe49c1ed0f58,audit_trails/artifacts/accepted_runtime_submissions/T3_XMK_CKKS_TADP_client_000_r13_bd32f7c724157bd9__579b3749fc02d80b.json,,,,,,,,,,,,,7e332232cfb5ae7ac396481ceaf938b66794a3e691ab0cf328eec6aae6334d42,e51ca8dd3673a307db5ceeffea6f41e137d06b9bcfbeecc006605ec41bff4f42,,
466,1267373c2ae766f40c72c1b78e4363f8,9807b00ec9f05c0ed690f948a024469da45a3923628918d48e6175fa51233777,2026-08-22T17:56:20.627138+00:00,TADP-SEC/12.1,CLIENT_CIPHERTEXT_BINDING,T3_XMK_CKKS_TADP,,,,client_000,,,,,,,,,,,,,,,,,,,,,,,,,,,,,,,,,,,,,,,,CIPHERTEXT_BOUND_TO_SIGNED_UPDATE,,,,,,,,,,,,,,,,,C3_CONFIDENTIAL,3,,,,,,,,,,,,,405174f37e52b27dfd697084fe54371f,,,,,,,,,,,,,,13,VERIFIED,,,,,True,,,,,False,jTyzwpnysBG6JiiIUUYM4ZJG3yxuXQCUh34OPCih5LA=,bd32f7c724157bd99d5517faebbb653c05839093acc8b6303064cdf23468fd34,lhIS+WjWdu7nwVo2eeSh1fX8D+pCzpAo3q6D86Frg0w=,f07d8becf442c349200bfedfe32e15d24f88d0b411f825d3b5f73350a2eab7ba,kNEA+qw0Dmkoc8HPCbGiIEbidRkmA5JdTQ+fvWjnV3c=,29ac3bebc7d8bf95fc566b7fd18bb82a91593b8a3a0877f87ec4350551f94d53,"T3: xMK submit share (round-level finalize), noise=0.000",reference_python,n=|logq=|scale=|scheme=alg_xmk_ckks,xmk_agg_pk:2c483293497644b3,,,,,,,,,aa15d41b79117728e5c561186110543a5668cad015c1daf4be41fb08d8e8c12d,,4cfe502148fcebc24b21661712fefdb591e120286b9bb16a689540e4d64f5956,audit_trails/artifacts/ciphertext_attestations/T3_XMK_CKKS_TADP_client_000_r13_99a79a4ba7d25fae__4cfe502148fcebc2.json,,,,,,,,,,,,,,,e51ca8dd3673a307db5ceeffea6f41e137d06b9bcfbeecc006605ec41bff4f42,572ca3886d76dd79d6f91f4f2c520c0fdf93cc41d74b92a6432b0089c75828f3,,
467,dd1e7b6a5b56b932046655ec5e7cec40,9807b00ec9f05c0ed690f948a024469da45a3923628918d48e6175fa51233777,2026-08-22T17:56:27.220206+00:00,TADP-SEC/12.1,CLIENT_ACCEPTED_SUBMISSION,T3_XMK_CKKS_TADP,,,,client_000,,,,,,,,,,,2.3-phase1-fixed-threshold-critical-floor-review-profile,47dd2e58be138865a6d591a63329509757be6b563afb2badb96beb09eac726e5,a663ab753fcbe1179628a237bb638420356ea261176b970e3553fa59bfe7e9d6,1c154f7d4e37aa15e037310f6b45ff14a874311a582c673470a238929d8125dd,8d877b4c3b654a235066cdd49bf4c7e04e1b662c0cf44a17b54811ea50677e11,VALIDATED_EVIDENCE_BUNDLE,,,,,,,,,,,,,,,,,,,,,,,,UPDATE_SUBMITTED_ENFORCED,,False,NOT_REQUIRED_AUTOMATED_POLICY,False,,,,,,,,,,,,,C3_CONFIDENTIAL,3,,,,,,,,6f8a5214daf0d8d5188f7da84fe0931408bac9ce898d47d09d53366ef6cfe2b8,c068640bad122342de0e81050f313e88a0b5bf947d459a5df25df6b117f89be9,,,2026-08-23T17:18:04.591571+00:00,405174f37e52b27dfd697084fe54371f,,,,,a917f539e4df71b30fbdc5da6f79e07c43654452a0e264c604f56b26e04f70a6,c2c75750fb87a85c12415b94ba9f4ee01180175d883ffb3a95b1c171b00eca68,,,2026-08-22T18:54:49.586820+00:00,eb562985f77fc8a152d2d22d15bfd3f4695b107bdaa4c375fc5dde2be0f10805,active,,,14,ACCEPTED,ALL_BASELINE_CONTROLS,,,,True,True,True,True,True,False,KHerqaIgde7ClkKsIg5WeLsS4xaS6LIy7bSwU7HUU1E=,c43a6e578df7a7ae60603334bb8a4790ba009bf2e49a6b2e736cb7963b79f366,lhIS+WjWdu7nwVo2eeSh1fX8D+pCzpAo3q6D86Frg0w=,ca492dd78d2fa919fd9c985ff137a0346785a3c296fc3770f698026c0adc3fbc,8PR4sKem3CVByFxqXuIvydqYeF+EljnnT5LLrtNNu8o=,29ac3bebc7d8bf95fc566b7fd18bb82a91593b8a3a0877f87ec4350551f94d53,,,,,,,,,,,,,,,,,b30d2a291410b7d75547214057b1b0973a7cfde1c5b61252a28d4bc765d3ac9d,audit_trails/artifacts/accepted_runtime_submissions/T3_XMK_CKKS_TADP_client_000_r14_c43a6e578df7a7ae__b30d2a291410b7d7.json,,,,,,,,,,,,,572ca3886d76dd79d6f91f4f2c520c0fdf93cc41d74b92a6432b0089c75828f3,368c6810939b8fe52f7704051a58fb8da42fbe3e53050d79d296b178399548cd,,
468,d4cea4c9733b28589af3923e53c15829,9807b00ec9f05c0ed690f948a024469da45a3923628918d48e6175fa51233777,2026-08-22T17:56:27.694570+00:00,TADP-SEC/12.1,CLIENT_CIPHERTEXT_BINDING,T3_XMK_CKKS_TADP,,,,client_000,,,,,,,,,,,,,,,,,,,,,,,,,,,,,,,,,,,,,,,,CIPHERTEXT_BOUND_TO_SIGNED_UPDATE,,,,,,,,,,,,,,,,,C3_CONFIDENTIAL,3,,,,,,,,,,,,,405174f37e52b27dfd697084fe54371f,,,,,,,,,,,,,,14,VERIFIED,,,,,True,,,,,False,KHerqaIgde7ClkKsIg5WeLsS4xaS6LIy7bSwU7HUU1E=,c43a6e578df7a7ae60603334bb8a4790ba009bf2e49a6b2e736cb7963b79f366,lhIS+WjWdu7nwVo2eeSh1fX8D+pCzpAo3q6D86Frg0w=,8f1b48f0b10f9bb9b679ec91f40664ad2eefb7ec0c5888ad574038049bafa0a4,8PR4sKem3CVByFxqXuIvydqYeF+EljnnT5LLrtNNu8o=,29ac3bebc7d8bf95fc566b7fd18bb82a91593b8a3a0877f87ec4350551f94d53,"T3: xMK submit share (round-level finalize), noise=0.000",reference_python,n=|logq=|scale=|scheme=alg_xmk_ckks,xmk_agg_pk:2c483293497644b3,,,,,,,,,a39d3418367893c37d80e1489534575c9c34cc8ff094186a420c1850b974024f,,43ff7d9e5807147092cd9ffb02c172bf42b7f51e0fdf6a7997331ec86f9d4694,audit_trails/artifacts/ciphertext_attestations/T3_XMK_CKKS_TADP_client_000_r14_4b6c5e68fde6fdcd__43ff7d9e58071470.json,,,,,,,,,,,,,,,368c6810939b8fe52f7704051a58fb8da42fbe3e53050d79d296b178399548cd,5646c2e62cc135a0c811582eecb780a926bb021bbc4d1fb6029447866d8ce19f,,
469,80986b14bea475b3dbd488a16563a6dd,9807b00ec9f05c0ed690f948a024469da45a3923628918d48e6175fa51233777,2026-08-22T17:56:34.764304+00:00,TADP-SEC/12.1,CLIENT_ACCEPTED_SUBMISSION,T3_XMK_CKKS_TADP,,,,client_000,,,,,,,,,,,2.3-phase1-fixed-threshold-critical-floor-review-profile,47dd2e58be138865a6d591a63329509757be6b563afb2badb96beb09eac726e5,a663ab753fcbe1179628a237bb638420356ea261176b970e3553fa59bfe7e9d6,1c154f7d4e37aa15e037310f6b45ff14a874311a582c673470a238929d8125dd,8d877b4c3b654a235066cdd49bf4c7e04e1b662c0cf44a17b54811ea50677e11,VALIDATED_EVIDENCE_BUNDLE,,,,,,,,,,,,,,,,,,,,,,,,UPDATE_SUBMITTED_ENFORCED,,False,NOT_REQUIRED_AUTOMATED_POLICY,False,,,,,,,,,,,,,C3_CONFIDENTIAL,3,,,,,,,,6f8a5214daf0d8d5188f7da84fe0931408bac9ce898d47d09d53366ef6cfe2b8,c068640bad122342de0e81050f313e88a0b5bf947d459a5df25df6b117f89be9,,,2026-08-23T17:18:04.591571+00:00,405174f37e52b27dfd697084fe54371f,,,,,a917f539e4df71b30fbdc5da6f79e07c43654452a0e264c604f56b26e04f70a6,c2c75750fb87a85c12415b94ba9f4ee01180175d883ffb3a95b1c171b00eca68,,,2026-08-22T18:54:49.586820+00:00,eb562985f77fc8a152d2d22d15bfd3f4695b107bdaa4c375fc5dde2be0f10805,active,,,15,ACCEPTED,ALL_BASELINE_CONTROLS,,,,True,True,True,True,True,False,mJoF0N22tT74Yryk597MS7IIj8ntM316yJHADUJczUU=,b80df2a5afebeee511577d21f0511c94c8ee4728958e6c5fad5375102a1aee15,lhIS+WjWdu7nwVo2eeSh1fX8D+pCzpAo3q6D86Frg0w=,285fb7558dacc68cc5adc66d0dc34dde4084e5a3f2e66bcfb2afcabbca8183ea,AmWl9LJcHDVB57UfHkmfOb/Pt0f1NR6vfe09blUniUk=,29ac3bebc7d8bf95fc566b7fd18bb82a91593b8a3a0877f87ec4350551f94d53,,,,,,,,,,,,,,,,,ca46e56409c25ca374f2661f9d8a5b061e2f519ff64616a0d1b3f91aee946c2e,audit_trails/artifacts/accepted_runtime_submissions/T3_XMK_CKKS_TADP_client_000_r15_b80df2a5afebeee5__ca46e56409c25ca3.json,,,,,,,,,,,,,5646c2e62cc135a0c811582eecb780a926bb021bbc4d1fb6029447866d8ce19f,633d90b08e0a8157bff2e52afb5447615791d7a6ee1bdb7fbc0f7845006e200c,,
470,4a304a0341b63bf63b972b214e845c75,9807b00ec9f05c0ed690f948a024469da45a3923628918d48e6175fa51233777,2026-08-22T17:56:35.103211+00:00,TADP-SEC/12.1,CLIENT_CIPHERTEXT_BINDING,T3_XMK_CKKS_TADP,,,,client_000,,,,,,,,,,,,,,,,,,,,,,,,,,,,,,,,,,,,,,,,CIPHERTEXT_BOUND_TO_SIGNED_UPDATE,,,,,,,,,,,,,,,,,C3_CONFIDENTIAL,3,,,,,,,,,,,,,405174f37e52b27dfd697084fe54371f,,,,,,,,,,,,,,15,VERIFIED,,,,,True,,,,,False,mJoF0N22tT74Yryk597MS7IIj8ntM316yJHADUJczUU=,b80df2a5afebeee511577d21f0511c94c8ee4728958e6c5fad5375102a1aee15,lhIS+WjWdu7nwVo2eeSh1fX8D+pCzpAo3q6D86Frg0w=,64336d6fede39b7ce9d5a16a01ed95be883eec922f777e39e3f36d7db189678c,AmWl9LJcHDVB57UfHkmfOb/Pt0f1NR6vfe09blUniUk=,29ac3bebc7d8bf95fc566b7fd18bb82a91593b8a3a0877f87ec4350551f94d53,"T3: xMK submit share (round-level finalize), noise=0.000",reference_python,n=|logq=|scale=|scheme=alg_xmk_ckks,xmk_agg_pk:2c483293497644b3,,,,,,,,,621ca8ba0f9d990f5686a4b274f6706b80e6aa63031ff81cefbc32fd88a73371,,3d7c13bc67d3e48776198bc26b9af021001631720d460c076ba03b236488bed7,audit_trails/artifacts/ciphertext_attestations/T3_XMK_CKKS_TADP_client_000_r15_9c99f76c9e5a3c0b__3d7c13bc67d3e487.json,,,,,,,,,,,,,,,633d90b08e0a8157bff2e52afb5447615791d7a6ee1bdb7fbc0f7845006e200c,fe43b97a6a4dcc4cc0a3dae2893ac3e5eead8bc7cd9ac8c7a0142bdc7ab4d994,,
471,7e41aadc405b6be04800b6a174c43ab8,9807b00ec9f05c0ed690f948a024469da45a3923628918d48e6175fa51233777,2026-08-22T17:56:42.194862+00:00,TADP-SEC/12.1,CLIENT_ACCEPTED_SUBMISSION,T3_XMK_CKKS_TADP,,,,client_000,,,,,,,,,,,2.3-phase1-fixed-threshold-critical-floor-review-profile,47dd2e58be138865a6d591a63329509757be6b563afb2badb96beb09eac726e5,a663ab753fcbe1179628a237bb638420356ea261176b970e3553fa59bfe7e9d6,1c154f7d4e37aa15e037310f6b45ff14a874311a582c673470a238929d8125dd,8d877b4c3b654a235066cdd49bf4c7e04e1b662c0cf44a17b54811ea50677e11,VALIDATED_EVIDENCE_BUNDLE,,,,,,,,,,,,,,,,,,,,,,,,UPDATE_SUBMITTED_ENFORCED,,False,NOT_REQUIRED_AUTOMATED_POLICY,False,,,,,,,,,,,,,C3_CONFIDENTIAL,3,,,,,,,,6f8a5214daf0d8d5188f7da84fe0931408bac9ce898d47d09d53366ef6cfe2b8,c068640bad122342de0e81050f313e88a0b5bf947d459a5df25df6b117f89be9,,,2026-08-23T17:18:04.591571+00:00,405174f37e52b27dfd697084fe54371f,,,,,a917f539e4df71b30fbdc5da6f79e07c43654452a0e264c604f56b26e04f70a6,c2c75750fb87a85c12415b94ba9f4ee01180175d883ffb3a95b1c171b00eca68,,,2026-08-22T18:54:49.586820+00:00,eb562985f77fc8a152d2d22d15bfd3f4695b107bdaa4c375fc5dde2be0f10805,active,,,16,ACCEPTED,ALL_BASELINE_CONTROLS,,,,True,True,True,True,True,False,8FqCY0qiAhLZmQghHK/GiRUH8/vJJYlOiZ4ZBwm1Xlw=,0bdc522e45be9434f9dcb2ca19b584fbbacfb07d72473ee8f7b29b7c6c5a28c3,lhIS+WjWdu7nwVo2eeSh1fX8D+pCzpAo3q6D86Frg0w=,7a88ed37e45268a64f6c3070281f48d08a90f978299b7d937ea04411f418ec63,u0JgTU1OqtQtviQ+8InXOL8hl8PmaQhEs8aaXv4b/oU=,29ac3bebc7d8bf95fc566b7fd18bb82a91593b8a3a0877f87ec4350551f94d53,,,,,,,,,,,,,,,,,ee52069bf98b08fc2fdf711ae68d0878791c3f5ee1a5931434a55b5789911314,audit_trails/artifacts/accepted_runtime_submissions/T3_XMK_CKKS_TADP_client_000_r16_0bdc522e45be9434__ee52069bf98b08fc.json,,,,,,,,,,,,,fe43b97a6a4dcc4cc0a3dae2893ac3e5eead8bc7cd9ac8c7a0142bdc7ab4d994,b5bf7418b454caf4894afd1421b8febb14d06304bcf70695821754d561fb01dd,,
472,02e744547aabcc5ada30438461e1a557,9807b00ec9f05c0ed690f948a024469da45a3923628918d48e6175fa51233777,2026-08-22T17:56:42.730200+00:00,TADP-SEC/12.1,CLIENT_CIPHERTEXT_BINDING,T3_XMK_CKKS_TADP,,,,client_000,,,,,,,,,,,,,,,,,,,,,,,,,,,,,,,,,,,,,,,,CIPHERTEXT_BOUND_TO_SIGNED_UPDATE,,,,,,,,,,,,,,,,,C3_CONFIDENTIAL,3,,,,,,,,,,,,,405174f37e52b27dfd697084fe54371f,,,,,,,,,,,,,,16,VERIFIED,,,,,True,,,,,False,8FqCY0qiAhLZmQghHK/GiRUH8/vJJYlOiZ4ZBwm1Xlw=,0bdc522e45be9434f9dcb2ca19b584fbbacfb07d72473ee8f7b29b7c6c5a28c3,lhIS+WjWdu7nwVo2eeSh1fX8D+pCzpAo3q6D86Frg0w=,eb31dcff380e3df83521d733e708200e0de88897499ffc806a0792d0f56c75ff,u0JgTU1OqtQtviQ+8InXOL8hl8PmaQhEs8aaXv4b/oU=,29ac3bebc7d8bf95fc566b7fd18bb82a91593b8a3a0877f87ec4350551f94d53,"T3: xMK submit share (round-level finalize), noise=0.000",reference_python,n=|logq=|scale=|scheme=alg_xmk_ckks,xmk_agg_pk:2c483293497644b3,,,,,,,,,368c2308febcce72798b7cabd8e66dd8ebcc0a49e5c88129e24ecef95fbe22e4,,2a21f255374df7cb47301fecf468b9c019c19b2fa16aa2f7ed2ac3700799e445,audit_trails/artifacts/ciphertext_attestations/T3_XMK_CKKS_TADP_client_000_r16_020338a1c8faa9c8__2a21f255374df7cb.json,,,,,,,,,,,,,,,b5bf7418b454caf4894afd1421b8febb14d06304bcf70695821754d561fb01dd,fda4b977264855621e1c71e85e228b4882583694619f9ae810ff985f00577041,,
473,44a805e5d8f3b7b475d2a0550bd71e75,9807b00ec9f05c0ed690f948a024469da45a3923628918d48e6175fa51233777,2026-08-22T17:56:49.479810+00:00,TADP-SEC/12.1,CLIENT_ACCEPTED_SUBMISSION,T3_XMK_CKKS_TADP,,,,client_000,,,,,,,,,,,2.3-phase1-fixed-threshold-critical-floor-review-profile,47dd2e58be138865a6d591a63329509757be6b563afb2badb96beb09eac726e5,a663ab753fcbe1179628a237bb638420356ea261176b970e3553fa59bfe7e9d6,1c154f7d4e37aa15e037310f6b45ff14a874311a582c673470a238929d8125dd,8d877b4c3b654a235066cdd49bf4c7e04e1b662c0cf44a17b54811ea50677e11,VALIDATED_EVIDENCE_BUNDLE,,,,,,,,,,,,,,,,,,,,,,,,UPDATE_SUBMITTED_ENFORCED,,False,NOT_REQUIRED_AUTOMATED_POLICY,False,,,,,,,,,,,,,C3_CONFIDENTIAL,3,,,,,,,,6f8a5214daf0d8d5188f7da84fe0931408bac9ce898d47d09d53366ef6cfe2b8,c068640bad122342de0e81050f313e88a0b5bf947d459a5df25df6b117f89be9,,,2026-08-23T17:18:04.591571+00:00,405174f37e52b27dfd697084fe54371f,,,,,a917f539e4df71b30fbdc5da6f79e07c43654452a0e264c604f56b26e04f70a6,c2c75750fb87a85c12415b94ba9f4ee01180175d883ffb3a95b1c171b00eca68,,,2026-08-22T18:54:49.586820+00:00,eb562985f77fc8a152d2d22d15bfd3f4695b107bdaa4c375fc5dde2be0f10805,active,,,17,ACCEPTED,ALL_BASELINE_CONTROLS,,,,True,True,True,True,True,False,4onrIk+QLOZsql8oj+SWPOZByrIXaTkiIyw1GJayaV4=,f507c97a2865c6d635d830351e1514c3a0b67628efa507febcb1586c2b118ed5,lhIS+WjWdu7nwVo2eeSh1fX8D+pCzpAo3q6D86Frg0w=,073792563c5c853edb66e0e3bf286c075649fdb78476be1d1b2bb84592948fcc,GhuxgQnis97cJQB4L/yFVQmMrjCww1Jg8VabuWyQoBQ=,29ac3bebc7d8bf95fc566b7fd18bb82a91593b8a3a0877f87ec4350551f94d53,,,,,,,,,,,,,,,,,eb1589e034f6e8d82ea35686e5dee245597444cdab490cb818dc18722152a6ff,audit_trails/artifacts/accepted_runtime_submissions/T3_XMK_CKKS_TADP_client_000_r17_f507c97a2865c6d6__eb1589e034f6e8d8.json,,,,,,,,,,,,,fda4b977264855621e1c71e85e228b4882583694619f9ae810ff985f00577041,831fdfbc99e08af9a030a002aa93ba32e659fb8c32af75b7f35eacf2cf7a94bf,,
474,da0062f36fb237f2bd75a17630278af9,9807b00ec9f05c0ed690f948a024469da45a3923628918d48e6175fa51233777,2026-08-22T17:56:49.818211+00:00,TADP-SEC/12.1,CLIENT_CIPHERTEXT_BINDING,T3_XMK_CKKS_TADP,,,,client_000,,,,,,,,,,,,,,,,,,,,,,,,,,,,,,,,,,,,,,,,CIPHERTEXT_BOUND_TO_SIGNED_UPDATE,,,,,,,,,,,,,,,,,C3_CONFIDENTIAL,3,,,,,,,,,,,,,405174f37e52b27dfd697084fe54371f,,,,,,,,,,,,,,17,VERIFIED,,,,,True,,,,,False,4onrIk+QLOZsql8oj+SWPOZByrIXaTkiIyw1GJayaV4=,f507c97a2865c6d635d830351e1514c3a0b67628efa507febcb1586c2b118ed5,lhIS+WjWdu7nwVo2eeSh1fX8D+pCzpAo3q6D86Frg0w=,d03d4918f0e0a926b9eb92afe6c136380d82ca4b3fa9cdc985c028398c82f1c3,GhuxgQnis97cJQB4L/yFVQmMrjCww1Jg8VabuWyQoBQ=,29ac3bebc7d8bf95fc566b7fd18bb82a91593b8a3a0877f87ec4350551f94d53,"T3: xMK submit share (round-level finalize), noise=0.000",reference_python,n=|logq=|scale=|scheme=alg_xmk_ckks,xmk_agg_pk:2c483293497644b3,,,,,,,,,7e7519ad44e5b9a4c12919e6b837dafe5f406fb6120d08facec72a78bc43e8ae,,79443e3a577835d36693ccca99ccc783efa89c8113d01c49847f11dfc3113f66,audit_trails/artifacts/ciphertext_attestations/T3_XMK_CKKS_TADP_client_000_r17_3954c80f51a326ad__79443e3a577835d3.json,,,,,,,,,,,,,,,831fdfbc99e08af9a030a002aa93ba32e659fb8c32af75b7f35eacf2cf7a94bf,f67cf9a6cb8618d7315072a5c5011ce4b0af1319be0a912daeb6138bce72a54a,,
475,b9bdd2302f1c9a0142afa59c278afd8d,9807b00ec9f05c0ed690f948a024469da45a3923628918d48e6175fa51233777,2026-08-22T17:56:57.306898+00:00,TADP-SEC/12.1,CLIENT_ACCEPTED_SUBMISSION,T3_XMK_CKKS_TADP,,,,client_000,,,,,,,,,,,2.3-phase1-fixed-threshold-critical-floor-review-profile,47dd2e58be138865a6d591a63329509757be6b563afb2badb96beb09eac726e5,a663ab753fcbe1179628a237bb638420356ea261176b970e3553fa59bfe7e9d6,1c154f7d4e37aa15e037310f6b45ff14a874311a582c673470a238929d8125dd,8d877b4c3b654a235066cdd49bf4c7e04e1b662c0cf44a17b54811ea50677e11,VALIDATED_EVIDENCE_BUNDLE,,,,,,,,,,,,,,,,,,,,,,,,UPDATE_SUBMITTED_ENFORCED,,False,NOT_REQUIRED_AUTOMATED_POLICY,False,,,,,,,,,,,,,C3_CONFIDENTIAL,3,,,,,,,,6f8a5214daf0d8d5188f7da84fe0931408bac9ce898d47d09d53366ef6cfe2b8,c068640bad122342de0e81050f313e88a0b5bf947d459a5df25df6b117f89be9,,,2026-08-23T17:18:04.591571+00:00,405174f37e52b27dfd697084fe54371f,,,,,a917f539e4df71b30fbdc5da6f79e07c43654452a0e264c604f56b26e04f70a6,c2c75750fb87a85c12415b94ba9f4ee01180175d883ffb3a95b1c171b00eca68,,,2026-08-22T18:54:49.586820+00:00,eb562985f77fc8a152d2d22d15bfd3f4695b107bdaa4c375fc5dde2be0f10805,active,,,18,ACCEPTED,ALL_BASELINE_CONTROLS,,,,True,True,True,True,True,False,FyKxQIJ16q+JersyQUIYLxBM9dAd/sPCugnYvo+FJ+0=,4b828884c6ab45247c6e3dd383ecb49b87a59c7261df0fcd5c62a8d975c18b33,lhIS+WjWdu7nwVo2eeSh1fX8D+pCzpAo3q6D86Frg0w=,a94611faf5e7370bdc13a3f7a89859d960313151e94ccd37ec916ee20685cb30,0DRNDxU8FSRu9JwkfCd/UtzDOfxNYsVjIgTv81ffb0E=,29ac3bebc7d8bf95fc566b7fd18bb82a91593b8a3a0877f87ec4350551f94d53,,,,,,,,,,,,,,,,,4fcb3e90b8fd9468fa11fdd77ec43d5090c08f6fdd6b1f7838e0d3de76498934,audit_trails/artifacts/accepted_runtime_submissions/T3_XMK_CKKS_TADP_client_000_r18_4b828884c6ab4524__4fcb3e90b8fd9468.json,,,,,,,,,,,,,f67cf9a6cb8618d7315072a5c5011ce4b0af1319be0a912daeb6138bce72a54a,391a292c5728d8c1af492538bc62533917c0a76bbbe9f9daf6fea7cd73e72151,,
476,44ec8f7acb109814916e18e3d7d9cae7,9807b00ec9f05c0ed690f948a024469da45a3923628918d48e6175fa51233777,2026-08-22T17:56:57.721528+00:00,TADP-SEC/12.1,CLIENT_CIPHERTEXT_BINDING,T3_XMK_CKKS_TADP,,,,client_000,,,,,,,,,,,,,,,,,,,,,,,,,,,,,,,,,,,,,,,,CIPHERTEXT_BOUND_TO_SIGNED_UPDATE,,,,,,,,,,,,,,,,,C3_CONFIDENTIAL,3,,,,,,,,,,,,,405174f37e52b27dfd697084fe54371f,,,,,,,,,,,,,,18,VERIFIED,,,,,True,,,,,False,FyKxQIJ16q+JersyQUIYLxBM9dAd/sPCugnYvo+FJ+0=,4b828884c6ab45247c6e3dd383ecb49b87a59c7261df0fcd5c62a8d975c18b33,lhIS+WjWdu7nwVo2eeSh1fX8D+pCzpAo3q6D86Frg0w=,89232fcd33eab36bdbc3cb4e2030372a837e4b9d86d2c676d20ac0066aec8276,0DRNDxU8FSRu9JwkfCd/UtzDOfxNYsVjIgTv81ffb0E=,29ac3bebc7d8bf95fc566b7fd18bb82a91593b8a3a0877f87ec4350551f94d53,"T3: xMK submit share (round-level finalize), noise=0.000",reference_python,n=|logq=|scale=|scheme=alg_xmk_ckks,xmk_agg_pk:2c483293497644b3,,,,,,,,,4827f858263fca7d20994cb2a8b2e655a1f97ce8397ba8a81dad6f6b15b819bd,,7b8717ca4a3ce76908dfe4fc9fec75a5a9052188fc624f9d80b3c3e15948c286,audit_trails/artifacts/ciphertext_attestations/T3_XMK_CKKS_TADP_client_000_r18_28ba6eb51abc3c58__7b8717ca4a3ce769.json,,,,,,,,,,,,,,,391a292c5728d8c1af492538bc62533917c0a76bbbe9f9daf6fea7cd73e72151,9ce8d991504f9cd05be12d2fea74575fed403e453016a8524b7582be08a9b554,,
477,8b3a996d0e1732b5c48a074219f6a1fb,9807b00ec9f05c0ed690f948a024469da45a3923628918d48e6175fa51233777,2026-08-22T17:57:04.168881+00:00,TADP-SEC/12.1,CLIENT_ACCEPTED_SUBMISSION,T3_XMK_CKKS_TADP,,,,client_000,,,,,,,,,,,2.3-phase1-fixed-threshold-critical-floor-review-profile,47dd2e58be138865a6d591a63329509757be6b563afb2badb96beb09eac726e5,a663ab753fcbe1179628a237bb638420356ea261176b970e3553fa59bfe7e9d6,1c154f7d4e37aa15e037310f6b45ff14a874311a582c673470a238929d8125dd,8d877b4c3b654a235066cdd49bf4c7e04e1b662c0cf44a17b54811ea50677e11,VALIDATED_EVIDENCE_BUNDLE,,,,,,,,,,,,,,,,,,,,,,,,UPDATE_SUBMITTED_ENFORCED,,False,NOT_REQUIRED_AUTOMATED_POLICY,False,,,,,,,,,,,,,C3_CONFIDENTIAL,3,,,,,,,,6f8a5214daf0d8d5188f7da84fe0931408bac9ce898d47d09d53366ef6cfe2b8,c068640bad122342de0e81050f313e88a0b5bf947d459a5df25df6b117f89be9,,,2026-08-23T17:18:04.591571+00:00,405174f37e52b27dfd697084fe54371f,,,,,a917f539e4df71b30fbdc5da6f79e07c43654452a0e264c604f56b26e04f70a6,c2c75750fb87a85c12415b94ba9f4ee01180175d883ffb3a95b1c171b00eca68,,,2026-08-22T18:54:49.586820+00:00,eb562985f77fc8a152d2d22d15bfd3f4695b107bdaa4c375fc5dde2be0f10805,active,,,19,ACCEPTED,ALL_BASELINE_CONTROLS,,,,True,True,True,True,True,False,D8z42z5B+KYS2NBhZh4FIluyoOrLwn5yxdA2NnG8vE0=,8ea9d7a1344a7febd89e12752814fe9fa41b9d77bf3fa99f6ce4359761a98f10,lhIS+WjWdu7nwVo2eeSh1fX8D+pCzpAo3q6D86Frg0w=,0874ab0a7daa62ee69c086c05e5110ad7d55f2e5e39497000e9ba1aaddc0f5e6,FmYRvieBgNa+5sLzayecstdmv4NCU7YbKFQGcwdtX/k=,29ac3bebc7d8bf95fc566b7fd18bb82a91593b8a3a0877f87ec4350551f94d53,,,,,,,,,,,,,,,,,0f70fc305f336b83e830ed907e7951e541340d21f00b611a6e7b3b5ad85d41e1,audit_trails/artifacts/accepted_runtime_submissions/T3_XMK_CKKS_TADP_client_000_r19_8ea9d7a1344a7feb__0f70fc305f336b83.json,,,,,,,,,,,,,9ce8d991504f9cd05be12d2fea74575fed403e453016a8524b7582be08a9b554,c0d2bf0d3f199e56a29094e1cbb02bf2fad6fa9b01a377bb8116bfd483f32fa9,,
478,0bd81cad34663aa4922ebd9291d8d1ab,9807b00ec9f05c0ed690f948a024469da45a3923628918d48e6175fa51233777,2026-08-22T17:57:04.501861+00:00,TADP-SEC/12.1,CLIENT_CIPHERTEXT_BINDING,T3_XMK_CKKS_TADP,,,,client_000,,,,,,,,,,,,,,,,,,,,,,,,,,,,,,,,,,,,,,,,CIPHERTEXT_BOUND_TO_SIGNED_UPDATE,,,,,,,,,,,,,,,,,C3_CONFIDENTIAL,3,,,,,,,,,,,,,405174f37e52b27dfd697084fe54371f,,,,,,,,,,,,,,19,VERIFIED,,,,,True,,,,,False,D8z42z5B+KYS2NBhZh4FIluyoOrLwn5yxdA2NnG8vE0=,8ea9d7a1344a7febd89e12752814fe9fa41b9d77bf3fa99f6ce4359761a98f10,lhIS+WjWdu7nwVo2eeSh1fX8D+pCzpAo3q6D86Frg0w=,cb4df9c5e1e914c4fd09eb09f037e6d592849e0c2c1fb05609eb8aecdd0c88e8,FmYRvieBgNa+5sLzayecstdmv4NCU7YbKFQGcwdtX/k=,29ac3bebc7d8bf95fc566b7fd18bb82a91593b8a3a0877f87ec4350551f94d53,"T3: xMK submit share (round-level finalize), noise=0.000",reference_python,n=|logq=|scale=|scheme=alg_xmk_ckks,xmk_agg_pk:2c483293497644b3,,,,,,,,,ea6e13c708ff05876ebaf242309d5508710c3975b3a121a226290184289ecc5a,,285eba9a37c43f9425ee0cb2ad957308cd2c74d76cfa127cb358b6b0c732b0db,audit_trails/artifacts/ciphertext_attestations/T3_XMK_CKKS_TADP_client_000_r19_d9879db091ab19ab__285eba9a37c43f94.json,,,,,,,,,,,,,,,c0d2bf0d3f199e56a29094e1cbb02bf2fad6fa9b01a377bb8116bfd483f32fa9,6b74cc2082875bf2feb2ab96f062cc05de139bd91c273a347b2e533fe00ff362,,
479,064e79ddb412114e65c6cce7ca1aa5a3,9807b00ec9f05c0ed690f948a024469da45a3923628918d48e6175fa51233777,2026-08-22T17:57:11.999475+00:00,TADP-SEC/12.1,CLIENT_ACCEPTED_SUBMISSION,T3_XMK_CKKS_TADP,,,,client_000,,,,,,,,,,,2.3-phase1-fixed-threshold-critical-floor-review-profile,47dd2e58be138865a6d591a63329509757be6b563afb2badb96beb09eac726e5,a663ab753fcbe1179628a237bb638420356ea261176b970e3553fa59bfe7e9d6,1c154f7d4e37aa15e037310f6b45ff14a874311a582c673470a238929d8125dd,8d877b4c3b654a235066cdd49bf4c7e04e1b662c0cf44a17b54811ea50677e11,VALIDATED_EVIDENCE_BUNDLE,,,,,,,,,,,,,,,,,,,,,,,,UPDATE_SUBMITTED_ENFORCED,,False,NOT_REQUIRED_AUTOMATED_POLICY,False,,,,,,,,,,,,,C3_CONFIDENTIAL,3,,,,,,,,6f8a5214daf0d8d5188f7da84fe0931408bac9ce898d47d09d53366ef6cfe2b8,c068640bad122342de0e81050f313e88a0b5bf947d459a5df25df6b117f89be9,,,2026-08-23T17:18:04.591571+00:00,405174f37e52b27dfd697084fe54371f,,,,,a917f539e4df71b30fbdc5da6f79e07c43654452a0e264c604f56b26e04f70a6,c2c75750fb87a85c12415b94ba9f4ee01180175d883ffb3a95b1c171b00eca68,,,2026-08-22T18:54:49.586820+00:00,eb562985f77fc8a152d2d22d15bfd3f4695b107bdaa4c375fc5dde2be0f10805,active,,,20,ACCEPTED,ALL_BASELINE_CONTROLS,,,,True,True,True,True,True,False,0F8CVwSYdm/6GeSyjdpnpqN5lRl2kGtVmyIPi3Rh5eU=,90c6bdea5aca766e5342c2ea438fa94930fedd8669cbdd8d363680dd63c5c86a,lhIS+WjWdu7nwVo2eeSh1fX8D+pCzpAo3q6D86Frg0w=,2e2785d0606677737d87b893754a2aa9ec1fe6fd26f6c46da07f4ef0c2590c27,80qrBRZbWxz7W3KRpxBACMIab1x1dJRJLWGGwu2QtJQ=,29ac3bebc7d8bf95fc566b7fd18bb82a91593b8a3a0877f87ec4350551f94d53,,,,,,,,,,,,,,,,,92504941907bea8a73636d533fde622c33290c1aef0bd6d79ce7e6d5d58679ec,audit_trails/artifacts/accepted_runtime_submissions/T3_XMK_CKKS_TADP_client_000_r20_90c6bdea5aca766e__92504941907bea8a.json,,,,,,,,,,,,,6b74cc2082875bf2feb2ab96f062cc05de139bd91c273a347b2e533fe00ff362,e3710585f313bc0a9e3eb23de142e3dd06cbe7d827cac4225b90e9227dbf5ddf,,
480,7b6248d31ce99c2f1c1155399d1c122e,9807b00ec9f05c0ed690f948a024469da45a3923628918d48e6175fa51233777,2026-08-22T17:57:12.326785+00:00,TADP-SEC/12.1,CLIENT_CIPHERTEXT_BINDING,T3_XMK_CKKS_TADP,,,,client_000,,,,,,,,,,,,,,,,,,,,,,,,,,,,,,,,,,,,,,,,CIPHERTEXT_BOUND_TO_SIGNED_UPDATE,,,,,,,,,,,,,,,,,C3_CONFIDENTIAL,3,,,,,,,,,,,,,405174f37e52b27dfd697084fe54371f,,,,,,,,,,,,,,20,VERIFIED,,,,,True,,,,,False,0F8CVwSYdm/6GeSyjdpnpqN5lRl2kGtVmyIPi3Rh5eU=,90c6bdea5aca766e5342c2ea438fa94930fedd8669cbdd8d363680dd63c5c86a,lhIS+WjWdu7nwVo2eeSh1fX8D+pCzpAo3q6D86Frg0w=,d55469ccf874f6bcd6fed30190a9b96e97a2602c1aba16bf18ee2764a5baf96a,80qrBRZbWxz7W3KRpxBACMIab1x1dJRJLWGGwu2QtJQ=,29ac3bebc7d8bf95fc566b7fd18bb82a91593b8a3a0877f87ec4350551f94d53,"T3: xMK submit share (round-level finalize), noise=0.000",reference_python,n=|logq=|scale=|scheme=alg_xmk_ckks,xmk_agg_pk:2c483293497644b3,,,,,,,,,a60d798b0c14ccb30d491f612dd3b4bbb94524d96eebdaef79fd4f95f75863ed,,ed910ceb7f6a781646b29ff4dfc4c00d20ad5c3eb485fe23a58c62afda2d0ec5,audit_trails/artifacts/ciphertext_attestations/T3_XMK_CKKS_TADP_client_000_r20_73a919647f4896d3__ed910ceb7f6a7816.json,,,,,,,,,,,,,,,e3710585f313bc0a9e3eb23de142e3dd06cbe7d827cac4225b90e9227dbf5ddf,069474885203c7e9fbf67734cea88ba0371893d066349e0a98bf89b16e163e19,,
481,4b7829e5a3e3e85e397a43ad588f845d,9807b00ec9f05c0ed690f948a024469da45a3923628918d48e6175fa51233777,2026-08-22T17:57:20.797283+00:00,TADP-SEC/12.1,CLIENT_ACCEPTED_SUBMISSION,T3_XMK_CKKS_TADP,,,,client_000,,,,,,,,,,,2.3-phase1-fixed-threshold-critical-floor-review-profile,47dd2e58be138865a6d591a63329509757be6b563afb2badb96beb09eac726e5,a663ab753fcbe1179628a237bb638420356ea261176b970e3553fa59bfe7e9d6,1c154f7d4e37aa15e037310f6b45ff14a874311a582c673470a238929d8125dd,8d877b4c3b654a235066cdd49bf4c7e04e1b662c0cf44a17b54811ea50677e11,VALIDATED_EVIDENCE_BUNDLE,,,,,,,,,,,,,,,,,,,,,,,,UPDATE_SUBMITTED_ENFORCED,,False,NOT_REQUIRED_AUTOMATED_POLICY,False,,,,,,,,,,,,,C3_CONFIDENTIAL,3,,,,,,,,6f8a5214daf0d8d5188f7da84fe0931408bac9ce898d47d09d53366ef6cfe2b8,c068640bad122342de0e81050f313e88a0b5bf947d459a5df25df6b117f89be9,,,2026-08-23T17:18:04.591571+00:00,d7bbcc955605cabbad5e2409dd613feb,,,,,c4cb05689fe809929a03616b66635699a1becd3aea79417417cc4276e540857d,a025986a7ba5f6515a0ed3bf5a3f7349816e8a132b0acf16b19c8a1f0ca9d824,,,2026-08-22T18:57:18.800433+00:00,eb562985f77fc8a152d2d22d15bfd3f4695b107bdaa4c375fc5dde2be0f10805,active,,,1,ACCEPTED,ALL_BASELINE_CONTROLS,,,,True,True,True,True,True,False,u3lW2Dyi/u3uh3/jWL2Hnp0msKp+wF4qn6SOF6cpczQ=,1ced56fe89630b7120244915f0e6f103bdb4a729c12b0d939a6f08067917a7e3,lhIS+WjWdu7nwVo2eeSh1fX8D+pCzpAo3q6D86Frg0w=,02ae8dd5549d48e4942fcaad8570d0a5417664164b12193d213e40f894b2ff91,J4sOB/Y7dVuwEgnc1teKWGSyDpb9hskfB4LG3tudQWg=,29ac3bebc7d8bf95fc566b7fd18bb82a91593b8a3a0877f87ec4350551f94d53,,,,,,,,,,,,,,,,,bd458727c86698d5b941c885eccda0ed0952eacc9732a8df2b6fad6b788af5e2,audit_trails/artifacts/accepted_runtime_submissions/T3_XMK_CKKS_TADP_client_000_r1_1ced56fe89630b71__bd458727c86698d5.json,,,,,,,,,,,,,069474885203c7e9fbf67734cea88ba0371893d066349e0a98bf89b16e163e19,830106332582af0d59ce31a911d2845b05536842d3810dab6b961b704e9afb96,,
482,2389b254a5da24e8f14a6510f1a2c017,9807b00ec9f05c0ed690f948a024469da45a3923628918d48e6175fa51233777,2026-08-22T17:57:21.164002+00:00,TADP-SEC/12.1,CLIENT_CIPHERTEXT_BINDING,T3_XMK_CKKS_TADP,,,,client_000,,,,,,,,,,,,,,,,,,,,,,,,,,,,,,,,,,,,,,,,CIPHERTEXT_BOUND_TO_SIGNED_UPDATE,,,,,,,,,,,,,,,,,C3_CONFIDENTIAL,3,,,,,,,,,,,,,d7bbcc955605cabbad5e2409dd613feb,,,,,,,,,,,,,,1,VERIFIED,,,,,True,,,,,False,u3lW2Dyi/u3uh3/jWL2Hnp0msKp+wF4qn6SOF6cpczQ=,1ced56fe89630b7120244915f0e6f103bdb4a729c12b0d939a6f08067917a7e3,lhIS+WjWdu7nwVo2eeSh1fX8D+pCzpAo3q6D86Frg0w=,1499abe8f355d52083707d91fa10e682f0d3745e97fc324364fdc6943ca2df93,J4sOB/Y7dVuwEgnc1teKWGSyDpb9hskfB4LG3tudQWg=,29ac3bebc7d8bf95fc566b7fd18bb82a91593b8a3a0877f87ec4350551f94d53,"T3: xMK submit share (round-level finalize), noise=0.000",reference_python,n=|logq=|scale=|scheme=alg_xmk_ckks,xmk_agg_pk:2c483293497644b3,,,,,,,,,5a67640ffb484e75aa0e3ed5accb0240478c19769912659bd46a8eabbf81028b,,22b22dfe7352d46e5cca41791c38018bea8f17f989e34ce184896959e13799dc,audit_trails/artifacts/ciphertext_attestations/T3_XMK_CKKS_TADP_client_000_r1_585ea3b08ee79bce__22b22dfe7352d46e.json,,,,,,,,,,,,,,,830106332582af0d59ce31a911d2845b05536842d3810dab6b961b704e9afb96,afaeac38ae287744a03b10893df2b40d904cea49e6de361984c946d11007f12f,,
483,7cc37279bb0496b80b01f5398e40a246,9807b00ec9f05c0ed690f948a024469da45a3923628918d48e6175fa51233777,2026-08-22T17:57:28.592929+00:00,TADP-SEC/12.1,CLIENT_ACCEPTED_SUBMISSION,T3_XMK_CKKS_TADP,,,,client_000,,,,,,,,,,,2.3-phase1-fixed-threshold-critical-floor-review-profile,47dd2e58be138865a6d591a63329509757be6b563afb2badb96beb09eac726e5,a663ab753fcbe1179628a237bb638420356ea261176b970e3553fa59bfe7e9d6,1c154f7d4e37aa15e037310f6b45ff14a874311a582c673470a238929d8125dd,8d877b4c3b654a235066cdd49bf4c7e04e1b662c0cf44a17b54811ea50677e11,VALIDATED_EVIDENCE_BUNDLE,,,,,,,,,,,,,,,,,,,,,,,,UPDATE_SUBMITTED_ENFORCED,,False,NOT_REQUIRED_AUTOMATED_POLICY,False,,,,,,,,,,,,,C3_CONFIDENTIAL,3,,,,,,,,6f8a5214daf0d8d5188f7da84fe0931408bac9ce898d47d09d53366ef6cfe2b8,c068640bad122342de0e81050f313e88a0b5bf947d459a5df25df6b117f89be9,,,2026-08-23T17:18:04.591571+00:00,d7bbcc955605cabbad5e2409dd613feb,,,,,c4cb05689fe809929a03616b66635699a1becd3aea79417417cc4276e540857d,a025986a7ba5f6515a0ed3bf5a3f7349816e8a132b0acf16b19c8a1f0ca9d824,,,2026-08-22T18:57:18.800433+00:00,eb562985f77fc8a152d2d22d15bfd3f4695b107bdaa4c375fc5dde2be0f10805,active,,,2,ACCEPTED,ALL_BASELINE_CONTROLS,,,,True,True,True,True,True,False,rLXU0QRJnHvykxrQqnUJdEsh9bunQ1hfS4Suo0P1AUo=,34850fa9b3af6583982fc01363369d8aefed0a8494ca2fd687fe58e8d361965a,lhIS+WjWdu7nwVo2eeSh1fX8D+pCzpAo3q6D86Frg0w=,62511810ee17e5457f93249b734b8cd1d6abea14d9bca92069284cec34083a7a,V7gzFjsD/8SRjPmjwtIGOnloam6DVpZmsLigws+jgCg=,29ac3bebc7d8bf95fc566b7fd18bb82a91593b8a3a0877f87ec4350551f94d53,,,,,,,,,,,,,,,,,6dffc363ec9dbcd254e4e3c7e5cf94516a3e6fff46ce2010e2332d22f3202980,audit_trails/artifacts/accepted_runtime_submissions/T3_XMK_CKKS_TADP_client_000_r2_34850fa9b3af6583__6dffc363ec9dbcd2.json,,,,,,,,,,,,,afaeac38ae287744a03b10893df2b40d904cea49e6de361984c946d11007f12f,c270c54a2d1c4ed932bf5f1fcef1451a9173abf65eda81bff1ebfeba197440d4,,
484,e1b50f72f2537483a41b3b99d8132314,9807b00ec9f05c0ed690f948a024469da45a3923628918d48e6175fa51233777,2026-08-22T17:57:28.940660+00:00,TADP-SEC/12.1,CLIENT_CIPHERTEXT_BINDING,T3_XMK_CKKS_TADP,,,,client_000,,,,,,,,,,,,,,,,,,,,,,,,,,,,,,,,,,,,,,,,CIPHERTEXT_BOUND_TO_SIGNED_UPDATE,,,,,,,,,,,,,,,,,C3_CONFIDENTIAL,3,,,,,,,,,,,,,d7bbcc955605cabbad5e2409dd613feb,,,,,,,,,,,,,,2,VERIFIED,,,,,True,,,,,False,rLXU0QRJnHvykxrQqnUJdEsh9bunQ1hfS4Suo0P1AUo=,34850fa9b3af6583982fc01363369d8aefed0a8494ca2fd687fe58e8d361965a,lhIS+WjWdu7nwVo2eeSh1fX8D+pCzpAo3q6D86Frg0w=,7e50d23c238f276ff4d663060cdbfea1dd28f51f64de311929aa6a577ad90cad,V7gzFjsD/8SRjPmjwtIGOnloam6DVpZmsLigws+jgCg=,29ac3bebc7d8bf95fc566b7fd18bb82a91593b8a3a0877f87ec4350551f94d53,"T3: xMK submit share (round-level finalize), noise=0.000",reference_python,n=|logq=|scale=|scheme=alg_xmk_ckks,xmk_agg_pk:2c483293497644b3,,,,,,,,,3b88e934e4df051384603d137f2ea5f246d4c1e257b56c0dac0153752517637b,,18ea883e075b1649b0ba40d1bdb15b81c09e9a3b977a25e972fe7938c8d84ad0,audit_trails/artifacts/ciphertext_attestations/T3_XMK_CKKS_TADP_client_000_r2_c81ca02e64a160f6__18ea883e075b1649.json,,,,,,,,,,,,,,,c270c54a2d1c4ed932bf5f1fcef1451a9173abf65eda81bff1ebfeba197440d4,d2a0aef4a2bd59a69ce41fbb666c77bbfa8d8355b346491ac77538ef2c583f8e,,
485,1f130ff17936b39b74fc022572d6216b,9807b00ec9f05c0ed690f948a024469da45a3923628918d48e6175fa51233777,2026-08-22T17:57:35.620849+00:00,TADP-SEC/12.1,CLIENT_ACCEPTED_SUBMISSION,T3_XMK_CKKS_TADP,,,,client_000,,,,,,,,,,,2.3-phase1-fixed-threshold-critical-floor-review-profile,47dd2e58be138865a6d591a63329509757be6b563afb2badb96beb09eac726e5,a663ab753fcbe1179628a237bb638420356ea261176b970e3553fa59bfe7e9d6,1c154f7d4e37aa15e037310f6b45ff14a874311a582c673470a238929d8125dd,8d877b4c3b654a235066cdd49bf4c7e04e1b662c0cf44a17b54811ea50677e11,VALIDATED_EVIDENCE_BUNDLE,,,,,,,,,,,,,,,,,,,,,,,,UPDATE_SUBMITTED_ENFORCED,,False,NOT_REQUIRED_AUTOMATED_POLICY,False,,,,,,,,,,,,,C3_CONFIDENTIAL,3,,,,,,,,6f8a5214daf0d8d5188f7da84fe0931408bac9ce898d47d09d53366ef6cfe2b8,c068640bad122342de0e81050f313e88a0b5bf947d459a5df25df6b117f89be9,,,2026-08-23T17:18:04.591571+00:00,d7bbcc955605cabbad5e2409dd613feb,,,,,c4cb05689fe809929a03616b66635699a1becd3aea79417417cc4276e540857d,a025986a7ba5f6515a0ed3bf5a3f7349816e8a132b0acf16b19c8a1f0ca9d824,,,2026-08-22T18:57:18.800433+00:00,eb562985f77fc8a152d2d22d15bfd3f4695b107bdaa4c375fc5dde2be0f10805,active,,,3,ACCEPTED,ALL_BASELINE_CONTROLS,,,,True,True,True,True,True,False,8rEL6AMHJWZuuPUI+KHe3UhWX2VP6wepTl4JEZKV10s=,f0eda618633940183f17cff92db88995875d2fe346f665c472a192ec332509cc,lhIS+WjWdu7nwVo2eeSh1fX8D+pCzpAo3q6D86Frg0w=,fdfe1a727e6a58d08cec0d1d4fc485ee33344e7296597531153c969814bc104c,QqPx9YaeZX7qwLjpVzGFYe39La2tqMInp0w3dldRZ9M=,29ac3bebc7d8bf95fc566b7fd18bb82a91593b8a3a0877f87ec4350551f94d53,,,,,,,,,,,,,,,,,22ac34d99301c0d92dfd5a6f25c2d3ae879ca604d7fb030667a7f668152a3958,audit_trails/artifacts/accepted_runtime_submissions/T3_XMK_CKKS_TADP_client_000_r3_f0eda61863394018__22ac34d99301c0d9.json,,,,,,,,,,,,,d2a0aef4a2bd59a69ce41fbb666c77bbfa8d8355b346491ac77538ef2c583f8e,bc6123079bb16ff62e25166f1fab8113378f204618e17efda2f5c46b9cca1c1e,,
486,f658b097972c4b72f9d9b2680c67dc52,9807b00ec9f05c0ed690f948a024469da45a3923628918d48e6175fa51233777,2026-08-22T17:57:36.090392+00:00,TADP-SEC/12.1,CLIENT_CIPHERTEXT_BINDING,T3_XMK_CKKS_TADP,,,,client_000,,,,,,,,,,,,,,,,,,,,,,,,,,,,,,,,,,,,,,,,CIPHERTEXT_BOUND_TO_SIGNED_UPDATE,,,,,,,,,,,,,,,,,C3_CONFIDENTIAL,3,,,,,,,,,,,,,d7bbcc955605cabbad5e2409dd613feb,,,,,,,,,,,,,,3,VERIFIED,,,,,True,,,,,False,8rEL6AMHJWZuuPUI+KHe3UhWX2VP6wepTl4JEZKV10s=,f0eda618633940183f17cff92db88995875d2fe346f665c472a192ec332509cc,lhIS+WjWdu7nwVo2eeSh1fX8D+pCzpAo3q6D86Frg0w=,ada0af8918acdf0fafb5eb7c193f44998e6e6762c7608d7bc4519c353c838723,QqPx9YaeZX7qwLjpVzGFYe39La2tqMInp0w3dldRZ9M=,29ac3bebc7d8bf95fc566b7fd18bb82a91593b8a3a0877f87ec4350551f94d53,"T3: xMK submit share (round-level finalize), noise=0.000",reference_python,n=|logq=|scale=|scheme=alg_xmk_ckks,xmk_agg_pk:2c483293497644b3,,,,,,,,,830964e3911f751ac977abf4754cd035ce3d94c04b9d4d9527221eb50a00dc96,,5657f2b5654ef861f508592dc2165114c5ab3872b1dc24cebc58982cf82161b0,audit_trails/artifacts/ciphertext_attestations/T3_XMK_CKKS_TADP_client_000_r3_b155f05b89f344a8__5657f2b5654ef861.json,,,,,,,,,,,,,,,bc6123079bb16ff62e25166f1fab8113378f204618e17efda2f5c46b9cca1c1e,e70e68f8a17c6daa450e7a6feb00edb1bab398033e191e5abdf1b6b8660462c0,,
487,b75131548dae10c267f1d0c311d7aa9b,9807b00ec9f05c0ed690f948a024469da45a3923628918d48e6175fa51233777,2026-08-22T17:57:43.169208+00:00,TADP-SEC/12.1,CLIENT_ACCEPTED_SUBMISSION,T3_XMK_CKKS_TADP,,,,client_000,,,,,,,,,,,2.3-phase1-fixed-threshold-critical-floor-review-profile,47dd2e58be138865a6d591a63329509757be6b563afb2badb96beb09eac726e5,a663ab753fcbe1179628a237bb638420356ea261176b970e3553fa59bfe7e9d6,1c154f7d4e37aa15e037310f6b45ff14a874311a582c673470a238929d8125dd,8d877b4c3b654a235066cdd49bf4c7e04e1b662c0cf44a17b54811ea50677e11,VALIDATED_EVIDENCE_BUNDLE,,,,,,,,,,,,,,,,,,,,,,,,UPDATE_SUBMITTED_ENFORCED,,False,NOT_REQUIRED_AUTOMATED_POLICY,False,,,,,,,,,,,,,C3_CONFIDENTIAL,3,,,,,,,,6f8a5214daf0d8d5188f7da84fe0931408bac9ce898d47d09d53366ef6cfe2b8,c068640bad122342de0e81050f313e88a0b5bf947d459a5df25df6b117f89be9,,,2026-08-23T17:18:04.591571+00:00,d7bbcc955605cabbad5e2409dd613feb,,,,,c4cb05689fe809929a03616b66635699a1becd3aea79417417cc4276e540857d,a025986a7ba5f6515a0ed3bf5a3f7349816e8a132b0acf16b19c8a1f0ca9d824,,,2026-08-22T18:57:18.800433+00:00,eb562985f77fc8a152d2d22d15bfd3f4695b107bdaa4c375fc5dde2be0f10805,active,,,4,ACCEPTED,ALL_BASELINE_CONTROLS,,,,True,True,True,True,True,False,bcGgjsc145q//mYGLoKUUFP+7Rq9klQc/mvheHJy9o0=,f05b0c8e71a7d57a42aa468ef21f78018264790a9a2e4d9793296aa8f07dd784,lhIS+WjWdu7nwVo2eeSh1fX8D+pCzpAo3q6D86Frg0w=,3c8eb844718f8119bf6bfb1feda7e7bf29470595a15aa7386be2a91f38011744,KtfacoFXm9SyZwlHJv6KzLY8ovwf0+MIKwd0qB8NbYo=,29ac3bebc7d8bf95fc566b7fd18bb82a91593b8a3a0877f87ec4350551f94d53,,,,,,,,,,,,,,,,,8d10e8c9250fa6d1a27c4d63fc2ca87cca5b954dac52980547f385db10c75ead,audit_trails/artifacts/accepted_runtime_submissions/T3_XMK_CKKS_TADP_client_000_r4_f05b0c8e71a7d57a__8d10e8c9250fa6d1.json,,,,,,,,,,,,,e70e68f8a17c6daa450e7a6feb00edb1bab398033e191e5abdf1b6b8660462c0,171942e846364dd26900fec0f92478af403fa47e915ef52e66b4bc2c20b169c5,,
488,4f6735a7a7dcf3d0ef235c55a73a698f,9807b00ec9f05c0ed690f948a024469da45a3923628918d48e6175fa51233777,2026-08-22T17:57:43.501487+00:00,TADP-SEC/12.1,CLIENT_CIPHERTEXT_BINDING,T3_XMK_CKKS_TADP,,,,client_000,,,,,,,,,,,,,,,,,,,,,,,,,,,,,,,,,,,,,,,,CIPHERTEXT_BOUND_TO_SIGNED_UPDATE,,,,,,,,,,,,,,,,,C3_CONFIDENTIAL,3,,,,,,,,,,,,,d7bbcc955605cabbad5e2409dd613feb,,,,,,,,,,,,,,4,VERIFIED,,,,,True,,,,,False,bcGgjsc145q//mYGLoKUUFP+7Rq9klQc/mvheHJy9o0=,f05b0c8e71a7d57a42aa468ef21f78018264790a9a2e4d9793296aa8f07dd784,lhIS+WjWdu7nwVo2eeSh1fX8D+pCzpAo3q6D86Frg0w=,e8d7c4dc8196f083fb6ff52d036b5acef7027199d0989e3f621d1d41731be5a8,KtfacoFXm9SyZwlHJv6KzLY8ovwf0+MIKwd0qB8NbYo=,29ac3bebc7d8bf95fc566b7fd18bb82a91593b8a3a0877f87ec4350551f94d53,"T3: xMK submit share (round-level finalize), noise=0.000",reference_python,n=|logq=|scale=|scheme=alg_xmk_ckks,xmk_agg_pk:2c483293497644b3,,,,,,,,,22f82ce84fee7187355c833969d24201f5883ba84b311d8766212541605e630a,,548188b652f748a97da89cfad23ee36131f1a691e27087d3232334cf79a0c8b5,audit_trails/artifacts/ciphertext_attestations/T3_XMK_CKKS_TADP_client_000_r4_10ef18c340b6b1a4__548188b652f748a9.json,,,,,,,,,,,,,,,171942e846364dd26900fec0f92478af403fa47e915ef52e66b4bc2c20b169c5,811ad2388dad2480eb3276c3014f366ae127618e0b167cbbd277df4b49e02712,,
489,146a3ef2b7132542f0a36378b9656fa2,9807b00ec9f05c0ed690f948a024469da45a3923628918d48e6175fa51233777,2026-08-22T17:57:50.573490+00:00,TADP-SEC/12.1,CLIENT_ACCEPTED_SUBMISSION,T3_XMK_CKKS_TADP,,,,client_000,,,,,,,,,,,2.3-phase1-fixed-threshold-critical-floor-review-profile,47dd2e58be138865a6d591a63329509757be6b563afb2badb96beb09eac726e5,a663ab753fcbe1179628a237bb638420356ea261176b970e3553fa59bfe7e9d6,1c154f7d4e37aa15e037310f6b45ff14a874311a582c673470a238929d8125dd,8d877b4c3b654a235066cdd49bf4c7e04e1b662c0cf44a17b54811ea50677e11,VALIDATED_EVIDENCE_BUNDLE,,,,,,,,,,,,,,,,,,,,,,,,UPDATE_SUBMITTED_ENFORCED,,False,NOT_REQUIRED_AUTOMATED_POLICY,False,,,,,,,,,,,,,C3_CONFIDENTIAL,3,,,,,,,,6f8a5214daf0d8d5188f7da84fe0931408bac9ce898d47d09d53366ef6cfe2b8,c068640bad122342de0e81050f313e88a0b5bf947d459a5df25df6b117f89be9,,,2026-08-23T17:18:04.591571+00:00,d7bbcc955605cabbad5e2409dd613feb,,,,,c4cb05689fe809929a03616b66635699a1becd3aea79417417cc4276e540857d,a025986a7ba5f6515a0ed3bf5a3f7349816e8a132b0acf16b19c8a1f0ca9d824,,,2026-08-22T18:57:18.800433+00:00,eb562985f77fc8a152d2d22d15bfd3f4695b107bdaa4c375fc5dde2be0f10805,active,,,5,ACCEPTED,ALL_BASELINE_CONTROLS,,,,True,True,True,True,True,False,fbR81iTVqdvGOElpHqd5h4AT1XEIxqIwFWBYHPEpqoc=,fbb9f3abf740c6afd50f17fe4d5ccfd658a9fe1568a3176c685627435563b15c,lhIS+WjWdu7nwVo2eeSh1fX8D+pCzpAo3q6D86Frg0w=,e892dbc4eab379f598b622db4e92696944edb77f28f570ec07b24c2604e300e6,wJVSCV/OJGcqlC5kAjPyClMCsrpz9v8Hc5qGuWU/ieA=,29ac3bebc7d8bf95fc566b7fd18bb82a91593b8a3a0877f87ec4350551f94d53,,,,,,,,,,,,,,,,,e2727a5b0f42a32e0f295c367fc7cff344a2dcd5e00fa02195337a3f0af8fd28,audit_trails/artifacts/accepted_runtime_submissions/T3_XMK_CKKS_TADP_client_000_r5_fbb9f3abf740c6af__e2727a5b0f42a32e.json,,,,,,,,,,,,,811ad2388dad2480eb3276c3014f366ae127618e0b167cbbd277df4b49e02712,4eabaefb6cc9c46987f3e8d40675986e62ba7aa07ac1a3d2ed13f40865601437,,
490,6f517eeb73f6152041a9caf8b48b6c03,9807b00ec9f05c0ed690f948a024469da45a3923628918d48e6175fa51233777,2026-08-22T17:57:51.061772+00:00,TADP-SEC/12.1,CLIENT_CIPHERTEXT_BINDING,T3_XMK_CKKS_TADP,,,,client_000,,,,,,,,,,,,,,,,,,,,,,,,,,,,,,,,,,,,,,,,CIPHERTEXT_BOUND_TO_SIGNED_UPDATE,,,,,,,,,,,,,,,,,C3_CONFIDENTIAL,3,,,,,,,,,,,,,d7bbcc955605cabbad5e2409dd613feb,,,,,,,,,,,,,,5,VERIFIED,,,,,True,,,,,False,fbR81iTVqdvGOElpHqd5h4AT1XEIxqIwFWBYHPEpqoc=,fbb9f3abf740c6afd50f17fe4d5ccfd658a9fe1568a3176c685627435563b15c,lhIS+WjWdu7nwVo2eeSh1fX8D+pCzpAo3q6D86Frg0w=,1db6b56d1b5b1a32cfdc266855d2ca89dfbb7c1a2bfcb50c8822101dda135e13,wJVSCV/OJGcqlC5kAjPyClMCsrpz9v8Hc5qGuWU/ieA=,29ac3bebc7d8bf95fc566b7fd18bb82a91593b8a3a0877f87ec4350551f94d53,"T3: xMK submit share (round-level finalize), noise=0.000",reference_python,n=|logq=|scale=|scheme=alg_xmk_ckks,xmk_agg_pk:2c483293497644b3,,,,,,,,,abf1aab78ab22409414971365f1f0b71b44b4143728dd72ef5172ee49005693e,,dacf2b1d739128fce12fce9c7700197629b97a0288db3593c2ac6bf72923812f,audit_trails/artifacts/ciphertext_attestations/T3_XMK_CKKS_TADP_client_000_r5_e4dd39cad0d856a7__dacf2b1d739128fc.json,,,,,,,,,,,,,,,4eabaefb6cc9c46987f3e8d40675986e62ba7aa07ac1a3d2ed13f40865601437,0c7c3674c7d4f0b872b22c1f4b9a3c306fd352d1ef8f1272a7b58e046d4cdca0,,
491,ee626e2ee55ab2bda4bd5610c50477b7,9807b00ec9f05c0ed690f948a024469da45a3923628918d48e6175fa51233777,2026-08-22T17:57:57.761406+00:00,TADP-SEC/12.1,CLIENT_ACCEPTED_SUBMISSION,T3_XMK_CKKS_TADP,,,,client_000,,,,,,,,,,,2.3-phase1-fixed-threshold-critical-floor-review-profile,47dd2e58be138865a6d591a63329509757be6b563afb2badb96beb09eac726e5,a663ab753fcbe1179628a237bb638420356ea261176b970e3553fa59bfe7e9d6,1c154f7d4e37aa15e037310f6b45ff14a874311a582c673470a238929d8125dd,8d877b4c3b654a235066cdd49bf4c7e04e1b662c0cf44a17b54811ea50677e11,VALIDATED_EVIDENCE_BUNDLE,,,,,,,,,,,,,,,,,,,,,,,,UPDATE_SUBMITTED_ENFORCED,,False,NOT_REQUIRED_AUTOMATED_POLICY,False,,,,,,,,,,,,,C3_CONFIDENTIAL,3,,,,,,,,6f8a5214daf0d8d5188f7da84fe0931408bac9ce898d47d09d53366ef6cfe2b8,c068640bad122342de0e81050f313e88a0b5bf947d459a5df25df6b117f89be9,,,2026-08-23T17:18:04.591571+00:00,d7bbcc955605cabbad5e2409dd613feb,,,,,c4cb05689fe809929a03616b66635699a1becd3aea79417417cc4276e540857d,a025986a7ba5f6515a0ed3bf5a3f7349816e8a132b0acf16b19c8a1f0ca9d824,,,2026-08-22T18:57:18.800433+00:00,eb562985f77fc8a152d2d22d15bfd3f4695b107bdaa4c375fc5dde2be0f10805,active,,,6,ACCEPTED,ALL_BASELINE_CONTROLS,,,,True,True,True,True,True,False,yviL9SCOeCNxBgMs6EuYRsU2Uz1mNo0ZwoNK1MqRwJc=,deb4d7de5077704d6664cf682066c8cf7aa6eb98c4328521061c40e190e33e01,lhIS+WjWdu7nwVo2eeSh1fX8D+pCzpAo3q6D86Frg0w=,b7ef44ea1807c8850c79533ce5036abb1e5a77449e71577945b81fa17534cbe0,0Xq/qGZVi5LLOAm8aVyci3f+J52eV2Y6zP2vpq1/U5Y=,29ac3bebc7d8bf95fc566b7fd18bb82a91593b8a3a0877f87ec4350551f94d53,,,,,,,,,,,,,,,,,1f9fe62fc59720658b4a457461f8abbe4ed118202d9c132a59160254ddc3ea49,audit_trails/artifacts/accepted_runtime_submissions/T3_XMK_CKKS_TADP_client_000_r6_deb4d7de5077704d__1f9fe62fc5972065.json,,,,,,,,,,,,,0c7c3674c7d4f0b872b22c1f4b9a3c306fd352d1ef8f1272a7b58e046d4cdca0,21b65095d260c9eab570728049e5efc32066272a48e19ead2fb3031d46392ea2,,
492,7a70a2cfb5479f022fa6e3b037c0d759,9807b00ec9f05c0ed690f948a024469da45a3923628918d48e6175fa51233777,2026-08-22T17:57:58.085223+00:00,TADP-SEC/12.1,CLIENT_CIPHERTEXT_BINDING,T3_XMK_CKKS_TADP,,,,client_000,,,,,,,,,,,,,,,,,,,,,,,,,,,,,,,,,,,,,,,,CIPHERTEXT_BOUND_TO_SIGNED_UPDATE,,,,,,,,,,,,,,,,,C3_CONFIDENTIAL,3,,,,,,,,,,,,,d7bbcc955605cabbad5e2409dd613feb,,,,,,,,,,,,,,6,VERIFIED,,,,,True,,,,,False,yviL9SCOeCNxBgMs6EuYRsU2Uz1mNo0ZwoNK1MqRwJc=,deb4d7de5077704d6664cf682066c8cf7aa6eb98c4328521061c40e190e33e01,lhIS+WjWdu7nwVo2eeSh1fX8D+pCzpAo3q6D86Frg0w=,34b1483cab72f5c72562bbb5817387e752fc80d421ed193e99edbad5720b1bdf,0Xq/qGZVi5LLOAm8aVyci3f+J52eV2Y6zP2vpq1/U5Y=,29ac3bebc7d8bf95fc566b7fd18bb82a91593b8a3a0877f87ec4350551f94d53,"T3: xMK submit share (round-level finalize), noise=0.000",reference_python,n=|logq=|scale=|scheme=alg_xmk_ckks,xmk_agg_pk:2c483293497644b3,,,,,,,,,dc097175f6a1fd3d3ce54d20dbb99af1885f58fd4df4e1a1d76b1dadaf7eff2a,,c081798c4a9d0c27c25023f3f1a4b1aaa6ced97b8c5456d4684e59e01bb00f6d,audit_trails/artifacts/ciphertext_attestations/T3_XMK_CKKS_TADP_client_000_r6_9938b13050fbfad0__c081798c4a9d0c27.json,,,,,,,,,,,,,,,21b65095d260c9eab570728049e5efc32066272a48e19ead2fb3031d46392ea2,5fc4afbe58918a7a9a08353afa5ffc8a733125fea7708fd513916bc47edf22f9,,
493,2da8cb5e7ca479bd889589515ef5e83d,9807b00ec9f05c0ed690f948a024469da45a3923628918d48e6175fa51233777,2026-08-22T17:58:05.553847+00:00,TADP-SEC/12.1,CLIENT_ACCEPTED_SUBMISSION,T3_XMK_CKKS_TADP,,,,client_000,,,,,,,,,,,2.3-phase1-fixed-threshold-critical-floor-review-profile,47dd2e58be138865a6d591a63329509757be6b563afb2badb96beb09eac726e5,a663ab753fcbe1179628a237bb638420356ea261176b970e3553fa59bfe7e9d6,1c154f7d4e37aa15e037310f6b45ff14a874311a582c673470a238929d8125dd,8d877b4c3b654a235066cdd49bf4c7e04e1b662c0cf44a17b54811ea50677e11,VALIDATED_EVIDENCE_BUNDLE,,,,,,,,,,,,,,,,,,,,,,,,UPDATE_SUBMITTED_ENFORCED,,False,NOT_REQUIRED_AUTOMATED_POLICY,False,,,,,,,,,,,,,C3_CONFIDENTIAL,3,,,,,,,,6f8a5214daf0d8d5188f7da84fe0931408bac9ce898d47d09d53366ef6cfe2b8,c068640bad122342de0e81050f313e88a0b5bf947d459a5df25df6b117f89be9,,,2026-08-23T17:18:04.591571+00:00,d7bbcc955605cabbad5e2409dd613feb,,,,,c4cb05689fe809929a03616b66635699a1becd3aea79417417cc4276e540857d,a025986a7ba5f6515a0ed3bf5a3f7349816e8a132b0acf16b19c8a1f0ca9d824,,,2026-08-22T18:57:18.800433+00:00,eb562985f77fc8a152d2d22d15bfd3f4695b107bdaa4c375fc5dde2be0f10805,active,,,7,ACCEPTED,ALL_BASELINE_CONTROLS,,,,True,True,True,True,True,False,o/k2pzvrOjJr8NTpfeTyhfHD7QgaYS19gx+YtqrnMQA=,9b36988c8c3260594b1d23a18608988c2eab011004cdfb9cf30deea32b5227bf,lhIS+WjWdu7nwVo2eeSh1fX8D+pCzpAo3q6D86Frg0w=,0602953f04c3d9a191fdae916ef67a0c0545bd1a7caeba35b3356e0145658096,Z4ZRDwCL7oHCdcFH1c4mxvLGwVBbv7Buxja+epOGMSM=,29ac3bebc7d8bf95fc566b7fd18bb82a91593b8a3a0877f87ec4350551f94d53,,,,,,,,,,,,,,,,,3074fb5b43de8b17ebd8714c50efb8db018507683e574ac18b19f6b4f1dadefa,audit_trails/artifacts/accepted_runtime_submissions/T3_XMK_CKKS_TADP_client_000_r7_9b36988c8c326059__3074fb5b43de8b17.json,,,,,,,,,,,,,5fc4afbe58918a7a9a08353afa5ffc8a733125fea7708fd513916bc47edf22f9,6189bfadeab7a8db1dd03aecc9f42f92d6ecce696a62a45fe3974f6aa89a9eea,,
494,0c93c77a0d93e19987b3b654fc038d05,9807b00ec9f05c0ed690f948a024469da45a3923628918d48e6175fa51233777,2026-08-22T17:58:05.951641+00:00,TADP-SEC/12.1,CLIENT_CIPHERTEXT_BINDING,T3_XMK_CKKS_TADP,,,,client_000,,,,,,,,,,,,,,,,,,,,,,,,,,,,,,,,,,,,,,,,CIPHERTEXT_BOUND_TO_SIGNED_UPDATE,,,,,,,,,,,,,,,,,C3_CONFIDENTIAL,3,,,,,,,,,,,,,d7bbcc955605cabbad5e2409dd613feb,,,,,,,,,,,,,,7,VERIFIED,,,,,True,,,,,False,o/k2pzvrOjJr8NTpfeTyhfHD7QgaYS19gx+YtqrnMQA=,9b36988c8c3260594b1d23a18608988c2eab011004cdfb9cf30deea32b5227bf,lhIS+WjWdu7nwVo2eeSh1fX8D+pCzpAo3q6D86Frg0w=,f0dce43dbdeb3c4648f914b3818b0863b649ff1c4bda70b366bd6ef1a031780b,Z4ZRDwCL7oHCdcFH1c4mxvLGwVBbv7Buxja+epOGMSM=,29ac3bebc7d8bf95fc566b7fd18bb82a91593b8a3a0877f87ec4350551f94d53,"T3: xMK submit share (round-level finalize), noise=0.000",reference_python,n=|logq=|scale=|scheme=alg_xmk_ckks,xmk_agg_pk:2c483293497644b3,,,,,,,,,6b5f6c60017b2a67a70a22bbad2e71ec355310b6c397551d728ee6c09500c77b,,8efcd582d60fb534a5393a56a8b5e420ddb73acb61cbb6bd0973a40a872ee6e2,audit_trails/artifacts/ciphertext_attestations/T3_XMK_CKKS_TADP_client_000_r7_1ee633c8121770bd__8efcd582d60fb534.json,,,,,,,,,,,,,,,6189bfadeab7a8db1dd03aecc9f42f92d6ecce696a62a45fe3974f6aa89a9eea,423caf12d045fb3082f3fc650925a3dfeda517c75da2686ce14645131af02d9c,,
495,786f1273243febf127af1460cd8fcd04,9807b00ec9f05c0ed690f948a024469da45a3923628918d48e6175fa51233777,2026-08-22T17:58:12.369243+00:00,TADP-SEC/12.1,CLIENT_ACCEPTED_SUBMISSION,T3_XMK_CKKS_TADP,,,,client_000,,,,,,,,,,,2.3-phase1-fixed-threshold-critical-floor-review-profile,47dd2e58be138865a6d591a63329509757be6b563afb2badb96beb09eac726e5,a663ab753fcbe1179628a237bb638420356ea261176b970e3553fa59bfe7e9d6,1c154f7d4e37aa15e037310f6b45ff14a874311a582c673470a238929d8125dd,8d877b4c3b654a235066cdd49bf4c7e04e1b662c0cf44a17b54811ea50677e11,VALIDATED_EVIDENCE_BUNDLE,,,,,,,,,,,,,,,,,,,,,,,,UPDATE_SUBMITTED_ENFORCED,,False,NOT_REQUIRED_AUTOMATED_POLICY,False,,,,,,,,,,,,,C3_CONFIDENTIAL,3,,,,,,,,6f8a5214daf0d8d5188f7da84fe0931408bac9ce898d47d09d53366ef6cfe2b8,c068640bad122342de0e81050f313e88a0b5bf947d459a5df25df6b117f89be9,,,2026-08-23T17:18:04.591571+00:00,d7bbcc955605cabbad5e2409dd613feb,,,,,c4cb05689fe809929a03616b66635699a1becd3aea79417417cc4276e540857d,a025986a7ba5f6515a0ed3bf5a3f7349816e8a132b0acf16b19c8a1f0ca9d824,,,2026-08-22T18:57:18.800433+00:00,eb562985f77fc8a152d2d22d15bfd3f4695b107bdaa4c375fc5dde2be0f10805,active,,,8,ACCEPTED,ALL_BASELINE_CONTROLS,,,,True,True,True,True,True,False,TlcK6GtPTxu4liOjhZgE01wWBnc8HkDN3F35U7dTBmQ=,a3a50544064536643ec1a12d0883b8b98beeb00695b6ee0693e8daac7be552a3,lhIS+WjWdu7nwVo2eeSh1fX8D+pCzpAo3q6D86Frg0w=,ec42bf0476be036c8b08d7865eafb0e3a4fc3f1852f2941c6dfbca4244f8f0c3,M5EMo7Jrz+sqjK7D01rpGO30kvXJS4uP8APLmJy31oA=,29ac3bebc7d8bf95fc566b7fd18bb82a91593b8a3a0877f87ec4350551f94d53,,,,,,,,,,,,,,,,,80c41198fd7f26b1028e49a81ccf1f27421837e482ea265ec10e8982d1201980,audit_trails/artifacts/accepted_runtime_submissions/T3_XMK_CKKS_TADP_client_000_r8_a3a5054406453664__80c41198fd7f26b1.json,,,,,,,,,,,,,423caf12d045fb3082f3fc650925a3dfeda517c75da2686ce14645131af02d9c,696cd236b31e6c5ea9c7b673473a1bfc6705e4219ae170b82d6d615ea9a5c9fa,,
496,3a5ae60f6b5267169f076ba8f8269d5d,9807b00ec9f05c0ed690f948a024469da45a3923628918d48e6175fa51233777,2026-08-22T17:58:12.702136+00:00,TADP-SEC/12.1,CLIENT_CIPHERTEXT_BINDING,T3_XMK_CKKS_TADP,,,,client_000,,,,,,,,,,,,,,,,,,,,,,,,,,,,,,,,,,,,,,,,CIPHERTEXT_BOUND_TO_SIGNED_UPDATE,,,,,,,,,,,,,,,,,C3_CONFIDENTIAL,3,,,,,,,,,,,,,d7bbcc955605cabbad5e2409dd613feb,,,,,,,,,,,,,,8,VERIFIED,,,,,True,,,,,False,TlcK6GtPTxu4liOjhZgE01wWBnc8HkDN3F35U7dTBmQ=,a3a50544064536643ec1a12d0883b8b98beeb00695b6ee0693e8daac7be552a3,lhIS+WjWdu7nwVo2eeSh1fX8D+pCzpAo3q6D86Frg0w=,1b9b9543e27dff499cade2c4e09fae629d0d2782e8584b9da86159de83ef034c,M5EMo7Jrz+sqjK7D01rpGO30kvXJS4uP8APLmJy31oA=,29ac3bebc7d8bf95fc566b7fd18bb82a91593b8a3a0877f87ec4350551f94d53,"T3: xMK submit share (round-level finalize), noise=0.000",reference_python,n=|logq=|scale=|scheme=alg_xmk_ckks,xmk_agg_pk:2c483293497644b3,,,,,,,,,f3ee234bebbe70b5e01359d327c03d2fba6690fd92a3153d0975825c8749f3de,,eb4af408438ebb309c91f1084b030d57d2d4cdc8404a90428f08f333fd8e53b5,audit_trails/artifacts/ciphertext_attestations/T3_XMK_CKKS_TADP_client_000_r8_b4cf2e67bb815f9f__eb4af408438ebb30.json,,,,,,,,,,,,,,,696cd236b31e6c5ea9c7b673473a1bfc6705e4219ae170b82d6d615ea9a5c9fa,24e87f6f663b67c58d70abeef9f4982efe453ffe65f42c3162742101a742028e,,
497,63ba10fb0828b10f0d54e2f552ca0e2f,9807b00ec9f05c0ed690f948a024469da45a3923628918d48e6175fa51233777,2026-08-22T17:58:20.176319+00:00,TADP-SEC/12.1,CLIENT_ACCEPTED_SUBMISSION,T3_XMK_CKKS_TADP,,,,client_000,,,,,,,,,,,2.3-phase1-fixed-threshold-critical-floor-review-profile,47dd2e58be138865a6d591a63329509757be6b563afb2badb96beb09eac726e5,a663ab753fcbe1179628a237bb638420356ea261176b970e3553fa59bfe7e9d6,1c154f7d4e37aa15e037310f6b45ff14a874311a582c673470a238929d8125dd,8d877b4c3b654a235066cdd49bf4c7e04e1b662c0cf44a17b54811ea50677e11,VALIDATED_EVIDENCE_BUNDLE,,,,,,,,,,,,,,,,,,,,,,,,UPDATE_SUBMITTED_ENFORCED,,False,NOT_REQUIRED_AUTOMATED_POLICY,False,,,,,,,,,,,,,C3_CONFIDENTIAL,3,,,,,,,,6f8a5214daf0d8d5188f7da84fe0931408bac9ce898d47d09d53366ef6cfe2b8,c068640bad122342de0e81050f313e88a0b5bf947d459a5df25df6b117f89be9,,,2026-08-23T17:18:04.591571+00:00,d7bbcc955605cabbad5e2409dd613feb,,,,,c4cb05689fe809929a03616b66635699a1becd3aea79417417cc4276e540857d,a025986a7ba5f6515a0ed3bf5a3f7349816e8a132b0acf16b19c8a1f0ca9d824,,,2026-08-22T18:57:18.800433+00:00,eb562985f77fc8a152d2d22d15bfd3f4695b107bdaa4c375fc5dde2be0f10805,active,,,9,ACCEPTED,ALL_BASELINE_CONTROLS,,,,True,True,True,True,True,False,dbwHpOScds3/GcFn7tUrkh/A0NalXfB+abWoDbx+XCs=,a8ee9c00b551bfb4a9aacd2af0ed65f8c92499cd405965fd160bea0895d141e0,lhIS+WjWdu7nwVo2eeSh1fX8D+pCzpAo3q6D86Frg0w=,3f3d6b23e0a865d76ffb9fbddb210d2e5ae8056583c5d25a7bc611a4c22659db,77EcLTDhgla9Heafj3wZpNc1Dw6pQajcxe0L5S9u/A8=,29ac3bebc7d8bf95fc566b7fd18bb82a91593b8a3a0877f87ec4350551f94d53,,,,,,,,,,,,,,,,,1fad7cfd5736ff063c427258b2b305282f15271d80c80bd9749e22df1200159a,audit_trails/artifacts/accepted_runtime_submissions/T3_XMK_CKKS_TADP_client_000_r9_a8ee9c00b551bfb4__1fad7cfd5736ff06.json,,,,,,,,,,,,,24e87f6f663b67c58d70abeef9f4982efe453ffe65f42c3162742101a742028e,90870f40601105274859dd257f5c43e9eb23ebdb06d2e479cac02208d2d899c9,,
498,b6e808e21ceedc660f8709d4c1065038,9807b00ec9f05c0ed690f948a024469da45a3923628918d48e6175fa51233777,2026-08-22T17:58:20.520227+00:00,TADP-SEC/12.1,CLIENT_CIPHERTEXT_BINDING,T3_XMK_CKKS_TADP,,,,client_000,,,,,,,,,,,,,,,,,,,,,,,,,,,,,,,,,,,,,,,,CIPHERTEXT_BOUND_TO_SIGNED_UPDATE,,,,,,,,,,,,,,,,,C3_CONFIDENTIAL,3,,,,,,,,,,,,,d7bbcc955605cabbad5e2409dd613feb,,,,,,,,,,,,,,9,VERIFIED,,,,,True,,,,,False,dbwHpOScds3/GcFn7tUrkh/A0NalXfB+abWoDbx+XCs=,a8ee9c00b551bfb4a9aacd2af0ed65f8c92499cd405965fd160bea0895d141e0,lhIS+WjWdu7nwVo2eeSh1fX8D+pCzpAo3q6D86Frg0w=,11895b955ca4d054114bc44f9b735805de3e7d4b1893110f8d835b35e8325ebf,77EcLTDhgla9Heafj3wZpNc1Dw6pQajcxe0L5S9u/A8=,29ac3bebc7d8bf95fc566b7fd18bb82a91593b8a3a0877f87ec4350551f94d53,"T3: xMK submit share (round-level finalize), noise=0.000",reference_python,n=|logq=|scale=|scheme=alg_xmk_ckks,xmk_agg_pk:2c483293497644b3,,,,,,,,,ba1decb4adf7af7f2ca0e76657ed3e8d799d73a401138e277b1c21b84c4f6783,,0ac6923e20b7825f03bcba569985da7eb4219b9fe92b3a0af0039f41ffa82215,audit_trails/artifacts/ciphertext_attestations/T3_XMK_CKKS_TADP_client_000_r9_ff000821347b9699__0ac6923e20b7825f.json,,,,,,,,,,,,,,,90870f40601105274859dd257f5c43e9eb23ebdb06d2e479cac02208d2d899c9,835ea001c81f8e47476768a03c740d9813f2e8e2ad701e2899007d885a87ea22,,
499,383138455a7badc9ce37e31aef7f74b4,9807b00ec9f05c0ed690f948a024469da45a3923628918d48e6175fa51233777,2026-08-22T17:58:26.885920+00:00,TADP-SEC/12.1,CLIENT_ACCEPTED_SUBMISSION,T3_XMK_CKKS_TADP,,,,client_000,,,,,,,,,,,2.3-phase1-fixed-threshold-critical-floor-review-profile,47dd2e58be138865a6d591a63329509757be6b563afb2badb96beb09eac726e5,a663ab753fcbe1179628a237bb638420356ea261176b970e3553fa59bfe7e9d6,1c154f7d4e37aa15e037310f6b45ff14a874311a582c673470a238929d8125dd,8d877b4c3b654a235066cdd49bf4c7e04e1b662c0cf44a17b54811ea50677e11,VALIDATED_EVIDENCE_BUNDLE,,,,,,,,,,,,,,,,,,,,,,,,UPDATE_SUBMITTED_ENFORCED,,False,NOT_REQUIRED_AUTOMATED_POLICY,False,,,,,,,,,,,,,C3_CONFIDENTIAL,3,,,,,,,,6f8a5214daf0d8d5188f7da84fe0931408bac9ce898d47d09d53366ef6cfe2b8,c068640bad122342de0e81050f313e88a0b5bf947d459a5df25df6b117f89be9,,,2026-08-23T17:18:04.591571+00:00,d7bbcc955605cabbad5e2409dd613feb,,,,,c4cb05689fe809929a03616b66635699a1becd3aea79417417cc4276e540857d,a025986a7ba5f6515a0ed3bf5a3f7349816e8a132b0acf16b19c8a1f0ca9d824,,,2026-08-22T18:57:18.800433+00:00,eb562985f77fc8a152d2d22d15bfd3f4695b107bdaa4c375fc5dde2be0f10805,active,,,10,ACCEPTED,ALL_BASELINE_CONTROLS,,,,True,True,True,True,True,False,VMw6dUn3wAHnikNgTnQuqs7n61HsuFeg+UQjFlTEZys=,e5c08ed62d79b7c8329549d3c5489a2564a48265cc3c03a2180edff4737e9f31,lhIS+WjWdu7nwVo2eeSh1fX8D+pCzpAo3q6D86Frg0w=,461846d23b8d4839bbe4d4d5e21432cae83af6523c4ceda75492bf0e82f5cf4c,xGhPLxVdkOoNW1oZBbnCHQAMGFQtuWk8nHdd9C/q6Rw=,29ac3bebc7d8bf95fc566b7fd18bb82a91593b8a3a0877f87ec4350551f94d53,,,,,,,,,,,,,,,,,eae80315a6805636a57c7046010c3dae2ebf4be0a0eb4d3e450fc7bb3b0cff74,audit_trails/artifacts/accepted_runtime_submissions/T3_XMK_CKKS_TADP_client_000_r10_e5c08ed62d79b7c8__eae80315a6805636.json,,,,,,,,,,,,,835ea001c81f8e47476768a03c740d9813f2e8e2ad701e2899007d885a87ea22,6667e01d1284dd83f5712d161ed4a53778966ea70bf13317d82072136011051d,,
500,f6721bede1d9b56c557e9cf154d4418c,9807b00ec9f05c0ed690f948a024469da45a3923628918d48e6175fa51233777,2026-08-22T17:58:27.214218+00:00,TADP-SEC/12.1,CLIENT_CIPHERTEXT_BINDING,T3_XMK_CKKS_TADP,,,,client_000,,,,,,,,,,,,,,,,,,,,,,,,,,,,,,,,,,,,,,,,CIPHERTEXT_BOUND_TO_SIGNED_UPDATE,,,,,,,,,,,,,,,,,C3_CONFIDENTIAL,3,,,,,,,,,,,,,d7bbcc955605cabbad5e2409dd613feb,,,,,,,,,,,,,,10,VERIFIED,,,,,True,,,,,False,VMw6dUn3wAHnikNgTnQuqs7n61HsuFeg+UQjFlTEZys=,e5c08ed62d79b7c8329549d3c5489a2564a48265cc3c03a2180edff4737e9f31,lhIS+WjWdu7nwVo2eeSh1fX8D+pCzpAo3q6D86Frg0w=,26aec63d0aa2bf3e2b77800827bbea26d0ac71ca437b795957c784880a9cfb4f,xGhPLxVdkOoNW1oZBbnCHQAMGFQtuWk8nHdd9C/q6Rw=,29ac3bebc7d8bf95fc566b7fd18bb82a91593b8a3a0877f87ec4350551f94d53,"T3: xMK submit share (round-level finalize), noise=0.000",reference_python,n=|logq=|scale=|scheme=alg_xmk_ckks,xmk_agg_pk:2c483293497644b3,,,,,,,,,99a60c645b72a8728ad6332a15ca5851ef975721d07365a1461ffa7bc3528333,,f0e4756acc65d98bbeeb6d599ea6dd2409fd1cbefe7726997aec528a31ff7b7d,audit_trails/artifacts/ciphertext_attestations/T3_XMK_CKKS_TADP_client_000_r10_6b99fdcbcea31a81__f0e4756acc65d98b.json,,,,,,,,,,,,,,,6667e01d1284dd83f5712d161ed4a53778966ea70bf13317d82072136011051d,895e1f4116eb9b5238c4a280769fbd1da4feae95cd90deabf6b420d4898c7562,,
501,9931119f1e06bd5ea72d9caf21d64240,9807b00ec9f05c0ed690f948a024469da45a3923628918d48e6175fa51233777,2026-08-22T17:58:34.740510+00:00,TADP-SEC/12.1,CLIENT_ACCEPTED_SUBMISSION,T3_XMK_CKKS_TADP,,,,client_000,,,,,,,,,,,2.3-phase1-fixed-threshold-critical-floor-review-profile,47dd2e58be138865a6d591a63329509757be6b563afb2badb96beb09eac726e5,a663ab753fcbe1179628a237bb638420356ea261176b970e3553fa59bfe7e9d6,1c154f7d4e37aa15e037310f6b45ff14a874311a582c673470a238929d8125dd,8d877b4c3b654a235066cdd49bf4c7e04e1b662c0cf44a17b54811ea50677e11,VALIDATED_EVIDENCE_BUNDLE,,,,,,,,,,,,,,,,,,,,,,,,UPDATE_SUBMITTED_ENFORCED,,False,NOT_REQUIRED_AUTOMATED_POLICY,False,,,,,,,,,,,,,C3_CONFIDENTIAL,3,,,,,,,,6f8a5214daf0d8d5188f7da84fe0931408bac9ce898d47d09d53366ef6cfe2b8,c068640bad122342de0e81050f313e88a0b5bf947d459a5df25df6b117f89be9,,,2026-08-23T17:18:04.591571+00:00,d7bbcc955605cabbad5e2409dd613feb,,,,,c4cb05689fe809929a03616b66635699a1becd3aea79417417cc4276e540857d,a025986a7ba5f6515a0ed3bf5a3f7349816e8a132b0acf16b19c8a1f0ca9d824,,,2026-08-22T18:57:18.800433+00:00,eb562985f77fc8a152d2d22d15bfd3f4695b107bdaa4c375fc5dde2be0f10805,active,,,11,ACCEPTED,ALL_BASELINE_CONTROLS,,,,True,True,True,True,True,False,4/puO1t+UPA47Xu0p6NplDxPKeFawTKnlB+POOVU/Os=,ec97d8c07efecfa570fe205c448ec10c52c70f54979eb58d76a0a81ba3551630,lhIS+WjWdu7nwVo2eeSh1fX8D+pCzpAo3q6D86Frg0w=,7e362ccd5747a35dc221e4c6e8e9471ebc3f530941962268c87a1b21283a322c,OLWcEtud8jRkUuL/Ai74sXW5LUI89X1Y/1myfSvU/I8=,29ac3bebc7d8bf95fc566b7fd18bb82a91593b8a3a0877f87ec4350551f94d53,,,,,,,,,,,,,,,,,91db31acc2ae5c4d32f11e7b5daadeb73acc174f8683e29909e3ec2afcf445a8,audit_trails/artifacts/accepted_runtime_submissions/T3_XMK_CKKS_TADP_client_000_r11_ec97d8c07efecfa5__91db31acc2ae5c4d.json,,,,,,,,,,,,,895e1f4116eb9b5238c4a280769fbd1da4feae95cd90deabf6b420d4898c7562,3edbab502a33188634513a0934007291eb4a5746295a62d807bbf3cfaced2d59,,
502,aeb8ce79a179c59858421a5a6b569757,9807b00ec9f05c0ed690f948a024469da45a3923628918d48e6175fa51233777,2026-08-22T17:58:35.089643+00:00,TADP-SEC/12.1,CLIENT_CIPHERTEXT_BINDING,T3_XMK_CKKS_TADP,,,,client_000,,,,,,,,,,,,,,,,,,,,,,,,,,,,,,,,,,,,,,,,CIPHERTEXT_BOUND_TO_SIGNED_UPDATE,,,,,,,,,,,,,,,,,C3_CONFIDENTIAL,3,,,,,,,,,,,,,d7bbcc955605cabbad5e2409dd613feb,,,,,,,,,,,,,,11,VERIFIED,,,,,True,,,,,False,4/puO1t+UPA47Xu0p6NplDxPKeFawTKnlB+POOVU/Os=,ec97d8c07efecfa570fe205c448ec10c52c70f54979eb58d76a0a81ba3551630,lhIS+WjWdu7nwVo2eeSh1fX8D+pCzpAo3q6D86Frg0w=,0b405f589b93bfcbe38a90209e54b0e0904614fa2c7a3742263170091ad98c6e,OLWcEtud8jRkUuL/Ai74sXW5LUI89X1Y/1myfSvU/I8=,29ac3bebc7d8bf95fc566b7fd18bb82a91593b8a3a0877f87ec4350551f94d53,"T3: xMK submit share (round-level finalize), noise=0.000",reference_python,n=|logq=|scale=|scheme=alg_xmk_ckks,xmk_agg_pk:2c483293497644b3,,,,,,,,,8a5a741cad9584d952dfb390ce479b39b3e5d3b0c44585a2a48d23d6be9551a6,,a8abe8e233e3659509bea365aad8a456cf9331ee5783a1bd66536bad46eb7fcc,audit_trails/artifacts/ciphertext_attestations/T3_XMK_CKKS_TADP_client_000_r11_936b7010e779325c__a8abe8e233e36595.json,,,,,,,,,,,,,,,3edbab502a33188634513a0934007291eb4a5746295a62d807bbf3cfaced2d59,9dbb80b41c978703285220d79bba09964f1a7313c64f05e59afc82aea1533bab,,
503,cd1861a960ec59daac08b31d0e2bc145,9807b00ec9f05c0ed690f948a024469da45a3923628918d48e6175fa51233777,2026-08-22T17:58:41.461959+00:00,TADP-SEC/12.1,CLIENT_ACCEPTED_SUBMISSION,T3_XMK_CKKS_TADP,,,,client_000,,,,,,,,,,,2.3-phase1-fixed-threshold-critical-floor-review-profile,47dd2e58be138865a6d591a63329509757be6b563afb2badb96beb09eac726e5,a663ab753fcbe1179628a237bb638420356ea261176b970e3553fa59bfe7e9d6,1c154f7d4e37aa15e037310f6b45ff14a874311a582c673470a238929d8125dd,8d877b4c3b654a235066cdd49bf4c7e04e1b662c0cf44a17b54811ea50677e11,VALIDATED_EVIDENCE_BUNDLE,,,,,,,,,,,,,,,,,,,,,,,,UPDATE_SUBMITTED_ENFORCED,,False,NOT_REQUIRED_AUTOMATED_POLICY,False,,,,,,,,,,,,,C3_CONFIDENTIAL,3,,,,,,,,6f8a5214daf0d8d5188f7da84fe0931408bac9ce898d47d09d53366ef6cfe2b8,c068640bad122342de0e81050f313e88a0b5bf947d459a5df25df6b117f89be9,,,2026-08-23T17:18:04.591571+00:00,d7bbcc955605cabbad5e2409dd613feb,,,,,c4cb05689fe809929a03616b66635699a1becd3aea79417417cc4276e540857d,a025986a7ba5f6515a0ed3bf5a3f7349816e8a132b0acf16b19c8a1f0ca9d824,,,2026-08-22T18:57:18.800433+00:00,eb562985f77fc8a152d2d22d15bfd3f4695b107bdaa4c375fc5dde2be0f10805,active,,,12,ACCEPTED,ALL_BASELINE_CONTROLS,,,,True,True,True,True,True,False,z6/98pvEXDeYrC5pIHGkJsMqN78PhdOIzy83PJUxcqI=,421b2ebf9b1842a0e7f0fa2d22e694c4a19293a772a1bd715247dfc788c17f1f,lhIS+WjWdu7nwVo2eeSh1fX8D+pCzpAo3q6D86Frg0w=,073b50a780eed8e9b76a739cc0933647ce65450056d931088dda2e8d0fc7d20f,UpJgO31CsZWLzvWGKVDBu1aUsE3gDQQ929T3bLE/OzY=,29ac3bebc7d8bf95fc566b7fd18bb82a91593b8a3a0877f87ec4350551f94d53,,,,,,,,,,,,,,,,,483c0fa1f965cf6f520357629744d1ce8cc60b38b6c4f5cb3a791b7177f0ee2e,audit_trails/artifacts/accepted_runtime_submissions/T3_XMK_CKKS_TADP_client_000_r12_421b2ebf9b1842a0__483c0fa1f965cf6f.json,,,,,,,,,,,,,9dbb80b41c978703285220d79bba09964f1a7313c64f05e59afc82aea1533bab,1e264e6bfa5456ebc7da58b30bd4ae615724d873037bee96c3597e4db3afadf1,,
504,1aa0c70e933101ed089903a6b5934df8,9807b00ec9f05c0ed690f948a024469da45a3923628918d48e6175fa51233777,2026-08-22T17:58:41.798909+00:00,TADP-SEC/12.1,CLIENT_CIPHERTEXT_BINDING,T3_XMK_CKKS_TADP,,,,client_000,,,,,,,,,,,,,,,,,,,,,,,,,,,,,,,,,,,,,,,,CIPHERTEXT_BOUND_TO_SIGNED_UPDATE,,,,,,,,,,,,,,,,,C3_CONFIDENTIAL,3,,,,,,,,,,,,,d7bbcc955605cabbad5e2409dd613feb,,,,,,,,,,,,,,12,VERIFIED,,,,,True,,,,,False,z6/98pvEXDeYrC5pIHGkJsMqN78PhdOIzy83PJUxcqI=,421b2ebf9b1842a0e7f0fa2d22e694c4a19293a772a1bd715247dfc788c17f1f,lhIS+WjWdu7nwVo2eeSh1fX8D+pCzpAo3q6D86Frg0w=,1aa7bbbeb364ac8de5348580a436a24f989f9f772c9fb5e88ecab0985ab18233,UpJgO31CsZWLzvWGKVDBu1aUsE3gDQQ929T3bLE/OzY=,29ac3bebc7d8bf95fc566b7fd18bb82a91593b8a3a0877f87ec4350551f94d53,"T3: xMK submit share (round-level finalize), noise=0.000",reference_python,n=|logq=|scale=|scheme=alg_xmk_ckks,xmk_agg_pk:2c483293497644b3,,,,,,,,,0fbac6fc98dbb76295463116c77afd69150e322518db165cbe9ef9b5f6c15f30,,33881403223e117cb95fc6efed2dc5c820b6a7f8e5002ebde4f64459e0db38f3,audit_trails/artifacts/ciphertext_attestations/T3_XMK_CKKS_TADP_client_000_r12_4b30656065371977__33881403223e117c.json,,,,,,,,,,,,,,,1e264e6bfa5456ebc7da58b30bd4ae615724d873037bee96c3597e4db3afadf1,361aaf1fbafc504cccb51f48772e75e46f88d9e6226ee89cba6609d9d17a3689,,
505,e3804cb4ab2c86c37b08e7f932360a14,9807b00ec9f05c0ed690f948a024469da45a3923628918d48e6175fa51233777,2026-08-22T17:58:49.235005+00:00,TADP-SEC/12.1,CLIENT_ACCEPTED_SUBMISSION,T3_XMK_CKKS_TADP,,,,client_000,,,,,,,,,,,2.3-phase1-fixed-threshold-critical-floor-review-profile,47dd2e58be138865a6d591a63329509757be6b563afb2badb96beb09eac726e5,a663ab753fcbe1179628a237bb638420356ea261176b970e3553fa59bfe7e9d6,1c154f7d4e37aa15e037310f6b45ff14a874311a582c673470a238929d8125dd,8d877b4c3b654a235066cdd49bf4c7e04e1b662c0cf44a17b54811ea50677e11,VALIDATED_EVIDENCE_BUNDLE,,,,,,,,,,,,,,,,,,,,,,,,UPDATE_SUBMITTED_ENFORCED,,False,NOT_REQUIRED_AUTOMATED_POLICY,False,,,,,,,,,,,,,C3_CONFIDENTIAL,3,,,,,,,,6f8a5214daf0d8d5188f7da84fe0931408bac9ce898d47d09d53366ef6cfe2b8,c068640bad122342de0e81050f313e88a0b5bf947d459a5df25df6b117f89be9,,,2026-08-23T17:18:04.591571+00:00,d7bbcc955605cabbad5e2409dd613feb,,,,,c4cb05689fe809929a03616b66635699a1becd3aea79417417cc4276e540857d,a025986a7ba5f6515a0ed3bf5a3f7349816e8a132b0acf16b19c8a1f0ca9d824,,,2026-08-22T18:57:18.800433+00:00,eb562985f77fc8a152d2d22d15bfd3f4695b107bdaa4c375fc5dde2be0f10805,active,,,13,ACCEPTED,ALL_BASELINE_CONTROLS,,,,True,True,True,True,True,False,4DYwB3RlATYergA9oVm8+FzjqvA+WXysBnZDPL66F8Q=,62d747327b626dcbce4901283c75729471eaf8e2ea435ef394a53a1485247e21,lhIS+WjWdu7nwVo2eeSh1fX8D+pCzpAo3q6D86Frg0w=,0baf0affbe846bd715d79eed63d0972774089e38f1f8fd15cd0d98e4faa93036,SUX1pfAadZAtYw9GzdM3ZE2jUSVAEWY4OTQa0iDgMZE=,29ac3bebc7d8bf95fc566b7fd18bb82a91593b8a3a0877f87ec4350551f94d53,,,,,,,,,,,,,,,,,a1e93e3fa3df3dad0d28b4d111ca5174dd21cdd83b55030379a89db1fcfecb91,audit_trails/artifacts/accepted_runtime_submissions/T3_XMK_CKKS_TADP_client_000_r13_62d747327b626dcb__a1e93e3fa3df3dad.json,,,,,,,,,,,,,361aaf1fbafc504cccb51f48772e75e46f88d9e6226ee89cba6609d9d17a3689,8ae4692e8f2ed2e8ac43aa4cf417f83997cd0919727f27d8a4f3687ed97316c4,,
506,28bdaf1a06ae0071a43e7095352aeb0d,9807b00ec9f05c0ed690f948a024469da45a3923628918d48e6175fa51233777,2026-08-22T17:58:49.567458+00:00,TADP-SEC/12.1,CLIENT_CIPHERTEXT_BINDING,T3_XMK_CKKS_TADP,,,,client_000,,,,,,,,,,,,,,,,,,,,,,,,,,,,,,,,,,,,,,,,CIPHERTEXT_BOUND_TO_SIGNED_UPDATE,,,,,,,,,,,,,,,,,C3_CONFIDENTIAL,3,,,,,,,,,,,,,d7bbcc955605cabbad5e2409dd613feb,,,,,,,,,,,,,,13,VERIFIED,,,,,True,,,,,False,4DYwB3RlATYergA9oVm8+FzjqvA+WXysBnZDPL66F8Q=,62d747327b626dcbce4901283c75729471eaf8e2ea435ef394a53a1485247e21,lhIS+WjWdu7nwVo2eeSh1fX8D+pCzpAo3q6D86Frg0w=,6fe0d4ec40f1f99bddc82fbae71ee15f799be629f2f6b11160ef59652baa9b9d,SUX1pfAadZAtYw9GzdM3ZE2jUSVAEWY4OTQa0iDgMZE=,29ac3bebc7d8bf95fc566b7fd18bb82a91593b8a3a0877f87ec4350551f94d53,"T3: xMK submit share (round-level finalize), noise=0.000",reference_python,n=|logq=|scale=|scheme=alg_xmk_ckks,xmk_agg_pk:2c483293497644b3,,,,,,,,,d2839ea0c254c1becd93147367d08ec5a56f4f45d49eae6be4861061fa8891d0,,098af9ecbcc1571ea23f82f209979553ebdfc2e085889d068db4232c3f439178,audit_trails/artifacts/ciphertext_attestations/T3_XMK_CKKS_TADP_client_000_r13_d57a637220cd90dd__098af9ecbcc1571e.json,,,,,,,,,,,,,,,8ae4692e8f2ed2e8ac43aa4cf417f83997cd0919727f27d8a4f3687ed97316c4,94c1d80f19d06abb096912cd3af21b28cacc09b1abd49a1b4d1a112bc019654a,,
507,c09da8ec5dce9b1e0506b4cff00e05c8,9807b00ec9f05c0ed690f948a024469da45a3923628918d48e6175fa51233777,2026-08-22T17:58:55.976479+00:00,TADP-SEC/12.1,CLIENT_ACCEPTED_SUBMISSION,T3_XMK_CKKS_TADP,,,,client_000,,,,,,,,,,,2.3-phase1-fixed-threshold-critical-floor-review-profile,47dd2e58be138865a6d591a63329509757be6b563afb2badb96beb09eac726e5,a663ab753fcbe1179628a237bb638420356ea261176b970e3553fa59bfe7e9d6,1c154f7d4e37aa15e037310f6b45ff14a874311a582c673470a238929d8125dd,8d877b4c3b654a235066cdd49bf4c7e04e1b662c0cf44a17b54811ea50677e11,VALIDATED_EVIDENCE_BUNDLE,,,,,,,,,,,,,,,,,,,,,,,,UPDATE_SUBMITTED_ENFORCED,,False,NOT_REQUIRED_AUTOMATED_POLICY,False,,,,,,,,,,,,,C3_CONFIDENTIAL,3,,,,,,,,6f8a5214daf0d8d5188f7da84fe0931408bac9ce898d47d09d53366ef6cfe2b8,c068640bad122342de0e81050f313e88a0b5bf947d459a5df25df6b117f89be9,,,2026-08-23T17:18:04.591571+00:00,d7bbcc955605cabbad5e2409dd613feb,,,,,c4cb05689fe809929a03616b66635699a1becd3aea79417417cc4276e540857d,a025986a7ba5f6515a0ed3bf5a3f7349816e8a132b0acf16b19c8a1f0ca9d824,,,2026-08-22T18:57:18.800433+00:00,eb562985f77fc8a152d2d22d15bfd3f4695b107bdaa4c375fc5dde2be0f10805,active,,,14,ACCEPTED,ALL_BASELINE_CONTROLS,,,,True,True,True,True,True,False,eRMwCXXRx6yvazqmsNdubDLQN32oHFcndGsZWFALR5U=,912f466356602b04bdadad336e8eeeda8e082469966f8268cae925bc76df1a09,lhIS+WjWdu7nwVo2eeSh1fX8D+pCzpAo3q6D86Frg0w=,f5465d25baaeb4d2d8768dc65fd297cccddbd50159b29894d00dc59c208b5b04,yeIN/Rct29rwoDIpF1SSTSZxbkG02VAaHAVzJut3MnY=,29ac3bebc7d8bf95fc566b7fd18bb82a91593b8a3a0877f87ec4350551f94d53,,,,,,,,,,,,,,,,,45de256f9d3590288c2184e36d23976be24bbfe3a9f8ae03c7cd6cbf4c35f226,audit_trails/artifacts/accepted_runtime_submissions/T3_XMK_CKKS_TADP_client_000_r14_912f466356602b04__45de256f9d359028.json,,,,,,,,,,,,,94c1d80f19d06abb096912cd3af21b28cacc09b1abd49a1b4d1a112bc019654a,b6cb8a315b8dc1bd8ec5dacc2cf0dad307a3b88a9ac2d7affb223519169b0d89,,
508,53c9025986f5f3622c84cb37a5820fb6,9807b00ec9f05c0ed690f948a024469da45a3923628918d48e6175fa51233777,2026-08-22T17:58:56.305891+00:00,TADP-SEC/12.1,CLIENT_CIPHERTEXT_BINDING,T3_XMK_CKKS_TADP,,,,client_000,,,,,,,,,,,,,,,,,,,,,,,,,,,,,,,,,,,,,,,,CIPHERTEXT_BOUND_TO_SIGNED_UPDATE,,,,,,,,,,,,,,,,,C3_CONFIDENTIAL,3,,,,,,,,,,,,,d7bbcc955605cabbad5e2409dd613feb,,,,,,,,,,,,,,14,VERIFIED,,,,,True,,,,,False,eRMwCXXRx6yvazqmsNdubDLQN32oHFcndGsZWFALR5U=,912f466356602b04bdadad336e8eeeda8e082469966f8268cae925bc76df1a09,lhIS+WjWdu7nwVo2eeSh1fX8D+pCzpAo3q6D86Frg0w=,593ae7a5c3fafc6849c950b5bffe2801d25b955120d73e3a3d9582a3f7cdbc46,yeIN/Rct29rwoDIpF1SSTSZxbkG02VAaHAVzJut3MnY=,29ac3bebc7d8bf95fc566b7fd18bb82a91593b8a3a0877f87ec4350551f94d53,"T3: xMK submit share (round-level finalize), noise=0.000",reference_python,n=|logq=|scale=|scheme=alg_xmk_ckks,xmk_agg_pk:2c483293497644b3,,,,,,,,,b5f14878194c0694a99cf4952fc98bede0c44c86f5887ec4661f343217591bd4,,d9a9ae52c089d2892e81c5493401e7553f04279c9e55e4c54eb29cae38dcab73,audit_trails/artifacts/ciphertext_attestations/T3_XMK_CKKS_TADP_client_000_r14_4bc62ce57f62f54f__d9a9ae52c089d289.json,,,,,,,,,,,,,,,b6cb8a315b8dc1bd8ec5dacc2cf0dad307a3b88a9ac2d7affb223519169b0d89,70a66f2c171672c976b5c8fa419700b53bec4253e60b23f8c084005f145c175d,,
509,d772325e4683f33413ffce17fd4408dd,9807b00ec9f05c0ed690f948a024469da45a3923628918d48e6175fa51233777,2026-08-22T17:59:03.841312+00:00,TADP-SEC/12.1,CLIENT_ACCEPTED_SUBMISSION,T3_XMK_CKKS_TADP,,,,client_000,,,,,,,,,,,2.3-phase1-fixed-threshold-critical-floor-review-profile,47dd2e58be138865a6d591a63329509757be6b563afb2badb96beb09eac726e5,a663ab753fcbe1179628a237bb638420356ea261176b970e3553fa59bfe7e9d6,1c154f7d4e37aa15e037310f6b45ff14a874311a582c673470a238929d8125dd,8d877b4c3b654a235066cdd49bf4c7e04e1b662c0cf44a17b54811ea50677e11,VALIDATED_EVIDENCE_BUNDLE,,,,,,,,,,,,,,,,,,,,,,,,UPDATE_SUBMITTED_ENFORCED,,False,NOT_REQUIRED_AUTOMATED_POLICY,False,,,,,,,,,,,,,C3_CONFIDENTIAL,3,,,,,,,,6f8a5214daf0d8d5188f7da84fe0931408bac9ce898d47d09d53366ef6cfe2b8,c068640bad122342de0e81050f313e88a0b5bf947d459a5df25df6b117f89be9,,,2026-08-23T17:18:04.591571+00:00,d7bbcc955605cabbad5e2409dd613feb,,,,,c4cb05689fe809929a03616b66635699a1becd3aea79417417cc4276e540857d,a025986a7ba5f6515a0ed3bf5a3f7349816e8a132b0acf16b19c8a1f0ca9d824,,,2026-08-22T18:57:18.800433+00:00,eb562985f77fc8a152d2d22d15bfd3f4695b107bdaa4c375fc5dde2be0f10805,active,,,15,ACCEPTED,ALL_BASELINE_CONTROLS,,,,True,True,True,True,True,False,OTlHmYq3YfwxNwq7thIW5B6i1REsyCYUc2HEBGm0BMo=,07c8b3547c187ab7fbd47f95613da41cc58c5aa844b9b47f9efdf0f9c3b20781,lhIS+WjWdu7nwVo2eeSh1fX8D+pCzpAo3q6D86Frg0w=,11310744e0a0aaf1b333cd9ad4842334417058df01781e4054b338d3068e8286,3dnE4YH64UFLAqC6qIrmokdaEgeuVvRR27k+MIVYIaE=,29ac3bebc7d8bf95fc566b7fd18bb82a91593b8a3a0877f87ec4350551f94d53,,,,,,,,,,,,,,,,,76fe2ecd352f54552924028bfd2ef4e0ef48f9adc9f7643a07f94d053bb47150,audit_trails/artifacts/accepted_runtime_submissions/T3_XMK_CKKS_TADP_client_000_r15_07c8b3547c187ab7__76fe2ecd352f5455.json,,,,,,,,,,,,,70a66f2c171672c976b5c8fa419700b53bec4253e60b23f8c084005f145c175d,5e063d165abf77cde549f21a31119e8a333b0997536968af67dbe057e85a525d,,
510,059a88a21d27cb96939bc4d812a30fcb,9807b00ec9f05c0ed690f948a024469da45a3923628918d48e6175fa51233777,2026-08-22T17:59:04.181817+00:00,TADP-SEC/12.1,CLIENT_CIPHERTEXT_BINDING,T3_XMK_CKKS_TADP,,,,client_000,,,,,,,,,,,,,,,,,,,,,,,,,,,,,,,,,,,,,,,,CIPHERTEXT_BOUND_TO_SIGNED_UPDATE,,,,,,,,,,,,,,,,,C3_CONFIDENTIAL,3,,,,,,,,,,,,,d7bbcc955605cabbad5e2409dd613feb,,,,,,,,,,,,,,15,VERIFIED,,,,,True,,,,,False,OTlHmYq3YfwxNwq7thIW5B6i1REsyCYUc2HEBGm0BMo=,07c8b3547c187ab7fbd47f95613da41cc58c5aa844b9b47f9efdf0f9c3b20781,lhIS+WjWdu7nwVo2eeSh1fX8D+pCzpAo3q6D86Frg0w=,3c32d2818a021bf03110170dedc908cb0c571af4b64b8ba0299b08c8270e09bd,3dnE4YH64UFLAqC6qIrmokdaEgeuVvRR27k+MIVYIaE=,29ac3bebc7d8bf95fc566b7fd18bb82a91593b8a3a0877f87ec4350551f94d53,"T3: xMK submit share (round-level finalize), noise=0.000",reference_python,n=|logq=|scale=|scheme=alg_xmk_ckks,xmk_agg_pk:2c483293497644b3,,,,,,,,,5c0097b04950abe371bb611ef1fb276d43c8e36b0241265cac70dc86c22547f2,,6300e745fed6d74ab19eee8edefd6f487d2284d2d6e68a560022f4523822b3ba,audit_trails/artifacts/ciphertext_attestations/T3_XMK_CKKS_TADP_client_000_r15_d145f353fdc9d49b__6300e745fed6d74a.json,,,,,,,,,,,,,,,5e063d165abf77cde549f21a31119e8a333b0997536968af67dbe057e85a525d,099ccdeff9787e53abbf5fa0c488d1d0ff2a81b7cb6a22975e00a351b4dbe395,,
511,b76908d91521c13a17b73b1cb268a96e,9807b00ec9f05c0ed690f948a024469da45a3923628918d48e6175fa51233777,2026-08-22T17:59:12.941465+00:00,TADP-SEC/12.1,CLIENT_ACCEPTED_SUBMISSION,T3_XMK_CKKS_TADP,,,,client_000,,,,,,,,,,,2.3-phase1-fixed-threshold-critical-floor-review-profile,47dd2e58be138865a6d591a63329509757be6b563afb2badb96beb09eac726e5,a663ab753fcbe1179628a237bb638420356ea261176b970e3553fa59bfe7e9d6,1c154f7d4e37aa15e037310f6b45ff14a874311a582c673470a238929d8125dd,8d877b4c3b654a235066cdd49bf4c7e04e1b662c0cf44a17b54811ea50677e11,VALIDATED_EVIDENCE_BUNDLE,,,,,,,,,,,,,,,,,,,,,,,,UPDATE_SUBMITTED_ENFORCED,,False,NOT_REQUIRED_AUTOMATED_POLICY,False,,,,,,,,,,,,,C3_CONFIDENTIAL,3,,,,,,,,6f8a5214daf0d8d5188f7da84fe0931408bac9ce898d47d09d53366ef6cfe2b8,c068640bad122342de0e81050f313e88a0b5bf947d459a5df25df6b117f89be9,,,2026-08-23T17:18:04.591571+00:00,d7bbcc955605cabbad5e2409dd613feb,,,,,c4cb05689fe809929a03616b66635699a1becd3aea79417417cc4276e540857d,a025986a7ba5f6515a0ed3bf5a3f7349816e8a132b0acf16b19c8a1f0ca9d824,,,2026-08-22T18:57:18.800433+00:00,eb562985f77fc8a152d2d22d15bfd3f4695b107bdaa4c375fc5dde2be0f10805,active,,,16,ACCEPTED,ALL_BASELINE_CONTROLS,,,,True,True,True,True,True,False,dQDleEv5aGsj5tPbdLhWLQRFy/VJy2Tqdpja70MUVlQ=,eb8ccfc08c377054beedd0e21c5740d42db2be68dac5e20559ded78d127f9e64,lhIS+WjWdu7nwVo2eeSh1fX8D+pCzpAo3q6D86Frg0w=,a667e4eebe95a30e7498502022c54b2dbc5b76cad22a73d03509e78c904cabb0,mMl8Q+p5ezSnYfyjhbK+IWTLK45H4dMoy6pg+bNkPZk=,29ac3bebc7d8bf95fc566b7fd18bb82a91593b8a3a0877f87ec4350551f94d53,,,,,,,,,,,,,,,,,40447ac919c389fd9345ac2a28ef9b7b31c0504c3b586d3d75362d5d58720ac5,audit_trails/artifacts/accepted_runtime_submissions/T3_XMK_CKKS_TADP_client_000_r16_eb8ccfc08c377054__40447ac919c389fd.json,,,,,,,,,,,,,099ccdeff9787e53abbf5fa0c488d1d0ff2a81b7cb6a22975e00a351b4dbe395,02da090784a9618ce36327f04b67f652190a7554821ebb0bed4ced02eea67520,,
512,79a3c9b037fa901e7df299a8cb101f6f,9807b00ec9f05c0ed690f948a024469da45a3923628918d48e6175fa51233777,2026-08-22T17:59:13.752375+00:00,TADP-SEC/12.1,CLIENT_CIPHERTEXT_BINDING,T3_XMK_CKKS_TADP,,,,client_000,,,,,,,,,,,,,,,,,,,,,,,,,,,,,,,,,,,,,,,,CIPHERTEXT_BOUND_TO_SIGNED_UPDATE,,,,,,,,,,,,,,,,,C3_CONFIDENTIAL,3,,,,,,,,,,,,,d7bbcc955605cabbad5e2409dd613feb,,,,,,,,,,,,,,16,VERIFIED,,,,,True,,,,,False,dQDleEv5aGsj5tPbdLhWLQRFy/VJy2Tqdpja70MUVlQ=,eb8ccfc08c377054beedd0e21c5740d42db2be68dac5e20559ded78d127f9e64,lhIS+WjWdu7nwVo2eeSh1fX8D+pCzpAo3q6D86Frg0w=,1065ce8f36462a60a9fce57d4b19bae271c31528660377f5c8cb51edc340798e,mMl8Q+p5ezSnYfyjhbK+IWTLK45H4dMoy6pg+bNkPZk=,29ac3bebc7d8bf95fc566b7fd18bb82a91593b8a3a0877f87ec4350551f94d53,"T3: xMK submit share (round-level finalize), noise=0.000",reference_python,n=|logq=|scale=|scheme=alg_xmk_ckks,xmk_agg_pk:2c483293497644b3,,,,,,,,,7d86088ec6c32e75e41cbbf2aef1baff81fd982cc72a948e043e9743187d98ab,,b7f2d7f77736b32f68267b1290600d04c63ce2e73b528ea4c182305f790f4268,audit_trails/artifacts/ciphertext_attestations/T3_XMK_CKKS_TADP_client_000_r16_5727d0048cf2871e__b7f2d7f77736b32f.json,,,,,,,,,,,,,,,02da090784a9618ce36327f04b67f652190a7554821ebb0bed4ced02eea67520,8feb287f6622db6d3025a4cba69e3261387e025a5b08c222714ae722badddf49,,wrDPyC5hrfXv5ucyeV7lLTb+0gMYlSXpwKljHR5rMSzGS0pVI0kpqN6CbvPBQDK4wwfab+eCSXTNf6OojqGyF6wSi3y7CZJW5erxEkXSG3bDnKzzBNBDKQt69ReXlmN876GGSUJfKtRc6ozUiAufWFJYWgqHnHd5a2jW0ircXTt0qs17fXka1c2JXR5Ksis73xkPBBVTrFq5kZyH+ciWoaIQQXFz1Xssje5CNBmrmnheRNaBxTDyjElRT6aqOE4Rhd7K20lN7X/CH6FhYlLe6fFKKw9GLjUvlfAEhdkSpQK0q83mbGXhW18BgK7vERdVAjAhVsyUaos9b48v+rOH3aSuzJhDZ/fgqXryFHMYzwbp4Rg3Tb0JZFZK09iZ7eOFYHRUCOWNdyy9nUBOMZMuDN/RGdBu/0kyrWKsMKY5l2s+5S5oX+hefFYNFmCCsVGATsi5JAjaaAPGejhCySITScRVHoQBAurhOm3bu2utVwNDRKmTjsVfIGB3cRvTl1qI
513,fa49e2249c78ed74ba59fcd315861b80,9807b00ec9f05c0ed690f948a024469da45a3923628918d48e6175fa51233777,2026-08-22T17:59:21.798032+00:00,TADP-SEC/12.1,CLIENT_ACCEPTED_SUBMISSION,T3_XMK_CKKS_TADP,,,,client_000,,,,,,,,,,,2.3-phase1-fixed-threshold-critical-floor-review-profile,47dd2e58be138865a6d591a63329509757be6b563afb2badb96beb09eac726e5,a663ab753fcbe1179628a237bb638420356ea261176b970e3553fa59bfe7e9d6,1c154f7d4e37aa15e037310f6b45ff14a874311a582c673470a238929d8125dd,8d877b4c3b654a235066cdd49bf4c7e04e1b662c0cf44a17b54811ea50677e11,VALIDATED_EVIDENCE_BUNDLE,,,,,,,,,,,,,,,,,,,,,,,,UPDATE_SUBMITTED_ENFORCED,,False,NOT_REQUIRED_AUTOMATED_POLICY,False,,,,,,,,,,,,,C3_CONFIDENTIAL,3,,,,,,,,6f8a5214daf0d8d5188f7da84fe0931408bac9ce898d47d09d53366ef6cfe2b8,c068640bad122342de0e81050f313e88a0b5bf947d459a5df25df6b117f89be9,,,2026-08-23T17:18:04.591571+00:00,d7bbcc955605cabbad5e2409dd613feb,,,,,c4cb05689fe809929a03616b66635699a1becd3aea79417417cc4276e540857d,a025986a7ba5f6515a0ed3bf5a3f7349816e8a132b0acf16b19c8a1f0ca9d824,,,2026-08-22T18:57:18.800433+00:00,eb562985f77fc8a152d2d22d15bfd3f4695b107bdaa4c375fc5dde2be0f10805,active,,,17,ACCEPTED,ALL_BASELINE_CONTROLS,,,,True,True,True,True,True,False,Fkd8lz19d8UpJsNORpYQdLEf1JwSTZVxSnoS950K8mA=,5aead67e013b575003e4670939fc00ab7ea2180a28f3100cf87b8dd50a298139,lhIS+WjWdu7nwVo2eeSh1fX8D+pCzpAo3q6D86Frg0w=,4ffda4e1385e631637d36060117b65fa29fd69de66fcb06085a48b9203410d5c,adXHVe/izrmlXdIWNXmnrrQfZp0CONe8y8sM+0EgNYQ=,29ac3bebc7d8bf95fc566b7fd18bb82a91593b8a3a0877f87ec4350551f94d53,,,,,,,,,,,,,,,,,1e1c2dfa5346878a90bb4bb95918936378ed7291da8b2bd56b4425b053871e54,audit_trails/artifacts/accepted_runtime_submissions/T3_XMK_CKKS_TADP_client_000_r17_5aead67e013b5750__1e1c2dfa5346878a.json,,,,,,,,,,,,,8feb287f6622db6d3025a4cba69e3261387e025a5b08c222714ae722badddf49,aaf05ea8614408e7c5752d43ed572603c87b67532204b6955551185b12e1609f,,
514,d02f3cdb6f845e14bfb66dbf36bd1f40,9807b00ec9f05c0ed690f948a024469da45a3923628918d48e6175fa51233777,2026-08-22T17:59:22.127911+00:00,TADP-SEC/12.1,CLIENT_CIPHERTEXT_BINDING,T3_XMK_CKKS_TADP,,,,client_000,,,,,,,,,,,,,,,,,,,,,,,,,,,,,,,,,,,,,,,,CIPHERTEXT_BOUND_TO_SIGNED_UPDATE,,,,,,,,,,,,,,,,,C3_CONFIDENTIAL,3,,,,,,,,,,,,,d7bbcc955605cabbad5e2409dd613feb,,,,,,,,,,,,,,17,VERIFIED,,,,,True,,,,,False,Fkd8lz19d8UpJsNORpYQdLEf1JwSTZVxSnoS950K8mA=,5aead67e013b575003e4670939fc00ab7ea2180a28f3100cf87b8dd50a298139,lhIS+WjWdu7nwVo2eeSh1fX8D+pCzpAo3q6D86Frg0w=,8080214beb4baf8857110226501779bdfcbcfbbb7f46939c6ffa282c3c7a735b,adXHVe/izrmlXdIWNXmnrrQfZp0CONe8y8sM+0EgNYQ=,29ac3bebc7d8bf95fc566b7fd18bb82a91593b8a3a0877f87ec4350551f94d53,"T3: xMK submit share (round-level finalize), noise=0.000",reference_python,n=|logq=|scale=|scheme=alg_xmk_ckks,xmk_agg_pk:2c483293497644b3,,,,,,,,,c8e8c6be2d0bbf452d78c2002eaf5b8a2191d3f90c56f52613ec34ff875ef903,,85d05036098333031309627ab8d0ec7cf14b65231aac6619014ae22d1bf90e1c,audit_trails/artifacts/ciphertext_attestations/T3_XMK_CKKS_TADP_client_000_r17_6c8191f38122171a__85d0503609833303.json,,,,,,,,,,,,,,,aaf05ea8614408e7c5752d43ed572603c87b67532204b6955551185b12e1609f,7a6077d9993cd6fca0a97268e896d27ba244ddb89c9129a71ca1bed5f2531e67,,
515,e74d42ef02fc23ab313562fa7341c282,9807b00ec9f05c0ed690f948a024469da45a3923628918d48e6175fa51233777,2026-08-22T17:59:29.593582+00:00,TADP-SEC/12.1,CLIENT_ACCEPTED_SUBMISSION,T3_XMK_CKKS_TADP,,,,client_000,,,,,,,,,,,2.3-phase1-fixed-threshold-critical-floor-review-profile,47dd2e58be138865a6d591a63329509757be6b563afb2badb96beb09eac726e5,a663ab753fcbe1179628a237bb638420356ea261176b970e3553fa59bfe7e9d6,1c154f7d4e37aa15e037310f6b45ff14a874311a582c673470a238929d8125dd,8d877b4c3b654a235066cdd49bf4c7e04e1b662c0cf44a17b54811ea50677e11,VALIDATED_EVIDENCE_BUNDLE,,,,,,,,,,,,,,,,,,,,,,,,UPDATE_SUBMITTED_ENFORCED,,False,NOT_REQUIRED_AUTOMATED_POLICY,False,,,,,,,,,,,,,C3_CONFIDENTIAL,3,,,,,,,,6f8a5214daf0d8d5188f7da84fe0931408bac9ce898d47d09d53366ef6cfe2b8,c068640bad122342de0e81050f313e88a0b5bf947d459a5df25df6b117f89be9,,,2026-08-23T17:18:04.591571+00:00,d7bbcc955605cabbad5e2409dd613feb,,,,,c4cb05689fe809929a03616b66635699a1becd3aea79417417cc4276e540857d,a025986a7ba5f6515a0ed3bf5a3f7349816e8a132b0acf16b19c8a1f0ca9d824,,,2026-08-22T18:57:18.800433+00:00,eb562985f77fc8a152d2d22d15bfd3f4695b107bdaa4c375fc5dde2be0f10805,active,,,18,ACCEPTED,ALL_BASELINE_CONTROLS,,,,True,True,True,True,True,False,u8BPt3GkOEUmTNKDBzKSzoQ8J6Cd6YEZMXlO8HEMviQ=,282f9bb3a6c3f55e3703273ab63896ac6194b863d12c4f34e0a90c63ee224ab1,lhIS+WjWdu7nwVo2eeSh1fX8D+pCzpAo3q6D86Frg0w=,4e8b2ab48ceeda7b667d46bf3e8a4a2473d6e6a3478d16607b50e0cb02b6183a,4KdIo8q+BS4iBtfQkIQ81XBu3lqNulGAIT2areRIGP8=,29ac3bebc7d8bf95fc566b7fd18bb82a91593b8a3a0877f87ec4350551f94d53,,,,,,,,,,,,,,,,,87967aa041b25eb494ed7ba345ad53ce8c7ff83715ab99ccbc52ba4685bdb2e7,audit_trails/artifacts/accepted_runtime_submissions/T3_XMK_CKKS_TADP_client_000_r18_282f9bb3a6c3f55e__87967aa041b25eb4.json,,,,,,,,,,,,,7a6077d9993cd6fca0a97268e896d27ba244ddb89c9129a71ca1bed5f2531e67,50f6b5585eb1e75b29f5c4cc58507c5f30a839d3922f809097c4c762e3691e0a,,
516,f89d8d123aaab0b4aee7d44c084f1f05,9807b00ec9f05c0ed690f948a024469da45a3923628918d48e6175fa51233777,2026-08-22T17:59:30.012297+00:00,TADP-SEC/12.1,CLIENT_CIPHERTEXT_BINDING,T3_XMK_CKKS_TADP,,,,client_000,,,,,,,,,,,,,,,,,,,,,,,,,,,,,,,,,,,,,,,,CIPHERTEXT_BOUND_TO_SIGNED_UPDATE,,,,,,,,,,,,,,,,,C3_CONFIDENTIAL,3,,,,,,,,,,,,,d7bbcc955605cabbad5e2409dd613feb,,,,,,,,,,,,,,18,VERIFIED,,,,,True,,,,,False,u8BPt3GkOEUmTNKDBzKSzoQ8J6Cd6YEZMXlO8HEMviQ=,282f9bb3a6c3f55e3703273ab63896ac6194b863d12c4f34e0a90c63ee224ab1,lhIS+WjWdu7nwVo2eeSh1fX8D+pCzpAo3q6D86Frg0w=,58c1f2fa11d8a99a794c01a37ed9df02137f0b8f73b1c95cd626fe4fdc6168b7,4KdIo8q+BS4iBtfQkIQ81XBu3lqNulGAIT2areRIGP8=,29ac3bebc7d8bf95fc566b7fd18bb82a91593b8a3a0877f87ec4350551f94d53,"T3: xMK submit share (round-level finalize), noise=0.000",reference_python,n=|logq=|scale=|scheme=alg_xmk_ckks,xmk_agg_pk:2c483293497644b3,,,,,,,,,ea9690b6e19cf0c9c1847ec1a9a8bb5d4728da4b94723f5341e617135df25098,,6b79deaa1280629d2bf1730207cbe68bc810d3ec9c435fc202a7e93103e6dffe,audit_trails/artifacts/ciphertext_attestations/T3_XMK_CKKS_TADP_client_000_r18_e4c045beb0797e23__6b79deaa1280629d.json,,,,,,,,,,,,,,,50f6b5585eb1e75b29f5c4cc58507c5f30a839d3922f809097c4c762e3691e0a,c3c67cc67157a1cdbeb4e925c38ba90a6020cd802b159ddb0bc18d65a1732973,,
517,82ada4c8dc3ac1a6c410f124797e6c74,9807b00ec9f05c0ed690f948a024469da45a3923628918d48e6175fa51233777,2026-08-22T17:59:36.513345+00:00,TADP-SEC/12.1,CLIENT_ACCEPTED_SUBMISSION,T3_XMK_CKKS_TADP,,,,client_000,,,,,,,,,,,2.3-phase1-fixed-threshold-critical-floor-review-profile,47dd2e58be138865a6d591a63329509757be6b563afb2badb96beb09eac726e5,a663ab753fcbe1179628a237bb638420356ea261176b970e3553fa59bfe7e9d6,1c154f7d4e37aa15e037310f6b45ff14a874311a582c673470a238929d8125dd,8d877b4c3b654a235066cdd49bf4c7e04e1b662c0cf44a17b54811ea50677e11,VALIDATED_EVIDENCE_BUNDLE,,,,,,,,,,,,,,,,,,,,,,,,UPDATE_SUBMITTED_ENFORCED,,False,NOT_REQUIRED_AUTOMATED_POLICY,False,,,,,,,,,,,,,C3_CONFIDENTIAL,3,,,,,,,,6f8a5214daf0d8d5188f7da84fe0931408bac9ce898d47d09d53366ef6cfe2b8,c068640bad122342de0e81050f313e88a0b5bf947d459a5df25df6b117f89be9,,,2026-08-23T17:18:04.591571+00:00,d7bbcc955605cabbad5e2409dd613feb,,,,,c4cb05689fe809929a03616b66635699a1becd3aea79417417cc4276e540857d,a025986a7ba5f6515a0ed3bf5a3f7349816e8a132b0acf16b19c8a1f0ca9d824,,,2026-08-22T18:57:18.800433+00:00,eb562985f77fc8a152d2d22d15bfd3f4695b107bdaa4c375fc5dde2be0f10805,active,,,19,ACCEPTED,ALL_BASELINE_CONTROLS,,,,True,True,True,True,True,False,SahuYoDFP0GeLlaxDcuZ1jao2tzW1ZxvkgtQgHiZBMw=,17c8e371123b17508c7a20e4f69295abec71350ae3bfc271222fcf9ea22649a4,lhIS+WjWdu7nwVo2eeSh1fX8D+pCzpAo3q6D86Frg0w=,8e0734a460d1bbe03a1d8284662c09789c06865af5a8444bb0a6758d96f507b5,WxUuK/UH7CwcDloIlg1R0qmp/nfP+t75/t0VAyqSZ2g=,29ac3bebc7d8bf95fc566b7fd18bb82a91593b8a3a0877f87ec4350551f94d53,,,,,,,,,,,,,,,,,e92389d427f401cc1e4a0c359d7c0e338bab5705afb5ace3ce2813d2d2968a19,audit_trails/artifacts/accepted_runtime_submissions/T3_XMK_CKKS_TADP_client_000_r19_17c8e371123b1750__e92389d427f401cc.json,,,,,,,,,,,,,c3c67cc67157a1cdbeb4e925c38ba90a6020cd802b159ddb0bc18d65a1732973,03e26286b0f061781565f1bc4b391b8b62b278f9cb193878236104a385ff776c,,
518,08e4de546a279ebd882b8b86fccd6026,9807b00ec9f05c0ed690f948a024469da45a3923628918d48e6175fa51233777,2026-08-22T17:59:36.844806+00:00,TADP-SEC/12.1,CLIENT_CIPHERTEXT_BINDING,T3_XMK_CKKS_TADP,,,,client_000,,,,,,,,,,,,,,,,,,,,,,,,,,,,,,,,,,,,,,,,CIPHERTEXT_BOUND_TO_SIGNED_UPDATE,,,,,,,,,,,,,,,,,C3_CONFIDENTIAL,3,,,,,,,,,,,,,d7bbcc955605cabbad5e2409dd613feb,,,,,,,,,,,,,,19,VERIFIED,,,,,True,,,,,False,SahuYoDFP0GeLlaxDcuZ1jao2tzW1ZxvkgtQgHiZBMw=,17c8e371123b17508c7a20e4f69295abec71350ae3bfc271222fcf9ea22649a4,lhIS+WjWdu7nwVo2eeSh1fX8D+pCzpAo3q6D86Frg0w=,295c54597ea78a3f0e09004ac688c519a9ee0ffd8d419a5d8fde86c3cfe64103,WxUuK/UH7CwcDloIlg1R0qmp/nfP+t75/t0VAyqSZ2g=,29ac3bebc7d8bf95fc566b7fd18bb82a91593b8a3a0877f87ec4350551f94d53,"T3: xMK submit share (round-level finalize), noise=0.000",reference_python,n=|logq=|scale=|scheme=alg_xmk_ckks,xmk_agg_pk:2c483293497644b3,,,,,,,,,99741924e2fcf01f1111893e8c9832610cb3d26235b4998e7f60dd1713b3dd3c,,ebcca5d8c975667cdd7318193a272559c0024b755a09d0fffdac6a8dc25f44a3,audit_trails/artifacts/ciphertext_attestations/T3_XMK_CKKS_TADP_client_000_r19_722510e22787565a__ebcca5d8c975667c.json,,,,,,,,,,,,,,,03e26286b0f061781565f1bc4b391b8b62b278f9cb193878236104a385ff776c,f4ce9f6d7175019efceaf1add68639fa89b7fd82e3b8c5bb18c8d4b5601e0858,,
519,73ebe19831b1957394ace880e89ea253,9807b00ec9f05c0ed690f948a024469da45a3923628918d48e6175fa51233777,2026-08-22T17:59:44.348264+00:00,TADP-SEC/12.1,CLIENT_ACCEPTED_SUBMISSION,T3_XMK_CKKS_TADP,,,,client_000,,,,,,,,,,,2.3-phase1-fixed-threshold-critical-floor-review-profile,47dd2e58be138865a6d591a63329509757be6b563afb2badb96beb09eac726e5,a663ab753fcbe1179628a237bb638420356ea261176b970e3553fa59bfe7e9d6,1c154f7d4e37aa15e037310f6b45ff14a874311a582c673470a238929d8125dd,8d877b4c3b654a235066cdd49bf4c7e04e1b662c0cf44a17b54811ea50677e11,VALIDATED_EVIDENCE_BUNDLE,,,,,,,,,,,,,,,,,,,,,,,,UPDATE_SUBMITTED_ENFORCED,,False,NOT_REQUIRED_AUTOMATED_POLICY,False,,,,,,,,,,,,,C3_CONFIDENTIAL,3,,,,,,,,6f8a5214daf0d8d5188f7da84fe0931408bac9ce898d47d09d53366ef6cfe2b8,c068640bad122342de0e81050f313e88a0b5bf947d459a5df25df6b117f89be9,,,2026-08-23T17:18:04.591571+00:00,d7bbcc955605cabbad5e2409dd613feb,,,,,c4cb05689fe809929a03616b66635699a1becd3aea79417417cc4276e540857d,a025986a7ba5f6515a0ed3bf5a3f7349816e8a132b0acf16b19c8a1f0ca9d824,,,2026-08-22T18:57:18.800433+00:00,eb562985f77fc8a152d2d22d15bfd3f4695b107bdaa4c375fc5dde2be0f10805,active,,,20,ACCEPTED,ALL_BASELINE_CONTROLS,,,,True,True,True,True,True,False,I/gxvAe4NA/MBZUx2kWdBkEGZiLoIvtn5b0DQDFPbTA=,aa768b16b51d237f2deb5b994ff2001457adc0a43586dd804289d40918ef803f,lhIS+WjWdu7nwVo2eeSh1fX8D+pCzpAo3q6D86Frg0w=,65c073f86a4f2e3eeb2b748587783bd544cf52c4c5db01bd6b219860abe859a0,dNQRcgHzqV6FIn05Hq3JVY+KgdOoEKO/qaA4+EjFPiY=,29ac3bebc7d8bf95fc566b7fd18bb82a91593b8a3a0877f87ec4350551f94d53,,,,,,,,,,,,,,,,,2cd0554836bc63993995095ff30673dfda6477b2dbf71d85bebd089313b11271,audit_trails/artifacts/accepted_runtime_submissions/T3_XMK_CKKS_TADP_client_000_r20_aa768b16b51d237f__2cd0554836bc6399.json,,,,,,,,,,,,,f4ce9f6d7175019efceaf1add68639fa89b7fd82e3b8c5bb18c8d4b5601e0858,25ebd0cebdf8e4ac0f03b16e49b66898ab535cf985a12fab3c4e77de55528a41,,
520,bb4c65f0f03fbd97a40835709e3b0dde,9807b00ec9f05c0ed690f948a024469da45a3923628918d48e6175fa51233777,2026-08-22T17:59:44.682293+00:00,TADP-SEC/12.1,CLIENT_CIPHERTEXT_BINDING,T3_XMK_CKKS_TADP,,,,client_000,,,,,,,,,,,,,,,,,,,,,,,,,,,,,,,,,,,,,,,,CIPHERTEXT_BOUND_TO_SIGNED_UPDATE,,,,,,,,,,,,,,,,,C3_CONFIDENTIAL,3,,,,,,,,,,,,,d7bbcc955605cabbad5e2409dd613feb,,,,,,,,,,,,,,20,VERIFIED,,,,,True,,,,,False,I/gxvAe4NA/MBZUx2kWdBkEGZiLoIvtn5b0DQDFPbTA=,aa768b16b51d237f2deb5b994ff2001457adc0a43586dd804289d40918ef803f,lhIS+WjWdu7nwVo2eeSh1fX8D+pCzpAo3q6D86Frg0w=,5c5b6ebd7b956f2a9a4712be5a7f15bc06fbc3b2a76b3916f73b075ed9402ad9,dNQRcgHzqV6FIn05Hq3JVY+KgdOoEKO/qaA4+EjFPiY=,29ac3bebc7d8bf95fc566b7fd18bb82a91593b8a3a0877f87ec4350551f94d53,"T3: xMK submit share (round-level finalize), noise=0.000",reference_python,n=|logq=|scale=|scheme=alg_xmk_ckks,xmk_agg_pk:2c483293497644b3,,,,,,,,,6892c2b23d2cd99c7c1569b3bf22f3385e1c38a4f724408f00e4d704e861bfea,,6cdee6ed0c96ae6024481665f32b818acfd666a51e5e8f43455c872e30b292d7,audit_trails/artifacts/ciphertext_attestations/T3_XMK_CKKS_TADP_client_000_r20_2e68d068412e5688__6cdee6ed0c96ae60.json,,,,,,,,,,,,,,,25ebd0cebdf8e4ac0f03b16e49b66898ab535cf985a12fab3c4e77de55528a41,fda4d5bf7bf5a86755ef5e8a291b980cd83c6b6d3bcd7d0bc28c0cce08c12eda,,
521,81b5cbac3097dfc3286bf1201b30fe1a,9807b00ec9f05c0ed690f948a024469da45a3923628918d48e6175fa51233777,2026-08-22T17:59:53.200428+00:00,TADP-SEC/12.1,CLIENT_ACCEPTED_SUBMISSION,T3_XMK_CKKS_TADP,,,,client_000,,,,,,,,,,,2.3-phase1-fixed-threshold-critical-floor-review-profile,47dd2e58be138865a6d591a63329509757be6b563afb2badb96beb09eac726e5,a663ab753fcbe1179628a237bb638420356ea261176b970e3553fa59bfe7e9d6,1c154f7d4e37aa15e037310f6b45ff14a874311a582c673470a238929d8125dd,8d877b4c3b654a235066cdd49bf4c7e04e1b662c0cf44a17b54811ea50677e11,VALIDATED_EVIDENCE_BUNDLE,,,,,,,,,,,,,,,,,,,,,,,,UPDATE_SUBMITTED_ENFORCED,,False,NOT_REQUIRED_AUTOMATED_POLICY,False,,,,,,,,,,,,,C3_CONFIDENTIAL,3,,,,,,,,6f8a5214daf0d8d5188f7da84fe0931408bac9ce898d47d09d53366ef6cfe2b8,c068640bad122342de0e81050f313e88a0b5bf947d459a5df25df6b117f89be9,,,2026-08-23T17:18:04.591571+00:00,9c1286978e84af7283d763691840d355,,,,,3e85f890cf3c311125b6eaadaa813fd10a33030c64c8511f6ffcecf893222494,0082cf07ad3f3d49df198bf269b3e9b702a01640c4d285aa005e541508128c27,,,2026-08-22T18:59:51.194175+00:00,eb562985f77fc8a152d2d22d15bfd3f4695b107bdaa4c375fc5dde2be0f10805,active,,,1,ACCEPTED,ALL_BASELINE_CONTROLS,,,,True,True,True,True,True,False,Kd2f4fKYCyDG5yA/zbmojbYYnmPMQbXBjxKxKA4/wMc=,7630596f0f26aff3fae31336755abef1aefabc57762672bbbaf4bdc3fc7427e2,lhIS+WjWdu7nwVo2eeSh1fX8D+pCzpAo3q6D86Frg0w=,a74e9941b0ebce88707f6b20139e9972b5c8bdadf4c734fcbd27f0690d553d1d,/H8yDF0d1eyZeMq30kXyeKUgT/fz6t8F6qYuf6Ti1zA=,29ac3bebc7d8bf95fc566b7fd18bb82a91593b8a3a0877f87ec4350551f94d53,,,,,,,,,,,,,,,,,b7265c23627aaa2bda62eb93eb593e0bdfdadf10b009e4b613ed038f68d25b47,audit_trails/artifacts/accepted_runtime_submissions/T3_XMK_CKKS_TADP_client_000_r1_7630596f0f26aff3__b7265c23627aaa2b.json,,,,,,,,,,,,,fda4d5bf7bf5a86755ef5e8a291b980cd83c6b6d3bcd7d0bc28c0cce08c12eda,c191d0cef02884f323f0a7e214ee64795abbe5769b6872493d152008c9ff4e33,,
522,25e5ea7907d6a1f4956100af25cb7515,9807b00ec9f05c0ed690f948a024469da45a3923628918d48e6175fa51233777,2026-08-22T17:59:53.567761+00:00,TADP-SEC/12.1,CLIENT_CIPHERTEXT_BINDING,T3_XMK_CKKS_TADP,,,,client_000,,,,,,,,,,,,,,,,,,,,,,,,,,,,,,,,,,,,,,,,CIPHERTEXT_BOUND_TO_SIGNED_UPDATE,,,,,,,,,,,,,,,,,C3_CONFIDENTIAL,3,,,,,,,,,,,,,9c1286978e84af7283d763691840d355,,,,,,,,,,,,,,1,VERIFIED,,,,,True,,,,,False,Kd2f4fKYCyDG5yA/zbmojbYYnmPMQbXBjxKxKA4/wMc=,7630596f0f26aff3fae31336755abef1aefabc57762672bbbaf4bdc3fc7427e2,lhIS+WjWdu7nwVo2eeSh1fX8D+pCzpAo3q6D86Frg0w=,1e7640e799a24a890d7f5ba46994212ad49cfd27a0dccd87fddaadb9a67e6d06,/H8yDF0d1eyZeMq30kXyeKUgT/fz6t8F6qYuf6Ti1zA=,29ac3bebc7d8bf95fc566b7fd18bb82a91593b8a3a0877f87ec4350551f94d53,"T3: xMK submit share (round-level finalize), noise=0.000",reference_python,n=|logq=|scale=|scheme=alg_xmk_ckks,xmk_agg_pk:2c483293497644b3,,,,,,,,,f002d07ddbc89e76a083a1287c596cc6aa3efcbb15630932c6e7ea9d65fb8373,,d481d1816b3300ce7a506e55152656658942b6fc9acd10d840ffbcac3409df30,audit_trails/artifacts/ciphertext_attestations/T3_XMK_CKKS_TADP_client_000_r1_9e04d9507587eda0__d481d1816b3300ce.json,,,,,,,,,,,,,,,c191d0cef02884f323f0a7e214ee64795abbe5769b6872493d152008c9ff4e33,61e061e9b359514c8f00559e4cabbb8b5b9c1cc6bbc66c1dbb7d3b0a3e5cb5d6,,
523,c4cb9ef4cfaed4cd0dab17da7f1bc074,9807b00ec9f05c0ed690f948a024469da45a3923628918d48e6175fa51233777,2026-08-22T18:00:01.143776+00:00,TADP-SEC/12.1,CLIENT_ACCEPTED_SUBMISSION,T3_XMK_CKKS_TADP,,,,client_000,,,,,,,,,,,2.3-phase1-fixed-threshold-critical-floor-review-profile,47dd2e58be138865a6d591a63329509757be6b563afb2badb96beb09eac726e5,a663ab753fcbe1179628a237bb638420356ea261176b970e3553fa59bfe7e9d6,1c154f7d4e37aa15e037310f6b45ff14a874311a582c673470a238929d8125dd,8d877b4c3b654a235066cdd49bf4c7e04e1b662c0cf44a17b54811ea50677e11,VALIDATED_EVIDENCE_BUNDLE,,,,,,,,,,,,,,,,,,,,,,,,UPDATE_SUBMITTED_ENFORCED,,False,NOT_REQUIRED_AUTOMATED_POLICY,False,,,,,,,,,,,,,C3_CONFIDENTIAL,3,,,,,,,,6f8a5214daf0d8d5188f7da84fe0931408bac9ce898d47d09d53366ef6cfe2b8,c068640bad122342de0e81050f313e88a0b5bf947d459a5df25df6b117f89be9,,,2026-08-23T17:18:04.591571+00:00,9c1286978e84af7283d763691840d355,,,,,3e85f890cf3c311125b6eaadaa813fd10a33030c64c8511f6ffcecf893222494,0082cf07ad3f3d49df198bf269b3e9b702a01640c4d285aa005e541508128c27,,,2026-08-22T18:59:51.194175+00:00,eb562985f77fc8a152d2d22d15bfd3f4695b107bdaa4c375fc5dde2be0f10805,active,,,2,ACCEPTED,ALL_BASELINE_CONTROLS,,,,True,True,True,True,True,False,3ugWLG9UcH9NzD0AB8iFpubnm+j/951wOjLCcgN4u1c=,4e55f160ee78426909d9719bc5d226e64898160944d9c716fc9f868352f81d50,lhIS+WjWdu7nwVo2eeSh1fX8D+pCzpAo3q6D86Frg0w=,443495bfd06dbb29df24bd5f5caed5f0a4c928cc370c6cb2cc4bdf6b457029b2,PzqoXVoWXgKw1JaKY4GvtjHM+qkp42t8cHtNCQiQ7rg=,29ac3bebc7d8bf95fc566b7fd18bb82a91593b8a3a0877f87ec4350551f94d53,,,,,,,,,,,,,,,,,4435153f7c8b4685fffc751da7cc14cc97e39c8b76b16edf298df3408ac3db5c,audit_trails/artifacts/accepted_runtime_submissions/T3_XMK_CKKS_TADP_client_000_r2_4e55f160ee784269__4435153f7c8b4685.json,,,,,,,,,,,,,61e061e9b359514c8f00559e4cabbb8b5b9c1cc6bbc66c1dbb7d3b0a3e5cb5d6,9bc87fe5d7e9afa61cd5d3977fd1625c09d06c01b8dd417c993120959ffb9ed6,,
524,7dec785fcd478ad3ed79c185bb669ad9,9807b00ec9f05c0ed690f948a024469da45a3923628918d48e6175fa51233777,2026-08-22T18:00:01.639531+00:00,TADP-SEC/12.1,CLIENT_CIPHERTEXT_BINDING,T3_XMK_CKKS_TADP,,,,client_000,,,,,,,,,,,,,,,,,,,,,,,,,,,,,,,,,,,,,,,,CIPHERTEXT_BOUND_TO_SIGNED_UPDATE,,,,,,,,,,,,,,,,,C3_CONFIDENTIAL,3,,,,,,,,,,,,,9c1286978e84af7283d763691840d355,,,,,,,,,,,,,,2,VERIFIED,,,,,True,,,,,False,3ugWLG9UcH9NzD0AB8iFpubnm+j/951wOjLCcgN4u1c=,4e55f160ee78426909d9719bc5d226e64898160944d9c716fc9f868352f81d50,lhIS+WjWdu7nwVo2eeSh1fX8D+pCzpAo3q6D86Frg0w=,f3f871da57bb0e9e38277e26cb31fab4f0668c8c39d950d92241650744e44ed0,PzqoXVoWXgKw1JaKY4GvtjHM+qkp42t8cHtNCQiQ7rg=,29ac3bebc7d8bf95fc566b7fd18bb82a91593b8a3a0877f87ec4350551f94d53,"T3: xMK submit share (round-level finalize), noise=0.000",reference_python,n=|logq=|scale=|scheme=alg_xmk_ckks,xmk_agg_pk:2c483293497644b3,,,,,,,,,2d5b1d42e0f7c33dbcbe62e1b1cbdd47c1bfab79c341793ac9b8bfe3262c9211,,e186c4009d5a4fe2ab679405d08de13b28607f6a9c093134fec432da1e78fc35,audit_trails/artifacts/ciphertext_attestations/T3_XMK_CKKS_TADP_client_000_r2_3a80bfe06afb78e9__e186c4009d5a4fe2.json,,,,,,,,,,,,,,,9bc87fe5d7e9afa61cd5d3977fd1625c09d06c01b8dd417c993120959ffb9ed6,e23764ecfdcbf3a947ddfc8ae0626f7dc1fb69b2c12b2f85ed4141094d39b1a4,,
525,0e4365e8f6422d741c9e6ca2d7ed8ec8,9807b00ec9f05c0ed690f948a024469da45a3923628918d48e6175fa51233777,2026-08-22T18:00:09.133296+00:00,TADP-SEC/12.1,CLIENT_ACCEPTED_SUBMISSION,T3_XMK_CKKS_TADP,,,,client_000,,,,,,,,,,,2.3-phase1-fixed-threshold-critical-floor-review-profile,47dd2e58be138865a6d591a63329509757be6b563afb2badb96beb09eac726e5,a663ab753fcbe1179628a237bb638420356ea261176b970e3553fa59bfe7e9d6,1c154f7d4e37aa15e037310f6b45ff14a874311a582c673470a238929d8125dd,8d877b4c3b654a235066cdd49bf4c7e04e1b662c0cf44a17b54811ea50677e11,VALIDATED_EVIDENCE_BUNDLE,,,,,,,,,,,,,,,,,,,,,,,,UPDATE_SUBMITTED_ENFORCED,,False,NOT_REQUIRED_AUTOMATED_POLICY,False,,,,,,,,,,,,,C3_CONFIDENTIAL,3,,,,,,,,6f8a5214daf0d8d5188f7da84fe0931408bac9ce898d47d09d53366ef6cfe2b8,c068640bad122342de0e81050f313e88a0b5bf947d459a5df25df6b117f89be9,,,2026-08-23T17:18:04.591571+00:00,9c1286978e84af7283d763691840d355,,,,,3e85f890cf3c311125b6eaadaa813fd10a33030c64c8511f6ffcecf893222494,0082cf07ad3f3d49df198bf269b3e9b702a01640c4d285aa005e541508128c27,,,2026-08-22T18:59:51.194175+00:00,eb562985f77fc8a152d2d22d15bfd3f4695b107bdaa4c375fc5dde2be0f10805,active,,,3,ACCEPTED,ALL_BASELINE_CONTROLS,,,,True,True,True,True,True,False,vQvvo3NOeyvqvNDhtzWLPLyQbQkgZbVZNjzkjW8tTcQ=,e923e5086f7d3f8a20760d507ee6ddc2e5e48dd5b2e6111a43862a2ba4c388a3,lhIS+WjWdu7nwVo2eeSh1fX8D+pCzpAo3q6D86Frg0w=,eb6acc9d2d88de02f649592b73ac6ec19db18a952933f714efbca7358b53ab20,72HxqV8y1GBwV9iWH+kNJdmpEBn+RNW+trVOZUtKG34=,29ac3bebc7d8bf95fc566b7fd18bb82a91593b8a3a0877f87ec4350551f94d53,,,,,,,,,,,,,,,,,1397ff25a70202bf8e145eb734ef5400bbe8f54e658b78bd3d80a79d00311184,audit_trails/artifacts/accepted_runtime_submissions/T3_XMK_CKKS_TADP_client_000_r3_e923e5086f7d3f8a__1397ff25a70202bf.json,,,,,,,,,,,,,e23764ecfdcbf3a947ddfc8ae0626f7dc1fb69b2c12b2f85ed4141094d39b1a4,267af5dbb71c9dba837ed63e63d68d08ab6dd6569d6af055bf929e8dc4c217f7,,
526,4e38818536a4016fdd918a7b0809ac06,9807b00ec9f05c0ed690f948a024469da45a3923628918d48e6175fa51233777,2026-08-22T18:00:09.600377+00:00,TADP-SEC/12.1,CLIENT_CIPHERTEXT_BINDING,T3_XMK_CKKS_TADP,,,,client_000,,,,,,,,,,,,,,,,,,,,,,,,,,,,,,,,,,,,,,,,CIPHERTEXT_BOUND_TO_SIGNED_UPDATE,,,,,,,,,,,,,,,,,C3_CONFIDENTIAL,3,,,,,,,,,,,,,9c1286978e84af7283d763691840d355,,,,,,,,,,,,,,3,VERIFIED,,,,,True,,,,,False,vQvvo3NOeyvqvNDhtzWLPLyQbQkgZbVZNjzkjW8tTcQ=,e923e5086f7d3f8a20760d507ee6ddc2e5e48dd5b2e6111a43862a2ba4c388a3,lhIS+WjWdu7nwVo2eeSh1fX8D+pCzpAo3q6D86Frg0w=,ae4ae3208ab3e5acc83fe5b44dff7ac40e3c796836dd5627ab64afaa3cb58a70,72HxqV8y1GBwV9iWH+kNJdmpEBn+RNW+trVOZUtKG34=,29ac3bebc7d8bf95fc566b7fd18bb82a91593b8a3a0877f87ec4350551f94d53,"T3: xMK submit share (round-level finalize), noise=0.000",reference_python,n=|logq=|scale=|scheme=alg_xmk_ckks,xmk_agg_pk:2c483293497644b3,,,,,,,,,1deed7e7190fa653963938f9af94c3eeb410c9f0bae09fa2c131b35352a8a46a,,1c8114cd5a414bb6f7de5a5a8fd1baec56fb8fcd3f49d311f432fa7fe87ee60f,audit_trails/artifacts/ciphertext_attestations/T3_XMK_CKKS_TADP_client_000_r3_67c1e3e37d07664f__1c8114cd5a414bb6.json,,,,,,,,,,,,,,,267af5dbb71c9dba837ed63e63d68d08ab6dd6569d6af055bf929e8dc4c217f7,7c88d4f4a8a36a3aa884f439c0421e0846f3f7cadf5ffe1d51f23d1d58235a2a,,
527,7356b53492f48e18c4ced38547a96786,9807b00ec9f05c0ed690f948a024469da45a3923628918d48e6175fa51233777,2026-08-22T18:00:16.483330+00:00,TADP-SEC/12.1,CLIENT_ACCEPTED_SUBMISSION,T3_XMK_CKKS_TADP,,,,client_000,,,,,,,,,,,2.3-phase1-fixed-threshold-critical-floor-review-profile,47dd2e58be138865a6d591a63329509757be6b563afb2badb96beb09eac726e5,a663ab753fcbe1179628a237bb638420356ea261176b970e3553fa59bfe7e9d6,1c154f7d4e37aa15e037310f6b45ff14a874311a582c673470a238929d8125dd,8d877b4c3b654a235066cdd49bf4c7e04e1b662c0cf44a17b54811ea50677e11,VALIDATED_EVIDENCE_BUNDLE,,,,,,,,,,,,,,,,,,,,,,,,UPDATE_SUBMITTED_ENFORCED,,False,NOT_REQUIRED_AUTOMATED_POLICY,False,,,,,,,,,,,,,C3_CONFIDENTIAL,3,,,,,,,,6f8a5214daf0d8d5188f7da84fe0931408bac9ce898d47d09d53366ef6cfe2b8,c068640bad122342de0e81050f313e88a0b5bf947d459a5df25df6b117f89be9,,,2026-08-23T17:18:04.591571+00:00,9c1286978e84af7283d763691840d355,,,,,3e85f890cf3c311125b6eaadaa813fd10a33030c64c8511f6ffcecf893222494,0082cf07ad3f3d49df198bf269b3e9b702a01640c4d285aa005e541508128c27,,,2026-08-22T18:59:51.194175+00:00,eb562985f77fc8a152d2d22d15bfd3f4695b107bdaa4c375fc5dde2be0f10805,active,,,4,ACCEPTED,ALL_BASELINE_CONTROLS,,,,True,True,True,True,True,False,6wa6w62k4XS3mqFqZNK+q0hXtmZk4vDUc63kObypzlg=,d1f3356da9a55c65bbbdf66febd3b63073943085ceffe04f9c55a899ba2e0d24,lhIS+WjWdu7nwVo2eeSh1fX8D+pCzpAo3q6D86Frg0w=,ded00f478a73f18e474c50b5b66e2ed148a784683b66fa7d3859675ae2cb909c,rnn7o0qHKTuU5Lxs3S53pm5CAbySLpPckQrpOOC1lLo=,29ac3bebc7d8bf95fc566b7fd18bb82a91593b8a3a0877f87ec4350551f94d53,,,,,,,,,,,,,,,,,afcc21e69ce29de0a4417cab78696587fb402cc801ee76d788f7e8c59b0a1953,audit_trails/artifacts/accepted_runtime_submissions/T3_XMK_CKKS_TADP_client_000_r4_d1f3356da9a55c65__afcc21e69ce29de0.json,,,,,,,,,,,,,7c88d4f4a8a36a3aa884f439c0421e0846f3f7cadf5ffe1d51f23d1d58235a2a,d3c04adcd6affb4dcaaf4fbe09b79f70025a5d15edc8074c79ce6fbcdec08f1e,,
528,30b6c2e8353a1618414f05facf4a96bb,9807b00ec9f05c0ed690f948a024469da45a3923628918d48e6175fa51233777,2026-08-22T18:00:16.823848+00:00,TADP-SEC/12.1,CLIENT_CIPHERTEXT_BINDING,T3_XMK_CKKS_TADP,,,,client_000,,,,,,,,,,,,,,,,,,,,,,,,,,,,,,,,,,,,,,,,CIPHERTEXT_BOUND_TO_SIGNED_UPDATE,,,,,,,,,,,,,,,,,C3_CONFIDENTIAL,3,,,,,,,,,,,,,9c1286978e84af7283d763691840d355,,,,,,,,,,,,,,4,VERIFIED,,,,,True,,,,,False,6wa6w62k4XS3mqFqZNK+q0hXtmZk4vDUc63kObypzlg=,d1f3356da9a55c65bbbdf66febd3b63073943085ceffe04f9c55a899ba2e0d24,lhIS+WjWdu7nwVo2eeSh1fX8D+pCzpAo3q6D86Frg0w=,e4d1b9db280cad5577e7f9a3365516c4c6e0c47b8d3c82284b7ea186f1b1be4f,rnn7o0qHKTuU5Lxs3S53pm5CAbySLpPckQrpOOC1lLo=,29ac3bebc7d8bf95fc566b7fd18bb82a91593b8a3a0877f87ec4350551f94d53,"T3: xMK submit share (round-level finalize), noise=0.000",reference_python,n=|logq=|scale=|scheme=alg_xmk_ckks,xmk_agg_pk:2c483293497644b3,,,,,,,,,daef4eed3c71abb9fb3a72b7366d031a3dc74845ba032391510f8878748fb534,,6a07835f859d80ab77cc9c4b1c32f45c6147112e608d6912de94a3ce879e7ad9,audit_trails/artifacts/ciphertext_attestations/T3_XMK_CKKS_TADP_client_000_r4_4e4a16f64f0628b8__6a07835f859d80ab.json,,,,,,,,,,,,,,,d3c04adcd6affb4dcaaf4fbe09b79f70025a5d15edc8074c79ce6fbcdec08f1e,f9450b233e2ff9b024942406449127886208735c6b375f7724a99e81525ba615,,
529,a0e0a6d85abb49ac954256415c8f6869,9807b00ec9f05c0ed690f948a024469da45a3923628918d48e6175fa51233777,2026-08-22T18:00:24.286690+00:00,TADP-SEC/12.1,CLIENT_ACCEPTED_SUBMISSION,T3_XMK_CKKS_TADP,,,,client_000,,,,,,,,,,,2.3-phase1-fixed-threshold-critical-floor-review-profile,47dd2e58be138865a6d591a63329509757be6b563afb2badb96beb09eac726e5,a663ab753fcbe1179628a237bb638420356ea261176b970e3553fa59bfe7e9d6,1c154f7d4e37aa15e037310f6b45ff14a874311a582c673470a238929d8125dd,8d877b4c3b654a235066cdd49bf4c7e04e1b662c0cf44a17b54811ea50677e11,VALIDATED_EVIDENCE_BUNDLE,,,,,,,,,,,,,,,,,,,,,,,,UPDATE_SUBMITTED_ENFORCED,,False,NOT_REQUIRED_AUTOMATED_POLICY,False,,,,,,,,,,,,,C3_CONFIDENTIAL,3,,,,,,,,6f8a5214daf0d8d5188f7da84fe0931408bac9ce898d47d09d53366ef6cfe2b8,c068640bad122342de0e81050f313e88a0b5bf947d459a5df25df6b117f89be9,,,2026-08-23T17:18:04.591571+00:00,9c1286978e84af7283d763691840d355,,,,,3e85f890cf3c311125b6eaadaa813fd10a33030c64c8511f6ffcecf893222494,0082cf07ad3f3d49df198bf269b3e9b702a01640c4d285aa005e541508128c27,,,2026-08-22T18:59:51.194175+00:00,eb562985f77fc8a152d2d22d15bfd3f4695b107bdaa4c375fc5dde2be0f10805,active,,,5,ACCEPTED,ALL_BASELINE_CONTROLS,,,,True,True,True,True,True,False,aENIiLVJMgvnE0C1RxSvnuLhxrXzWjgnmcLiudFa/hw=,06d55f3d58e2eeafedface331d1dd3bea2d3b0f9aed3f45d3815d20d8745e029,lhIS+WjWdu7nwVo2eeSh1fX8D+pCzpAo3q6D86Frg0w=,d35805593b03d1bfbd5620dc39d0ee25c2c3f7980b4f0303c789fbaf14bc7fb6,ydBIrrkyZmlU34C15kZ0dabq3otaSW2sNo1nUq/DfdU=,29ac3bebc7d8bf95fc566b7fd18bb82a91593b8a3a0877f87ec4350551f94d53,,,,,,,,,,,,,,,,,d9f3615393833fb2aeced37f07b25ab4df73e935945fe6d80fd1f419f323c843,audit_trails/artifacts/accepted_runtime_submissions/T3_XMK_CKKS_TADP_client_000_r5_06d55f3d58e2eeaf__d9f3615393833fb2.json,,,,,,,,,,,,,f9450b233e2ff9b024942406449127886208735c6b375f7724a99e81525ba615,770b0e1a6905dd3b877716fd47ba9e454ae5a08810fec80f873580c8e64c0a60,,
530,e240953d2e894413450036a2676e6ebb,9807b00ec9f05c0ed690f948a024469da45a3923628918d48e6175fa51233777,2026-08-22T18:00:24.731793+00:00,TADP-SEC/12.1,CLIENT_CIPHERTEXT_BINDING,T3_XMK_CKKS_TADP,,,,client_000,,,,,,,,,,,,,,,,,,,,,,,,,,,,,,,,,,,,,,,,CIPHERTEXT_BOUND_TO_SIGNED_UPDATE,,,,,,,,,,,,,,,,,C3_CONFIDENTIAL,3,,,,,,,,,,,,,9c1286978e84af7283d763691840d355,,,,,,,,,,,,,,5,VERIFIED,,,,,True,,,,,False,aENIiLVJMgvnE0C1RxSvnuLhxrXzWjgnmcLiudFa/hw=,06d55f3d58e2eeafedface331d1dd3bea2d3b0f9aed3f45d3815d20d8745e029,lhIS+WjWdu7nwVo2eeSh1fX8D+pCzpAo3q6D86Frg0w=,024a55557ebb85c93091ee4d46de9e44d0a783b3084e67573575fcc9cfbbba87,ydBIrrkyZmlU34C15kZ0dabq3otaSW2sNo1nUq/DfdU=,29ac3bebc7d8bf95fc566b7fd18bb82a91593b8a3a0877f87ec4350551f94d53,"T3: xMK submit share (round-level finalize), noise=0.000",reference_python,n=|logq=|scale=|scheme=alg_xmk_ckks,xmk_agg_pk:2c483293497644b3,,,,,,,,,34a8a30528445311bd4b74f7800550127e88f786c3137ebde8aff43fa1df4524,,d04be303ec78f794205af9c6c018a8b1db306c5222fa1ff1c5a0568fde14600a,audit_trails/artifacts/ciphertext_attestations/T3_XMK_CKKS_TADP_client_000_r5_1dd81c5d31217bff__d04be303ec78f794.json,,,,,,,,,,,,,,,770b0e1a6905dd3b877716fd47ba9e454ae5a08810fec80f873580c8e64c0a60,bbe5f563e5727490069ad184e5a9c4b990605dfc64add7ca122e7f841d2e1b63,,
531,a77e3e78a91eb954aee1cfcc815cd539,9807b00ec9f05c0ed690f948a024469da45a3923628918d48e6175fa51233777,2026-08-22T18:00:31.202798+00:00,TADP-SEC/12.1,CLIENT_ACCEPTED_SUBMISSION,T3_XMK_CKKS_TADP,,,,client_000,,,,,,,,,,,2.3-phase1-fixed-threshold-critical-floor-review-profile,47dd2e58be138865a6d591a63329509757be6b563afb2badb96beb09eac726e5,a663ab753fcbe1179628a237bb638420356ea261176b970e3553fa59bfe7e9d6,1c154f7d4e37aa15e037310f6b45ff14a874311a582c673470a238929d8125dd,8d877b4c3b654a235066cdd49bf4c7e04e1b662c0cf44a17b54811ea50677e11,VALIDATED_EVIDENCE_BUNDLE,,,,,,,,,,,,,,,,,,,,,,,,UPDATE_SUBMITTED_ENFORCED,,False,NOT_REQUIRED_AUTOMATED_POLICY,False,,,,,,,,,,,,,C3_CONFIDENTIAL,3,,,,,,,,6f8a5214daf0d8d5188f7da84fe0931408bac9ce898d47d09d53366ef6cfe2b8,c068640bad122342de0e81050f313e88a0b5bf947d459a5df25df6b117f89be9,,,2026-08-23T17:18:04.591571+00:00,9c1286978e84af7283d763691840d355,,,,,3e85f890cf3c311125b6eaadaa813fd10a33030c64c8511f6ffcecf893222494,0082cf07ad3f3d49df198bf269b3e9b702a01640c4d285aa005e541508128c27,,,2026-08-22T18:59:51.194175+00:00,eb562985f77fc8a152d2d22d15bfd3f4695b107bdaa4c375fc5dde2be0f10805,active,,,6,ACCEPTED,ALL_BASELINE_CONTROLS,,,,True,True,True,True,True,False,dNbQ/AbUJml4cF575zhzUq8E0d+wh3poVIq8zUQF+XQ=,bc30d7a153f4eae5854f26285af84a3cd90386773bfdafc148d8c10ac25cdee6,lhIS+WjWdu7nwVo2eeSh1fX8D+pCzpAo3q6D86Frg0w=,a4f36cd2c9106cf55c65d261f379bb3dc355c133fcf35f328035d281de661bba,Pjy8/N/u2w+rvbr3QGprXl+blZ32Dq+H8UraehUTw84=,29ac3bebc7d8bf95fc566b7fd18bb82a91593b8a3a0877f87ec4350551f94d53,,,,,,,,,,,,,,,,,4cc7e8eda1216a412a195c42c4d10c5751af994bc828e9261a11b3eefcb318e9,audit_trails/artifacts/accepted_runtime_submissions/T3_XMK_CKKS_TADP_client_000_r6_bc30d7a153f4eae5__4cc7e8eda1216a41.json,,,,,,,,,,,,,bbe5f563e5727490069ad184e5a9c4b990605dfc64add7ca122e7f841d2e1b63,a85de89876a5807461a9d87bcc0c410730609e9840da10425e596b86a889716f,,
532,7bf54ca8e2bae4b5a99137cb19e08d6f,9807b00ec9f05c0ed690f948a024469da45a3923628918d48e6175fa51233777,2026-08-22T18:00:31.548117+00:00,TADP-SEC/12.1,CLIENT_CIPHERTEXT_BINDING,T3_XMK_CKKS_TADP,,,,client_000,,,,,,,,,,,,,,,,,,,,,,,,,,,,,,,,,,,,,,,,CIPHERTEXT_BOUND_TO_SIGNED_UPDATE,,,,,,,,,,,,,,,,,C3_CONFIDENTIAL,3,,,,,,,,,,,,,9c1286978e84af7283d763691840d355,,,,,,,,,,,,,,6,VERIFIED,,,,,True,,,,,False,dNbQ/AbUJml4cF575zhzUq8E0d+wh3poVIq8zUQF+XQ=,bc30d7a153f4eae5854f26285af84a3cd90386773bfdafc148d8c10ac25cdee6,lhIS+WjWdu7nwVo2eeSh1fX8D+pCzpAo3q6D86Frg0w=,b108c8ac040851c57d36382b7763f0a0211f97fab65682a432a911ac9a13e78f,Pjy8/N/u2w+rvbr3QGprXl+blZ32Dq+H8UraehUTw84=,29ac3bebc7d8bf95fc566b7fd18bb82a91593b8a3a0877f87ec4350551f94d53,"T3: xMK submit share (round-level finalize), noise=0.000",reference_python,n=|logq=|scale=|scheme=alg_xmk_ckks,xmk_agg_pk:2c483293497644b3,,,,,,,,,3cd94c192331b63673b862ac34f13c71ff7fda3e891f68ef5afd32fbe60d34ce,,a376897ae273abaf018477dbbe8ca910a7d1ae49ed4773a7c364261dc6be3919,audit_trails/artifacts/ciphertext_attestations/T3_XMK_CKKS_TADP_client_000_r6_4f75f531a5d7416c__a376897ae273abaf.json,,,,,,,,,,,,,,,a85de89876a5807461a9d87bcc0c410730609e9840da10425e596b86a889716f,f9d0eebc220979ea1aad16d97fdab02f599ed0a5d96f79aa4c0251295b109b50,,
533,48bfd6a872ed3d945c34f5e3368cd878,9807b00ec9f05c0ed690f948a024469da45a3923628918d48e6175fa51233777,2026-08-22T18:00:39.104231+00:00,TADP-SEC/12.1,CLIENT_ACCEPTED_SUBMISSION,T3_XMK_CKKS_TADP,,,,client_000,,,,,,,,,,,2.3-phase1-fixed-threshold-critical-floor-review-profile,47dd2e58be138865a6d591a63329509757be6b563afb2badb96beb09eac726e5,a663ab753fcbe1179628a237bb638420356ea261176b970e3553fa59bfe7e9d6,1c154f7d4e37aa15e037310f6b45ff14a874311a582c673470a238929d8125dd,8d877b4c3b654a235066cdd49bf4c7e04e1b662c0cf44a17b54811ea50677e11,VALIDATED_EVIDENCE_BUNDLE,,,,,,,,,,,,,,,,,,,,,,,,UPDATE_SUBMITTED_ENFORCED,,False,NOT_REQUIRED_AUTOMATED_POLICY,False,,,,,,,,,,,,,C3_CONFIDENTIAL,3,,,,,,,,6f8a5214daf0d8d5188f7da84fe0931408bac9ce898d47d09d53366ef6cfe2b8,c068640bad122342de0e81050f313e88a0b5bf947d459a5df25df6b117f89be9,,,2026-08-23T17:18:04.591571+00:00,9c1286978e84af7283d763691840d355,,,,,3e85f890cf3c311125b6eaadaa813fd10a33030c64c8511f6ffcecf893222494,0082cf07ad3f3d49df198bf269b3e9b702a01640c4d285aa005e541508128c27,,,2026-08-22T18:59:51.194175+00:00,eb562985f77fc8a152d2d22d15bfd3f4695b107bdaa4c375fc5dde2be0f10805,active,,,7,ACCEPTED,ALL_BASELINE_CONTROLS,,,,True,True,True,True,True,False,YB7WbSNLIlJGj9CfUdA9hokNgMWql1rAfT6eNZ7Hb9Y=,b7b9d1ea30ccc015519c14232fbad0c2eb5db72aa05c810d65cad4aa458661e3,lhIS+WjWdu7nwVo2eeSh1fX8D+pCzpAo3q6D86Frg0w=,2876557432bbbab3f20b524698db4cc33e98548b628da17c4bb20695612cef4f,GffxzdRZFuu6l2IfjT2S1JcIfYa81iw39NkL3msS4Ng=,29ac3bebc7d8bf95fc566b7fd18bb82a91593b8a3a0877f87ec4350551f94d53,,,,,,,,,,,,,,,,,2f9d0a413d66f3958b3df756dec386cfdb5063715fb2721256a1076de81733ee,audit_trails/artifacts/accepted_runtime_submissions/T3_XMK_CKKS_TADP_client_000_r7_b7b9d1ea30ccc015__2f9d0a413d66f395.json,,,,,,,,,,,,,f9d0eebc220979ea1aad16d97fdab02f599ed0a5d96f79aa4c0251295b109b50,45c7e74dd780518d2f904658cadb77b9966b30d05ad2116901fff03817dabaae,,
534,a4eba69682914f536622efb9b2c07b66,9807b00ec9f05c0ed690f948a024469da45a3923628918d48e6175fa51233777,2026-08-22T18:00:39.454014+00:00,TADP-SEC/12.1,CLIENT_CIPHERTEXT_BINDING,T3_XMK_CKKS_TADP,,,,client_000,,,,,,,,,,,,,,,,,,,,,,,,,,,,,,,,,,,,,,,,CIPHERTEXT_BOUND_TO_SIGNED_UPDATE,,,,,,,,,,,,,,,,,C3_CONFIDENTIAL,3,,,,,,,,,,,,,9c1286978e84af7283d763691840d355,,,,,,,,,,,,,,7,VERIFIED,,,,,True,,,,,False,YB7WbSNLIlJGj9CfUdA9hokNgMWql1rAfT6eNZ7Hb9Y=,b7b9d1ea30ccc015519c14232fbad0c2eb5db72aa05c810d65cad4aa458661e3,lhIS+WjWdu7nwVo2eeSh1fX8D+pCzpAo3q6D86Frg0w=,59e153ff39884c7cb038f794c7a7626dfdf59292d2aec19c4575dfe9b80e4b68,GffxzdRZFuu6l2IfjT2S1JcIfYa81iw39NkL3msS4Ng=,29ac3bebc7d8bf95fc566b7fd18bb82a91593b8a3a0877f87ec4350551f94d53,"T3: xMK submit share (round-level finalize), noise=0.000",reference_python,n=|logq=|scale=|scheme=alg_xmk_ckks,xmk_agg_pk:2c483293497644b3,,,,,,,,,1c732b4f7d9aad87ab2bb634919607a6cde4652722789431b695e163ad28c6d1,,e01464d64a6807dd5ea4e1f63c4226379c6c6d52539305979e8686927a76d9a3,audit_trails/artifacts/ciphertext_attestations/T3_XMK_CKKS_TADP_client_000_r7_bac158251eac1f45__e01464d64a6807dd.json,,,,,,,,,,,,,,,45c7e74dd780518d2f904658cadb77b9966b30d05ad2116901fff03817dabaae,8497ced40012a42c9f45333398b89852fa0cbeb56ff59e04559d16b06f9c9fdc,,
535,a7ad0050dadf3b9ffc017ccd2927ff35,9807b00ec9f05c0ed690f948a024469da45a3923628918d48e6175fa51233777,2026-08-22T18:00:45.988134+00:00,TADP-SEC/12.1,CLIENT_ACCEPTED_SUBMISSION,T3_XMK_CKKS_TADP,,,,client_000,,,,,,,,,,,2.3-phase1-fixed-threshold-critical-floor-review-profile,47dd2e58be138865a6d591a63329509757be6b563afb2badb96beb09eac726e5,a663ab753fcbe1179628a237bb638420356ea261176b970e3553fa59bfe7e9d6,1c154f7d4e37aa15e037310f6b45ff14a874311a582c673470a238929d8125dd,8d877b4c3b654a235066cdd49bf4c7e04e1b662c0cf44a17b54811ea50677e11,VALIDATED_EVIDENCE_BUNDLE,,,,,,,,,,,,,,,,,,,,,,,,UPDATE_SUBMITTED_ENFORCED,,False,NOT_REQUIRED_AUTOMATED_POLICY,False,,,,,,,,,,,,,C3_CONFIDENTIAL,3,,,,,,,,6f8a5214daf0d8d5188f7da84fe0931408bac9ce898d47d09d53366ef6cfe2b8,c068640bad122342de0e81050f313e88a0b5bf947d459a5df25df6b117f89be9,,,2026-08-23T17:18:04.591571+00:00,9c1286978e84af7283d763691840d355,,,,,3e85f890cf3c311125b6eaadaa813fd10a33030c64c8511f6ffcecf893222494,0082cf07ad3f3d49df198bf269b3e9b702a01640c4d285aa005e541508128c27,,,2026-08-22T18:59:51.194175+00:00,eb562985f77fc8a152d2d22d15bfd3f4695b107bdaa4c375fc5dde2be0f10805,active,,,8,ACCEPTED,ALL_BASELINE_CONTROLS,,,,True,True,True,True,True,False,8Mwd4X9srepAyg4Prhcp0vOWuonnYmQ3WQrt/8l3rh4=,27b122aad132448450b65e988401e562584aba8be95995ce4d4ead202c05f5a5,lhIS+WjWdu7nwVo2eeSh1fX8D+pCzpAo3q6D86Frg0w=,5bd5da7c9144ddb42fca16b041f89bfd5c46899455039b40ce5e1d4a33e22a85,K/F9qLQjTjmQxgTPgvOIxsFCXq0+u2z2ZHXNRuz9ND0=,29ac3bebc7d8bf95fc566b7fd18bb82a91593b8a3a0877f87ec4350551f94d53,,,,,,,,,,,,,,,,,ad70a6dbec7bfc2e0521e03defd461ec2390464a944322f5989ed2860e790793,audit_trails/artifacts/accepted_runtime_submissions/T3_XMK_CKKS_TADP_client_000_r8_27b122aad1324484__ad70a6dbec7bfc2e.json,,,,,,,,,,,,,8497ced40012a42c9f45333398b89852fa0cbeb56ff59e04559d16b06f9c9fdc,2775e35c0c8059b0580b32d56f710faed9d39ab673001e1ba440760b530aba59,,
536,c17b97ef53d18d04aca6e7776da2be28,9807b00ec9f05c0ed690f948a024469da45a3923628918d48e6175fa51233777,2026-08-22T18:00:46.313979+00:00,TADP-SEC/12.1,CLIENT_CIPHERTEXT_BINDING,T3_XMK_CKKS_TADP,,,,client_000,,,,,,,,,,,,,,,,,,,,,,,,,,,,,,,,,,,,,,,,CIPHERTEXT_BOUND_TO_SIGNED_UPDATE,,,,,,,,,,,,,,,,,C3_CONFIDENTIAL,3,,,,,,,,,,,,,9c1286978e84af7283d763691840d355,,,,,,,,,,,,,,8,VERIFIED,,,,,True,,,,,False,8Mwd4X9srepAyg4Prhcp0vOWuonnYmQ3WQrt/8l3rh4=,27b122aad132448450b65e988401e562584aba8be95995ce4d4ead202c05f5a5,lhIS+WjWdu7nwVo2eeSh1fX8D+pCzpAo3q6D86Frg0w=,6c8c6ec5af00b2bf0b42a553ed7eb02e5bc9622ee65e76f2189f328e43f02c9c,K/F9qLQjTjmQxgTPgvOIxsFCXq0+u2z2ZHXNRuz9ND0=,29ac3bebc7d8bf95fc566b7fd18bb82a91593b8a3a0877f87ec4350551f94d53,"T3: xMK submit share (round-level finalize), noise=0.000",reference_python,n=|logq=|scale=|scheme=alg_xmk_ckks,xmk_agg_pk:2c483293497644b3,,,,,,,,,e5575f150cd75a78ec993f9144fd534a1e54bd484376c05ae36eb5e1465f41c4,,27382f2bb922686589dc67c4f5b427424f9cc8b169076ae502b9c5ff8fefd5e9,audit_trails/artifacts/ciphertext_attestations/T3_XMK_CKKS_TADP_client_000_r8_f102653a8e89a9d5__27382f2bb9226865.json,,,,,,,,,,,,,,,2775e35c0c8059b0580b32d56f710faed9d39ab673001e1ba440760b530aba59,ad272e77338eea18c712abacde9096fed6b0a1e8bd296546b3f11967da2072d5,,
537,c29c09e0b8b2031e8e47848bbd87eca0,9807b00ec9f05c0ed690f948a024469da45a3923628918d48e6175fa51233777,2026-08-22T18:00:53.890242+00:00,TADP-SEC/12.1,CLIENT_ACCEPTED_SUBMISSION,T3_XMK_CKKS_TADP,,,,client_000,,,,,,,,,,,2.3-phase1-fixed-threshold-critical-floor-review-profile,47dd2e58be138865a6d591a63329509757be6b563afb2badb96beb09eac726e5,a663ab753fcbe1179628a237bb638420356ea261176b970e3553fa59bfe7e9d6,1c154f7d4e37aa15e037310f6b45ff14a874311a582c673470a238929d8125dd,8d877b4c3b654a235066cdd49bf4c7e04e1b662c0cf44a17b54811ea50677e11,VALIDATED_EVIDENCE_BUNDLE,,,,,,,,,,,,,,,,,,,,,,,,UPDATE_SUBMITTED_ENFORCED,,False,NOT_REQUIRED_AUTOMATED_POLICY,False,,,,,,,,,,,,,C3_CONFIDENTIAL,3,,,,,,,,6f8a5214daf0d8d5188f7da84fe0931408bac9ce898d47d09d53366ef6cfe2b8,c068640bad122342de0e81050f313e88a0b5bf947d459a5df25df6b117f89be9,,,2026-08-23T17:18:04.591571+00:00,9c1286978e84af7283d763691840d355,,,,,3e85f890cf3c311125b6eaadaa813fd10a33030c64c8511f6ffcecf893222494,0082cf07ad3f3d49df198bf269b3e9b702a01640c4d285aa005e541508128c27,,,2026-08-22T18:59:51.194175+00:00,eb562985f77fc8a152d2d22d15bfd3f4695b107bdaa4c375fc5dde2be0f10805,active,,,9,ACCEPTED,ALL_BASELINE_CONTROLS,,,,True,True,True,True,True,False,G2UZymOTUV8CaM57PHNJbrB5BJAbHt8NpMpwdSrfTUk=,564fa1d5ae4bd4d32dd188ce2b9e304db4d961481a58ded027a75531bd4fdde9,lhIS+WjWdu7nwVo2eeSh1fX8D+pCzpAo3q6D86Frg0w=,308b83a0727d18cf8808ccbd467691e72928a84ecd567ae8f93d9b533de3c1af,thPNQV+FKj3UV46wpqe5lemw0SyB5ZjonMMhuRqMcTI=,29ac3bebc7d8bf95fc566b7fd18bb82a91593b8a3a0877f87ec4350551f94d53,,,,,,,,,,,,,,,,,e8694b97d276b01c0ee1f9e27cd57d67ec09a01a3d34692c891d3be758dc568b,audit_trails/artifacts/accepted_runtime_submissions/T3_XMK_CKKS_TADP_client_000_r9_564fa1d5ae4bd4d3__e8694b97d276b01c.json,,,,,,,,,,,,,ad272e77338eea18c712abacde9096fed6b0a1e8bd296546b3f11967da2072d5,af6f034afd7a9a2f055cd53f8234d73d78854a27a9ea3a4bf85ec50241d1bc14,,
538,f28f6f32defe42bf18dd7967a26e98fe,9807b00ec9f05c0ed690f948a024469da45a3923628918d48e6175fa51233777,2026-08-22T18:00:54.228057+00:00,TADP-SEC/12.1,CLIENT_CIPHERTEXT_BINDING,T3_XMK_CKKS_TADP,,,,client_000,,,,,,,,,,,,,,,,,,,,,,,,,,,,,,,,,,,,,,,,CIPHERTEXT_BOUND_TO_SIGNED_UPDATE,,,,,,,,,,,,,,,,,C3_CONFIDENTIAL,3,,,,,,,,,,,,,9c1286978e84af7283d763691840d355,,,,,,,,,,,,,,9,VERIFIED,,,,,True,,,,,False,G2UZymOTUV8CaM57PHNJbrB5BJAbHt8NpMpwdSrfTUk=,564fa1d5ae4bd4d32dd188ce2b9e304db4d961481a58ded027a75531bd4fdde9,lhIS+WjWdu7nwVo2eeSh1fX8D+pCzpAo3q6D86Frg0w=,fd0e099f869d2515d50ad654ab708c6fa9be40e74a3b65125459b94e4fc5e82c,thPNQV+FKj3UV46wpqe5lemw0SyB5ZjonMMhuRqMcTI=,29ac3bebc7d8bf95fc566b7fd18bb82a91593b8a3a0877f87ec4350551f94d53,"T3: xMK submit share (round-level finalize), noise=0.000",reference_python,n=|logq=|scale=|scheme=alg_xmk_ckks,xmk_agg_pk:2c483293497644b3,,,,,,,,,000832f5bc40a29d8fa536abe1385e3d14f04d3c7fbc2498c4966708355961cc,,a1af63c0ef155a2cb51cdf4439dbfd7dfa1b28a77d89e235ff25346fe5ab03df,audit_trails/artifacts/ciphertext_attestations/T3_XMK_CKKS_TADP_client_000_r9_990f325de8e090b4__a1af63c0ef155a2c.json,,,,,,,,,,,,,,,af6f034afd7a9a2f055cd53f8234d73d78854a27a9ea3a4bf85ec50241d1bc14,0c8493eda5e134f203a9d67b42a952567da9b08fe38b5fec235e20e429bdd78a,,
539,06d3808cd53a07e9d0ee34125424f3b0,9807b00ec9f05c0ed690f948a024469da45a3923628918d48e6175fa51233777,2026-08-22T18:01:00.657567+00:00,TADP-SEC/12.1,CLIENT_ACCEPTED_SUBMISSION,T3_XMK_CKKS_TADP,,,,client_000,,,,,,,,,,,2.3-phase1-fixed-threshold-critical-floor-review-profile,47dd2e58be138865a6d591a63329509757be6b563afb2badb96beb09eac726e5,a663ab753fcbe1179628a237bb638420356ea261176b970e3553fa59bfe7e9d6,1c154f7d4e37aa15e037310f6b45ff14a874311a582c673470a238929d8125dd,8d877b4c3b654a235066cdd49bf4c7e04e1b662c0cf44a17b54811ea50677e11,VALIDATED_EVIDENCE_BUNDLE,,,,,,,,,,,,,,,,,,,,,,,,UPDATE_SUBMITTED_ENFORCED,,False,NOT_REQUIRED_AUTOMATED_POLICY,False,,,,,,,,,,,,,C3_CONFIDENTIAL,3,,,,,,,,6f8a5214daf0d8d5188f7da84fe0931408bac9ce898d47d09d53366ef6cfe2b8,c068640bad122342de0e81050f313e88a0b5bf947d459a5df25df6b117f89be9,,,2026-08-23T17:18:04.591571+00:00,9c1286978e84af7283d763691840d355,,,,,3e85f890cf3c311125b6eaadaa813fd10a33030c64c8511f6ffcecf893222494,0082cf07ad3f3d49df198bf269b3e9b702a01640c4d285aa005e541508128c27,,,2026-08-22T18:59:51.194175+00:00,eb562985f77fc8a152d2d22d15bfd3f4695b107bdaa4c375fc5dde2be0f10805,active,,,10,ACCEPTED,ALL_BASELINE_CONTROLS,,,,True,True,True,True,True,False,r48G2iLvDpjEkAQ6/cB8Pub7nzsvCTnMT5tBlTtgAAE=,3d68b8326ab166e79cbcc636f84fd857dc7b8265cd6691116091220b84af4ff5,lhIS+WjWdu7nwVo2eeSh1fX8D+pCzpAo3q6D86Frg0w=,0a7f1e61de66a08a85d9f01d2a4aa670093a1671827e3f4a3c50470c5baaf237,x/gB21kGea+CDDRZkyDvhJ7Kx+ma4xfdWjQ0YCztzmo=,29ac3bebc7d8bf95fc566b7fd18bb82a91593b8a3a0877f87ec4350551f94d53,,,,,,,,,,,,,,,,,859f3ab7176da03fc784bc8a20b34727bfbbe27dd1de6ca2973db9f2ccf0e272,audit_trails/artifacts/accepted_runtime_submissions/T3_XMK_CKKS_TADP_client_000_r10_3d68b8326ab166e7__859f3ab7176da03f.json,,,,,,,,,,,,,0c8493eda5e134f203a9d67b42a952567da9b08fe38b5fec235e20e429bdd78a,f1fb1cf2a0b2875072abe79d96625fcdd79dc8f8096b04b1b9d2c44768a9113e,,
540,7e7725409432e01af4caaca0eb1b9359,9807b00ec9f05c0ed690f948a024469da45a3923628918d48e6175fa51233777,2026-08-22T18:01:00.993645+00:00,TADP-SEC/12.1,CLIENT_CIPHERTEXT_BINDING,T3_XMK_CKKS_TADP,,,,client_000,,,,,,,,,,,,,,,,,,,,,,,,,,,,,,,,,,,,,,,,CIPHERTEXT_BOUND_TO_SIGNED_UPDATE,,,,,,,,,,,,,,,,,C3_CONFIDENTIAL,3,,,,,,,,,,,,,9c1286978e84af7283d763691840d355,,,,,,,,,,,,,,10,VERIFIED,,,,,True,,,,,False,r48G2iLvDpjEkAQ6/cB8Pub7nzsvCTnMT5tBlTtgAAE=,3d68b8326ab166e79cbcc636f84fd857dc7b8265cd6691116091220b84af4ff5,lhIS+WjWdu7nwVo2eeSh1fX8D+pCzpAo3q6D86Frg0w=,4687686cc8ab2d1e2f70c5a98d1c7d662aafb00cdbc75322ad8fe09c7c5f3278,x/gB21kGea+CDDRZkyDvhJ7Kx+ma4xfdWjQ0YCztzmo=,29ac3bebc7d8bf95fc566b7fd18bb82a91593b8a3a0877f87ec4350551f94d53,"T3: xMK submit share (round-level finalize), noise=0.000",reference_python,n=|logq=|scale=|scheme=alg_xmk_ckks,xmk_agg_pk:2c483293497644b3,,,,,,,,,11efde7f3f28fa8bd1ba61fbce98f743d217d41282d69418767c3de831c4adbe,,bf764ceb0332b27144580a8857dd4da53584600fc3dd404e8c047ff44a322994,audit_trails/artifacts/ciphertext_attestations/T3_XMK_CKKS_TADP_client_000_r10_985db2e111bfd47b__bf764ceb0332b271.json,,,,,,,,,,,,,,,f1fb1cf2a0b2875072abe79d96625fcdd79dc8f8096b04b1b9d2c44768a9113e,2d1fe2f082e262966358f876d22e4c2010894bc58f8ee1b34232bf6359cc20d3,,
541,116e00a02101caa93d2be3a7fcc099c4,9807b00ec9f05c0ed690f948a024469da45a3923628918d48e6175fa51233777,2026-08-22T18:01:08.587905+00:00,TADP-SEC/12.1,CLIENT_ACCEPTED_SUBMISSION,T3_XMK_CKKS_TADP,,,,client_000,,,,,,,,,,,2.3-phase1-fixed-threshold-critical-floor-review-profile,47dd2e58be138865a6d591a63329509757be6b563afb2badb96beb09eac726e5,a663ab753fcbe1179628a237bb638420356ea261176b970e3553fa59bfe7e9d6,1c154f7d4e37aa15e037310f6b45ff14a874311a582c673470a238929d8125dd,8d877b4c3b654a235066cdd49bf4c7e04e1b662c0cf44a17b54811ea50677e11,VALIDATED_EVIDENCE_BUNDLE,,,,,,,,,,,,,,,,,,,,,,,,UPDATE_SUBMITTED_ENFORCED,,False,NOT_REQUIRED_AUTOMATED_POLICY,False,,,,,,,,,,,,,C3_CONFIDENTIAL,3,,,,,,,,6f8a5214daf0d8d5188f7da84fe0931408bac9ce898d47d09d53366ef6cfe2b8,c068640bad122342de0e81050f313e88a0b5bf947d459a5df25df6b117f89be9,,,2026-08-23T17:18:04.591571+00:00,9c1286978e84af7283d763691840d355,,,,,3e85f890cf3c311125b6eaadaa813fd10a33030c64c8511f6ffcecf893222494,0082cf07ad3f3d49df198bf269b3e9b702a01640c4d285aa005e541508128c27,,,2026-08-22T18:59:51.194175+00:00,eb562985f77fc8a152d2d22d15bfd3f4695b107bdaa4c375fc5dde2be0f10805,active,,,11,ACCEPTED,ALL_BASELINE_CONTROLS,,,,True,True,True,True,True,False,dk0urS+0Z3SyB4SvC62PA2gvJhy9pSpEOMWxL/B3K5A=,c6f17e0c52bcca27fd28536565b9532b49297c7c63380ead5fbaeb69b0d7b6b2,lhIS+WjWdu7nwVo2eeSh1fX8D+pCzpAo3q6D86Frg0w=,6ee44e1029e6328f038a95d37e27ea65f3f23dd7b0f04fdce0d416d5544e4817,TAYO1XyLYl3LEL968+BQ+P1JVnRnpUbovlBPScH/WAY=,29ac3bebc7d8bf95fc566b7fd18bb82a91593b8a3a0877f87ec4350551f94d53,,,,,,,,,,,,,,,,,7713306e716452dc4667a5d123ac1caeb931ea9bdbe1c264776a2c50cbbd9332,audit_trails/artifacts/accepted_runtime_submissions/T3_XMK_CKKS_TADP_client_000_r11_c6f17e0c52bcca27__7713306e716452dc.json,,,,,,,,,,,,,2d1fe2f082e262966358f876d22e4c2010894bc58f8ee1b34232bf6359cc20d3,34edb4c598bd8a5de159801307154c547240f76050f3d0ba54b810d3072490ba,,
542,315a3c7f40277522ce73dc091a01059b,9807b00ec9f05c0ed690f948a024469da45a3923628918d48e6175fa51233777,2026-08-22T18:01:08.981415+00:00,TADP-SEC/12.1,CLIENT_CIPHERTEXT_BINDING,T3_XMK_CKKS_TADP,,,,client_000,,,,,,,,,,,,,,,,,,,,,,,,,,,,,,,,,,,,,,,,CIPHERTEXT_BOUND_TO_SIGNED_UPDATE,,,,,,,,,,,,,,,,,C3_CONFIDENTIAL,3,,,,,,,,,,,,,9c1286978e84af7283d763691840d355,,,,,,,,,,,,,,11,VERIFIED,,,,,True,,,,,False,dk0urS+0Z3SyB4SvC62PA2gvJhy9pSpEOMWxL/B3K5A=,c6f17e0c52bcca27fd28536565b9532b49297c7c63380ead5fbaeb69b0d7b6b2,lhIS+WjWdu7nwVo2eeSh1fX8D+pCzpAo3q6D86Frg0w=,717d830d175812bfeb24b02b2b130b08a3a0916012b3fbdd065bf52ab7a127d9,TAYO1XyLYl3LEL968+BQ+P1JVnRnpUbovlBPScH/WAY=,29ac3bebc7d8bf95fc566b7fd18bb82a91593b8a3a0877f87ec4350551f94d53,"T3: xMK submit share (round-level finalize), noise=0.000",reference_python,n=|logq=|scale=|scheme=alg_xmk_ckks,xmk_agg_pk:2c483293497644b3,,,,,,,,,ba61fefddf6432570bf590486fe6127ecb61ca0ede28360f1a6499014a1e4b65,,6e950d2702d02ce5e0ae334a7dcb898882c0d96a342eac2f63710f7591311d7b,audit_trails/artifacts/ciphertext_attestations/T3_XMK_CKKS_TADP_client_000_r11_9572ac41cdb666db__6e950d2702d02ce5.json,,,,,,,,,,,,,,,34edb4c598bd8a5de159801307154c547240f76050f3d0ba54b810d3072490ba,45a6104408f7ea2e86d6fff978c2234b5651048342e28e5490de8f80684ca0e0,,
543,df4ad42e5e3e0d886ed398322a1d8ac4,9807b00ec9f05c0ed690f948a024469da45a3923628918d48e6175fa51233777,2026-08-22T18:01:15.482281+00:00,TADP-SEC/12.1,CLIENT_ACCEPTED_SUBMISSION,T3_XMK_CKKS_TADP,,,,client_000,,,,,,,,,,,2.3-phase1-fixed-threshold-critical-floor-review-profile,47dd2e58be138865a6d591a63329509757be6b563afb2badb96beb09eac726e5,a663ab753fcbe1179628a237bb638420356ea261176b970e3553fa59bfe7e9d6,1c154f7d4e37aa15e037310f6b45ff14a874311a582c673470a238929d8125dd,8d877b4c3b654a235066cdd49bf4c7e04e1b662c0cf44a17b54811ea50677e11,VALIDATED_EVIDENCE_BUNDLE,,,,,,,,,,,,,,,,,,,,,,,,UPDATE_SUBMITTED_ENFORCED,,False,NOT_REQUIRED_AUTOMATED_POLICY,False,,,,,,,,,,,,,C3_CONFIDENTIAL,3,,,,,,,,6f8a5214daf0d8d5188f7da84fe0931408bac9ce898d47d09d53366ef6cfe2b8,c068640bad122342de0e81050f313e88a0b5bf947d459a5df25df6b117f89be9,,,2026-08-23T17:18:04.591571+00:00,9c1286978e84af7283d763691840d355,,,,,3e85f890cf3c311125b6eaadaa813fd10a33030c64c8511f6ffcecf893222494,0082cf07ad3f3d49df198bf269b3e9b702a01640c4d285aa005e541508128c27,,,2026-08-22T18:59:51.194175+00:00,eb562985f77fc8a152d2d22d15bfd3f4695b107bdaa4c375fc5dde2be0f10805,active,,,12,ACCEPTED,ALL_BASELINE_CONTROLS,,,,True,True,True,True,True,False,o4BEfpi5/nQoaDPwWNvjDS0GaMwgbJYxNu/lvhmAxQc=,93fa671270cdae517b7a91381bf42e35b1ead664f6fd778d5c8441fcd4d4a9a6,lhIS+WjWdu7nwVo2eeSh1fX8D+pCzpAo3q6D86Frg0w=,31b9638728fef96126ca36b96da46c1dbd118f3b5b75859793f7e3224b0243c6,g7IKV4boX3oKzxs98zwq6eJlL7/2bn9qpdAp9O46qWY=,29ac3bebc7d8bf95fc566b7fd18bb82a91593b8a3a0877f87ec4350551f94d53,,,,,,,,,,,,,,,,,de7eb8feffae957c86bd89b45d2bb3f3ac1570f524996b0d8e184a8ef06bddad,audit_trails/artifacts/accepted_runtime_submissions/T3_XMK_CKKS_TADP_client_000_r12_93fa671270cdae51__de7eb8feffae957c.json,,,,,,,,,,,,,45a6104408f7ea2e86d6fff978c2234b5651048342e28e5490de8f80684ca0e0,4da5e218d2e1b76eadb86fcb5b48cb0cd744a48931bf014ba173d9b3e75bb6bf,,
544,ab62c320f93a4143672017a17377ddf2,9807b00ec9f05c0ed690f948a024469da45a3923628918d48e6175fa51233777,2026-08-22T18:01:15.854503+00:00,TADP-SEC/12.1,CLIENT_CIPHERTEXT_BINDING,T3_XMK_CKKS_TADP,,,,client_000,,,,,,,,,,,,,,,,,,,,,,,,,,,,,,,,,,,,,,,,CIPHERTEXT_BOUND_TO_SIGNED_UPDATE,,,,,,,,,,,,,,,,,C3_CONFIDENTIAL,3,,,,,,,,,,,,,9c1286978e84af7283d763691840d355,,,,,,,,,,,,,,12,VERIFIED,,,,,True,,,,,False,o4BEfpi5/nQoaDPwWNvjDS0GaMwgbJYxNu/lvhmAxQc=,93fa671270cdae517b7a91381bf42e35b1ead664f6fd778d5c8441fcd4d4a9a6,lhIS+WjWdu7nwVo2eeSh1fX8D+pCzpAo3q6D86Frg0w=,babb978ead35b3b081738e7cc3c3d24e6e046a652086da49f1013a0eb238b082,g7IKV4boX3oKzxs98zwq6eJlL7/2bn9qpdAp9O46qWY=,29ac3bebc7d8bf95fc566b7fd18bb82a91593b8a3a0877f87ec4350551f94d53,"T3: xMK submit share (round-level finalize), noise=0.000",reference_python,n=|logq=|scale=|scheme=alg_xmk_ckks,xmk_agg_pk:2c483293497644b3,,,,,,,,,af5b4798b05b30d43939253fa4d6c9c2956499a7fa9ac84d59e7fb4e254ce4b2,,70f33092a9753979519db8e75ddb09d4dbaaeee2d1668733cad41a077532e6f3,audit_trails/artifacts/ciphertext_attestations/T3_XMK_CKKS_TADP_client_000_r12_1843f7c110a94e87__70f33092a9753979.json,,,,,,,,,,,,,,,4da5e218d2e1b76eadb86fcb5b48cb0cd744a48931bf014ba173d9b3e75bb6bf,0dde6d2cac1aae0d6c6b99582cf8ed44577609b4e70e3c1fad1edc0593b722c6,,
545,211ec64383184dac7a8f482dce254286,9807b00ec9f05c0ed690f948a024469da45a3923628918d48e6175fa51233777,2026-08-22T18:01:23.353582+00:00,TADP-SEC/12.1,CLIENT_ACCEPTED_SUBMISSION,T3_XMK_CKKS_TADP,,,,client_000,,,,,,,,,,,2.3-phase1-fixed-threshold-critical-floor-review-profile,47dd2e58be138865a6d591a63329509757be6b563afb2badb96beb09eac726e5,a663ab753fcbe1179628a237bb638420356ea261176b970e3553fa59bfe7e9d6,1c154f7d4e37aa15e037310f6b45ff14a874311a582c673470a238929d8125dd,8d877b4c3b654a235066cdd49bf4c7e04e1b662c0cf44a17b54811ea50677e11,VALIDATED_EVIDENCE_BUNDLE,,,,,,,,,,,,,,,,,,,,,,,,UPDATE_SUBMITTED_ENFORCED,,False,NOT_REQUIRED_AUTOMATED_POLICY,False,,,,,,,,,,,,,C3_CONFIDENTIAL,3,,,,,,,,6f8a5214daf0d8d5188f7da84fe0931408bac9ce898d47d09d53366ef6cfe2b8,c068640bad122342de0e81050f313e88a0b5bf947d459a5df25df6b117f89be9,,,2026-08-23T17:18:04.591571+00:00,9c1286978e84af7283d763691840d355,,,,,3e85f890cf3c311125b6eaadaa813fd10a33030c64c8511f6ffcecf893222494,0082cf07ad3f3d49df198bf269b3e9b702a01640c4d285aa005e541508128c27,,,2026-08-22T18:59:51.194175+00:00,eb562985f77fc8a152d2d22d15bfd3f4695b107bdaa4c375fc5dde2be0f10805,active,,,13,ACCEPTED,ALL_BASELINE_CONTROLS,,,,True,True,True,True,True,False,FJXgmgJ/qRB0ofcG0j/UqeIYc3btCCZrKy9Kfn64LTs=,7ccd37b70a09dc848ffbb8a329c0d8737fc95285c7b44488bce0e48819f99e7c,lhIS+WjWdu7nwVo2eeSh1fX8D+pCzpAo3q6D86Frg0w=,7e7406d8287a78f51c00ba782fcc8901fceaca57ff82b113092a7171ecb7d29c,R+BHEcqUXXwNULyqZcKJ0tIuRGjqRZ14RL/RM9Lx7LQ=,29ac3bebc7d8bf95fc566b7fd18bb82a91593b8a3a0877f87ec4350551f94d53,,,,,,,,,,,,,,,,,9a9bcd16b01d67b0e1e467221e93e035f76d9d6f6d8165933b3b026e10366e9e,audit_trails/artifacts/accepted_runtime_submissions/T3_XMK_CKKS_TADP_client_000_r13_7ccd37b70a09dc84__9a9bcd16b01d67b0.json,,,,,,,,,,,,,0dde6d2cac1aae0d6c6b99582cf8ed44577609b4e70e3c1fad1edc0593b722c6,0e16333da009988898aac9696c14ca128ea0376b327f6f90fdea7b643926f6f6,,
546,57bf6c3b219989bd5100d08d3e222ee8,9807b00ec9f05c0ed690f948a024469da45a3923628918d48e6175fa51233777,2026-08-22T18:01:23.696359+00:00,TADP-SEC/12.1,CLIENT_CIPHERTEXT_BINDING,T3_XMK_CKKS_TADP,,,,client_000,,,,,,,,,,,,,,,,,,,,,,,,,,,,,,,,,,,,,,,,CIPHERTEXT_BOUND_TO_SIGNED_UPDATE,,,,,,,,,,,,,,,,,C3_CONFIDENTIAL,3,,,,,,,,,,,,,9c1286978e84af7283d763691840d355,,,,,,,,,,,,,,13,VERIFIED,,,,,True,,,,,False,FJXgmgJ/qRB0ofcG0j/UqeIYc3btCCZrKy9Kfn64LTs=,7ccd37b70a09dc848ffbb8a329c0d8737fc95285c7b44488bce0e48819f99e7c,lhIS+WjWdu7nwVo2eeSh1fX8D+pCzpAo3q6D86Frg0w=,569d8716442ee4781328138fc495e35e662bdf888387d7a8313c2058166655a6,R+BHEcqUXXwNULyqZcKJ0tIuRGjqRZ14RL/RM9Lx7LQ=,29ac3bebc7d8bf95fc566b7fd18bb82a91593b8a3a0877f87ec4350551f94d53,"T3: xMK submit share (round-level finalize), noise=0.000",reference_python,n=|logq=|scale=|scheme=alg_xmk_ckks,xmk_agg_pk:2c483293497644b3,,,,,,,,,f285c7bf0d246c511a8c8c5af20bee314e90b2a56dc143feb669fbef0307e6f9,,2a57e775136dbbbd46a151bb17aab873d9d73ba873d0022be6a1bc87f04d4995,audit_trails/artifacts/ciphertext_attestations/T3_XMK_CKKS_TADP_client_000_r13_f93102fc6cd5f8b7__2a57e775136dbbbd.json,,,,,,,,,,,,,,,0e16333da009988898aac9696c14ca128ea0376b327f6f90fdea7b643926f6f6,f82421efa0702b38a5a0b719549dfe958ca3d7206cb5e85c75a4f358fe103fca,,
547,6509f4005d5c4d91f535b222b439e15b,9807b00ec9f05c0ed690f948a024469da45a3923628918d48e6175fa51233777,2026-08-22T18:01:30.493268+00:00,TADP-SEC/12.1,CLIENT_ACCEPTED_SUBMISSION,T3_XMK_CKKS_TADP,,,,client_000,,,,,,,,,,,2.3-phase1-fixed-threshold-critical-floor-review-profile,47dd2e58be138865a6d591a63329509757be6b563afb2badb96beb09eac726e5,a663ab753fcbe1179628a237bb638420356ea261176b970e3553fa59bfe7e9d6,1c154f7d4e37aa15e037310f6b45ff14a874311a582c673470a238929d8125dd,8d877b4c3b654a235066cdd49bf4c7e04e1b662c0cf44a17b54811ea50677e11,VALIDATED_EVIDENCE_BUNDLE,,,,,,,,,,,,,,,,,,,,,,,,UPDATE_SUBMITTED_ENFORCED,,False,NOT_REQUIRED_AUTOMATED_POLICY,False,,,,,,,,,,,,,C3_CONFIDENTIAL,3,,,,,,,,6f8a5214daf0d8d5188f7da84fe0931408bac9ce898d47d09d53366ef6cfe2b8,c068640bad122342de0e81050f313e88a0b5bf947d459a5df25df6b117f89be9,,,2026-08-23T17:18:04.591571+00:00,9c1286978e84af7283d763691840d355,,,,,3e85f890cf3c311125b6eaadaa813fd10a33030c64c8511f6ffcecf893222494,0082cf07ad3f3d49df198bf269b3e9b702a01640c4d285aa005e541508128c27,,,2026-08-22T18:59:51.194175+00:00,eb562985f77fc8a152d2d22d15bfd3f4695b107bdaa4c375fc5dde2be0f10805,active,,,14,ACCEPTED,ALL_BASELINE_CONTROLS,,,,True,True,True,True,True,False,blOoP4p3xIbc+ZCZDsNX3LEDFlNZM3LEQniMwbqb6kg=,5397e8dfed3561a687cfab99486c7c49c4c305ef726ff30422726027d62410ca,lhIS+WjWdu7nwVo2eeSh1fX8D+pCzpAo3q6D86Frg0w=,e9ebd5d36793d411790f6ce6dd2ed07d5d738668a50c95f546857621becf08e7,15qo7lkGHUVshlKYrT51PlabGNJ26+0j5Imdfv9nKzc=,29ac3bebc7d8bf95fc566b7fd18bb82a91593b8a3a0877f87ec4350551f94d53,,,,,,,,,,,,,,,,,c1357806759a925bb056cb1b8425381544e42d9fff6ef8b448de81e67fe026b2,audit_trails/artifacts/accepted_runtime_submissions/T3_XMK_CKKS_TADP_client_000_r14_5397e8dfed3561a6__c1357806759a925b.json,,,,,,,,,,,,,f82421efa0702b38a5a0b719549dfe958ca3d7206cb5e85c75a4f358fe103fca,ef1e615f5aa39202e3b4e497779f710f18f57bdc6f274b5887d5d119f5888601,,
548,fefc2b76f6ffb972bc2af1106a8de61b,9807b00ec9f05c0ed690f948a024469da45a3923628918d48e6175fa51233777,2026-08-22T18:01:30.968642+00:00,TADP-SEC/12.1,CLIENT_CIPHERTEXT_BINDING,T3_XMK_CKKS_TADP,,,,client_000,,,,,,,,,,,,,,,,,,,,,,,,,,,,,,,,,,,,,,,,CIPHERTEXT_BOUND_TO_SIGNED_UPDATE,,,,,,,,,,,,,,,,,C3_CONFIDENTIAL,3,,,,,,,,,,,,,9c1286978e84af7283d763691840d355,,,,,,,,,,,,,,14,VERIFIED,,,,,True,,,,,False,blOoP4p3xIbc+ZCZDsNX3LEDFlNZM3LEQniMwbqb6kg=,5397e8dfed3561a687cfab99486c7c49c4c305ef726ff30422726027d62410ca,lhIS+WjWdu7nwVo2eeSh1fX8D+pCzpAo3q6D86Frg0w=,260e8a9302c0e92705f6d815becc50788d56f1423b418e852e72fa601ec0c06a,15qo7lkGHUVshlKYrT51PlabGNJ26+0j5Imdfv9nKzc=,29ac3bebc7d8bf95fc566b7fd18bb82a91593b8a3a0877f87ec4350551f94d53,"T3: xMK submit share (round-level finalize), noise=0.000",reference_python,n=|logq=|scale=|scheme=alg_xmk_ckks,xmk_agg_pk:2c483293497644b3,,,,,,,,,31fc986220a95d811f807e77564bef8ca714d15b234f530a8b1de87d05335a3c,,a25f1577dd5cc386a9ce20f3c08963de1ad9f5400817c4cc7b1af61e9b140f18,audit_trails/artifacts/ciphertext_attestations/T3_XMK_CKKS_TADP_client_000_r14_bba94074f7723b82__a25f1577dd5cc386.json,,,,,,,,,,,,,,,ef1e615f5aa39202e3b4e497779f710f18f57bdc6f274b5887d5d119f5888601,1599d00e691c8a0c45c4c0ce55d3a9a0138f1f603653b26bc407bb1cb93cf95c,,
549,47ab6a97cd60416fc4a5439ec5d363c1,9807b00ec9f05c0ed690f948a024469da45a3923628918d48e6175fa51233777,2026-08-22T18:01:38.043532+00:00,TADP-SEC/12.1,CLIENT_ACCEPTED_SUBMISSION,T3_XMK_CKKS_TADP,,,,client_000,,,,,,,,,,,2.3-phase1-fixed-threshold-critical-floor-review-profile,47dd2e58be138865a6d591a63329509757be6b563afb2badb96beb09eac726e5,a663ab753fcbe1179628a237bb638420356ea261176b970e3553fa59bfe7e9d6,1c154f7d4e37aa15e037310f6b45ff14a874311a582c673470a238929d8125dd,8d877b4c3b654a235066cdd49bf4c7e04e1b662c0cf44a17b54811ea50677e11,VALIDATED_EVIDENCE_BUNDLE,,,,,,,,,,,,,,,,,,,,,,,,UPDATE_SUBMITTED_ENFORCED,,False,NOT_REQUIRED_AUTOMATED_POLICY,False,,,,,,,,,,,,,C3_CONFIDENTIAL,3,,,,,,,,6f8a5214daf0d8d5188f7da84fe0931408bac9ce898d47d09d53366ef6cfe2b8,c068640bad122342de0e81050f313e88a0b5bf947d459a5df25df6b117f89be9,,,2026-08-23T17:18:04.591571+00:00,9c1286978e84af7283d763691840d355,,,,,3e85f890cf3c311125b6eaadaa813fd10a33030c64c8511f6ffcecf893222494,0082cf07ad3f3d49df198bf269b3e9b702a01640c4d285aa005e541508128c27,,,2026-08-22T18:59:51.194175+00:00,eb562985f77fc8a152d2d22d15bfd3f4695b107bdaa4c375fc5dde2be0f10805,active,,,15,ACCEPTED,ALL_BASELINE_CONTROLS,,,,True,True,True,True,True,False,Kr6dDT1MucIK/JFX9LsYWEsH4tDmEynBCxSx4biQcLo=,70d0beb81f8e8d5e414436e6c8d3754a943dbc83fb279ff7a114052089ce3a91,lhIS+WjWdu7nwVo2eeSh1fX8D+pCzpAo3q6D86Frg0w=,5a4eaff4bbdde1662be499c8fabc77708a49a04a5ad4815d71aa7eac462883a6,EZ3w/bAHFIOJcqXQg0x2yMqsJuFapUSdzX4381/YUY8=,29ac3bebc7d8bf95fc566b7fd18bb82a91593b8a3a0877f87ec4350551f94d53,,,,,,,,,,,,,,,,,2542c5100be7db22e1cfea20a1beac351f2d3fd5b294d13ca5b664f2294bc380,audit_trails/artifacts/accepted_runtime_submissions/T3_XMK_CKKS_TADP_client_000_r15_70d0beb81f8e8d5e__2542c5100be7db22.json,,,,,,,,,,,,,1599d00e691c8a0c45c4c0ce55d3a9a0138f1f603653b26bc407bb1cb93cf95c,34e70cc303e25f626ff3cef98144b60214f149f341508c726d7a83786de76eb7,,
550,d46807d8159d97a06fdc580468d752b5,9807b00ec9f05c0ed690f948a024469da45a3923628918d48e6175fa51233777,2026-08-22T18:01:38.384880+00:00,TADP-SEC/12.1,CLIENT_CIPHERTEXT_BINDING,T3_XMK_CKKS_TADP,,,,client_000,,,,,,,,,,,,,,,,,,,,,,,,,,,,,,,,,,,,,,,,CIPHERTEXT_BOUND_TO_SIGNED_UPDATE,,,,,,,,,,,,,,,,,C3_CONFIDENTIAL,3,,,,,,,,,,,,,9c1286978e84af7283d763691840d355,,,,,,,,,,,,,,15,VERIFIED,,,,,True,,,,,False,Kr6dDT1MucIK/JFX9LsYWEsH4tDmEynBCxSx4biQcLo=,70d0beb81f8e8d5e414436e6c8d3754a943dbc83fb279ff7a114052089ce3a91,lhIS+WjWdu7nwVo2eeSh1fX8D+pCzpAo3q6D86Frg0w=,f960dbcfff8a060aa9ed7eee67e7ce7a5072e48ee86bdb4a7c60a9b6bccf46a4,EZ3w/bAHFIOJcqXQg0x2yMqsJuFapUSdzX4381/YUY8=,29ac3bebc7d8bf95fc566b7fd18bb82a91593b8a3a0877f87ec4350551f94d53,"T3: xMK submit share (round-level finalize), noise=0.000",reference_python,n=|logq=|scale=|scheme=alg_xmk_ckks,xmk_agg_pk:2c483293497644b3,,,,,,,,,cc6941d33273f8abe5921696e1e34b281234d074d4e12090416db6aa12da0578,,4d9a4aaf36a096300da614db9478ae4c8228d309b45e30d258a4c2d4c6de0bf0,audit_trails/artifacts/ciphertext_attestations/T3_XMK_CKKS_TADP_client_000_r15_78b5edc8dc06ee4e__4d9a4aaf36a09630.json,,,,,,,,,,,,,,,34e70cc303e25f626ff3cef98144b60214f149f341508c726d7a83786de76eb7,f2ee31e8d64db99bdeaf49030307f3c3b009241966e6e3d3efce30a444113772,,
551,d996301fca92307c4d0fa7beb68b363d,9807b00ec9f05c0ed690f948a024469da45a3923628918d48e6175fa51233777,2026-08-22T18:01:45.614471+00:00,TADP-SEC/12.1,CLIENT_ACCEPTED_SUBMISSION,T3_XMK_CKKS_TADP,,,,client_000,,,,,,,,,,,2.3-phase1-fixed-threshold-critical-floor-review-profile,47dd2e58be138865a6d591a63329509757be6b563afb2badb96beb09eac726e5,a663ab753fcbe1179628a237bb638420356ea261176b970e3553fa59bfe7e9d6,1c154f7d4e37aa15e037310f6b45ff14a874311a582c673470a238929d8125dd,8d877b4c3b654a235066cdd49bf4c7e04e1b662c0cf44a17b54811ea50677e11,VALIDATED_EVIDENCE_BUNDLE,,,,,,,,,,,,,,,,,,,,,,,,UPDATE_SUBMITTED_ENFORCED,,False,NOT_REQUIRED_AUTOMATED_POLICY,False,,,,,,,,,,,,,C3_CONFIDENTIAL,3,,,,,,,,6f8a5214daf0d8d5188f7da84fe0931408bac9ce898d47d09d53366ef6cfe2b8,c068640bad122342de0e81050f313e88a0b5bf947d459a5df25df6b117f89be9,,,2026-08-23T17:18:04.591571+00:00,9c1286978e84af7283d763691840d355,,,,,3e85f890cf3c311125b6eaadaa813fd10a33030c64c8511f6ffcecf893222494,0082cf07ad3f3d49df198bf269b3e9b702a01640c4d285aa005e541508128c27,,,2026-08-22T18:59:51.194175+00:00,eb562985f77fc8a152d2d22d15bfd3f4695b107bdaa4c375fc5dde2be0f10805,active,,,16,ACCEPTED,ALL_BASELINE_CONTROLS,,,,True,True,True,True,True,False,CrxvYRmHndXxgVNQZwzxlQjDjbLiTDe6dA8KROfXGF0=,3d82d83df21d49309a9eb41cd841410d2338b67eeab5e26af70b0b4c041b3cd6,lhIS+WjWdu7nwVo2eeSh1fX8D+pCzpAo3q6D86Frg0w=,d79912acceed4fc4375d7b02d16a5f87f327c39100dee0ddd71ee7c82544bb3a,+pnnpILK4fWmVY4uw2Pe0zNazDusbhYxIdd7X+GhSlk=,29ac3bebc7d8bf95fc566b7fd18bb82a91593b8a3a0877f87ec4350551f94d53,,,,,,,,,,,,,,,,,89f9b773f72049757a6262882927aca37ee7619a40346318616b438172b8be46,audit_trails/artifacts/accepted_runtime_submissions/T3_XMK_CKKS_TADP_client_000_r16_3d82d83df21d4930__89f9b773f7204975.json,,,,,,,,,,,,,f2ee31e8d64db99bdeaf49030307f3c3b009241966e6e3d3efce30a444113772,9d69eeb55c92b3f291b7100519f9787688787c0239b064e88283e2c56e78c9a2,,
552,6af03836554bc02c37ec99a49ddbf8f5,9807b00ec9f05c0ed690f948a024469da45a3923628918d48e6175fa51233777,2026-08-22T18:01:46.070532+00:00,TADP-SEC/12.1,CLIENT_CIPHERTEXT_BINDING,T3_XMK_CKKS_TADP,,,,client_000,,,,,,,,,,,,,,,,,,,,,,,,,,,,,,,,,,,,,,,,CIPHERTEXT_BOUND_TO_SIGNED_UPDATE,,,,,,,,,,,,,,,,,C3_CONFIDENTIAL,3,,,,,,,,,,,,,9c1286978e84af7283d763691840d355,,,,,,,,,,,,,,16,VERIFIED,,,,,True,,,,,False,CrxvYRmHndXxgVNQZwzxlQjDjbLiTDe6dA8KROfXGF0=,3d82d83df21d49309a9eb41cd841410d2338b67eeab5e26af70b0b4c041b3cd6,lhIS+WjWdu7nwVo2eeSh1fX8D+pCzpAo3q6D86Frg0w=,85ed3726379c3a7de9a928d6eb2fd2e75cf1970bcad3b725588a7ed75d5483af,+pnnpILK4fWmVY4uw2Pe0zNazDusbhYxIdd7X+GhSlk=,29ac3bebc7d8bf95fc566b7fd18bb82a91593b8a3a0877f87ec4350551f94d53,"T3: xMK submit share (round-level finalize), noise=0.000",reference_python,n=|logq=|scale=|scheme=alg_xmk_ckks,xmk_agg_pk:2c483293497644b3,,,,,,,,,32836d96130399ce5cc12ec774bce6f80d6bac8577e07a17be733dde15283a1e,,815c3d36b1fd0a7f1f43b7512f0f6c8c09649cdf61cdc0141555c622c3212b62,audit_trails/artifacts/ciphertext_attestations/T3_XMK_CKKS_TADP_client_000_r16_ceba4ae93b015d60__815c3d36b1fd0a7f.json,,,,,,,,,,,,,,,9d69eeb55c92b3f291b7100519f9787688787c0239b064e88283e2c56e78c9a2,a0f3beca80db0c19a3132122e1840954dc8b23708a48ff742a584436dd717d4f,,
553,632445fe3ac6bd783eaf255bcc647a28,9807b00ec9f05c0ed690f948a024469da45a3923628918d48e6175fa51233777,2026-08-22T18:01:52.724757+00:00,TADP-SEC/12.1,CLIENT_ACCEPTED_SUBMISSION,T3_XMK_CKKS_TADP,,,,client_000,,,,,,,,,,,2.3-phase1-fixed-threshold-critical-floor-review-profile,47dd2e58be138865a6d591a63329509757be6b563afb2badb96beb09eac726e5,a663ab753fcbe1179628a237bb638420356ea261176b970e3553fa59bfe7e9d6,1c154f7d4e37aa15e037310f6b45ff14a874311a582c673470a238929d8125dd,8d877b4c3b654a235066cdd49bf4c7e04e1b662c0cf44a17b54811ea50677e11,VALIDATED_EVIDENCE_BUNDLE,,,,,,,,,,,,,,,,,,,,,,,,UPDATE_SUBMITTED_ENFORCED,,False,NOT_REQUIRED_AUTOMATED_POLICY,False,,,,,,,,,,,,,C3_CONFIDENTIAL,3,,,,,,,,6f8a5214daf0d8d5188f7da84fe0931408bac9ce898d47d09d53366ef6cfe2b8,c068640bad122342de0e81050f313e88a0b5bf947d459a5df25df6b117f89be9,,,2026-08-23T17:18:04.591571+00:00,9c1286978e84af7283d763691840d355,,,,,3e85f890cf3c311125b6eaadaa813fd10a33030c64c8511f6ffcecf893222494,0082cf07ad3f3d49df198bf269b3e9b702a01640c4d285aa005e541508128c27,,,2026-08-22T18:59:51.194175+00:00,eb562985f77fc8a152d2d22d15bfd3f4695b107bdaa4c375fc5dde2be0f10805,active,,,17,ACCEPTED,ALL_BASELINE_CONTROLS,,,,True,True,True,True,True,False,TjS5HrsQ7E28j1qAbZVWnt29TPk2FwQGznOXSf1qPuk=,ec97c886d01751bfc27f78b8af38fd6ca5ac8076bc34dbbe975661840c1d275a,lhIS+WjWdu7nwVo2eeSh1fX8D+pCzpAo3q6D86Frg0w=,4459c5d7003cb07722f9d442ec8c1789fcddb3cd68d0cbdfda2f832ea93303ce,WCJq8JFwVRGgBm3JRIp5Siw4z0NTECdMPnRiVvCqpSY=,29ac3bebc7d8bf95fc566b7fd18bb82a91593b8a3a0877f87ec4350551f94d53,,,,,,,,,,,,,,,,,9cdc71986b841f68d2f50d886d7ad710113c427731a1f7fddad604ee8019d967,audit_trails/artifacts/accepted_runtime_submissions/T3_XMK_CKKS_TADP_client_000_r17_ec97c886d01751bf__9cdc71986b841f68.json,,,,,,,,,,,,,a0f3beca80db0c19a3132122e1840954dc8b23708a48ff742a584436dd717d4f,0f5f71220327ce4c6ce4c4bd9a99a332914628249bcdafd6c856dfe992e29bd4,,
554,aa105030c0359a194693ff031ea87615,9807b00ec9f05c0ed690f948a024469da45a3923628918d48e6175fa51233777,2026-08-22T18:01:53.075266+00:00,TADP-SEC/12.1,CLIENT_CIPHERTEXT_BINDING,T3_XMK_CKKS_TADP,,,,client_000,,,,,,,,,,,,,,,,,,,,,,,,,,,,,,,,,,,,,,,,CIPHERTEXT_BOUND_TO_SIGNED_UPDATE,,,,,,,,,,,,,,,,,C3_CONFIDENTIAL,3,,,,,,,,,,,,,9c1286978e84af7283d763691840d355,,,,,,,,,,,,,,17,VERIFIED,,,,,True,,,,,False,TjS5HrsQ7E28j1qAbZVWnt29TPk2FwQGznOXSf1qPuk=,ec97c886d01751bfc27f78b8af38fd6ca5ac8076bc34dbbe975661840c1d275a,lhIS+WjWdu7nwVo2eeSh1fX8D+pCzpAo3q6D86Frg0w=,80a2c577b7e493a9ac1d688efc632b6599f1cae0b6958eabaff4daa64d147131,WCJq8JFwVRGgBm3JRIp5Siw4z0NTECdMPnRiVvCqpSY=,29ac3bebc7d8bf95fc566b7fd18bb82a91593b8a3a0877f87ec4350551f94d53,"T3: xMK submit share (round-level finalize), noise=0.000",reference_python,n=|logq=|scale=|scheme=alg_xmk_ckks,xmk_agg_pk:2c483293497644b3,,,,,,,,,d5e22b9219ab3f65f7caf45fabb1ebc0ebaf4318db33794237904e938d88e510,,fd89bac885febddb8ce680479c349611f514b34f1c3c6d52bc0fdcb9baac0630,audit_trails/artifacts/ciphertext_attestations/T3_XMK_CKKS_TADP_client_000_r17_764f8c84b1ac6a6e__fd89bac885febddb.json,,,,,,,,,,,,,,,0f5f71220327ce4c6ce4c4bd9a99a332914628249bcdafd6c856dfe992e29bd4,d3b78b7fd8b0c14a07c4bb94cb1577072626b4adcaf8496dee8be98f0e8ccf3d,,
555,aab626ae10d132f1025bd2aa19e5e984,9807b00ec9f05c0ed690f948a024469da45a3923628918d48e6175fa51233777,2026-08-22T18:02:00.581131+00:00,TADP-SEC/12.1,CLIENT_ACCEPTED_SUBMISSION,T3_XMK_CKKS_TADP,,,,client_000,,,,,,,,,,,2.3-phase1-fixed-threshold-critical-floor-review-profile,47dd2e58be138865a6d591a63329509757be6b563afb2badb96beb09eac726e5,a663ab753fcbe1179628a237bb638420356ea261176b970e3553fa59bfe7e9d6,1c154f7d4e37aa15e037310f6b45ff14a874311a582c673470a238929d8125dd,8d877b4c3b654a235066cdd49bf4c7e04e1b662c0cf44a17b54811ea50677e11,VALIDATED_EVIDENCE_BUNDLE,,,,,,,,,,,,,,,,,,,,,,,,UPDATE_SUBMITTED_ENFORCED,,False,NOT_REQUIRED_AUTOMATED_POLICY,False,,,,,,,,,,,,,C3_CONFIDENTIAL,3,,,,,,,,6f8a5214daf0d8d5188f7da84fe0931408bac9ce898d47d09d53366ef6cfe2b8,c068640bad122342de0e81050f313e88a0b5bf947d459a5df25df6b117f89be9,,,2026-08-23T17:18:04.591571+00:00,9c1286978e84af7283d763691840d355,,,,,3e85f890cf3c311125b6eaadaa813fd10a33030c64c8511f6ffcecf893222494,0082cf07ad3f3d49df198bf269b3e9b702a01640c4d285aa005e541508128c27,,,2026-08-22T18:59:51.194175+00:00,eb562985f77fc8a152d2d22d15bfd3f4695b107bdaa4c375fc5dde2be0f10805,active,,,18,ACCEPTED,ALL_BASELINE_CONTROLS,,,,True,True,True,True,True,False,sgwfvzTzeHEgR/Brq5lfxyibgq8PnU10m/4yuBStwq4=,f3ce390eb61b6b5b16ca4109dac06be9a8c3ea8c731dcdb1b9a3451582260728,lhIS+WjWdu7nwVo2eeSh1fX8D+pCzpAo3q6D86Frg0w=,f8c8459efd26850948e405a4d10b458368a7cb2e347e68ea90eaafc5c43be94c,zYLJkIPBvoPk84l0Orw9oVKfPsBpJpUBv4Jh4zgHBZQ=,29ac3bebc7d8bf95fc566b7fd18bb82a91593b8a3a0877f87ec4350551f94d53,,,,,,,,,,,,,,,,,009471c1abbc93132b53cafd7a23a1332117c9d5ad2806167f97f17f38d5de0f,audit_trails/artifacts/accepted_runtime_submissions/T3_XMK_CKKS_TADP_client_000_r18_f3ce390eb61b6b5b__009471c1abbc9313.json,,,,,,,,,,,,,d3b78b7fd8b0c14a07c4bb94cb1577072626b4adcaf8496dee8be98f0e8ccf3d,71ceb12b85a3187bd18f9d42c0830e2caaf9d8d4e1fe02d9afc7275739bed54c,,
556,b9999554d08c358e2cc83db91c4bcd5c,9807b00ec9f05c0ed690f948a024469da45a3923628918d48e6175fa51233777,2026-08-22T18:02:00.928753+00:00,TADP-SEC/12.1,CLIENT_CIPHERTEXT_BINDING,T3_XMK_CKKS_TADP,,,,client_000,,,,,,,,,,,,,,,,,,,,,,,,,,,,,,,,,,,,,,,,CIPHERTEXT_BOUND_TO_SIGNED_UPDATE,,,,,,,,,,,,,,,,,C3_CONFIDENTIAL,3,,,,,,,,,,,,,9c1286978e84af7283d763691840d355,,,,,,,,,,,,,,18,VERIFIED,,,,,True,,,,,False,sgwfvzTzeHEgR/Brq5lfxyibgq8PnU10m/4yuBStwq4=,f3ce390eb61b6b5b16ca4109dac06be9a8c3ea8c731dcdb1b9a3451582260728,lhIS+WjWdu7nwVo2eeSh1fX8D+pCzpAo3q6D86Frg0w=,bffcce741770a6e6bef9940ea994c67ad3917b3e262c65de25996c0cf0380d51,zYLJkIPBvoPk84l0Orw9oVKfPsBpJpUBv4Jh4zgHBZQ=,29ac3bebc7d8bf95fc566b7fd18bb82a91593b8a3a0877f87ec4350551f94d53,"T3: xMK submit share (round-level finalize), noise=0.000",reference_python,n=|logq=|scale=|scheme=alg_xmk_ckks,xmk_agg_pk:2c483293497644b3,,,,,,,,,c14b1b080631d41ff0cf0b88ed30a9ea75b73b02d19be3fa7a4565d69cf426f7,,56ec3499770e4dfa2189785021144fea2ac3106c85956060b48717299a45bf35,audit_trails/artifacts/ciphertext_attestations/T3_XMK_CKKS_TADP_client_000_r18_4e7a76f1aab2cbdf__56ec3499770e4dfa.json,,,,,,,,,,,,,,,71ceb12b85a3187bd18f9d42c0830e2caaf9d8d4e1fe02d9afc7275739bed54c,dd6883de39bff4f845eb5afcdb416abb50e6bfb7f2839fc735cd67513c991bee,,
557,9a03cb67846f1afcb250f6263e32f3bb,9807b00ec9f05c0ed690f948a024469da45a3923628918d48e6175fa51233777,2026-08-22T18:02:07.415480+00:00,TADP-SEC/12.1,CLIENT_ACCEPTED_SUBMISSION,T3_XMK_CKKS_TADP,,,,client_000,,,,,,,,,,,2.3-phase1-fixed-threshold-critical-floor-review-profile,47dd2e58be138865a6d591a63329509757be6b563afb2badb96beb09eac726e5,a663ab753fcbe1179628a237bb638420356ea261176b970e3553fa59bfe7e9d6,1c154f7d4e37aa15e037310f6b45ff14a874311a582c673470a238929d8125dd,8d877b4c3b654a235066cdd49bf4c7e04e1b662c0cf44a17b54811ea50677e11,VALIDATED_EVIDENCE_BUNDLE,,,,,,,,,,,,,,,,,,,,,,,,UPDATE_SUBMITTED_ENFORCED,,False,NOT_REQUIRED_AUTOMATED_POLICY,False,,,,,,,,,,,,,C3_CONFIDENTIAL,3,,,,,,,,6f8a5214daf0d8d5188f7da84fe0931408bac9ce898d47d09d53366ef6cfe2b8,c068640bad122342de0e81050f313e88a0b5bf947d459a5df25df6b117f89be9,,,2026-08-23T17:18:04.591571+00:00,9c1286978e84af7283d763691840d355,,,,,3e85f890cf3c311125b6eaadaa813fd10a33030c64c8511f6ffcecf893222494,0082cf07ad3f3d49df198bf269b3e9b702a01640c4d285aa005e541508128c27,,,2026-08-22T18:59:51.194175+00:00,eb562985f77fc8a152d2d22d15bfd3f4695b107bdaa4c375fc5dde2be0f10805,active,,,19,ACCEPTED,ALL_BASELINE_CONTROLS,,,,True,True,True,True,True,False,sEzw5zR5j8zz74wqaQxpQozJ18sMIBS87Xw4ukfqxpg=,db06aa427acb8bcb80f1bbcf7917e031659efe822ac19f6bbc7d9d09a4bab3d1,lhIS+WjWdu7nwVo2eeSh1fX8D+pCzpAo3q6D86Frg0w=,f519dcb62031d5ccf6900546e26cfaf004ab599df738b7b099859531b103c29c,CZw4bPcxs2vUPTwQvq+ojUk2QKC3CbYdxWLYQP7QvD0=,29ac3bebc7d8bf95fc566b7fd18bb82a91593b8a3a0877f87ec4350551f94d53,,,,,,,,,,,,,,,,,6838cad31111cb711ce61bbdc4cad0d9a37a3b5a2e9b11f0b7e61736b4881a48,audit_trails/artifacts/accepted_runtime_submissions/T3_XMK_CKKS_TADP_client_000_r19_db06aa427acb8bcb__6838cad31111cb71.json,,,,,,,,,,,,,dd6883de39bff4f845eb5afcdb416abb50e6bfb7f2839fc735cd67513c991bee,5ac0780e013a5a1d9866a481f442a2b35a7855d305025d6280032e9c14b57a2e,,
558,72a6baf2e576f03e864a9f1a40c6505b,9807b00ec9f05c0ed690f948a024469da45a3923628918d48e6175fa51233777,2026-08-22T18:02:07.763626+00:00,TADP-SEC/12.1,CLIENT_CIPHERTEXT_BINDING,T3_XMK_CKKS_TADP,,,,client_000,,,,,,,,,,,,,,,,,,,,,,,,,,,,,,,,,,,,,,,,CIPHERTEXT_BOUND_TO_SIGNED_UPDATE,,,,,,,,,,,,,,,,,C3_CONFIDENTIAL,3,,,,,,,,,,,,,9c1286978e84af7283d763691840d355,,,,,,,,,,,,,,19,VERIFIED,,,,,True,,,,,False,sEzw5zR5j8zz74wqaQxpQozJ18sMIBS87Xw4ukfqxpg=,db06aa427acb8bcb80f1bbcf7917e031659efe822ac19f6bbc7d9d09a4bab3d1,lhIS+WjWdu7nwVo2eeSh1fX8D+pCzpAo3q6D86Frg0w=,b565c38d0f2b9dc5eadc6f161671d156ed825ce6f471e4ed2e9b00961adb7555,CZw4bPcxs2vUPTwQvq+ojUk2QKC3CbYdxWLYQP7QvD0=,29ac3bebc7d8bf95fc566b7fd18bb82a91593b8a3a0877f87ec4350551f94d53,"T3: xMK submit share (round-level finalize), noise=0.000",reference_python,n=|logq=|scale=|scheme=alg_xmk_ckks,xmk_agg_pk:2c483293497644b3,,,,,,,,,c9a065b3da23845cb7d252a2e936179a9ae1be3cce06a949d3987c2cd4f9ca16,,9d96e7336a74a044934da8149471be85c5845e343d51584bf6094e736dbe821e,audit_trails/artifacts/ciphertext_attestations/T3_XMK_CKKS_TADP_client_000_r19_2649a9156169c683__9d96e7336a74a044.json,,,,,,,,,,,,,,,5ac0780e013a5a1d9866a481f442a2b35a7855d305025d6280032e9c14b57a2e,a93c5eeac5a94d11bc6da3480830e84e7da926ee5aa8cae471a09ed0533850bc,,
559,631cce407a88a9dfbbc56deb55928aea,9807b00ec9f05c0ed690f948a024469da45a3923628918d48e6175fa51233777,2026-08-22T18:02:15.276937+00:00,TADP-SEC/12.1,CLIENT_ACCEPTED_SUBMISSION,T3_XMK_CKKS_TADP,,,,client_000,,,,,,,,,,,2.3-phase1-fixed-threshold-critical-floor-review-profile,47dd2e58be138865a6d591a63329509757be6b563afb2badb96beb09eac726e5,a663ab753fcbe1179628a237bb638420356ea261176b970e3553fa59bfe7e9d6,1c154f7d4e37aa15e037310f6b45ff14a874311a582c673470a238929d8125dd,8d877b4c3b654a235066cdd49bf4c7e04e1b662c0cf44a17b54811ea50677e11,VALIDATED_EVIDENCE_BUNDLE,,,,,,,,,,,,,,,,,,,,,,,,UPDATE_SUBMITTED_ENFORCED,,False,NOT_REQUIRED_AUTOMATED_POLICY,False,,,,,,,,,,,,,C3_CONFIDENTIAL,3,,,,,,,,6f8a5214daf0d8d5188f7da84fe0931408bac9ce898d47d09d53366ef6cfe2b8,c068640bad122342de0e81050f313e88a0b5bf947d459a5df25df6b117f89be9,,,2026-08-23T17:18:04.591571+00:00,9c1286978e84af7283d763691840d355,,,,,3e85f890cf3c311125b6eaadaa813fd10a33030c64c8511f6ffcecf893222494,0082cf07ad3f3d49df198bf269b3e9b702a01640c4d285aa005e541508128c27,,,2026-08-22T18:59:51.194175+00:00,eb562985f77fc8a152d2d22d15bfd3f4695b107bdaa4c375fc5dde2be0f10805,active,,,20,ACCEPTED,ALL_BASELINE_CONTROLS,,,,True,True,True,True,True,False,zYE9q2WVwH17KH91qvdnnsK6ibAtTq5gP1KDP8RdpdY=,17f2f45e0a81e9c7a60490c8bf762fa139f8e18771821689365e0b5a652c7c15,lhIS+WjWdu7nwVo2eeSh1fX8D+pCzpAo3q6D86Frg0w=,2647501b4023d6b2127d14b8751c1246d05d81c3e01943fdb1dac126318ae864,Az6qX3J7Zm/VVHVCJuDkJyjfw8ZQUoprcOKGVbH4jCY=,29ac3bebc7d8bf95fc566b7fd18bb82a91593b8a3a0877f87ec4350551f94d53,,,,,,,,,,,,,,,,,d8ea4d6f4ca22c96c1aa2742b964febe37716843cd4db56a654dd50f870d477f,audit_trails/artifacts/accepted_runtime_submissions/T3_XMK_CKKS_TADP_client_000_r20_17f2f45e0a81e9c7__d8ea4d6f4ca22c96.json,,,,,,,,,,,,,a93c5eeac5a94d11bc6da3480830e84e7da926ee5aa8cae471a09ed0533850bc,7b379ed0fbad33a7e0606a4630bb8c624d8d8bc8995616dc98e9add3ac919a90,,
560,de90b8eec9974cba85c2d418b2311b20,9807b00ec9f05c0ed690f948a024469da45a3923628918d48e6175fa51233777,2026-08-22T18:02:15.613761+00:00,TADP-SEC/12.1,CLIENT_CIPHERTEXT_BINDING,T3_XMK_CKKS_TADP,,,,client_000,,,,,,,,,,,,,,,,,,,,,,,,,,,,,,,,,,,,,,,,CIPHERTEXT_BOUND_TO_SIGNED_UPDATE,,,,,,,,,,,,,,,,,C3_CONFIDENTIAL,3,,,,,,,,,,,,,9c1286978e84af7283d763691840d355,,,,,,,,,,,,,,20,VERIFIED,,,,,True,,,,,False,zYE9q2WVwH17KH91qvdnnsK6ibAtTq5gP1KDP8RdpdY=,17f2f45e0a81e9c7a60490c8bf762fa139f8e18771821689365e0b5a652c7c15,lhIS+WjWdu7nwVo2eeSh1fX8D+pCzpAo3q6D86Frg0w=,bda393209ba5409bf1ba8da0ce86c81f60f184c5d4d231bff467c2317873192b,Az6qX3J7Zm/VVHVCJuDkJyjfw8ZQUoprcOKGVbH4jCY=,29ac3bebc7d8bf95fc566b7fd18bb82a91593b8a3a0877f87ec4350551f94d53,"T3: xMK submit share (round-level finalize), noise=0.000",reference_python,n=|logq=|scale=|scheme=alg_xmk_ckks,xmk_agg_pk:2c483293497644b3,,,,,,,,,c6d4b00980e6602c9fbad6dd5e493f7fd8a98ce928e269585f574597ab27ac7f,,2c61a0b50595628d2b46a97c9d4283f31f2ab12929f3c6cb30154791d0774392,audit_trails/artifacts/ciphertext_attestations/T3_XMK_CKKS_TADP_client_000_r20_3d2a66e65dc6ea92__2c61a0b50595628d.json,,,,,,,,,,,,,,,7b379ed0fbad33a7e0606a4630bb8c624d8d8bc8995616dc98e9add3ac919a90,782b6abcf3fa797a11bddbed88a3593d73681c9aca7b899b7a7d4db1d3409934,,
561,d24d39e5e454c64a697a03e7b0a44eea,9807b00ec9f05c0ed690f948a024469da45a3923628918d48e6175fa51233777,2026-08-22T18:02:24.130794+00:00,TADP-SEC/12.1,CLIENT_ACCEPTED_SUBMISSION,T3_XMK_CKKS_TADP,,,,client_000,,,,,,,,,,,2.3-phase1-fixed-threshold-critical-floor-review-profile,47dd2e58be138865a6d591a63329509757be6b563afb2badb96beb09eac726e5,a663ab753fcbe1179628a237bb638420356ea261176b970e3553fa59bfe7e9d6,1c154f7d4e37aa15e037310f6b45ff14a874311a582c673470a238929d8125dd,8d877b4c3b654a235066cdd49bf4c7e04e1b662c0cf44a17b54811ea50677e11,VALIDATED_EVIDENCE_BUNDLE,,,,,,,,,,,,,,,,,,,,,,,,UPDATE_SUBMITTED_ENFORCED,,False,NOT_REQUIRED_AUTOMATED_POLICY,False,,,,,,,,,,,,,C3_CONFIDENTIAL,3,,,,,,,,6f8a5214daf0d8d5188f7da84fe0931408bac9ce898d47d09d53366ef6cfe2b8,c068640bad122342de0e81050f313e88a0b5bf947d459a5df25df6b117f89be9,,,2026-08-23T17:18:04.591571+00:00,b9923b9284cb2e5e7c6a988f4315368d,,,,,9fdc6f75dd80c3195931b19cb822e525f8a000729f82d11280d6b1e5f11f6339,b95d66813a0791a9e1be011cb013c6c40a74a1dcbe7a78b5e890b3bc4627af4a,,,2026-08-22T19:02:22.109557+00:00,eb562985f77fc8a152d2d22d15bfd3f4695b107bdaa4c375fc5dde2be0f10805,active,,,1,ACCEPTED,ALL_BASELINE_CONTROLS,,,,True,True,True,True,True,False,QBMeM4Gy+X4Y2ZkM8f5xATiLm5FpYM4ahZJfpwAeaAI=,2c3eaca0864f506d4417c78ee5c7ab569644eefd3b4b88df646bb3c6c8f2e10a,lhIS+WjWdu7nwVo2eeSh1fX8D+pCzpAo3q6D86Frg0w=,e3ab86b8bd95864b36b923a414e72827526eb18ae4f23cb8023fc46eb1e8b82c,zWaanIG/Ulv0T9sLCtTS+EuBdOHG+ZF1EziwsgnsOIM=,29ac3bebc7d8bf95fc566b7fd18bb82a91593b8a3a0877f87ec4350551f94d53,,,,,,,,,,,,,,,,,e3d92baf56ec507ca15991362f38cc0cfa16b60072521f15dc69f1ebf13bdb5e,audit_trails/artifacts/accepted_runtime_submissions/T3_XMK_CKKS_TADP_client_000_r1_2c3eaca0864f506d__e3d92baf56ec507c.json,,,,,,,,,,,,,782b6abcf3fa797a11bddbed88a3593d73681c9aca7b899b7a7d4db1d3409934,2652ad97dde91571d4cdc042921518c2baad019747f67597c6b881b4194d9996,,
562,be04e57ab4d9a15356c55e96ff448a9e,9807b00ec9f05c0ed690f948a024469da45a3923628918d48e6175fa51233777,2026-08-22T18:02:24.582599+00:00,TADP-SEC/12.1,CLIENT_CIPHERTEXT_BINDING,T3_XMK_CKKS_TADP,,,,client_000,,,,,,,,,,,,,,,,,,,,,,,,,,,,,,,,,,,,,,,,CIPHERTEXT_BOUND_TO_SIGNED_UPDATE,,,,,,,,,,,,,,,,,C3_CONFIDENTIAL,3,,,,,,,,,,,,,b9923b9284cb2e5e7c6a988f4315368d,,,,,,,,,,,,,,1,VERIFIED,,,,,True,,,,,False,QBMeM4Gy+X4Y2ZkM8f5xATiLm5FpYM4ahZJfpwAeaAI=,2c3eaca0864f506d4417c78ee5c7ab569644eefd3b4b88df646bb3c6c8f2e10a,lhIS+WjWdu7nwVo2eeSh1fX8D+pCzpAo3q6D86Frg0w=,ebe2d14e2a5380f319179b82d4b914a0414e1a5b9ed88aa771ff702fb5f282db,zWaanIG/Ulv0T9sLCtTS+EuBdOHG+ZF1EziwsgnsOIM=,29ac3bebc7d8bf95fc566b7fd18bb82a91593b8a3a0877f87ec4350551f94d53,"T3: xMK submit share (round-level finalize), noise=0.000",reference_python,n=|logq=|scale=|scheme=alg_xmk_ckks,xmk_agg_pk:2c483293497644b3,,,,,,,,,335872c7361d9b48f4309d0a3b64f5a97b481d3df7c9bc32366812ae431b6b99,,d87cdc7a09093215fb1bfc4717f88216a90e506d3310e39c3fba1666544b8671,audit_trails/artifacts/ciphertext_attestations/T3_XMK_CKKS_TADP_client_000_r1_7402fc5b7b1633d9__d87cdc7a09093215.json,,,,,,,,,,,,,,,2652ad97dde91571d4cdc042921518c2baad019747f67597c6b881b4194d9996,e3b85a933439669d9e1ffad7db1754d11ec7a0c6e836481bc1f771ae2a9d77e9,,
563,8a71d3b21e7333cfb089f3482457486d,9807b00ec9f05c0ed690f948a024469da45a3923628918d48e6175fa51233777,2026-08-22T18:02:31.986693+00:00,TADP-SEC/12.1,CLIENT_ACCEPTED_SUBMISSION,T3_XMK_CKKS_TADP,,,,client_000,,,,,,,,,,,2.3-phase1-fixed-threshold-critical-floor-review-profile,47dd2e58be138865a6d591a63329509757be6b563afb2badb96beb09eac726e5,a663ab753fcbe1179628a237bb638420356ea261176b970e3553fa59bfe7e9d6,1c154f7d4e37aa15e037310f6b45ff14a874311a582c673470a238929d8125dd,8d877b4c3b654a235066cdd49bf4c7e04e1b662c0cf44a17b54811ea50677e11,VALIDATED_EVIDENCE_BUNDLE,,,,,,,,,,,,,,,,,,,,,,,,UPDATE_SUBMITTED_ENFORCED,,False,NOT_REQUIRED_AUTOMATED_POLICY,False,,,,,,,,,,,,,C3_CONFIDENTIAL,3,,,,,,,,6f8a5214daf0d8d5188f7da84fe0931408bac9ce898d47d09d53366ef6cfe2b8,c068640bad122342de0e81050f313e88a0b5bf947d459a5df25df6b117f89be9,,,2026-08-23T17:18:04.591571+00:00,b9923b9284cb2e5e7c6a988f4315368d,,,,,9fdc6f75dd80c3195931b19cb822e525f8a000729f82d11280d6b1e5f11f6339,b95d66813a0791a9e1be011cb013c6c40a74a1dcbe7a78b5e890b3bc4627af4a,,,2026-08-22T19:02:22.109557+00:00,eb562985f77fc8a152d2d22d15bfd3f4695b107bdaa4c375fc5dde2be0f10805,active,,,2,ACCEPTED,ALL_BASELINE_CONTROLS,,,,True,True,True,True,True,False,otV1M0yuK+tDqoeBgWo1iaqyYn9d1kUnegqmr0Wgtwo=,b72425dde722b66cc363cc6fb20ceb0baccb24ac5a559c9a6395e843a49cd0ba,lhIS+WjWdu7nwVo2eeSh1fX8D+pCzpAo3q6D86Frg0w=,196d06e9e5be41db39a994449bf36ccedd3e3dea825b56b093c11e3654bf4956,FM/muAkVTSw5XkxvKHIycjvqxp2YiesxPRwnDyxAQNo=,29ac3bebc7d8bf95fc566b7fd18bb82a91593b8a3a0877f87ec4350551f94d53,,,,,,,,,,,,,,,,,99ed4eb7b4776bd071c4af34922389b192392f54701ed262e87891990e926a46,audit_trails/artifacts/accepted_runtime_submissions/T3_XMK_CKKS_TADP_client_000_r2_b72425dde722b66c__99ed4eb7b4776bd0.json,,,,,,,,,,,,,e3b85a933439669d9e1ffad7db1754d11ec7a0c6e836481bc1f771ae2a9d77e9,dbd29d9434721cc2a2ad16e0c53509d26b2d8f2f220e8da4b06d1bba18afc08a,,
564,3b954dab63a77b3b84e133635e3e284e,9807b00ec9f05c0ed690f948a024469da45a3923628918d48e6175fa51233777,2026-08-22T18:02:32.318808+00:00,TADP-SEC/12.1,CLIENT_CIPHERTEXT_BINDING,T3_XMK_CKKS_TADP,,,,client_000,,,,,,,,,,,,,,,,,,,,,,,,,,,,,,,,,,,,,,,,CIPHERTEXT_BOUND_TO_SIGNED_UPDATE,,,,,,,,,,,,,,,,,C3_CONFIDENTIAL,3,,,,,,,,,,,,,b9923b9284cb2e5e7c6a988f4315368d,,,,,,,,,,,,,,2,VERIFIED,,,,,True,,,,,False,otV1M0yuK+tDqoeBgWo1iaqyYn9d1kUnegqmr0Wgtwo=,b72425dde722b66cc363cc6fb20ceb0baccb24ac5a559c9a6395e843a49cd0ba,lhIS+WjWdu7nwVo2eeSh1fX8D+pCzpAo3q6D86Frg0w=,d489242a081d7a3bc30dd26da067c36d3bad4851f0edb3557bb1ab39d3e76647,FM/muAkVTSw5XkxvKHIycjvqxp2YiesxPRwnDyxAQNo=,29ac3bebc7d8bf95fc566b7fd18bb82a91593b8a3a0877f87ec4350551f94d53,"T3: xMK submit share (round-level finalize), noise=0.000",reference_python,n=|logq=|scale=|scheme=alg_xmk_ckks,xmk_agg_pk:2c483293497644b3,,,,,,,,,26eec9f7575b68496953b92c3714405ed14de5338c365e18dfa743367eaa62fd,,9023813602bdf4de828b406ac77ed7f5f44ae339e16f60736a701e9e85b562f8,audit_trails/artifacts/ciphertext_attestations/T3_XMK_CKKS_TADP_client_000_r2_408f03414690eb75__9023813602bdf4de.json,,,,,,,,,,,,,,,dbd29d9434721cc2a2ad16e0c53509d26b2d8f2f220e8da4b06d1bba18afc08a,44995afa2de1f957efc7251e1ff481c502c800340a5c0e3c7b5e038d38cf0334,,
565,328a9cddff826e721c4d335fe3b9b719,9807b00ec9f05c0ed690f948a024469da45a3923628918d48e6175fa51233777,2026-08-22T18:02:39.256306+00:00,TADP-SEC/12.1,CLIENT_ACCEPTED_SUBMISSION,T3_XMK_CKKS_TADP,,,,client_000,,,,,,,,,,,2.3-phase1-fixed-threshold-critical-floor-review-profile,47dd2e58be138865a6d591a63329509757be6b563afb2badb96beb09eac726e5,a663ab753fcbe1179628a237bb638420356ea261176b970e3553fa59bfe7e9d6,1c154f7d4e37aa15e037310f6b45ff14a874311a582c673470a238929d8125dd,8d877b4c3b654a235066cdd49bf4c7e04e1b662c0cf44a17b54811ea50677e11,VALIDATED_EVIDENCE_BUNDLE,,,,,,,,,,,,,,,,,,,,,,,,UPDATE_SUBMITTED_ENFORCED,,False,NOT_REQUIRED_AUTOMATED_POLICY,False,,,,,,,,,,,,,C3_CONFIDENTIAL,3,,,,,,,,6f8a5214daf0d8d5188f7da84fe0931408bac9ce898d47d09d53366ef6cfe2b8,c068640bad122342de0e81050f313e88a0b5bf947d459a5df25df6b117f89be9,,,2026-08-23T17:18:04.591571+00:00,b9923b9284cb2e5e7c6a988f4315368d,,,,,9fdc6f75dd80c3195931b19cb822e525f8a000729f82d11280d6b1e5f11f6339,b95d66813a0791a9e1be011cb013c6c40a74a1dcbe7a78b5e890b3bc4627af4a,,,2026-08-22T19:02:22.109557+00:00,eb562985f77fc8a152d2d22d15bfd3f4695b107bdaa4c375fc5dde2be0f10805,active,,,3,ACCEPTED,ALL_BASELINE_CONTROLS,,,,True,True,True,True,True,False,ZFt19DQfJF7ropLAXkDcY5oY9IvUoLeypWihJ42/BQ4=,9a0c37889f280550c4cef19619c09bd9b99eb678f8fc110808737904cac48067,lhIS+WjWdu7nwVo2eeSh1fX8D+pCzpAo3q6D86Frg0w=,6b0103061c06ba8e0f3c87ebc0499ba355ea5bc9a38656a6f660ab7b4c4b4c36,ZkjzkxUoPSipt7WxjYB72MMqq9WoyM4x2qrIfoMn+3A=,29ac3bebc7d8bf95fc566b7fd18bb82a91593b8a3a0877f87ec4350551f94d53,,,,,,,,,,,,,,,,,c17d19dd8f68568353022826866761c1eadb5fd1ad2c2302731437f47e38adfb,audit_trails/artifacts/accepted_runtime_submissions/T3_XMK_CKKS_TADP_client_000_r3_9a0c37889f280550__c17d19dd8f685683.json,,,,,,,,,,,,,44995afa2de1f957efc7251e1ff481c502c800340a5c0e3c7b5e038d38cf0334,371261a1c30c90f63166d5ac27f52373bc6e2339b5f12a7d0897beed66a113f6,,
566,8f32dcadf640cddb641b41f56a5f7292,9807b00ec9f05c0ed690f948a024469da45a3923628918d48e6175fa51233777,2026-08-22T18:02:39.732650+00:00,TADP-SEC/12.1,CLIENT_CIPHERTEXT_BINDING,T3_XMK_CKKS_TADP,,,,client_000,,,,,,,,,,,,,,,,,,,,,,,,,,,,,,,,,,,,,,,,CIPHERTEXT_BOUND_TO_SIGNED_UPDATE,,,,,,,,,,,,,,,,,C3_CONFIDENTIAL,3,,,,,,,,,,,,,b9923b9284cb2e5e7c6a988f4315368d,,,,,,,,,,,,,,3,VERIFIED,,,,,True,,,,,False,ZFt19DQfJF7ropLAXkDcY5oY9IvUoLeypWihJ42/BQ4=,9a0c37889f280550c4cef19619c09bd9b99eb678f8fc110808737904cac48067,lhIS+WjWdu7nwVo2eeSh1fX8D+pCzpAo3q6D86Frg0w=,ce8157d71a7595600485574fdc8d709201828b8b1b97dbeaf065d902c1fb15ac,ZkjzkxUoPSipt7WxjYB72MMqq9WoyM4x2qrIfoMn+3A=,29ac3bebc7d8bf95fc566b7fd18bb82a91593b8a3a0877f87ec4350551f94d53,"T3: xMK submit share (round-level finalize), noise=0.000",reference_python,n=|logq=|scale=|scheme=alg_xmk_ckks,xmk_agg_pk:2c483293497644b3,,,,,,,,,ea375c64d2cded80a673d2e95fbf8795725c8b00e662a2edf0ad173823f4b119,,15455f1718e64d8561c581234678833205fd3e2e9ac9857a97c8ee9eb21deb1c,audit_trails/artifacts/ciphertext_attestations/T3_XMK_CKKS_TADP_client_000_r3_163044337f0ed301__15455f1718e64d85.json,,,,,,,,,,,,,,,371261a1c30c90f63166d5ac27f52373bc6e2339b5f12a7d0897beed66a113f6,171b50627eb882a736821827fc1066c69fba248e7102bcf3a41180e40b312fd7,,
567,d2f02f63e80071f6309df197caf0ff41,9807b00ec9f05c0ed690f948a024469da45a3923628918d48e6175fa51233777,2026-08-22T18:02:46.719510+00:00,TADP-SEC/12.1,CLIENT_ACCEPTED_SUBMISSION,T3_XMK_CKKS_TADP,,,,client_000,,,,,,,,,,,2.3-phase1-fixed-threshold-critical-floor-review-profile,47dd2e58be138865a6d591a63329509757be6b563afb2badb96beb09eac726e5,a663ab753fcbe1179628a237bb638420356ea261176b970e3553fa59bfe7e9d6,1c154f7d4e37aa15e037310f6b45ff14a874311a582c673470a238929d8125dd,8d877b4c3b654a235066cdd49bf4c7e04e1b662c0cf44a17b54811ea50677e11,VALIDATED_EVIDENCE_BUNDLE,,,,,,,,,,,,,,,,,,,,,,,,UPDATE_SUBMITTED_ENFORCED,,False,NOT_REQUIRED_AUTOMATED_POLICY,False,,,,,,,,,,,,,C3_CONFIDENTIAL,3,,,,,,,,6f8a5214daf0d8d5188f7da84fe0931408bac9ce898d47d09d53366ef6cfe2b8,c068640bad122342de0e81050f313e88a0b5bf947d459a5df25df6b117f89be9,,,2026-08-23T17:18:04.591571+00:00,b9923b9284cb2e5e7c6a988f4315368d,,,,,9fdc6f75dd80c3195931b19cb822e525f8a000729f82d11280d6b1e5f11f6339,b95d66813a0791a9e1be011cb013c6c40a74a1dcbe7a78b5e890b3bc4627af4a,,,2026-08-22T19:02:22.109557+00:00,eb562985f77fc8a152d2d22d15bfd3f4695b107bdaa4c375fc5dde2be0f10805,active,,,4,ACCEPTED,ALL_BASELINE_CONTROLS,,,,True,True,True,True,True,False,m/G6zqJNJeB9JQDQSgav/j/XOYTlh1wBCJE/pfviWQU=,22749e60b2ee754c06dc5e2be570c8936c0cb18e71849352fea793590bd5d575,lhIS+WjWdu7nwVo2eeSh1fX8D+pCzpAo3q6D86Frg0w=,8f1a032c895f9fb55022ce8f308c032329cd0c14d2f5723bac4c85dae77b1873,IPMPwck8eWhKzA5fHbrMQmJB6v5FVg4y4b43rJIvqew=,29ac3bebc7d8bf95fc566b7fd18bb82a91593b8a3a0877f87ec4350551f94d53,,,,,,,,,,,,,,,,,2f34e484091e2c92a958a7e348fcf45bd5c5f92d3d2a5301dcd8db4469fa850a,audit_trails/artifacts/accepted_runtime_submissions/T3_XMK_CKKS_TADP_client_000_r4_22749e60b2ee754c__2f34e484091e2c92.json,,,,,,,,,,,,,171b50627eb882a736821827fc1066c69fba248e7102bcf3a41180e40b312fd7,82ffb30fe786d73f851a55baeb5ed3b21317c3b77e7533bef7727256238366cc,,
568,df02794ec9296192ad613d5c13011dde,9807b00ec9f05c0ed690f948a024469da45a3923628918d48e6175fa51233777,2026-08-22T18:02:47.060809+00:00,TADP-SEC/12.1,CLIENT_CIPHERTEXT_BINDING,T3_XMK_CKKS_TADP,,,,client_000,,,,,,,,,,,,,,,,,,,,,,,,,,,,,,,,,,,,,,,,CIPHERTEXT_BOUND_TO_SIGNED_UPDATE,,,,,,,,,,,,,,,,,C3_CONFIDENTIAL,3,,,,,,,,,,,,,b9923b9284cb2e5e7c6a988f4315368d,,,,,,,,,,,,,,4,VERIFIED,,,,,True,,,,,False,m/G6zqJNJeB9JQDQSgav/j/XOYTlh1wBCJE/pfviWQU=,22749e60b2ee754c06dc5e2be570c8936c0cb18e71849352fea793590bd5d575,lhIS+WjWdu7nwVo2eeSh1fX8D+pCzpAo3q6D86Frg0w=,059e8c809485ba713b8f860b2f255574ef6c363b56c1b9036d21710f790ccdee,IPMPwck8eWhKzA5fHbrMQmJB6v5FVg4y4b43rJIvqew=,29ac3bebc7d8bf95fc566b7fd18bb82a91593b8a3a0877f87ec4350551f94d53,"T3: xMK submit share (round-level finalize), noise=0.000",reference_python,n=|logq=|scale=|scheme=alg_xmk_ckks,xmk_agg_pk:2c483293497644b3,,,,,,,,,2cc147bdda6c77c25b278ba88a2a9cbc1440d5704afcc7c9fef23651c9d8676f,,231d1e012bfe6fa4aee31cb66cb419e9f76832a17f8e616a5351f61fad88bde8,audit_trails/artifacts/ciphertext_attestations/T3_XMK_CKKS_TADP_client_000_r4_896576da635fd101__231d1e012bfe6fa4.json,,,,,,,,,,,,,,,82ffb30fe786d73f851a55baeb5ed3b21317c3b77e7533bef7727256238366cc,b5a758a54973c74bea9803347fc4af6d772c12261f528eab924b6be5f11e54e3,,
569,a60d29119c94c6dfc0b270e3aed82a76,9807b00ec9f05c0ed690f948a024469da45a3923628918d48e6175fa51233777,2026-08-22T18:02:54.318315+00:00,TADP-SEC/12.1,CLIENT_ACCEPTED_SUBMISSION,T3_XMK_CKKS_TADP,,,,client_000,,,,,,,,,,,2.3-phase1-fixed-threshold-critical-floor-review-profile,47dd2e58be138865a6d591a63329509757be6b563afb2badb96beb09eac726e5,a663ab753fcbe1179628a237bb638420356ea261176b970e3553fa59bfe7e9d6,1c154f7d4e37aa15e037310f6b45ff14a874311a582c673470a238929d8125dd,8d877b4c3b654a235066cdd49bf4c7e04e1b662c0cf44a17b54811ea50677e11,VALIDATED_EVIDENCE_BUNDLE,,,,,,,,,,,,,,,,,,,,,,,,UPDATE_SUBMITTED_ENFORCED,,False,NOT_REQUIRED_AUTOMATED_POLICY,False,,,,,,,,,,,,,C3_CONFIDENTIAL,3,,,,,,,,6f8a5214daf0d8d5188f7da84fe0931408bac9ce898d47d09d53366ef6cfe2b8,c068640bad122342de0e81050f313e88a0b5bf947d459a5df25df6b117f89be9,,,2026-08-23T17:18:04.591571+00:00,b9923b9284cb2e5e7c6a988f4315368d,,,,,9fdc6f75dd80c3195931b19cb822e525f8a000729f82d11280d6b1e5f11f6339,b95d66813a0791a9e1be011cb013c6c40a74a1dcbe7a78b5e890b3bc4627af4a,,,2026-08-22T19:02:22.109557+00:00,eb562985f77fc8a152d2d22d15bfd3f4695b107bdaa4c375fc5dde2be0f10805,active,,,5,ACCEPTED,ALL_BASELINE_CONTROLS,,,,True,True,True,True,True,False,6cAq5TaiYf2PcwFhzkg0KpSuiy7dvu+utDC5L0L1RJs=,13c7ce0de33b6e6a4a50f3386d95b81008d16311e69467df3caa697cb915dbf0,lhIS+WjWdu7nwVo2eeSh1fX8D+pCzpAo3q6D86Frg0w=,2dede5747b4059acc27fe56dc14758e47f3be3b1f7f7083637fa564c1ec2eb1b,1YKv8GWNkBqboU9NztkztgPqNWwiRQgV22dQZjqTr00=,29ac3bebc7d8bf95fc566b7fd18bb82a91593b8a3a0877f87ec4350551f94d53,,,,,,,,,,,,,,,,,b94d1d55fc7e654500693679adb7143c16105f563179a0edfb5913798c5abd84,audit_trails/artifacts/accepted_runtime_submissions/T3_XMK_CKKS_TADP_client_000_r5_13c7ce0de33b6e6a__b94d1d55fc7e6545.json,,,,,,,,,,,,,b5a758a54973c74bea9803347fc4af6d772c12261f528eab924b6be5f11e54e3,72a4363f887ee5245bf43678b29bab4e7b3a49162ced162fe7d58f777e3aac55,,
570,b9d48d4b93c4f9ba1caf587471b5c5c2,9807b00ec9f05c0ed690f948a024469da45a3923628918d48e6175fa51233777,2026-08-22T18:02:54.807593+00:00,TADP-SEC/12.1,CLIENT_CIPHERTEXT_BINDING,T3_XMK_CKKS_TADP,,,,client_000,,,,,,,,,,,,,,,,,,,,,,,,,,,,,,,,,,,,,,,,CIPHERTEXT_BOUND_TO_SIGNED_UPDATE,,,,,,,,,,,,,,,,,C3_CONFIDENTIAL,3,,,,,,,,,,,,,b9923b9284cb2e5e7c6a988f4315368d,,,,,,,,,,,,,,5,VERIFIED,,,,,True,,,,,False,6cAq5TaiYf2PcwFhzkg0KpSuiy7dvu+utDC5L0L1RJs=,13c7ce0de33b6e6a4a50f3386d95b81008d16311e69467df3caa697cb915dbf0,lhIS+WjWdu7nwVo2eeSh1fX8D+pCzpAo3q6D86Frg0w=,874245b4c283fd2987b3d1044de89211528050ac7d48f9702609e7f366652a9f,1YKv8GWNkBqboU9NztkztgPqNWwiRQgV22dQZjqTr00=,29ac3bebc7d8bf95fc566b7fd18bb82a91593b8a3a0877f87ec4350551f94d53,"T3: xMK submit share (round-level finalize), noise=0.000",reference_python,n=|logq=|scale=|scheme=alg_xmk_ckks,xmk_agg_pk:2c483293497644b3,,,,,,,,,73729e1a2291319e795e153dae011cae6c494ee4b3866909c3494370f9ab8cd0,,d330a45a8323fdce264806008a6ca078402e4dab2b117b0d4bee41b4b7972e9e,audit_trails/artifacts/ciphertext_attestations/T3_XMK_CKKS_TADP_client_000_r5_c6f1d31212827253__d330a45a8323fdce.json,,,,,,,,,,,,,,,72a4363f887ee5245bf43678b29bab4e7b3a49162ced162fe7d58f777e3aac55,9f6c408499467a603e9b51e9f68765983ca974f8b41477e9aabaec5a8d264ba9,,
571,2973ffcd9f0c9b50abe9d0d225e20125,9807b00ec9f05c0ed690f948a024469da45a3923628918d48e6175fa51233777,2026-08-22T18:03:01.376153+00:00,TADP-SEC/12.1,CLIENT_ACCEPTED_SUBMISSION,T3_XMK_CKKS_TADP,,,,client_000,,,,,,,,,,,2.3-phase1-fixed-threshold-critical-floor-review-profile,47dd2e58be138865a6d591a63329509757be6b563afb2badb96beb09eac726e5,a663ab753fcbe1179628a237bb638420356ea261176b970e3553fa59bfe7e9d6,1c154f7d4e37aa15e037310f6b45ff14a874311a582c673470a238929d8125dd,8d877b4c3b654a235066cdd49bf4c7e04e1b662c0cf44a17b54811ea50677e11,VALIDATED_EVIDENCE_BUNDLE,,,,,,,,,,,,,,,,,,,,,,,,UPDATE_SUBMITTED_ENFORCED,,False,NOT_REQUIRED_AUTOMATED_POLICY,False,,,,,,,,,,,,,C3_CONFIDENTIAL,3,,,,,,,,6f8a5214daf0d8d5188f7da84fe0931408bac9ce898d47d09d53366ef6cfe2b8,c068640bad122342de0e81050f313e88a0b5bf947d459a5df25df6b117f89be9,,,2026-08-23T17:18:04.591571+00:00,b9923b9284cb2e5e7c6a988f4315368d,,,,,9fdc6f75dd80c3195931b19cb822e525f8a000729f82d11280d6b1e5f11f6339,b95d66813a0791a9e1be011cb013c6c40a74a1dcbe7a78b5e890b3bc4627af4a,,,2026-08-22T19:02:22.109557+00:00,eb562985f77fc8a152d2d22d15bfd3f4695b107bdaa4c375fc5dde2be0f10805,active,,,6,ACCEPTED,ALL_BASELINE_CONTROLS,,,,True,True,True,True,True,False,MblpcCbi4tYalOUOLLyjS+8IgfsrwznKSacihLw5XUA=,50babd369e4f7e604e7f34b65f4ce3a14349d7c5e06ab14a8e93c4e5908c32ee,lhIS+WjWdu7nwVo2eeSh1fX8D+pCzpAo3q6D86Frg0w=,0904e4defa6da394f3ff78195eda4e005e5bed16b796a97ab5439909c677788d,t11xFNenF7pCcjzy3DF0erlRkexyZzvWYGQpgQ1ycws=,29ac3bebc7d8bf95fc566b7fd18bb82a91593b8a3a0877f87ec4350551f94d53,,,,,,,,,,,,,,,,,d904992f7313ca63790685d277473cc34b2b0968a33e103387cf06d846d230a7,audit_trails/artifacts/accepted_runtime_submissions/T3_XMK_CKKS_TADP_client_000_r6_50babd369e4f7e60__d904992f7313ca63.json,,,,,,,,,,,,,9f6c408499467a603e9b51e9f68765983ca974f8b41477e9aabaec5a8d264ba9,113e901b0c13aaacd0bb094e169d186c29d9aa8f7718f5d9a13cdf49172c420f,,
572,0024a680c15d2568b29be45b6ae61808,9807b00ec9f05c0ed690f948a024469da45a3923628918d48e6175fa51233777,2026-08-22T18:03:01.712126+00:00,TADP-SEC/12.1,CLIENT_CIPHERTEXT_BINDING,T3_XMK_CKKS_TADP,,,,client_000,,,,,,,,,,,,,,,,,,,,,,,,,,,,,,,,,,,,,,,,CIPHERTEXT_BOUND_TO_SIGNED_UPDATE,,,,,,,,,,,,,,,,,C3_CONFIDENTIAL,3,,,,,,,,,,,,,b9923b9284cb2e5e7c6a988f4315368d,,,,,,,,,,,,,,6,VERIFIED,,,,,True,,,,,False,MblpcCbi4tYalOUOLLyjS+8IgfsrwznKSacihLw5XUA=,50babd369e4f7e604e7f34b65f4ce3a14349d7c5e06ab14a8e93c4e5908c32ee,lhIS+WjWdu7nwVo2eeSh1fX8D+pCzpAo3q6D86Frg0w=,a5cbc2b6a78439c2d1caae9be72ed104da91a8cfb36cf627b853799ef78cc647,t11xFNenF7pCcjzy3DF0erlRkexyZzvWYGQpgQ1ycws=,29ac3bebc7d8bf95fc566b7fd18bb82a91593b8a3a0877f87ec4350551f94d53,"T3: xMK submit share (round-level finalize), noise=0.000",reference_python,n=|logq=|scale=|scheme=alg_xmk_ckks,xmk_agg_pk:2c483293497644b3,,,,,,,,,39958c2021797e4df58ce5eaccde6338947d93df626de3fb32b94746ae2a10af,,3202e0e89d5b0af8204f58ce1a5048381a897922590f774324cf53445613d3dc,audit_trails/artifacts/ciphertext_attestations/T3_XMK_CKKS_TADP_client_000_r6_f5ea05190c4ae5ef__3202e0e89d5b0af8.json,,,,,,,,,,,,,,,113e901b0c13aaacd0bb094e169d186c29d9aa8f7718f5d9a13cdf49172c420f,e60b76be13a74d1f75683f52b41c9dc396aa1e59195552d785b5810a4d6e03ec,,
573,d8bf6c8ab6a32e6f7f997298ae76fda1,9807b00ec9f05c0ed690f948a024469da45a3923628918d48e6175fa51233777,2026-08-22T18:03:09.259156+00:00,TADP-SEC/12.1,CLIENT_ACCEPTED_SUBMISSION,T3_XMK_CKKS_TADP,,,,client_000,,,,,,,,,,,2.3-phase1-fixed-threshold-critical-floor-review-profile,47dd2e58be138865a6d591a63329509757be6b563afb2badb96beb09eac726e5,a663ab753fcbe1179628a237bb638420356ea261176b970e3553fa59bfe7e9d6,1c154f7d4e37aa15e037310f6b45ff14a874311a582c673470a238929d8125dd,8d877b4c3b654a235066cdd49bf4c7e04e1b662c0cf44a17b54811ea50677e11,VALIDATED_EVIDENCE_BUNDLE,,,,,,,,,,,,,,,,,,,,,,,,UPDATE_SUBMITTED_ENFORCED,,False,NOT_REQUIRED_AUTOMATED_POLICY,False,,,,,,,,,,,,,C3_CONFIDENTIAL,3,,,,,,,,6f8a5214daf0d8d5188f7da84fe0931408bac9ce898d47d09d53366ef6cfe2b8,c068640bad122342de0e81050f313e88a0b5bf947d459a5df25df6b117f89be9,,,2026-08-23T17:18:04.591571+00:00,b9923b9284cb2e5e7c6a988f4315368d,,,,,9fdc6f75dd80c3195931b19cb822e525f8a000729f82d11280d6b1e5f11f6339,b95d66813a0791a9e1be011cb013c6c40a74a1dcbe7a78b5e890b3bc4627af4a,,,2026-08-22T19:02:22.109557+00:00,eb562985f77fc8a152d2d22d15bfd3f4695b107bdaa4c375fc5dde2be0f10805,active,,,7,ACCEPTED,ALL_BASELINE_CONTROLS,,,,True,True,True,True,True,False,9hPY5tKKNco3nf4LKaz3nf2QkBSTS3AmNUKBj4kFBPw=,a3710db28885cfba6a41907d5851e788d262ed7746b8e64df835728fffb0338f,lhIS+WjWdu7nwVo2eeSh1fX8D+pCzpAo3q6D86Frg0w=,58d7bb85b238c8ac4f6163df8938d4d69d1782077f0c324808c2c4221691029f,gpOsVumYorEbswDlGkrSJJDrVY+mxT4s+Utcz8FwWlc=,29ac3bebc7d8bf95fc566b7fd18bb82a91593b8a3a0877f87ec4350551f94d53,,,,,,,,,,,,,,,,,ff775b9bae609c61067b03a390479bb11b14fcf7d92d7aceeb2f62188aa8c3d7,audit_trails/artifacts/accepted_runtime_submissions/T3_XMK_CKKS_TADP_client_000_r7_a3710db28885cfba__ff775b9bae609c61.json,,,,,,,,,,,,,e60b76be13a74d1f75683f52b41c9dc396aa1e59195552d785b5810a4d6e03ec,a6ba8ff2efe88c838c0439bbf176838e3bf528d8790089b8e9296518a019ef08,,
574,68d58f059ab23cdfd208768926a6d4f8,9807b00ec9f05c0ed690f948a024469da45a3923628918d48e6175fa51233777,2026-08-22T18:03:09.600732+00:00,TADP-SEC/12.1,CLIENT_CIPHERTEXT_BINDING,T3_XMK_CKKS_TADP,,,,client_000,,,,,,,,,,,,,,,,,,,,,,,,,,,,,,,,,,,,,,,,CIPHERTEXT_BOUND_TO_SIGNED_UPDATE,,,,,,,,,,,,,,,,,C3_CONFIDENTIAL,3,,,,,,,,,,,,,b9923b9284cb2e5e7c6a988f4315368d,,,,,,,,,,,,,,7,VERIFIED,,,,,True,,,,,False,9hPY5tKKNco3nf4LKaz3nf2QkBSTS3AmNUKBj4kFBPw=,a3710db28885cfba6a41907d5851e788d262ed7746b8e64df835728fffb0338f,lhIS+WjWdu7nwVo2eeSh1fX8D+pCzpAo3q6D86Frg0w=,9ee43bb78ed9318798d65bf7b3541c730b323f7cbb9298f51a1cb419b3d65e62,gpOsVumYorEbswDlGkrSJJDrVY+mxT4s+Utcz8FwWlc=,29ac3bebc7d8bf95fc566b7fd18bb82a91593b8a3a0877f87ec4350551f94d53,"T3: xMK submit share (round-level finalize), noise=0.000",reference_python,n=|logq=|scale=|scheme=alg_xmk_ckks,xmk_agg_pk:2c483293497644b3,,,,,,,,,ff792aa126a66ce095486a6bf0e0fafc169d497c4cf4cf55fd102e7b84f1b074,,b8bd9a1a24ab4d86e10b6bac5881172da38e073b212879c5be40300754972725,audit_trails/artifacts/ciphertext_attestations/T3_XMK_CKKS_TADP_client_000_r7_ae9f38c7ff2d0670__b8bd9a1a24ab4d86.json,,,,,,,,,,,,,,,a6ba8ff2efe88c838c0439bbf176838e3bf528d8790089b8e9296518a019ef08,9c92545bdb32352f9e5295546fa36b266caddcafff784bb8d9b229f708c2f4b3,,
575,44f0c53d1683264dd753794dfffb5075,9807b00ec9f05c0ed690f948a024469da45a3923628918d48e6175fa51233777,2026-08-22T18:03:16.029591+00:00,TADP-SEC/12.1,CLIENT_ACCEPTED_SUBMISSION,T3_XMK_CKKS_TADP,,,,client_000,,,,,,,,,,,2.3-phase1-fixed-threshold-critical-floor-review-profile,47dd2e58be138865a6d591a63329509757be6b563afb2badb96beb09eac726e5,a663ab753fcbe1179628a237bb638420356ea261176b970e3553fa59bfe7e9d6,1c154f7d4e37aa15e037310f6b45ff14a874311a582c673470a238929d8125dd,8d877b4c3b654a235066cdd49bf4c7e04e1b662c0cf44a17b54811ea50677e11,VALIDATED_EVIDENCE_BUNDLE,,,,,,,,,,,,,,,,,,,,,,,,UPDATE_SUBMITTED_ENFORCED,,False,NOT_REQUIRED_AUTOMATED_POLICY,False,,,,,,,,,,,,,C3_CONFIDENTIAL,3,,,,,,,,6f8a5214daf0d8d5188f7da84fe0931408bac9ce898d47d09d53366ef6cfe2b8,c068640bad122342de0e81050f313e88a0b5bf947d459a5df25df6b117f89be9,,,2026-08-23T17:18:04.591571+00:00,b9923b9284cb2e5e7c6a988f4315368d,,,,,9fdc6f75dd80c3195931b19cb822e525f8a000729f82d11280d6b1e5f11f6339,b95d66813a0791a9e1be011cb013c6c40a74a1dcbe7a78b5e890b3bc4627af4a,,,2026-08-22T19:02:22.109557+00:00,eb562985f77fc8a152d2d22d15bfd3f4695b107bdaa4c375fc5dde2be0f10805,active,,,8,ACCEPTED,ALL_BASELINE_CONTROLS,,,,True,True,True,True,True,False,DaB7xZ7JE63P8iyew/QR7+eeW9v0N+ibkLoAezEZyHs=,54f22ef5be95816b341faf943f1a92de1814d1a99a9b3f4e2e3ef39851098751,lhIS+WjWdu7nwVo2eeSh1fX8D+pCzpAo3q6D86Frg0w=,8b2388e5234ed099d31bdd69d44b97b3b971218c56d6a201b93d47baa769b6db,ypELNDLIGJPH1kjMcB+CagEdKdQtG1cxoYqi2sXE0T4=,29ac3bebc7d8bf95fc566b7fd18bb82a91593b8a3a0877f87ec4350551f94d53,,,,,,,,,,,,,,,,,885a9e17feb3c21ba187408479702d6136c50d3d5ada381accf4bb9efb142f7e,audit_trails/artifacts/accepted_runtime_submissions/T3_XMK_CKKS_TADP_client_000_r8_54f22ef5be95816b__885a9e17feb3c21b.json,,,,,,,,,,,,,9c92545bdb32352f9e5295546fa36b266caddcafff784bb8d9b229f708c2f4b3,43beb8a44c16f7c085d6336106d5c042f4d8dbe4a427100f255fd6a5df69aa8b,,
576,0e8ba42e52510f5227f08ed811b47477,9807b00ec9f05c0ed690f948a024469da45a3923628918d48e6175fa51233777,2026-08-22T18:03:16.361485+00:00,TADP-SEC/12.1,CLIENT_CIPHERTEXT_BINDING,T3_XMK_CKKS_TADP,,,,client_000,,,,,,,,,,,,,,,,,,,,,,,,,,,,,,,,,,,,,,,,CIPHERTEXT_BOUND_TO_SIGNED_UPDATE,,,,,,,,,,,,,,,,,C3_CONFIDENTIAL,3,,,,,,,,,,,,,b9923b9284cb2e5e7c6a988f4315368d,,,,,,,,,,,,,,8,VERIFIED,,,,,True,,,,,False,DaB7xZ7JE63P8iyew/QR7+eeW9v0N+ibkLoAezEZyHs=,54f22ef5be95816b341faf943f1a92de1814d1a99a9b3f4e2e3ef39851098751,lhIS+WjWdu7nwVo2eeSh1fX8D+pCzpAo3q6D86Frg0w=,236fce3573042232673a1310d668dd8b364177711b7c8472576de4226483c00a,ypELNDLIGJPH1kjMcB+CagEdKdQtG1cxoYqi2sXE0T4=,29ac3bebc7d8bf95fc566b7fd18bb82a91593b8a3a0877f87ec4350551f94d53,"T3: xMK submit share (round-level finalize), noise=0.000",reference_python,n=|logq=|scale=|scheme=alg_xmk_ckks,xmk_agg_pk:2c483293497644b3,,,,,,,,,5aade0b8e179354df0b4fd8ab131d1ef85a8df5cb9bd8b0641b7a13b0eb6dd73,,637f087af7736cc0e8bcd8f5149d159dfa45bbf2c403971da71100ee17ab2744,audit_trails/artifacts/ciphertext_attestations/T3_XMK_CKKS_TADP_client_000_r8_ec2c96cacb85c652__637f087af7736cc0.json,,,,,,,,,,,,,,,43beb8a44c16f7c085d6336106d5c042f4d8dbe4a427100f255fd6a5df69aa8b,bbd6c4617396443b90c9c549f9461ddcc235f87688f1a4465fa512af5737d3dc,,AmsAPrcZqYH1rSAYqrerY4js0EbHskFAXij/1xhtxxCOhYmRTACOV5v2eXtPLH8fR2tqxE1wwTsYVkX+4mcHKyr7TmNgu7zGbtpGrqfL3vLrSMCZ+B/iuOoFd23VKPU545oo2yOKRRt32vYIuEUCVU81PkI+dRhbgM2NS8lipCb5ilc9ZFQRpy0/gX51JAYGDMrTW8VsBV646iTKoi6iPdxshW4T5HoUlcuUhAzuCiER6UFcdA2lBaom4o4fNHBqlqsngLljz+s6sCHtEW9IjJkHHhKHZ+qU42PN63aFVhnniecIcPCOBQ1i5muHcWAnkcEWblbDAXADQICjGSy5mayofeIqhYoGexTB+DOAs0PJxSFwU/H0xbShNzB2YD0ildtTacLaGk1SF9IQCZ1LzhmT++YIU/dBbh7xPxuK6zTSF/QuXdPI2V+nVxCqwieNv1rkfB2cacZLQx0eU2Lbd8r5VFEPeff0303VtM9AVjgmU61xwCdCMWvvIL6ZiRVk
577,97e7afe89834f13ccd12af995002fafd,9807b00ec9f05c0ed690f948a024469da45a3923628918d48e6175fa51233777,2026-08-22T18:03:24.055108+00:00,TADP-SEC/12.1,CLIENT_ACCEPTED_SUBMISSION,T3_XMK_CKKS_TADP,,,,client_000,,,,,,,,,,,2.3-phase1-fixed-threshold-critical-floor-review-profile,47dd2e58be138865a6d591a63329509757be6b563afb2badb96beb09eac726e5,a663ab753fcbe1179628a237bb638420356ea261176b970e3553fa59bfe7e9d6,1c154f7d4e37aa15e037310f6b45ff14a874311a582c673470a238929d8125dd,8d877b4c3b654a235066cdd49bf4c7e04e1b662c0cf44a17b54811ea50677e11,VALIDATED_EVIDENCE_BUNDLE,,,,,,,,,,,,,,,,,,,,,,,,UPDATE_SUBMITTED_ENFORCED,,False,NOT_REQUIRED_AUTOMATED_POLICY,False,,,,,,,,,,,,,C3_CONFIDENTIAL,3,,,,,,,,6f8a5214daf0d8d5188f7da84fe0931408bac9ce898d47d09d53366ef6cfe2b8,c068640bad122342de0e81050f313e88a0b5bf947d459a5df25df6b117f89be9,,,2026-08-23T17:18:04.591571+00:00,b9923b9284cb2e5e7c6a988f4315368d,,,,,9fdc6f75dd80c3195931b19cb822e525f8a000729f82d11280d6b1e5f11f6339,b95d66813a0791a9e1be011cb013c6c40a74a1dcbe7a78b5e890b3bc4627af4a,,,2026-08-22T19:02:22.109557+00:00,eb562985f77fc8a152d2d22d15bfd3f4695b107bdaa4c375fc5dde2be0f10805,active,,,9,ACCEPTED,ALL_BASELINE_CONTROLS,,,,True,True,True,True,True,False,+PjWz0OOja7+FqmOUm/wk+jak9L5N40Pyjyf8+Sf5yU=,ba024287cac1e4f254aa910a055ecd0a95a425724259bbc867ed5fd1a347aae7,lhIS+WjWdu7nwVo2eeSh1fX8D+pCzpAo3q6D86Frg0w=,28afbcd3624d87784ba156b74f861745bbc3304899e8c8250f7041eb38b0cd7f,yq3K5Fj/dR8clma7+IJ7OPqd5RxH2beNRRmDbUGHCKU=,29ac3bebc7d8bf95fc566b7fd18bb82a91593b8a3a0877f87ec4350551f94d53,,,,,,,,,,,,,,,,,8fdd8ceed39bc2c7df60f220d8cd134babe439189b1dbefacadff8276c15fb11,audit_trails/artifacts/accepted_runtime_submissions/T3_XMK_CKKS_TADP_client_000_r9_ba024287cac1e4f2__8fdd8ceed39bc2c7.json,,,,,,,,,,,,,bbd6c4617396443b90c9c549f9461ddcc235f87688f1a4465fa512af5737d3dc,79d52d2082cd49bf2258bdcaf5a657306c135975209c225d56b3a563b60a5b0c,,
578,e565c4ae6370fb01c8ba6f7ac2ed1dc7,9807b00ec9f05c0ed690f948a024469da45a3923628918d48e6175fa51233777,2026-08-22T18:03:24.391442+00:00,TADP-SEC/12.1,CLIENT_CIPHERTEXT_BINDING,T3_XMK_CKKS_TADP,,,,client_000,,,,,,,,,,,,,,,,,,,,,,,,,,,,,,,,,,,,,,,,CIPHERTEXT_BOUND_TO_SIGNED_UPDATE,,,,,,,,,,,,,,,,,C3_CONFIDENTIAL,3,,,,,,,,,,,,,b9923b9284cb2e5e7c6a988f4315368d,,,,,,,,,,,,,,9,VERIFIED,,,,,True,,,,,False,+PjWz0OOja7+FqmOUm/wk+jak9L5N40Pyjyf8+Sf5yU=,ba024287cac1e4f254aa910a055ecd0a95a425724259bbc867ed5fd1a347aae7,lhIS+WjWdu7nwVo2eeSh1fX8D+pCzpAo3q6D86Frg0w=,c34efd76d645a5cae534b5dc0e780010f4c3d995868dffa346fa076a35472d83,yq3K5Fj/dR8clma7+IJ7OPqd5RxH2beNRRmDbUGHCKU=,29ac3bebc7d8bf95fc566b7fd18bb82a91593b8a3a0877f87ec4350551f94d53,"T3: xMK submit share (round-level finalize), noise=0.000",reference_python,n=|logq=|scale=|scheme=alg_xmk_ckks,xmk_agg_pk:2c483293497644b3,,,,,,,,,6ed9e56fea4ede41ef7ee57c84024cfe7bb4fd8abd28b190610b8f04857dc589,,510a06fc578991eebb2231c6e87cec3c5e90e02457cf950db187d92a33c9d299,audit_trails/artifacts/ciphertext_attestations/T3_XMK_CKKS_TADP_client_000_r9_629d7f71ee34a751__510a06fc578991ee.json,,,,,,,,,,,,,,,79d52d2082cd49bf2258bdcaf5a657306c135975209c225d56b3a563b60a5b0c,c0faea8c8a04afc1d47c92bfd333262d96fad81963751978ba1b45137a74db1e,,
579,82162c6aa4fa505297c4d886ab34ad1c,9807b00ec9f05c0ed690f948a024469da45a3923628918d48e6175fa51233777,2026-08-22T18:03:30.834361+00:00,TADP-SEC/12.1,CLIENT_ACCEPTED_SUBMISSION,T3_XMK_CKKS_TADP,,,,client_000,,,,,,,,,,,2.3-phase1-fixed-threshold-critical-floor-review-profile,47dd2e58be138865a6d591a63329509757be6b563afb2badb96beb09eac726e5,a663ab753fcbe1179628a237bb638420356ea261176b970e3553fa59bfe7e9d6,1c154f7d4e37aa15e037310f6b45ff14a874311a582c673470a238929d8125dd,8d877b4c3b654a235066cdd49bf4c7e04e1b662c0cf44a17b54811ea50677e11,VALIDATED_EVIDENCE_BUNDLE,,,,,,,,,,,,,,,,,,,,,,,,UPDATE_SUBMITTED_ENFORCED,,False,NOT_REQUIRED_AUTOMATED_POLICY,False,,,,,,,,,,,,,C3_CONFIDENTIAL,3,,,,,,,,6f8a5214daf0d8d5188f7da84fe0931408bac9ce898d47d09d53366ef6cfe2b8,c068640bad122342de0e81050f313e88a0b5bf947d459a5df25df6b117f89be9,,,2026-08-23T17:18:04.591571+00:00,b9923b9284cb2e5e7c6a988f4315368d,,,,,9fdc6f75dd80c3195931b19cb822e525f8a000729f82d11280d6b1e5f11f6339,b95d66813a0791a9e1be011cb013c6c40a74a1dcbe7a78b5e890b3bc4627af4a,,,2026-08-22T19:02:22.109557+00:00,eb562985f77fc8a152d2d22d15bfd3f4695b107bdaa4c375fc5dde2be0f10805,active,,,10,ACCEPTED,ALL_BASELINE_CONTROLS,,,,True,True,True,True,True,False,+LyARRY8NJ5UApCxH5N3kvzHyVAbklqncmnwu0rBrJE=,45ab21e6b3e2ff56a95aeb0e6ba08502b09cf8d4abf5f5d11aba35b02f008cce,lhIS+WjWdu7nwVo2eeSh1fX8D+pCzpAo3q6D86Frg0w=,915f16ce300e36e0d44ad8ca8e39f94fba0df95310e3a8cba08c44f30e256dd0,45om4eN4c7V+gKj1m5fiOepSTScQ2s5iQqZfxFtY6e0=,29ac3bebc7d8bf95fc566b7fd18bb82a91593b8a3a0877f87ec4350551f94d53,,,,,,,,,,,,,,,,,a44627ae6cd3e5c35d11787187323d319136c9d4ac7f90e0161200d6259f8d36,audit_trails/artifacts/accepted_runtime_submissions/T3_XMK_CKKS_TADP_client_000_r10_45ab21e6b3e2ff56__a44627ae6cd3e5c3.json,,,,,,,,,,,,,c0faea8c8a04afc1d47c92bfd333262d96fad81963751978ba1b45137a74db1e,eeee1b070d2072d0c6c1913ef9228d81f8bd57931259562a82ac698a51aacd72,,
580,faf6675b7f14b15f4a6b2ec8f0287376,9807b00ec9f05c0ed690f948a024469da45a3923628918d48e6175fa51233777,2026-08-22T18:03:31.165343+00:00,TADP-SEC/12.1,CLIENT_CIPHERTEXT_BINDING,T3_XMK_CKKS_TADP,,,,client_000,,,,,,,,,,,,,,,,,,,,,,,,,,,,,,,,,,,,,,,,CIPHERTEXT_BOUND_TO_SIGNED_UPDATE,,,,,,,,,,,,,,,,,C3_CONFIDENTIAL,3,,,,,,,,,,,,,b9923b9284cb2e5e7c6a988f4315368d,,,,,,,,,,,,,,10,VERIFIED,,,,,True,,,,,False,+LyARRY8NJ5UApCxH5N3kvzHyVAbklqncmnwu0rBrJE=,45ab21e6b3e2ff56a95aeb0e6ba08502b09cf8d4abf5f5d11aba35b02f008cce,lhIS+WjWdu7nwVo2eeSh1fX8D+pCzpAo3q6D86Frg0w=,947c26fb864a6be87d3ff79c5681c9a12e518e44886b94c9b83e410cad8ddb87,45om4eN4c7V+gKj1m5fiOepSTScQ2s5iQqZfxFtY6e0=,29ac3bebc7d8bf95fc566b7fd18bb82a91593b8a3a0877f87ec4350551f94d53,"T3: xMK submit share (round-level finalize), noise=0.000",reference_python,n=|logq=|scale=|scheme=alg_xmk_ckks,xmk_agg_pk:2c483293497644b3,,,,,,,,,832fc1115a2b7a5546c7a3538d1e398aed6c1896c099fd069769df285c6fd44b,,0cc359c17619aca51f43dcf0ea75a84d749ebd87c7cd44e0b31b8c69d7c41dc5,audit_trails/artifacts/ciphertext_attestations/T3_XMK_CKKS_TADP_client_000_r10_ff87b6ad60772d97__0cc359c17619aca5.json,,,,,,,,,,,,,,,eeee1b070d2072d0c6c1913ef9228d81f8bd57931259562a82ac698a51aacd72,58acfae988f3f136197a159e47ed940e4973c7f072b5775ee1f7ca539c760c32,,
581,98a8d30bf3f4bdc4836970605cabb5d0,9807b00ec9f05c0ed690f948a024469da45a3923628918d48e6175fa51233777,2026-08-22T18:03:38.766289+00:00,TADP-SEC/12.1,CLIENT_ACCEPTED_SUBMISSION,T3_XMK_CKKS_TADP,,,,client_000,,,,,,,,,,,2.3-phase1-fixed-threshold-critical-floor-review-profile,47dd2e58be138865a6d591a63329509757be6b563afb2badb96beb09eac726e5,a663ab753fcbe1179628a237bb638420356ea261176b970e3553fa59bfe7e9d6,1c154f7d4e37aa15e037310f6b45ff14a874311a582c673470a238929d8125dd,8d877b4c3b654a235066cdd49bf4c7e04e1b662c0cf44a17b54811ea50677e11,VALIDATED_EVIDENCE_BUNDLE,,,,,,,,,,,,,,,,,,,,,,,,UPDATE_SUBMITTED_ENFORCED,,False,NOT_REQUIRED_AUTOMATED_POLICY,False,,,,,,,,,,,,,C3_CONFIDENTIAL,3,,,,,,,,6f8a5214daf0d8d5188f7da84fe0931408bac9ce898d47d09d53366ef6cfe2b8,c068640bad122342de0e81050f313e88a0b5bf947d459a5df25df6b117f89be9,,,2026-08-23T17:18:04.591571+00:00,b9923b9284cb2e5e7c6a988f4315368d,,,,,9fdc6f75dd80c3195931b19cb822e525f8a000729f82d11280d6b1e5f11f6339,b95d66813a0791a9e1be011cb013c6c40a74a1dcbe7a78b5e890b3bc4627af4a,,,2026-08-22T19:02:22.109557+00:00,eb562985f77fc8a152d2d22d15bfd3f4695b107bdaa4c375fc5dde2be0f10805,active,,,11,ACCEPTED,ALL_BASELINE_CONTROLS,,,,True,True,True,True,True,False,rv2Rt+XremaQ0jZQsDyXVkw+0RG9H6Cf2bxg6o0g7Qs=,5ea350303af760ce5c7c37df6b322420ddc467c29ea72e8e24f5266cf9d8fb08,lhIS+WjWdu7nwVo2eeSh1fX8D+pCzpAo3q6D86Frg0w=,b42398bac8d16b9c8ac824a74ac73c3e44374e502f17d0ca3b2443bd903ab80d,zbFTD86RM5En7ehGWWUrqKPOMN22W4d9L/owjSkty7I=,29ac3bebc7d8bf95fc566b7fd18bb82a91593b8a3a0877f87ec4350551f94d53,,,,,,,,,,,,,,,,,6e6097bc31b6cab0dd9c4c5720a00e1524d832fa5112d433271546a06d606b81,audit_trails/artifacts/accepted_runtime_submissions/T3_XMK_CKKS_TADP_client_000_r11_5ea350303af760ce__6e6097bc31b6cab0.json,,,,,,,,,,,,,58acfae988f3f136197a159e47ed940e4973c7f072b5775ee1f7ca539c760c32,54ee7adda0de9c8b9364f35260b203a653963c480f40c9b03843d35b5cab45e5,,
582,a84a851657e0c9a6a4f3d791af8507d8,9807b00ec9f05c0ed690f948a024469da45a3923628918d48e6175fa51233777,2026-08-22T18:03:39.107342+00:00,TADP-SEC/12.1,CLIENT_CIPHERTEXT_BINDING,T3_XMK_CKKS_TADP,,,,client_000,,,,,,,,,,,,,,,,,,,,,,,,,,,,,,,,,,,,,,,,CIPHERTEXT_BOUND_TO_SIGNED_UPDATE,,,,,,,,,,,,,,,,,C3_CONFIDENTIAL,3,,,,,,,,,,,,,b9923b9284cb2e5e7c6a988f4315368d,,,,,,,,,,,,,,11,VERIFIED,,,,,True,,,,,False,rv2Rt+XremaQ0jZQsDyXVkw+0RG9H6Cf2bxg6o0g7Qs=,5ea350303af760ce5c7c37df6b322420ddc467c29ea72e8e24f5266cf9d8fb08,lhIS+WjWdu7nwVo2eeSh1fX8D+pCzpAo3q6D86Frg0w=,4124f1a504b402251b684f25dfb91d0dece30428ec31f81ce8270ac5ede0c25c,zbFTD86RM5En7ehGWWUrqKPOMN22W4d9L/owjSkty7I=,29ac3bebc7d8bf95fc566b7fd18bb82a91593b8a3a0877f87ec4350551f94d53,"T3: xMK submit share (round-level finalize), noise=0.000",reference_python,n=|logq=|scale=|scheme=alg_xmk_ckks,xmk_agg_pk:2c483293497644b3,,,,,,,,,411120e49bece78fd3e53164500d3eaac014ee6fe76062326f2dbf4af2088bd4,,b373f9b62911dea7855e6dadf07ca92782bff21cac78a270a8529589a649d212,audit_trails/artifacts/ciphertext_attestations/T3_XMK_CKKS_TADP_client_000_r11_c49a8de2c257aec9__b373f9b62911dea7.json,,,,,,,,,,,,,,,54ee7adda0de9c8b9364f35260b203a653963c480f40c9b03843d35b5cab45e5,5c9656e10ac2d27ad303261ee2618c1b00d43b555b61e1f4ba1636266fc8a35b,,
583,d9af3849a3650573e19f8ede35bf2b14,9807b00ec9f05c0ed690f948a024469da45a3923628918d48e6175fa51233777,2026-08-22T18:03:45.545500+00:00,TADP-SEC/12.1,CLIENT_ACCEPTED_SUBMISSION,T3_XMK_CKKS_TADP,,,,client_000,,,,,,,,,,,2.3-phase1-fixed-threshold-critical-floor-review-profile,47dd2e58be138865a6d591a63329509757be6b563afb2badb96beb09eac726e5,a663ab753fcbe1179628a237bb638420356ea261176b970e3553fa59bfe7e9d6,1c154f7d4e37aa15e037310f6b45ff14a874311a582c673470a238929d8125dd,8d877b4c3b654a235066cdd49bf4c7e04e1b662c0cf44a17b54811ea50677e11,VALIDATED_EVIDENCE_BUNDLE,,,,,,,,,,,,,,,,,,,,,,,,UPDATE_SUBMITTED_ENFORCED,,False,NOT_REQUIRED_AUTOMATED_POLICY,False,,,,,,,,,,,,,C3_CONFIDENTIAL,3,,,,,,,,6f8a5214daf0d8d5188f7da84fe0931408bac9ce898d47d09d53366ef6cfe2b8,c068640bad122342de0e81050f313e88a0b5bf947d459a5df25df6b117f89be9,,,2026-08-23T17:18:04.591571+00:00,b9923b9284cb2e5e7c6a988f4315368d,,,,,9fdc6f75dd80c3195931b19cb822e525f8a000729f82d11280d6b1e5f11f6339,b95d66813a0791a9e1be011cb013c6c40a74a1dcbe7a78b5e890b3bc4627af4a,,,2026-08-22T19:02:22.109557+00:00,eb562985f77fc8a152d2d22d15bfd3f4695b107bdaa4c375fc5dde2be0f10805,active,,,12,ACCEPTED,ALL_BASELINE_CONTROLS,,,,True,True,True,True,True,False,hMx+US7g+PiU+haw5HMqWcRTBk22fE6MbtkcLObYJTA=,f35cf91fac8358af6d37ce924cbf0859b583e5d9a9675e8a160f23d12567d1f4,lhIS+WjWdu7nwVo2eeSh1fX8D+pCzpAo3q6D86Frg0w=,688a15ee4f85482a8aadd937aa42da78acf6bbfb4ff914d37c0fd9e3ba8f832c,wtBnEhfLrE7vObicuZUBdOIbRFTd/BbgM7dvISKTS0Q=,29ac3bebc7d8bf95fc566b7fd18bb82a91593b8a3a0877f87ec4350551f94d53,,,,,,,,,,,,,,,,,34b349106d75ed505af73733503699d37ca3670159f80da26b6e21681fd9138d,audit_trails/artifacts/accepted_runtime_submissions/T3_XMK_CKKS_TADP_client_000_r12_f35cf91fac8358af__34b349106d75ed50.json,,,,,,,,,,,,,5c9656e10ac2d27ad303261ee2618c1b00d43b555b61e1f4ba1636266fc8a35b,080a652af10bdbfe1e8a36d47067a7b90bf80b24b5118fd020862fdf1c7fee2f,,
584,5d24ecd3b42d554dcd260601921f0244,9807b00ec9f05c0ed690f948a024469da45a3923628918d48e6175fa51233777,2026-08-22T18:03:45.887170+00:00,TADP-SEC/12.1,CLIENT_CIPHERTEXT_BINDING,T3_XMK_CKKS_TADP,,,,client_000,,,,,,,,,,,,,,,,,,,,,,,,,,,,,,,,,,,,,,,,CIPHERTEXT_BOUND_TO_SIGNED_UPDATE,,,,,,,,,,,,,,,,,C3_CONFIDENTIAL,3,,,,,,,,,,,,,b9923b9284cb2e5e7c6a988f4315368d,,,,,,,,,,,,,,12,VERIFIED,,,,,True,,,,,False,hMx+US7g+PiU+haw5HMqWcRTBk22fE6MbtkcLObYJTA=,f35cf91fac8358af6d37ce924cbf0859b583e5d9a9675e8a160f23d12567d1f4,lhIS+WjWdu7nwVo2eeSh1fX8D+pCzpAo3q6D86Frg0w=,3b1fe1fe62dfa40d9708f4d5f2c565c47e5597ad8933fc9f55ae2a2d6ba35914,wtBnEhfLrE7vObicuZUBdOIbRFTd/BbgM7dvISKTS0Q=,29ac3bebc7d8bf95fc566b7fd18bb82a91593b8a3a0877f87ec4350551f94d53,"T3: xMK submit share (round-level finalize), noise=0.000",reference_python,n=|logq=|scale=|scheme=alg_xmk_ckks,xmk_agg_pk:2c483293497644b3,,,,,,,,,3d9781934f18a7e27734aaac2da87f56c8a0477764f539d591d0fb73ad0cf484,,cd1af1b94046c50806c9b28c1a4599ea0440748fbdc625b44b014f734a2c2064,audit_trails/artifacts/ciphertext_attestations/T3_XMK_CKKS_TADP_client_000_r12_06b175189c0750d4__cd1af1b94046c508.json,,,,,,,,,,,,,,,080a652af10bdbfe1e8a36d47067a7b90bf80b24b5118fd020862fdf1c7fee2f,d6a16ff1c2ab6b5ef8697c1bdab1503ecb71acafe0c63a36aec6497e62c871f8,,
585,5c4dff4a345ba84321abd3b1f0710d25,9807b00ec9f05c0ed690f948a024469da45a3923628918d48e6175fa51233777,2026-08-22T18:03:53.457764+00:00,TADP-SEC/12.1,CLIENT_ACCEPTED_SUBMISSION,T3_XMK_CKKS_TADP,,,,client_000,,,,,,,,,,,2.3-phase1-fixed-threshold-critical-floor-review-profile,47dd2e58be138865a6d591a63329509757be6b563afb2badb96beb09eac726e5,a663ab753fcbe1179628a237bb638420356ea261176b970e3553fa59bfe7e9d6,1c154f7d4e37aa15e037310f6b45ff14a874311a582c673470a238929d8125dd,8d877b4c3b654a235066cdd49bf4c7e04e1b662c0cf44a17b54811ea50677e11,VALIDATED_EVIDENCE_BUNDLE,,,,,,,,,,,,,,,,,,,,,,,,UPDATE_SUBMITTED_ENFORCED,,False,NOT_REQUIRED_AUTOMATED_POLICY,False,,,,,,,,,,,,,C3_CONFIDENTIAL,3,,,,,,,,6f8a5214daf0d8d5188f7da84fe0931408bac9ce898d47d09d53366ef6cfe2b8,c068640bad122342de0e81050f313e88a0b5bf947d459a5df25df6b117f89be9,,,2026-08-23T17:18:04.591571+00:00,b9923b9284cb2e5e7c6a988f4315368d,,,,,9fdc6f75dd80c3195931b19cb822e525f8a000729f82d11280d6b1e5f11f6339,b95d66813a0791a9e1be011cb013c6c40a74a1dcbe7a78b5e890b3bc4627af4a,,,2026-08-22T19:02:22.109557+00:00,eb562985f77fc8a152d2d22d15bfd3f4695b107bdaa4c375fc5dde2be0f10805,active,,,13,ACCEPTED,ALL_BASELINE_CONTROLS,,,,True,True,True,True,True,False,6XF9i72JEM6SZvICS+vZyrJiAWUbd3lxd22qwY8xSS4=,2ea8062858d8059468dffe9fd61ca031fb9f58493c6b3d46ee983c0f36df454b,lhIS+WjWdu7nwVo2eeSh1fX8D+pCzpAo3q6D86Frg0w=,8ff9c69b6f2365ec14118baea98bfe45fa70e5ad48b72259cf1afe70cadb7407,TP5c9RlnadVgwRm9bcejSEuxYhrPDurEM6PVXJRKEkg=,29ac3bebc7d8bf95fc566b7fd18bb82a91593b8a3a0877f87ec4350551f94d53,,,,,,,,,,,,,,,,,9684deb9cd1b80d8e443941ddf0f0b6c7ffd8528cf3791e1551979e6d4121b60,audit_trails/artifacts/accepted_runtime_submissions/T3_XMK_CKKS_TADP_client_000_r13_2ea8062858d80594__9684deb9cd1b80d8.json,,,,,,,,,,,,,d6a16ff1c2ab6b5ef8697c1bdab1503ecb71acafe0c63a36aec6497e62c871f8,01ffb615c127cf2cb53f1b19a6b76e2306dd35c84c341455004342e505c02763,,
586,fdbc7fe501fefeb1e9fc4646e616c1e5,9807b00ec9f05c0ed690f948a024469da45a3923628918d48e6175fa51233777,2026-08-22T18:03:53.801121+00:00,TADP-SEC/12.1,CLIENT_CIPHERTEXT_BINDING,T3_XMK_CKKS_TADP,,,,client_000,,,,,,,,,,,,,,,,,,,,,,,,,,,,,,,,,,,,,,,,CIPHERTEXT_BOUND_TO_SIGNED_UPDATE,,,,,,,,,,,,,,,,,C3_CONFIDENTIAL,3,,,,,,,,,,,,,b9923b9284cb2e5e7c6a988f4315368d,,,,,,,,,,,,,,13,VERIFIED,,,,,True,,,,,False,6XF9i72JEM6SZvICS+vZyrJiAWUbd3lxd22qwY8xSS4=,2ea8062858d8059468dffe9fd61ca031fb9f58493c6b3d46ee983c0f36df454b,lhIS+WjWdu7nwVo2eeSh1fX8D+pCzpAo3q6D86Frg0w=,8f2724e7efdb8715d0d5c4cf3f88ae3ba98c1ec67e3e7d8c5cdd11cef73db488,TP5c9RlnadVgwRm9bcejSEuxYhrPDurEM6PVXJRKEkg=,29ac3bebc7d8bf95fc566b7fd18bb82a91593b8a3a0877f87ec4350551f94d53,"T3: xMK submit share (round-level finalize), noise=0.000",reference_python,n=|logq=|scale=|scheme=alg_xmk_ckks,xmk_agg_pk:2c483293497644b3,,,,,,,,,df87e48ec661199d7f3e249e1e5e372bbf2332c51617e0a98f78cc48dd6ffcb6,,1f645f546a0b61cc81ff9b2f0f9633188ae220b7126d95c4eaee98d5bb3076ab,audit_trails/artifacts/ciphertext_attestations/T3_XMK_CKKS_TADP_client_000_r13_6ab4955fa9750e68__1f645f546a0b61cc.json,,,,,,,,,,,,,,,01ffb615c127cf2cb53f1b19a6b76e2306dd35c84c341455004342e505c02763,4a44cf0d4d5f771446f2a96bfc7d0c3dc57fb89aa24eec3bb5e801e3e202bd78,,
587,f9221a104f67d11095f32bae179fd95e,9807b00ec9f05c0ed690f948a024469da45a3923628918d48e6175fa51233777,2026-08-22T18:04:00.357602+00:00,TADP-SEC/12.1,CLIENT_ACCEPTED_SUBMISSION,T3_XMK_CKKS_TADP,,,,client_000,,,,,,,,,,,2.3-phase1-fixed-threshold-critical-floor-review-profile,47dd2e58be138865a6d591a63329509757be6b563afb2badb96beb09eac726e5,a663ab753fcbe1179628a237bb638420356ea261176b970e3553fa59bfe7e9d6,1c154f7d4e37aa15e037310f6b45ff14a874311a582c673470a238929d8125dd,8d877b4c3b654a235066cdd49bf4c7e04e1b662c0cf44a17b54811ea50677e11,VALIDATED_EVIDENCE_BUNDLE,,,,,,,,,,,,,,,,,,,,,,,,UPDATE_SUBMITTED_ENFORCED,,False,NOT_REQUIRED_AUTOMATED_POLICY,False,,,,,,,,,,,,,C3_CONFIDENTIAL,3,,,,,,,,6f8a5214daf0d8d5188f7da84fe0931408bac9ce898d47d09d53366ef6cfe2b8,c068640bad122342de0e81050f313e88a0b5bf947d459a5df25df6b117f89be9,,,2026-08-23T17:18:04.591571+00:00,b9923b9284cb2e5e7c6a988f4315368d,,,,,9fdc6f75dd80c3195931b19cb822e525f8a000729f82d11280d6b1e5f11f6339,b95d66813a0791a9e1be011cb013c6c40a74a1dcbe7a78b5e890b3bc4627af4a,,,2026-08-22T19:02:22.109557+00:00,eb562985f77fc8a152d2d22d15bfd3f4695b107bdaa4c375fc5dde2be0f10805,active,,,14,ACCEPTED,ALL_BASELINE_CONTROLS,,,,True,True,True,True,True,False,snyx7FhPWEcDxS0Ag2JN+BJG6GE9p4Ys7sSf8BduUNo=,c420df119f32f02f2c39682caed7ac51d047efb6cf4234e39f103de8fe3657eb,lhIS+WjWdu7nwVo2eeSh1fX8D+pCzpAo3q6D86Frg0w=,4b8caeba8a105cdd4d51c197c0f4f611f58860298c4db2f0af23c1988a11b4b9,yHU39dvOhBFHVhqD/Zn5u6THd2CieggFCAepDnFwDpc=,29ac3bebc7d8bf95fc566b7fd18bb82a91593b8a3a0877f87ec4350551f94d53,,,,,,,,,,,,,,,,,a544aef7c054e1401a4aee63aab2fe1d5a2453c38399f67762fbf0ba4ee1526a,audit_trails/artifacts/accepted_runtime_submissions/T3_XMK_CKKS_TADP_client_000_r14_c420df119f32f02f__a544aef7c054e140.json,,,,,,,,,,,,,4a44cf0d4d5f771446f2a96bfc7d0c3dc57fb89aa24eec3bb5e801e3e202bd78,b23f724bd42267ebd922591da71b8375387e2e239f32b01f5a8da24311175b07,,
588,b8662c9fc28aa4486c52286f615c2868,9807b00ec9f05c0ed690f948a024469da45a3923628918d48e6175fa51233777,2026-08-22T18:04:00.837467+00:00,TADP-SEC/12.1,CLIENT_CIPHERTEXT_BINDING,T3_XMK_CKKS_TADP,,,,client_000,,,,,,,,,,,,,,,,,,,,,,,,,,,,,,,,,,,,,,,,CIPHERTEXT_BOUND_TO_SIGNED_UPDATE,,,,,,,,,,,,,,,,,C3_CONFIDENTIAL,3,,,,,,,,,,,,,b9923b9284cb2e5e7c6a988f4315368d,,,,,,,,,,,,,,14,VERIFIED,,,,,True,,,,,False,snyx7FhPWEcDxS0Ag2JN+BJG6GE9p4Ys7sSf8BduUNo=,c420df119f32f02f2c39682caed7ac51d047efb6cf4234e39f103de8fe3657eb,lhIS+WjWdu7nwVo2eeSh1fX8D+pCzpAo3q6D86Frg0w=,cfdf53792d5f15dcb7b9a14d1dbfa9ebcac5e31a2be7a159a2454a687f134414,yHU39dvOhBFHVhqD/Zn5u6THd2CieggFCAepDnFwDpc=,29ac3bebc7d8bf95fc566b7fd18bb82a91593b8a3a0877f87ec4350551f94d53,"T3: xMK submit share (round-level finalize), noise=0.000",reference_python,n=|logq=|scale=|scheme=alg_xmk_ckks,xmk_agg_pk:2c483293497644b3,,,,,,,,,c49a6430313d3526317137919731a1bf15a095bf6b4e2eae970c59ead737c5bf,,6f3d79f0de7ccfc305a3149dbf9fb764bd935f905989a52633e1bd914ec05f36,audit_trails/artifacts/ciphertext_attestations/T3_XMK_CKKS_TADP_client_000_r14_0d089b787d1acccc__6f3d79f0de7ccfc3.json,,,,,,,,,,,,,,,b23f724bd42267ebd922591da71b8375387e2e239f32b01f5a8da24311175b07,f6aa895dbe50647148f44ed345f49b214f05a38fce1ec56c8eb4a084559b2101,,
589,47743a7817c38f9ad7c904d8b7ab88db,9807b00ec9f05c0ed690f948a024469da45a3923628918d48e6175fa51233777,2026-08-22T18:04:08.110058+00:00,TADP-SEC/12.1,CLIENT_ACCEPTED_SUBMISSION,T3_XMK_CKKS_TADP,,,,client_000,,,,,,,,,,,2.3-phase1-fixed-threshold-critical-floor-review-profile,47dd2e58be138865a6d591a63329509757be6b563afb2badb96beb09eac726e5,a663ab753fcbe1179628a237bb638420356ea261176b970e3553fa59bfe7e9d6,1c154f7d4e37aa15e037310f6b45ff14a874311a582c673470a238929d8125dd,8d877b4c3b654a235066cdd49bf4c7e04e1b662c0cf44a17b54811ea50677e11,VALIDATED_EVIDENCE_BUNDLE,,,,,,,,,,,,,,,,,,,,,,,,UPDATE_SUBMITTED_ENFORCED,,False,NOT_REQUIRED_AUTOMATED_POLICY,False,,,,,,,,,,,,,C3_CONFIDENTIAL,3,,,,,,,,6f8a5214daf0d8d5188f7da84fe0931408bac9ce898d47d09d53366ef6cfe2b8,c068640bad122342de0e81050f313e88a0b5bf947d459a5df25df6b117f89be9,,,2026-08-23T17:18:04.591571+00:00,b9923b9284cb2e5e7c6a988f4315368d,,,,,9fdc6f75dd80c3195931b19cb822e525f8a000729f82d11280d6b1e5f11f6339,b95d66813a0791a9e1be011cb013c6c40a74a1dcbe7a78b5e890b3bc4627af4a,,,2026-08-22T19:02:22.109557+00:00,eb562985f77fc8a152d2d22d15bfd3f4695b107bdaa4c375fc5dde2be0f10805,active,,,15,ACCEPTED,ALL_BASELINE_CONTROLS,,,,True,True,True,True,True,False,5I+zbYpDWLkwA2TC6nkZ1OTYQZsNUXT03fL9+gc2ZDU=,77a6772418ff369f97f16a7ba39093f46fcea0b22078312080e173c43ac2d466,lhIS+WjWdu7nwVo2eeSh1fX8D+pCzpAo3q6D86Frg0w=,4c7bce047cef60135f9022775854d7c5b7c5f9dd5e2de098b0182baa1c818730,KKvP+4Ctp05g8aK+QfO/SA26F+mlGa46lnV31+IfDK0=,29ac3bebc7d8bf95fc566b7fd18bb82a91593b8a3a0877f87ec4350551f94d53,,,,,,,,,,,,,,,,,04ed4f1078cbb531e221ffda1db3194ff683f5d019fd2a0cb5308ba2b784475b,audit_trails/artifacts/accepted_runtime_submissions/T3_XMK_CKKS_TADP_client_000_r15_77a6772418ff369f__04ed4f1078cbb531.json,,,,,,,,,,,,,f6aa895dbe50647148f44ed345f49b214f05a38fce1ec56c8eb4a084559b2101,618eab349e9b714e273b3f9842acffd6770729138bf25706b59c95cc81382b57,,
590,51ef83276a9c69c2fea429fc1ca28c15,9807b00ec9f05c0ed690f948a024469da45a3923628918d48e6175fa51233777,2026-08-22T18:04:08.452930+00:00,TADP-SEC/12.1,CLIENT_CIPHERTEXT_BINDING,T3_XMK_CKKS_TADP,,,,client_000,,,,,,,,,,,,,,,,,,,,,,,,,,,,,,,,,,,,,,,,CIPHERTEXT_BOUND_TO_SIGNED_UPDATE,,,,,,,,,,,,,,,,,C3_CONFIDENTIAL,3,,,,,,,,,,,,,b9923b9284cb2e5e7c6a988f4315368d,,,,,,,,,,,,,,15,VERIFIED,,,,,True,,,,,False,5I+zbYpDWLkwA2TC6nkZ1OTYQZsNUXT03fL9+gc2ZDU=,77a6772418ff369f97f16a7ba39093f46fcea0b22078312080e173c43ac2d466,lhIS+WjWdu7nwVo2eeSh1fX8D+pCzpAo3q6D86Frg0w=,612c055750c8534e46b402adc40bf0e0c1919c1619433c57b5e7dd1947b71449,KKvP+4Ctp05g8aK+QfO/SA26F+mlGa46lnV31+IfDK0=,29ac3bebc7d8bf95fc566b7fd18bb82a91593b8a3a0877f87ec4350551f94d53,"T3: xMK submit share (round-level finalize), noise=0.000",reference_python,n=|logq=|scale=|scheme=alg_xmk_ckks,xmk_agg_pk:2c483293497644b3,,,,,,,,,4e8206fbcbe8359c42d039e63645c60d9203c23426cb5a7f6ca91e6b64daf4c1,,950cf25b68064e1a29f8c9d50d2ee28b301862263b626a6d416c01a5596b898c,audit_trails/artifacts/ciphertext_attestations/T3_XMK_CKKS_TADP_client_000_r15_24dde9edf76070cd__950cf25b68064e1a.json,,,,,,,,,,,,,,,618eab349e9b714e273b3f9842acffd6770729138bf25706b59c95cc81382b57,65df37b23454bfb622dc4de7367fb68bf11f6eec151b9600d6532843053a3bd5,,
591,d7f5a766557dac33ab841661fbf557ce,9807b00ec9f05c0ed690f948a024469da45a3923628918d48e6175fa51233777,2026-08-22T18:04:15.419963+00:00,TADP-SEC/12.1,CLIENT_ACCEPTED_SUBMISSION,T3_XMK_CKKS_TADP,,,,client_000,,,,,,,,,,,2.3-phase1-fixed-threshold-critical-floor-review-profile,47dd2e58be138865a6d591a63329509757be6b563afb2badb96beb09eac726e5,a663ab753fcbe1179628a237bb638420356ea261176b970e3553fa59bfe7e9d6,1c154f7d4e37aa15e037310f6b45ff14a874311a582c673470a238929d8125dd,8d877b4c3b654a235066cdd49bf4c7e04e1b662c0cf44a17b54811ea50677e11,VALIDATED_EVIDENCE_BUNDLE,,,,,,,,,,,,,,,,,,,,,,,,UPDATE_SUBMITTED_ENFORCED,,False,NOT_REQUIRED_AUTOMATED_POLICY,False,,,,,,,,,,,,,C3_CONFIDENTIAL,3,,,,,,,,6f8a5214daf0d8d5188f7da84fe0931408bac9ce898d47d09d53366ef6cfe2b8,c068640bad122342de0e81050f313e88a0b5bf947d459a5df25df6b117f89be9,,,2026-08-23T17:18:04.591571+00:00,b9923b9284cb2e5e7c6a988f4315368d,,,,,9fdc6f75dd80c3195931b19cb822e525f8a000729f82d11280d6b1e5f11f6339,b95d66813a0791a9e1be011cb013c6c40a74a1dcbe7a78b5e890b3bc4627af4a,,,2026-08-22T19:02:22.109557+00:00,eb562985f77fc8a152d2d22d15bfd3f4695b107bdaa4c375fc5dde2be0f10805,active,,,16,ACCEPTED,ALL_BASELINE_CONTROLS,,,,True,True,True,True,True,False,DnUXsrsNZeOdwStz62IZr9xMJnVx9u0zQ+C1+xhZRCE=,e25b1aca684cc3c4d32b299799a091eb2bc8dd54f6c37efab0cff887cccf1a81,lhIS+WjWdu7nwVo2eeSh1fX8D+pCzpAo3q6D86Frg0w=,56becf18054419477a4d7a74f6c4443549f155429f2208e17385941af69da2c1,+Ap0XvB5s5ywoezAeaPCRUWt7BIErKM6gKaEzc9WANA=,29ac3bebc7d8bf95fc566b7fd18bb82a91593b8a3a0877f87ec4350551f94d53,,,,,,,,,,,,,,,,,a9e6c7ca38754e3a61606fc70cab18b48c16d25a15ffa79a6ca8ee9e1e6f92d2,audit_trails/artifacts/accepted_runtime_submissions/T3_XMK_CKKS_TADP_client_000_r16_e25b1aca684cc3c4__a9e6c7ca38754e3a.json,,,,,,,,,,,,,65df37b23454bfb622dc4de7367fb68bf11f6eec151b9600d6532843053a3bd5,685cf7b2262fddaddbe6e6b183261adba0f0c5c1662321138fec5f8e8c967f10,,
592,044a904a155769ee89515c46362f4208,9807b00ec9f05c0ed690f948a024469da45a3923628918d48e6175fa51233777,2026-08-22T18:04:15.896847+00:00,TADP-SEC/12.1,CLIENT_CIPHERTEXT_BINDING,T3_XMK_CKKS_TADP,,,,client_000,,,,,,,,,,,,,,,,,,,,,,,,,,,,,,,,,,,,,,,,CIPHERTEXT_BOUND_TO_SIGNED_UPDATE,,,,,,,,,,,,,,,,,C3_CONFIDENTIAL,3,,,,,,,,,,,,,b9923b9284cb2e5e7c6a988f4315368d,,,,,,,,,,,,,,16,VERIFIED,,,,,True,,,,,False,DnUXsrsNZeOdwStz62IZr9xMJnVx9u0zQ+C1+xhZRCE=,e25b1aca684cc3c4d32b299799a091eb2bc8dd54f6c37efab0cff887cccf1a81,lhIS+WjWdu7nwVo2eeSh1fX8D+pCzpAo3q6D86Frg0w=,aa4e25e847fa259746848ab30c4401d8c4cd1ff60bf4f688cb38fde78e807a69,+Ap0XvB5s5ywoezAeaPCRUWt7BIErKM6gKaEzc9WANA=,29ac3bebc7d8bf95fc566b7fd18bb82a91593b8a3a0877f87ec4350551f94d53,"T3: xMK submit share (round-level finalize), noise=0.000",reference_python,n=|logq=|scale=|scheme=alg_xmk_ckks,xmk_agg_pk:2c483293497644b3,,,,,,,,,1383e4a5afeda8d798b4e117b19de50f15b98fe34254c9fb4028bd19c8f0e3d9,,24f2b4be0c011c2c0f4630df57862d83cf90f8849be26042cbcd74b06ea69615,audit_trails/artifacts/ciphertext_attestations/T3_XMK_CKKS_TADP_client_000_r16_5a1bc6f28e633471__24f2b4be0c011c2c.json,,,,,,,,,,,,,,,685cf7b2262fddaddbe6e6b183261adba0f0c5c1662321138fec5f8e8c967f10,ac974b167c6e228a921f6ad174fe32f521b00f123316485b2c6ce599b5cdb74d,,
593,4db0d1e2c21a63241a7e5d2ccd9abe96,9807b00ec9f05c0ed690f948a024469da45a3923628918d48e6175fa51233777,2026-08-22T18:04:22.758179+00:00,TADP-SEC/12.1,CLIENT_ACCEPTED_SUBMISSION,T3_XMK_CKKS_TADP,,,,client_000,,,,,,,,,,,2.3-phase1-fixed-threshold-critical-floor-review-profile,47dd2e58be138865a6d591a63329509757be6b563afb2badb96beb09eac726e5,a663ab753fcbe1179628a237bb638420356ea261176b970e3553fa59bfe7e9d6,1c154f7d4e37aa15e037310f6b45ff14a874311a582c673470a238929d8125dd,8d877b4c3b654a235066cdd49bf4c7e04e1b662c0cf44a17b54811ea50677e11,VALIDATED_EVIDENCE_BUNDLE,,,,,,,,,,,,,,,,,,,,,,,,UPDATE_SUBMITTED_ENFORCED,,False,NOT_REQUIRED_AUTOMATED_POLICY,False,,,,,,,,,,,,,C3_CONFIDENTIAL,3,,,,,,,,6f8a5214daf0d8d5188f7da84fe0931408bac9ce898d47d09d53366ef6cfe2b8,c068640bad122342de0e81050f313e88a0b5bf947d459a5df25df6b117f89be9,,,2026-08-23T17:18:04.591571+00:00,b9923b9284cb2e5e7c6a988f4315368d,,,,,9fdc6f75dd80c3195931b19cb822e525f8a000729f82d11280d6b1e5f11f6339,b95d66813a0791a9e1be011cb013c6c40a74a1dcbe7a78b5e890b3bc4627af4a,,,2026-08-22T19:02:22.109557+00:00,eb562985f77fc8a152d2d22d15bfd3f4695b107bdaa4c375fc5dde2be0f10805,active,,,17,ACCEPTED,ALL_BASELINE_CONTROLS,,,,True,True,True,True,True,False,PP7KuR6U+k+mq+1eYxyJFQ/a0Yb0fvTALGW06DZpR4w=,ab31af85141821bce4c236055eb6d034b5e847cc4f07f70d8d378e6b94398cd1,lhIS+WjWdu7nwVo2eeSh1fX8D+pCzpAo3q6D86Frg0w=,101df22bc200a6e81a3076ce1bb08c1862fa1b160a8593fb264bed7de3364bf2,Knq9YLE71BZE2EqbxtR9DvfVKkg+DjPIWlXqhkwBMJs=,29ac3bebc7d8bf95fc566b7fd18bb82a91593b8a3a0877f87ec4350551f94d53,,,,,,,,,,,,,,,,,c6e848a491755803512320a96c3221b8cf992ced0f662aabdc99c0432fd32769,audit_trails/artifacts/accepted_runtime_submissions/T3_XMK_CKKS_TADP_client_000_r17_ab31af85141821bc__c6e848a491755803.json,,,,,,,,,,,,,ac974b167c6e228a921f6ad174fe32f521b00f123316485b2c6ce599b5cdb74d,ac1e7b66738a3a9ae0023ad871eb9338988c07c7788909f2912e38e64f36dbe3,,
594,4453a7ed599099882f8d47edd1383eed,9807b00ec9f05c0ed690f948a024469da45a3923628918d48e6175fa51233777,2026-08-22T18:04:23.082793+00:00,TADP-SEC/12.1,CLIENT_CIPHERTEXT_BINDING,T3_XMK_CKKS_TADP,,,,client_000,,,,,,,,,,,,,,,,,,,,,,,,,,,,,,,,,,,,,,,,CIPHERTEXT_BOUND_TO_SIGNED_UPDATE,,,,,,,,,,,,,,,,,C3_CONFIDENTIAL,3,,,,,,,,,,,,,b9923b9284cb2e5e7c6a988f4315368d,,,,,,,,,,,,,,17,VERIFIED,,,,,True,,,,,False,PP7KuR6U+k+mq+1eYxyJFQ/a0Yb0fvTALGW06DZpR4w=,ab31af85141821bce4c236055eb6d034b5e847cc4f07f70d8d378e6b94398cd1,lhIS+WjWdu7nwVo2eeSh1fX8D+pCzpAo3q6D86Frg0w=,995436be6080ae1e40d587a6099166c2f9c6965969de5fb21f96a1d4b746f1e7,Knq9YLE71BZE2EqbxtR9DvfVKkg+DjPIWlXqhkwBMJs=,29ac3bebc7d8bf95fc566b7fd18bb82a91593b8a3a0877f87ec4350551f94d53,"T3: xMK submit share (round-level finalize), noise=0.000",reference_python,n=|logq=|scale=|scheme=alg_xmk_ckks,xmk_agg_pk:2c483293497644b3,,,,,,,,,feec0120aff33f310fd0c44aa39a276f4bffd726d4fdd65ce1e6faa22e7080fd,,5da686b1b96d7f25346fef9c491488cd88d1ec828a659066e6c24f07faa84678,audit_trails/artifacts/ciphertext_attestations/T3_XMK_CKKS_TADP_client_000_r17_48b63789d4b41c2b__5da686b1b96d7f25.json,,,,,,,,,,,,,,,ac1e7b66738a3a9ae0023ad871eb9338988c07c7788909f2912e38e64f36dbe3,380fea46f80b8c02943f77cd65364fe8b4f9a66b81c6aa3c0d2b6fa3c153c7a2,,
595,196d6aa57b49f1eb13ed19e4b337e534,9807b00ec9f05c0ed690f948a024469da45a3923628918d48e6175fa51233777,2026-08-22T18:04:30.454038+00:00,TADP-SEC/12.1,CLIENT_ACCEPTED_SUBMISSION,T3_XMK_CKKS_TADP,,,,client_000,,,,,,,,,,,2.3-phase1-fixed-threshold-critical-floor-review-profile,47dd2e58be138865a6d591a63329509757be6b563afb2badb96beb09eac726e5,a663ab753fcbe1179628a237bb638420356ea261176b970e3553fa59bfe7e9d6,1c154f7d4e37aa15e037310f6b45ff14a874311a582c673470a238929d8125dd,8d877b4c3b654a235066cdd49bf4c7e04e1b662c0cf44a17b54811ea50677e11,VALIDATED_EVIDENCE_BUNDLE,,,,,,,,,,,,,,,,,,,,,,,,UPDATE_SUBMITTED_ENFORCED,,False,NOT_REQUIRED_AUTOMATED_POLICY,False,,,,,,,,,,,,,C3_CONFIDENTIAL,3,,,,,,,,6f8a5214daf0d8d5188f7da84fe0931408bac9ce898d47d09d53366ef6cfe2b8,c068640bad122342de0e81050f313e88a0b5bf947d459a5df25df6b117f89be9,,,2026-08-23T17:18:04.591571+00:00,b9923b9284cb2e5e7c6a988f4315368d,,,,,9fdc6f75dd80c3195931b19cb822e525f8a000729f82d11280d6b1e5f11f6339,b95d66813a0791a9e1be011cb013c6c40a74a1dcbe7a78b5e890b3bc4627af4a,,,2026-08-22T19:02:22.109557+00:00,eb562985f77fc8a152d2d22d15bfd3f4695b107bdaa4c375fc5dde2be0f10805,active,,,18,ACCEPTED,ALL_BASELINE_CONTROLS,,,,True,True,True,True,True,False,0LPuO3i/jY3dKKt9gatrheYEhZPcEPd90NxiDzsJs/A=,517e5a1401a6f01980974a144bbd230121cf3f201c6bb7f01ad43e6985254b6b,lhIS+WjWdu7nwVo2eeSh1fX8D+pCzpAo3q6D86Frg0w=,39aabbe37ebbe6f71efc99e22baa7c4b7da4df19f8f7729a09bb111ea95344a5,jzl/HtcqnD2Tvo1jbH5UaramNPvms95FFC/vGfJSqNg=,29ac3bebc7d8bf95fc566b7fd18bb82a91593b8a3a0877f87ec4350551f94d53,,,,,,,,,,,,,,,,,8ac11781e0758f3f54204c30ea032b898f0b9050683ff963d0ceb880a24912b0,audit_trails/artifacts/accepted_runtime_submissions/T3_XMK_CKKS_TADP_client_000_r18_517e5a1401a6f019__8ac11781e0758f3f.json,,,,,,,,,,,,,380fea46f80b8c02943f77cd65364fe8b4f9a66b81c6aa3c0d2b6fa3c153c7a2,f708eee688f0d3a45d00245967d7249cbc0ede0fd96abb3bee6a6a524a41966b,,
596,abc75ec6a4f3095dbfdfe04600ce3d21,9807b00ec9f05c0ed690f948a024469da45a3923628918d48e6175fa51233777,2026-08-22T18:04:30.929988+00:00,TADP-SEC/12.1,CLIENT_CIPHERTEXT_BINDING,T3_XMK_CKKS_TADP,,,,client_000,,,,,,,,,,,,,,,,,,,,,,,,,,,,,,,,,,,,,,,,CIPHERTEXT_BOUND_TO_SIGNED_UPDATE,,,,,,,,,,,,,,,,,C3_CONFIDENTIAL,3,,,,,,,,,,,,,b9923b9284cb2e5e7c6a988f4315368d,,,,,,,,,,,,,,18,VERIFIED,,,,,True,,,,,False,0LPuO3i/jY3dKKt9gatrheYEhZPcEPd90NxiDzsJs/A=,517e5a1401a6f01980974a144bbd230121cf3f201c6bb7f01ad43e6985254b6b,lhIS+WjWdu7nwVo2eeSh1fX8D+pCzpAo3q6D86Frg0w=,0a527bcd6af9c5349eb2e5e86a56a14975b8cad211e2b171076603ca0ebfc8f0,jzl/HtcqnD2Tvo1jbH5UaramNPvms95FFC/vGfJSqNg=,29ac3bebc7d8bf95fc566b7fd18bb82a91593b8a3a0877f87ec4350551f94d53,"T3: xMK submit share (round-level finalize), noise=0.000",reference_python,n=|logq=|scale=|scheme=alg_xmk_ckks,xmk_agg_pk:2c483293497644b3,,,,,,,,,3b1daf7350b1de321a369cc63f6044ad2ccf62bf22fbce880ff06573e9ca0af5,,d927ff12af0fcd0ae2986a1912c6076334876b2a879fbda22d2c8e1495582cc4,audit_trails/artifacts/ciphertext_attestations/T3_XMK_CKKS_TADP_client_000_r18_4875bbeeaabc45b8__d927ff12af0fcd0a.json,,,,,,,,,,,,,,,f708eee688f0d3a45d00245967d7249cbc0ede0fd96abb3bee6a6a524a41966b,120879dc368f076094e02fd50db671a63fe092028af7c9631ba34c014a48b01a,,
597,b30ae8562b48efd3c4d41c195fef2db3,9807b00ec9f05c0ed690f948a024469da45a3923628918d48e6175fa51233777,2026-08-22T18:04:37.487643+00:00,TADP-SEC/12.1,CLIENT_ACCEPTED_SUBMISSION,T3_XMK_CKKS_TADP,,,,client_000,,,,,,,,,,,2.3-phase1-fixed-threshold-critical-floor-review-profile,47dd2e58be138865a6d591a63329509757be6b563afb2badb96beb09eac726e5,a663ab753fcbe1179628a237bb638420356ea261176b970e3553fa59bfe7e9d6,1c154f7d4e37aa15e037310f6b45ff14a874311a582c673470a238929d8125dd,8d877b4c3b654a235066cdd49bf4c7e04e1b662c0cf44a17b54811ea50677e11,VALIDATED_EVIDENCE_BUNDLE,,,,,,,,,,,,,,,,,,,,,,,,UPDATE_SUBMITTED_ENFORCED,,False,NOT_REQUIRED_AUTOMATED_POLICY,False,,,,,,,,,,,,,C3_CONFIDENTIAL,3,,,,,,,,6f8a5214daf0d8d5188f7da84fe0931408bac9ce898d47d09d53366ef6cfe2b8,c068640bad122342de0e81050f313e88a0b5bf947d459a5df25df6b117f89be9,,,2026-08-23T17:18:04.591571+00:00,b9923b9284cb2e5e7c6a988f4315368d,,,,,9fdc6f75dd80c3195931b19cb822e525f8a000729f82d11280d6b1e5f11f6339,b95d66813a0791a9e1be011cb013c6c40a74a1dcbe7a78b5e890b3bc4627af4a,,,2026-08-22T19:02:22.109557+00:00,eb562985f77fc8a152d2d22d15bfd3f4695b107bdaa4c375fc5dde2be0f10805,active,,,19,ACCEPTED,ALL_BASELINE_CONTROLS,,,,True,True,True,True,True,False,E1T0/7jPdDbSwX2z/knXVSqABegTrn2Uzyh90ER67a8=,a181a88b5d094f78e70c9177d084cce186ff7112abbebc3dacd5e6de0181d665,lhIS+WjWdu7nwVo2eeSh1fX8D+pCzpAo3q6D86Frg0w=,c46820605012f0ae8be02241fa1d7794e575a7a59618a1294ed5be2eaec224eb,JjsQ1p/NStdH5MCCZ4FosfnPuxejlWUR1IVJaxu5/xw=,29ac3bebc7d8bf95fc566b7fd18bb82a91593b8a3a0877f87ec4350551f94d53,,,,,,,,,,,,,,,,,c93bb8220ae7235033e08fdd1a241446d276ee1758de6f92096177e6d4716c0d,audit_trails/artifacts/accepted_runtime_submissions/T3_XMK_CKKS_TADP_client_000_r19_a181a88b5d094f78__c93bb8220ae72350.json,,,,,,,,,,,,,120879dc368f076094e02fd50db671a63fe092028af7c9631ba34c014a48b01a,203fe31fbf761b81c2a0e40d2c6530a3d8d07ce3aadc2ab811eb0ec78145b6ae,,
598,6fd6c89f9d9ccf9f47db002d0009d4d2,9807b00ec9f05c0ed690f948a024469da45a3923628918d48e6175fa51233777,2026-08-22T18:04:37.821501+00:00,TADP-SEC/12.1,CLIENT_CIPHERTEXT_BINDING,T3_XMK_CKKS_TADP,,,,client_000,,,,,,,,,,,,,,,,,,,,,,,,,,,,,,,,,,,,,,,,CIPHERTEXT_BOUND_TO_SIGNED_UPDATE,,,,,,,,,,,,,,,,,C3_CONFIDENTIAL,3,,,,,,,,,,,,,b9923b9284cb2e5e7c6a988f4315368d,,,,,,,,,,,,,,19,VERIFIED,,,,,True,,,,,False,E1T0/7jPdDbSwX2z/knXVSqABegTrn2Uzyh90ER67a8=,a181a88b5d094f78e70c9177d084cce186ff7112abbebc3dacd5e6de0181d665,lhIS+WjWdu7nwVo2eeSh1fX8D+pCzpAo3q6D86Frg0w=,16219b07a8d75c702d05d823a53e7b4f03b3f1b3101c874095e96ea0fb72206e,JjsQ1p/NStdH5MCCZ4FosfnPuxejlWUR1IVJaxu5/xw=,29ac3bebc7d8bf95fc566b7fd18bb82a91593b8a3a0877f87ec4350551f94d53,"T3: xMK submit share (round-level finalize), noise=0.000",reference_python,n=|logq=|scale=|scheme=alg_xmk_ckks,xmk_agg_pk:2c483293497644b3,,,,,,,,,7f94c087b94fbc4cc69d84fc312a220b99e0ad1726457d3956dd5348a074f55f,,9e1bb1eb79cb67ae1065683b9a6f8a7a7b258ccf529544e299961c389a80ce25,audit_trails/artifacts/ciphertext_attestations/T3_XMK_CKKS_TADP_client_000_r19_2fadbe31f198dc4b__9e1bb1eb79cb67ae.json,,,,,,,,,,,,,,,203fe31fbf761b81c2a0e40d2c6530a3d8d07ce3aadc2ab811eb0ec78145b6ae,a1dc49402738bd9d02c9b5b9b6348638ea01a998e66849e0d19f1327e50ffd39,,
599,a74b699e555bde619e9fdf2e3c4fe2e3,9807b00ec9f05c0ed690f948a024469da45a3923628918d48e6175fa51233777,2026-08-22T18:04:45.347019+00:00,TADP-SEC/12.1,CLIENT_ACCEPTED_SUBMISSION,T3_XMK_CKKS_TADP,,,,client_000,,,,,,,,,,,2.3-phase1-fixed-threshold-critical-floor-review-profile,47dd2e58be138865a6d591a63329509757be6b563afb2badb96beb09eac726e5,a663ab753fcbe1179628a237bb638420356ea261176b970e3553fa59bfe7e9d6,1c154f7d4e37aa15e037310f6b45ff14a874311a582c673470a238929d8125dd,8d877b4c3b654a235066cdd49bf4c7e04e1b662c0cf44a17b54811ea50677e11,VALIDATED_EVIDENCE_BUNDLE,,,,,,,,,,,,,,,,,,,,,,,,UPDATE_SUBMITTED_ENFORCED,,False,NOT_REQUIRED_AUTOMATED_POLICY,False,,,,,,,,,,,,,C3_CONFIDENTIAL,3,,,,,,,,6f8a5214daf0d8d5188f7da84fe0931408bac9ce898d47d09d53366ef6cfe2b8,c068640bad122342de0e81050f313e88a0b5bf947d459a5df25df6b117f89be9,,,2026-08-23T17:18:04.591571+00:00,b9923b9284cb2e5e7c6a988f4315368d,,,,,9fdc6f75dd80c3195931b19cb822e525f8a000729f82d11280d6b1e5f11f6339,b95d66813a0791a9e1be011cb013c6c40a74a1dcbe7a78b5e890b3bc4627af4a,,,2026-08-22T19:02:22.109557+00:00,eb562985f77fc8a152d2d22d15bfd3f4695b107bdaa4c375fc5dde2be0f10805,active,,,20,ACCEPTED,ALL_BASELINE_CONTROLS,,,,True,True,True,True,True,False,Q/SSMFOkX7aoARXr/Uugj99l5rRuzUt0ZXcXOBQH3w0=,75a8b9e26228f8a3b6b07b1240214859ca4dec71fca947d7196452425414e7f0,lhIS+WjWdu7nwVo2eeSh1fX8D+pCzpAo3q6D86Frg0w=,be0dc327b8860c1e07b56e10c2369c2003b4df7ce148242f613b02a3194f578d,aoEluGjavZaGd+nRpfSh/wVaCadpiMS+19Zg9Eav+LU=,29ac3bebc7d8bf95fc566b7fd18bb82a91593b8a3a0877f87ec4350551f94d53,,,,,,,,,,,,,,,,,153755312456019600103f0fa4ee86b73787ebaafface815e4bde4fcf493ad8b,audit_trails/artifacts/accepted_runtime_submissions/T3_XMK_CKKS_TADP_client_000_r20_75a8b9e26228f8a3__1537553124560196.json,,,,,,,,,,,,,a1dc49402738bd9d02c9b5b9b6348638ea01a998e66849e0d19f1327e50ffd39,7f195e5ce14e16cdfaebec51bfbe7573cd78b147cbb696a71243e1685f700588,,
600,f41b2149645e5e844101e0d8dd8de606,9807b00ec9f05c0ed690f948a024469da45a3923628918d48e6175fa51233777,2026-08-22T18:04:45.709316+00:00,TADP-SEC/12.1,CLIENT_CIPHERTEXT_BINDING,T3_XMK_CKKS_TADP,,,,client_000,,,,,,,,,,,,,,,,,,,,,,,,,,,,,,,,,,,,,,,,CIPHERTEXT_BOUND_TO_SIGNED_UPDATE,,,,,,,,,,,,,,,,,C3_CONFIDENTIAL,3,,,,,,,,,,,,,b9923b9284cb2e5e7c6a988f4315368d,,,,,,,,,,,,,,20,VERIFIED,,,,,True,,,,,False,Q/SSMFOkX7aoARXr/Uugj99l5rRuzUt0ZXcXOBQH3w0=,75a8b9e26228f8a3b6b07b1240214859ca4dec71fca947d7196452425414e7f0,lhIS+WjWdu7nwVo2eeSh1fX8D+pCzpAo3q6D86Frg0w=,d01eaf1a65f3333845e35d8ad3c038608079f13ef3632377dcac59a3492354e8,aoEluGjavZaGd+nRpfSh/wVaCadpiMS+19Zg9Eav+LU=,29ac3bebc7d8bf95fc566b7fd18bb82a91593b8a3a0877f87ec4350551f94d53,"T3: xMK submit share (round-level finalize), noise=0.000",reference_python,n=|logq=|scale=|scheme=alg_xmk_ckks,xmk_agg_pk:2c483293497644b3,,,,,,,,,a9b74da0ad4cf00d2fc49a59bf274faf52038e58736dc87f81bba57107054667,,4dcff7c18a428fc2b0f82c8242298aaefff78ea58c6679dec240245f05e64275,audit_trails/artifacts/ciphertext_attestations/T3_XMK_CKKS_TADP_client_000_r20_a241d30b3aa59f92__4dcff7c18a428fc2.json,,,,,,,,,,,,,,,7f195e5ce14e16cdfaebec51bfbe7573cd78b147cbb696a71243e1685f700588,a87ea3d23085c5ad826360a75ddf03b3002175f19e13bf840b38ad8ae6bc4831,,
601,cce94c0790377a135a31e54293c6ecba,9807b00ec9f05c0ed690f948a024469da45a3923628918d48e6175fa51233777,2026-08-22T18:07:15.522384+00:00,TADP-SEC/12.1,CLIENT_ACCEPTED_SUBMISSION,T4_SAMK_TADP,,,,client_000,,,,,,,,,,,2.3-phase1-fixed-threshold-critical-floor-review-profile,47dd2e58be138865a6d591a63329509757be6b563afb2badb96beb09eac726e5,a663ab753fcbe1179628a237bb638420356ea261176b970e3553fa59bfe7e9d6,1c154f7d4e37aa15e037310f6b45ff14a874311a582c673470a238929d8125dd,8d877b4c3b654a235066cdd49bf4c7e04e1b662c0cf44a17b54811ea50677e11,VALIDATED_EVIDENCE_BUNDLE,,,,,,,,,,,,,,,,,,,,,,,,UPDATE_SUBMITTED_ENFORCED,,False,NOT_REQUIRED_AUTOMATED_POLICY,False,,,,,,,,,,,,,C4_RESTRICTED,4,,,,,,,,6f8a5214daf0d8d5188f7da84fe0931408bac9ce898d47d09d53366ef6cfe2b8,c068640bad122342de0e81050f313e88a0b5bf947d459a5df25df6b117f89be9,,,2026-08-23T17:18:04.591571+00:00,46cd107c5d824d4c40da38567202384a,,,,,465f670e891c7de7ac85fd2026de96d9fc77ed2d071d815ad80d54971a1f3847,daefe18dd971c31b882bf974fe308f03405e138451f94847b21d010b0fe46d82,,,2026-08-22T19:05:14.889064+00:00,eb562985f77fc8a152d2d22d15bfd3f4695b107bdaa4c375fc5dde2be0f10805,active,,,1,ACCEPTED,ALL_BASELINE_CONTROLS,,,,True,True,True,True,True,False,1nSXIIsHBxOMLPrh/CSiCxb6EQajvaGc1tNHRU/cHSM=,53bd20490898715d09acc983e8947401b2417ce3ff3b64e843a5e5973b92d790,lhIS+WjWdu7nwVo2eeSh1fX8D+pCzpAo3q6D86Frg0w=,1393ea4a717ac1ba18fade13c413ba4a7e4b33e7a9fb4550ca78a37e4251fec7,ij0QXzakTpJwf7kWURZWDMrtf3FvVItAm3+CdvSVB30=,29ac3bebc7d8bf95fc566b7fd18bb82a91593b8a3a0877f87ec4350551f94d53,,,,,,,,,,,,,,,,,9844b7fa276aa1c709e742fd71b7b49ded1f8f9453a863ee3ccd56037120216d,audit_trails/artifacts/accepted_runtime_submissions/T4_SAMK_TADP_client_000_r1_53bd20490898715d__9844b7fa276aa1c7.json,,,,,,,,,,,,,a87ea3d23085c5ad826360a75ddf03b3002175f19e13bf840b38ad8ae6bc4831,4dc2d20d681586ba9b3f35768eeff7eb8781236cff85986d3665aa7abb721f83,,
602,b10853dc989465248152b0cdf9d8eeff,9807b00ec9f05c0ed690f948a024469da45a3923628918d48e6175fa51233777,2026-08-22T18:08:38.522475+00:00,TADP-SEC/12.1,CLIENT_CIPHERTEXT_BINDING,T4_SAMK_TADP,,,,client_000,,,,,,,,,,,,,,,,,,,,,,,,,,,,,,,,,,,,,,,,CIPHERTEXT_BOUND_TO_SIGNED_UPDATE,,,,,,,,,,,,,,,,,C4_RESTRICTED,4,,,,,,,,,,,,,46cd107c5d824d4c40da38567202384a,,,,,,,,,,,,,,1,VERIFIED,,,,,True,,,,,False,1nSXIIsHBxOMLPrh/CSiCxb6EQajvaGc1tNHRU/cHSM=,53bd20490898715d09acc983e8947401b2417ce3ff3b64e843a5e5973b92d790,lhIS+WjWdu7nwVo2eeSh1fX8D+pCzpAo3q6D86Frg0w=,5b262ae206bff18d5129cf4fc38cf6a526eb2f8b09d35ddb555ec6ef8914806e,ij0QXzakTpJwf7kWURZWDMrtf3FvVItAm3+CdvSVB30=,29ac3bebc7d8bf95fc566b7fd18bb82a91593b8a3a0877f87ec4350551f94d53,T4: SAMK multi-key BFV update protection + Paillier-protected helper points,reference_python,SAMK|BFV_N=2048|q_bits=54|t=16777213|fixed_point_scale=1000000|Paillier_prime_bits=1536,client:client_000,,,,,,,,,1f4f24883c064d9291ede1641abd0d844ac704e428824f61169cfa38e703f193,,9d07b864de14f7375f3900058f7916d2b2224ec9ea69f576220d58435cba722c,audit_trails/artifacts/ciphertext_attestations/T4_SAMK_TADP_client_000_r1_a7277169458674fe__9d07b864de14f737.json,,,,,,,,,,,,,,,4dc2d20d681586ba9b3f35768eeff7eb8781236cff85986d3665aa7abb721f83,f2d6759bf192fca0292bd2b2e028b3501884805017a37c7884ecfed6390418d6,,
603,9f79a1a6d6518c81ecdb25ecb3030bd7,9807b00ec9f05c0ed690f948a024469da45a3923628918d48e6175fa51233777,2026-08-22T18:25:49.561036+00:00,TADP-SEC/12.1,CLIENT_ACCEPTED_SUBMISSION,T4_SAMK_TADP,,,,client_000,,,,,,,,,,,2.3-phase1-fixed-threshold-critical-floor-review-profile,47dd2e58be138865a6d591a63329509757be6b563afb2badb96beb09eac726e5,a663ab753fcbe1179628a237bb638420356ea261176b970e3553fa59bfe7e9d6,1c154f7d4e37aa15e037310f6b45ff14a874311a582c673470a238929d8125dd,8d877b4c3b654a235066cdd49bf4c7e04e1b662c0cf44a17b54811ea50677e11,VALIDATED_EVIDENCE_BUNDLE,,,,,,,,,,,,,,,,,,,,,,,,UPDATE_SUBMITTED_ENFORCED,,False,NOT_REQUIRED_AUTOMATED_POLICY,False,,,,,,,,,,,,,C4_RESTRICTED,4,,,,,,,,6f8a5214daf0d8d5188f7da84fe0931408bac9ce898d47d09d53366ef6cfe2b8,c068640bad122342de0e81050f313e88a0b5bf947d459a5df25df6b117f89be9,,,2026-08-23T17:18:04.591571+00:00,46cd107c5d824d4c40da38567202384a,,,,,465f670e891c7de7ac85fd2026de96d9fc77ed2d071d815ad80d54971a1f3847,daefe18dd971c31b882bf974fe308f03405e138451f94847b21d010b0fe46d82,,,2026-08-22T19:05:14.889064+00:00,eb562985f77fc8a152d2d22d15bfd3f4695b107bdaa4c375fc5dde2be0f10805,active,,,2,ACCEPTED,ALL_BASELINE_CONTROLS,,,,True,True,True,True,True,False,W4AArqVk/ZUfRugZYYXA2TW8k2ue8ACOYmlExaGCTc8=,ca0643c2d153c7dec3925092b4a06ffb62cdad470908dea96767668c86fedf61,lhIS+WjWdu7nwVo2eeSh1fX8D+pCzpAo3q6D86Frg0w=,d0ce33375358ab9a650e2595e2544f1b0caa0af083f20ca7c358b96eb1ad73b4,1fcjgDHnLZjr0vyXUBj3LCZlplSznwx71/lQpOKr8PU=,29ac3bebc7d8bf95fc566b7fd18bb82a91593b8a3a0877f87ec4350551f94d53,,,,,,,,,,,,,,,,,18f555c644655abca0f4c1e8cfc5c4bcc81155f3136438a358262a757f6a4791,audit_trails/artifacts/accepted_runtime_submissions/T4_SAMK_TADP_client_000_r2_ca0643c2d153c7de__18f555c644655abc.json,,,,,,,,,,,,,f2d6759bf192fca0292bd2b2e028b3501884805017a37c7884ecfed6390418d6,4e8779189d647c9d7e546f5aff11f94cace5fae4b9e2a3cf397010bc834e656e,,
604,24205a0548f215f157d40954d2bd0c43,9807b00ec9f05c0ed690f948a024469da45a3923628918d48e6175fa51233777,2026-08-22T18:27:13.107472+00:00,TADP-SEC/12.1,CLIENT_CIPHERTEXT_BINDING,T4_SAMK_TADP,,,,client_000,,,,,,,,,,,,,,,,,,,,,,,,,,,,,,,,,,,,,,,,CIPHERTEXT_BOUND_TO_SIGNED_UPDATE,,,,,,,,,,,,,,,,,C4_RESTRICTED,4,,,,,,,,,,,,,46cd107c5d824d4c40da38567202384a,,,,,,,,,,,,,,2,VERIFIED,,,,,True,,,,,False,W4AArqVk/ZUfRugZYYXA2TW8k2ue8ACOYmlExaGCTc8=,ca0643c2d153c7dec3925092b4a06ffb62cdad470908dea96767668c86fedf61,lhIS+WjWdu7nwVo2eeSh1fX8D+pCzpAo3q6D86Frg0w=,3c87161d063264f36e890233bd066c5579f8de863b475d6766fe7d148cad4d0f,1fcjgDHnLZjr0vyXUBj3LCZlplSznwx71/lQpOKr8PU=,29ac3bebc7d8bf95fc566b7fd18bb82a91593b8a3a0877f87ec4350551f94d53,T4: SAMK multi-key BFV update protection + Paillier-protected helper points,reference_python,SAMK|BFV_N=2048|q_bits=54|t=16777213|fixed_point_scale=1000000|Paillier_prime_bits=1536,client:client_000,,,,,,,,,5d3fb0b6e8e99170df041dc580c7993b065e729a658f369e01c90321752f7ed2,,33f08fa53f791aa48bec45984dc1bb46a65fa98a62df6d9ed00919c492c5a0ac,audit_trails/artifacts/ciphertext_attestations/T4_SAMK_TADP_client_000_r2_fc3213f7225e7438__33f08fa53f791aa4.json,,,,,,,,,,,,,,,4e8779189d647c9d7e546f5aff11f94cace5fae4b9e2a3cf397010bc834e656e,796249a5e1d43b7301bd56f5b279c402127ac439b3fc1bf9ad9f165c9cf289c3,,
605,c08ea3c91f7c7a09a7b007fad910a795,9807b00ec9f05c0ed690f948a024469da45a3923628918d48e6175fa51233777,2026-08-22T18:44:22.637999+00:00,TADP-SEC/12.1,CLIENT_ACCEPTED_SUBMISSION,T4_SAMK_TADP,,,,client_000,,,,,,,,,,,2.3-phase1-fixed-threshold-critical-floor-review-profile,47dd2e58be138865a6d591a63329509757be6b563afb2badb96beb09eac726e5,a663ab753fcbe1179628a237bb638420356ea261176b970e3553fa59bfe7e9d6,1c154f7d4e37aa15e037310f6b45ff14a874311a582c673470a238929d8125dd,8d877b4c3b654a235066cdd49bf4c7e04e1b662c0cf44a17b54811ea50677e11,VALIDATED_EVIDENCE_BUNDLE,,,,,,,,,,,,,,,,,,,,,,,,UPDATE_SUBMITTED_ENFORCED,,False,NOT_REQUIRED_AUTOMATED_POLICY,False,,,,,,,,,,,,,C4_RESTRICTED,4,,,,,,,,6f8a5214daf0d8d5188f7da84fe0931408bac9ce898d47d09d53366ef6cfe2b8,c068640bad122342de0e81050f313e88a0b5bf947d459a5df25df6b117f89be9,,,2026-08-23T17:18:04.591571+00:00,46cd107c5d824d4c40da38567202384a,,,,,465f670e891c7de7ac85fd2026de96d9fc77ed2d071d815ad80d54971a1f3847,daefe18dd971c31b882bf974fe308f03405e138451f94847b21d010b0fe46d82,,,2026-08-22T19:05:14.889064+00:00,eb562985f77fc8a152d2d22d15bfd3f4695b107bdaa4c375fc5dde2be0f10805,active,,,3,ACCEPTED,ALL_BASELINE_CONTROLS,,,,True,True,True,True,True,False,htQExdFHR3LhkQqFuVpwZq1oLCEeNI8zMNYxVEGCBKQ=,379f04eb37a7b7c9a982da8e64c288c7be9239c8ae017f3006733789bc03b217,lhIS+WjWdu7nwVo2eeSh1fX8D+pCzpAo3q6D86Frg0w=,013e6b2f15bc8db7d297c529e5368f78464db13573a6aae8afaaee1f3271cb70,ODX5IBVTLsWaLwhPkPUG3ydmfe5PDreHS6ip1dVMHQA=,29ac3bebc7d8bf95fc566b7fd18bb82a91593b8a3a0877f87ec4350551f94d53,,,,,,,,,,,,,,,,,456ecc89abb900a205f78be4295a439b06cf8504c05ed4e2a82d0b9929ab7890,audit_trails/artifacts/accepted_runtime_submissions/T4_SAMK_TADP_client_000_r3_379f04eb37a7b7c9__456ecc89abb900a2.json,,,,,,,,,,,,,796249a5e1d43b7301bd56f5b279c402127ac439b3fc1bf9ad9f165c9cf289c3,ff954eba3deddb4c1e34a11b1eb2815d7cd12d4b56c5174a9b537563b762d92e,,
606,6c05f38d3310694aea8cfa7016a618b9,9807b00ec9f05c0ed690f948a024469da45a3923628918d48e6175fa51233777,2026-08-22T18:45:46.477112+00:00,TADP-SEC/12.1,CLIENT_CIPHERTEXT_BINDING,T4_SAMK_TADP,,,,client_000,,,,,,,,,,,,,,,,,,,,,,,,,,,,,,,,,,,,,,,,CIPHERTEXT_BOUND_TO_SIGNED_UPDATE,,,,,,,,,,,,,,,,,C4_RESTRICTED,4,,,,,,,,,,,,,46cd107c5d824d4c40da38567202384a,,,,,,,,,,,,,,3,VERIFIED,,,,,True,,,,,False,htQExdFHR3LhkQqFuVpwZq1oLCEeNI8zMNYxVEGCBKQ=,379f04eb37a7b7c9a982da8e64c288c7be9239c8ae017f3006733789bc03b217,lhIS+WjWdu7nwVo2eeSh1fX8D+pCzpAo3q6D86Frg0w=,4b73280671b28cf9a283f88fe0b30f82a72c4f43ab0ce0f20e7d2a439ec086c3,ODX5IBVTLsWaLwhPkPUG3ydmfe5PDreHS6ip1dVMHQA=,29ac3bebc7d8bf95fc566b7fd18bb82a91593b8a3a0877f87ec4350551f94d53,T4: SAMK multi-key BFV update protection + Paillier-protected helper points,reference_python,SAMK|BFV_N=2048|q_bits=54|t=16777213|fixed_point_scale=1000000|Paillier_prime_bits=1536,client:client_000,,,,,,,,,8bba0f8a3fb78a9a67118cdbd823502aac126ddec29362a9fd5213b00faf7f15,,73256dfa555ddead3c0a7a2888ca9368f786fa5c25ef17fcb090d4981e774669,audit_trails/artifacts/ciphertext_attestations/T4_SAMK_TADP_client_000_r3_8141179548de3f13__73256dfa555ddead.json,,,,,,,,,,,,,,,ff954eba3deddb4c1e34a11b1eb2815d7cd12d4b56c5174a9b537563b762d92e,4e78e52cfd3f21d153cff1180d85cf9540db19492e50ff1e94fbf076737ae225,,
607,ddd981382612714e28a645cef1ad2309,9807b00ec9f05c0ed690f948a024469da45a3923628918d48e6175fa51233777,2026-08-22T19:04:58.446388+00:00,TADP-SEC/12.1,CLIENT_ACCEPTED_SUBMISSION,T4_SAMK_TADP,,,,client_000,,,,,,,,,,,2.3-phase1-fixed-threshold-critical-floor-review-profile,47dd2e58be138865a6d591a63329509757be6b563afb2badb96beb09eac726e5,a663ab753fcbe1179628a237bb638420356ea261176b970e3553fa59bfe7e9d6,1c154f7d4e37aa15e037310f6b45ff14a874311a582c673470a238929d8125dd,8d877b4c3b654a235066cdd49bf4c7e04e1b662c0cf44a17b54811ea50677e11,VALIDATED_EVIDENCE_BUNDLE,,,,,,,,,,,,,,,,,,,,,,,,UPDATE_SUBMITTED_ENFORCED,,False,NOT_REQUIRED_AUTOMATED_POLICY,False,,,,,,,,,,,,,C4_RESTRICTED,4,,,,,,,,6f8a5214daf0d8d5188f7da84fe0931408bac9ce898d47d09d53366ef6cfe2b8,c068640bad122342de0e81050f313e88a0b5bf947d459a5df25df6b117f89be9,,,2026-08-23T17:18:04.591571+00:00,71120d4d85cc3d63010c3b0c6870e024,,,,,2375a9812595289913c055fe187a73a09aa705cf54ebb6ed50c0a7f3820c3953,f5e20e24b265e246c7020cb94ac9a59dc56f5884f304e901be42a06503a3ccf2,,,2026-08-22T20:02:56.592295+00:00,eb562985f77fc8a152d2d22d15bfd3f4695b107bdaa4c375fc5dde2be0f10805,active,,,1,ACCEPTED,ALL_BASELINE_CONTROLS,,,,True,True,True,True,True,False,7xaytwxmNUsiORQNMo+6VPMvxK+MWw0setHaJKIB15A=,d67f50aa732c8d9b0866dafb4f5b5f1ce36bf2118358b9957a279453c0f3de17,lhIS+WjWdu7nwVo2eeSh1fX8D+pCzpAo3q6D86Frg0w=,70f76ee1c3c954e83cfb69838ad8b3006ca035d0a2621189d1434b07b0b71e58,6bI8gJlXPvcr/kCRfrnkFcIBvc0vugwFI07saXODFf0=,29ac3bebc7d8bf95fc566b7fd18bb82a91593b8a3a0877f87ec4350551f94d53,,,,,,,,,,,,,,,,,abfa313d07bb7eee82e10bdfb9be22298ab951b03a06a2ec534c90ce74135b56,audit_trails/artifacts/accepted_runtime_submissions/T4_SAMK_TADP_client_000_r1_d67f50aa732c8d9b__abfa313d07bb7eee.json,,,,,,,,,,,,,4e78e52cfd3f21d153cff1180d85cf9540db19492e50ff1e94fbf076737ae225,8281a3cd9668ffca4683d421d4706866769d1129c244e6c99a1878ea3ce113be,,
608,bba46166c25817083ae174bf5a6adc8f,9807b00ec9f05c0ed690f948a024469da45a3923628918d48e6175fa51233777,2026-08-22T19:06:23.387038+00:00,TADP-SEC/12.1,CLIENT_CIPHERTEXT_BINDING,T4_SAMK_TADP,,,,client_000,,,,,,,,,,,,,,,,,,,,,,,,,,,,,,,,,,,,,,,,CIPHERTEXT_BOUND_TO_SIGNED_UPDATE,,,,,,,,,,,,,,,,,C4_RESTRICTED,4,,,,,,,,,,,,,71120d4d85cc3d63010c3b0c6870e024,,,,,,,,,,,,,,1,VERIFIED,,,,,True,,,,,False,7xaytwxmNUsiORQNMo+6VPMvxK+MWw0setHaJKIB15A=,d67f50aa732c8d9b0866dafb4f5b5f1ce36bf2118358b9957a279453c0f3de17,lhIS+WjWdu7nwVo2eeSh1fX8D+pCzpAo3q6D86Frg0w=,b650e9038465248cab3871a052ae91c926bd7486be9364dfef341216f8507394,6bI8gJlXPvcr/kCRfrnkFcIBvc0vugwFI07saXODFf0=,29ac3bebc7d8bf95fc566b7fd18bb82a91593b8a3a0877f87ec4350551f94d53,T4: SAMK multi-key BFV update protection + Paillier-protected helper points,reference_python,SAMK|BFV_N=2048|q_bits=54|t=16777213|fixed_point_scale=1000000|Paillier_prime_bits=1536,client:client_000,,,,,,,,,12777546fa5737e0edcc655cfc11bd763d5e006737c3a1dfc683a51d0c4565a9,,98cf79407557ab056303b68545888a67d151d295207da8345144b884d8d7d5e4,audit_trails/artifacts/ciphertext_attestations/T4_SAMK_TADP_client_000_r1_00ff3a400eb24e21__98cf79407557ab05.json,,,,,,,,,,,,,,,8281a3cd9668ffca4683d421d4706866769d1129c244e6c99a1878ea3ce113be,27a8b4d4e8cf0ab500702ec4e88ab2615e039537a06f1e338b8e3a09e8a3e56d,,
609,1c4a89d1e108ea45fc8bd9397b8f5af8,9807b00ec9f05c0ed690f948a024469da45a3923628918d48e6175fa51233777,2026-08-22T19:23:34.453460+00:00,TADP-SEC/12.1,CLIENT_ACCEPTED_SUBMISSION,T4_SAMK_TADP,,,,client_000,,,,,,,,,,,2.3-phase1-fixed-threshold-critical-floor-review-profile,47dd2e58be138865a6d591a63329509757be6b563afb2badb96beb09eac726e5,a663ab753fcbe1179628a237bb638420356ea261176b970e3553fa59bfe7e9d6,1c154f7d4e37aa15e037310f6b45ff14a874311a582c673470a238929d8125dd,8d877b4c3b654a235066cdd49bf4c7e04e1b662c0cf44a17b54811ea50677e11,VALIDATED_EVIDENCE_BUNDLE,,,,,,,,,,,,,,,,,,,,,,,,UPDATE_SUBMITTED_ENFORCED,,False,NOT_REQUIRED_AUTOMATED_POLICY,False,,,,,,,,,,,,,C4_RESTRICTED,4,,,,,,,,6f8a5214daf0d8d5188f7da84fe0931408bac9ce898d47d09d53366ef6cfe2b8,c068640bad122342de0e81050f313e88a0b5bf947d459a5df25df6b117f89be9,,,2026-08-23T17:18:04.591571+00:00,71120d4d85cc3d63010c3b0c6870e024,,,,,2375a9812595289913c055fe187a73a09aa705cf54ebb6ed50c0a7f3820c3953,f5e20e24b265e246c7020cb94ac9a59dc56f5884f304e901be42a06503a3ccf2,,,2026-08-22T20:02:56.592295+00:00,eb562985f77fc8a152d2d22d15bfd3f4695b107bdaa4c375fc5dde2be0f10805,active,,,2,ACCEPTED,ALL_BASELINE_CONTROLS,,,,True,True,True,True,True,False,KnvzvJE977zyolp9rrESXZ8xQb2kosQoTZhv/PrITds=,8627591e6ab5527db4ef03822322fc7d64def7ded67508511eb12708540edf51,lhIS+WjWdu7nwVo2eeSh1fX8D+pCzpAo3q6D86Frg0w=,4a56dbd7a2f25a835dd75fbf732f62b2f2f13627ef218b8cf94413e63e18f4e9,yrBHveGqfz9yA1a1PUlUAk0ud18BYe+f8//eWvoRb6Y=,29ac3bebc7d8bf95fc566b7fd18bb82a91593b8a3a0877f87ec4350551f94d53,,,,,,,,,,,,,,,,,5fbc398222bd891d254451c14ab40b5dfcd039e8f89befa1d6aace3d7e12b594,audit_trails/artifacts/accepted_runtime_submissions/T4_SAMK_TADP_client_000_r2_8627591e6ab5527d__5fbc398222bd891d.json,,,,,,,,,,,,,27a8b4d4e8cf0ab500702ec4e88ab2615e039537a06f1e338b8e3a09e8a3e56d,7f3984c751f9d15ef5995978e8cea1665dc3010e770a714c051a7d73dd0a1efa,,
610,3d789916fb18fe5b802b6b1bbc948224,9807b00ec9f05c0ed690f948a024469da45a3923628918d48e6175fa51233777,2026-08-22T19:24:58.446545+00:00,TADP-SEC/12.1,CLIENT_CIPHERTEXT_BINDING,T4_SAMK_TADP,,,,client_000,,,,,,,,,,,,,,,,,,,,,,,,,,,,,,,,,,,,,,,,CIPHERTEXT_BOUND_TO_SIGNED_UPDATE,,,,,,,,,,,,,,,,,C4_RESTRICTED,4,,,,,,,,,,,,,71120d4d85cc3d63010c3b0c6870e024,,,,,,,,,,,,,,2,VERIFIED,,,,,True,,,,,False,KnvzvJE977zyolp9rrESXZ8xQb2kosQoTZhv/PrITds=,8627591e6ab5527db4ef03822322fc7d64def7ded67508511eb12708540edf51,lhIS+WjWdu7nwVo2eeSh1fX8D+pCzpAo3q6D86Frg0w=,1335a1dca96233e59893fe5b1688885f6b16908a93e03f8e0f2bdcf0f602add6,yrBHveGqfz9yA1a1PUlUAk0ud18BYe+f8//eWvoRb6Y=,29ac3bebc7d8bf95fc566b7fd18bb82a91593b8a3a0877f87ec4350551f94d53,T4: SAMK multi-key BFV update protection + Paillier-protected helper points,reference_python,SAMK|BFV_N=2048|q_bits=54|t=16777213|fixed_point_scale=1000000|Paillier_prime_bits=1536,client:client_000,,,,,,,,,f3d9e305b956474948f2bc9cd4480eff57f38eefd2486e0fbecefe627cb2f428,,80aa462bc5905f60fd8f6bf8c0ac7af9c86a9f701da89e384589734f4d08bbf3,audit_trails/artifacts/ciphertext_attestations/T4_SAMK_TADP_client_000_r2_2ffce3eb0a3cede5__80aa462bc5905f60.json,,,,,,,,,,,,,,,7f3984c751f9d15ef5995978e8cea1665dc3010e770a714c051a7d73dd0a1efa,35bcf8f9e747db48fda6d5cdfc55826f15ed6264e98e9b1112592ebde9529590,,
611,da69c9ee428090755be05593fde79384,9807b00ec9f05c0ed690f948a024469da45a3923628918d48e6175fa51233777,2026-08-22T19:42:07.919866+00:00,TADP-SEC/12.1,CLIENT_ACCEPTED_SUBMISSION,T4_SAMK_TADP,,,,client_000,,,,,,,,,,,2.3-phase1-fixed-threshold-critical-floor-review-profile,47dd2e58be138865a6d591a63329509757be6b563afb2badb96beb09eac726e5,a663ab753fcbe1179628a237bb638420356ea261176b970e3553fa59bfe7e9d6,1c154f7d4e37aa15e037310f6b45ff14a874311a582c673470a238929d8125dd,8d877b4c3b654a235066cdd49bf4c7e04e1b662c0cf44a17b54811ea50677e11,VALIDATED_EVIDENCE_BUNDLE,,,,,,,,,,,,,,,,,,,,,,,,UPDATE_SUBMITTED_ENFORCED,,False,NOT_REQUIRED_AUTOMATED_POLICY,False,,,,,,,,,,,,,C4_RESTRICTED,4,,,,,,,,6f8a5214daf0d8d5188f7da84fe0931408bac9ce898d47d09d53366ef6cfe2b8,c068640bad122342de0e81050f313e88a0b5bf947d459a5df25df6b117f89be9,,,2026-08-23T17:18:04.591571+00:00,71120d4d85cc3d63010c3b0c6870e024,,,,,2375a9812595289913c055fe187a73a09aa705cf54ebb6ed50c0a7f3820c3953,f5e20e24b265e246c7020cb94ac9a59dc56f5884f304e901be42a06503a3ccf2,,,2026-08-22T20:02:56.592295+00:00,eb562985f77fc8a152d2d22d15bfd3f4695b107bdaa4c375fc5dde2be0f10805,active,,,3,ACCEPTED,ALL_BASELINE_CONTROLS,,,,True,True,True,True,True,False,FA4/W3BPUxRnoayDYuRLjl7NEYGegbm9Sg0qurBoXa8=,87245add2ec5d8a612d0ef1f2caf446e6749a5604c2a8eb8278175fca8b7dd62,lhIS+WjWdu7nwVo2eeSh1fX8D+pCzpAo3q6D86Frg0w=,6a4605da7b23fc1785546b388525e3822daf21f8c61c22b623f787645a0a32f4,k6TRBQfXRlBOFLaZDRQ9MxQ0iGLr77hm5qWrdR0VRlg=,29ac3bebc7d8bf95fc566b7fd18bb82a91593b8a3a0877f87ec4350551f94d53,,,,,,,,,,,,,,,,,e830862637db70d344dfe298158192d1361b4282bb6b52c4663978b8b7221380,audit_trails/artifacts/accepted_runtime_submissions/T4_SAMK_TADP_client_000_r3_87245add2ec5d8a6__e830862637db70d3.json,,,,,,,,,,,,,35bcf8f9e747db48fda6d5cdfc55826f15ed6264e98e9b1112592ebde9529590,1856b2c3fcbd3a623e098dc07c0297f0d9e8174fdf28d1517e92d0a38763767a,,
612,3f031ddf84fdf3109c4d99dd0c942473,9807b00ec9f05c0ed690f948a024469da45a3923628918d48e6175fa51233777,2026-08-22T19:43:30.892330+00:00,TADP-SEC/12.1,CLIENT_CIPHERTEXT_BINDING,T4_SAMK_TADP,,,,client_000,,,,,,,,,,,,,,,,,,,,,,,,,,,,,,,,,,,,,,,,CIPHERTEXT_BOUND_TO_SIGNED_UPDATE,,,,,,,,,,,,,,,,,C4_RESTRICTED,4,,,,,,,,,,,,,71120d4d85cc3d63010c3b0c6870e024,,,,,,,,,,,,,,3,VERIFIED,,,,,True,,,,,False,FA4/W3BPUxRnoayDYuRLjl7NEYGegbm9Sg0qurBoXa8=,87245add2ec5d8a612d0ef1f2caf446e6749a5604c2a8eb8278175fca8b7dd62,lhIS+WjWdu7nwVo2eeSh1fX8D+pCzpAo3q6D86Frg0w=,7040f837e1544df0bab35ea92dae7b3ee26f0c9b2d1fb2961def6799b56febcd,k6TRBQfXRlBOFLaZDRQ9MxQ0iGLr77hm5qWrdR0VRlg=,29ac3bebc7d8bf95fc566b7fd18bb82a91593b8a3a0877f87ec4350551f94d53,T4: SAMK multi-key BFV update protection + Paillier-protected helper points,reference_python,SAMK|BFV_N=2048|q_bits=54|t=16777213|fixed_point_scale=1000000|Paillier_prime_bits=1536,client:client_000,,,,,,,,,18b17d53a4f31a63b8faa917f869c68b7621a252ede37a493030c39aa49e90e8,,212c126c93d924f861a522a8cd8f467209a16f5664f48fc285b3284bae3ec1be,audit_trails/artifacts/ciphertext_attestations/T4_SAMK_TADP_client_000_r3_ef51dfc7dcde0209__212c126c93d924f8.json,,,,,,,,,,,,,,,1856b2c3fcbd3a623e098dc07c0297f0d9e8174fdf28d1517e92d0a38763767a,681662a8973c0cf3bac7a56368c8590b46c916a2f6f6979a52696bcc99c6933a,,
613,d8f42c10cbcde30f5f41d38100bf53f2,9807b00ec9f05c0ed690f948a024469da45a3923628918d48e6175fa51233777,2026-08-22T20:02:37.118732+00:00,TADP-SEC/12.1,CLIENT_ACCEPTED_SUBMISSION,T4_SAMK_TADP,,,,client_000,,,,,,,,,,,2.3-phase1-fixed-threshold-critical-floor-review-profile,47dd2e58be138865a6d591a63329509757be6b563afb2badb96beb09eac726e5,a663ab753fcbe1179628a237bb638420356ea261176b970e3553fa59bfe7e9d6,1c154f7d4e37aa15e037310f6b45ff14a874311a582c673470a238929d8125dd,8d877b4c3b654a235066cdd49bf4c7e04e1b662c0cf44a17b54811ea50677e11,VALIDATED_EVIDENCE_BUNDLE,,,,,,,,,,,,,,,,,,,,,,,,UPDATE_SUBMITTED_ENFORCED,,False,NOT_REQUIRED_AUTOMATED_POLICY,False,,,,,,,,,,,,,C4_RESTRICTED,4,,,,,,,,6f8a5214daf0d8d5188f7da84fe0931408bac9ce898d47d09d53366ef6cfe2b8,c068640bad122342de0e81050f313e88a0b5bf947d459a5df25df6b117f89be9,,,2026-08-23T17:18:04.591571+00:00,195cf7291189d5e9aa94e8daf5ba25c6,,,,,fe65f7c1634bf8d05eeae81234a75cca6a379d04dc4cca0c3a8a54c3fe32e8c5,a2a20969f5766f4c338e2bea690e7aefea625bcfc96addc27dae87b1ef411a02,,,2026-08-22T21:00:37.061615+00:00,eb562985f77fc8a152d2d22d15bfd3f4695b107bdaa4c375fc5dde2be0f10805,active,,,1,ACCEPTED,ALL_BASELINE_CONTROLS,,,,True,True,True,True,True,False,u3lW2Dyi/u3uh3/jWL2Hnp0msKp+wF4qn6SOF6cpczQ=,1191b08b058f709c5610caca1aa5b47eacdb2b86cf1b2a738522ca238cc222a4,lhIS+WjWdu7nwVo2eeSh1fX8D+pCzpAo3q6D86Frg0w=,5d0eb0035b2f92e8514c85c0e8d3da0eea6c8df77b22744b293c60d91186421f,J4sOB/Y7dVuwEgnc1teKWGSyDpb9hskfB4LG3tudQWg=,29ac3bebc7d8bf95fc566b7fd18bb82a91593b8a3a0877f87ec4350551f94d53,,,,,,,,,,,,,,,,,6ca720e3e7f86aef411983969d474f721ea6e8ab6c1f4115a75804512d20e351,audit_trails/artifacts/accepted_runtime_submissions/T4_SAMK_TADP_client_000_r1_1191b08b058f709c__6ca720e3e7f86aef.json,,,,,,,,,,,,,681662a8973c0cf3bac7a56368c8590b46c916a2f6f6979a52696bcc99c6933a,b28981068739545f4a57bd3de10a0c89a915343937f19577e1804a04968fdc5a,,
614,a09e04e73dc0c4d72b7dfd594f39510e,9807b00ec9f05c0ed690f948a024469da45a3923628918d48e6175fa51233777,2026-08-22T20:04:01.620080+00:00,TADP-SEC/12.1,CLIENT_CIPHERTEXT_BINDING,T4_SAMK_TADP,,,,client_000,,,,,,,,,,,,,,,,,,,,,,,,,,,,,,,,,,,,,,,,CIPHERTEXT_BOUND_TO_SIGNED_UPDATE,,,,,,,,,,,,,,,,,C4_RESTRICTED,4,,,,,,,,,,,,,195cf7291189d5e9aa94e8daf5ba25c6,,,,,,,,,,,,,,1,VERIFIED,,,,,True,,,,,False,u3lW2Dyi/u3uh3/jWL2Hnp0msKp+wF4qn6SOF6cpczQ=,1191b08b058f709c5610caca1aa5b47eacdb2b86cf1b2a738522ca238cc222a4,lhIS+WjWdu7nwVo2eeSh1fX8D+pCzpAo3q6D86Frg0w=,45e4cd1ad8eab5f222d47ba9cae0fb9afaa1ccf184c4d0778ba4fd71e591c2bc,J4sOB/Y7dVuwEgnc1teKWGSyDpb9hskfB4LG3tudQWg=,29ac3bebc7d8bf95fc566b7fd18bb82a91593b8a3a0877f87ec4350551f94d53,T4: SAMK multi-key BFV update protection + Paillier-protected helper points,reference_python,SAMK|BFV_N=2048|q_bits=54|t=16777213|fixed_point_scale=1000000|Paillier_prime_bits=1536,client:client_000,,,,,,,,,21a217ba635e35eae0291177b9b1f4f4632bb6b0fdfbe5ead2fa53b82c2fa726,,bbf678746618471da9e1fc79bf78f9c726fffd3cebe456df7c2295ce8e642325,audit_trails/artifacts/ciphertext_attestations/T4_SAMK_TADP_client_000_r1_6a4c585e0594a4bf__bbf678746618471d.json,,,,,,,,,,,,,,,b28981068739545f4a57bd3de10a0c89a915343937f19577e1804a04968fdc5a,e4974e0799be3bbeaac7ce1c0088158c22fdd38c18d69253fa4d340bc29bb694,,
615,c4211ddd46548d7ec7cd4d8e32814ac6,9807b00ec9f05c0ed690f948a024469da45a3923628918d48e6175fa51233777,2026-08-22T20:21:10.693937+00:00,TADP-SEC/12.1,CLIENT_ACCEPTED_SUBMISSION,T4_SAMK_TADP,,,,client_000,,,,,,,,,,,2.3-phase1-fixed-threshold-critical-floor-review-profile,47dd2e58be138865a6d591a63329509757be6b563afb2badb96beb09eac726e5,a663ab753fcbe1179628a237bb638420356ea261176b970e3553fa59bfe7e9d6,1c154f7d4e37aa15e037310f6b45ff14a874311a582c673470a238929d8125dd,8d877b4c3b654a235066cdd49bf4c7e04e1b662c0cf44a17b54811ea50677e11,VALIDATED_EVIDENCE_BUNDLE,,,,,,,,,,,,,,,,,,,,,,,,UPDATE_SUBMITTED_ENFORCED,,False,NOT_REQUIRED_AUTOMATED_POLICY,False,,,,,,,,,,,,,C4_RESTRICTED,4,,,,,,,,6f8a5214daf0d8d5188f7da84fe0931408bac9ce898d47d09d53366ef6cfe2b8,c068640bad122342de0e81050f313e88a0b5bf947d459a5df25df6b117f89be9,,,2026-08-23T17:18:04.591571+00:00,195cf7291189d5e9aa94e8daf5ba25c6,,,,,fe65f7c1634bf8d05eeae81234a75cca6a379d04dc4cca0c3a8a54c3fe32e8c5,a2a20969f5766f4c338e2bea690e7aefea625bcfc96addc27dae87b1ef411a02,,,2026-08-22T21:00:37.061615+00:00,eb562985f77fc8a152d2d22d15bfd3f4695b107bdaa4c375fc5dde2be0f10805,active,,,2,ACCEPTED,ALL_BASELINE_CONTROLS,,,,True,True,True,True,True,False,6cWELH/UByQPTFOqvGJYtAqZDY3ggj+mBuTYeWyCxr8=,89d2d7c8baa6551b9601bd0b5c38e8d90590d083a91707a33165a205ffa99291,lhIS+WjWdu7nwVo2eeSh1fX8D+pCzpAo3q6D86Frg0w=,7642bc6ffadbfed12d5c1cdbe2a2b830d73be9c78e93db5e981a2a70cef7d24a,f/cAztoiChHlQES/oaJvPFwxqZu7174ijTg4XPPCi8k=,29ac3bebc7d8bf95fc566b7fd18bb82a91593b8a3a0877f87ec4350551f94d53,,,,,,,,,,,,,,,,,c53cc96ac9d9c5b96f6e7de37bee2d64a53b2c791de7114137540ba420ed5ea2,audit_trails/artifacts/accepted_runtime_submissions/T4_SAMK_TADP_client_000_r2_89d2d7c8baa6551b__c53cc96ac9d9c5b9.json,,,,,,,,,,,,,e4974e0799be3bbeaac7ce1c0088158c22fdd38c18d69253fa4d340bc29bb694,8a8b2bbb886d77b72979abffdb95b157e734641e5703c1779af2e2ee1dcb6bb7,,
616,190b1228e719d99e1fd47fbf41c08d7e,9807b00ec9f05c0ed690f948a024469da45a3923628918d48e6175fa51233777,2026-08-22T20:22:35.636738+00:00,TADP-SEC/12.1,CLIENT_CIPHERTEXT_BINDING,T4_SAMK_TADP,,,,client_000,,,,,,,,,,,,,,,,,,,,,,,,,,,,,,,,,,,,,,,,CIPHERTEXT_BOUND_TO_SIGNED_UPDATE,,,,,,,,,,,,,,,,,C4_RESTRICTED,4,,,,,,,,,,,,,195cf7291189d5e9aa94e8daf5ba25c6,,,,,,,,,,,,,,2,VERIFIED,,,,,True,,,,,False,6cWELH/UByQPTFOqvGJYtAqZDY3ggj+mBuTYeWyCxr8=,89d2d7c8baa6551b9601bd0b5c38e8d90590d083a91707a33165a205ffa99291,lhIS+WjWdu7nwVo2eeSh1fX8D+pCzpAo3q6D86Frg0w=,b52e3f9ec59735255f1e7049bf07750dd58b6e3bc2ffb458a58b0a03beda8a88,f/cAztoiChHlQES/oaJvPFwxqZu7174ijTg4XPPCi8k=,29ac3bebc7d8bf95fc566b7fd18bb82a91593b8a3a0877f87ec4350551f94d53,T4: SAMK multi-key BFV update protection + Paillier-protected helper points,reference_python,SAMK|BFV_N=2048|q_bits=54|t=16777213|fixed_point_scale=1000000|Paillier_prime_bits=1536,client:client_000,,,,,,,,,1ade71cb2a8cae98fd5db29c53ecaafd9eefc5bc52143fdf63f36ca08d810b1c,,7d2d15f0d5bdd16d7e811b37e5a44c4758b1a9950188788938accb1eb9c0a96f,audit_trails/artifacts/ciphertext_attestations/T4_SAMK_TADP_client_000_r2_7528696d75309718__7d2d15f0d5bdd16d.json,,,,,,,,,,,,,,,8a8b2bbb886d77b72979abffdb95b157e734641e5703c1779af2e2ee1dcb6bb7,d79b4dce428e20463141263926fe38860d37dac617cee8e9af7f92ad116e3c7e,,
617,a9f49485126555848434cffdc25cd9ad,9807b00ec9f05c0ed690f948a024469da45a3923628918d48e6175fa51233777,2026-08-22T20:41:39.401713+00:00,TADP-SEC/12.1,CLIENT_ACCEPTED_SUBMISSION,T4_SAMK_TADP,,,,client_000,,,,,,,,,,,2.3-phase1-fixed-threshold-critical-floor-review-profile,47dd2e58be138865a6d591a63329509757be6b563afb2badb96beb09eac726e5,a663ab753fcbe1179628a237bb638420356ea261176b970e3553fa59bfe7e9d6,1c154f7d4e37aa15e037310f6b45ff14a874311a582c673470a238929d8125dd,8d877b4c3b654a235066cdd49bf4c7e04e1b662c0cf44a17b54811ea50677e11,VALIDATED_EVIDENCE_BUNDLE,,,,,,,,,,,,,,,,,,,,,,,,UPDATE_SUBMITTED_ENFORCED,,False,NOT_REQUIRED_AUTOMATED_POLICY,False,,,,,,,,,,,,,C4_RESTRICTED,4,,,,,,,,6f8a5214daf0d8d5188f7da84fe0931408bac9ce898d47d09d53366ef6cfe2b8,c068640bad122342de0e81050f313e88a0b5bf947d459a5df25df6b117f89be9,,,2026-08-23T17:18:04.591571+00:00,195cf7291189d5e9aa94e8daf5ba25c6,,,,,fe65f7c1634bf8d05eeae81234a75cca6a379d04dc4cca0c3a8a54c3fe32e8c5,a2a20969f5766f4c338e2bea690e7aefea625bcfc96addc27dae87b1ef411a02,,,2026-08-22T21:00:37.061615+00:00,eb562985f77fc8a152d2d22d15bfd3f4695b107bdaa4c375fc5dde2be0f10805,active,,,3,ACCEPTED,ALL_BASELINE_CONTROLS,,,,True,True,True,True,True,False,nDfa5dT0HW/aNI2rhq6m/+mEoRBtmhe6XOUpMtF6gGs=,4da95f6a36a966b60d61bd4798d630b8643cce991eec843dde21f3b4bb4503a0,lhIS+WjWdu7nwVo2eeSh1fX8D+pCzpAo3q6D86Frg0w=,2b8ee2e4d5423da5e64e520e783209e890bfe81b4e6e9025b827464bee816c39,jTYBtqq2LG/MBHDa/SzIXv5LN+xkMeJy21WTbsJ0J5c=,29ac3bebc7d8bf95fc566b7fd18bb82a91593b8a3a0877f87ec4350551f94d53,,,,,,,,,,,,,,,,,3e10b104fbd8fbf990ecf4a3ea33999a9b63403c9a30dfef7a7f002050dd1286,audit_trails/artifacts/accepted_runtime_submissions/T4_SAMK_TADP_client_000_r3_4da95f6a36a966b6__3e10b104fbd8fbf9.json,,,,,,,,,,,,,d79b4dce428e20463141263926fe38860d37dac617cee8e9af7f92ad116e3c7e,aa0d5555abbc81d0a743daae78f2317905b61bcec097e2bc0200f9689ce43b9d,,
618,3df838f53762e96f7beb713ce6dc7942,9807b00ec9f05c0ed690f948a024469da45a3923628918d48e6175fa51233777,2026-08-22T20:43:04.251628+00:00,TADP-SEC/12.1,CLIENT_CIPHERTEXT_BINDING,T4_SAMK_TADP,,,,client_000,,,,,,,,,,,,,,,,,,,,,,,,,,,,,,,,,,,,,,,,CIPHERTEXT_BOUND_TO_SIGNED_UPDATE,,,,,,,,,,,,,,,,,C4_RESTRICTED,4,,,,,,,,,,,,,195cf7291189d5e9aa94e8daf5ba25c6,,,,,,,,,,,,,,3,VERIFIED,,,,,True,,,,,False,nDfa5dT0HW/aNI2rhq6m/+mEoRBtmhe6XOUpMtF6gGs=,4da95f6a36a966b60d61bd4798d630b8643cce991eec843dde21f3b4bb4503a0,lhIS+WjWdu7nwVo2eeSh1fX8D+pCzpAo3q6D86Frg0w=,8172108f038c5a902852b1b39aa4e25700e9bb0178bb5ded9aacfb4ff0f107f8,jTYBtqq2LG/MBHDa/SzIXv5LN+xkMeJy21WTbsJ0J5c=,29ac3bebc7d8bf95fc566b7fd18bb82a91593b8a3a0877f87ec4350551f94d53,T4: SAMK multi-key BFV update protection + Paillier-protected helper points,reference_python,SAMK|BFV_N=2048|q_bits=54|t=16777213|fixed_point_scale=1000000|Paillier_prime_bits=1536,client:client_000,,,,,,,,,14dac34a1d57213861054c23df59cc280c7beeee93ce4f469edc65d83c4d895d,,fd881c4c94454aa6f3b65e4e0b40027b5a7c3c150a3fd74eae0ad02a03e133b4,audit_trails/artifacts/ciphertext_attestations/T4_SAMK_TADP_client_000_r3_eab67acc8f5b95ff__fd881c4c94454aa6.json,,,,,,,,,,,,,,,aa0d5555abbc81d0a743daae78f2317905b61bcec097e2bc0200f9689ce43b9d,fe02528f96935dbfa5f5633bc1dfb3d6573e992dd19af2f719170db9d3b96514,,
619,9cd9840d4dbef12d015903322d27369f,9807b00ec9f05c0ed690f948a024469da45a3923628918d48e6175fa51233777,2026-08-22T21:20:08.308016+00:00,TADP-SEC/12.1,CLIENT_ACCEPTED_SUBMISSION,T4_TEST_DROPOUT,,,,client_000,,,,,,,,,,,2.3-phase1-fixed-threshold-critical-floor-review-profile,47dd2e58be138865a6d591a63329509757be6b563afb2badb96beb09eac726e5,a663ab753fcbe1179628a237bb638420356ea261176b970e3553fa59bfe7e9d6,1c154f7d4e37aa15e037310f6b45ff14a874311a582c673470a238929d8125dd,8d877b4c3b654a235066cdd49bf4c7e04e1b662c0cf44a17b54811ea50677e11,VALIDATED_EVIDENCE_BUNDLE,,,,,,,,,,,,,,,,,,,,,,,,UPDATE_SUBMITTED_ENFORCED,,False,NOT_REQUIRED_AUTOMATED_POLICY,False,,,,,,,,,,,,,C4_RESTRICTED,4,,,,,,,,6f8a5214daf0d8d5188f7da84fe0931408bac9ce898d47d09d53366ef6cfe2b8,c068640bad122342de0e81050f313e88a0b5bf947d459a5df25df6b117f89be9,,,2026-08-23T17:18:04.591571+00:00,6c67d17c6b17d323eb954c3d9365d5f3,,,,,44a1d31adb8a207da961c6a1348d56a6af90a30b986ccb4c9d05aba8eed70743,0fbda7cce46aa79ae2d080e48dbe39652f5eb32409ed9bc847cc5c237b7a7025,,,2026-08-22T22:18:19.277150+00:00,eb562985f77fc8a152d2d22d15bfd3f4695b107bdaa4c375fc5dde2be0f10805,active,,,1,ACCEPTED,ALL_BASELINE_CONTROLS,,,,True,True,True,True,True,False,7xaytwxmNUsiORQNMo+6VPMvxK+MWw0setHaJKIB15A=,ce7f17a97bc7631af6ddd25d9feb604d10d0a1915e7db888ab12b756de5d8f4e,lhIS+WjWdu7nwVo2eeSh1fX8D+pCzpAo3q6D86Frg0w=,d32039db5f8907da97c64a5439eeb02317a065e15769851dc6eeaa37901b54da,6bI8gJlXPvcr/kCRfrnkFcIBvc0vugwFI07saXODFf0=,29ac3bebc7d8bf95fc566b7fd18bb82a91593b8a3a0877f87ec4350551f94d53,,,,,,,,,,,,,,,,,cebc052ca9b1a66a56786ad3574da17d03ab4802ff68856554c5f2f235dd4228,audit_trails/artifacts/accepted_runtime_submissions/T4_TEST_DROPOUT_client_000_r1_ce7f17a97bc7631a__cebc052ca9b1a66a.json,,,,,,,,,,,,,fe02528f96935dbfa5f5633bc1dfb3d6573e992dd19af2f719170db9d3b96514,b4776d88f388a84c3cd7fc2c85d65eb48e95047aa54809bb694a781608b2b564,,
620,5afb6be3f144dccadb7ecaee8d77b09b,9807b00ec9f05c0ed690f948a024469da45a3923628918d48e6175fa51233777,2026-08-22T21:21:32.525182+00:00,TADP-SEC/12.1,CLIENT_CIPHERTEXT_BINDING,T4_TEST_DROPOUT,,,,client_000,,,,,,,,,,,,,,,,,,,,,,,,,,,,,,,,,,,,,,,,CIPHERTEXT_BOUND_TO_SIGNED_UPDATE,,,,,,,,,,,,,,,,,C4_RESTRICTED,4,,,,,,,,,,,,,6c67d17c6b17d323eb954c3d9365d5f3,,,,,,,,,,,,,,1,VERIFIED,,,,,True,,,,,False,7xaytwxmNUsiORQNMo+6VPMvxK+MWw0setHaJKIB15A=,ce7f17a97bc7631af6ddd25d9feb604d10d0a1915e7db888ab12b756de5d8f4e,lhIS+WjWdu7nwVo2eeSh1fX8D+pCzpAo3q6D86Frg0w=,0afc99adc98e7ae4d2dacdc0bec29e7530c1ca26d6baabf9f24032df79ff7f91,6bI8gJlXPvcr/kCRfrnkFcIBvc0vugwFI07saXODFf0=,29ac3bebc7d8bf95fc566b7fd18bb82a91593b8a3a0877f87ec4350551f94d53,T4: SAMK multi-key BFV update protection + Paillier-protected helper points,reference_python,SAMK|BFV_N=2048|q_bits=54|t=16777213|fixed_point_scale=1000000|Paillier_prime_bits=1536,client:client_000,,,,,,,,,59f83924770069c76a2426ae45838baf3f7e27362045d92c9bf827b5d69019e7,,43c7f56b40b0dd5a0bb87fecbf9dc45d2f9b0e03a4fd4d494f963b199c0921c4,audit_trails/artifacts/ciphertext_attestations/T4_TEST_DROPOUT_client_000_r1_652e03b65720b4eb__43c7f56b40b0dd5a.json,,,,,,,,,,,,,,,b4776d88f388a84c3cd7fc2c85d65eb48e95047aa54809bb694a781608b2b564,9654d789f8ed6fb921958f3c676f5615ad6939b1312aceb12a0cf8eb8fe25138,,
621,06fe53adbf2f79c42163382bf094d85a,9807b00ec9f05c0ed690f948a024469da45a3923628918d48e6175fa51233777,2026-08-22T21:37:35.368133+00:00,TADP-SEC/12.1,CLIENT_ACCEPTED_SUBMISSION,T4_TEST_DROPOUT,,,,client_000,,,,,,,,,,,2.3-phase1-fixed-threshold-critical-floor-review-profile,47dd2e58be138865a6d591a63329509757be6b563afb2badb96beb09eac726e5,a663ab753fcbe1179628a237bb638420356ea261176b970e3553fa59bfe7e9d6,1c154f7d4e37aa15e037310f6b45ff14a874311a582c673470a238929d8125dd,8d877b4c3b654a235066cdd49bf4c7e04e1b662c0cf44a17b54811ea50677e11,VALIDATED_EVIDENCE_BUNDLE,,,,,,,,,,,,,,,,,,,,,,,,UPDATE_SUBMITTED_ENFORCED,,False,NOT_REQUIRED_AUTOMATED_POLICY,False,,,,,,,,,,,,,C4_RESTRICTED,4,,,,,,,,6f8a5214daf0d8d5188f7da84fe0931408bac9ce898d47d09d53366ef6cfe2b8,c068640bad122342de0e81050f313e88a0b5bf947d459a5df25df6b117f89be9,,,2026-08-23T17:18:04.591571+00:00,ccb9c2a8e00a9135f94fb98fcadfd44c,,,,,ff8a7dbe951d819646304c214ff63103f34001aa639e04c01661dfa5608344e9,567b06597aa4da535d334c1c3263eae253f476cbedba96f1ce0377c6a5e89ab8,,,2026-08-22T22:35:51.572553+00:00,eb562985f77fc8a152d2d22d15bfd3f4695b107bdaa4c375fc5dde2be0f10805,active,,,1,ACCEPTED,ALL_BASELINE_CONTROLS,,,,True,True,True,True,True,False,u3lW2Dyi/u3uh3/jWL2Hnp0msKp+wF4qn6SOF6cpczQ=,8787fef54ed3e69f7d2e45cc870157448f2956e737d8d1e41247595ee8902c90,lhIS+WjWdu7nwVo2eeSh1fX8D+pCzpAo3q6D86Frg0w=,98127dfcbc97f1e284e0b485485d1e9e1a52ad4ad8dd041d8388db75e3122c64,J4sOB/Y7dVuwEgnc1teKWGSyDpb9hskfB4LG3tudQWg=,29ac3bebc7d8bf95fc566b7fd18bb82a91593b8a3a0877f87ec4350551f94d53,,,,,,,,,,,,,,,,,a31b1e9cb7a1d0332cfa3e0bd55922122923d79a0de58da9294f9e13ed580050,audit_trails/artifacts/accepted_runtime_submissions/T4_TEST_DROPOUT_client_000_r1_8787fef54ed3e69f__a31b1e9cb7a1d033.json,,,,,,,,,,,,,9654d789f8ed6fb921958f3c676f5615ad6939b1312aceb12a0cf8eb8fe25138,b99295c374c7d844d0976be102d8d05e23712440b99b2b261ce3fc8315959884,,
622,bc7c19aa3a30042d9fb9d0a7ff90793c,9807b00ec9f05c0ed690f948a024469da45a3923628918d48e6175fa51233777,2026-08-22T21:39:00.070034+00:00,TADP-SEC/12.1,CLIENT_CIPHERTEXT_BINDING,T4_TEST_DROPOUT,,,,client_000,,,,,,,,,,,,,,,,,,,,,,,,,,,,,,,,,,,,,,,,CIPHERTEXT_BOUND_TO_SIGNED_UPDATE,,,,,,,,,,,,,,,,,C4_RESTRICTED,4,,,,,,,,,,,,,ccb9c2a8e00a9135f94fb98fcadfd44c,,,,,,,,,,,,,,1,VERIFIED,,,,,True,,,,,False,u3lW2Dyi/u3uh3/jWL2Hnp0msKp+wF4qn6SOF6cpczQ=,8787fef54ed3e69f7d2e45cc870157448f2956e737d8d1e41247595ee8902c90,lhIS+WjWdu7nwVo2eeSh1fX8D+pCzpAo3q6D86Frg0w=,9103e75e2dcff0e3286409b164fef9dffaa64824092c7c85771c3dc2b36e1eba,J4sOB/Y7dVuwEgnc1teKWGSyDpb9hskfB4LG3tudQWg=,29ac3bebc7d8bf95fc566b7fd18bb82a91593b8a3a0877f87ec4350551f94d53,T4: SAMK multi-key BFV update protection + Paillier-protected helper points,reference_python,SAMK|BFV_N=2048|q_bits=54|t=16777213|fixed_point_scale=1000000|Paillier_prime_bits=1536,client:client_000,,,,,,,,,9638db9449567b11a081ef72fe3fdf0d387db1262a3d27a6b3a433434babd60e,,b8cee86fb27c0907da0bf30d5424927e865629e540e5e1ad50bd55db1d139f29,audit_trails/artifacts/ciphertext_attestations/T4_TEST_DROPOUT_client_000_r1_325c6c04220dda3c__b8cee86fb27c0907.json,,,,,,,,,,,,,,,b99295c374c7d844d0976be102d8d05e23712440b99b2b261ce3fc8315959884,4bd52565650bfb200a1259b0a73034972ab357fa8c768df48c7d111a3dace481,,
623,55f6de5033426ced08d86ac144b66fba,9807b00ec9f05c0ed690f948a024469da45a3923628918d48e6175fa51233777,2026-08-22T21:53:40.965842+00:00,TADP-SEC/12.1,,,,client:client_000,seal:client:client_000,,,,,,,,,,,,,,,,,,,,,,,,,,,,,,,,,,,,,,,,,LEDGER_FINAL_SEAL,,,,,,,,,,,,,,,,,,,,,,,,,,,,,,,,,,,,,,,,,,,,,,,,,,,,,,,,,,,,,,,,,,,,,,,,,,,,,,,,,,,,,,,,,,,,,4bd52565650bfb200a1259b0a73034972ab357fa8c768df48c7d111a3dace481,5d53abe3b9ca738eea1683e71209e1c1c3ef49503bf833e644d4095ee3cf058c,4bd52565650bfb200a1259b0a73034972ab357fa8c768df48c7d111a3dace481,QaZTwNt4Ehxryl5PZtn4rg+SnTT4+bPRW87pkGtq+ChA8DwIykaeSPF+IemCiGaWgmCrGXOCQaprhlnbK4wZNAH3L7alduT+aFb2ARkvD0Rof11yDphy1/c+yv2vJQv4ZwIqQpqhuStoK8xZy60eBHLfru5OHdmKtxRWmNzyHzTNzJ0njf+sS6hG6XD456GV1eGwAHknuq+yBJqmHgn9Y6RAnSSDb1V7DMCPl/Kq4rltlhGFQ1/1rGBhCzCRm/oWHN77GTq6CmPDHj56I8hBVKCCwGIcChs37GJYXZIQRf1U9gtoAX45CdBrKBJTgo2Xs3D7h5AHIBm2YcXQpCUdJWo8H9TayK4U3976bj+CEp2lKw3wYDdIo40Uuvhe9I+dzpz5dXGICuovNFREA4S0UXhCGCq7bO1R792JxXeSTZVpb13c4fTPssP9iPRmlVF1YvPJLGet1cPGJZcESt+O2fLQ4cNx/yQF4Zj6rTO7/YYnAFs1mOtNYC9vKq749b5f
